data,ghi,ghi_quantizado,ghi_normalizado,ghi_t-1,ghi_t-2,ghi_t-3,ghi_t-7,ghi_media_movel_3d,ghi_media_movel_7d,ghi_media_movel_30d,data_alvo,ghi_alvo,ghi_alvo_quantizado,ghi_alvo_original
2019-01-31,336.5833333333333,122,0.9606299212598425,0.9606299212598425,0.84251968503937,0.937007874015748,0.6929133858267716,0.9133858267716536,0.9100112485939258,0.8640419947506561,2019-02-01,0.968503937007874,123.0,336.875
2019-02-01,336.875,123,0.968503937007874,0.9606299212598425,0.9606299212598425,0.84251968503937,0.984251968503937,0.9212598425196848,0.9482564679415074,0.8635170603674539,2019-02-02,0.7559055118110236,96.0,269.0833333333333
2019-02-02,269.0833333333333,96,0.7559055118110236,0.968503937007874,0.9606299212598425,0.9606299212598425,0.9763779527559056,0.9632545931758529,0.9460067491563554,0.8640419947506561,2019-02-03,0.937007874015748,119.0,328.4583333333333
2019-02-03,328.4583333333333,119,0.937007874015748,0.7559055118110236,0.968503937007874,0.9606299212598425,0.9763779527559056,0.8950131233595799,0.9145106861642295,0.8566929133858268,2019-02-04,0.9448818897637795,120.0,331.0833333333333
2019-02-04,331.0833333333333,120,0.9448818897637795,0.937007874015748,0.7559055118110236,0.968503937007874,0.937007874015748,0.8871391076115485,0.9088863892013499,0.857742782152231,2019-02-05,0.8267716535433071,105.0,293.2083333333333
2019-02-05,293.2083333333333,105,0.8267716535433071,0.9448818897637795,0.937007874015748,0.7559055118110236,0.84251968503937,0.879265091863517,0.9100112485939258,0.8590551181102362,2019-02-06,0.5826771653543307,74.0,215.58333333333331
2019-02-06,215.58333333333331,74,0.5826771653543307,0.8267716535433071,0.9448818897637795,0.937007874015748,0.9606299212598425,0.9028871391076114,0.9077615298087738,0.8622047244094487,2019-02-07,0.937007874015748,119.0,328.4166666666667
2019-02-07,328.4166666666667,119,0.937007874015748,0.5826771653543307,0.8267716535433071,0.9448818897637795,0.9606299212598425,0.7847769028871391,0.8537682789651292,0.858267716535433,2019-02-08,0.9606299212598425,122.0,336.4583333333333
2019-02-08,336.4583333333333,122,0.9606299212598425,0.937007874015748,0.5826771653543307,0.8267716535433071,0.968503937007874,0.7821522309711285,0.8503937007874016,0.8637795275590551,2019-02-09,0.5826771653543307,74.0,215.08333333333331
2019-02-09,215.08333333333331,74,0.5826771653543307,0.9606299212598425,0.937007874015748,0.5826771653543307,0.7559055118110236,0.8267716535433071,0.8492688413948256,0.868766404199475,2019-02-10,0.9448818897637795,120.0,329.875
2019-02-10,329.875,120,0.9448818897637795,0.5826771653543307,0.9606299212598425,0.937007874015748,0.937007874015748,0.8267716535433071,0.8245219347581552,0.862992125984252,2019-02-11,0.9291338582677166,118.0,325.375
2019-02-11,325.375,118,0.9291338582677166,0.9448818897637795,0.5826771653543307,0.9606299212598425,0.9448818897637795,0.8293963254593176,0.8256467941507311,0.873228346456693,2019-02-12,0.9291338582677166,118.0,324.875
2019-02-12,324.875,118,0.9291338582677166,0.9291338582677166,0.9448818897637795,0.5826771653543307,0.8267716535433071,0.8188976377952756,0.8233970753655793,0.8784776902887139,2019-02-13,0.8110236220472441,103.0,288.125
2019-02-13,288.125,103,0.8110236220472441,0.9291338582677166,0.9291338582677166,0.9448818897637795,0.5826771653543307,0.9343832020997375,0.8380202474690664,0.879527559055118,2019-02-14,0.7165354330708661,91.0,258.375
2019-02-14,258.375,91,0.7165354330708661,0.8110236220472441,0.9291338582677166,0.9291338582677166,0.937007874015748,0.8897637795275589,0.8706411698537683,0.8803149606299212,2019-02-15,0.8740157480314961,111.0,308.125
2019-02-15,308.125,111,0.8740157480314961,0.7165354330708661,0.8110236220472441,0.9291338582677166,0.9606299212598425,0.8188976377952756,0.8391451068616423,0.8771653543307086,2019-02-16,0.8740157480314961,111.0,308.7916666666667
2019-02-16,308.7916666666667,111,0.8740157480314961,0.8740157480314961,0.7165354330708661,0.8110236220472441,0.5826771653543307,0.800524934383202,0.8267716535433072,0.878740157480315,2019-02-17,0.7637795275590551,97.0,271.5833333333333
2019-02-17,271.5833333333333,97,0.7637795275590551,0.8740157480314961,0.8740157480314961,0.7165354330708661,0.9448818897637795,0.8215223097112861,0.8683914510686164,0.8874015748031496,2019-02-18,0.7874015748031497,100.0,280.9583333333333
2019-02-18,280.9583333333333,100,0.7874015748031497,0.7637795275590551,0.8740157480314961,0.8740157480314961,0.9291338582677166,0.8372703412073491,0.8425196850393701,0.8829396325459318,2019-02-19,0.9448818897637795,120.0,329.8333333333333
2019-02-19,329.8333333333333,120,0.9448818897637795,0.7874015748031497,0.7637795275590551,0.8740157480314961,0.9291338582677166,0.8083989501312336,0.8222722159730035,0.8761154855643044,2019-02-20,0.7086614173228346,90.0,254.33333333333331
2019-02-20,254.33333333333331,90,0.7086614173228346,0.9448818897637795,0.7874015748031497,0.7637795275590551,0.8110236220472441,0.8320209973753281,0.8245219347581552,0.8755905511811023,2019-02-21,0.889763779527559,113.0,311.7916666666667
2019-02-21,311.7916666666667,113,0.889763779527559,0.7086614173228346,0.9448818897637795,0.7874015748031497,0.7165354330708661,0.8136482939632547,0.8098987626546682,0.8677165354330708,2019-02-22,0.952755905511811,121.0,332.8333333333333
2019-02-22,332.8333333333333,121,0.952755905511811,0.889763779527559,0.7086614173228346,0.9448818897637795,0.8740157480314961,0.847769028871391,0.8346456692913387,0.8645669291338582,2019-02-23,0.7716535433070866,98.0,275.0416666666667
2019-02-23,275.0416666666667,98,0.7716535433070866,0.952755905511811,0.889763779527559,0.7086614173228346,0.8740157480314961,0.8503937007874015,0.8458942632170977,0.8650918635170604,2019-02-24,0.6614173228346457,84.0,239.29166666666663
2019-02-24,239.29166666666663,84,0.6614173228346457,0.7716535433070866,0.952755905511811,0.889763779527559,0.7637795275590551,0.8713910761154855,0.8312710911136109,0.8677165354330707,2019-02-25,0.8976377952755905,114.0,314.9583333333333
2019-02-25,314.9583333333333,114,0.8976377952755905,0.6614173228346457,0.7716535433070866,0.952755905511811,0.7874015748031497,0.7952755905511811,0.8166479190101237,0.8569553805774278,2019-02-26,0.9291338582677166,118.0,326.1666666666667
2019-02-26,326.1666666666667,118,0.9291338582677166,0.8976377952755905,0.6614173228346457,0.7716535433070866,0.9448818897637795,0.7769028871391076,0.8323959505061868,0.8543307086614172,2019-02-27,0.8818897637795275,112.0,309.625
2019-02-27,309.625,112,0.8818897637795275,0.9291338582677166,0.8976377952755905,0.6614173228346457,0.7086614173228346,0.8293963254593176,0.830146231721035,0.852755905511811,2019-02-28,0.9291338582677166,118.0,325.2083333333333
2019-02-28,325.2083333333333,118,0.9291338582677166,0.8818897637795275,0.9291338582677166,0.8976377952755905,0.889763779527559,0.9028871391076115,0.8548931383577053,0.8509186351706036,2019-03-01,0.8582677165354331,109.0,302.125
2019-03-01,302.125,109,0.8582677165354331,0.9291338582677166,0.8818897637795275,0.9291338582677166,0.952755905511811,0.9133858267716536,0.8605174353205849,0.8538057742782154,2019-03-02,0.9291338582677166,118.0,324.9583333333333
2019-03-02,324.9583333333333,118,0.9291338582677166,0.8582677165354331,0.9291338582677166,0.8818897637795275,0.7716535433070866,0.8897637795275589,0.8470191226096738,0.8503937007874016,2019-03-03,0.8188976377952756,104.0,290.2083333333333
2019-03-03,290.2083333333333,104,0.8188976377952756,0.9291338582677166,0.8582677165354331,0.9291338582677166,0.6614173228346457,0.9055118110236221,0.8695163104611924,0.8493438320209974,2019-03-04,0.5984251968503937,76.0,219.45833333333331
2019-03-04,219.45833333333331,76,0.5984251968503937,0.8188976377952756,0.9291338582677166,0.8582677165354331,0.8976377952755905,0.868766404199475,0.8920134983127109,0.8443569553805774,2019-03-05,0.7086614173228346,90.0,255.83333333333331
2019-03-05,255.83333333333331,90,0.7086614173228346,0.5984251968503937,0.8188976377952756,0.9291338582677166,0.9291338582677166,0.7821522309711287,0.8492688413948256,0.8391076115485564,2019-03-06,0.9133858267716536,116.0,319.5
2019-03-06,319.5,116,0.9133858267716536,0.7086614173228346,0.5984251968503937,0.8188976377952756,0.8818897637795275,0.7086614173228346,0.8177727784026996,0.831496062992126,2019-03-07,0.9291338582677166,118.0,326.4166666666667
2019-03-07,326.4166666666667,118,0.9291338582677166,0.9133858267716536,0.7086614173228346,0.5984251968503937,0.9291338582677166,0.7401574803149606,0.8222722159730033,0.8304461942257219,2019-03-08,0.9291338582677166,118.0,324.2916666666667
2019-03-08,324.2916666666667,118,0.9291338582677166,0.9291338582677166,0.9133858267716536,0.7086614173228346,0.8582677165354331,0.8503937007874015,0.8222722159730035,0.8338582677165355,2019-03-09,0.9212598425196851,117.0,323.4583333333333
2019-03-09,323.4583333333333,117,0.9212598425196851,0.9291338582677166,0.9291338582677166,0.9133858267716536,0.9291338582677166,0.9238845144356955,0.8323959505061868,0.8454068241469818,2019-03-10,0.9448818897637795,120.0,330.0
2019-03-10,330.0,120,0.9448818897637795,0.9212598425196851,0.9291338582677166,0.9291338582677166,0.8188976377952756,0.926509186351706,0.8312710911136109,0.8448818897637795,2019-03-11,0.889763779527559,113.0,312.2083333333333
2019-03-11,312.2083333333333,113,0.889763779527559,0.9448818897637795,0.9212598425196851,0.9291338582677166,0.5984251968503937,0.931758530183727,0.8492688413948256,0.8443569553805774,2019-03-12,0.7637795275590551,97.0,272.3333333333333
2019-03-12,272.3333333333333,97,0.7637795275590551,0.889763779527559,0.9448818897637795,0.9212598425196851,0.7086614173228346,0.9186351706036745,0.8908886389201349,0.8545931758530184,2019-03-13,0.905511811023622,115.0,317.2916666666667
2019-03-13,317.2916666666667,115,0.905511811023622,0.7637795275590551,0.889763779527559,0.9448818897637795,0.9133858267716536,0.8661417322834645,0.8987626546681665,0.8485564304461942,2019-03-14,0.23622047244094488,30.0,103.04166666666669
2019-03-14,103.04166666666669,30,0.23622047244094488,0.905511811023622,0.7637795275590551,0.889763779527559,0.9291338582677166,0.8530183727034121,0.8976377952755906,0.8477690288713912,2019-03-15,0.8503937007874016,108.0,300.2083333333333
2019-03-15,300.2083333333333,108,0.8503937007874016,0.23622047244094488,0.905511811023622,0.7637795275590551,0.9291338582677166,0.6351706036745407,0.7986501687289088,0.8246719160104987,2019-03-16,0.9133858267716536,116.0,321.0833333333333
2019-03-16,321.0833333333333,116,0.9133858267716536,0.8503937007874016,0.23622047244094488,0.905511811023622,0.9212598425196851,0.6640419947506562,0.7874015748031497,0.825984251968504,2019-03-17,0.8267716535433071,105.0,291.9166666666667
2019-03-17,291.9166666666667,105,0.8267716535433071,0.9133858267716536,0.8503937007874016,0.23622047244094488,0.9448818897637795,0.6666666666666666,0.7862767154105736,0.8325459317585302,2019-03-18,0.889763779527559,113.0,313.625
2019-03-18,313.625,113,0.889763779527559,0.8267716535433071,0.9133858267716536,0.8503937007874016,0.889763779527559,0.863517060367454,0.7694038245219347,0.830971128608924,2019-03-19,0.8740157480314961,111.0,306.5833333333333
2019-03-19,306.5833333333333,111,0.8740157480314961,0.889763779527559,0.8267716535433071,0.9133858267716536,0.7637795275590551,0.8766404199475065,0.7694038245219347,0.8314960629921261,2019-03-20,0.8110236220472441,103.0,288.1666666666667
2019-03-20,288.1666666666667,103,0.8110236220472441,0.8740157480314961,0.889763779527559,0.8267716535433071,0.905511811023622,0.863517060367454,0.7851518560179978,0.8351706036745408,2019-03-21,0.11023622047244094,14.0,63.958333333333336
2019-03-21,63.958333333333336,14,0.11023622047244094,0.8110236220472441,0.8740157480314961,0.889763779527559,0.23622047244094488,0.858267716535433,0.7716535433070867,0.8359580052493438,2019-03-22,0.3700787401574803,47.0,145.75
2019-03-22,145.75,47,0.3700787401574803,0.11023622047244094,0.8110236220472441,0.8740157480314961,0.8503937007874016,0.5984251968503936,0.7536557930258718,0.8081364829396325,2019-03-23,0.3543307086614173,45.0,141.20833333333334
2019-03-23,141.20833333333334,45,0.3543307086614173,0.3700787401574803,0.11023622047244094,0.8110236220472441,0.9133858267716536,0.4304461942257218,0.6850393700787402,0.7968503937007874,2019-03-24,0.29133858267716534,37.0,120.08333333333331
2019-03-24,120.08333333333331,37,0.29133858267716534,0.3543307086614173,0.3700787401574803,0.11023622047244094,0.8267716535433071,0.2782152230971129,0.6051743532058492,0.779002624671916,2019-03-25,0.2283464566929134,29.0,100.41666666666669
2019-03-25,100.41666666666669,29,0.2283464566929134,0.29133858267716534,0.3543307086614173,0.3700787401574803,0.889763779527559,0.33858267716535434,0.5286839145106862,0.7569553805774277,2019-03-26,0.84251968503937,107.0,298.5
2019-03-26,298.5,107,0.84251968503937,0.2283464566929134,0.29133858267716534,0.3543307086614173,0.8740157480314961,0.29133858267716534,0.43419572553430824,0.7388451443569555,2019-03-27,0.6377952755905512,81.0,233.16666666666663
2019-03-27,233.16666666666663,81,0.6377952755905512,0.84251968503937,0.2283464566929134,0.29133858267716534,0.8110236220472441,0.4540682414698162,0.4296962879640045,0.7448818897637796,2019-03-28,0.7716535433070866,98.0,274.375
2019-03-28,274.375,98,0.7716535433070866,0.6377952755905512,0.84251968503937,0.2283464566929134,0.11023622047244094,0.5695538057742783,0.4049493813273341,0.7362204724409449,2019-03-29,0.6929133858267716,88.0,249.16666666666663
2019-03-29,249.16666666666663,88,0.6929133858267716,0.7716535433070866,0.6377952755905512,0.84251968503937,0.3700787401574803,0.7506561679790026,0.49943757030371205,0.7309711286089239,2019-03-30,0.16535433070866143,21.0,81.04166666666667
2019-03-30,81.04166666666667,21,0.16535433070866143,0.6929133858267716,0.7716535433070866,0.6377952755905512,0.3543307086614173,0.7007874015748031,0.545556805399325,0.7246719160104987,2019-03-31,0.28346456692913385,36.0,118.58333333333331
2019-03-31,118.58333333333331,36,0.28346456692913385,0.16535433070866143,0.6929133858267716,0.7716535433070866,0.29133858267716534,0.5433070866141732,0.5185601799775028,0.6992125984251968,2019-04-01,0.36220472440944884,46.0,143.70833333333334
2019-04-01,143.70833333333334,46,0.36220472440944884,0.28346456692913385,0.16535433070866143,0.6929133858267716,0.2283464566929134,0.3805774278215223,0.5174353205849268,0.6800524934383201,2019-04-02,0.5354330708661418,68.0,199.91666666666663
2019-04-02,199.91666666666663,68,0.5354330708661418,0.36220472440944884,0.28346456692913385,0.16535433070866143,0.84251968503937,0.27034120734908135,0.5365579302587176,0.6611548556430445,2019-04-03,0.7322834645669292,93.0,261.8333333333333
2019-04-03,261.8333333333333,93,0.7322834645669292,0.5354330708661418,0.36220472440944884,0.28346456692913385,0.6377952755905512,0.3937007874015748,0.49268841394825647,0.651706036745407,2019-04-04,0.6141732283464567,78.0,223.70833333333331
2019-04-04,223.70833333333331,78,0.6141732283464567,0.7322834645669292,0.5354330708661418,0.36220472440944884,0.7716535433070866,0.5433070866141733,0.5061867266591676,0.6561679790026247,2019-04-05,0.4566929133858268,58.0,173.41666666666666
2019-04-05,173.41666666666666,58,0.4566929133858268,0.6141732283464567,0.7322834645669292,0.5354330708661418,0.6929133858267716,0.6272965879265092,0.4836895388076491,0.6530183727034121,2019-04-06,0.5433070866141733,69.0,201.375
2019-04-06,201.375,69,0.5433070866141733,0.4566929133858268,0.6141732283464567,0.7322834645669292,0.16535433070866143,0.6010498687664042,0.4499437570303712,0.6377952755905512,2019-04-07,0.6929133858267716,88.0,249.375
2019-04-07,249.375,88,0.6929133858267716,0.5433070866141733,0.4566929133858268,0.6141732283464567,0.28346456692913385,0.5380577427821522,0.5039370078740157,0.6249343832020997,2019-04-08,0.5433070866141733,69.0,202.04166666666663
2019-04-08,202.04166666666663,69,0.5433070866141733,0.6929133858267716,0.5433070866141733,0.4566929133858268,0.36220472440944884,0.5643044619422573,0.562429696287964,0.6170603674540681,2019-04-09,0.6771653543307087,86.0,245.04166666666663
2019-04-09,245.04166666666663,86,0.6771653543307087,0.5433070866141733,0.6929133858267716,0.5433070866141733,0.5354330708661418,0.5931758530183727,0.5883014623172104,0.6044619422572179,2019-04-10,0.6377952755905512,81.0,232.16666666666663
2019-04-10,232.16666666666663,81,0.6377952755905512,0.6771653543307087,0.5433070866141733,0.6929133858267716,0.7322834645669292,0.6377952755905513,0.6085489313835771,0.5955380577427821,2019-04-11,0.3700787401574803,47.0,146.33333333333334
2019-04-11,146.33333333333334,47,0.3700787401574803,0.6377952755905512,0.6771653543307087,0.5433070866141733,0.6141732283464567,0.6194225721784776,0.5950506186726658,0.5871391076115485,2019-04-12,0.5433070866141733,69.0,201.5
2019-04-12,201.5,69,0.5433070866141733,0.3700787401574803,0.6377952755905512,0.6771653543307087,0.4566929133858268,0.5616797900262468,0.5601799775028121,0.574015748031496,2019-04-13,0.7952755905511811,101.0,283.6666666666667
2019-04-13,283.6666666666667,101,0.7952755905511811,0.5433070866141733,0.3700787401574803,0.6377952755905512,0.5433070866141733,0.5170603674540682,0.5725534308211474,0.5619422572178477,2019-04-14,0.7795275590551181,99.0,276.9583333333333
2019-04-14,276.9583333333333,99,0.7795275590551181,0.7952755905511811,0.5433070866141733,0.3700787401574803,0.6929133858267716,0.5695538057742783,0.6085489313835771,0.5805774278215223,2019-04-15,0.8031496062992126,102.0,284.5416666666667
2019-04-15,284.5416666666667,102,0.8031496062992126,0.7795275590551181,0.7952755905511811,0.5433070866141733,0.5433070866141733,0.706036745406824,0.6209223847019123,0.5782152230971128,2019-04-16,0.41732283464566927,53.0,160.95833333333334
2019-04-16,160.95833333333334,53,0.41732283464566927,0.8031496062992126,0.7795275590551181,0.7952755905511811,0.6771653543307087,0.7926509186351707,0.658042744656918,0.5745406824146981,2019-04-17,0.5984251968503937,76.0,220.04166666666663
2019-04-17,220.04166666666663,76,0.5984251968503937,0.41732283464566927,0.8031496062992126,0.7795275590551181,0.6377952755905512,0.6666666666666666,0.6209223847019123,0.5608923884514436,2019-04-18,0.5748031496062992,73.0,212.875
2019-04-18,212.875,73,0.5748031496062992,0.5984251968503937,0.41732283464566927,0.8031496062992126,0.3700787401574803,0.6062992125984252,0.6152980877390325,0.5511811023622047,2019-04-19,0.7244094488188977,92.0,260.7083333333333
2019-04-19,260.7083333333333,92,0.7244094488188977,0.5748031496062992,0.5984251968503937,0.41732283464566927,0.5433070866141733,0.5301837270341206,0.6445444319460067,0.5412073490813648,2019-04-20,0.6377952755905512,81.0,232.20833333333331
2019-04-20,232.20833333333331,81,0.6377952755905512,0.7244094488188977,0.5748031496062992,0.5984251968503937,0.7952755905511811,0.6325459317585302,0.6704161979752532,0.5383202099737533,2019-04-21,0.6377952755905512,81.0,232.41666666666663
2019-04-21,232.41666666666663,81,0.6377952755905512,0.6377952755905512,0.7244094488188977,0.5748031496062992,0.7795275590551181,0.6456692913385828,0.6479190101237345,0.5559055118110235,2019-04-22,0.5354330708661418,68.0,198.41666666666663
2019-04-22,198.41666666666663,68,0.5354330708661418,0.6377952755905512,0.6377952755905512,0.7244094488188977,0.8031496062992126,0.6666666666666666,0.6276715410573679,0.5648293963254593,2019-04-23,0.6062992125984252,77.0,222.70833333333331
2019-04-23,222.70833333333331,77,0.6062992125984252,0.5354330708661418,0.6377952755905512,0.6377952755905512,0.41732283464566927,0.6036745406824148,0.5894263217097863,0.5708661417322834,2019-04-24,0.7322834645669292,93.0,263.5416666666667
2019-04-24,263.5416666666667,93,0.7322834645669292,0.6062992125984252,0.5354330708661418,0.6377952755905512,0.5984251968503937,0.5931758530183727,0.6164229471316085,0.5813648293963254,2019-04-25,0.7086614173228346,90.0,254.66666666666663
2019-04-25,254.66666666666663,90,0.7086614173228346,0.7322834645669292,0.6062992125984252,0.5354330708661418,0.5748031496062992,0.6246719160104988,0.6355455568053994,0.5981627296587926,2019-04-26,0.7480314960629921,95.0,266.2916666666667
2019-04-26,266.2916666666667,95,0.7480314960629921,0.7086614173228346,0.7322834645669292,0.6062992125984252,0.7244094488188977,0.6824146981627296,0.6546681664791901,0.5937007874015747,2019-04-27,0.7401574803149606,94.0,264.25
2019-04-27,264.25,94,0.7401574803149606,0.7480314960629921,0.7086614173228346,0.7322834645669292,0.6377952755905512,0.7296587926509187,0.6580427446569178,0.5973753280839895,2019-04-28,0.5590551181102362,71.0,206.25
2019-04-28,206.25,71,0.5590551181102362,0.7401574803149606,0.7480314960629921,0.7086614173228346,0.6377952755905512,0.7322834645669292,0.6726659167604049,0.5963254593175853,2019-04-29,0.7086614173228346,90.0,255.45833333333331
2019-04-29,255.45833333333331,90,0.7086614173228346,0.5590551181102362,0.7401574803149606,0.7480314960629921,0.5354330708661418,0.6824146981627296,0.6614173228346457,0.5918635170603674,2019-04-30,0.6850393700787402,87.0,248.04166666666663
2019-04-30,248.04166666666663,87,0.6850393700787402,0.7086614173228346,0.5590551181102362,0.7401574803149606,0.6062992125984252,0.6692913385826772,0.6861642294713162,0.6099737532808399,2019-05-01,0.6220472440944882,79.0,227.45833333333331
2019-05-01,227.45833333333331,79,0.6220472440944882,0.6850393700787402,0.7086614173228346,0.5590551181102362,0.7322834645669292,0.6509186351706037,0.6974128233970752,0.6233595800524935,2019-05-02,0.7007874015748031,89.0,253.20833333333331
2019-05-02,253.20833333333331,89,0.7007874015748031,0.6220472440944882,0.6850393700787402,0.7086614173228346,0.7086614173228346,0.6719160104986877,0.6816647919010125,0.6320209973753281,2019-05-03,0.7165354330708661,91.0,257.0833333333333
2019-05-03,257.0833333333333,91,0.7165354330708661,0.7007874015748031,0.6220472440944882,0.6850393700787402,0.7480314960629921,0.6692913385826772,0.6805399325084365,0.6375328083989501,2019-05-04,0.6850393700787402,87.0,247.08333333333331
2019-05-04,247.08333333333331,87,0.6850393700787402,0.7165354330708661,0.7007874015748031,0.6220472440944882,0.7401574803149606,0.6797900262467191,0.6760404949381327,0.637007874015748,2019-05-05,0.5039370078740157,64.0,190.5
2019-05-05,190.5,64,0.5039370078740157,0.6850393700787402,0.7165354330708661,0.7007874015748031,0.5590551181102362,0.7007874015748031,0.6681664791901012,0.6393700787401575,2019-05-06,0.6377952755905512,81.0,232.16666666666663
2019-05-06,232.16666666666663,81,0.6377952755905512,0.5039370078740157,0.6850393700787402,0.7165354330708661,0.7086614173228346,0.6351706036745406,0.6602924634420697,0.6409448818897637,2019-05-07,0.6062992125984252,77.0,222.625
2019-05-07,222.625,77,0.6062992125984252,0.6377952755905512,0.5039370078740157,0.6850393700787402,0.6850393700787402,0.6089238845144357,0.6501687289088863,0.6440944881889764,2019-05-08,0.5118110236220472,65.0,192.91666666666663
2019-05-08,192.91666666666663,65,0.5118110236220472,0.6062992125984252,0.6377952755905512,0.5039370078740157,0.6220472440944882,0.5826771653543307,0.6389201349831272,0.6412073490813648,2019-05-09,0.48031496062992124,61.0,181.16666666666663
2019-05-09,181.16666666666663,61,0.48031496062992124,0.5118110236220472,0.6062992125984252,0.6377952755905512,0.7007874015748031,0.5853018372703412,0.6231721034870642,0.6401574803149607,2019-05-10,0.2992125984251969,38.0,123.75
2019-05-10,123.75,38,0.2992125984251969,0.48031496062992124,0.5118110236220472,0.6062992125984252,0.7165354330708661,0.5328083989501312,0.591676040494938,0.6335958005249344,2019-05-11,0.2677165354330709,34.0,113.54166666666669
2019-05-11,113.54166666666669,34,0.2677165354330709,0.2992125984251969,0.48031496062992124,0.5118110236220472,0.6850393700787402,0.4304461942257218,0.532058492688414,0.6223097112860893,2019-05-12,0.41732283464566927,53.0,160.54166666666666
2019-05-12,160.54166666666666,53,0.41732283464566927,0.2677165354330709,0.2992125984251969,0.48031496062992124,0.5039370078740157,0.3490813648293963,0.4724409448818898,0.6188976377952756,2019-05-13,0.5196850393700787,66.0,193.375
2019-05-13,193.375,66,0.5196850393700787,0.41732283464566927,0.2677165354330709,0.2992125984251969,0.6377952755905512,0.32808398950131235,0.4600674915635546,0.6146981627296587,2019-05-14,0.5590551181102362,71.0,207.16666666666663
2019-05-14,207.16666666666663,71,0.5590551181102362,0.5196850393700787,0.41732283464566927,0.2677165354330709,0.6062992125984252,0.4015748031496063,0.4431946006749156,0.6055118110236221,2019-05-15,0.5590551181102362,71.0,206.375
2019-05-15,206.375,71,0.5590551181102362,0.5590551181102362,0.5196850393700787,0.41732283464566927,0.5118110236220472,0.49868766404199477,0.43644544431946003,0.5981627296587926,2019-05-16,0.5905511811023622,75.0,217.54166666666663
2019-05-16,217.54166666666663,75,0.5905511811023622,0.5590551181102362,0.5590551181102362,0.5196850393700787,0.48031496062992124,0.5459317585301838,0.4431946006749156,0.5900262467191602,2019-05-17,0.3228346456692913,41.0,132.41666666666666
2019-05-17,132.41666666666666,41,0.3228346456692913,0.5905511811023622,0.5590551181102362,0.5590551181102362,0.2992125984251969,0.5695538057742783,0.45894263217097864,0.5958005249343832,2019-05-18,0.5118110236220472,65.0,193.04166666666663
2019-05-18,193.04166666666663,65,0.5118110236220472,0.3228346456692913,0.5905511811023622,0.5590551181102362,0.2677165354330709,0.4908136482939633,0.46231721034870643,0.5866141732283465,2019-05-19,0.41732283464566927,53.0,161.75
2019-05-19,161.75,53,0.41732283464566927,0.5118110236220472,0.3228346456692913,0.5905511811023622,0.41732283464566927,0.4750656167979003,0.4971878515185602,0.5845144356955381,2019-05-20,0.48031496062992124,61.0,182.41666666666663
2019-05-20,182.41666666666663,61,0.48031496062992124,0.41732283464566927,0.5118110236220472,0.3228346456692913,0.5196850393700787,0.41732283464566927,0.4971878515185602,0.5742782152230971,2019-05-21,0.6377952755905512,81.0,231.79166666666663
2019-05-21,231.79166666666663,81,0.6377952755905512,0.48031496062992124,0.41732283464566927,0.5118110236220472,0.5590551181102362,0.4698162729658793,0.49156355455568057,0.5690288713910762,2019-05-22,0.6141732283464567,78.0,223.66666666666663
2019-05-22,223.66666666666663,78,0.6141732283464567,0.6377952755905512,0.48031496062992124,0.41732283464566927,0.5590551181102362,0.5118110236220472,0.5028121484814398,0.5690288713910762,2019-05-23,0.5275590551181102,67.0,197.58333333333331
2019-05-23,197.58333333333331,67,0.5275590551181102,0.6141732283464567,0.6377952755905512,0.48031496062992124,0.5905511811023622,0.5774278215223098,0.5106861642294713,0.5716535433070866,2019-05-24,0.6771653543307087,86.0,243.625
2019-05-24,243.625,86,0.6771653543307087,0.5275590551181102,0.6141732283464567,0.6377952755905512,0.3228346456692913,0.5931758530183727,0.5016872890888638,0.5690288713910762,2019-05-25,0.6771653543307087,86.0,243.625
2019-05-25,243.625,86,0.6771653543307087,0.6771653543307087,0.5275590551181102,0.6141732283464567,0.5118110236220472,0.6062992125984252,0.5523059617547806,0.5671916010498688,2019-05-26,0.6692913385826772,85.0,241.66666666666663
2019-05-26,241.66666666666663,85,0.6692913385826772,0.6771653543307087,0.6771653543307087,0.5275590551181102,0.41732283464566927,0.6272965879265092,0.5759280089988751,0.5661417322834645,2019-05-27,0.4409448818897638,56.0,169.83333333333334
2019-05-27,169.83333333333334,56,0.4409448818897638,0.6692913385826772,0.6771653543307087,0.6771653543307087,0.48031496062992124,0.6745406824146981,0.6119235095613048,0.5635170603674541,2019-05-28,0.5039370078740157,64.0,189.16666666666663
2019-05-28,189.16666666666663,64,0.5039370078740157,0.4409448818897638,0.6692913385826772,0.6771653543307087,0.6377952755905512,0.5958005249343832,0.6062992125984251,0.553543307086614,2019-05-29,0.6299212598425197,80.0,230.375
2019-05-29,230.375,80,0.6299212598425197,0.5039370078740157,0.4409448818897638,0.6692913385826772,0.6141732283464567,0.5380577427821523,0.5871766029246344,0.5517060367454067,2019-05-30,0.6535433070866141,83.0,237.20833333333331
2019-05-30,237.20833333333331,83,0.6535433070866141,0.6299212598425197,0.5039370078740157,0.4409448818897638,0.5275590551181102,0.5249343832020997,0.5894263217097863,0.5490813648293963,2019-05-31,0.6062992125984252,77.0,221.66666666666663
2019-05-31,221.66666666666663,77,0.6062992125984252,0.6535433070866141,0.6299212598425197,0.5039370078740157,0.6771653543307087,0.5958005249343833,0.6074240719910012,0.5480314960629921,2019-06-01,0.4330708661417323,55.0,166.20833333333334
2019-06-01,166.20833333333334,55,0.4330708661417323,0.6062992125984252,0.6535433070866141,0.6299212598425197,0.6771653543307087,0.6299212598425197,0.5973003374578177,0.54750656167979,2019-06-02,0.5354330708661418,68.0,200.375
2019-06-02,200.375,68,0.5354330708661418,0.4330708661417323,0.6062992125984252,0.6535433070866141,0.6692913385826772,0.5643044619422573,0.562429696287964,0.5385826771653544,2019-06-03,0.5118110236220472,65.0,192.25
2019-06-03,192.25,65,0.5118110236220472,0.5354330708661418,0.4330708661417323,0.6062992125984252,0.4409448818897638,0.5249343832020998,0.5433070866141733,0.5325459317585302,2019-06-04,0.6535433070866141,83.0,236.66666666666663
2019-06-04,236.66666666666663,83,0.6535433070866141,0.5118110236220472,0.5354330708661418,0.4330708661417323,0.5039370078740157,0.49343832020997375,0.5534308211473566,0.5267716535433071,2019-06-05,0.6456692913385826,82.0,234.83333333333331
2019-06-05,234.83333333333331,82,0.6456692913385826,0.6535433070866141,0.5118110236220472,0.5354330708661418,0.6299212598425197,0.5669291338582677,0.5748031496062992,0.531758530183727,2019-06-06,0.1889763779527559,24.0,88.95833333333333
2019-06-06,88.95833333333333,24,0.1889763779527559,0.6456692913385826,0.6535433070866141,0.5118110236220472,0.6535433070866141,0.6036745406824147,0.5770528683914511,0.532020997375328,2019-06-07,0.5354330708661418,68.0,200.5
2019-06-07,200.5,68,0.5354330708661418,0.1889763779527559,0.6456692913385826,0.6535433070866141,0.6062992125984252,0.49606299212598426,0.5106861642294713,0.5181102362204724,2019-06-08,0.5984251968503937,76.0,219.54166666666663
2019-06-08,219.54166666666663,76,0.5984251968503937,0.5354330708661418,0.1889763779527559,0.6456692913385826,0.4330708661417323,0.45669291338582685,0.500562429696288,0.5188976377952756,2019-06-09,0.25984251968503935,33.0,111.20833333333331
2019-06-09,111.20833333333331,33,0.25984251968503935,0.5984251968503937,0.5354330708661418,0.1889763779527559,0.5354330708661418,0.4409448818897639,0.5241844769403824,0.5228346456692913,2019-06-10,0.3779527559055118,48.0,149.58333333333334
2019-06-10,149.58333333333334,48,0.3779527559055118,0.25984251968503935,0.5984251968503937,0.5354330708661418,0.5118110236220472,0.46456692913385833,0.484814398200225,0.5215223097112861,2019-06-11,0.5748031496062992,73.0,212.33333333333331
2019-06-11,212.33333333333331,73,0.5748031496062992,0.3779527559055118,0.25984251968503935,0.5984251968503937,0.6535433070866141,0.4120734908136483,0.46569178852643417,0.5251968503937008,2019-06-12,0.4015748031496063,51.0,156.16666666666666
2019-06-12,156.16666666666666,51,0.4015748031496063,0.5748031496062992,0.3779527559055118,0.25984251968503935,0.6456692913385826,0.4041994750656168,0.4544431946006749,0.5304461942257218,2019-06-13,0.5826771653543307,74.0,213.375
2019-06-13,213.375,74,0.5826771653543307,0.4015748031496063,0.5748031496062992,0.3779527559055118,0.1889763779527559,0.45144356955380577,0.41957255343082117,0.5265091863517061,2019-06-14,0.6141732283464567,78.0,224.0
2019-06-14,224.0,78,0.6141732283464567,0.5826771653543307,0.4015748031496063,0.5748031496062992,0.5354330708661418,0.5196850393700788,0.47581552305961755,0.5272965879265091,2019-06-15,0.4645669291338583,59.0,176.83333333333334
2019-06-15,176.83333333333334,59,0.4645669291338583,0.6141732283464567,0.5826771653543307,0.4015748031496063,0.5984251968503937,0.5328083989501313,0.4870641169853768,0.5291338582677165,2019-06-16,0.5826771653543307,74.0,215.58333333333331
2019-06-16,215.58333333333331,74,0.5826771653543307,0.4645669291338583,0.6141732283464567,0.5826771653543307,0.25984251968503935,0.5538057742782153,0.46794150731158607,0.5249343832020997,2019-06-17,0.4330708661417323,55.0,166.125
2019-06-17,166.125,55,0.4330708661417323,0.5826771653543307,0.4645669291338583,0.6141732283464567,0.3779527559055118,0.5538057742782153,0.5140607424071991,0.5335958005249345,2019-06-18,0.5590551181102362,71.0,206.25
2019-06-18,206.25,71,0.5590551181102362,0.4330708661417323,0.5826771653543307,0.4645669291338583,0.5748031496062992,0.49343832020997375,0.5219347581552306,0.5309711286089239,2019-06-19,0.2992125984251969,38.0,122.70833333333331
2019-06-19,122.70833333333331,38,0.2992125984251969,0.5590551181102362,0.4330708661417323,0.5826771653543307,0.4015748031496063,0.5249343832020997,0.5196850393700787,0.5356955380577428,2019-06-20,0.2283464566929134,29.0,101.875
2019-06-20,101.875,29,0.2283464566929134,0.2992125984251969,0.5590551181102362,0.4330708661417323,0.5826771653543307,0.4304461942257219,0.5050618672665916,0.5296587926509185,2019-06-21,0.49606299212598426,63.0,185.58333333333331
2019-06-21,185.58333333333331,63,0.49606299212598426,0.2283464566929134,0.2992125984251969,0.5590551181102362,0.6141732283464567,0.3622047244094489,0.45444319460067495,0.516010498687664,2019-06-22,0.5984251968503937,76.0,218.33333333333331
2019-06-22,218.33333333333331,76,0.5984251968503937,0.49606299212598426,0.2283464566929134,0.2992125984251969,0.4645669291338583,0.34120734908136496,0.437570303712036,0.5120734908136483,2019-06-23,0.5826771653543307,74.0,215.5
2019-06-23,215.5,74,0.5826771653543307,0.5984251968503937,0.49606299212598426,0.2283464566929134,0.5826771653543307,0.4409448818897639,0.4566929133858268,0.5144356955380578,2019-06-24,0.5118110236220472,65.0,192.45833333333331
2019-06-24,192.45833333333331,65,0.5118110236220472,0.5826771653543307,0.5984251968503937,0.49606299212598426,0.4330708661417323,0.5590551181102362,0.45669291338582674,0.5112860892388451,2019-06-25,0.4645669291338583,59.0,176.875
2019-06-25,176.875,59,0.4645669291338583,0.5118110236220472,0.5826771653543307,0.5984251968503937,0.5590551181102362,0.5643044619422573,0.4679415073115861,0.5057742782152231,2019-06-26,0.6456692913385826,82.0,235.45833333333331
2019-06-26,235.45833333333331,82,0.6456692913385826,0.4645669291338583,0.5118110236220472,0.5826771653543307,0.2992125984251969,0.5196850393700788,0.45444319460067495,0.49895013123359583,2019-06-27,0.6299212598425197,80.0,229.41666666666663
2019-06-27,229.41666666666663,80,0.6299212598425197,0.6456692913385826,0.4645669291338583,0.5118110236220472,0.2283464566929134,0.5406824146981628,0.5039370078740157,0.5057742782152231,2019-06-28,0.5433070866141733,69.0,202.33333333333331
2019-06-28,202.33333333333331,69,0.5433070866141733,0.6299212598425197,0.6456692913385826,0.4645669291338583,0.49606299212598426,0.5800524934383202,0.5613048368953881,0.5099737532808399,2019-06-29,0.5354330708661418,68.0,200.25
2019-06-29,200.25,68,0.5354330708661418,0.5433070866141733,0.6299212598425197,0.6456692913385826,0.5984251968503937,0.6062992125984252,0.5680539932508436,0.5070866141732283,2019-06-30,0.5511811023622047,70.0,203.25
2019-06-30,203.25,70,0.5511811023622047,0.5354330708661418,0.5433070866141733,0.6299212598425197,0.5826771653543307,0.5695538057742783,0.5590551181102362,0.5031496062992126,2019-07-01,0.6535433070866141,83.0,236.79166666666663
2019-07-01,236.79166666666663,83,0.6535433070866141,0.5511811023622047,0.5354330708661418,0.5433070866141733,0.5118110236220472,0.5433070866141733,0.5545556805399325,0.5013123359580053,2019-07-02,0.5984251968503937,76.0,218.66666666666663
2019-07-02,218.66666666666663,76,0.5984251968503937,0.6535433070866141,0.5511811023622047,0.5354330708661418,0.4645669291338583,0.5800524934383203,0.5748031496062992,0.5086614173228347,2019-07-03,0.5039370078740157,64.0,189.08333333333331
2019-07-03,189.08333333333331,64,0.5039370078740157,0.5984251968503937,0.6535433070866141,0.5511811023622047,0.6456692913385826,0.6010498687664042,0.5939257592800901,0.5107611548556431,2019-07-04,0.6220472440944882,79.0,227.45833333333331
2019-07-04,227.45833333333331,79,0.6220472440944882,0.5039370078740157,0.5984251968503937,0.6535433070866141,0.6299212598425197,0.5853018372703412,0.5736782902137233,0.5104986876640419,2019-07-05,0.5354330708661418,68.0,199.58333333333331
2019-07-05,199.58333333333331,68,0.5354330708661418,0.6220472440944882,0.5039370078740157,0.5984251968503937,0.5433070866141733,0.5748031496062993,0.5725534308211474,0.5094488188976378,2019-07-06,0.6220472440944882,79.0,228.0
2019-07-06,228.0,79,0.6220472440944882,0.5354330708661418,0.6220472440944882,0.5039370078740157,0.5354330708661418,0.5538057742782153,0.5714285714285714,0.5057742782152231,2019-07-07,0.2677165354330709,34.0,113.70833333333331
2019-07-07,113.70833333333331,34,0.2677165354330709,0.6220472440944882,0.5354330708661418,0.6220472440944882,0.5511811023622047,0.5931758530183728,0.5838020247469066,0.5202099737532808,2019-07-08,0.36220472440944884,46.0,144.75
2019-07-08,144.75,46,0.36220472440944884,0.2677165354330709,0.6220472440944882,0.5354330708661418,0.6535433070866141,0.4750656167979003,0.5433070866141733,0.5112860892388451,2019-07-09,0.30708661417322836,39.0,127.41666666666669
2019-07-09,127.41666666666669,39,0.30708661417322836,0.36220472440944884,0.2677165354330709,0.6220472440944882,0.5984251968503937,0.4173228346456694,0.5016872890888638,0.5034120734908137,2019-07-10,0.4409448818897638,56.0,169.66666666666666
2019-07-10,169.66666666666666,56,0.4409448818897638,0.30708661417322836,0.36220472440944884,0.2677165354330709,0.5039370078740157,0.3123359580052494,0.4600674915635546,0.50498687664042,2019-07-11,0.6456692913385826,82.0,234.25
2019-07-11,234.25,82,0.6456692913385826,0.4409448818897638,0.30708661417322836,0.36220472440944884,0.6220472440944882,0.3700787401574804,0.45106861642294716,0.5070866141732283,2019-07-12,0.6062992125984252,77.0,221.625
2019-07-12,221.625,77,0.6062992125984252,0.6456692913385826,0.4409448818897638,0.30708661417322836,0.5354330708661418,0.46456692913385833,0.4544431946006749,0.5094488188976378,2019-07-13,0.5118110236220472,65.0,192.91666666666663
2019-07-13,192.91666666666663,65,0.5118110236220472,0.6062992125984252,0.6456692913385826,0.4409448818897638,0.6220472440944882,0.5643044619422573,0.4645669291338583,0.5162729658792651,2019-07-14,0.6614173228346457,84.0,238.66666666666663
2019-07-14,238.66666666666663,84,0.6614173228346457,0.5118110236220472,0.6062992125984252,0.6456692913385826,0.2677165354330709,0.5879265091863518,0.44881889763779526,0.5139107611548557,2019-07-15,0.48031496062992124,61.0,181.91666666666663
2019-07-15,181.91666666666663,61,0.48031496062992124,0.6614173228346457,0.5118110236220472,0.6062992125984252,0.36220472440944884,0.5931758530183728,0.5050618672665916,0.515485564304462,2019-07-16,0.6771653543307087,86.0,245.125
2019-07-16,245.125,86,0.6771653543307087,0.48031496062992124,0.6614173228346457,0.5118110236220472,0.30708661417322836,0.5511811023622047,0.5219347581552306,0.516010498687664,2019-07-17,0.6692913385826772,85.0,242.04166666666663
2019-07-17,242.04166666666663,85,0.6692913385826772,0.6771653543307087,0.48031496062992124,0.6614173228346457,0.4409448818897638,0.6062992125984253,0.5748031496062992,0.5191601049868767,2019-07-18,0.14960629921259844,19.0,75.0
2019-07-18,75.0,19,0.14960629921259844,0.6692913385826772,0.6771653543307087,0.48031496062992124,0.6456692913385826,0.6089238845144358,0.6074240719910012,0.5270341207349082,2019-07-19,0.6141732283464567,78.0,224.79166666666663
2019-07-19,224.79166666666663,78,0.6141732283464567,0.14960629921259844,0.6692913385826772,0.6771653543307087,0.6062992125984252,0.4986876640419949,0.5365579302587177,0.5133858267716536,2019-07-20,0.5196850393700787,66.0,193.20833333333331
2019-07-20,193.20833333333331,66,0.5196850393700787,0.6141732283464567,0.14960629921259844,0.6692913385826772,0.5118110236220472,0.4776902887139109,0.5376827896512937,0.5238845144356955,2019-07-21,0.5984251968503937,76.0,219.79166666666663
2019-07-21,219.79166666666663,76,0.5984251968503937,0.5196850393700787,0.6141732283464567,0.14960629921259844,0.6614173228346457,0.42782152230971143,0.5388076490438696,0.5335958005249343,2019-07-22,0.5275590551181102,67.0,197.20833333333331
2019-07-22,197.20833333333331,67,0.5275590551181102,0.5984251968503937,0.5196850393700787,0.6141732283464567,0.48031496062992124,0.5774278215223099,0.5298087739032621,0.537007874015748,2019-07-23,0.6220472440944882,79.0,228.33333333333331
2019-07-23,228.33333333333331,79,0.6220472440944882,0.5275590551181102,0.5984251968503937,0.5196850393700787,0.6771653543307087,0.5485564304461943,0.5365579302587177,0.5346456692913385,2019-07-24,0.6692913385826772,85.0,241.08333333333331
2019-07-24,241.08333333333331,85,0.6692913385826772,0.6220472440944882,0.5275590551181102,0.5984251968503937,0.6692913385826772,0.5826771653543309,0.5286839145106861,0.5359580052493438,2019-07-25,0.5511811023622047,70.0,204.20833333333331
2019-07-25,204.20833333333331,70,0.5511811023622047,0.6692913385826772,0.6220472440944882,0.5275590551181102,0.14960629921259844,0.6062992125984253,0.5286839145106862,0.5412073490813648,2019-07-26,0.47244094488188976,60.0,179.125
2019-07-26,179.125,60,0.47244094488188976,0.5511811023622047,0.6692913385826772,0.6220472440944882,0.6141732283464567,0.6141732283464568,0.5860517435320585,0.5440944881889764,2019-07-27,0.4409448818897638,56.0,168.0
2019-07-27,168.0,56,0.4409448818897638,0.47244094488188976,0.5511811023622047,0.6692913385826772,0.5196850393700787,0.5643044619422574,0.5658042744656918,0.5383202099737533,2019-07-28,0.31496062992125984,40.0,128.29166666666666
2019-07-28,128.29166666666666,40,0.31496062992125984,0.4409448818897638,0.47244094488188976,0.5511811023622047,0.5984251968503937,0.48818897637795294,0.5545556805399325,0.532020997375328,2019-07-29,0.5354330708661418,68.0,198.625
2019-07-29,198.625,68,0.5354330708661418,0.31496062992125984,0.4409448818897638,0.47244094488188976,0.5275590551181102,0.4094488188976379,0.5140607424071991,0.5244094488188976,2019-07-30,0.5984251968503937,76.0,218.66666666666663
2019-07-30,218.66666666666663,76,0.5984251968503937,0.5354330708661418,0.31496062992125984,0.4409448818897638,0.6220472440944882,0.4304461942257219,0.515185601799775,0.5244094488188976,2019-07-31,0.6062992125984252,77.0,221.75
2019-07-31,221.75,77,0.6062992125984252,0.5984251968503937,0.5354330708661418,0.31496062992125984,0.6692913385826772,0.4829396325459319,0.5118110236220473,0.525984251968504,2019-08-01,0.6771653543307087,86.0,245.0
2019-08-01,245.0,86,0.6771653543307087,0.6062992125984252,0.5984251968503937,0.5354330708661418,0.5511811023622047,0.5800524934383203,0.5028121484814398,0.5244094488188976,2019-08-02,0.6141732283464567,78.0,223.54166666666663
2019-08-02,223.54166666666663,78,0.6141732283464567,0.6771653543307087,0.6062992125984252,0.5984251968503937,0.47244094488188976,0.6272965879265094,0.5208098987626547,0.5270341207349082,2019-08-03,0.49606299212598426,63.0,185.875
2019-08-03,185.875,63,0.49606299212598426,0.6141732283464567,0.6771653543307087,0.6062992125984252,0.4409448818897638,0.6325459317585304,0.5410573678290215,0.5307086614173229,2019-08-04,0.6535433070866141,83.0,237.75
2019-08-04,237.75,83,0.6535433070866141,0.49606299212598426,0.6141732283464567,0.6771653543307087,0.31496062992125984,0.5958005249343833,0.548931383577053,0.5265091863517061,2019-08-05,0.6929133858267716,88.0,248.54166666666663
2019-08-05,248.54166666666663,88,0.6929133858267716,0.6535433070866141,0.49606299212598426,0.6141732283464567,0.5354330708661418,0.5879265091863518,0.5973003374578179,0.5304461942257218,2019-08-06,0.4409448818897638,56.0,169.66666666666666
2019-08-06,169.66666666666666,56,0.4409448818897638,0.6929133858267716,0.6535433070866141,0.49606299212598426,0.5984251968503937,0.6141732283464568,0.6197975253093364,0.5328083989501312,2019-08-07,0.5984251968503937,76.0,219.33333333333331
2019-08-07,219.33333333333331,76,0.5984251968503937,0.4409448818897638,0.6929133858267716,0.6535433070866141,0.6062992125984252,0.5958005249343833,0.5973003374578177,0.5385826771653544,2019-08-08,0.7322834645669292,93.0,262.25
2019-08-08,262.25,93,0.7322834645669292,0.5984251968503937,0.4409448818897638,0.6929133858267716,0.6771653543307087,0.5774278215223099,0.596175478065242,0.5464566929133858,2019-08-09,0.5039370078740157,64.0,189.95833333333331
2019-08-09,189.95833333333331,64,0.5039370078740157,0.7322834645669292,0.5984251968503937,0.4409448818897638,0.6141732283464567,0.5905511811023624,0.6040494938132734,0.5606299212598426,2019-08-10,0.5511811023622047,70.0,205.66666666666663
2019-08-10,205.66666666666663,70,0.5511811023622047,0.5039370078740157,0.7322834645669292,0.5984251968503937,0.49606299212598426,0.6115485564304463,0.5883014623172104,0.5627296587926509,2019-08-11,0.6377952755905512,81.0,231.79166666666663
2019-08-11,231.79166666666663,81,0.6377952755905512,0.5511811023622047,0.5039370078740157,0.7322834645669292,0.6535433070866141,0.5958005249343834,0.5961754780652418,0.5595800524934382,2019-08-12,0.6220472440944882,79.0,228.08333333333331
2019-08-12,228.08333333333331,79,0.6220472440944882,0.6377952755905512,0.5511811023622047,0.5039370078740157,0.6929133858267716,0.5643044619422574,0.59392575928009,0.5606299212598425,2019-08-13,0.47244094488188976,60.0,180.33333333333331
2019-08-13,180.33333333333331,60,0.47244094488188976,0.6220472440944882,0.6377952755905512,0.5511811023622047,0.4409448818897638,0.6036745406824149,0.5838020247469066,0.5643044619422573,2019-08-14,0.7480314960629921,95.0,266.8333333333333
2019-08-14,266.8333333333333,95,0.7480314960629921,0.47244094488188976,0.6220472440944882,0.6377952755905512,0.5984251968503937,0.5774278215223099,0.5883014623172104,0.558005249343832,2019-08-15,0.6535433070866141,83.0,236.04166666666663
2019-08-15,236.04166666666663,83,0.6535433070866141,0.7480314960629921,0.47244094488188976,0.6220472440944882,0.7322834645669292,0.6141732283464568,0.609673790776153,0.5669291338582677,2019-08-16,0.7165354330708661,91.0,258.5833333333333
2019-08-16,258.5833333333333,91,0.7165354330708661,0.6535433070866141,0.7480314960629921,0.47244094488188976,0.5039370078740157,0.6246719160104989,0.5984251968503936,0.5661417322834645,2019-08-17,0.7165354330708661,91.0,257.75
2019-08-17,257.75,91,0.7165354330708661,0.7165354330708661,0.6535433070866141,0.7480314960629921,0.5511811023622047,0.7060367454068243,0.6287964004499438,0.5677165354330709,2019-08-18,0.3858267716535433,49.0,152.375
2019-08-18,152.375,49,0.3858267716535433,0.7165354330708661,0.7165354330708661,0.6535433070866141,0.6377952755905512,0.6955380577427822,0.6524184476940382,0.5866141732283465,2019-08-19,0.36220472440944884,46.0,144.0
2019-08-19,144.0,46,0.36220472440944884,0.3858267716535433,0.7165354330708661,0.7165354330708661,0.6220472440944882,0.6062992125984253,0.6164229471316085,0.5790026246719159,2019-08-20,0.7401574803149606,94.0,265.3333333333333
2019-08-20,265.3333333333333,94,0.7401574803149606,0.36220472440944884,0.3858267716535433,0.7165354330708661,0.47244094488188976,0.48818897637795283,0.5793025871766029,0.5737532808398951,2019-08-21,0.7559055118110236,96.0,270.0833333333333
2019-08-21,270.0833333333333,96,0.7559055118110236,0.7401574803149606,0.36220472440944884,0.3858267716535433,0.7480314960629921,0.4960629921259844,0.6175478065241845,0.578477690288714,2019-08-22,0.7401574803149606,94.0,263.7916666666667
2019-08-22,263.7916666666667,94,0.7401574803149606,0.7559055118110236,0.7401574803149606,0.36220472440944884,0.6535433070866141,0.6194225721784778,0.6186726659167603,0.5860892388451443,2019-08-23,0.5433070866141733,69.0,201.95833333333331
2019-08-23,201.95833333333331,69,0.5433070866141733,0.7401574803149606,0.7559055118110236,0.7401574803149606,0.7165354330708661,0.7454068241469818,0.6310461192350957,0.5900262467191602,2019-08-24,0.6062992125984252,77.0,222.25
2019-08-24,222.25,77,0.6062992125984252,0.5433070866141733,0.7401574803149606,0.7559055118110236,0.7165354330708661,0.6797900262467192,0.6062992125984251,0.5858267716535432,2019-08-25,0.7244094488188977,92.0,260.75
2019-08-25,260.75,92,0.7244094488188977,0.6062992125984252,0.5433070866141733,0.7401574803149606,0.3858267716535433,0.6299212598425199,0.5905511811023623,0.5876640419947506,2019-08-26,0.7480314960629921,95.0,267.25
2019-08-26,267.25,95,0.7480314960629921,0.7244094488188977,0.6062992125984252,0.5433070866141733,0.36220472440944884,0.6246719160104989,0.6389201349831272,0.5960629921259843,2019-08-27,0.5748031496062992,73.0,211.95833333333331
2019-08-27,211.95833333333331,73,0.5748031496062992,0.7480314960629921,0.7244094488188977,0.6062992125984252,0.7401574803149606,0.6929133858267719,0.6940382452193476,0.6062992125984253,2019-08-28,0.4094488188976378,52.0,160.08333333333334
2019-08-28,160.08333333333334,52,0.4094488188976378,0.5748031496062992,0.7480314960629921,0.7244094488188977,0.7559055118110236,0.6824146981627298,0.6704161979752532,0.6149606299212598,2019-08-29,0.41732283464566927,53.0,161.41666666666666
2019-08-29,161.41666666666666,53,0.41732283464566927,0.4094488188976378,0.5748031496062992,0.7480314960629921,0.7401574803149606,0.5774278215223098,0.6209223847019123,0.6107611548556431,2019-08-30,0.7559055118110236,96.0,269.9166666666667
2019-08-30,269.9166666666667,96,0.7559055118110236,0.41732283464566927,0.4094488188976378,0.5748031496062992,0.5433070866141733,0.4671916010498689,0.5748031496062992,0.6047244094488189,2019-08-31,0.6535433070866141,83.0,238.16666666666663
2019-08-31,238.16666666666663,83,0.6535433070866141,0.7559055118110236,0.41732283464566927,0.4094488188976378,0.6062992125984252,0.5275590551181103,0.6051743532058492,0.6097112860892389,2019-09-01,0.6220472440944882,79.0,227.41666666666663
2019-09-01,227.41666666666663,79,0.6220472440944882,0.6535433070866141,0.7559055118110236,0.41732283464566927,0.7244094488188977,0.6089238845144358,0.6119235095613049,0.6089238845144357,2019-09-02,0.7086614173228346,90.0,255.08333333333331
2019-09-02,255.08333333333331,90,0.7086614173228346,0.6220472440944882,0.6535433070866141,0.7559055118110236,0.7480314960629921,0.6771653543307088,0.5973003374578177,0.6091863517060366,2019-09-03,0.4251968503937008,54.0,164.25
2019-09-03,164.25,54,0.4251968503937008,0.7086614173228346,0.6220472440944882,0.6535433070866141,0.5748031496062992,0.6614173228346457,0.591676040494938,0.6162729658792652,2019-09-04,0.8031496062992126,102.0,284.5833333333333
2019-09-04,284.5833333333333,102,0.8031496062992126,0.4251968503937008,0.7086614173228346,0.6220472440944882,0.4094488188976378,0.5853018372703414,0.5703037120359955,0.6086614173228347,2019-09-05,0.7244094488188977,92.0,260.875
2019-09-05,260.875,92,0.7244094488188977,0.8031496062992126,0.4251968503937008,0.7086614173228346,0.41732283464566927,0.6456692913385829,0.6265466816647919,0.6123359580052493,2019-09-06,0.6614173228346457,84.0,240.70833333333331
2019-09-06,240.70833333333331,84,0.6614173228346457,0.7244094488188977,0.8031496062992126,0.4251968503937008,0.7559055118110236,0.6509186351706039,0.6704161979752531,0.6217847769028871,2019-09-07,0.6456692913385826,82.0,234.79166666666663
2019-09-07,234.79166666666663,82,0.6456692913385826,0.6614173228346457,0.7244094488188977,0.8031496062992126,0.6535433070866141,0.7296587926509188,0.6569178852643419,0.6238845144356956,2019-09-08,0.31496062992125984,40.0,128.79166666666666
2019-09-08,128.79166666666666,40,0.31496062992125984,0.6456692913385826,0.6614173228346457,0.7244094488188977,0.6220472440944882,0.6771653543307088,0.655793025871766,0.620997375328084,2019-09-09,0.2677165354330709,34.0,113.95833333333331
2019-09-09,113.95833333333331,34,0.2677165354330709,0.31496062992125984,0.6456692913385826,0.6614173228346457,0.7086614173228346,0.5406824146981629,0.6119235095613048,0.6146981627296587,2019-09-10,0.8110236220472441,103.0,287.2083333333333
2019-09-10,287.2083333333333,103,0.8110236220472441,0.2677165354330709,0.31496062992125984,0.6456692913385826,0.4251968503937008,0.40944881889763796,0.548931383577053,0.6052493438320211,2019-09-11,0.6456692913385826,82.0,235.5
2019-09-11,235.5,82,0.6456692913385826,0.8110236220472441,0.2677165354330709,0.31496062992125984,0.8031496062992126,0.4645669291338584,0.6040494938132734,0.611023622047244,2019-09-12,0.7086614173228346,90.0,255.79166666666663
2019-09-12,255.79166666666663,90,0.7086614173228346,0.6456692913385826,0.8110236220472441,0.2677165354330709,0.7244094488188977,0.5748031496062993,0.5815523059617548,0.6118110236220473,2019-09-13,0.8503937007874016,108.0,299.5833333333333
2019-09-13,299.5833333333333,108,0.8503937007874016,0.7086614173228346,0.6456692913385826,0.8110236220472441,0.6614173228346457,0.7217847769028872,0.5793025871766029,0.6196850393700788,2019-09-14,0.6062992125984252,77.0,223.125
2019-09-14,223.125,77,0.6062992125984252,0.8503937007874016,0.7086614173228346,0.6456692913385826,0.6456692913385826,0.7349081364829398,0.6062992125984252,0.6230971128608924,2019-09-15,0.6692913385826772,85.0,241.75
2019-09-15,241.75,85,0.6692913385826772,0.6062992125984252,0.8503937007874016,0.7086614173228346,0.31496062992125984,0.7217847769028873,0.6006749156355455,0.6215223097112861,2019-09-16,0.7716535433070866,98.0,275.6666666666667
2019-09-16,275.6666666666667,98,0.7716535433070866,0.6692913385826772,0.6062992125984252,0.8503937007874016,0.2677165354330709,0.7086614173228348,0.6512935883014623,0.6199475065616797,2019-09-17,0.7874015748031497,100.0,281.25
2019-09-17,281.25,100,0.7874015748031497,0.7716535433070866,0.6692913385826772,0.6062992125984252,0.8110236220472441,0.6824146981627299,0.7232845894263217,0.6217847769028871,2019-09-18,0.6692913385826772,85.0,241.375
2019-09-18,241.375,85,0.6692913385826772,0.7874015748031497,0.7716535433070866,0.6692913385826772,0.6456692913385826,0.7427821522309713,0.7199100112485939,0.6351706036745407,2019-09-19,0.8267716535433071,105.0,291.75
2019-09-19,291.75,105,0.8267716535433071,0.6692913385826772,0.7874015748031497,0.7716535433070866,0.7086614173228346,0.7427821522309713,0.7232845894263217,0.6454068241469816,2019-09-20,0.84251968503937,107.0,297.6666666666667
2019-09-20,297.6666666666667,107,0.84251968503937,0.8267716535433071,0.6692913385826772,0.7874015748031497,0.8503937007874016,0.7611548556430447,0.7401574803149605,0.6482939632545932,2019-09-21,0.8110236220472441,103.0,287.5416666666667
2019-09-21,287.5416666666667,103,0.8110236220472441,0.84251968503937,0.8267716535433071,0.6692913385826772,0.6062992125984252,0.7795275590551182,0.7390326209223846,0.6511811023622048,2019-09-22,0.8740157480314961,111.0,307.7916666666667
2019-09-22,307.7916666666667,111,0.8740157480314961,0.8110236220472441,0.84251968503937,0.8267716535433071,0.6692913385826772,0.8267716535433073,0.7682789651293589,0.6535433070866142,2019-09-23,0.44881889763779526,57.0,170.83333333333334
2019-09-23,170.83333333333334,57,0.44881889763779526,0.8740157480314961,0.8110236220472441,0.84251968503937,0.7716535433070866,0.8425196850393702,0.7975253093363329,0.6645669291338583,2019-09-24,0.8267716535433071,105.0,291.9166666666667
2019-09-24,291.9166666666667,105,0.8267716535433071,0.44881889763779526,0.8740157480314961,0.8110236220472441,0.7874015748031497,0.7112860892388454,0.7514060742407198,0.6593175853018373,2019-09-25,0.4251968503937008,54.0,165.20833333333334
2019-09-25,165.20833333333334,54,0.4251968503937008,0.8267716535433071,0.44881889763779526,0.8740157480314961,0.6692913385826772,0.7165354330708663,0.7570303712035996,0.6627296587926509,2019-09-26,0.8740157480314961,111.0,307.4166666666667
2019-09-26,307.4166666666667,111,0.8740157480314961,0.4251968503937008,0.8267716535433071,0.44881889763779526,0.8267716535433071,0.5669291338582678,0.7221597300337458,0.6519685039370078,2019-09-27,0.889763779527559,113.0,312.7916666666667
2019-09-27,312.7916666666667,113,0.889763779527559,0.8740157480314961,0.4251968503937008,0.8267716535433071,0.84251968503937,0.7086614173228348,0.7289088863892014,0.6619422572178478,2019-09-28,0.6535433070866141,83.0,237.875
2019-09-28,237.875,83,0.6535433070866141,0.889763779527559,0.8740157480314961,0.4251968503937008,0.8110236220472441,0.7296587926509188,0.7356580427446568,0.6779527559055117,2019-09-29,0.6299212598425197,80.0,228.875
2019-09-29,228.875,80,0.6299212598425197,0.6535433070866141,0.889763779527559,0.8740157480314961,0.8740157480314961,0.8057742782152232,0.7131608548931384,0.6858267716535433,2019-09-30,0.7007874015748031,89.0,252.875
2019-09-30,252.875,89,0.7007874015748031,0.6299212598425197,0.6535433070866141,0.889763779527559,0.44881889763779526,0.7244094488188978,0.6782902137232847,0.6816272965879264,2019-10-01,0.8740157480314961,111.0,308.0416666666667
2019-10-01,308.0416666666667,111,0.8740157480314961,0.7007874015748031,0.6299212598425197,0.6535433070866141,0.8267716535433071,0.6614173228346458,0.7142857142857143,0.6832020997375329,2019-10-02,0.31496062992125984,40.0,127.79166666666669
2019-10-02,127.79166666666669,40,0.31496062992125984,0.8740157480314961,0.7007874015748031,0.6299212598425197,0.4251968503937008,0.7349081364829398,0.7210348706411699,0.6916010498687665,2019-10-03,0.5905511811023622,75.0,217.70833333333331
2019-10-03,217.70833333333331,75,0.5905511811023622,0.31496062992125984,0.8740157480314961,0.7007874015748031,0.8740157480314961,0.6299212598425198,0.7052868391451069,0.6784776902887139,2019-10-04,0.8267716535433071,105.0,293.2916666666667
2019-10-04,293.2916666666667,105,0.8267716535433071,0.5905511811023622,0.31496062992125984,0.8740157480314961,0.889763779527559,0.5931758530183728,0.6647919010123734,0.6839895013123359,2019-10-05,0.905511811023622,115.0,317.375
2019-10-05,317.375,115,0.905511811023622,0.8267716535433071,0.5905511811023622,0.31496062992125984,0.6535433070866141,0.5774278215223099,0.655793025871766,0.6847769028871391,2019-10-06,0.8976377952755905,114.0,316.0
2019-10-06,316.0,114,0.8976377952755905,0.905511811023622,0.8267716535433071,0.5905511811023622,0.6299212598425197,0.7742782152230973,0.6917885264341957,0.6908136482939632,2019-10-07,0.6299212598425197,80.0,229.54166666666663
2019-10-07,229.54166666666663,80,0.6299212598425197,0.8976377952755905,0.905511811023622,0.8267716535433071,0.7007874015748031,0.8766404199475066,0.7300337457817773,0.6986876640419947,2019-10-08,0.9212598425196851,117.0,321.875
2019-10-08,321.875,117,0.9212598425196851,0.6299212598425197,0.8976377952755905,0.905511811023622,0.8740157480314961,0.8110236220472443,0.7199100112485939,0.6981627296587927,2019-10-09,0.6299212598425197,80.0,230.04166666666663
2019-10-09,230.04166666666663,80,0.6299212598425197,0.9212598425196851,0.6299212598425197,0.8976377952755905,0.31496062992125984,0.8162729658792651,0.7266591676040495,0.7183727034120736,2019-10-10,0.8661417322834646,110.0,305.4583333333333
2019-10-10,305.4583333333333,110,0.8661417322834646,0.6299212598425197,0.9212598425196851,0.6299212598425197,0.5905511811023622,0.7270341207349084,0.7716535433070867,0.7304461942257218,2019-10-11,0.7007874015748031,89.0,251.70833333333331
2019-10-11,251.70833333333331,89,0.7007874015748031,0.8661417322834646,0.6299212598425197,0.9212598425196851,0.8267716535433071,0.8057742782152232,0.8110236220472441,0.7322834645669292,2019-10-12,0.7952755905511811,101.0,281.5
2019-10-12,281.5,101,0.7952755905511811,0.7007874015748031,0.8661417322834646,0.6299212598425197,0.905511811023622,0.7322834645669293,0.7930258717660292,0.7341207349081365,2019-10-13,0.905511811023622,115.0,316.6666666666667
2019-10-13,316.6666666666667,115,0.905511811023622,0.7952755905511811,0.7007874015748031,0.8661417322834646,0.8976377952755905,0.7874015748031497,0.7772778402699663,0.7370078740157481,2019-10-14,0.9212598425196851,117.0,322.25
2019-10-14,322.25,117,0.9212598425196851,0.905511811023622,0.7952755905511811,0.7007874015748031,0.6299212598425197,0.8005249343832022,0.7784026996625422,0.7388451443569554,2019-10-15,0.7952755905511811,101.0,282.7916666666667
2019-10-15,282.7916666666667,101,0.7952755905511811,0.9212598425196851,0.905511811023622,0.7952755905511811,0.9212598425196851,0.8740157480314962,0.8200224971878516,0.7493438320209974,2019-10-16,0.8110236220472441,103.0,287.7083333333333
2019-10-16,287.7083333333333,103,0.8110236220472441,0.7952755905511811,0.9212598425196851,0.905511811023622,0.6299212598425197,0.8740157480314963,0.8020247469066367,0.7535433070866142,2019-10-17,0.9448818897637795,120.0,329.375
2019-10-17,329.375,120,0.9448818897637795,0.8110236220472441,0.7952755905511811,0.9212598425196851,0.8661417322834646,0.8425196850393702,0.827896512935883,0.7548556430446194,2019-10-18,0.7559055118110236,96.0,269.25
2019-10-18,269.25,96,0.7559055118110236,0.9448818897637795,0.8110236220472441,0.7952755905511811,0.7007874015748031,0.8503937007874017,0.8391451068616423,0.7601049868766404,2019-10-19,0.7165354330708661,91.0,257.9166666666667
2019-10-19,257.9166666666667,91,0.7165354330708661,0.7559055118110236,0.9448818897637795,0.8110236220472441,0.7952755905511811,0.8372703412073492,0.8470191226096738,0.7629921259842519,2019-10-20,0.937007874015748,119.0,326.875
2019-10-20,326.875,119,0.937007874015748,0.7165354330708661,0.7559055118110236,0.9448818897637795,0.905511811023622,0.8057742782152233,0.8357705286839145,0.7593175853018372,2019-10-21,0.84251968503937,107.0,298.8333333333333
2019-10-21,298.8333333333333,107,0.84251968503937,0.937007874015748,0.7165354330708661,0.7559055118110236,0.9212598425196851,0.8031496062992126,0.8402699662542182,0.7624671916010498,2019-10-22,0.5196850393700787,66.0,193.625
2019-10-22,193.625,66,0.5196850393700787,0.84251968503937,0.937007874015748,0.7165354330708661,0.7952755905511811,0.8320209973753282,0.829021372328459,0.7635170603674539,2019-10-23,0.7322834645669292,93.0,263.5
2019-10-23,263.5,93,0.7322834645669292,0.5196850393700787,0.84251968503937,0.937007874015748,0.8110236220472441,0.7664041994750658,0.7896512935883013,0.7517060367454069,2019-10-24,0.9291338582677166,118.0,326.0416666666667
2019-10-24,326.0416666666667,118,0.9291338582677166,0.7322834645669292,0.5196850393700787,0.84251968503937,0.9448818897637795,0.6981627296587928,0.7784026996625422,0.7611548556430446,2019-10-25,0.937007874015748,119.0,327.6666666666667
2019-10-25,327.6666666666667,119,0.937007874015748,0.9291338582677166,0.7322834645669292,0.5196850393700787,0.7559055118110236,0.7270341207349084,0.7761529808773904,0.7645669291338583,2019-10-26,0.937007874015748,119.0,327.0
2019-10-26,327.0,119,0.937007874015748,0.937007874015748,0.9291338582677166,0.7322834645669292,0.7165354330708661,0.8661417322834648,0.8020247469066366,0.7816272965879265,2019-10-27,0.8740157480314961,111.0,308.9583333333333
2019-10-27,308.9583333333333,111,0.8740157480314961,0.937007874015748,0.937007874015748,0.9291338582677166,0.937007874015748,0.9343832020997377,0.8335208098987626,0.783727034120735,2019-10-28,0.889763779527559,113.0,314.0416666666667
2019-10-28,314.0416666666667,113,0.889763779527559,0.8740157480314961,0.937007874015748,0.937007874015748,0.84251968503937,0.9160104986876642,0.8245219347581552,0.7832020997375329,2019-10-29,0.9212598425196851,117.0,322.5833333333333
2019-10-29,322.5833333333333,117,0.9212598425196851,0.889763779527559,0.8740157480314961,0.937007874015748,0.5196850393700787,0.9002624671916012,0.8312710911136109,0.7910761154855643,2019-10-30,0.8661417322834646,110.0,304.625
2019-10-30,304.625,110,0.8661417322834646,0.9212598425196851,0.889763779527559,0.8740157480314961,0.7322834645669292,0.8950131233595803,0.888638920134983,0.8007874015748032,2019-10-31,0.6850393700787402,87.0,246.45833333333331
2019-10-31,246.45833333333331,87,0.6850393700787402,0.8661417322834646,0.9212598425196851,0.889763779527559,0.9291338582677166,0.8923884514435697,0.9077615298087739,0.8062992125984252,2019-11-01,0.84251968503937,107.0,296.9583333333333
2019-11-01,296.9583333333333,107,0.84251968503937,0.6850393700787402,0.8661417322834646,0.9212598425196851,0.937007874015748,0.8241469816272967,0.8728908886389201,0.8,2019-11-02,0.9291338582677166,118.0,326.625
2019-11-02,326.625,118,0.9291338582677166,0.84251968503937,0.6850393700787402,0.8661417322834646,0.937007874015748,0.7979002624671917,0.859392575928009,0.8175853018372704,2019-11-03,0.968503937007874,123.0,337.9166666666667
2019-11-03,337.9166666666667,123,0.968503937007874,0.9291338582677166,0.84251968503937,0.6850393700787402,0.8740157480314961,0.8188976377952758,0.8582677165354331,0.8288713910761154,2019-11-04,0.8740157480314961,111.0,307.2916666666667
2019-11-04,307.2916666666667,111,0.8740157480314961,0.968503937007874,0.9291338582677166,0.84251968503937,0.889763779527559,0.9133858267716537,0.8717660292463442,0.8335958005249343,2019-11-05,0.952755905511811,121.0,334.0
2019-11-05,334.0,121,0.952755905511811,0.8740157480314961,0.968503937007874,0.9291338582677166,0.9212598425196851,0.9238845144356956,0.8695163104611924,0.8325459317585301,2019-11-06,0.952755905511811,121.0,333.1666666666667
2019-11-06,333.1666666666667,121,0.952755905511811,0.952755905511811,0.8740157480314961,0.968503937007874,0.8661417322834646,0.9317585301837271,0.8740157480314961,0.8343832020997375,2019-11-07,0.8818897637795275,112.0,311.0833333333333
2019-11-07,311.0833333333333,112,0.8818897637795275,0.952755905511811,0.952755905511811,0.8740157480314961,0.6850393700787402,0.9265091863517062,0.8863892013498312,0.8451443569553805,2019-11-08,0.9212598425196851,117.0,321.8333333333333
2019-11-08,321.8333333333333,117,0.9212598425196851,0.8818897637795275,0.952755905511811,0.952755905511811,0.84251968503937,0.9291338582677167,0.9145106861642295,0.8438320209973753,2019-11-09,0.8661417322834646,110.0,305.5416666666667
2019-11-09,305.5416666666667,110,0.8661417322834646,0.9212598425196851,0.8818897637795275,0.952755905511811,0.9291338582677166,0.9186351706036747,0.9257592800899888,0.8535433070866142,2019-11-10,0.937007874015748,119.0,327.875
2019-11-10,327.875,119,0.937007874015748,0.8661417322834646,0.9212598425196851,0.8818897637795275,0.968503937007874,0.8897637795275593,0.9167604049493813,0.8535433070866142,2019-11-11,0.9448818897637795,120.0,330.875
2019-11-11,330.875,120,0.9448818897637795,0.937007874015748,0.8661417322834646,0.9212598425196851,0.8740157480314961,0.9081364829396327,0.9122609673790775,0.8614173228346457,2019-11-12,0.952755905511811,121.0,333.2083333333333
2019-11-12,333.2083333333333,121,0.952755905511811,0.9448818897637795,0.937007874015748,0.8661417322834646,0.952755905511811,0.9160104986876642,0.922384701912261,0.8664041994750656,2019-11-13,0.905511811023622,115.0,318.2083333333333
2019-11-13,318.2083333333333,115,0.905511811023622,0.952755905511811,0.9448818897637795,0.937007874015748,0.952755905511811,0.9448818897637796,0.922384701912261,0.8679790026246719,2019-11-14,0.8976377952755905,114.0,316.5
2019-11-14,316.5,114,0.8976377952755905,0.905511811023622,0.952755905511811,0.9448818897637795,0.8818897637795275,0.9343832020997377,0.9156355455568054,0.8674540682414698,2019-11-15,0.9606299212598425,122.0,334.4583333333333
2019-11-15,334.4583333333333,122,0.9606299212598425,0.8976377952755905,0.905511811023622,0.952755905511811,0.9212598425196851,0.9186351706036747,0.9178852643419572,0.8708661417322835,2019-11-16,0.9291338582677166,118.0,325.7916666666667
2019-11-16,325.7916666666667,118,0.9291338582677166,0.9606299212598425,0.8976377952755905,0.905511811023622,0.8661417322834646,0.9212598425196852,0.9235095613048367,0.8758530183727034,2019-11-17,0.2204724409448819,28.0,98.04166666666669
2019-11-17,98.04166666666669,28,0.2204724409448819,0.9291338582677166,0.9606299212598425,0.8976377952755905,0.937007874015748,0.9291338582677167,0.9325084364454443,0.8753280839895013,2019-11-18,0.2677165354330709,34.0,114.5
2019-11-18,114.5,34,0.2677165354330709,0.2204724409448819,0.9291338582677166,0.9606299212598425,0.9448818897637795,0.7034120734908137,0.830146231721035,0.8574803149606299,2019-11-19,0.33858267716535434,43.0,135.75
2019-11-19,135.75,43,0.33858267716535434,0.2677165354330709,0.2204724409448819,0.9291338582677166,0.952755905511811,0.47244094488189,0.7334083239595051,0.84251968503937,2019-11-20,0.29133858267716534,37.0,120.29166666666669
2019-11-20,120.29166666666669,37,0.29133858267716534,0.33858267716535434,0.2677165354330709,0.2204724409448819,0.905511811023622,0.27559055118110254,0.6456692913385826,0.8225721784776904,2019-11-21,0.9763779527559056,124.0,341.1666666666667
2019-11-21,341.1666666666667,124,0.9763779527559056,0.29133858267716534,0.33858267716535434,0.2677165354330709,0.8976377952755905,0.299212598425197,0.5579302587176602,0.8041994750656168,2019-11-22,0.7637795275590551,97.0,272.1666666666667
2019-11-22,272.1666666666667,97,0.7637795275590551,0.9763779527559056,0.29133858267716534,0.33858267716535434,0.9606299212598425,0.5354330708661419,0.5691788526434196,0.8194225721784777,2019-11-23,0.937007874015748,119.0,329.2083333333333
2019-11-23,329.2083333333333,119,0.937007874015748,0.7637795275590551,0.9763779527559056,0.29133858267716534,0.9291338582677166,0.6771653543307088,0.5410573678290214,0.8204724409448818,2019-11-24,0.8818897637795275,112.0,309.2916666666667
2019-11-24,309.2916666666667,112,0.8818897637795275,0.937007874015748,0.7637795275590551,0.9763779527559056,0.2204724409448819,0.8923884514435697,0.5421822272215974,0.820734908136483,2019-11-25,0.23622047244094488,30.0,104.45833333333331
2019-11-25,104.45833333333331,30,0.23622047244094488,0.8818897637795275,0.937007874015748,0.7637795275590551,0.2677165354330709,0.8608923884514437,0.6366704161979753,0.8188976377952756,2019-11-26,0.0,0.0,27.916666666666668
2019-11-26,27.916666666666668,0,0.0,0.23622047244094488,0.8818897637795275,0.937007874015748,0.33858267716535434,0.6850393700787403,0.6321709786276716,0.7955380577427821,2019-11-27,0.5826771653543307,74.0,215.625
2019-11-27,215.625,74,0.5826771653543307,0.0,0.23622047244094488,0.8818897637795275,0.29133858267716534,0.3727034120734909,0.5838020247469068,0.7664041994750656,2019-11-28,0.7322834645669292,93.0,262.75
2019-11-28,262.75,93,0.7322834645669292,0.5826771653543307,0.0,0.23622047244094488,0.9763779527559056,0.272965879265092,0.625421822272216,0.7561679790026247,2019-11-29,0.9606299212598425,122.0,336.2083333333333
2019-11-29,336.2083333333333,122,0.9606299212598425,0.7322834645669292,0.5826771653543307,0.0,0.7637795275590551,0.43832020997375337,0.5905511811023622,0.7498687664041994,2019-11-30,0.968503937007874,123.0,337.9166666666667
2019-11-30,337.9166666666667,123,0.968503937007874,0.9606299212598425,0.7322834645669292,0.5826771653543307,0.937007874015748,0.7585301837270343,0.6186726659167604,0.7530183727034121,2019-12-01,0.984251968503937,125.0,343.25
2019-12-01,343.25,125,0.984251968503937,0.968503937007874,0.9606299212598425,0.7322834645669292,0.8818897637795275,0.8871391076115488,0.623172103487064,0.7624671916010499,2019-12-02,0.952755905511811,121.0,333.0416666666667
2019-12-02,333.0416666666667,121,0.952755905511811,0.984251968503937,0.968503937007874,0.9606299212598425,0.23622047244094488,0.9711286089238848,0.6377952755905512,0.7671916010498687,2019-12-03,0.8346456692913385,106.0,296.3333333333333
2019-12-03,296.3333333333333,106,0.8346456692913385,0.952755905511811,0.984251968503937,0.968503937007874,0.0,0.9685039370078741,0.7401574803149605,0.767979002624672,2019-12-04,0.968503937007874,123.0,338.0
2019-12-04,338.0,123,0.968503937007874,0.8346456692913385,0.952755905511811,0.984251968503937,0.5826771653543307,0.9238845144356956,0.859392575928009,0.763517060367454,2019-12-05,0.9921259842519685,126.0,345.9583333333333
2019-12-05,345.9583333333333,126,0.9921259842519685,0.968503937007874,0.8346456692913385,0.952755905511811,0.7322834645669292,0.9186351706036747,0.9145106861642294,0.7666666666666667,2019-12-06,0.968503937007874,123.0,337.7916666666667
2019-12-06,337.7916666666667,123,0.968503937007874,0.9921259842519685,0.968503937007874,0.8346456692913385,0.9606299212598425,0.9317585301837271,0.9516310461192351,0.767979002624672,2019-12-07,0.952755905511811,121.0,331.7916666666667
2019-12-07,331.7916666666667,121,0.952755905511811,0.968503937007874,0.9921259842519685,0.968503937007874,0.968503937007874,0.9763779527559057,0.952755905511811,0.7685039370078741,2019-12-08,0.8740157480314961,111.0,306.7083333333333
2019-12-08,306.7083333333333,111,0.8740157480314961,0.952755905511811,0.968503937007874,0.9921259842519685,0.984251968503937,0.9711286089238845,0.9505061867266591,0.7708661417322834,2019-12-09,0.984251968503937,125.0,343.4166666666667
2019-12-09,343.4166666666667,125,0.984251968503937,0.8740157480314961,0.952755905511811,0.968503937007874,0.952755905511811,0.9317585301837271,0.9347581552305961,0.7692913385826772,2019-12-10,0.968503937007874,123.0,338.875
2019-12-10,338.875,123,0.968503937007874,0.984251968503937,0.8740157480314961,0.952755905511811,0.8346456692913385,0.9370078740157481,0.9392575928008998,0.7732283464566929,2019-12-11,1.0,127.0,347.2916666666667
2019-12-11,347.2916666666667,127,1.0,0.968503937007874,0.984251968503937,0.8740157480314961,0.968503937007874,0.9422572178477692,0.9583802024746907,0.7742782152230971,2019-12-12,1.0,127.0,348.125
2019-12-12,348.125,127,1.0,1.0,0.968503937007874,0.984251968503937,0.9921259842519685,0.984251968503937,0.9628796400449945,0.7761154855643044,2019-12-13,1.0,127.0,347.0
2019-12-13,347.0,127,1.0,1.0,1.0,0.968503937007874,0.968503937007874,0.9895013123359581,0.9640044994375704,0.7776902887139109,2019-12-14,0.8582677165354331,109.0,301.75
2019-12-14,301.75,109,0.8582677165354331,1.0,1.0,1.0,0.952755905511811,1.0,0.9685039370078741,0.7808398950131235,2019-12-15,0.8110236220472441,103.0,286.9583333333333
2019-12-15,286.9583333333333,103,0.8110236220472441,0.8582677165354331,1.0,1.0,0.8740157480314961,0.9527559055118111,0.955005624296963,0.7795275590551181,2019-12-16,0.905511811023622,115.0,317.0833333333333
2019-12-16,317.0833333333333,115,0.905511811023622,0.8110236220472441,0.8582677165354331,1.0,0.984251968503937,0.8897637795275591,0.9460067491563554,0.7745406824146982,2019-12-17,0.8188976377952756,104.0,288.9583333333333
2019-12-17,288.9583333333333,104,0.8188976377952756,0.905511811023622,0.8110236220472441,0.8582677165354331,0.968503937007874,0.8582677165354332,0.9347581552305961,0.7737532808398949,2019-12-18,0.937007874015748,119.0,329.125
2019-12-18,329.125,119,0.937007874015748,0.8188976377952756,0.905511811023622,0.8110236220472441,1.0,0.8451443569553807,0.9133858267716535,0.7937007874015748,2019-12-19,0.984251968503937,125.0,343.0416666666667
2019-12-19,343.0416666666667,125,0.984251968503937,0.937007874015748,0.8188976377952756,0.905511811023622,1.0,0.8871391076115486,0.904386951631046,0.8160104986876641,2019-12-20,0.9448818897637795,120.0,329.3333333333333
2019-12-20,329.3333333333333,120,0.9448818897637795,0.984251968503937,0.937007874015748,0.8188976377952756,1.0,0.9133858267716537,0.9021372328458942,0.8375328083989502,2019-12-21,0.7795275590551181,99.0,276.3333333333333
2019-12-21,276.3333333333333,99,0.7795275590551181,0.9448818897637795,0.984251968503937,0.937007874015748,0.8582677165354331,0.9553805774278216,0.8942632170978627,0.8593175853018373,2019-12-22,0.8976377952755905,114.0,314.5
2019-12-22,314.5,114,0.8976377952755905,0.7795275590551181,0.9448818897637795,0.984251968503937,0.8110236220472441,0.9028871391076118,0.8830146231721034,0.852755905511811,2019-12-23,0.9291338582677166,118.0,326.125
2019-12-23,326.125,118,0.9291338582677166,0.8976377952755905,0.7795275590551181,0.9448818897637795,0.905511811023622,0.8740157480314962,0.8953880764904386,0.8572178477690289,2019-12-24,0.7874015748031497,100.0,279.5
2019-12-24,279.5,100,0.7874015748031497,0.9291338582677166,0.8976377952755905,0.7795275590551181,0.8188976377952756,0.8687664041994752,0.8987626546681664,0.8569553805774278,2019-12-25,0.8110236220472441,103.0,288.0833333333333
2019-12-25,288.0833333333333,103,0.8110236220472441,0.7874015748031497,0.9291338582677166,0.8976377952755905,0.937007874015748,0.8713910761154856,0.8942632170978627,0.8538057742782151,2019-12-26,0.7716535433070866,98.0,274.5416666666667
2019-12-26,274.5416666666667,98,0.7716535433070866,0.8110236220472441,0.7874015748031497,0.9291338582677166,0.984251968503937,0.8425196850393702,0.876265466816648,0.8729658792650918,2019-12-27,0.7716535433070866,98.0,274.125
2019-12-27,274.125,98,0.7716535433070866,0.7716535433070866,0.8110236220472441,0.7874015748031497,0.9448818897637795,0.7900262467191602,0.8458942632170979,0.8986876640419948,2019-12-28,0.6850393700787402,87.0,248.16666666666663
2019-12-28,248.16666666666663,87,0.6850393700787402,0.7716535433070866,0.7716535433070866,0.8110236220472441,0.7795275590551181,0.7847769028871392,0.8211473565804275,0.9049868766404199,2019-12-29,0.9133858267716536,116.0,321.2083333333333
2019-12-29,321.2083333333333,116,0.9133858267716536,0.6850393700787402,0.7716535433070866,0.7716535433070866,0.8976377952755905,0.7427821522309713,0.8076490438695163,0.9034120734908136,2019-12-30,0.7007874015748031,89.0,252.04166666666663
2019-12-30,252.04166666666663,89,0.7007874015748031,0.9133858267716536,0.6850393700787402,0.7716535433070866,0.9291338582677166,0.7900262467191602,0.8098987626546682,0.9018372703412073,2019-12-31,0.4330708661417323,55.0,166.0
2019-12-31,166.0,55,0.4330708661417323,0.7007874015748031,0.9133858267716536,0.6850393700787402,0.7874015748031497,0.7664041994750658,0.7772778402699663,0.8929133858267716,2020-01-01,0.5433070866141733,69.0,202.91666666666663
2020-01-01,202.91666666666663,69,0.5433070866141733,0.4330708661417323,0.7007874015748031,0.9133858267716536,0.8110236220472441,0.6824146981627298,0.7266591676040495,0.8745406824146982,2020-01-02,0.5196850393700787,66.0,193.16666666666663
2020-01-02,193.16666666666663,66,0.5196850393700787,0.5433070866141733,0.4330708661417323,0.7007874015748031,0.7716535433070866,0.5590551181102363,0.6884139482564678,0.8608923884514436,2020-01-03,0.3700787401574803,47.0,145.33333333333334
2020-01-03,145.33333333333334,47,0.3700787401574803,0.5196850393700787,0.5433070866141733,0.4330708661417323,0.7716535433070866,0.4986876640419949,0.6524184476940382,0.8503937007874016,2020-01-04,0.7795275590551181,99.0,277.4583333333333
2020-01-04,277.4583333333333,99,0.7795275590551181,0.3700787401574803,0.5196850393700787,0.5433070866141733,0.6850393700787402,0.4776902887139108,0.5950506186726658,0.8304461942257219,2020-01-05,0.6535433070866141,83.0,238.41666666666663
2020-01-05,238.41666666666663,83,0.6535433070866141,0.7795275590551181,0.3700787401574803,0.5196850393700787,0.9133858267716536,0.5564304461942258,0.608548931383577,0.8233595800524933,2020-01-06,0.6771653543307087,86.0,243.58333333333331
2020-01-06,243.58333333333331,86,0.6771653543307087,0.6535433070866141,0.7795275590551181,0.3700787401574803,0.7007874015748031,0.6010498687664043,0.5714285714285714,0.8128608923884514,2020-01-07,0.7244094488188977,92.0,260.2916666666667
2020-01-07,260.2916666666667,92,0.7244094488188977,0.6771653543307087,0.6535433070866141,0.7795275590551181,0.4330708661417323,0.7034120734908137,0.5680539932508436,0.8036745406824147,2020-01-08,0.7480314960629921,95.0,266.625
2020-01-08,266.625,95,0.7480314960629921,0.7244094488188977,0.6771653543307087,0.6535433070866141,0.5433070866141733,0.6850393700787403,0.609673790776153,0.7986876640419946,2020-01-09,0.7244094488188977,92.0,260.0833333333333
2020-01-09,260.0833333333333,92,0.7244094488188977,0.7480314960629921,0.7244094488188977,0.6771653543307087,0.5196850393700787,0.7165354330708663,0.6389201349831272,0.7908136482939632,2020-01-10,0.9763779527559056,124.0,339.375
2020-01-10,339.375,124,0.9763779527559056,0.7244094488188977,0.7480314960629921,0.7244094488188977,0.3700787401574803,0.7322834645669293,0.6681664791901013,0.7826771653543306,2020-01-11,0.9291338582677166,118.0,326.2916666666667
2020-01-11,326.2916666666667,118,0.9291338582677166,0.9763779527559056,0.7244094488188977,0.7480314960629921,0.7795275590551181,0.8162729658792651,0.7547806524184477,0.7818897637795276,2020-01-12,0.9606299212598425,122.0,335.0416666666667
2020-01-12,335.0416666666667,122,0.9606299212598425,0.9291338582677166,0.9763779527559056,0.7244094488188977,0.6535433070866141,0.8766404199475066,0.7761529808773905,0.7795275590551181,2020-01-13,0.984251968503937,125.0,342.2916666666667
2020-01-13,342.2916666666667,125,0.984251968503937,0.9606299212598425,0.9291338582677166,0.9763779527559056,0.6771653543307087,0.9553805774278216,0.8200224971878515,0.7782152230971129,2020-01-14,0.9921259842519685,126.0,344.6666666666667
2020-01-14,344.6666666666667,126,0.9921259842519685,0.984251968503937,0.9606299212598425,0.9291338582677166,0.7244094488188977,0.9580052493438321,0.8638920134983127,0.7824146981627298,2020-01-15,1.0,127.0,347.7916666666667
2020-01-15,347.7916666666667,127,1.0,0.9921259842519685,0.984251968503937,0.9606299212598425,0.7480314960629921,0.979002624671916,0.9021372328458942,0.7884514435695539,2020-01-16,0.9606299212598425,122.0,336.0
2020-01-16,336.0,122,0.9606299212598425,1.0,0.9921259842519685,0.984251968503937,0.7244094488188977,0.9921259842519685,0.938132733408324,0.7916010498687664,2020-01-17,0.8976377952755905,114.0,315.75
2020-01-17,315.75,114,0.8976377952755905,0.9606299212598425,1.0,0.9921259842519685,0.9763779527559056,0.984251968503937,0.9718785151856018,0.7963254593175854,2020-01-18,0.8031496062992126,102.0,283.875
2020-01-18,283.875,102,0.8031496062992126,0.8976377952755905,0.9606299212598425,1.0,0.9291338582677166,0.9527559055118111,0.9606299212598425,0.79501312335958,2020-01-19,0.8346456692913385,106.0,294.0416666666667
2020-01-19,294.0416666666667,106,0.8346456692913385,0.8031496062992126,0.8976377952755905,0.9606299212598425,0.9606299212598425,0.8871391076115486,0.9426321709786277,0.7889763779527559,2020-01-20,0.8976377952755905,114.0,315.9583333333333
2020-01-20,315.9583333333333,114,0.8976377952755905,0.8346456692913385,0.8031496062992126,0.8976377952755905,0.984251968503937,0.8451443569553807,0.9246344206974129,0.7853018372703412,2020-01-21,0.6535433070866141,83.0,238.20833333333331
2020-01-21,238.20833333333331,83,0.6535433070866141,0.8976377952755905,0.8346456692913385,0.8031496062992126,0.9921259842519685,0.8451443569553807,0.9122609673790777,0.7892388451443569,2020-01-22,0.2047244094488189,26.0,93.16666666666669
2020-01-22,93.16666666666669,26,0.2047244094488189,0.6535433070866141,0.8976377952755905,0.8346456692913385,1.0,0.7952755905511811,0.8638920134983127,0.7811023622047244,2020-01-23,0.3228346456692913,41.0,130.08333333333334
2020-01-23,130.08333333333334,41,0.3228346456692913,0.2047244094488189,0.6535433070866141,0.8976377952755905,0.9606299212598425,0.5853018372703412,0.750281214848144,0.7569553805774277,2020-01-24,0.4645669291338583,59.0,176.83333333333334
2020-01-24,176.83333333333334,59,0.4645669291338583,0.3228346456692913,0.2047244094488189,0.6535433070866141,0.8976377952755905,0.3937007874015748,0.6591676040494938,0.7414698162729659,2020-01-25,0.7244094488188977,92.0,258.875
2020-01-25,258.875,92,0.7244094488188977,0.4645669291338583,0.3228346456692913,0.2047244094488189,0.8031496062992126,0.3307086614173229,0.5973003374578177,0.7299212598425198,2020-01-26,0.41732283464566927,53.0,161.16666666666666
2020-01-26,161.16666666666666,53,0.41732283464566927,0.7244094488188977,0.4645669291338583,0.3228346456692913,0.8346456692913385,0.5039370078740159,0.5860517435320585,0.7283464566929133,2020-01-27,0.952755905511811,121.0,332.25
2020-01-27,332.25,121,0.952755905511811,0.41732283464566927,0.7244094488188977,0.4645669291338583,0.8976377952755905,0.5354330708661419,0.5264341957255343,0.7165354330708662,2020-01-28,0.8818897637795275,112.0,310.9166666666667
2020-01-28,310.9166666666667,112,0.8818897637795275,0.952755905511811,0.41732283464566927,0.7244094488188977,0.6535433070866141,0.6981627296587928,0.5343082114735658,0.7254593175853018,2020-01-29,0.8740157480314961,111.0,307.2916666666667
2020-01-29,307.2916666666667,111,0.8740157480314961,0.8818897637795275,0.952755905511811,0.41732283464566927,0.2047244094488189,0.7506561679790028,0.5669291338582677,0.7244094488188977,2020-01-30,0.7874015748031497,100.0,280.375
2020-01-30,280.375,100,0.7874015748031497,0.8740157480314961,0.8818897637795275,0.952755905511811,0.3228346456692913,0.9028871391076118,0.6625421822272216,0.7301837270341207,2020-01-31,0.6220472440944882,79.0,227.95833333333331
2020-01-31,227.95833333333331,79,0.6220472440944882,0.7874015748031497,0.8740157480314961,0.8818897637795275,0.4645669291338583,0.8477690288713912,0.7289088863892015,0.741994750656168,2020-02-01,0.6141732283464567,78.0,225.75
2020-02-01,225.75,78,0.6141732283464567,0.6220472440944882,0.7874015748031497,0.8740157480314961,0.7244094488188977,0.7611548556430447,0.7514060742407199,0.7446194225721784,2020-02-02,0.8818897637795275,112.0,310.875
2020-02-02,310.875,112,0.8818897637795275,0.6141732283464567,0.6220472440944882,0.7874015748031497,0.41732283464566927,0.6745406824146983,0.7356580427446568,0.7477690288713911,2020-02-03,0.8346456692913385,106.0,296.3333333333333
2020-02-03,296.3333333333333,106,0.8346456692913385,0.8818897637795275,0.6141732283464567,0.6220472440944882,0.952755905511811,0.7060367454068243,0.8020247469066366,0.7648293963254592,2020-02-04,0.6771653543307087,86.0,245.875
2020-02-04,245.875,86,0.6771653543307087,0.8346456692913385,0.8818897637795275,0.6141732283464567,0.8818897637795275,0.7769028871391077,0.7851518560179979,0.7666666666666667,2020-02-05,0.6850393700787402,87.0,247.125
2020-02-05,247.125,87,0.6850393700787402,0.6771653543307087,0.8346456692913385,0.8818897637795275,0.8740157480314961,0.7979002624671917,0.7559055118110237,0.7674540682414699,2020-02-06,0.5196850393700787,66.0,193.45833333333331
2020-02-06,193.45833333333331,66,0.5196850393700787,0.6850393700787402,0.6771653543307087,0.8346456692913385,0.7874015748031497,0.7322834645669292,0.7289088863892014,0.7677165354330708,2020-02-07,0.5275590551181102,67.0,197.95833333333331
2020-02-07,197.95833333333331,67,0.5275590551181102,0.5196850393700787,0.6850393700787402,0.6771653543307087,0.6220472440944882,0.6272965879265092,0.6906636670416197,0.7608923884514436,2020-02-08,0.5905511811023622,75.0,216.33333333333331
2020-02-08,216.33333333333331,75,0.5905511811023622,0.5275590551181102,0.5196850393700787,0.6850393700787402,0.6141732283464567,0.5774278215223098,0.6771653543307086,0.7535433070866142,2020-02-09,0.7165354330708661,91.0,257.125
2020-02-09,257.125,91,0.7165354330708661,0.5905511811023622,0.5275590551181102,0.5196850393700787,0.8818897637795275,0.5459317585301838,0.6737907761529808,0.7490813648293962,2020-02-10,0.5984251968503937,76.0,220.375
2020-02-10,220.375,76,0.5984251968503937,0.7165354330708661,0.5905511811023622,0.5275590551181102,0.8346456692913385,0.6115485564304463,0.6501687289088863,0.7404199475065616,2020-02-11,0.9606299212598425,122.0,335.0833333333333
2020-02-11,335.0833333333333,122,0.9606299212598425,0.5984251968503937,0.7165354330708661,0.5905511811023622,0.6771653543307087,0.6351706036745407,0.6164229471316085,0.7293963254593177,2020-02-12,0.8661417322834646,110.0,305.5
2020-02-12,305.5,110,0.8661417322834646,0.9606299212598425,0.5984251968503937,0.7165354330708661,0.6850393700787402,0.7585301837270343,0.6569178852643419,0.7293963254593175,2020-02-13,0.7401574803149606,94.0,264.3333333333333
2020-02-13,264.3333333333333,94,0.7401574803149606,0.8661417322834646,0.9606299212598425,0.5984251968503937,0.5196850393700787,0.8083989501312336,0.6827896512935884,0.7254593175853018,2020-02-14,0.7322834645669292,93.0,262.5
2020-02-14,262.5,93,0.7322834645669292,0.7401574803149606,0.8661417322834646,0.9606299212598425,0.5275590551181102,0.8556430446194226,0.7142857142857143,0.7170603674540683,2020-02-15,0.9606299212598425,122.0,336.1666666666667
2020-02-15,336.1666666666667,122,0.9606299212598425,0.7322834645669292,0.7401574803149606,0.8661417322834646,0.5905511811023622,0.7795275590551182,0.7435320584926884,0.7081364829396326,2020-02-16,0.8740157480314961,111.0,307.0833333333333
2020-02-16,307.0833333333333,111,0.8740157480314961,0.9606299212598425,0.7322834645669292,0.7401574803149606,0.7165354330708661,0.8110236220472441,0.7964004499437571,0.7081364829396325,2020-02-17,0.6850393700787402,87.0,247.33333333333331
2020-02-17,247.33333333333331,87,0.6850393700787402,0.8740157480314961,0.9606299212598425,0.7322834645669292,0.5984251968503937,0.8556430446194226,0.8188976377952756,0.7073490813648294,2020-02-18,0.4251968503937008,54.0,163.66666666666666
2020-02-18,163.66666666666666,54,0.4251968503937008,0.6850393700787402,0.8740157480314961,0.9606299212598425,0.9606299212598425,0.8398950131233597,0.8312710911136109,0.7034120734908136,2020-02-19,0.4330708661417323,55.0,166.83333333333334
2020-02-19,166.83333333333334,55,0.4330708661417323,0.4251968503937008,0.6850393700787402,0.8740157480314961,0.8661417322834646,0.6614173228346457,0.7547806524184476,0.689763779527559,2020-02-20,0.7086614173228346,90.0,254.33333333333331
2020-02-20,254.33333333333331,90,0.7086614173228346,0.4330708661417323,0.4251968503937008,0.6850393700787402,0.7401574803149606,0.5144356955380579,0.6929133858267715,0.6742782152230972,2020-02-21,0.5826771653543307,74.0,213.375
2020-02-21,213.375,74,0.5826771653543307,0.7086614173228346,0.4330708661417323,0.4251968503937008,0.7322834645669292,0.5223097112860894,0.688413948256468,0.6761154855643045,2020-02-22,0.7795275590551181,99.0,277.75
2020-02-22,277.75,99,0.7795275590551181,0.5826771653543307,0.7086614173228346,0.4330708661417323,0.9606299212598425,0.5748031496062992,0.6670416197975253,0.688713910761155,2020-02-23,0.6456692913385826,82.0,233.41666666666663
2020-02-23,233.41666666666663,82,0.6456692913385826,0.7795275590551181,0.5826771653543307,0.7086614173228346,0.8740157480314961,0.6902887139107611,0.641169853768279,0.7039370078740157,2020-02-24,0.8976377952755905,114.0,314.6666666666667
2020-02-24,314.6666666666667,114,0.8976377952755905,0.6456692913385826,0.7795275590551181,0.5826771653543307,0.6850393700787402,0.6692913385826772,0.608548931383577,0.7099737532808399,2020-02-25,0.7165354330708661,91.0,256.375
2020-02-25,256.375,91,0.7165354330708661,0.8976377952755905,0.6456692913385826,0.7795275590551181,0.4251968503937008,0.7742782152230973,0.6389201349831272,0.7157480314960629,2020-02-26,0.6929133858267716,88.0,249.29166666666663
2020-02-26,249.29166666666663,88,0.6929133858267716,0.7165354330708661,0.8976377952755905,0.6456692913385826,0.4330708661417323,0.7532808398950132,0.6805399325084364,0.7257217847769029,2020-02-27,0.8346456692913385,106.0,294.5416666666667
2020-02-27,294.5416666666667,106,0.8346456692913385,0.6929133858267716,0.7165354330708661,0.8976377952755905,0.7086614173228346,0.7690288713910762,0.7176602924634421,0.7170603674540682,2020-02-28,0.7480314960629921,95.0,266.75
2020-02-28,266.75,95,0.7480314960629921,0.8346456692913385,0.6929133858267716,0.7165354330708661,0.5826771653543307,0.7480314960629921,0.7356580427446568,0.715485564304462,2020-02-29,0.4330708661417323,55.0,167.29166666666666
2020-02-29,167.29166666666666,55,0.4330708661417323,0.7480314960629921,0.8346456692913385,0.6929133858267716,0.7795275590551181,0.7585301837270341,0.7592800899887514,0.7112860892388452,2020-03-01,0.7165354330708661,91.0,256.9583333333333
2020-03-01,256.9583333333333,91,0.7165354330708661,0.4330708661417323,0.7480314960629921,0.8346456692913385,0.6456692913385826,0.6719160104986877,0.7097862767154106,0.6994750656167977,2020-03-02,0.84251968503937,107.0,297.625
2020-03-02,297.625,107,0.84251968503937,0.7165354330708661,0.4330708661417323,0.7480314960629921,0.8976377952755905,0.6325459317585302,0.7199100112485939,0.7026246719160105,2020-03-03,0.6692913385826772,85.0,241.83333333333331
2020-03-03,241.83333333333331,85,0.6692913385826772,0.84251968503937,0.7165354330708661,0.4330708661417323,0.7165354330708661,0.6640419947506563,0.7120359955005624,0.7102362204724408,2020-03-04,0.7795275590551181,99.0,277.8333333333333
2020-03-04,277.8333333333333,99,0.7795275590551181,0.6692913385826772,0.84251968503937,0.7165354330708661,0.6929133858267716,0.7427821522309711,0.7052868391451069,0.7031496062992126,2020-03-05,0.7952755905511811,101.0,283.0416666666667
2020-03-05,283.0416666666667,101,0.7952755905511811,0.7795275590551181,0.6692913385826772,0.84251968503937,0.8346456692913385,0.7637795275590551,0.7176602924634421,0.7013123359580052,2020-03-06,0.44881889763779526,57.0,171.95833333333334
2020-03-06,171.95833333333334,57,0.44881889763779526,0.7952755905511811,0.7795275590551181,0.6692913385826772,0.7480314960629921,0.7480314960629922,0.7120359955005624,0.705249343832021,2020-03-07,0.5275590551181102,67.0,197.79166666666663
2020-03-07,197.79166666666663,67,0.5275590551181102,0.44881889763779526,0.7952755905511811,0.7795275590551181,0.4330708661417323,0.6745406824146981,0.6692913385826771,0.6973753280839894,2020-03-08,0.5511811023622047,70.0,204.875
2020-03-08,204.875,70,0.5511811023622047,0.5275590551181102,0.44881889763779526,0.7952755905511811,0.7165354330708661,0.5905511811023622,0.6827896512935883,0.6976377952755904,2020-03-09,0.5354330708661418,68.0,199.75
2020-03-09,199.75,68,0.5354330708661418,0.5511811023622047,0.5275590551181102,0.44881889763779526,0.84251968503937,0.5091863517060368,0.6591676040494938,0.6984251968503937,2020-03-10,0.4094488188976378,52.0,159.29166666666666
2020-03-10,159.29166666666666,52,0.4094488188976378,0.5354330708661418,0.5511811023622047,0.5275590551181102,0.6692913385826772,0.5380577427821523,0.6152980877390327,0.6965879265091864,2020-03-11,0.7637795275590551,97.0,272.6666666666667
2020-03-11,272.6666666666667,97,0.7637795275590551,0.4094488188976378,0.5354330708661418,0.5511811023622047,0.7795275590551181,0.4986876640419949,0.578177727784027,0.6863517060367454,2020-03-12,0.4645669291338583,59.0,177.66666666666666
2020-03-12,177.66666666666666,59,0.4645669291338583,0.7637795275590551,0.4094488188976378,0.5354330708661418,0.7952755905511811,0.5695538057742783,0.5759280089988751,0.6918635170603674,2020-03-13,0.7952755905511811,101.0,281.5833333333333
2020-03-13,281.5833333333333,101,0.7952755905511811,0.4645669291338583,0.7637795275590551,0.4094488188976378,0.44881889763779526,0.5459317585301838,0.5286839145106862,0.6753280839895014,2020-03-14,0.4566929133858268,58.0,173.0
2020-03-14,173.0,58,0.4566929133858268,0.7952755905511811,0.4645669291338583,0.7637795275590551,0.5275590551181102,0.6745406824146981,0.578177727784027,0.6729658792650919,2020-03-15,0.7559055118110236,96.0,268.7916666666667
2020-03-15,268.7916666666667,96,0.7559055118110236,0.4566929133858268,0.7952755905511811,0.4645669291338583,0.5511811023622047,0.5721784776902888,0.5680539932508436,0.6635170603674541,2020-03-16,0.4251968503937008,54.0,163.04166666666666
2020-03-16,163.04166666666666,54,0.4251968503937008,0.7559055118110236,0.4566929133858268,0.7952755905511811,0.5354330708661418,0.6692913385826772,0.5973003374578177,0.6643044619422571,2020-03-17,0.7007874015748031,89.0,252.79166666666663
2020-03-17,252.79166666666663,89,0.7007874015748031,0.4251968503937008,0.7559055118110236,0.4566929133858268,0.4094488188976378,0.5459317585301838,0.5815523059617548,0.6464566929133858,2020-03-18,0.8582677165354331,109.0,303.0833333333333
2020-03-18,303.0833333333333,109,0.8582677165354331,0.7007874015748031,0.4251968503937008,0.7559055118110236,0.7637795275590551,0.6272965879265092,0.6231721034870642,0.6406824146981627,2020-03-19,0.4251968503937008,54.0,165.0
2020-03-19,165.0,54,0.4251968503937008,0.8582677165354331,0.7007874015748031,0.4251968503937008,0.4645669291338583,0.6614173228346457,0.6366704161979753,0.6464566929133858,2020-03-20,0.5275590551181102,67.0,195.625
2020-03-20,195.625,67,0.5275590551181102,0.4251968503937008,0.8582677165354331,0.7007874015748031,0.7952755905511811,0.6614173228346458,0.6310461192350957,0.6464566929133858,2020-03-21,0.5433070866141733,69.0,202.25
2020-03-21,202.25,69,0.5433070866141733,0.5275590551181102,0.4251968503937008,0.8582677165354331,0.4566929133858268,0.6036745406824148,0.592800899887514,0.6496062992125984,2020-03-22,0.6456692913385826,82.0,235.58333333333331
2020-03-22,235.58333333333331,82,0.6456692913385826,0.5433070866141733,0.5275590551181102,0.4251968503937008,0.7559055118110236,0.4986876640419948,0.6051743532058492,0.6440944881889764,2020-03-23,0.15748031496062992,20.0,79.04166666666667
2020-03-23,79.04166666666667,20,0.15748031496062992,0.6456692913385826,0.5433070866141733,0.5275590551181102,0.4251968503937008,0.5721784776902888,0.5894263217097863,0.6461942257217846,2020-03-24,0.3543307086614173,45.0,140.5
2020-03-24,140.5,45,0.3543307086614173,0.15748031496062992,0.6456692913385826,0.5433070866141733,0.7007874015748031,0.4488188976377953,0.5511811023622047,0.6254593175853018,2020-03-25,0.6299212598425197,80.0,229.16666666666663
2020-03-25,229.16666666666663,80,0.6299212598425197,0.3543307086614173,0.15748031496062992,0.6456692913385826,0.8582677165354331,0.38582677165354334,0.5016872890888638,0.6157480314960629,2020-03-26,0.4251968503937008,54.0,164.66666666666666
2020-03-26,164.66666666666666,54,0.4251968503937008,0.6299212598425197,0.3543307086614173,0.15748031496062992,0.4251968503937008,0.3805774278215224,0.46906636670416196,0.6068241469816272,2020-03-27,0.4645669291338583,59.0,176.0
2020-03-27,176.0,59,0.4645669291338583,0.4251968503937008,0.6299212598425197,0.3543307086614173,0.5275590551181102,0.4698162729658793,0.46906636670416196,0.5971128608923884,2020-03-28,0.5905511811023622,75.0,216.75
2020-03-28,216.75,75,0.5905511811023622,0.4645669291338583,0.4251968503937008,0.6299212598425197,0.5433070866141733,0.5065616797900263,0.4600674915635546,0.589501312335958,2020-03-29,0.6535433070866141,83.0,237.25
2020-03-29,237.25,83,0.6535433070866141,0.5905511811023622,0.4645669291338583,0.4251968503937008,0.6456692913385826,0.49343832020997386,0.4668166479190101,0.5813648293963254,2020-03-30,0.6062992125984252,77.0,220.83333333333331
2020-03-30,220.83333333333331,77,0.6062992125984252,0.6535433070866141,0.5905511811023622,0.4645669291338583,0.15748031496062992,0.5695538057742783,0.46794150731158596,0.5782152230971128,2020-03-31,0.6456692913385826,82.0,234.54166666666663
2020-03-31,234.54166666666663,82,0.6456692913385826,0.6062992125984252,0.6535433070866141,0.5905511811023622,0.3543307086614173,0.6167979002624673,0.532058492688414,0.5839895013123361,2020-04-01,0.8031496062992126,102.0,286.2083333333333
2020-04-01,286.2083333333333,102,0.8031496062992126,0.6456692913385826,0.6062992125984252,0.6535433070866141,0.6299212598425197,0.6351706036745407,0.5736782902137233,0.5816272965879266,2020-04-02,0.8110236220472441,103.0,287.2083333333333
2020-04-02,287.2083333333333,103,0.8110236220472441,0.8031496062992126,0.6456692913385826,0.6062992125984252,0.4251968503937008,0.6850393700787403,0.5984251968503936,0.5803149606299213,2020-04-03,0.8582677165354331,109.0,301.5
2020-04-03,301.5,109,0.8582677165354331,0.8110236220472441,0.8031496062992126,0.6456692913385826,0.4645669291338583,0.7532808398950133,0.6535433070866141,0.5850393700787401,2020-04-04,0.8110236220472441,103.0,288.625
2020-04-04,288.625,103,0.8110236220472441,0.8582677165354331,0.8110236220472441,0.8031496062992126,0.5905511811023622,0.8241469816272966,0.7097862767154106,0.5876640419947506,2020-04-05,0.6141732283464567,78.0,224.45833333333331
2020-04-05,224.45833333333331,78,0.6141732283464567,0.8110236220472441,0.8582677165354331,0.8110236220472441,0.6535433070866141,0.8267716535433073,0.7412823397075365,0.5881889763779528,2020-04-06,0.25196850393700787,32.0,107.79166666666669
2020-04-06,107.79166666666669,32,0.25196850393700787,0.6141732283464567,0.8110236220472441,0.8582677165354331,0.6062992125984252,0.7611548556430447,0.735658042744657,0.5937007874015747,2020-04-07,0.6220472440944882,79.0,227.625
2020-04-07,227.625,79,0.6220472440944882,0.25196850393700787,0.6141732283464567,0.8110236220472441,0.6456692913385826,0.5590551181102362,0.6850393700787402,0.5845144356955382,2020-04-08,0.6535433070866141,83.0,237.66666666666663
2020-04-08,237.66666666666663,83,0.6535433070866141,0.6220472440944882,0.25196850393700787,0.6141732283464567,0.8031496062992126,0.4960629921259843,0.6816647919010123,0.5868766404199474,2020-04-09,0.6692913385826772,85.0,241.0
2020-04-09,241.0,85,0.6692913385826772,0.6535433070866141,0.6220472440944882,0.25196850393700787,0.8110236220472441,0.5091863517060368,0.6602924634420697,0.5908136482939632,2020-04-10,0.6377952755905512,81.0,232.45833333333331
2020-04-10,232.45833333333331,81,0.6377952755905512,0.6692913385826772,0.6535433070866141,0.6220472440944882,0.8582677165354331,0.6482939632545932,0.6400449943757031,0.5994750656167979,2020-04-11,0.3464566929133858,44.0,138.79166666666666
2020-04-11,138.79166666666666,44,0.3464566929133858,0.6377952755905512,0.6692913385826772,0.6535433070866141,0.8110236220472441,0.6535433070866142,0.608548931383577,0.5952755905511811,2020-04-12,0.3700787401574803,47.0,146.04166666666666
2020-04-12,146.04166666666666,47,0.3700787401574803,0.3464566929133858,0.6377952755905512,0.6692913385826772,0.6141732283464567,0.5511811023622047,0.5421822272215973,0.5913385826771653,2020-04-13,0.25196850393700787,32.0,108.25
2020-04-13,108.25,32,0.25196850393700787,0.3700787401574803,0.3464566929133858,0.6377952755905512,0.25196850393700787,0.4514435695538059,0.5073115860517435,0.5771653543307086,2020-04-14,0.5826771653543307,74.0,214.0
2020-04-14,214.0,74,0.5826771653543307,0.25196850393700787,0.3700787401574803,0.3464566929133858,0.6220472440944882,0.32283464566929143,0.5073115860517435,0.5703412073490813,2020-04-15,0.49606299212598426,63.0,188.0
2020-04-15,188.0,63,0.49606299212598426,0.5826771653543307,0.25196850393700787,0.3700787401574803,0.6535433070866141,0.4015748031496063,0.5016872890888638,0.5645669291338583,2020-04-16,0.44881889763779526,57.0,170.41666666666666
2020-04-16,170.41666666666666,57,0.44881889763779526,0.49606299212598426,0.5826771653543307,0.25196850393700787,0.6692913385826772,0.4435695538057743,0.47919010123734535,0.5669291338582678,2020-04-17,0.7244094488188977,92.0,259.875
2020-04-17,259.875,92,0.7244094488188977,0.44881889763779526,0.49606299212598426,0.5826771653543307,0.6377952755905512,0.5091863517060368,0.4476940382452193,0.5585301837270342,2020-04-18,0.6929133858267716,88.0,250.54166666666663
2020-04-18,250.54166666666663,88,0.6929133858267716,0.7244094488188977,0.44881889763779526,0.49606299212598426,0.3464566929133858,0.5564304461942258,0.4600674915635546,0.5540682414698163,2020-04-19,0.5905511811023622,75.0,217.875
2020-04-19,217.875,75,0.5905511811023622,0.6929133858267716,0.7244094488188977,0.44881889763779526,0.3700787401574803,0.6220472440944883,0.5095613048368953,0.562992125984252,2020-04-20,0.5669291338582677,72.0,208.45833333333331
2020-04-20,208.45833333333331,72,0.5669291338582677,0.5905511811023622,0.6929133858267716,0.7244094488188977,0.25196850393700787,0.6692913385826772,0.5410573678290214,0.5650918635170604,2020-04-21,0.4645669291338583,59.0,177.91666666666666
2020-04-21,177.91666666666666,59,0.4645669291338583,0.5669291338582677,0.5905511811023622,0.6929133858267716,0.5826771653543307,0.6167979002624672,0.5860517435320585,0.5658792650918635,2020-04-22,0.5590551181102362,71.0,206.83333333333331
2020-04-22,206.83333333333331,71,0.5590551181102362,0.4645669291338583,0.5669291338582677,0.5905511811023622,0.49606299212598426,0.5406824146981628,0.5691788526434196,0.5598425196850394,2020-04-23,0.2047244094488189,26.0,93.54166666666669
2020-04-23,93.54166666666669,26,0.2047244094488189,0.5590551181102362,0.4645669291338583,0.5669291338582677,0.44881889763779526,0.5301837270341209,0.578177727784027,0.573228346456693,2020-04-24,0.08661417322834646,11.0,56.208333333333336
2020-04-24,56.208333333333336,11,0.08661417322834646,0.2047244094488189,0.5590551181102362,0.4645669291338583,0.7244094488188977,0.4094488188976379,0.5433070866141733,0.568241469816273,2020-04-25,0.49606299212598426,63.0,185.625
2020-04-25,185.625,63,0.49606299212598426,0.08661417322834646,0.2047244094488189,0.5590551181102362,0.6929133858267716,0.2834645669291339,0.4521934758155231,0.5501312335958005,2020-04-26,0.2755905511811024,35.0,116.54166666666669
2020-04-26,116.54166666666669,35,0.2755905511811024,0.49606299212598426,0.08661417322834646,0.2047244094488189,0.5905511811023622,0.2624671916010499,0.42407199100112486,0.55249343832021,2020-04-27,0.2283464566929134,29.0,100.54166666666669
2020-04-27,100.54166666666669,29,0.2283464566929134,0.2755905511811024,0.49606299212598426,0.08661417322834646,0.5669291338582677,0.2860892388451444,0.37907761529808776,0.5461942257217848,2020-04-28,0.7165354330708661,91.0,257.25
2020-04-28,257.25,91,0.7165354330708661,0.2283464566929134,0.2755905511811024,0.49606299212598426,0.4645669291338583,0.3333333333333334,0.3307086614173228,0.5341207349081364,2020-04-29,0.49606299212598426,63.0,187.08333333333331
2020-04-29,187.08333333333331,63,0.49606299212598426,0.7165354330708661,0.2283464566929134,0.2755905511811024,0.5590551181102362,0.40682414698162733,0.36670416197975253,0.5362204724409448,2020-04-30,0.5118110236220472,65.0,190.79166666666663
2020-04-30,190.79166666666663,65,0.5118110236220472,0.49606299212598426,0.7165354330708661,0.2283464566929134,0.2047244094488189,0.4803149606299213,0.3577052868391451,0.5325459317585302,2020-05-01,0.4645669291338583,59.0,176.33333333333334
2020-05-01,176.33333333333334,59,0.4645669291338583,0.5118110236220472,0.49606299212598426,0.7165354330708661,0.08661417322834646,0.5748031496062992,0.4015748031496063,0.5280839895013123,2020-05-02,0.4645669291338583,59.0,176.75
2020-05-02,176.75,59,0.4645669291338583,0.4645669291338583,0.5118110236220472,0.49606299212598426,0.49606299212598426,0.4908136482939633,0.45556805399325084,0.5167979002624672,2020-05-03,0.6614173228346457,84.0,238.66666666666663
2020-05-03,238.66666666666663,84,0.6614173228346457,0.4645669291338583,0.4645669291338583,0.5118110236220472,0.2755905511811024,0.4803149606299213,0.45106861642294716,0.505249343832021,2020-05-04,0.29133858267716534,37.0,122.29166666666669
2020-05-04,122.29166666666669,37,0.29133858267716534,0.6614173228346457,0.4645669291338583,0.4645669291338583,0.2283464566929134,0.5301837270341209,0.5061867266591676,0.49868766404199477,2020-05-05,0.5590551181102362,71.0,206.29166666666663
2020-05-05,206.29166666666663,71,0.5590551181102362,0.29133858267716534,0.6614173228346457,0.4645669291338583,0.7165354330708661,0.4724409448818898,0.515185601799775,0.48136482939632547,2020-05-06,0.3464566929133858,44.0,139.08333333333334
2020-05-06,139.08333333333334,44,0.3464566929133858,0.5590551181102362,0.29133858267716534,0.6614173228346457,0.49606299212598426,0.5039370078740159,0.49268841394825647,0.47952755905511807,2020-05-07,0.5590551181102362,71.0,207.75
2020-05-07,207.75,71,0.5590551181102362,0.3464566929133858,0.5590551181102362,0.29133858267716534,0.5118110236220472,0.3989501312335959,0.4713160854893138,0.4826771653543307,2020-05-08,0.48031496062992124,61.0,181.08333333333331
2020-05-08,181.08333333333331,61,0.48031496062992124,0.5590551181102362,0.3464566929133858,0.5590551181102362,0.4645669291338583,0.48818897637795283,0.47806524184476945,0.4805774278215223,2020-05-09,0.25984251968503935,33.0,110.25
2020-05-09,110.25,33,0.25984251968503935,0.48031496062992124,0.5590551181102362,0.3464566929133858,0.4645669291338583,0.4619422572178478,0.48031496062992124,0.4748031496062992,2020-05-10,0.15748031496062992,20.0,78.95833333333333
2020-05-10,78.95833333333333,20,0.15748031496062992,0.25984251968503935,0.48031496062992124,0.5590551181102362,0.6614173228346457,0.43307086614173235,0.4510686164229471,0.46115485564304465,2020-05-11,0.30708661417322836,39.0,125.29166666666669
2020-05-11,125.29166666666669,39,0.30708661417322836,0.15748031496062992,0.25984251968503935,0.48031496062992124,0.29133858267716534,0.29921259842519693,0.37907761529808776,0.44514435695538057,2020-05-12,0.5669291338582677,72.0,210.33333333333331
2020-05-12,210.33333333333331,72,0.5669291338582677,0.30708661417322836,0.15748031496062992,0.25984251968503935,0.5590551181102362,0.24146981627296596,0.38132733408323954,0.4438320209973753,2020-05-13,0.28346456692913385,36.0,118.5
2020-05-13,118.5,36,0.28346456692913385,0.5669291338582677,0.30708661417322836,0.15748031496062992,0.3464566929133858,0.34383202099737536,0.3824521934758155,0.4503937007874016,2020-05-14,0.47244094488188976,60.0,180.08333333333334
2020-05-14,180.08333333333334,60,0.47244094488188976,0.28346456692913385,0.5669291338582677,0.30708661417322836,0.5590551181102362,0.38582677165354334,0.3734533183352081,0.45144356955380577,2020-05-15,0.5905511811023622,75.0,218.04166666666663
2020-05-15,218.04166666666663,75,0.5905511811023622,0.47244094488188976,0.28346456692913385,0.5669291338582677,0.48031496062992124,0.44094488188976383,0.3610798650168729,0.4477690288713911,2020-05-16,0.6377952755905512,81.0,232.29166666666663
2020-05-16,232.29166666666663,81,0.6377952755905512,0.5905511811023622,0.47244094488188976,0.28346456692913385,0.25984251968503935,0.44881889763779537,0.3768278965129359,0.45091863517060365,2020-05-17,0.5433070866141733,69.0,201.58333333333331
2020-05-17,201.58333333333331,69,0.5433070866141733,0.6377952755905512,0.5905511811023622,0.47244094488188976,0.15748031496062992,0.5669291338582677,0.43082114735658045,0.4572178477690289,2020-05-18,0.5196850393700787,66.0,194.58333333333331
2020-05-18,194.58333333333331,66,0.5196850393700787,0.5433070866141733,0.6377952755905512,0.5905511811023622,0.30708661417322836,0.5905511811023623,0.48593925759280093,0.4511811023622047,2020-05-19,0.18110236220472442,23.0,86.33333333333333
2020-05-19,86.33333333333333,23,0.18110236220472442,0.5196850393700787,0.5433070866141733,0.6377952755905512,0.5669291338582677,0.5669291338582677,0.5163104611923509,0.4454068241469817,2020-05-20,0.1732283464566929,22.0,84.625
2020-05-20,84.625,22,0.1732283464566929,0.18110236220472442,0.5196850393700787,0.5433070866141733,0.28346456692913385,0.4146981627296589,0.4611923509561305,0.43175853018372706,2020-05-21,0.14960629921259844,19.0,76.70833333333333
2020-05-21,76.70833333333333,19,0.14960629921259844,0.1732283464566929,0.18110236220472442,0.5196850393700787,0.47244094488188976,0.29133858267716545,0.44544431946006746,0.4186351706036745,2020-05-22,0.31496062992125984,40.0,128.45833333333334
2020-05-22,128.45833333333334,40,0.31496062992125984,0.14960629921259844,0.1732283464566929,0.18110236220472442,0.5905511811023622,0.167979002624672,0.3993250843644544,0.4081364829396325,2020-05-23,0.6062992125984252,77.0,221.16666666666663
2020-05-23,221.16666666666663,77,0.6062992125984252,0.31496062992125984,0.14960629921259844,0.1732283464566929,0.6377952755905512,0.21259842519685046,0.35995500562429694,0.4,2020-05-24,0.6299212598425197,80.0,230.58333333333331
2020-05-24,230.58333333333331,80,0.6299212598425197,0.6062992125984252,0.31496062992125984,0.14960629921259844,0.5433070866141733,0.3569553805774279,0.35545556805399325,0.41338582677165353,2020-05-25,0.5905511811023622,75.0,215.79166666666663
2020-05-25,215.79166666666663,75,0.5905511811023622,0.6299212598425197,0.6062992125984252,0.31496062992125984,0.5196850393700787,0.5170603674540684,0.3678290213723284,0.431496062992126,2020-05-26,0.4881889763779528,62.0,183.91666666666663
2020-05-26,183.91666666666663,62,0.4881889763779528,0.5905511811023622,0.6299212598425197,0.6062992125984252,0.18110236220472442,0.6089238845144358,0.37795275590551175,0.4346456692913386,2020-05-27,0.4015748031496063,51.0,157.75
2020-05-27,157.75,51,0.4015748031496063,0.4881889763779528,0.5905511811023622,0.6299212598425197,0.1732283464566929,0.5695538057742783,0.421822272215973,0.4417322834645669,2020-05-28,0.18110236220472442,23.0,85.125
2020-05-28,85.125,23,0.18110236220472442,0.4015748031496063,0.4881889763779528,0.5905511811023622,0.14960629921259844,0.49343832020997386,0.45444319460067495,0.44750656167979,2020-05-29,0.48031496062992124,61.0,181.83333333333331
2020-05-29,181.83333333333331,61,0.48031496062992124,0.18110236220472442,0.4015748031496063,0.4881889763779528,0.31496062992125984,0.3569553805774279,0.45894263217097864,0.4296587926509186,2020-05-30,0.4566929133858268,58.0,173.16666666666666
2020-05-30,173.16666666666666,58,0.4566929133858268,0.48031496062992124,0.18110236220472442,0.4015748031496063,0.6062992125984252,0.3543307086614174,0.48256467941507314,0.42913385826771655,2020-05-31,0.33070866141732286,42.0,134.45833333333334
2020-05-31,134.45833333333334,42,0.33070866141732286,0.4566929133858268,0.48031496062992124,0.18110236220472442,0.6299212598425197,0.3727034120734909,0.4611923509561305,0.42729658792650915,2020-06-01,0.36220472440944884,46.0,144.875
2020-06-01,144.875,46,0.36220472440944884,0.33070866141732286,0.4566929133858268,0.48031496062992124,0.5905511811023622,0.42257217847769035,0.4184476940382452,0.42283464566929135,2020-06-02,0.4330708661417323,55.0,166.75
2020-06-02,166.75,55,0.4330708661417323,0.36220472440944884,0.33070866141732286,0.4566929133858268,0.4881889763779528,0.3832020997375329,0.3858267716535434,0.41942257217847767,2020-06-03,0.6299212598425197,80.0,228.58333333333331
2020-06-03,228.58333333333331,80,0.6299212598425197,0.4330708661417323,0.36220472440944884,0.33070866141732286,0.4015748031496063,0.3753280839895014,0.37795275590551186,0.4118110236220473,2020-06-04,0.2992125984251969,38.0,123.625
2020-06-04,123.625,38,0.2992125984251969,0.6299212598425197,0.4330708661417323,0.36220472440944884,0.18110236220472442,0.4750656167979003,0.41057367829021374,0.42309711286089235,2020-06-05,0.33070866141732286,42.0,132.75
2020-06-05,132.75,42,0.33070866141732286,0.2992125984251969,0.6299212598425197,0.4330708661417323,0.48031496062992124,0.45406824146981634,0.42744656917885265,0.41443569553805776,2020-06-06,0.5354330708661418,68.0,198.75
2020-06-06,198.75,68,0.5354330708661418,0.33070866141732286,0.2992125984251969,0.6299212598425197,0.4566929133858268,0.41994750656167984,0.40607424071991,0.4139107611548557,2020-06-07,0.6062992125984252,77.0,221.125
2020-06-07,221.125,77,0.6062992125984252,0.5354330708661418,0.33070866141732286,0.2992125984251969,0.33070866141732286,0.3884514435695539,0.4173228346456693,0.4131233595800525,2020-06-08,0.6062992125984252,77.0,222.625
2020-06-08,222.625,77,0.6062992125984252,0.6062992125984252,0.5354330708661418,0.33070866141732286,0.36220472440944884,0.4908136482939634,0.4566929133858268,0.4173228346456693,2020-06-09,0.5275590551181102,67.0,195.95833333333331
2020-06-09,195.95833333333331,67,0.5275590551181102,0.6062992125984252,0.6062992125984252,0.5354330708661418,0.4330708661417323,0.5826771653543309,0.49156355455568057,0.4288713910761155,2020-06-10,0.6377952755905512,81.0,231.33333333333331
2020-06-10,231.33333333333331,81,0.6377952755905512,0.5275590551181102,0.6062992125984252,0.6062992125984252,0.6299212598425197,0.5800524934383203,0.5050618672665916,0.44120734908136483,2020-06-11,0.5433070866141733,69.0,202.125
2020-06-11,202.125,69,0.5433070866141733,0.6377952755905512,0.5275590551181102,0.6062992125984252,0.2992125984251969,0.5905511811023624,0.5061867266591676,0.45223097112860894,2020-06-12,0.5590551181102362,71.0,207.95833333333331
2020-06-12,207.95833333333331,71,0.5590551181102362,0.5433070866141733,0.6377952755905512,0.5275590551181102,0.33070866141732286,0.5695538057742783,0.5410573678290214,0.45144356955380577,2020-06-13,0.5511811023622047,70.0,203.375
2020-06-13,203.375,70,0.5511811023622047,0.5590551181102362,0.5433070866141733,0.6377952755905512,0.5354330708661418,0.5800524934383203,0.5736782902137233,0.46062992125984253,2020-06-14,0.6377952755905512,81.0,231.33333333333331
2020-06-14,231.33333333333331,81,0.6377952755905512,0.5511811023622047,0.5590551181102362,0.5433070866141733,0.6062992125984252,0.5511811023622049,0.5759280089988751,0.463254593175853,2020-06-15,0.5669291338582677,72.0,210.45833333333331
2020-06-15,210.45833333333331,72,0.5669291338582677,0.6377952755905512,0.5511811023622047,0.5590551181102362,0.6062992125984252,0.5826771653543308,0.5804274465691789,0.46482939632545933,2020-06-16,0.5354330708661418,68.0,200.58333333333331
2020-06-16,200.58333333333331,68,0.5354330708661418,0.5669291338582677,0.6377952755905512,0.5511811023622047,0.5275590551181102,0.5853018372703414,0.5748031496062992,0.4624671916010499,2020-06-17,0.5905511811023622,75.0,218.125
2020-06-17,218.125,75,0.5905511811023622,0.5354330708661418,0.5669291338582677,0.6377952755905512,0.6377952755905512,0.5800524934383203,0.5759280089988751,0.4622047244094488,2020-06-18,0.6220472440944882,79.0,226.5
2020-06-18,226.5,79,0.6220472440944882,0.5905511811023622,0.5354330708661418,0.5669291338582677,0.5433070866141733,0.5643044619422573,0.5691788526434196,0.4645669291338583,2020-06-19,0.6299212598425197,80.0,229.375
2020-06-19,229.375,80,0.6299212598425197,0.6220472440944882,0.5905511811023622,0.5354330708661418,0.5590551181102362,0.5826771653543309,0.5804274465691789,0.479265091863517,2020-06-20,0.6299212598425197,80.0,229.45833333333331
2020-06-20,229.45833333333331,80,0.6299212598425197,0.6299212598425197,0.6220472440944882,0.5905511811023622,0.5511811023622047,0.6141732283464568,0.5905511811023622,0.494488188976378,2020-06-21,0.4094488188976378,52.0,159.20833333333334
2020-06-21,159.20833333333334,52,0.4094488188976378,0.6299212598425197,0.6299212598425197,0.6220472440944882,0.6377952755905512,0.6272965879265092,0.6017997750281214,0.510498687664042,2020-06-22,0.4251968503937008,54.0,164.375
2020-06-22,164.375,54,0.4251968503937008,0.4094488188976378,0.6299212598425197,0.6299212598425197,0.5669291338582677,0.5564304461942259,0.5691788526434196,0.5136482939632546,2020-06-23,0.5354330708661418,68.0,198.5
2020-06-23,198.5,68,0.5354330708661418,0.4251968503937008,0.4094488188976378,0.6299212598425197,0.5354330708661418,0.48818897637795283,0.548931383577053,0.5076115485564304,2020-06-24,0.4566929133858268,58.0,173.0
2020-06-24,173.0,58,0.4566929133858268,0.5354330708661418,0.4251968503937008,0.4094488188976378,0.5905511811023622,0.4566929133858269,0.5489313835770528,0.5044619422572179,2020-06-25,0.5196850393700787,66.0,194.41666666666663
2020-06-25,194.41666666666663,66,0.5196850393700787,0.4566929133858268,0.5354330708661418,0.4251968503937008,0.6220472440944882,0.47244094488189,0.5298087739032621,0.5,2020-06-26,0.5196850393700787,66.0,193.5
2020-06-26,193.5,66,0.5196850393700787,0.5196850393700787,0.4566929133858268,0.5354330708661418,0.6299212598425197,0.5039370078740159,0.515185601799775,0.5010498687664042,2020-06-27,0.6220472440944882,79.0,227.25
2020-06-27,227.25,79,0.6220472440944882,0.5196850393700787,0.5196850393700787,0.4566929133858268,0.6299212598425197,0.4986876640419949,0.49943757030371205,0.50498687664042,2020-06-28,0.6299212598425197,80.0,229.95833333333331
2020-06-28,229.95833333333331,80,0.6299212598425197,0.6220472440944882,0.5196850393700787,0.5196850393700787,0.4094488188976378,0.5538057742782153,0.4983127109111361,0.5196850393700788,2020-06-29,0.49606299212598426,63.0,187.95833333333331
2020-06-29,187.95833333333331,63,0.49606299212598426,0.6299212598425197,0.6220472440944882,0.5196850393700787,0.4251968503937008,0.5905511811023624,0.5298087739032621,0.5246719160104987,2020-06-30,0.5433070866141733,69.0,200.95833333333331
2020-06-30,200.95833333333331,69,0.5433070866141733,0.49606299212598426,0.6299212598425197,0.6220472440944882,0.5354330708661418,0.5826771653543309,0.5399325084364455,0.525984251968504,2020-07-01,0.6377952755905512,81.0,233.33333333333331
2020-07-01,233.33333333333331,81,0.6377952755905512,0.5433070866141733,0.49606299212598426,0.6299212598425197,0.4566929133858268,0.5564304461942259,0.5410573678290214,0.5330708661417323,2020-07-02,0.6377952755905512,81.0,231.875
2020-07-02,231.875,81,0.6377952755905512,0.6377952755905512,0.5433070866141733,0.49606299212598426,0.5196850393700787,0.5590551181102364,0.5669291338582677,0.542257217847769,2020-07-03,0.48031496062992124,61.0,182.95833333333331
2020-07-03,182.95833333333331,61,0.48031496062992124,0.6377952755905512,0.6377952755905512,0.5433070866141733,0.5196850393700787,0.6062992125984253,0.5838020247469066,0.5490813648293963,2020-07-04,0.5196850393700787,66.0,194.41666666666663
2020-07-04,194.41666666666663,66,0.5196850393700787,0.48031496062992124,0.6377952755905512,0.6377952755905512,0.6220472440944882,0.5853018372703414,0.578177727784027,0.5440944881889764,2020-07-05,0.5905511811023622,75.0,216.04166666666663
2020-07-05,216.04166666666663,75,0.5905511811023622,0.5196850393700787,0.48031496062992124,0.6377952755905512,0.6299212598425197,0.5459317585301838,0.5635545556805399,0.5514435695538058,2020-07-06,0.5669291338582677,72.0,209.125
2020-07-06,209.125,72,0.5669291338582677,0.5905511811023622,0.5196850393700787,0.48031496062992124,0.49606299212598426,0.5301837270341209,0.5579302587176602,0.5601049868766405,2020-07-07,0.3779527559055118,48.0,150.16666666666666
2020-07-07,150.16666666666666,48,0.3779527559055118,0.5669291338582677,0.5905511811023622,0.5196850393700787,0.5433070866141733,0.5590551181102363,0.5680539932508436,0.5611548556430446,2020-07-08,0.31496062992125984,40.0,129.58333333333334
2020-07-08,129.58333333333334,40,0.31496062992125984,0.3779527559055118,0.5669291338582677,0.5905511811023622,0.6377952755905512,0.5118110236220473,0.5444319460067492,0.553543307086614,2020-07-09,0.1732283464566929,22.0,84.58333333333333
2020-07-09,84.58333333333333,22,0.1732283464566929,0.31496062992125984,0.3779527559055118,0.5669291338582677,0.6377952755905512,0.41994750656167995,0.49831271091113605,0.5438320209973753,2020-07-10,0.5118110236220472,65.0,191.25
2020-07-10,191.25,65,0.5118110236220472,0.1732283464566929,0.31496062992125984,0.3779527559055118,0.48031496062992124,0.288713910761155,0.43194600674915634,0.532020997375328,2020-07-11,0.5511811023622047,70.0,203.41666666666663
2020-07-11,203.41666666666663,70,0.5511811023622047,0.5118110236220472,0.1732283464566929,0.31496062992125984,0.5196850393700787,0.3333333333333335,0.43644544431946003,0.5278215223097112,2020-07-12,0.6377952755905512,81.0,232.91666666666663
2020-07-12,232.91666666666663,81,0.6377952755905512,0.5511811023622047,0.5118110236220472,0.1732283464566929,0.5905511811023622,0.41207349081364847,0.4409448818897638,0.5280839895013123,2020-07-13,0.6535433070866141,83.0,236.375
2020-07-13,236.375,83,0.6535433070866141,0.6377952755905512,0.5511811023622047,0.5118110236220472,0.5669291338582677,0.5669291338582679,0.44769403824521936,0.5307086614173229,2020-07-14,0.2992125984251969,38.0,123.91666666666669
2020-07-14,123.91666666666669,38,0.2992125984251969,0.6535433070866141,0.6377952755905512,0.5511811023622047,0.3779527559055118,0.6141732283464568,0.4600674915635545,0.5341207349081365,2020-07-15,0.48031496062992124,61.0,182.29166666666663
2020-07-15,182.29166666666663,61,0.48031496062992124,0.2992125984251969,0.6535433070866141,0.6377952755905512,0.31496062992125984,0.5301837270341209,0.44881889763779526,0.5228346456692914,2020-07-16,0.5433070866141733,69.0,202.83333333333331
2020-07-16,202.83333333333331,69,0.5433070866141733,0.48031496062992124,0.2992125984251969,0.6535433070866141,0.1732283464566929,0.4776902887139109,0.47244094488188976,0.5199475065616798,2020-07-17,0.41732283464566927,53.0,161.79166666666666
2020-07-17,161.79166666666666,53,0.41732283464566927,0.5433070866141733,0.48031496062992124,0.2992125984251969,0.5118110236220472,0.44094488188976394,0.5253093363329583,0.5202099737532808,2020-07-18,0.44881889763779526,57.0,171.75
2020-07-18,171.75,57,0.44881889763779526,0.41732283464566927,0.5433070866141733,0.48031496062992124,0.5511811023622047,0.48031496062992135,0.5118110236220472,0.5144356955380577,2020-07-19,0.48031496062992124,61.0,182.16666666666663
2020-07-19,182.16666666666663,61,0.48031496062992124,0.44881889763779526,0.41732283464566927,0.5433070866141733,0.6377952755905512,0.46981627296587947,0.4971878515185602,0.5086614173228347,2020-07-20,0.6377952755905512,81.0,230.91666666666663
2020-07-20,230.91666666666663,81,0.6377952755905512,0.48031496062992124,0.44881889763779526,0.41732283464566927,0.6535433070866141,0.44881889763779537,0.4746906636670416,0.5036745406824147,2020-07-21,0.33070866141732286,42.0,133.58333333333334
2020-07-21,133.58333333333334,42,0.33070866141732286,0.6377952755905512,0.48031496062992124,0.44881889763779526,0.2992125984251969,0.5223097112860894,0.47244094488188976,0.5039370078740157,2020-07-22,0.3858267716535433,49.0,150.83333333333334
2020-07-22,150.83333333333334,49,0.3858267716535433,0.33070866141732286,0.6377952755905512,0.48031496062992124,0.48031496062992124,0.48293963254593186,0.4769403824521935,0.5013123359580053,2020-07-23,0.6692913385826772,85.0,242.75
2020-07-23,242.75,85,0.6692913385826772,0.3858267716535433,0.33070866141732286,0.6377952755905512,0.5433070866141733,0.45144356955380593,0.4634420697412823,0.5,2020-07-24,0.6771653543307087,86.0,243.95833333333331
2020-07-24,243.95833333333331,86,0.6771653543307087,0.6692913385826772,0.3858267716535433,0.33070866141732286,0.41732283464566927,0.46194225721784793,0.48143982002249713,0.5044619422572179,2020-07-25,0.6771653543307087,86.0,243.70833333333331
2020-07-25,243.70833333333331,86,0.6771653543307087,0.6771653543307087,0.6692913385826772,0.3858267716535433,0.44881889763779526,0.5774278215223099,0.5185601799775028,0.5118110236220473,2020-07-26,0.5984251968503937,76.0,218.66666666666663
2020-07-26,218.66666666666663,76,0.5984251968503937,0.6771653543307087,0.6771653543307087,0.6692913385826772,0.48031496062992124,0.6745406824146983,0.5511811023622047,0.5170603674540682,2020-07-27,0.5433070866141733,69.0,201.70833333333331
2020-07-27,201.70833333333331,69,0.5433070866141733,0.5984251968503937,0.6771653543307087,0.6771653543307087,0.6377952755905512,0.6509186351706039,0.5680539932508436,0.5196850393700787,2020-07-28,0.4015748031496063,51.0,157.66666666666666
2020-07-28,157.66666666666666,51,0.4015748031496063,0.5433070866141733,0.5984251968503937,0.6771653543307087,0.33070866141732286,0.6062992125984253,0.5545556805399325,0.5170603674540682,2020-07-29,0.6692913385826772,85.0,242.91666666666663
2020-07-29,242.91666666666663,85,0.6692913385826772,0.4015748031496063,0.5433070866141733,0.5984251968503937,0.3858267716535433,0.5144356955380579,0.5646794150731159,0.5094488188976378,2020-07-30,0.6929133858267716,88.0,250.95833333333331
2020-07-30,250.95833333333331,88,0.6929133858267716,0.6692913385826772,0.4015748031496063,0.5433070866141733,0.6692913385826772,0.5380577427821523,0.6051743532058493,0.515223097112861,2020-07-31,0.5354330708661418,68.0,199.29166666666663
2020-07-31,199.29166666666663,68,0.5354330708661418,0.6929133858267716,0.6692913385826772,0.4015748031496063,0.6771653543307087,0.5879265091863518,0.6085489313835771,0.5202099737532808,2020-08-01,0.6850393700787402,87.0,246.29166666666663
2020-08-01,246.29166666666663,87,0.6850393700787402,0.5354330708661418,0.6929133858267716,0.6692913385826772,0.6771653543307087,0.6325459317585304,0.5883014623172104,0.5167979002624672,2020-08-02,0.5275590551181102,67.0,195.875
2020-08-02,195.875,67,0.5275590551181102,0.6850393700787402,0.5354330708661418,0.6929133858267716,0.5984251968503937,0.6377952755905514,0.5894263217097864,0.5183727034120735,2020-08-03,0.6141732283464567,78.0,225.125
2020-08-03,225.125,78,0.6141732283464567,0.5275590551181102,0.6850393700787402,0.5354330708661418,0.5433070866141733,0.5826771653543309,0.5793025871766029,0.5199475065616798,2020-08-04,0.44881889763779526,57.0,172.66666666666666
2020-08-04,172.66666666666666,57,0.44881889763779526,0.6141732283464567,0.5275590551181102,0.6850393700787402,0.4015748031496063,0.6089238845144358,0.5894263217097863,0.5230971128608924,2020-08-05,0.6220472440944882,79.0,226.83333333333331
2020-08-05,226.83333333333331,79,0.6220472440944882,0.44881889763779526,0.6141732283464567,0.5275590551181102,0.6692913385826772,0.5301837270341209,0.5961754780652418,0.5183727034120734,2020-08-06,0.6692913385826772,85.0,242.79166666666663
2020-08-06,242.79166666666663,85,0.6692913385826772,0.6220472440944882,0.44881889763779526,0.6141732283464567,0.6929133858267716,0.5616797900262468,0.5894263217097863,0.5202099737532808,2020-08-07,0.5511811023622047,70.0,204.58333333333331
2020-08-07,204.58333333333331,70,0.5511811023622047,0.6692913385826772,0.6220472440944882,0.44881889763779526,0.5354330708661418,0.5800524934383203,0.5860517435320585,0.5299212598425197,2020-08-08,0.6220472440944882,79.0,226.33333333333331
2020-08-08,226.33333333333331,79,0.6220472440944882,0.5511811023622047,0.6692913385826772,0.6220472440944882,0.6850393700787402,0.6141732283464568,0.5883014623172104,0.5377952755905511,2020-08-09,0.47244094488188976,60.0,180.25
2020-08-09,180.25,60,0.47244094488188976,0.6220472440944882,0.5511811023622047,0.6692913385826772,0.5275590551181102,0.6141732283464568,0.5793025871766029,0.552755905511811,2020-08-10,0.7007874015748031,89.0,252.16666666666663
2020-08-10,252.16666666666663,89,0.7007874015748031,0.47244094488188976,0.6220472440944882,0.5511811023622047,0.6141732283464567,0.5485564304461944,0.5714285714285714,0.5514435695538058,2020-08-11,0.6850393700787402,87.0,246.125
2020-08-11,246.125,87,0.6850393700787402,0.7007874015748031,0.47244094488188976,0.6220472440944882,0.44881889763779526,0.5984251968503939,0.5838020247469066,0.5564304461942257,2020-08-12,0.5669291338582677,72.0,208.375
2020-08-12,208.375,72,0.5669291338582677,0.6850393700787402,0.7007874015748031,0.47244094488188976,0.6220472440944882,0.6194225721784777,0.6175478065241844,0.558005249343832,2020-08-13,0.6141732283464567,78.0,224.0
2020-08-13,224.0,78,0.6141732283464567,0.5669291338582677,0.6850393700787402,0.7007874015748031,0.6692913385826772,0.6509186351706038,0.6096737907761529,0.5551181102362205,2020-08-14,0.6614173228346457,84.0,239.25
2020-08-14,239.25,84,0.6614173228346457,0.6141732283464567,0.5669291338582677,0.6850393700787402,0.5511811023622047,0.6220472440944883,0.6017997750281214,0.5656167979002624,2020-08-15,0.6850393700787402,87.0,246.41666666666663
2020-08-15,246.41666666666663,87,0.6850393700787402,0.6614173228346457,0.6141732283464567,0.5669291338582677,0.6220472440944882,0.6141732283464569,0.6175478065241845,0.5716535433070865,2020-08-16,0.5984251968503937,76.0,219.41666666666663
2020-08-16,219.41666666666663,76,0.5984251968503937,0.6850393700787402,0.6614173228346457,0.6141732283464567,0.47244094488188976,0.6535433070866143,0.6265466816647919,0.5763779527559055,2020-08-17,0.7401574803149606,94.0,264.875
2020-08-17,264.875,94,0.7401574803149606,0.5984251968503937,0.6850393700787402,0.6614173228346457,0.7007874015748031,0.6482939632545933,0.6445444319460067,0.5824146981627296,2020-08-18,0.6456692913385826,82.0,234.625
2020-08-18,234.625,82,0.6456692913385826,0.7401574803149606,0.5984251968503937,0.6850393700787402,0.6850393700787402,0.6745406824146983,0.6501687289088863,0.5921259842519685,2020-08-19,0.7480314960629921,95.0,266.4166666666667
2020-08-19,266.4166666666667,95,0.7480314960629921,0.6456692913385826,0.7401574803149606,0.5984251968503937,0.5669291338582677,0.6614173228346458,0.6445444319460067,0.5976377952755906,2020-08-20,0.7165354330708661,91.0,256.25
2020-08-20,256.25,91,0.7165354330708661,0.7480314960629921,0.6456692913385826,0.7401574803149606,0.6141732283464567,0.7112860892388454,0.6704161979752532,0.6013123359580053,2020-08-21,0.6141732283464567,78.0,224.66666666666663
2020-08-21,224.66666666666663,78,0.6141732283464567,0.7165354330708661,0.7480314960629921,0.6456692913385826,0.6614173228346457,0.7034120734908137,0.6850393700787402,0.6141732283464568,2020-08-22,0.7716535433070866,98.0,276.125
2020-08-22,276.125,98,0.7716535433070866,0.6141732283464567,0.7165354330708661,0.7480314960629921,0.6850393700787402,0.6929133858267718,0.6782902137232846,0.6217847769028871,2020-08-23,0.3700787401574803,47.0,145.20833333333334
2020-08-23,145.20833333333334,47,0.3700787401574803,0.7716535433070866,0.6141732283464567,0.7165354330708661,0.5984251968503937,0.7007874015748032,0.6906636670416199,0.6251968503937008,2020-08-24,0.47244094488188976,60.0,179.125
2020-08-24,179.125,60,0.47244094488188976,0.3700787401574803,0.7716535433070866,0.6141732283464567,0.7401574803149606,0.5853018372703414,0.6580427446569178,0.6149606299212599,2020-08-25,0.6456692913385826,82.0,235.25
2020-08-25,235.25,82,0.6456692913385826,0.47244094488188976,0.3700787401574803,0.7716535433070866,0.6456692913385826,0.5380577427821523,0.6197975253093363,0.6081364829396325,2020-08-26,0.7559055118110236,96.0,269.7083333333333
2020-08-26,269.7083333333333,96,0.7559055118110236,0.6456692913385826,0.47244094488188976,0.3700787401574803,0.7480314960629921,0.4960629921259844,0.6197975253093363,0.6097112860892389,2020-08-27,0.48031496062992124,61.0,182.54166666666663
2020-08-27,182.54166666666663,61,0.48031496062992124,0.7559055118110236,0.6456692913385826,0.47244094488188976,0.7165354330708661,0.6246719160104988,0.6209223847019122,0.6167979002624672,2020-08-28,0.6614173228346457,84.0,239.29166666666663
2020-08-28,239.29166666666663,84,0.6614173228346457,0.48031496062992124,0.7559055118110236,0.6456692913385826,0.6141732283464567,0.6272965879265092,0.5871766029246344,0.6194225721784777,2020-08-29,0.7086614173228346,90.0,254.54166666666663
2020-08-29,254.54166666666663,90,0.7086614173228346,0.6614173228346457,0.48031496062992124,0.7559055118110236,0.7716535433070866,0.6325459317585304,0.59392575928009,0.6191601049868767,2020-08-30,0.7559055118110236,96.0,270.6666666666667
2020-08-30,270.6666666666667,96,0.7559055118110236,0.7086614173228346,0.6614173228346457,0.48031496062992124,0.3700787401574803,0.6167979002624673,0.5849268841394826,0.6196850393700787,2020-08-31,0.7480314960629921,95.0,268.25
2020-08-31,268.25,95,0.7480314960629921,0.7559055118110236,0.7086614173228346,0.6614173228346457,0.47244094488188976,0.7086614173228347,0.6400449943757031,0.6270341207349082,2020-09-01,0.6614173228346457,84.0,238.91666666666663
2020-09-01,238.91666666666663,84,0.6614173228346457,0.7480314960629921,0.7559055118110236,0.7086614173228346,0.6456692913385826,0.7375328083989503,0.6794150731158605,0.6291338582677165,2020-09-02,0.7952755905511811,101.0,283.0
2020-09-02,283.0,101,0.7952755905511811,0.6614173228346457,0.7480314960629921,0.7559055118110236,0.7559055118110236,0.7217847769028873,0.6816647919010125,0.6335958005249344,2020-09-03,0.6850393700787402,87.0,248.41666666666663
2020-09-03,248.41666666666663,87,0.6850393700787402,0.7952755905511811,0.6614173228346457,0.7480314960629921,0.48031496062992124,0.7349081364829398,0.687289088863892,0.6396325459317586,2020-09-04,0.4015748031496063,51.0,156.91666666666666
2020-09-04,156.91666666666666,51,0.4015748031496063,0.6850393700787402,0.7952755905511811,0.6614173228346457,0.6614173228346457,0.7139107611548559,0.7165354330708661,0.64750656167979,2020-09-05,0.7716535433070866,98.0,275.1666666666667
2020-09-05,275.1666666666667,98,0.7716535433070866,0.4015748031496063,0.6850393700787402,0.7952755905511811,0.7086614173228346,0.6272965879265093,0.6794150731158605,0.6401574803149607,2020-09-06,0.7716535433070866,98.0,275.1666666666667
2020-09-06,275.1666666666667,98,0.7716535433070866,0.7716535433070866,0.4015748031496063,0.6850393700787402,0.7559055118110236,0.6194225721784777,0.688413948256468,0.6435695538057743,2020-09-07,0.4251968503937008,54.0,163.375
2020-09-07,163.375,54,0.4251968503937008,0.7716535433070866,0.7716535433070866,0.4015748031496063,0.7480314960629921,0.6482939632545933,0.6906636670416197,0.6509186351706036,2020-09-08,0.7165354330708661,91.0,257.75
2020-09-08,257.75,91,0.7165354330708661,0.4251968503937008,0.7716535433070866,0.7716535433070866,0.6614173228346457,0.6561679790026248,0.6445444319460067,0.6443569553805774,2020-09-09,0.7244094488188977,92.0,259.8333333333333
2020-09-09,259.8333333333333,92,0.7244094488188977,0.7165354330708661,0.4251968503937008,0.7716535433070866,0.7952755905511811,0.6377952755905513,0.6524184476940382,0.6524934383202099,2020-09-10,0.8503937007874016,108.0,300.875
2020-09-10,300.875,108,0.8503937007874016,0.7244094488188977,0.7165354330708661,0.4251968503937008,0.6850393700787402,0.6220472440944883,0.6422947131608548,0.6532808398950132,2020-09-11,0.8267716535433071,105.0,293.4166666666667
2020-09-11,293.4166666666667,105,0.8267716535433071,0.8503937007874016,0.7244094488188977,0.7165354330708661,0.4015748031496063,0.7637795275590552,0.6659167604049493,0.6587926509186351,2020-09-12,0.7401574803149606,94.0,265.5416666666667
2020-09-12,265.5416666666667,94,0.7401574803149606,0.8267716535433071,0.8503937007874016,0.7244094488188977,0.7716535433070866,0.8005249343832023,0.7266591676040495,0.6674540682414698,2020-09-13,0.7480314960629921,95.0,266.875
2020-09-13,266.875,95,0.7480314960629921,0.7401574803149606,0.8267716535433071,0.8503937007874016,0.7716535433070866,0.8057742782152233,0.7221597300337458,0.6716535433070866,2020-09-14,0.7795275590551181,99.0,278.0833333333333
2020-09-14,278.0833333333333,99,0.7795275590551181,0.7480314960629921,0.7401574803149606,0.8267716535433071,0.4251968503937008,0.7716535433070867,0.718785151856018,0.6745406824146981,2020-09-15,0.6692913385826772,85.0,241.79166666666663
2020-09-15,241.79166666666663,85,0.6692913385826772,0.7795275590551181,0.7480314960629921,0.7401574803149606,0.7165354330708661,0.7559055118110237,0.7694038245219347,0.6776902887139108,2020-09-16,0.6535433070866141,83.0,237.79166666666663
2020-09-16,237.79166666666663,83,0.6535433070866141,0.6692913385826772,0.7795275590551181,0.7480314960629921,0.7244094488188977,0.7322834645669293,0.7626546681664792,0.6800524934383202,2020-09-17,0.8661417322834646,110.0,306.2916666666667
2020-09-17,306.2916666666667,110,0.8661417322834646,0.6535433070866141,0.6692913385826772,0.7795275590551181,0.8503937007874016,0.7007874015748033,0.7525309336332959,0.6771653543307087,2020-09-18,0.8503937007874016,108.0,301.3333333333333
2020-09-18,301.3333333333333,108,0.8503937007874016,0.8661417322834646,0.6535433070866141,0.6692913385826772,0.8267716535433071,0.7296587926509188,0.7547806524184477,0.684514435695538,2020-09-19,0.8031496062992126,102.0,285.9583333333333
2020-09-19,285.9583333333333,102,0.8031496062992126,0.8503937007874016,0.8661417322834646,0.6535433070866141,0.7401574803149606,0.7900262467191602,0.7581552305961754,0.6879265091863517,2020-09-20,0.6614173228346457,84.0,240.41666666666663
2020-09-20,240.41666666666663,84,0.6614173228346457,0.8031496062992126,0.8503937007874016,0.8661417322834646,0.7480314960629921,0.8398950131233597,0.7671541057367829,0.6908136482939632,2020-09-21,0.5039370078740157,64.0,188.83333333333331
2020-09-21,188.83333333333331,64,0.5039370078740157,0.6614173228346457,0.8031496062992126,0.8503937007874016,0.7795275590551181,0.7716535433070867,0.7547806524184476,0.6923884514435695,2020-09-22,0.6141732283464567,78.0,223.875
2020-09-22,223.875,78,0.6141732283464567,0.5039370078740157,0.6614173228346457,0.8031496062992126,0.6692913385826772,0.6561679790026248,0.7154105736782902,0.6834645669291339,2020-09-23,0.8188976377952756,104.0,289.9583333333333
2020-09-23,289.9583333333333,104,0.8188976377952756,0.6141732283464567,0.5039370078740157,0.6614173228346457,0.6535433070866141,0.593175853018373,0.7075365579302587,0.6916010498687665,2020-09-24,0.5748031496062992,73.0,212.0
2020-09-24,212.0,73,0.5748031496062992,0.8188976377952756,0.6141732283464567,0.5039370078740157,0.8661417322834646,0.6456692913385829,0.7311586051743532,0.7031496062992126,2020-09-25,0.7480314960629921,95.0,266.875
2020-09-25,266.875,95,0.7480314960629921,0.5748031496062992,0.8188976377952756,0.6141732283464567,0.8503937007874016,0.6692913385826773,0.689538807649044,0.7007874015748031,2020-09-26,0.7874015748031497,100.0,281.1666666666667
2020-09-26,281.1666666666667,100,0.7874015748031497,0.7480314960629921,0.5748031496062992,0.8188976377952756,0.8031496062992126,0.7139107611548559,0.6749156355455569,0.7005249343832021,2020-09-27,0.889763779527559,113.0,313.9583333333333
2020-09-27,313.9583333333333,113,0.889763779527559,0.7874015748031497,0.7480314960629921,0.5748031496062992,0.6614173228346457,0.7034120734908139,0.672665916760405,0.710761154855643,2020-09-28,0.7480314960629921,95.0,266.4583333333333
2020-09-28,266.4583333333333,95,0.7480314960629921,0.889763779527559,0.7874015748031497,0.7480314960629921,0.5039370078740157,0.8083989501312338,0.7052868391451067,0.7183727034120735,2020-09-29,0.7637795275590551,97.0,271.5833333333333
2020-09-29,271.5833333333333,97,0.7637795275590551,0.7480314960629921,0.889763779527559,0.7874015748031497,0.6141732283464567,0.8083989501312338,0.7401574803149605,0.7196850393700788,2020-09-30,0.8582677165354331,109.0,301.9583333333333
2020-09-30,301.9583333333333,109,0.8582677165354331,0.7637795275590551,0.7480314960629921,0.889763779527559,0.8188976377952756,0.8005249343832023,0.7615298087739032,0.7199475065616797,2020-10-01,0.8110236220472441,103.0,286.625
2020-10-01,286.625,103,0.8110236220472441,0.8582677165354331,0.7637795275590551,0.7480314960629921,0.5748031496062992,0.7900262467191602,0.7671541057367829,0.7236220472440944,2020-10-02,0.8818897637795275,112.0,311.5
2020-10-02,311.5,112,0.8818897637795275,0.8110236220472441,0.8582677165354331,0.7637795275590551,0.7480314960629921,0.8110236220472441,0.8008998875140608,0.7286089238845145,2020-10-03,0.8031496062992126,102.0,286.0
2020-10-03,286.0,102,0.8031496062992126,0.8818897637795275,0.8110236220472441,0.8582677165354331,0.7874015748031497,0.8503937007874017,0.8200224971878516,0.7314960629921259,2020-10-04,0.8110236220472441,103.0,286.7083333333333
2020-10-04,286.7083333333333,103,0.8110236220472441,0.8031496062992126,0.8818897637795275,0.8110236220472441,0.889763779527559,0.8320209973753282,0.8222722159730033,0.7354330708661417,2020-10-05,0.84251968503937,107.0,296.7083333333333
2020-10-05,296.7083333333333,107,0.84251968503937,0.8110236220472441,0.8031496062992126,0.8818897637795275,0.7480314960629921,0.8320209973753282,0.8110236220472442,0.7490813648293965,2020-10-06,0.7401574803149606,94.0,264.125
2020-10-06,264.125,94,0.7401574803149606,0.84251968503937,0.8110236220472441,0.8031496062992126,0.7637795275590551,0.8188976377952758,0.8245219347581552,0.7514435695538058,2020-10-07,0.8818897637795275,112.0,309.3333333333333
2020-10-07,309.3333333333333,112,0.8818897637795275,0.7401574803149606,0.84251968503937,0.8110236220472441,0.8582677165354331,0.7979002624671918,0.8211473565804275,0.7503937007874016,2020-10-08,0.8740157480314961,111.0,307.5
2020-10-08,307.5,111,0.8740157480314961,0.8818897637795275,0.7401574803149606,0.84251968503937,0.8110236220472441,0.8215223097112863,0.8245219347581553,0.7656167979002625,2020-10-09,0.8818897637795275,112.0,311.2083333333333
2020-10-09,311.2083333333333,112,0.8818897637795275,0.8740157480314961,0.8818897637795275,0.7401574803149606,0.8818897637795275,0.8320209973753282,0.8335208098987625,0.7708661417322834,2020-10-10,0.8503937007874016,108.0,301.25
2020-10-10,301.25,108,0.8503937007874016,0.8818897637795275,0.8740157480314961,0.8818897637795275,0.8031496062992126,0.8792650918635173,0.8335208098987626,0.7761154855643044,2020-10-11,0.8346456692913385,106.0,295.75
2020-10-11,295.75,106,0.8346456692913385,0.8503937007874016,0.8818897637795275,0.8740157480314961,0.8110236220472441,0.8687664041994752,0.8402699662542182,0.7761154855643044,2020-10-12,0.7716535433070866,98.0,273.9583333333333
2020-10-12,273.9583333333333,98,0.7716535433070866,0.8346456692913385,0.8503937007874016,0.8818897637795275,0.84251968503937,0.8556430446194229,0.843644544431946,0.7763779527559056,2020-10-13,0.905511811023622,115.0,317.8333333333333
2020-10-13,317.8333333333333,115,0.905511811023622,0.7716535433070866,0.8346456692913385,0.8503937007874016,0.7401574803149606,0.8188976377952756,0.8335208098987626,0.7774278215223097,2020-10-14,0.905511811023622,115.0,318.0833333333333
2020-10-14,318.0833333333333,115,0.905511811023622,0.905511811023622,0.7716535433070866,0.8346456692913385,0.8818897637795275,0.8372703412073492,0.8571428571428571,0.7826771653543307,2020-10-15,0.7165354330708661,91.0,258.2083333333333
2020-10-15,258.2083333333333,91,0.7165354330708661,0.905511811023622,0.905511811023622,0.7716535433070866,0.8740157480314961,0.8608923884514437,0.8605174353205849,0.7868766404199475,2020-10-16,0.8818897637795275,112.0,309.8333333333333
2020-10-16,309.8333333333333,112,0.8818897637795275,0.7165354330708661,0.905511811023622,0.905511811023622,0.8818897637795275,0.8425196850393702,0.8380202474690664,0.7884514435695539,2020-10-17,0.5669291338582677,72.0,210.625
2020-10-17,210.625,72,0.5669291338582677,0.8818897637795275,0.7165354330708661,0.905511811023622,0.8503937007874016,0.8346456692913388,0.8380202474690664,0.7960629921259842,2020-10-18,0.5039370078740157,64.0,189.58333333333331
2020-10-18,189.58333333333331,64,0.5039370078740157,0.5669291338582677,0.8818897637795275,0.7165354330708661,0.8346456692913385,0.7217847769028873,0.7975253093363329,0.7860892388451444,2020-10-19,0.6929133858267716,88.0,248.70833333333331
2020-10-19,248.70833333333331,88,0.6929133858267716,0.5039370078740157,0.5669291338582677,0.8818897637795275,0.7716535433070866,0.6509186351706038,0.750281214848144,0.7745406824146982,2020-10-20,0.7244094488188977,92.0,260.0833333333333
2020-10-20,260.0833333333333,92,0.7244094488188977,0.6929133858267716,0.5039370078740157,0.5669291338582677,0.905511811023622,0.5879265091863518,0.7390326209223846,0.7708661417322834,2020-10-21,0.905511811023622,115.0,318.5833333333333
2020-10-21,318.5833333333333,115,0.905511811023622,0.7244094488188977,0.6929133858267716,0.5039370078740157,0.905511811023622,0.6404199475065618,0.7131608548931384,0.7729658792650919,2020-10-22,0.8582677165354331,109.0,303.2083333333333
2020-10-22,303.2083333333333,109,0.8582677165354331,0.905511811023622,0.7244094488188977,0.6929133858267716,0.7165354330708661,0.7742782152230973,0.7131608548931382,0.7863517060367453,2020-10-23,0.9291338582677166,118.0,324.75
2020-10-23,324.75,118,0.9291338582677166,0.8582677165354331,0.905511811023622,0.7244094488188977,0.8818897637795275,0.8293963254593177,0.7334083239595051,0.7944881889763779,2020-10-24,0.8346456692913385,106.0,296.0
2020-10-24,296.0,106,0.8346456692913385,0.9291338582677166,0.8582677165354331,0.905511811023622,0.5669291338582677,0.8976377952755907,0.7401574803149605,0.7981627296587928,2020-10-25,0.8818897637795275,112.0,309.75
2020-10-25,309.75,112,0.8818897637795275,0.8346456692913385,0.9291338582677166,0.8582677165354331,0.5039370078740157,0.8740157480314963,0.7784026996625422,0.8068241469816273,2020-10-26,0.33070866141732286,42.0,132.58333333333334
2020-10-26,132.58333333333334,42,0.33070866141732286,0.8818897637795275,0.8346456692913385,0.9291338582677166,0.6929133858267716,0.8818897637795277,0.8323959505061866,0.8112860892388452,2020-10-27,0.28346456692913385,36.0,118.16666666666669
2020-10-27,118.16666666666669,36,0.28346456692913385,0.33070866141732286,0.8818897637795275,0.8346456692913385,0.7244094488188977,0.6824146981627298,0.7806524184476941,0.7960629921259843,2020-10-28,0.8031496062992126,102.0,286.1666666666667
2020-10-28,286.1666666666667,102,0.8031496062992126,0.28346456692913385,0.33070866141732286,0.8818897637795275,0.905511811023622,0.4986876640419949,0.7176602924634421,0.7758530183727035,2020-10-29,0.5669291338582677,72.0,208.58333333333331
2020-10-29,208.58333333333331,72,0.5669291338582677,0.8031496062992126,0.28346456692913385,0.33070866141732286,0.8582677165354331,0.47244094488189,0.703037120359955,0.7776902887139108,2020-10-30,0.6692913385826772,85.0,242.16666666666663
2020-10-30,242.16666666666663,85,0.6692913385826772,0.5669291338582677,0.8031496062992126,0.28346456692913385,0.9291338582677166,0.5511811023622049,0.6614173228346456,0.7711286089238846,2020-10-31,0.6850393700787402,87.0,246.29166666666663
2020-10-31,246.29166666666663,87,0.6850393700787402,0.6692913385826772,0.5669291338582677,0.8031496062992126,0.8346456692913385,0.6797900262467192,0.6242969628796401,0.7648293963254592,2020-11-01,0.6535433070866141,83.0,237.45833333333331
2020-11-01,237.45833333333331,83,0.6535433070866141,0.6850393700787402,0.6692913385826772,0.5669291338582677,0.8818897637795275,0.6404199475065618,0.6029246344206974,0.7606299212598425,2020-11-02,0.1732283464566929,22.0,83.54166666666667
2020-11-02,83.54166666666667,22,0.1732283464566929,0.6535433070866141,0.6850393700787402,0.6692913385826772,0.33070866141732286,0.6692913385826773,0.5703037120359955,0.7530183727034121,2020-11-03,0.25984251968503935,33.0,111.5
2020-11-03,111.5,33,0.25984251968503935,0.1732283464566929,0.6535433070866141,0.6850393700787402,0.28346456692913385,0.5039370078740159,0.547806524184477,0.732020997375328,2020-11-04,0.3543307086614173,45.0,141.79166666666666
2020-11-04,141.79166666666666,45,0.3543307086614173,0.25984251968503935,0.1732283464566929,0.6535433070866141,0.8031496062992126,0.3622047244094489,0.5444319460067492,0.7136482939632546,2020-11-05,0.4881889763779528,62.0,184.04166666666663
2020-11-05,184.04166666666663,62,0.4881889763779528,0.3543307086614173,0.25984251968503935,0.1732283464566929,0.5669291338582677,0.26246719160105,0.48031496062992124,0.6973753280839894,2020-11-06,0.8661417322834646,110.0,306.0833333333333
2020-11-06,306.0833333333333,110,0.8661417322834646,0.4881889763779528,0.3543307086614173,0.25984251968503935,0.6692913385826772,0.36745406824147,0.46906636670416196,0.6889763779527559,2020-11-07,0.9291338582677166,118.0,324.5
2020-11-07,324.5,118,0.9291338582677166,0.8661417322834646,0.4881889763779528,0.3543307086614173,0.6850393700787402,0.5695538057742784,0.4971878515185602,0.6884514435695538,2020-11-08,0.9291338582677166,118.0,325.4583333333333
2020-11-08,325.4583333333333,118,0.9291338582677166,0.9291338582677166,0.8661417322834646,0.4881889763779528,0.6535433070866141,0.7611548556430447,0.532058492688414,0.6902887139107612,2020-11-09,0.9291338582677166,118.0,325.625
2020-11-09,325.625,118,0.9291338582677166,0.9291338582677166,0.9291338582677166,0.8661417322834646,0.1732283464566929,0.9081364829396327,0.5714285714285714,0.6918635170603674,2020-11-10,0.7244094488188977,92.0,258.9583333333333
2020-11-10,258.9583333333333,92,0.7244094488188977,0.9291338582677166,0.9291338582677166,0.9291338582677166,0.25984251968503935,0.9291338582677166,0.6794150731158606,0.694488188976378,2020-11-11,0.7322834645669292,93.0,261.7916666666667
2020-11-11,261.7916666666667,93,0.7322834645669292,0.7244094488188977,0.9291338582677166,0.9291338582677166,0.3543307086614173,0.8608923884514437,0.7457817772778402,0.6908136482939632,2020-11-12,0.8582677165354331,109.0,303.125
2020-11-12,303.125,109,0.8582677165354331,0.7322834645669292,0.7244094488188977,0.9291338582677166,0.4881889763779528,0.7952755905511814,0.7997750281214849,0.689501312335958,2020-11-13,0.937007874015748,119.0,326.7083333333333
2020-11-13,326.7083333333333,119,0.937007874015748,0.8582677165354331,0.7322834645669292,0.7244094488188977,0.8661417322834646,0.7716535433070867,0.8526434195725535,0.6879265091863517,2020-11-14,0.8582677165354331,109.0,303.375
2020-11-14,303.375,109,0.8582677165354331,0.937007874015748,0.8582677165354331,0.7322834645669292,0.9291338582677166,0.8425196850393702,0.8627671541057368,0.6889763779527559,2020-11-15,0.8740157480314961,111.0,308.2916666666667
2020-11-15,308.2916666666667,111,0.8740157480314961,0.8582677165354331,0.937007874015748,0.8582677165354331,0.9291338582677166,0.8845144356955382,0.8526434195725534,0.6937007874015748,2020-11-16,0.7716535433070866,98.0,274.0833333333333
2020-11-16,274.0833333333333,98,0.7716535433070866,0.8740157480314961,0.8582677165354331,0.937007874015748,0.9291338582677166,0.8897637795275593,0.8447694038245219,0.6934383202099739,2020-11-17,0.8976377952755905,114.0,316.1666666666667
2020-11-17,316.1666666666667,114,0.8976377952755905,0.7716535433070866,0.8740157480314961,0.8582677165354331,0.7244094488188977,0.8346456692913388,0.8222722159730035,0.7002624671916011,2020-11-18,0.7795275590551181,99.0,276.375
2020-11-18,276.375,99,0.7795275590551181,0.8976377952755905,0.7716535433070866,0.8740157480314961,0.7322834645669292,0.8477690288713912,0.8470191226096738,0.7133858267716534,2020-11-19,0.7401574803149606,94.0,265.4583333333333
2020-11-19,265.4583333333333,94,0.7401574803149606,0.7795275590551181,0.8976377952755905,0.7716535433070866,0.8582677165354331,0.8162729658792651,0.8537682789651294,0.716272965879265,2020-11-20,0.2440944881889764,31.0,106.54166666666669
2020-11-20,106.54166666666669,31,0.2440944881889764,0.7401574803149606,0.7795275590551181,0.8976377952755905,0.937007874015748,0.8057742782152232,0.8368953880764903,0.7167979002624673,2020-11-21,0.4409448818897638,56.0,169.33333333333334
2020-11-21,169.33333333333334,56,0.4409448818897638,0.2440944881889764,0.7401574803149606,0.7795275590551181,0.8582677165354331,0.5879265091863518,0.7379077615298089,0.694750656167979,2020-11-22,0.952755905511811,121.0,332.0416666666667
2020-11-22,332.0416666666667,121,0.952755905511811,0.4409448818897638,0.2440944881889764,0.7401574803149606,0.8740157480314961,0.47506561679790044,0.6782902137232847,0.6808398950131235,2020-11-23,0.9448818897637795,120.0,331.3333333333333
2020-11-23,331.3333333333333,120,0.9448818897637795,0.952755905511811,0.4409448818897638,0.2440944881889764,0.7716535433070866,0.5459317585301838,0.689538807649044,0.6816272965879264,2020-11-24,0.937007874015748,119.0,327.875
2020-11-24,327.875,119,0.937007874015748,0.9448818897637795,0.952755905511811,0.4409448818897638,0.8976377952755905,0.7795275590551182,0.7142857142857142,0.6853018372703412,2020-11-25,0.84251968503937,107.0,298.25
2020-11-25,298.25,107,0.84251968503937,0.937007874015748,0.9448818897637795,0.952755905511811,0.7795275590551181,0.9448818897637796,0.7199100112485939,0.6871391076115485,2020-11-26,0.6299212598425197,80.0,230.08333333333331
2020-11-26,230.08333333333331,80,0.6299212598425197,0.84251968503937,0.937007874015748,0.9448818897637795,0.7401574803149606,0.9081364829396327,0.7289088863892014,0.7041994750656168,2020-11-27,0.7480314960629921,95.0,266.8333333333333
2020-11-27,266.8333333333333,95,0.7480314960629921,0.6299212598425197,0.84251968503937,0.937007874015748,0.2440944881889764,0.8031496062992126,0.7131608548931384,0.7157480314960629,2020-11-28,0.7165354330708661,91.0,257.3333333333333
2020-11-28,257.3333333333333,91,0.7165354330708661,0.7480314960629921,0.6299212598425197,0.84251968503937,0.4409448818897638,0.7401574803149608,0.7851518560179978,0.7139107611548556,2020-11-29,0.5196850393700787,66.0,193.25
2020-11-29,193.25,66,0.5196850393700787,0.7165354330708661,0.7480314960629921,0.6299212598425197,0.952755905511811,0.6981627296587929,0.8245219347581552,0.7188976377952756,2020-11-30,0.889763779527559,113.0,311.7916666666667
2020-11-30,311.7916666666667,113,0.889763779527559,0.5196850393700787,0.7165354330708661,0.7480314960629921,0.9448818897637795,0.6614173228346457,0.7626546681664792,0.7139107611548556,2020-12-01,0.9133858267716536,116.0,320.5833333333333
2020-12-01,320.5833333333333,116,0.9133858267716536,0.889763779527559,0.5196850393700787,0.7165354330708661,0.937007874015748,0.7086614173228348,0.7547806524184477,0.720734908136483,2020-12-02,0.905511811023622,115.0,318.125
2020-12-02,318.125,115,0.905511811023622,0.9133858267716536,0.889763779527559,0.5196850393700787,0.84251968503937,0.7742782152230973,0.7514060742407199,0.7293963254593177,2020-12-03,0.8188976377952756,104.0,289.7916666666667
2020-12-03,289.7916666666667,104,0.8188976377952756,0.905511811023622,0.9133858267716536,0.889763779527559,0.6299212598425197,0.9028871391076118,0.7604049493813273,0.7538057742782152,2020-12-04,0.7244094488188977,92.0,258.875
2020-12-04,258.875,92,0.7244094488188977,0.8188976377952756,0.905511811023622,0.9133858267716536,0.7480314960629921,0.8792650918635173,0.7874015748031497,0.7724409448818897,2020-12-05,0.8267716535433071,105.0,293.0833333333333
2020-12-05,293.0833333333333,105,0.8267716535433071,0.7244094488188977,0.8188976377952756,0.905511811023622,0.7165354330708661,0.8162729658792651,0.7840269966254217,0.7847769028871391,2020-12-06,0.952755905511811,121.0,332.3333333333333
2020-12-06,332.3333333333333,121,0.952755905511811,0.8267716535433071,0.7244094488188977,0.8188976377952756,0.5196850393700787,0.7900262467191603,0.7997750281214848,0.7960629921259842,2020-12-07,0.7244094488188977,92.0,260.2916666666667
2020-12-07,260.2916666666667,92,0.7244094488188977,0.952755905511811,0.8267716535433071,0.7244094488188977,0.889763779527559,0.8346456692913388,0.8616422947131609,0.7989501312335958,2020-12-08,0.8503937007874016,108.0,300.75
2020-12-08,300.75,108,0.8503937007874016,0.7244094488188977,0.952755905511811,0.8267716535433071,0.9133858267716536,0.8346456692913388,0.8380202474690664,0.7921259842519685,2020-12-09,0.952755905511811,121.0,333.5
2020-12-09,333.5,121,0.952755905511811,0.8503937007874016,0.7244094488188977,0.952755905511811,0.905511811023622,0.8425196850393704,0.8290213723284588,0.789501312335958,2020-12-10,0.9291338582677166,118.0,325.4583333333333
2020-12-10,325.4583333333333,118,0.9291338582677166,0.952755905511811,0.8503937007874016,0.7244094488188977,0.8188976377952756,0.8425196850393702,0.8357705286839145,0.7902887139107612,2020-12-11,0.984251968503937,125.0,342.1666666666667
2020-12-11,342.1666666666667,125,0.984251968503937,0.9291338582677166,0.952755905511811,0.8503937007874016,0.7244094488188977,0.9107611548556432,0.8515185601799775,0.7971128608923884,2020-12-12,0.8740157480314961,111.0,307.375
2020-12-12,307.375,111,0.8740157480314961,0.984251968503937,0.9291338582677166,0.952755905511811,0.8267716535433071,0.9553805774278216,0.888638920134983,0.805511811023622,2020-12-13,0.937007874015748,119.0,328.2083333333333
2020-12-13,328.2083333333333,119,0.937007874015748,0.8740157480314961,0.984251968503937,0.9291338582677166,0.952755905511811,0.9291338582677167,0.8953880764904387,0.8060367454068241,2020-12-14,0.905511811023622,115.0,317.5
2020-12-14,317.5,115,0.905511811023622,0.937007874015748,0.8740157480314961,0.984251968503937,0.7244094488188977,0.9317585301837271,0.8931383577052869,0.8060367454068241,2020-12-15,0.9763779527559056,124.0,340.75
2020-12-15,340.75,124,0.9763779527559056,0.905511811023622,0.937007874015748,0.8740157480314961,0.8503937007874016,0.9055118110236222,0.9190101237345332,0.8076115485564304,2020-12-16,0.6456692913385826,82.0,234.25
2020-12-16,234.25,82,0.6456692913385826,0.9763779527559056,0.905511811023622,0.937007874015748,0.952755905511811,0.9396325459317586,0.937007874015748,0.8110236220472441,2020-12-17,0.29133858267716534,37.0,121.41666666666669
2020-12-17,121.41666666666669,37,0.29133858267716534,0.6456692913385826,0.9763779527559056,0.905511811023622,0.9291338582677166,0.8425196850393702,0.8931383577052869,0.8068241469816273,2020-12-18,0.8110236220472441,103.0,286.7916666666667
2020-12-18,286.7916666666667,103,0.8110236220472441,0.29133858267716534,0.6456692913385826,0.9763779527559056,0.984251968503937,0.6377952755905514,0.8020247469066366,0.7866141732283466,2020-12-19,0.7716535433070866,98.0,274.8333333333333
2020-12-19,274.8333333333333,98,0.7716535433070866,0.8110236220472441,0.29133858267716534,0.6456692913385826,0.8740157480314961,0.5826771653543309,0.7772778402699663,0.7876640419947507,2020-12-20,0.7716535433070866,98.0,275.7083333333333
2020-12-20,275.7083333333333,98,0.7716535433070866,0.7716535433070866,0.8110236220472441,0.29133858267716534,0.937007874015748,0.6246719160104988,0.7626546681664791,0.7887139107611548,2020-12-21,0.8188976377952756,104.0,290.75
2020-12-21,290.75,104,0.8188976377952756,0.7716535433070866,0.7716535433070866,0.8110236220472441,0.905511811023622,0.7847769028871392,0.7390326209223846,0.8062992125984252,2020-12-22,0.905511811023622,115.0,317.375
2020-12-22,317.375,115,0.905511811023622,0.8188976377952756,0.7716535433070866,0.7716535433070866,0.9763779527559056,0.7874015748031497,0.7266591676040495,0.8188976377952756,2020-12-23,0.7952755905511811,101.0,283.5833333333333
2020-12-23,283.5833333333333,101,0.7952755905511811,0.905511811023622,0.8188976377952756,0.7716535433070866,0.6456692913385826,0.8320209973753281,0.7165354330708661,0.8173228346456693,2020-12-24,0.984251968503937,125.0,342.8333333333333
2020-12-24,342.8333333333333,125,0.984251968503937,0.7952755905511811,0.905511811023622,0.8188976377952756,0.29133858267716534,0.8398950131233597,0.7379077615298087,0.8123359580052494,2020-12-25,0.8267716535433071,105.0,293.8333333333333
2020-12-25,293.8333333333333,105,0.8267716535433071,0.984251968503937,0.7952755905511811,0.905511811023622,0.8110236220472441,0.8950131233595803,0.8368953880764904,0.8139107611548557,2020-12-26,0.8661417322834646,110.0,305.1666666666667
2020-12-26,305.1666666666667,110,0.8661417322834646,0.8267716535433071,0.984251968503937,0.7952755905511811,0.7716535433070866,0.8687664041994752,0.8391451068616422,0.8133858267716535,2020-12-27,0.7952755905511811,101.0,282.0833333333333
2020-12-27,282.0833333333333,101,0.7952755905511811,0.8661417322834646,0.8267716535433071,0.984251968503937,0.7716535433070866,0.8923884514435697,0.8526434195725534,0.8212598425196851,2020-12-28,0.952755905511811,121.0,332.875
2020-12-28,332.875,121,0.952755905511811,0.7952755905511811,0.8661417322834646,0.8267716535433071,0.8188976377952756,0.8293963254593177,0.8560179977502812,0.8228346456692913,2020-12-29,0.7637795275590551,97.0,272.6666666666667
2020-12-29,272.6666666666667,97,0.7637795275590551,0.952755905511811,0.7952755905511811,0.8661417322834646,0.905511811023622,0.8713910761154858,0.8751406074240721,0.8307086614173228,2020-12-30,0.8818897637795275,112.0,310.5416666666667
2020-12-30,310.5416666666667,112,0.8818897637795275,0.7637795275590551,0.952755905511811,0.7952755905511811,0.7952755905511811,0.8372703412073491,0.8548931383577053,0.8388451443569555,2020-12-31,0.7007874015748031,89.0,251.41666666666663
2020-12-31,251.41666666666663,89,0.7007874015748031,0.8818897637795275,0.7637795275590551,0.952755905511811,0.984251968503937,0.8661417322834647,0.8672665916760405,0.8385826771653543,2021-01-01,0.84251968503937,107.0,296.9583333333333
2021-01-01,296.9583333333333,107,0.84251968503937,0.7007874015748031,0.8818897637795275,0.7637795275590551,0.8267716535433071,0.7821522309711287,0.8267716535433071,0.831496062992126,2021-01-02,0.6692913385826772,85.0,242.125
2021-01-02,242.125,85,0.6692913385826772,0.84251968503937,0.7007874015748031,0.8818897637795275,0.8661417322834646,0.8083989501312336,0.829021372328459,0.8293963254593176,2021-01-03,0.7480314960629921,95.0,267.2083333333333
2021-01-03,267.2083333333333,95,0.7480314960629921,0.6692913385826772,0.84251968503937,0.7007874015748031,0.7952755905511811,0.7375328083989503,0.8008998875140607,0.8244094488188977,2021-01-04,0.9448818897637795,120.0,330.625
2021-01-04,330.625,120,0.9448818897637795,0.7480314960629921,0.6692913385826772,0.84251968503937,0.952755905511811,0.7532808398950133,0.7941507311586051,0.8251968503937008,2021-01-05,0.7795275590551181,99.0,278.5416666666667
2021-01-05,278.5416666666667,99,0.7795275590551181,0.9448818897637795,0.7480314960629921,0.6692913385826772,0.7637795275590551,0.7874015748031497,0.7930258717660292,0.8291338582677166,2021-01-06,0.7559055118110236,96.0,270.4166666666667
2021-01-06,270.4166666666667,96,0.7559055118110236,0.7795275590551181,0.9448818897637795,0.7480314960629921,0.8818897637795275,0.8241469816272966,0.7952755905511811,0.8233595800524934,2021-01-07,0.7874015748031497,100.0,279.375
2021-01-07,279.375,100,0.7874015748031497,0.7559055118110236,0.7795275590551181,0.9448818897637795,0.7007874015748031,0.8267716535433071,0.7772778402699663,0.8244094488188976,2021-01-08,0.7086614173228346,90.0,255.91666666666663
2021-01-08,255.91666666666663,90,0.7086614173228346,0.7874015748031497,0.7559055118110236,0.7795275590551181,0.84251968503937,0.7742782152230973,0.7896512935883014,0.8223097112860892,2021-01-09,0.8188976377952756,104.0,291.1666666666667
2021-01-09,291.1666666666667,104,0.8188976377952756,0.7086614173228346,0.7874015748031497,0.7559055118110236,0.6692913385826772,0.7506561679790028,0.7705286839145107,0.8141732283464567,2021-01-10,0.7952755905511811,101.0,282.4166666666667
2021-01-10,282.4166666666667,101,0.7952755905511811,0.8188976377952756,0.7086614173228346,0.7874015748031497,0.7480314960629921,0.7716535433070867,0.7919010123734533,0.810498687664042,2021-01-11,0.5748031496062992,73.0,211.95833333333331
2021-01-11,211.95833333333331,73,0.5748031496062992,0.7952755905511811,0.8188976377952756,0.7086614173228346,0.9448818897637795,0.7742782152230973,0.7986501687289088,0.8041994750656168,2021-01-12,0.4645669291338583,59.0,176.91666666666666
2021-01-12,176.91666666666666,59,0.4645669291338583,0.5748031496062992,0.7952755905511811,0.8188976377952756,0.7795275590551181,0.7296587926509187,0.7457817772778402,0.7942257217847769,2021-01-13,0.6614173228346457,84.0,239.33333333333331
2021-01-13,239.33333333333331,84,0.6614173228346457,0.4645669291338583,0.5748031496062992,0.7952755905511811,0.7559055118110236,0.6115485564304463,0.7007874015748031,0.7784776902887139,2021-01-14,0.8503937007874016,108.0,300.5833333333333
2021-01-14,300.5833333333333,108,0.8503937007874016,0.6614173228346457,0.4645669291338583,0.5748031496062992,0.7874015748031497,0.5669291338582679,0.687289088863892,0.7703412073490814,2021-01-15,0.4094488188976378,52.0,159.66666666666666
2021-01-15,159.66666666666666,52,0.4094488188976378,0.8503937007874016,0.6614173228346457,0.4645669291338583,0.7086614173228346,0.6587926509186354,0.6962879640044994,0.7661417322834646,2021-01-16,0.6771653543307087,86.0,245.70833333333331
2021-01-16,245.70833333333331,86,0.6771653543307087,0.4094488188976378,0.8503937007874016,0.6614173228346457,0.8188976377952756,0.6404199475065618,0.6535433070866141,0.7582677165354331,2021-01-17,0.9448818897637795,120.0,330.5
2021-01-17,330.5,120,0.9448818897637795,0.6771653543307087,0.4094488188976378,0.8503937007874016,0.7952755905511811,0.6456692913385829,0.6332958380202475,0.7711286089238845,2021-01-18,0.984251968503937,125.0,343.7083333333333
2021-01-18,343.7083333333333,125,0.984251968503937,0.9448818897637795,0.6771653543307087,0.4094488188976378,0.5748031496062992,0.6771653543307088,0.6546681664791901,0.7755905511811023,2021-01-19,0.8346456692913385,106.0,294.7916666666667
2021-01-19,294.7916666666667,106,0.8346456692913385,0.984251968503937,0.9448818897637795,0.6771653543307087,0.4645669291338583,0.8687664041994753,0.7131608548931384,0.7826771653543307,2021-01-20,0.49606299212598426,63.0,186.125
2021-01-20,186.125,63,0.49606299212598426,0.8346456692913385,0.984251968503937,0.9448818897637795,0.6614173228346457,0.9212598425196852,0.766029246344207,0.7847769028871391,2021-01-21,0.6692913385826772,85.0,242.375
2021-01-21,242.375,85,0.6692913385826772,0.49606299212598426,0.8346456692913385,0.984251968503937,0.8503937007874016,0.7716535433070867,0.7424071991001125,0.7740157480314961,2021-01-22,0.5748031496062992,73.0,211.16666666666663
2021-01-22,211.16666666666663,73,0.5748031496062992,0.6692913385826772,0.49606299212598426,0.8346456692913385,0.4094488188976378,0.6666666666666669,0.7165354330708661,0.7661417322834646,2021-01-23,0.5275590551181102,67.0,196.16666666666663
2021-01-23,196.16666666666663,67,0.5275590551181102,0.5748031496062992,0.6692913385826772,0.49606299212598426,0.6771653543307087,0.5800524934383203,0.7401574803149605,0.758792650918635,2021-01-24,0.5748031496062992,73.0,211.33333333333331
2021-01-24,211.33333333333331,73,0.5748031496062992,0.5275590551181102,0.5748031496062992,0.6692913385826772,0.9448818897637795,0.5905511811023624,0.718785151856018,0.7435695538057742,2021-01-25,0.7795275590551181,99.0,276.7083333333333
2021-01-25,276.7083333333333,99,0.7795275590551181,0.5748031496062992,0.5275590551181102,0.5748031496062992,0.984251968503937,0.5590551181102362,0.6659167604049493,0.7351706036745408,2021-01-26,0.7322834645669292,93.0,263.25
2021-01-26,263.25,93,0.7322834645669292,0.7795275590551181,0.5748031496062992,0.5275590551181102,0.8346456692913385,0.6272965879265092,0.6366704161979753,0.7322834645669292,2021-01-27,0.4409448818897638,56.0,167.91666666666666
2021-01-27,167.91666666666666,56,0.4409448818897638,0.7322834645669292,0.7795275590551181,0.5748031496062992,0.49606299212598426,0.6955380577427822,0.6220472440944881,0.7301837270341207,2021-01-28,0.7322834645669292,93.0,263.625
2021-01-28,263.625,93,0.7322834645669292,0.4409448818897638,0.7322834645669292,0.7795275590551181,0.6692913385826772,0.6509186351706039,0.6141732283464566,0.7131233595800525,2021-01-29,0.7165354330708661,91.0,258.5833333333333
2021-01-29,258.5833333333333,91,0.7165354330708661,0.7322834645669292,0.4409448818897638,0.7322834645669292,0.5748031496062992,0.6351706036745409,0.6231721034870642,0.7120734908136482,2021-01-30,0.8110236220472441,103.0,287.375
2021-01-30,287.375,103,0.8110236220472441,0.7165354330708661,0.7322834645669292,0.4409448818897638,0.5275590551181102,0.6299212598425199,0.6434195725534309,0.7065616797900263,2021-01-31,0.7086614173228346,90.0,254.33333333333331
2021-01-31,254.33333333333331,90,0.7086614173228346,0.8110236220472441,0.7165354330708661,0.7322834645669292,0.5748031496062992,0.7532808398950133,0.6839145106861643,0.710236220472441,2021-02-01,0.5669291338582677,72.0,208.66666666666663
2021-02-01,208.66666666666663,72,0.5669291338582677,0.7086614173228346,0.8110236220472441,0.7165354330708661,0.7795275590551181,0.7454068241469818,0.703037120359955,0.7057742782152231,2021-02-02,0.49606299212598426,63.0,187.625
2021-02-02,187.625,63,0.49606299212598426,0.5669291338582677,0.7086614173228346,0.8110236220472441,0.7322834645669292,0.6955380577427822,0.6726659167604049,0.7023622047244094,2021-02-03,0.8503937007874016,108.0,299.4583333333333
2021-02-03,299.4583333333333,108,0.8503937007874016,0.49606299212598426,0.5669291338582677,0.7086614173228346,0.4409448818897638,0.5905511811023624,0.6389201349831272,0.6939632545931758,2021-02-04,0.6456692913385826,82.0,234.625
2021-02-04,234.625,82,0.6456692913385826,0.8503937007874016,0.49606299212598426,0.5669291338582677,0.7322834645669292,0.6377952755905513,0.6974128233970754,0.6908136482939632,2021-02-05,0.8740157480314961,111.0,308.9166666666667
2021-02-05,308.9166666666667,111,0.8740157480314961,0.6456692913385826,0.8503937007874016,0.49606299212598426,0.7165354330708661,0.6640419947506563,0.6850393700787402,0.6863517060367454,2021-02-06,0.7165354330708661,91.0,257.625
2021-02-06,257.625,91,0.7165354330708661,0.8740157480314961,0.6456692913385826,0.8503937007874016,0.8110236220472441,0.7900262467191602,0.7075365579302587,0.6902887139107612,2021-02-07,0.7795275590551181,99.0,277.5416666666667
2021-02-07,277.5416666666667,99,0.7795275590551181,0.7165354330708661,0.8740157480314961,0.6456692913385826,0.7086614173228346,0.7454068241469818,0.6940382452193476,0.6879265091863516,2021-02-08,0.7795275590551181,99.0,277.75
2021-02-08,277.75,99,0.7795275590551181,0.7795275590551181,0.7165354330708661,0.8740157480314961,0.5669291338582677,0.7900262467191602,0.7041619797525308,0.6902887139107611,2021-02-09,0.8110236220472441,103.0,286.6666666666667
2021-02-09,286.6666666666667,103,0.8110236220472441,0.7795275590551181,0.7795275590551181,0.7165354330708661,0.49606299212598426,0.7585301837270343,0.734533183352081,0.6889763779527559,2021-02-10,0.952755905511811,121.0,333.75
2021-02-10,333.75,121,0.952755905511811,0.8110236220472441,0.7795275590551181,0.7795275590551181,0.8503937007874016,0.7900262467191602,0.779527559055118,0.689501312335958,2021-02-11,0.968503937007874,123.0,338.2916666666667
2021-02-11,338.2916666666667,123,0.968503937007874,0.952755905511811,0.8110236220472441,0.7795275590551181,0.6456692913385826,0.8477690288713912,0.794150731158605,0.7020997375328084,2021-02-12,0.8582677165354331,109.0,301.9583333333333
2021-02-12,301.9583333333333,109,0.8582677165354331,0.968503937007874,0.952755905511811,0.8110236220472441,0.8740157480314961,0.9107611548556432,0.8402699662542181,0.7188976377952756,2021-02-13,0.7401574803149606,94.0,265.75
2021-02-13,265.75,94,0.7401574803149606,0.8582677165354331,0.968503937007874,0.952755905511811,0.7165354330708661,0.9265091863517062,0.8380202474690664,0.7254593175853018,2021-02-14,0.7952755905511811,101.0,281.5416666666667
2021-02-14,281.5416666666667,101,0.7952755905511811,0.7401574803149606,0.8582677165354331,0.968503937007874,0.7795275590551181,0.8556430446194226,0.8413948256467941,0.721784776902887,2021-02-15,0.8188976377952756,104.0,289.25
2021-02-15,289.25,104,0.8188976377952756,0.7952755905511811,0.7401574803149606,0.8582677165354331,0.7795275590551181,0.7979002624671918,0.843644544431946,0.7346456692913386,2021-02-16,0.7007874015748031,89.0,251.625
2021-02-16,251.625,89,0.7007874015748031,0.8188976377952756,0.7952755905511811,0.7401574803149606,0.8110236220472441,0.7847769028871392,0.8492688413948256,0.7393700787401575,2021-02-17,0.7086614173228346,90.0,253.75
2021-02-17,253.75,90,0.7086614173228346,0.7007874015748031,0.8188976377952756,0.7952755905511811,0.952755905511811,0.7716535433070867,0.8335208098987625,0.7312335958005249,2021-02-18,0.5826771653543307,74.0,215.70833333333331
2021-02-18,215.70833333333331,74,0.5826771653543307,0.7086614173228346,0.7007874015748031,0.8188976377952756,0.968503937007874,0.7427821522309713,0.798650168728909,0.7220472440944882,2021-02-19,0.7086614173228346,90.0,254.91666666666663
2021-02-19,254.91666666666663,90,0.7086614173228346,0.5826771653543307,0.7086614173228346,0.7007874015748031,0.8582677165354331,0.6640419947506563,0.7435320584926884,0.7136482939632546,2021-02-20,0.8503937007874016,108.0,299.375
2021-02-20,299.375,108,0.8503937007874016,0.7086614173228346,0.5826771653543307,0.7086614173228346,0.7401574803149606,0.6666666666666666,0.7221597300337458,0.720734908136483,2021-02-21,0.8267716535433071,105.0,293.875
2021-02-21,293.875,105,0.8267716535433071,0.8503937007874016,0.7086614173228346,0.5826771653543307,0.7952755905511811,0.7139107611548559,0.7379077615298087,0.7267716535433071,2021-02-22,0.7795275590551181,99.0,276.8333333333333
2021-02-22,276.8333333333333,99,0.7795275590551181,0.8267716535433071,0.8503937007874016,0.7086614173228346,0.8188976377952756,0.7952755905511814,0.7424071991001124,0.7351706036745408,2021-02-23,0.8188976377952756,104.0,289.1666666666667
2021-02-23,289.1666666666667,104,0.8188976377952756,0.7795275590551181,0.8267716535433071,0.8503937007874016,0.7007874015748031,0.8188976377952758,0.7367829021372329,0.7435695538057743,2021-02-24,0.6850393700787402,87.0,247.08333333333331
2021-02-24,247.08333333333331,87,0.6850393700787402,0.8188976377952756,0.7795275590551181,0.8267716535433071,0.7086614173228346,0.8083989501312336,0.7536557930258717,0.7517060367454068,2021-02-25,0.7007874015748031,89.0,251.58333333333331
2021-02-25,251.58333333333331,89,0.7007874015748031,0.6850393700787402,0.8188976377952756,0.7795275590551181,0.5826771653543307,0.7611548556430447,0.7502812148481439,0.7485564304461942,2021-02-26,0.7952755905511811,101.0,283.5
2021-02-26,283.5,101,0.7952755905511811,0.7007874015748031,0.6850393700787402,0.8188976377952756,0.7086614173228346,0.7349081364829398,0.7671541057367828,0.74750656167979,2021-02-27,0.49606299212598426,63.0,186.83333333333331
2021-02-27,186.83333333333331,63,0.49606299212598426,0.7952755905511811,0.7007874015748031,0.6850393700787402,0.8503937007874016,0.7270341207349084,0.7795275590551182,0.7593175853018372,2021-02-28,0.7007874015748031,89.0,252.16666666666663
2021-02-28,252.16666666666663,89,0.7007874015748031,0.49606299212598426,0.7952755905511811,0.7007874015748031,0.8267716535433071,0.6640419947506563,0.7289088863892014,0.7514435695538056,2021-03-01,0.6614173228346457,84.0,239.16666666666663
2021-03-01,239.16666666666663,84,0.6614173228346457,0.7007874015748031,0.49606299212598426,0.7952755905511811,0.7795275590551181,0.6640419947506563,0.7109111361079865,0.7509186351706035,2021-03-02,0.8110236220472441,103.0,286.7916666666667
2021-03-02,286.7916666666667,103,0.8110236220472441,0.6614173228346457,0.7007874015748031,0.49606299212598426,0.8188976377952756,0.619422572178478,0.6940382452193476,0.7459317585301837,2021-03-03,0.4566929133858268,58.0,174.375
2021-03-03,174.375,58,0.4566929133858268,0.8110236220472441,0.6614173228346457,0.7007874015748031,0.6850393700787402,0.7244094488188978,0.6929133858267715,0.7493438320209974,2021-03-04,0.9448818897637795,120.0,331.2083333333333
2021-03-04,331.2083333333333,120,0.9448818897637795,0.4566929133858268,0.8110236220472441,0.6614173228346457,0.7007874015748031,0.6430446194225724,0.6602924634420697,0.7456692913385827,2021-03-05,0.952755905511811,121.0,332.125
2021-03-05,332.125,121,0.952755905511811,0.9448818897637795,0.4566929133858268,0.8110236220472441,0.7952755905511811,0.7375328083989503,0.6951631046119235,0.7606299212598425,2021-03-06,0.9212598425196851,117.0,321.9166666666667
2021-03-06,321.9166666666667,117,0.9212598425196851,0.952755905511811,0.9448818897637795,0.4566929133858268,0.49606299212598426,0.7847769028871392,0.7176602924634421,0.7640419947506562,2021-03-07,0.937007874015748,119.0,328.375
2021-03-07,328.375,119,0.937007874015748,0.9212598425196851,0.952755905511811,0.9448818897637795,0.7007874015748031,0.9396325459317586,0.7784026996625422,0.7732283464566928,2021-03-08,0.889763779527559,113.0,313.8333333333333
2021-03-08,313.8333333333333,113,0.889763779527559,0.937007874015748,0.9212598425196851,0.952755905511811,0.6614173228346457,0.9370078740157481,0.8121484814398201,0.7753280839895013,2021-03-09,0.905511811023622,115.0,318.25
2021-03-09,318.25,115,0.905511811023622,0.889763779527559,0.937007874015748,0.9212598425196851,0.8110236220472441,0.9160104986876642,0.8447694038245218,0.7811023622047244,2021-03-10,0.889763779527559,113.0,312.375
2021-03-10,312.375,113,0.889763779527559,0.905511811023622,0.889763779527559,0.937007874015748,0.4566929133858268,0.9107611548556432,0.8582677165354331,0.7853018372703412,2021-03-11,0.8346456692913385,106.0,296.0833333333333
2021-03-11,296.0833333333333,106,0.8346456692913385,0.889763779527559,0.905511811023622,0.889763779527559,0.9448818897637795,0.89501312335958,0.9201349831271092,0.7889763779527559,2021-03-12,0.9212598425196851,117.0,323.3333333333333
2021-03-12,323.3333333333333,117,0.9212598425196851,0.8346456692913385,0.889763779527559,0.905511811023622,0.952755905511811,0.8766404199475067,0.904386951631046,0.789763779527559,2021-03-13,0.6614173228346457,84.0,238.66666666666663
2021-03-13,238.66666666666663,84,0.6614173228346457,0.9212598425196851,0.8346456692913385,0.889763779527559,0.9212598425196851,0.8818897637795277,0.8998875140607423,0.7887139107611548,2021-03-14,0.8740157480314961,111.0,308.875
2021-03-14,308.875,111,0.8740157480314961,0.6614173228346457,0.9212598425196851,0.8346456692913385,0.937007874015748,0.8057742782152233,0.8627671541057368,0.7784776902887139,2021-03-15,0.7637795275590551,97.0,272.6666666666667
2021-03-15,272.6666666666667,97,0.7637795275590551,0.8740157480314961,0.6614173228346457,0.9212598425196851,0.889763779527559,0.8188976377952758,0.8537682789651294,0.779002624671916,2021-03-16,0.8976377952755905,114.0,316.125
2021-03-16,316.125,114,0.8976377952755905,0.7637795275590551,0.8740157480314961,0.6614173228346457,0.905511811023622,0.7664041994750658,0.8357705286839145,0.7797900262467192,2021-03-17,0.7952755905511811,101.0,281.375
2021-03-17,281.375,101,0.7952755905511811,0.8976377952755905,0.7637795275590551,0.8740157480314961,0.889763779527559,0.8451443569553807,0.8346456692913387,0.7832020997375329,2021-03-18,0.7637795275590551,97.0,272.625
2021-03-18,272.625,97,0.7637795275590551,0.7952755905511811,0.8976377952755905,0.7637795275590551,0.8346456692913385,0.8188976377952758,0.8211473565804274,0.7824146981627297,2021-03-19,0.4409448818897638,56.0,170.08333333333334
2021-03-19,170.08333333333334,56,0.4409448818897638,0.7637795275590551,0.7952755905511811,0.8976377952755905,0.9212598425196851,0.8188976377952758,0.8110236220472442,0.784514435695538,2021-03-20,0.8188976377952756,104.0,290.8333333333333
2021-03-20,290.8333333333333,104,0.8188976377952756,0.4409448818897638,0.7637795275590551,0.7952755905511811,0.6614173228346457,0.6666666666666669,0.7424071991001125,0.7755905511811023,2021-03-21,0.8267716535433071,105.0,293.4583333333333
2021-03-21,293.4583333333333,105,0.8267716535433071,0.8188976377952756,0.4409448818897638,0.7637795275590551,0.8740157480314961,0.6745406824146983,0.764904386951631,0.7834645669291338,2021-03-22,0.6141732283464567,78.0,223.79166666666663
2021-03-22,223.79166666666663,78,0.6141732283464567,0.8267716535433071,0.8188976377952756,0.4409448818897638,0.7637795275590551,0.6955380577427824,0.7581552305961754,0.7874015748031495,2021-03-23,0.889763779527559,113.0,313.0416666666667
2021-03-23,313.0416666666667,113,0.889763779527559,0.6141732283464567,0.8267716535433071,0.8188976377952756,0.8976377952755905,0.7532808398950133,0.7367829021372329,0.7795275590551182,2021-03-24,0.8188976377952756,104.0,290.0
2021-03-24,290.0,104,0.8188976377952756,0.889763779527559,0.6141732283464567,0.8267716535433071,0.7952755905511811,0.7769028871391077,0.7356580427446568,0.7816272965879264,2021-03-25,0.8740157480314961,111.0,308.2916666666667
2021-03-25,308.2916666666667,111,0.8740157480314961,0.8188976377952756,0.889763779527559,0.6141732283464567,0.7637795275590551,0.7742782152230973,0.7390326209223848,0.7829396325459317,2021-03-26,0.8503937007874016,108.0,300.4583333333333
2021-03-26,300.4583333333333,108,0.8503937007874016,0.8740157480314961,0.8188976377952756,0.889763779527559,0.4409448818897638,0.8608923884514437,0.7547806524184476,0.7847769028871391,2021-03-27,0.7165354330708661,91.0,257.875
2021-03-27,257.875,91,0.7165354330708661,0.8503937007874016,0.8740157480314961,0.8188976377952756,0.8188976377952756,0.8477690288713912,0.8132733408323959,0.7902887139107612,2021-03-28,0.8031496062992126,102.0,283.9166666666667
2021-03-28,283.9166666666667,102,0.8031496062992126,0.7165354330708661,0.8503937007874016,0.8740157480314961,0.8267716535433071,0.8136482939632548,0.798650168728909,0.7908136482939632,2021-03-29,0.8582677165354331,109.0,303.5416666666667
2021-03-29,303.5416666666667,109,0.8582677165354331,0.8031496062992126,0.7165354330708661,0.8503937007874016,0.6141732283464567,0.7900262467191602,0.7952755905511811,0.7910761154855643,2021-03-30,0.5905511811023622,75.0,216.45833333333331
2021-03-30,216.45833333333331,75,0.5905511811023622,0.8582677165354331,0.8031496062992126,0.7165354330708661,0.889763779527559,0.7926509186351708,0.830146231721035,0.8031496062992126,2021-03-31,0.6771653543307087,86.0,245.29166666666663
2021-03-31,245.29166666666663,86,0.6771653543307087,0.5905511811023622,0.8582677165354331,0.8031496062992126,0.8188976377952756,0.7506561679790028,0.7874015748031497,0.7994750656167979,2021-04-01,0.5669291338582677,72.0,209.66666666666663
2021-04-01,209.66666666666663,72,0.5669291338582677,0.6771653543307087,0.5905511811023622,0.8582677165354331,0.8740157480314961,0.7086614173228348,0.7671541057367828,0.8,2021-04-02,0.7874015748031497,100.0,280.5
2021-04-02,280.5,100,0.7874015748031497,0.5669291338582677,0.6771653543307087,0.5905511811023622,0.8503937007874016,0.6115485564304463,0.7232845894263217,0.7918635170603674,2021-04-03,0.7401574803149606,94.0,265.75
2021-04-03,265.75,94,0.7401574803149606,0.7874015748031497,0.5669291338582677,0.6771653543307087,0.7165354330708661,0.6771653543307088,0.7142857142857143,0.8028871391076114,2021-04-04,0.84251968503937,107.0,297.3333333333333
2021-04-04,297.3333333333333,107,0.84251968503937,0.7401574803149606,0.7874015748031497,0.5669291338582677,0.8031496062992126,0.6981627296587928,0.7176602924634421,0.7960629921259843,2021-04-05,0.8110236220472441,103.0,287.9583333333333
2021-04-05,287.9583333333333,103,0.8110236220472441,0.84251968503937,0.7401574803149606,0.7874015748031497,0.8582677165354331,0.7900262467191602,0.7232845894263217,0.7923884514435696,2021-04-06,0.5984251968503937,76.0,220.625
2021-04-06,220.625,76,0.5984251968503937,0.8110236220472441,0.84251968503937,0.7401574803149606,0.5905511811023622,0.7979002624671918,0.7165354330708661,0.7887139107611548,2021-04-07,0.7637795275590551,97.0,273.125
2021-04-07,273.125,97,0.7637795275590551,0.5984251968503937,0.8110236220472441,0.84251968503937,0.6771653543307087,0.7506561679790028,0.7176602924634421,0.7774278215223097,2021-04-08,0.14173228346456693,18.0,72.54166666666667
2021-04-08,72.54166666666667,18,0.14173228346456693,0.7637795275590551,0.5984251968503937,0.8110236220472441,0.5669291338582677,0.7244094488188978,0.7300337457817774,0.7732283464566929,2021-04-09,0.18110236220472442,23.0,86.0
2021-04-09,86.0,23,0.18110236220472442,0.14173228346456693,0.7637795275590551,0.5984251968503937,0.7874015748031497,0.5013123359580055,0.6692913385826772,0.7477690288713911,2021-04-10,0.36220472440944884,46.0,143.33333333333334
2021-04-10,143.33333333333334,46,0.36220472440944884,0.18110236220472442,0.14173228346456693,0.7637795275590551,0.7401574803149606,0.362204724409449,0.5826771653543307,0.7241469816272965,2021-04-11,0.5275590551181102,67.0,198.0
2021-04-11,198.0,67,0.5275590551181102,0.36220472440944884,0.18110236220472442,0.14173228346456693,0.84251968503937,0.22834645669291354,0.5286839145106862,0.7083989501312336,2021-04-12,0.7007874015748031,89.0,251.33333333333331
2021-04-12,251.33333333333331,89,0.7007874015748031,0.5275590551181102,0.36220472440944884,0.18110236220472442,0.8110236220472441,0.3569553805774279,0.4836895388076491,0.6952755905511812,2021-04-13,0.6850393700787402,87.0,248.16666666666663
2021-04-13,248.16666666666663,87,0.6850393700787402,0.7007874015748031,0.5275590551181102,0.36220472440944884,0.5984251968503937,0.5301837270341209,0.46794150731158607,0.6965879265091863,2021-04-14,0.7559055118110236,96.0,270.2916666666667
2021-04-14,270.2916666666667,96,0.7559055118110236,0.6850393700787402,0.7007874015748031,0.5275590551181102,0.7637795275590551,0.6377952755905513,0.4803149606299213,0.6902887139107611,2021-04-15,0.3779527559055118,48.0,149.20833333333334
2021-04-15,149.20833333333334,48,0.3779527559055118,0.7559055118110236,0.6850393700787402,0.7007874015748031,0.14173228346456693,0.7139107611548559,0.47919010123734535,0.69002624671916,2021-04-16,0.25196850393700787,32.0,109.70833333333331
2021-04-16,109.70833333333331,32,0.25196850393700787,0.3779527559055118,0.7559055118110236,0.6850393700787402,0.18110236220472442,0.6062992125984253,0.5129358830146231,0.6727034120734908,2021-04-17,0.25196850393700787,32.0,107.91666666666669
2021-04-17,107.91666666666669,32,0.25196850393700787,0.25196850393700787,0.3779527559055118,0.7559055118110236,0.36220472440944884,0.46194225721784793,0.5230596175478065,0.6545931758530183,2021-04-18,0.47244094488188976,60.0,178.25
2021-04-18,178.25,60,0.47244094488188976,0.25196850393700787,0.25196850393700787,0.3779527559055118,0.5275590551181102,0.293963254593176,0.5073115860517435,0.6375328083989501,2021-04-19,0.5039370078740157,64.0,188.16666666666663
2021-04-19,188.16666666666663,64,0.5039370078740157,0.47244094488188976,0.25196850393700787,0.25196850393700787,0.7007874015748031,0.325459317585302,0.49943757030371205,0.6385826771653543,2021-04-20,0.2992125984251969,38.0,122.79166666666669
2021-04-20,122.79166666666669,38,0.2992125984251969,0.5039370078740157,0.47244094488188976,0.25196850393700787,0.6850393700787402,0.40944881889763796,0.4713160854893138,0.6280839895013124,2021-04-21,0.2440944881889764,31.0,107.16666666666669
2021-04-21,107.16666666666669,31,0.2440944881889764,0.2992125984251969,0.5039370078740157,0.47244094488188976,0.7559055118110236,0.4251968503937009,0.4161979752530933,0.610498687664042,2021-04-22,0.41732283464566927,53.0,161.79166666666666
2021-04-22,161.79166666666666,53,0.41732283464566927,0.2440944881889764,0.2992125984251969,0.5039370078740157,0.3779527559055118,0.34908136482939645,0.34308211473565803,0.5981627296587926,2021-04-23,0.4015748031496063,51.0,157.20833333333334
2021-04-23,157.20833333333334,51,0.4015748031496063,0.41732283464566927,0.2440944881889764,0.2992125984251969,0.25196850393700787,0.32020997375328103,0.3487064116985377,0.5824146981627297,2021-04-24,0.4566929133858268,58.0,175.0
2021-04-24,175.0,58,0.4566929133858268,0.4015748031496063,0.41732283464566927,0.2440944881889764,0.25196850393700787,0.3543307086614174,0.37007874015748027,0.5685039370078739,2021-04-25,0.7559055118110236,96.0,269.0416666666667
2021-04-25,269.0416666666667,96,0.7559055118110236,0.4566929133858268,0.4015748031496063,0.41732283464566927,0.47244094488188976,0.4251968503937009,0.3993250843644544,0.5545931758530184,2021-04-26,0.7559055118110236,96.0,270.625
2021-04-26,270.625,96,0.7559055118110236,0.7559055118110236,0.4566929133858268,0.4015748031496063,0.5039370078740157,0.5380577427821523,0.4398200224971878,0.5514435695538058,2021-04-27,0.6456692913385826,82.0,234.5
2021-04-27,234.5,82,0.6456692913385826,0.7559055118110236,0.7559055118110236,0.4566929133858268,0.2992125984251969,0.6561679790026248,0.4758155230596176,0.552755905511811,2021-04-28,0.3700787401574803,47.0,146.45833333333334
2021-04-28,146.45833333333334,47,0.3700787401574803,0.6456692913385826,0.7559055118110236,0.7559055118110236,0.2440944881889764,0.7191601049868769,0.5253093363329584,0.54750656167979,2021-04-29,0.4566929133858268,58.0,173.08333333333334
2021-04-29,173.08333333333334,58,0.4566929133858268,0.3700787401574803,0.6456692913385826,0.7559055118110236,0.41732283464566927,0.5905511811023624,0.5433070866141733,0.531233595800525,2021-04-30,0.5196850393700787,66.0,194.20833333333331
2021-04-30,194.20833333333331,66,0.5196850393700787,0.4566929133858268,0.3700787401574803,0.6456692913385826,0.4015748031496063,0.4908136482939634,0.5489313835770528,0.526771653543307,2021-05-01,0.5433070866141733,69.0,201.625
2021-05-01,201.625,69,0.5433070866141733,0.5196850393700787,0.4566929133858268,0.3700787401574803,0.4566929133858268,0.4488188976377954,0.5658042744656918,0.5215223097112861,2021-05-02,0.47244094488188976,60.0,179.75
2021-05-02,179.75,60,0.47244094488188976,0.5433070866141733,0.5196850393700787,0.4566929133858268,0.7559055118110236,0.5065616797900264,0.578177727784027,0.5207349081364829,2021-05-03,0.4566929133858268,58.0,173.125
2021-05-03,173.125,58,0.4566929133858268,0.47244094488188976,0.5433070866141733,0.5196850393700787,0.7559055118110236,0.5118110236220473,0.5376827896512936,0.5102362204724409,2021-05-04,0.2992125984251969,38.0,122.91666666666669
2021-05-04,122.91666666666669,38,0.2992125984251969,0.4566929133858268,0.47244094488188976,0.5433070866141733,0.6456692913385826,0.4908136482939634,0.4949381327334083,0.5007874015748032,2021-05-05,0.48031496062992124,61.0,182.0
2021-05-05,182.0,61,0.48031496062992124,0.2992125984251969,0.4566929133858268,0.47244094488188976,0.3700787401574803,0.40944881889763796,0.4454443194600675,0.48267716535433075,2021-05-06,0.4645669291338583,59.0,177.75
2021-05-06,177.75,59,0.4645669291338583,0.48031496062992124,0.2992125984251969,0.4566929133858268,0.4566929133858268,0.41207349081364847,0.46119235095613054,0.4716535433070866,2021-05-07,0.6614173228346457,84.0,240.5
2021-05-07,240.5,84,0.6614173228346457,0.4645669291338583,0.48031496062992124,0.2992125984251969,0.5196850393700787,0.4146981627296589,0.4623172103487065,0.4671916010498688,2021-05-08,0.6929133858267716,88.0,249.625
2021-05-08,249.625,88,0.6929133858267716,0.6614173228346457,0.4645669291338583,0.48031496062992124,0.5433070866141733,0.5354330708661419,0.48256467941507314,0.4637795275590551,2021-05-09,0.49606299212598426,63.0,185.83333333333331
2021-05-09,185.83333333333331,63,0.49606299212598426,0.6929133858267716,0.6614173228346457,0.4645669291338583,0.47244094488188976,0.6062992125984253,0.5039370078740157,0.48215223097112864,2021-05-10,0.29133858267716534,37.0,120.20833333333331
2021-05-10,120.20833333333331,37,0.29133858267716534,0.49606299212598426,0.6929133858267716,0.6614173228346457,0.4566929133858268,0.6167979002624673,0.5073115860517435,0.49265091863517063,2021-05-11,0.5590551181102362,71.0,206.79166666666663
2021-05-11,206.79166666666663,71,0.5590551181102362,0.29133858267716534,0.49606299212598426,0.6929133858267716,0.2992125984251969,0.4934383202099739,0.48368953880764903,0.4902887139107612,2021-05-12,0.3228346456692913,41.0,130.16666666666666
2021-05-12,130.16666666666666,41,0.3228346456692913,0.5590551181102362,0.29133858267716534,0.49606299212598426,0.48031496062992124,0.44881889763779537,0.5208098987626546,0.49133858267716535,2021-05-13,0.2204724409448819,28.0,99.20833333333331
2021-05-13,99.20833333333331,28,0.2204724409448819,0.3228346456692913,0.5590551181102362,0.29133858267716534,0.4645669291338583,0.3910761154855644,0.4983127109111361,0.478740157480315,2021-05-14,0.30708661417322836,39.0,125.75
2021-05-14,125.75,39,0.30708661417322836,0.2204724409448819,0.3228346456692913,0.5590551181102362,0.6614173228346457,0.36745406824147,0.4634420697412823,0.46325459317585305,2021-05-15,0.25984251968503935,33.0,111.16666666666669
2021-05-15,111.16666666666669,33,0.25984251968503935,0.30708661417322836,0.2204724409448819,0.3228346456692913,0.6929133858267716,0.28346456692913397,0.4128233970753656,0.44829396325459314,2021-05-16,0.2992125984251969,38.0,122.70833333333331
2021-05-16,122.70833333333331,38,0.2992125984251969,0.25984251968503935,0.30708661417322836,0.2204724409448819,0.49606299212598426,0.26246719160105,0.35095613048368957,0.4443569553805774,2021-05-17,0.25196850393700787,32.0,108.33333333333331
2021-05-17,108.33333333333331,32,0.25196850393700787,0.2992125984251969,0.25984251968503935,0.30708661417322836,0.29133858267716534,0.28871391076115493,0.3228346456692913,0.44593175853018374,2021-05-18,0.6062992125984252,77.0,223.29166666666663
2021-05-18,223.29166666666663,77,0.6062992125984252,0.25196850393700787,0.2992125984251969,0.25984251968503935,0.5590551181102362,0.27034120734908146,0.3172103487064117,0.4459317585301837,2021-05-19,0.4645669291338583,59.0,177.16666666666666
2021-05-19,177.16666666666666,59,0.4645669291338583,0.6062992125984252,0.25196850393700787,0.2992125984251969,0.3228346456692913,0.38582677165354345,0.32395950506186727,0.4503937007874016,2021-05-20,0.6692913385826772,85.0,241.125
2021-05-20,241.125,85,0.6692913385826772,0.4645669291338583,0.6062992125984252,0.25196850393700787,0.2204724409448819,0.4409448818897639,0.344206974128234,0.44908136482939637,2021-05-21,0.6614173228346457,84.0,239.125
2021-05-21,239.125,84,0.6614173228346457,0.6692913385826772,0.4645669291338583,0.6062992125984252,0.30708661417322836,0.5800524934383203,0.4083239595050619,0.4614173228346457,2021-05-22,0.6456692913385826,82.0,234.45833333333331
2021-05-22,234.45833333333331,82,0.6456692913385826,0.6614173228346457,0.6692913385826772,0.4645669291338583,0.25984251968503935,0.5984251968503939,0.45894263217097864,0.47532808398950127,2021-05-23,0.5905511811023622,75.0,217.625
2021-05-23,217.625,75,0.5905511811023622,0.6456692913385826,0.6614173228346457,0.6692913385826772,0.2992125984251969,0.6587926509186351,0.5140607424071991,0.4829396325459318,2021-05-24,0.6614173228346457,84.0,240.54166666666663
2021-05-24,240.54166666666663,84,0.6614173228346457,0.5905511811023622,0.6456692913385826,0.6614173228346457,0.25196850393700787,0.6325459317585302,0.5556805399325084,0.48923884514435695,2021-05-25,0.6692913385826772,85.0,242.16666666666663
2021-05-25,242.16666666666663,85,0.6692913385826772,0.6614173228346457,0.5905511811023622,0.6456692913385826,0.6062992125984252,0.6325459317585302,0.6141732283464566,0.49606299212598426,2021-05-26,0.5984251968503937,76.0,219.70833333333331
2021-05-26,219.70833333333331,76,0.5984251968503937,0.6692913385826772,0.6614173228346457,0.5905511811023622,0.4645669291338583,0.6404199475065618,0.6231721034870642,0.4931758530183727,2021-05-27,0.6614173228346457,84.0,238.75
2021-05-27,238.75,84,0.6614173228346457,0.5984251968503937,0.6692913385826772,0.6614173228346457,0.6692913385826772,0.6430446194225723,0.6422947131608548,0.4879265091863517,2021-05-28,0.6535433070866141,83.0,237.125
2021-05-28,237.125,83,0.6535433070866141,0.6614173228346457,0.5984251968503937,0.6692913385826772,0.6614173228346457,0.6430446194225724,0.641169853768279,0.48845144356955383,2021-05-29,0.5590551181102362,71.0,207.16666666666663
2021-05-29,207.16666666666663,71,0.5590551181102362,0.6535433070866141,0.6614173228346457,0.5984251968503937,0.6456692913385826,0.6377952755905513,0.6400449943757031,0.4979002624671916,2021-05-30,0.6377952755905512,81.0,231.04166666666663
2021-05-30,231.04166666666663,81,0.6377952755905512,0.5590551181102362,0.6535433070866141,0.6614173228346457,0.5905511811023622,0.6246719160104988,0.6276715410573679,0.5013123359580053,2021-05-31,0.5511811023622047,70.0,204.91666666666663
2021-05-31,204.91666666666663,70,0.5511811023622047,0.6377952755905512,0.5590551181102362,0.6535433070866141,0.6614173228346457,0.6167979002624672,0.6344206974128234,0.505249343832021,2021-06-01,0.47244094488188976,60.0,179.04166666666666
2021-06-01,179.04166666666666,60,0.47244094488188976,0.5511811023622047,0.6377952755905512,0.5590551181102362,0.6692913385826772,0.5826771653543307,0.6186726659167604,0.5055118110236221,2021-06-02,0.2047244094488189,26.0,94.29166666666669
2021-06-02,94.29166666666669,26,0.2047244094488189,0.47244094488188976,0.5511811023622047,0.6377952755905512,0.5984251968503937,0.5538057742782153,0.5905511811023623,0.5055118110236221,2021-06-03,0.6377952755905512,81.0,231.375
2021-06-03,231.375,81,0.6377952755905512,0.2047244094488189,0.47244094488188976,0.5511811023622047,0.6614173228346457,0.4094488188976379,0.5343082114735658,0.49711286089238843,2021-06-04,0.5433070866141733,69.0,201.375
2021-06-04,201.375,69,0.5433070866141733,0.6377952755905512,0.2047244094488189,0.47244094488188976,0.6535433070866141,0.43832020997375337,0.530933633295838,0.5083989501312336,2021-06-05,0.5433070866141733,69.0,203.04166666666663
2021-06-05,203.04166666666663,69,0.5433070866141733,0.5433070866141733,0.6377952755905512,0.2047244094488189,0.5590551181102362,0.4619422572178478,0.515185601799775,0.510498687664042,2021-06-06,0.5118110236220472,65.0,192.33333333333331
2021-06-06,192.33333333333331,65,0.5118110236220472,0.5433070866141733,0.5433070866141733,0.6377952755905512,0.6377952755905512,0.5748031496062994,0.5129358830146231,0.5131233595800525,2021-06-07,0.5118110236220472,65.0,191.125
2021-06-07,191.125,65,0.5118110236220472,0.5118110236220472,0.5433070866141733,0.5433070866141733,0.5511811023622047,0.5328083989501313,0.4949381327334083,0.5081364829396325,2021-06-08,0.5984251968503937,76.0,220.29166666666663
2021-06-08,220.29166666666663,76,0.5984251968503937,0.5118110236220472,0.5118110236220472,0.5433070866141733,0.47244094488188976,0.5223097112860894,0.4893138357705287,0.5020997375328083,2021-06-09,0.5984251968503937,76.0,219.04166666666663
2021-06-09,219.04166666666663,76,0.5984251968503937,0.5984251968503937,0.5118110236220472,0.5118110236220472,0.2047244094488189,0.5406824146981628,0.5073115860517435,0.5055118110236221,2021-06-10,0.44881889763779526,57.0,172.54166666666666
2021-06-10,172.54166666666666,57,0.44881889763779526,0.5984251968503937,0.5984251968503937,0.5118110236220472,0.6377952755905512,0.5695538057742784,0.5635545556805399,0.515748031496063,2021-06-11,0.2755905511811024,35.0,115.33333333333331
2021-06-11,115.33333333333331,35,0.2755905511811024,0.44881889763779526,0.5984251968503937,0.5984251968503937,0.5433070866141733,0.5485564304461944,0.5365579302587177,0.5120734908136483,2021-06-12,0.4251968503937008,54.0,163.20833333333334
2021-06-12,163.20833333333334,54,0.4251968503937008,0.2755905511811024,0.44881889763779526,0.5984251968503937,0.5433070866141733,0.4409448818897639,0.4983127109111361,0.5104986876640419,2021-06-13,0.2992125984251969,38.0,124.95833333333331
2021-06-13,124.95833333333331,38,0.2992125984251969,0.4251968503937008,0.2755905511811024,0.44881889763779526,0.5118110236220472,0.3832020997375329,0.48143982002249724,0.5173228346456693,2021-06-14,0.23622047244094488,30.0,102.41666666666669
2021-06-14,102.41666666666669,30,0.23622047244094488,0.2992125984251969,0.4251968503937008,0.2755905511811024,0.5118110236220472,0.3333333333333334,0.45106861642294716,0.5170603674540682,2021-06-15,0.28346456692913385,36.0,117.45833333333331
2021-06-15,117.45833333333331,36,0.28346456692913385,0.23622047244094488,0.2992125984251969,0.4251968503937008,0.5984251968503937,0.3202099737532809,0.4116985376827897,0.5162729658792651,2021-06-16,0.3228346456692913,41.0,130.25
2021-06-16,130.25,41,0.3228346456692913,0.28346456692913385,0.23622047244094488,0.2992125984251969,0.5984251968503937,0.2729658792650919,0.3667041619797526,0.515748031496063,2021-06-17,0.6141732283464567,78.0,223.5
2021-06-17,223.5,78,0.6141732283464567,0.3228346456692913,0.28346456692913385,0.23622047244094488,0.44881889763779526,0.2808398950131234,0.32733408323959506,0.5181102362204725,2021-06-18,0.5905511811023622,75.0,217.5
2021-06-18,217.5,75,0.5905511811023622,0.6141732283464567,0.3228346456692913,0.28346456692913385,0.2755905511811024,0.4068241469816274,0.35095613048368957,0.5183727034120734,2021-06-19,0.5354330708661418,68.0,199.08333333333331
2021-06-19,199.08333333333331,68,0.5354330708661418,0.5905511811023622,0.6141732283464567,0.3228346456692913,0.4251968503937008,0.5091863517060368,0.39595050618672667,0.5225721784776903,2021-06-20,0.3700787401574803,47.0,146.25
2021-06-20,146.25,47,0.3700787401574803,0.5354330708661418,0.5905511811023622,0.6141732283464567,0.2992125984251969,0.5800524934383202,0.41169853768278963,0.5181102362204724,2021-06-21,0.3228346456692913,41.0,130.375
2021-06-21,130.375,41,0.3228346456692913,0.3700787401574803,0.5354330708661418,0.5905511811023622,0.23622047244094488,0.4986876640419949,0.421822272215973,0.5083989501312336,2021-06-22,0.30708661417322836,39.0,127.41666666666669
2021-06-22,127.41666666666669,39,0.30708661417322836,0.3228346456692913,0.3700787401574803,0.5354330708661418,0.28346456692913385,0.4094488188976379,0.4341957255343082,0.49763779527559054,2021-06-23,0.3228346456692913,41.0,132.04166666666666
2021-06-23,132.04166666666666,41,0.3228346456692913,0.30708661417322836,0.3228346456692913,0.3700787401574803,0.3228346456692913,0.3333333333333334,0.437570303712036,0.4881889763779527,2021-06-24,0.2755905511811024,35.0,116.91666666666669
2021-06-24,116.91666666666669,35,0.2755905511811024,0.3228346456692913,0.30708661417322836,0.3228346456692913,0.6141732283464567,0.3175853018372704,0.437570303712036,0.47690288713910767,2021-06-25,0.4409448818897638,56.0,168.83333333333334
2021-06-25,168.83333333333334,56,0.4409448818897638,0.2755905511811024,0.3228346456692913,0.30708661417322836,0.5905511811023622,0.3018372703412074,0.3892013498312711,0.4637795275590551,2021-06-26,0.3700787401574803,47.0,146.125
2021-06-26,146.125,47,0.3700787401574803,0.4409448818897638,0.2755905511811024,0.3228346456692913,0.5354330708661418,0.3464566929133859,0.3678290213723284,0.4585301837270341,2021-06-27,0.5748031496062992,73.0,212.625
2021-06-27,212.625,73,0.5748031496062992,0.3700787401574803,0.4409448818897638,0.2755905511811024,0.3700787401574803,0.3622047244094489,0.344206974128234,0.4488188976377953,2021-06-28,0.44881889763779526,57.0,171.41666666666666
2021-06-28,171.41666666666666,57,0.44881889763779526,0.5748031496062992,0.3700787401574803,0.4409448818897638,0.3228346456692913,0.4619422572178478,0.37345331833520806,0.44619422572178474,2021-06-29,0.2440944881889764,31.0,105.54166666666669
2021-06-29,105.54166666666669,31,0.2440944881889764,0.44881889763779526,0.5748031496062992,0.3700787401574803,0.30708661417322836,0.46456692913385833,0.3914510686164229,0.4425196850393701,2021-06-30,0.28346456692913385,36.0,117.58333333333331
2021-06-30,117.58333333333331,36,0.28346456692913385,0.2440944881889764,0.44881889763779526,0.5748031496062992,0.3228346456692913,0.4225721784776903,0.38245219347581555,0.4293963254593176,2021-07-01,0.23622047244094488,30.0,104.66666666666669
2021-07-01,104.66666666666669,30,0.23622047244094488,0.28346456692913385,0.2440944881889764,0.44881889763779526,0.2755905511811024,0.32545931758530194,0.3768278965129359,0.42047244094488184,2021-07-02,0.31496062992125984,40.0,129.54166666666666
2021-07-02,129.54166666666666,40,0.31496062992125984,0.23622047244094488,0.28346456692913385,0.2440944881889764,0.4409448818897638,0.25459317585301844,0.3712035995500562,0.4125984251968504,2021-07-03,0.25196850393700787,32.0,107.79166666666669
2021-07-03,107.79166666666669,32,0.25196850393700787,0.31496062992125984,0.23622047244094488,0.28346456692913385,0.3700787401574803,0.27821522309711294,0.3532058492688414,0.4162729658792651,2021-07-04,0.47244094488188976,60.0,180.16666666666663
2021-07-04,180.16666666666663,60,0.47244094488188976,0.25196850393700787,0.31496062992125984,0.23622047244094488,0.5748031496062992,0.2677165354330709,0.33633295838020244,0.40341207349081365,2021-07-05,0.2992125984251969,38.0,124.70833333333331
2021-07-05,124.70833333333331,38,0.2992125984251969,0.47244094488188976,0.25196850393700787,0.31496062992125984,0.44881889763779526,0.3464566929133859,0.3217097862767154,0.4010498687664042,2021-07-06,0.2047244094488189,26.0,92.95833333333331
2021-07-06,92.95833333333331,26,0.2047244094488189,0.2992125984251969,0.47244094488188976,0.25196850393700787,0.2440944881889764,0.3412073490813649,0.30033745781777277,0.39291338582677166,2021-07-07,0.25984251968503935,33.0,111.375
2021-07-07,111.375,33,0.25984251968503935,0.2047244094488189,0.2992125984251969,0.47244094488188976,0.28346456692913385,0.32545931758530194,0.29471316085489313,0.38267716535433066,2021-07-08,0.2755905511811024,35.0,116.41666666666669
2021-07-08,116.41666666666669,35,0.2755905511811024,0.25984251968503935,0.2047244094488189,0.2992125984251969,0.23622047244094488,0.25459317585301844,0.29133858267716534,0.3742782152230971,2021-07-09,0.33858267716535434,43.0,135.95833333333334
2021-07-09,135.95833333333334,43,0.33858267716535434,0.2755905511811024,0.25984251968503935,0.2047244094488189,0.31496062992125984,0.24671916010498696,0.296962879640045,0.36351706036745407,2021-07-10,0.10236220472440945,13.0,61.54166666666666
2021-07-10,61.54166666666666,13,0.10236220472440945,0.33858267716535434,0.2755905511811024,0.25984251968503935,0.25196850393700787,0.29133858267716545,0.30033745781777277,0.3548556430446194,2021-07-11,0.4330708661417323,55.0,167.20833333333334
2021-07-11,167.20833333333334,55,0.4330708661417323,0.10236220472440945,0.33858267716535434,0.2755905511811024,0.47244094488188976,0.23884514435695547,0.27896512935883017,0.3433070866141732,2021-07-12,0.49606299212598426,63.0,187.83333333333331
2021-07-12,187.83333333333331,63,0.49606299212598426,0.4330708661417323,0.10236220472440945,0.33858267716535434,0.2992125984251969,0.29133858267716545,0.2733408323959505,0.3485564304461943,2021-07-13,0.44881889763779526,57.0,172.875
2021-07-13,172.875,57,0.44881889763779526,0.49606299212598426,0.4330708661417323,0.10236220472440945,0.2047244094488189,0.34383202099737536,0.3014623172103487,0.3509186351706036,2021-07-14,0.6456692913385826,82.0,234.04166666666663
2021-07-14,234.04166666666663,82,0.6456692913385826,0.44881889763779526,0.49606299212598426,0.4330708661417323,0.25984251968503935,0.45931758530183736,0.33633295838020244,0.3559055118110236,2021-07-15,0.6377952755905512,81.0,231.58333333333331
2021-07-15,231.58333333333331,81,0.6377952755905512,0.6456692913385826,0.44881889763779526,0.49606299212598426,0.2755905511811024,0.5301837270341209,0.3914510686164229,0.3695538057742782,2021-07-16,0.5984251968503937,76.0,220.33333333333331
2021-07-16,220.33333333333331,76,0.5984251968503937,0.6377952755905512,0.6456692913385826,0.44881889763779526,0.33858267716535434,0.5774278215223098,0.4431946006749156,0.3813648293963255,2021-07-17,0.6614173228346457,84.0,239.04166666666663
2021-07-17,239.04166666666663,84,0.6614173228346457,0.5984251968503937,0.6377952755905512,0.6456692913385826,0.10236220472440945,0.6272965879265092,0.48031496062992124,0.39055118110236214,2021-07-18,0.4251968503937008,54.0,163.375
2021-07-18,163.375,54,0.4251968503937008,0.6614173228346457,0.5984251968503937,0.6377952755905512,0.4330708661417323,0.6325459317585304,0.5601799775028121,0.39212598425196854,2021-07-19,0.4251968503937008,54.0,163.79166666666666
2021-07-19,163.79166666666666,54,0.4251968503937008,0.4251968503937008,0.6614173228346457,0.5984251968503937,0.49606299212598426,0.5616797900262469,0.5590551181102362,0.3866141732283464,2021-07-20,0.6220472440944882,79.0,227.70833333333331
2021-07-20,227.70833333333331,79,0.6220472440944882,0.4251968503937008,0.4251968503937008,0.6614173228346457,0.44881889763779526,0.5039370078740159,0.5489313835770528,0.3829396325459318,2021-07-21,0.5669291338582677,72.0,209.95833333333331
2021-07-21,209.95833333333331,72,0.5669291338582677,0.6220472440944882,0.4251968503937008,0.4251968503937008,0.6456692913385826,0.49081364829396334,0.5736782902137233,0.39133858267716537,2021-07-22,0.5669291338582677,72.0,209.625
2021-07-22,209.625,72,0.5669291338582677,0.5669291338582677,0.6220472440944882,0.4251968503937008,0.6377952755905512,0.5380577427821523,0.562429696287964,0.3994750656167979,2021-07-23,0.23622047244094488,30.0,104.04166666666669
2021-07-23,104.04166666666669,30,0.23622047244094488,0.5669291338582677,0.5669291338582677,0.6220472440944882,0.5984251968503937,0.5853018372703412,0.5523059617547806,0.4081364829396326,2021-07-24,0.2204724409448819,28.0,99.41666666666669
2021-07-24,99.41666666666669,28,0.2204724409448819,0.23622047244094488,0.5669291338582677,0.5669291338582677,0.6614173228346457,0.45669291338582685,0.500562429696288,0.405249343832021,2021-07-25,0.5511811023622047,70.0,203.875
2021-07-25,203.875,70,0.5511811023622047,0.2204724409448819,0.23622047244094488,0.5669291338582677,0.4251968503937008,0.3412073490813649,0.437570303712036,0.40341207349081365,2021-07-26,0.3700787401574803,47.0,145.79166666666666
2021-07-26,145.79166666666666,47,0.3700787401574803,0.5511811023622047,0.2204724409448819,0.23622047244094488,0.4251968503937008,0.3359580052493439,0.4555680539932508,0.4070866141732284,2021-07-27,0.2283464566929134,29.0,100.0
2021-07-27,100.0,29,0.2283464566929134,0.3700787401574803,0.5511811023622047,0.2204724409448819,0.6220472440944882,0.3805774278215224,0.44769403824521936,0.40708661417322833,2021-07-28,0.4881889763779528,62.0,185.41666666666663
2021-07-28,185.41666666666663,62,0.4881889763779528,0.2283464566929134,0.3700787401574803,0.5511811023622047,0.5669291338582677,0.3832020997375329,0.3914510686164229,0.39553805774278217,2021-07-29,0.6929133858267716,88.0,249.125
2021-07-29,249.125,88,0.6929133858267716,0.4881889763779528,0.2283464566929134,0.3700787401574803,0.5669291338582677,0.3622047244094489,0.3802024746906637,0.3968503937007874,2021-07-30,0.4645669291338583,59.0,177.5
2021-07-30,177.5,59,0.4645669291338583,0.6929133858267716,0.4881889763779528,0.2283464566929134,0.23622047244094488,0.4698162729658793,0.39820022497187857,0.4118110236220473,2021-07-31,0.25196850393700787,32.0,107.70833333333331
2021-07-31,107.70833333333331,32,0.25196850393700787,0.4645669291338583,0.6929133858267716,0.4881889763779528,0.2204724409448819,0.5485564304461943,0.43082114735658045,0.41784776902887144,2021-08-01,0.6062992125984252,77.0,221.33333333333331
2021-08-01,221.33333333333331,77,0.6062992125984252,0.25196850393700787,0.4645669291338583,0.6929133858267716,0.5511811023622047,0.4698162729658793,0.43532058492688414,0.41837270341207344,2021-08-02,0.48031496062992124,61.0,181.83333333333331
2021-08-02,181.83333333333331,61,0.48031496062992124,0.6062992125984252,0.25196850393700787,0.4645669291338583,0.3700787401574803,0.4409448818897639,0.4431946006749157,0.4280839895013123,2021-08-03,0.5826771653543307,74.0,213.375
2021-08-03,213.375,74,0.5826771653543307,0.48031496062992124,0.6062992125984252,0.25196850393700787,0.2283464566929134,0.4461942257217848,0.45894263217097864,0.4356955380577428,2021-08-04,0.6456692913385826,82.0,234.58333333333331
2021-08-04,234.58333333333331,82,0.6456692913385826,0.5826771653543307,0.48031496062992124,0.6062992125984252,0.4881889763779528,0.5564304461942258,0.5095613048368953,0.4393700787401575,2021-08-05,0.4015748031496063,51.0,157.20833333333334
2021-08-05,157.20833333333334,51,0.4015748031496063,0.6456692913385826,0.5826771653543307,0.48031496062992124,0.6929133858267716,0.5695538057742783,0.5320584926884139,0.4509186351706037,2021-08-06,0.5118110236220472,65.0,191.5
2021-08-06,191.5,65,0.5118110236220472,0.4015748031496063,0.6456692913385826,0.5826771653543307,0.4645669291338583,0.5433070866141733,0.4904386951631046,0.45748031496062996,2021-08-07,0.4566929133858268,58.0,175.0
2021-08-07,175.0,58,0.4566929133858268,0.5118110236220472,0.4015748031496063,0.6456692913385826,0.25196850393700787,0.5196850393700788,0.4971878515185602,0.4658792650918635,2021-08-08,0.4330708661417323,55.0,166.83333333333334
2021-08-08,166.83333333333334,55,0.4330708661417323,0.4566929133858268,0.5118110236220472,0.4015748031496063,0.6062992125984252,0.45669291338582685,0.5264341957255343,0.47191601049868764,2021-08-09,0.41732283464566927,53.0,161.29166666666666
2021-08-09,161.29166666666666,53,0.41732283464566927,0.4330708661417323,0.4566929133858268,0.5118110236220472,0.48031496062992124,0.46719160104986884,0.5016872890888638,0.47506561679790027,2021-08-10,0.7165354330708661,91.0,257.9583333333333
2021-08-10,257.9583333333333,91,0.7165354330708661,0.41732283464566927,0.4330708661417323,0.4566929133858268,0.5826771653543307,0.4356955380577429,0.4926884139482564,0.48556430446194226,2021-08-11,0.7401574803149606,94.0,263.7916666666667
2021-08-11,263.7916666666667,94,0.7401574803149606,0.7165354330708661,0.41732283464566927,0.4330708661417323,0.6456692913385826,0.5223097112860893,0.5118110236220472,0.49501312335958,2021-08-12,0.5748031496062992,73.0,212.29166666666663
2021-08-12,212.29166666666663,73,0.5748031496062992,0.7401574803149606,0.7165354330708661,0.41732283464566927,0.4015748031496063,0.6246719160104988,0.5253093363329584,0.5031496062992126,2021-08-13,0.6299212598425197,80.0,229.5
2021-08-13,229.5,80,0.6299212598425197,0.5748031496062992,0.7401574803149606,0.7165354330708661,0.5118110236220472,0.6771653543307087,0.5500562429696287,0.5073490813648295,2021-08-14,0.3700787401574803,47.0,145.79166666666666
2021-08-14,145.79166666666666,47,0.3700787401574803,0.6299212598425197,0.5748031496062992,0.7401574803149606,0.4566929133858268,0.6482939632545932,0.5669291338582677,0.5068241469816273,2021-08-15,0.6850393700787402,87.0,246.75
2021-08-15,246.75,87,0.6850393700787402,0.3700787401574803,0.6299212598425197,0.5748031496062992,0.4330708661417323,0.5249343832020998,0.5545556805399324,0.4979002624671916,2021-08-16,0.7480314960629921,95.0,267.9583333333333
2021-08-16,267.9583333333333,95,0.7480314960629921,0.6850393700787402,0.3700787401574803,0.6299212598425197,0.41732283464566927,0.5616797900262468,0.5905511811023622,0.5007874015748032,2021-08-17,0.6220472440944882,79.0,227.125
2021-08-17,227.125,79,0.6220472440944882,0.7480314960629921,0.6850393700787402,0.3700787401574803,0.7165354330708661,0.6010498687664043,0.6377952755905512,0.5036745406824147,2021-08-18,0.6141732283464567,78.0,225.08333333333331
2021-08-18,225.08333333333331,78,0.6141732283464567,0.6220472440944882,0.7480314960629921,0.6850393700787402,0.7401574803149606,0.6850393700787402,0.6242969628796401,0.510236220472441,2021-08-19,0.5748031496062992,73.0,212.08333333333331
2021-08-19,212.08333333333331,73,0.5748031496062992,0.6141732283464567,0.6220472440944882,0.7480314960629921,0.5748031496062992,0.6614173228346457,0.6062992125984251,0.5165354330708661,2021-08-20,0.6141732283464567,78.0,224.83333333333331
2021-08-20,224.83333333333331,78,0.6141732283464567,0.5748031496062992,0.6141732283464567,0.6220472440944882,0.6299212598425197,0.6036745406824148,0.6062992125984252,0.5149606299212598,2021-08-21,0.5905511811023622,75.0,216.41666666666663
2021-08-21,216.41666666666663,75,0.5905511811023622,0.6141732283464567,0.5748031496062992,0.6141732283464567,0.3700787401574803,0.6010498687664043,0.6040494938132733,0.5165354330708661,2021-08-22,0.5590551181102362,71.0,208.08333333333331
2021-08-22,208.08333333333331,71,0.5590551181102362,0.5905511811023622,0.6141732283464567,0.5748031496062992,0.6850393700787402,0.5931758530183727,0.6355455568053994,0.5173228346456693,2021-08-23,0.5118110236220472,65.0,191.66666666666663
2021-08-23,191.66666666666663,65,0.5118110236220472,0.5590551181102362,0.5905511811023622,0.6141732283464567,0.7480314960629921,0.5879265091863517,0.6175478065241845,0.5280839895013123,2021-08-24,0.7086614173228346,90.0,254.375
2021-08-24,254.375,90,0.7086614173228346,0.5118110236220472,0.5590551181102362,0.5905511811023622,0.6220472440944882,0.5538057742782153,0.5838020247469066,0.5377952755905512,2021-08-25,0.25984251968503935,33.0,111.29166666666669
2021-08-25,111.29166666666669,33,0.25984251968503935,0.7086614173228346,0.5118110236220472,0.5590551181102362,0.6141732283464567,0.5931758530183727,0.5961754780652418,0.5430446194225721,2021-08-26,0.6220472440944882,79.0,228.33333333333331
2021-08-26,228.33333333333331,79,0.6220472440944882,0.25984251968503935,0.7086614173228346,0.5118110236220472,0.5748031496062992,0.49343832020997375,0.545556805399325,0.5393700787401575,2021-08-27,0.3700787401574803,47.0,146.95833333333334
2021-08-27,146.95833333333334,47,0.3700787401574803,0.6220472440944882,0.25984251968503935,0.7086614173228346,0.6141732283464567,0.5301837270341209,0.5523059617547806,0.55249343832021,2021-08-28,0.7401574803149606,94.0,265.375
2021-08-28,265.375,94,0.7401574803149606,0.3700787401574803,0.6220472440944882,0.25984251968503935,0.5905511811023622,0.4173228346456694,0.5174353205849268,0.5485564304461943,2021-08-29,0.5826771653543307,74.0,215.70833333333331
2021-08-29,215.70833333333331,74,0.5826771653543307,0.7401574803149606,0.3700787401574803,0.6220472440944882,0.5590551181102362,0.5774278215223098,0.5388076490438695,0.5501312335958005,2021-08-30,0.5275590551181102,67.0,197.45833333333331
2021-08-30,197.45833333333331,67,0.5275590551181102,0.5826771653543307,0.7401574803149606,0.3700787401574803,0.5118110236220472,0.5643044619422573,0.5421822272215973,0.5540682414698163,2021-08-31,0.4881889763779528,62.0,184.375
2021-08-31,184.375,62,0.4881889763779528,0.5275590551181102,0.5826771653543307,0.7401574803149606,0.7086614173228346,0.6167979002624673,0.5444319460067492,0.5632545931758529,2021-09-01,0.5511811023622047,70.0,205.58333333333331
2021-09-01,205.58333333333331,70,0.5511811023622047,0.4881889763779528,0.5275590551181102,0.5826771653543307,0.25984251968503935,0.5328083989501313,0.5129358830146231,0.5593175853018373,2021-09-02,0.29133858267716534,37.0,121.45833333333331
2021-09-02,121.45833333333331,37,0.29133858267716534,0.5511811023622047,0.4881889763779528,0.5275590551181102,0.6220472440944882,0.5223097112860894,0.5545556805399325,0.5616797900262467,2021-09-03,0.4409448818897638,56.0,169.33333333333334
2021-09-03,169.33333333333334,56,0.4409448818897638,0.29133858267716534,0.5511811023622047,0.4881889763779528,0.3700787401574803,0.4435695538057744,0.5073115860517435,0.5519685039370079,2021-09-04,0.44881889763779526,57.0,170.66666666666666
2021-09-04,170.66666666666666,57,0.44881889763779526,0.4409448818897638,0.29133858267716534,0.5511811023622047,0.7401574803149606,0.4278215223097113,0.5174353205849268,0.5451443569553805,2021-09-05,0.4645669291338583,59.0,177.16666666666666
2021-09-05,177.16666666666666,59,0.4645669291338583,0.44881889763779526,0.4409448818897638,0.29133858267716534,0.5826771653543307,0.3937007874015748,0.47581552305961755,0.5467191601049869,2021-09-06,0.7716535433070866,98.0,274.9583333333333
2021-09-06,274.9583333333333,98,0.7716535433070866,0.4645669291338583,0.44881889763779526,0.4409448818897638,0.5275590551181102,0.4514435695538059,0.45894263217097864,0.5451443569553807,2021-09-07,0.8188976377952756,104.0,290.125
2021-09-07,290.125,104,0.8188976377952756,0.7716535433070866,0.4645669291338583,0.44881889763779526,0.4881889763779528,0.5616797900262468,0.4938132733408324,0.5556430446194226,2021-09-08,0.6850393700787402,87.0,247.54166666666663
2021-09-08,247.54166666666663,87,0.6850393700787402,0.8188976377952756,0.7716535433070866,0.4645669291338583,0.5511811023622047,0.6850393700787403,0.5410573678290214,0.5685039370078739,2021-09-09,0.84251968503937,107.0,298.4583333333333
2021-09-09,298.4583333333333,107,0.84251968503937,0.6850393700787402,0.8188976377952756,0.7716535433070866,0.29133858267716534,0.7585301837270343,0.5601799775028121,0.5774278215223098,2021-09-10,0.84251968503937,107.0,297.5
2021-09-10,297.5,107,0.84251968503937,0.84251968503937,0.6850393700787402,0.8188976377952756,0.4409448818897638,0.7821522309711287,0.6389201349831272,0.5816272965879266,2021-09-11,0.7874015748031497,100.0,279.5833333333333
2021-09-11,279.5833333333333,100,0.7874015748031497,0.84251968503937,0.84251968503937,0.6850393700787402,0.44881889763779526,0.7900262467191602,0.6962879640044993,0.5850393700787401,2021-09-12,0.6614173228346457,84.0,240.75
2021-09-12,240.75,84,0.6614173228346457,0.7874015748031497,0.84251968503937,0.84251968503937,0.4645669291338583,0.8241469816272966,0.7446569178852643,0.5921259842519685,2021-09-13,0.6850393700787402,87.0,246.70833333333331
2021-09-13,246.70833333333331,87,0.6850393700787402,0.6614173228346457,0.7874015748031497,0.84251968503937,0.7716535433070866,0.7637795275590552,0.7727784026996626,0.5931758530183726,2021-09-14,0.7086614173228346,90.0,253.58333333333331
2021-09-14,253.58333333333331,90,0.7086614173228346,0.6850393700787402,0.6614173228346457,0.7874015748031497,0.8188976377952756,0.7112860892388452,0.7604049493813274,0.6036745406824147,2021-09-15,0.7952755905511811,101.0,282.4583333333333
2021-09-15,282.4583333333333,101,0.7952755905511811,0.7086614173228346,0.6850393700787402,0.6614173228346457,0.6850393700787402,0.6850393700787403,0.7446569178852643,0.6044619422572179,2021-09-16,0.8346456692913385,106.0,294.3333333333333
2021-09-16,294.3333333333333,106,0.8346456692913385,0.7952755905511811,0.7086614173228346,0.6850393700787402,0.84251968503937,0.7296587926509187,0.7604049493813274,0.6060367454068242,2021-09-17,0.7322834645669292,93.0,262.6666666666667
2021-09-17,262.6666666666667,93,0.7322834645669292,0.8346456692913385,0.7952755905511811,0.7086614173228346,0.84251968503937,0.7795275590551182,0.7592800899887513,0.6131233595800525,2021-09-18,0.6062992125984252,77.0,221.91666666666663
2021-09-18,221.91666666666663,77,0.6062992125984252,0.7322834645669292,0.8346456692913385,0.7952755905511811,0.7874015748031497,0.7874015748031497,0.7435320584926884,0.6170603674540682,2021-09-19,0.6614173228346457,84.0,238.75
2021-09-19,238.75,84,0.6614173228346457,0.6062992125984252,0.7322834645669292,0.8346456692913385,0.6614173228346457,0.7244094488188978,0.7176602924634421,0.6181102362204725,2021-09-20,0.8031496062992126,102.0,284.4166666666667
2021-09-20,284.4166666666667,102,0.8031496062992126,0.6614173228346457,0.6062992125984252,0.7322834645669292,0.6850393700787402,0.6666666666666669,0.7176602924634421,0.6196850393700788,2021-09-21,0.7007874015748031,89.0,251.79166666666663
2021-09-21,251.79166666666663,89,0.7007874015748031,0.8031496062992126,0.6614173228346457,0.6062992125984252,0.7086614173228346,0.6902887139107613,0.734533183352081,0.626771653543307,2021-09-22,0.8661417322834646,110.0,304.9166666666667
2021-09-22,304.9166666666667,110,0.8661417322834646,0.7007874015748031,0.8031496062992126,0.6614173228346457,0.7952755905511811,0.7217847769028872,0.7334083239595051,0.6314960629921259,2021-09-23,0.30708661417322836,39.0,125.0
2021-09-23,125.0,39,0.30708661417322836,0.8661417322834646,0.7007874015748031,0.8031496062992126,0.8346456692913385,0.7900262467191602,0.7435320584926883,0.6433070866141732,2021-09-24,0.3858267716535433,49.0,151.875
2021-09-24,151.875,49,0.3858267716535433,0.30708661417322836,0.8661417322834646,0.7007874015748031,0.7322834645669292,0.6246719160104988,0.6681664791901013,0.6299212598425197,2021-09-25,0.4015748031496063,51.0,156.58333333333334
2021-09-25,156.58333333333334,51,0.4015748031496063,0.3858267716535433,0.30708661417322836,0.8661417322834646,0.6062992125984252,0.5196850393700788,0.6186726659167603,0.6341207349081365,2021-09-26,0.3228346456692913,41.0,131.16666666666666
2021-09-26,131.16666666666666,41,0.3228346456692913,0.4015748031496063,0.3858267716535433,0.30708661417322836,0.6614173228346457,0.3648293963254594,0.5894263217097863,0.6267716535433071,2021-09-27,0.8188976377952756,104.0,289.5
2021-09-27,289.5,104,0.8188976377952756,0.3228346456692913,0.4015748031496063,0.3858267716535433,0.8031496062992126,0.3700787401574804,0.5410573678290214,0.6251968503937008,2021-09-28,0.8110236220472441,103.0,286.5
2021-09-28,286.5,103,0.8110236220472441,0.8188976377952756,0.3228346456692913,0.4015748031496063,0.7007874015748031,0.5144356955380578,0.5433070866141733,0.6278215223097113,2021-09-29,0.8661417322834646,110.0,304.3333333333333
2021-09-29,304.3333333333333,110,0.8661417322834646,0.8110236220472441,0.8188976377952756,0.3228346456692913,0.8661417322834646,0.6509186351706037,0.5590551181102362,0.6354330708661418,2021-09-30,0.49606299212598426,63.0,187.5
2021-09-30,187.5,63,0.49606299212598426,0.8661417322834646,0.8110236220472441,0.8188976377952756,0.30708661417322836,0.8320209973753281,0.5590551181102362,0.6467191601049869,2021-10-01,0.6614173228346457,84.0,240.29166666666663
2021-10-01,240.29166666666663,84,0.6614173228346457,0.49606299212598426,0.8661417322834646,0.8110236220472441,0.3858267716535433,0.7244094488188977,0.5860517435320585,0.6469816272965879,2021-10-02,0.8582677165354331,109.0,302.875
2021-10-02,302.875,109,0.8582677165354331,0.6614173228346457,0.49606299212598426,0.8661417322834646,0.4015748031496063,0.6745406824146983,0.625421822272216,0.6506561679790026,2021-10-03,0.8031496062992126,102.0,284.9166666666667
2021-10-03,284.9166666666667,102,0.8031496062992126,0.8582677165354331,0.6614173228346457,0.49606299212598426,0.3228346456692913,0.6719160104986877,0.6906636670416199,0.6695538057742781,2021-10-04,0.889763779527559,113.0,311.7916666666667
2021-10-04,311.7916666666667,113,0.889763779527559,0.8031496062992126,0.8582677165354331,0.6614173228346457,0.8188976377952756,0.7742782152230973,0.7592800899887514,0.6816272965879265,2021-10-05,0.8818897637795275,112.0,309.4583333333333
2021-10-05,309.4583333333333,112,0.8818897637795275,0.889763779527559,0.8031496062992126,0.8582677165354331,0.8110236220472441,0.8503937007874017,0.7694038245219348,0.6963254593175853,2021-10-06,0.7559055118110236,96.0,270.8333333333333
2021-10-06,270.8333333333333,96,0.7559055118110236,0.8818897637795275,0.889763779527559,0.8031496062992126,0.8661417322834646,0.8582677165354332,0.7795275590551182,0.710236220472441,2021-10-07,0.7795275590551181,99.0,278.7083333333333
2021-10-07,278.7083333333333,99,0.7795275590551181,0.7559055118110236,0.8818897637795275,0.889763779527559,0.49606299212598426,0.8425196850393702,0.7637795275590552,0.7097112860892387,2021-10-08,0.905511811023622,115.0,318.9166666666667
2021-10-08,318.9166666666667,115,0.905511811023622,0.7795275590551181,0.7559055118110236,0.8818897637795275,0.6614173228346457,0.8057742782152232,0.8042744656917886,0.7083989501312336,2021-10-09,0.905511811023622,115.0,317.0833333333333
2021-10-09,317.0833333333333,115,0.905511811023622,0.905511811023622,0.7795275590551181,0.7559055118110236,0.8582677165354331,0.8136482939632547,0.8391451068616422,0.7157480314960629,2021-10-10,0.8582677165354331,109.0,303.2916666666667
2021-10-10,303.2916666666667,109,0.8582677165354331,0.905511811023622,0.905511811023622,0.7795275590551181,0.8031496062992126,0.8635170603674541,0.8458942632170979,0.7178477690288714,2021-10-11,0.8346456692913385,106.0,294.2083333333333
2021-10-11,294.2083333333333,106,0.8346456692913385,0.8582677165354331,0.905511811023622,0.905511811023622,0.889763779527559,0.8897637795275591,0.8537682789651294,0.7183727034120735,2021-10-12,0.6062992125984252,77.0,222.625
2021-10-12,222.625,77,0.6062992125984252,0.8346456692913385,0.8582677165354331,0.905511811023622,0.8818897637795275,0.8661417322834645,0.8458942632170979,0.7199475065616797,2021-10-13,0.6850393700787402,87.0,246.70833333333331
2021-10-13,246.70833333333331,87,0.6850393700787402,0.6062992125984252,0.8346456692913385,0.8582677165354331,0.7559055118110236,0.7664041994750658,0.8065241844769403,0.7181102362204724,2021-10-14,0.8110236220472441,103.0,287.0833333333333
2021-10-14,287.0833333333333,103,0.8110236220472441,0.6850393700787402,0.6062992125984252,0.8346456692913385,0.7795275590551181,0.7086614173228347,0.796400449943757,0.7181102362204724,2021-10-15,0.7952755905511811,101.0,283.125
2021-10-15,283.125,101,0.7952755905511811,0.8110236220472441,0.6850393700787402,0.6062992125984252,0.905511811023622,0.7007874015748032,0.8008998875140607,0.7215223097112861,2021-10-16,0.5433070866141733,69.0,201.83333333333331
2021-10-16,201.83333333333331,69,0.5433070866141733,0.7952755905511811,0.8110236220472441,0.6850393700787402,0.905511811023622,0.7637795275590552,0.7851518560179978,0.7215223097112861,2021-10-17,0.8110236220472441,103.0,287.7083333333333
2021-10-17,287.7083333333333,103,0.8110236220472441,0.5433070866141733,0.7952755905511811,0.8110236220472441,0.8582677165354331,0.7165354330708662,0.7334083239595051,0.7118110236220473,2021-10-18,0.8031496062992126,102.0,284.9166666666667
2021-10-18,284.9166666666667,102,0.8031496062992126,0.8110236220472441,0.5433070866141733,0.7952755905511811,0.8346456692913385,0.7165354330708662,0.7266591676040495,0.7144356955380577,2021-10-19,0.889763779527559,113.0,311.5833333333333
2021-10-19,311.5833333333333,113,0.889763779527559,0.8031496062992126,0.8110236220472441,0.5433070866141733,0.6062992125984252,0.7191601049868769,0.7221597300337458,0.720997375328084,2021-10-20,0.4409448818897638,56.0,167.875
2021-10-20,167.875,56,0.4409448818897638,0.889763779527559,0.8031496062992126,0.8110236220472441,0.6850393700787402,0.8346456692913385,0.7626546681664791,0.7286089238845145,2021-10-21,0.29133858267716534,37.0,122.0
2021-10-21,122.0,37,0.29133858267716534,0.4409448818897638,0.889763779527559,0.8031496062992126,0.8110236220472441,0.7112860892388452,0.7277840269966254,0.7165354330708662,2021-10-22,0.4015748031496063,51.0,156.375
2021-10-22,156.375,51,0.4015748031496063,0.29133858267716534,0.4409448818897638,0.889763779527559,0.7952755905511811,0.5406824146981628,0.6535433070866141,0.7028871391076116,2021-10-23,0.2755905511811024,35.0,115.95833333333331
2021-10-23,115.95833333333331,35,0.2755905511811024,0.4015748031496063,0.29133858267716534,0.4409448818897638,0.5433070866141733,0.37795275590551186,0.5973003374578177,0.6874015748031497,2021-10-24,0.6456692913385826,82.0,235.625
2021-10-24,235.625,82,0.6456692913385826,0.2755905511811024,0.4015748031496063,0.29133858267716534,0.8110236220472441,0.32283464566929143,0.5590551181102362,0.6863517060367454,2021-10-25,0.5354330708661418,68.0,198.75
2021-10-25,198.75,68,0.5354330708661418,0.6456692913385826,0.2755905511811024,0.4015748031496063,0.8031496062992126,0.4409448818897639,0.5354330708661418,0.69501312335958,2021-10-26,0.6377952755905512,81.0,232.54166666666663
2021-10-26,232.54166666666663,81,0.6377952755905512,0.5354330708661418,0.6456692913385826,0.2755905511811024,0.889763779527559,0.4855643044619424,0.4971878515185602,0.699475065616798,2021-10-27,0.6850393700787402,87.0,246.16666666666663
2021-10-27,246.16666666666663,87,0.6850393700787402,0.6377952755905512,0.5354330708661418,0.6456692913385826,0.4409448818897638,0.6062992125984253,0.4611923509561305,0.70997375328084,2021-10-28,0.30708661417322836,39.0,126.79166666666669
2021-10-28,126.79166666666669,39,0.30708661417322836,0.6850393700787402,0.6377952755905512,0.5354330708661418,0.29133858267716534,0.6194225721784777,0.49606299212598426,0.7055118110236219,2021-10-29,0.905511811023622,115.0,317.2083333333333
2021-10-29,317.2083333333333,115,0.905511811023622,0.30708661417322836,0.6850393700787402,0.6377952755905512,0.4015748031496063,0.5433070866141734,0.4983127109111361,0.6887139107611548,2021-10-30,0.8031496062992126,102.0,285.7916666666667
2021-10-30,285.7916666666667,102,0.8031496062992126,0.905511811023622,0.30708661417322836,0.6850393700787402,0.2755905511811024,0.6325459317585302,0.5703037120359954,0.6900262467191601,2021-10-31,0.8110236220472441,103.0,287.0416666666667
2021-10-31,287.0416666666667,103,0.8110236220472441,0.8031496062992126,0.905511811023622,0.30708661417322836,0.6456692913385826,0.6719160104986877,0.6456692913385826,0.700262467191601,2021-11-01,0.84251968503937,107.0,297.875
2021-11-01,297.875,107,0.84251968503937,0.8110236220472441,0.8031496062992126,0.905511811023622,0.5354330708661418,0.8398950131233597,0.6692913385826771,0.705249343832021,2021-11-02,0.8503937007874016,108.0,301.3333333333333
2021-11-02,301.3333333333333,108,0.8503937007874016,0.84251968503937,0.8110236220472441,0.8031496062992126,0.6377952755905512,0.8188976377952756,0.7131608548931384,0.7047244094488189,2021-11-03,0.4409448818897638,56.0,168.125
2021-11-03,168.125,56,0.4409448818897638,0.8503937007874016,0.84251968503937,0.8110236220472441,0.6850393700787402,0.8346456692913388,0.7435320584926884,0.7062992125984252,2021-11-04,0.4881889763779528,62.0,184.70833333333331
2021-11-04,184.70833333333331,62,0.4881889763779528,0.4409448818897638,0.8503937007874016,0.84251968503937,0.30708661417322836,0.7112860892388452,0.7086614173228346,0.6913385826771653,2021-11-05,0.5039370078740157,64.0,189.70833333333331
2021-11-05,189.70833333333331,64,0.5039370078740157,0.4881889763779528,0.4409448818897638,0.8503937007874016,0.905511811023622,0.5931758530183728,0.7345331833520811,0.6782152230971128,2021-11-06,0.28346456692913385,36.0,117.66666666666669
2021-11-06,117.66666666666669,36,0.28346456692913385,0.5039370078740157,0.4881889763779528,0.4409448818897638,0.8031496062992126,0.4776902887139109,0.6771653543307087,0.6698162729658793,2021-11-07,0.49606299212598426,63.0,186.0
2021-11-07,186.0,63,0.49606299212598426,0.28346456692913385,0.5039370078740157,0.4881889763779528,0.8110236220472441,0.4251968503937009,0.6029246344206973,0.6532808398950131,2021-11-08,0.5826771653543307,74.0,213.29166666666663
2021-11-08,213.29166666666663,74,0.5826771653543307,0.49606299212598426,0.28346456692913385,0.5039370078740157,0.84251968503937,0.42782152230971143,0.5579302587176602,0.6396325459317586,2021-11-09,0.9212598425196851,117.0,323.875
2021-11-09,323.875,117,0.9212598425196851,0.5826771653543307,0.49606299212598426,0.28346456692913385,0.8503937007874016,0.45406824146981634,0.5208098987626546,0.6288713910761156,2021-11-10,0.9448818897637795,120.0,329.5
2021-11-10,329.5,120,0.9448818897637795,0.9212598425196851,0.5826771653543307,0.49606299212598426,0.4409448818897638,0.6666666666666669,0.530933633295838,0.6309711286089238,2021-11-11,0.9212598425196851,117.0,322.3333333333333
2021-11-11,322.3333333333333,117,0.9212598425196851,0.9448818897637795,0.9212598425196851,0.5826771653543307,0.4881889763779528,0.8162729658792651,0.6029246344206973,0.6346456692913386,2021-11-12,0.937007874015748,119.0,328.375
2021-11-12,328.375,119,0.937007874015748,0.9212598425196851,0.9448818897637795,0.9212598425196851,0.5039370078740157,0.9291338582677167,0.6647919010123734,0.6451443569553806,2021-11-13,0.9606299212598425,122.0,334.2916666666667
2021-11-13,334.2916666666667,122,0.9606299212598425,0.937007874015748,0.9212598425196851,0.9448818897637795,0.28346456692913385,0.9343832020997377,0.7266591676040495,0.6535433070866142,2021-11-14,0.2992125984251969,38.0,124.625
2021-11-14,124.625,38,0.2992125984251969,0.9606299212598425,0.937007874015748,0.9212598425196851,0.49606299212598426,0.9396325459317586,0.8233970753655793,0.6585301837270341,2021-11-15,0.3700787401574803,47.0,147.25
2021-11-15,147.25,47,0.3700787401574803,0.2992125984251969,0.9606299212598425,0.937007874015748,0.5826771653543307,0.7322834645669292,0.7952755905511811,0.641994750656168,2021-11-16,0.33070866141732286,42.0,132.79166666666666
2021-11-16,132.79166666666666,42,0.33070866141732286,0.3700787401574803,0.2992125984251969,0.9606299212598425,0.9212598425196851,0.5433070866141733,0.764904386951631,0.6362204724409448,2021-11-17,0.7007874015748031,89.0,253.16666666666663
2021-11-17,253.16666666666663,89,0.7007874015748031,0.33070866141732286,0.3700787401574803,0.2992125984251969,0.9448818897637795,0.3333333333333334,0.6805399325084364,0.6202099737532808,2021-11-18,0.9212598425196851,117.0,323.7916666666667
2021-11-18,323.7916666666667,117,0.9212598425196851,0.7007874015748031,0.33070866141732286,0.3700787401574803,0.9212598425196851,0.46719160104986884,0.6456692913385826,0.6167979002624672,2021-11-19,0.6220472440944882,79.0,226.375
2021-11-19,226.375,79,0.6220472440944882,0.9212598425196851,0.7007874015748031,0.33070866141732286,0.937007874015748,0.6509186351706038,0.6456692913385826,0.6178477690288714,2021-11-20,0.968503937007874,123.0,339.0416666666667
2021-11-20,339.0416666666667,123,0.968503937007874,0.6220472440944882,0.9212598425196851,0.7007874015748031,0.9606299212598425,0.7480314960629922,0.6006749156355455,0.6238845144356956,2021-11-21,0.8267716535433071,105.0,293.75
2021-11-21,293.75,105,0.8267716535433071,0.968503937007874,0.6220472440944882,0.9212598425196851,0.2992125984251969,0.8372703412073492,0.6017997750281214,0.6464566929133858,2021-11-22,0.8503937007874016,108.0,300.1666666666667
2021-11-22,300.1666666666667,108,0.8503937007874016,0.8267716535433071,0.968503937007874,0.6220472440944882,0.3700787401574803,0.8057742782152232,0.6771653543307086,0.6606299212598425,2021-11-23,0.3858267716535433,49.0,152.45833333333334
2021-11-23,152.45833333333334,49,0.3858267716535433,0.8503937007874016,0.8267716535433071,0.968503937007874,0.33070866141732286,0.8818897637795278,0.7457817772778402,0.6797900262467191,2021-11-24,0.4409448818897638,56.0,169.04166666666666
2021-11-24,169.04166666666666,56,0.4409448818897638,0.3858267716535433,0.8503937007874016,0.8267716535433071,0.7007874015748031,0.6876640419947507,0.7536557930258718,0.6711286089238846,2021-11-25,0.4094488188976378,52.0,158.875
2021-11-25,158.875,52,0.4094488188976378,0.4409448818897638,0.3858267716535433,0.8503937007874016,0.9212598425196851,0.5590551181102364,0.7165354330708661,0.6679790026246718,2021-11-26,0.7401574803149606,94.0,264.8333333333333
2021-11-26,264.8333333333333,94,0.7401574803149606,0.4094488188976378,0.4409448818897638,0.3858267716535433,0.6220472440944882,0.41207349081364836,0.6434195725534309,0.6603674540682414,2021-11-27,0.7559055118110236,96.0,269.1666666666667
2021-11-27,269.1666666666667,96,0.7559055118110236,0.7401574803149606,0.4094488188976378,0.4409448818897638,0.968503937007874,0.5301837270341209,0.6602924634420697,0.6622047244094489,2021-11-28,0.2283464566929134,29.0,101.25
2021-11-28,101.25,29,0.2283464566929134,0.7559055118110236,0.7401574803149606,0.4094488188976378,0.8267716535433071,0.6351706036745407,0.6299212598425197,0.6771653543307087,2021-11-29,0.5118110236220472,65.0,192.70833333333331
2021-11-29,192.70833333333331,65,0.5118110236220472,0.2283464566929134,0.7559055118110236,0.7401574803149606,0.8503937007874016,0.5748031496062993,0.5444319460067492,0.6545931758530183,2021-11-30,0.4566929133858268,58.0,173.70833333333334
2021-11-30,173.70833333333334,58,0.4566929133858268,0.5118110236220472,0.2283464566929134,0.7559055118110236,0.3858267716535433,0.4986876640419948,0.49606299212598426,0.6448818897637795,2021-12-01,0.8031496062992126,102.0,285.5
2021-12-01,285.5,102,0.8031496062992126,0.4566929133858268,0.5118110236220472,0.2283464566929134,0.4409448818897638,0.3989501312335959,0.5061867266591676,0.6330708661417324,2021-12-02,0.49606299212598426,63.0,185.875
2021-12-02,185.875,63,0.49606299212598426,0.8031496062992126,0.4566929133858268,0.5118110236220472,0.4094488188976378,0.5905511811023623,0.5579302587176603,0.6317585301837271,2021-12-03,0.8346456692913385,106.0,295.625
2021-12-03,295.625,106,0.8346456692913385,0.49606299212598426,0.8031496062992126,0.4566929133858268,0.7401574803149606,0.5853018372703412,0.5703037120359955,0.6199475065616797,2021-12-04,0.2283464566929134,29.0,100.83333333333331
2021-12-04,100.83333333333331,29,0.2283464566929134,0.8346456692913385,0.49606299212598426,0.8031496062992126,0.7559055118110236,0.7112860892388452,0.5838020247469066,0.6330708661417322,2021-12-05,0.15748031496062992,20.0,79.29166666666667
2021-12-05,79.29166666666667,20,0.15748031496062992,0.2283464566929134,0.8346456692913385,0.49606299212598426,0.2283464566929134,0.5196850393700788,0.5084364454443194,0.6244094488188977,2021-12-06,0.9606299212598425,122.0,334.5416666666667
2021-12-06,334.5416666666667,122,0.9606299212598425,0.15748031496062992,0.2283464566929134,0.8346456692913385,0.5118110236220472,0.4068241469816274,0.4983127109111361,0.6128608923884514,2021-12-07,0.7244094488188977,92.0,260.0833333333333
2021-12-07,260.0833333333333,92,0.7244094488188977,0.9606299212598425,0.15748031496062992,0.2283464566929134,0.4566929133858268,0.44881889763779537,0.562429696287964,0.6354330708661418,2021-12-08,0.7716535433070866,98.0,275.8333333333333
2021-12-08,275.8333333333333,98,0.7716535433070866,0.7244094488188977,0.9606299212598425,0.15748031496062992,0.8031496062992126,0.6141732283464568,0.6006749156355455,0.6430446194225722,2021-12-09,0.5118110236220472,65.0,190.70833333333331
2021-12-09,190.70833333333331,65,0.5118110236220472,0.7716535433070866,0.7244094488188977,0.9606299212598425,0.49606299212598426,0.8188976377952756,0.5961754780652418,0.6493438320209974,2021-12-10,0.5984251968503937,76.0,220.79166666666663
2021-12-10,220.79166666666663,76,0.5984251968503937,0.5118110236220472,0.7716535433070866,0.7244094488188977,0.8346456692913385,0.6692913385826772,0.5984251968503936,0.6356955380577428,2021-12-11,0.8267716535433071,105.0,291.7083333333333
2021-12-11,291.7083333333333,105,0.8267716535433071,0.5984251968503937,0.5118110236220472,0.7716535433070866,0.2283464566929134,0.6272965879265092,0.5646794150731159,0.6241469816272965,2021-12-12,0.8661417322834646,110.0,306.2916666666667
2021-12-12,306.2916666666667,110,0.8661417322834646,0.8267716535433071,0.5984251968503937,0.5118110236220472,0.15748031496062992,0.6456692913385828,0.6501687289088863,0.620997375328084,2021-12-13,0.9212598425196851,117.0,324.0
2021-12-13,324.0,117,0.9212598425196851,0.8661417322834646,0.8267716535433071,0.5984251968503937,0.9606299212598425,0.7637795275590552,0.7514060742407199,0.6186351706036746,2021-12-14,0.5196850393700787,66.0,193.29166666666663
2021-12-14,193.29166666666663,66,0.5196850393700787,0.9212598425196851,0.8661417322834646,0.8267716535433071,0.7244094488188977,0.8713910761154856,0.7457817772778402,0.6173228346456694,2021-12-15,0.7007874015748031,89.0,251.79166666666663
2021-12-15,251.79166666666663,89,0.7007874015748031,0.5196850393700787,0.9212598425196851,0.8661417322834646,0.7716535433070866,0.7690288713910762,0.7165354330708661,0.6246719160104987,2021-12-16,0.6692913385826772,85.0,242.125
2021-12-16,242.125,85,0.6692913385826772,0.7007874015748031,0.5196850393700787,0.9212598425196851,0.5118110236220472,0.7139107611548557,0.7064116985376828,0.6356955380577428,2021-12-17,0.6220472440944882,79.0,227.91666666666663
2021-12-17,227.91666666666663,79,0.6220472440944882,0.6692913385826772,0.7007874015748031,0.5196850393700787,0.5984251968503937,0.6299212598425198,0.7289088863892014,0.6469816272965879,2021-12-18,0.8582677165354331,109.0,303.0833333333333
2021-12-18,303.0833333333333,109,0.8582677165354331,0.6220472440944882,0.6692913385826772,0.7007874015748031,0.8267716535433071,0.6640419947506562,0.732283464566929,0.6443569553805774,2021-12-19,0.6614173228346457,84.0,239.58333333333331
2021-12-19,239.58333333333331,84,0.6614173228346457,0.8582677165354331,0.6220472440944882,0.6692913385826772,0.8661417322834646,0.7165354330708662,0.7367829021372329,0.642257217847769,2021-12-20,0.5669291338582677,72.0,208.5
2021-12-20,208.5,72,0.5669291338582677,0.6614173228346457,0.8582677165354331,0.6220472440944882,0.9212598425196851,0.7139107611548557,0.7075365579302587,0.6435695538057743,2021-12-21,0.4881889763779528,62.0,184.54166666666663
2021-12-21,184.54166666666663,62,0.4881889763779528,0.5669291338582677,0.6614173228346457,0.8582677165354331,0.5196850393700787,0.6955380577427822,0.6569178852643419,0.6301837270341207,2021-12-22,0.3937007874015748,50.0,153.91666666666666
2021-12-22,153.91666666666666,50,0.3937007874015748,0.4881889763779528,0.5669291338582677,0.6614173228346457,0.7007874015748031,0.5721784776902887,0.6524184476940382,0.6188976377952755,2021-12-23,0.49606299212598426,63.0,187.95833333333331
2021-12-23,187.95833333333331,63,0.49606299212598426,0.3937007874015748,0.4881889763779528,0.5669291338582677,0.6692913385826772,0.48293963254593186,0.6085489313835771,0.6036745406824147,2021-12-24,0.10236220472440945,13.0,60.458333333333336
2021-12-24,60.458333333333336,13,0.10236220472440945,0.49606299212598426,0.3937007874015748,0.4881889763779528,0.6220472440944882,0.45931758530183736,0.5838020247469068,0.6073490813648293,2021-12-25,0.25196850393700787,32.0,109.66666666666669
2021-12-25,109.66666666666669,32,0.25196850393700787,0.10236220472440945,0.49606299212598426,0.3937007874015748,0.8582677165354331,0.3307086614173229,0.5095613048368954,0.5960629921259843,2021-12-26,0.31496062992125984,40.0,128.95833333333334
2021-12-26,128.95833333333334,40,0.31496062992125984,0.25196850393700787,0.10236220472440945,0.49606299212598426,0.6614173228346457,0.28346456692913397,0.42294713160854897,0.5908136482939633,2021-12-27,0.5905511811023622,75.0,216.20833333333331
2021-12-27,216.20833333333331,75,0.5905511811023622,0.31496062992125984,0.25196850393700787,0.10236220472440945,0.5669291338582677,0.22309711286089243,0.3734533183352081,0.5766404199475066,2021-12-28,0.9448818897637795,120.0,329.5833333333333
2021-12-28,329.5833333333333,120,0.9448818897637795,0.5905511811023622,0.31496062992125984,0.25196850393700787,0.4881889763779528,0.38582677165354334,0.37682789651293586,0.5711286089238846,2021-12-29,0.8267716535433071,105.0,292.875
2021-12-29,292.875,105,0.8267716535433071,0.9448818897637795,0.5905511811023622,0.31496062992125984,0.3937007874015748,0.6167979002624673,0.44206974128233967,0.59501312335958,2021-12-30,0.5039370078740157,64.0,189.54166666666663
2021-12-30,189.54166666666663,64,0.5039370078740157,0.8267716535433071,0.9448818897637795,0.5905511811023622,0.49606299212598426,0.7874015748031497,0.5039370078740157,0.6055118110236221,2021-12-31,0.9448818897637795,120.0,330.75
2021-12-31,330.75,120,0.9448818897637795,0.5039370078740157,0.8267716535433071,0.9448818897637795,0.10236220472440945,0.7585301837270343,0.5050618672665916,0.6070866141732283,2022-01-01,0.5511811023622047,70.0,204.75
2022-01-01,204.75,70,0.5511811023622047,0.9448818897637795,0.5039370078740157,0.8267716535433071,0.25196850393700787,0.7585301837270341,0.6254218222722159,0.6118110236220473,2022-01-02,0.7874015748031497,100.0,279.7916666666667
2022-01-02,279.7916666666667,100,0.7874015748031497,0.5511811023622047,0.9448818897637795,0.5039370078740157,0.31496062992125984,0.6666666666666666,0.6681664791901013,0.6136482939632546,2022-01-03,0.8031496062992126,102.0,285.4583333333333
2022-01-03,285.4583333333333,102,0.8031496062992126,0.7874015748031497,0.5511811023622047,0.9448818897637795,0.5905511811023622,0.7611548556430447,0.7356580427446568,0.6120734908136483,2022-01-04,0.6850393700787402,87.0,248.375
2022-01-04,248.375,87,0.6850393700787402,0.8031496062992126,0.7874015748031497,0.5511811023622047,0.9448818897637795,0.7139107611548557,0.766029246344207,0.631233595800525,2022-01-05,0.6377952755905512,81.0,232.70833333333331
2022-01-05,232.70833333333331,81,0.6377952755905512,0.6850393700787402,0.8031496062992126,0.7874015748031497,0.8267716535433071,0.7585301837270343,0.7289088863892014,0.6488188976377953,2022-01-06,0.6299212598425197,80.0,228.58333333333331
2022-01-06,228.58333333333331,80,0.6299212598425197,0.6377952755905512,0.6850393700787402,0.8031496062992126,0.5039370078740157,0.7086614173228347,0.701912260967379,0.6380577427821523,2022-01-07,0.6141732283464567,78.0,223.66666666666663
2022-01-07,223.66666666666663,78,0.6141732283464567,0.6299212598425197,0.6377952755905512,0.6850393700787402,0.9448818897637795,0.6509186351706037,0.7199100112485939,0.6349081364829396,2022-01-08,0.7637795275590551,97.0,273.0416666666667
2022-01-08,273.0416666666667,97,0.7637795275590551,0.6141732283464567,0.6299212598425197,0.6377952755905512,0.5511811023622047,0.6272965879265092,0.672665916760405,0.6296587926509186,2022-01-09,0.8031496062992126,102.0,284.0416666666667
2022-01-09,284.0416666666667,102,0.8031496062992126,0.7637795275590551,0.6141732283464567,0.6299212598425197,0.7874015748031497,0.6692913385826773,0.7030371203599549,0.6380577427821522,2022-01-10,0.6692913385826772,85.0,243.25
2022-01-10,243.25,85,0.6692913385826772,0.8031496062992126,0.7637795275590551,0.6141732283464567,0.8031496062992126,0.7270341207349081,0.7052868391451069,0.6448818897637795,2022-01-11,0.937007874015748,119.0,327.625
2022-01-11,327.625,119,0.937007874015748,0.6692913385826772,0.8031496062992126,0.7637795275590551,0.6850393700787402,0.7454068241469818,0.6861642294713161,0.6396325459317586,2022-01-12,0.9921259842519685,126.0,345.5833333333333
2022-01-12,345.5833333333333,126,0.9921259842519685,0.937007874015748,0.6692913385826772,0.8031496062992126,0.6377952755905512,0.8031496062992126,0.7221597300337458,0.641994750656168,2022-01-13,0.952755905511811,121.0,332.5833333333333
2022-01-13,332.5833333333333,121,0.952755905511811,0.9921259842519685,0.937007874015748,0.6692913385826772,0.6299212598425197,0.8661417322834647,0.7727784026996626,0.6443569553805774,2022-01-14,0.7322834645669292,93.0,262.8333333333333
2022-01-14,262.8333333333333,93,0.7322834645669292,0.952755905511811,0.9921259842519685,0.937007874015748,0.6141732283464567,0.9606299212598426,0.8188976377952756,0.6587926509186351,2022-01-15,0.5275590551181102,67.0,196.375
2022-01-15,196.375,67,0.5275590551181102,0.7322834645669292,0.952755905511811,0.9921259842519685,0.7637795275590551,0.8923884514435696,0.8357705286839145,0.6598425196850394,2022-01-16,0.49606299212598426,63.0,187.33333333333331
2022-01-16,187.33333333333331,63,0.49606299212598426,0.5275590551181102,0.7322834645669292,0.952755905511811,0.8031496062992126,0.7375328083989502,0.8020247469066367,0.6551181102362204,2022-01-17,0.952755905511811,121.0,332.0833333333333
2022-01-17,332.0833333333333,121,0.952755905511811,0.49606299212598426,0.5275590551181102,0.7322834645669292,0.6692913385826772,0.5853018372703412,0.7581552305961755,0.6509186351706037,2022-01-18,0.984251968503937,125.0,342.4583333333333
2022-01-18,342.4583333333333,125,0.984251968503937,0.952755905511811,0.49606299212598426,0.5275590551181102,0.937007874015748,0.6587926509186351,0.798650168728909,0.6540682414698163,2022-01-19,0.8661417322834646,110.0,304.3333333333333
2022-01-19,304.3333333333333,110,0.8661417322834646,0.984251968503937,0.952755905511811,0.49606299212598426,0.9921259842519685,0.8110236220472441,0.8053993250843645,0.6648293963254592,2022-01-20,0.7559055118110236,96.0,268.875
2022-01-20,268.875,96,0.7559055118110236,0.8661417322834646,0.984251968503937,0.952755905511811,0.952755905511811,0.9343832020997377,0.7874015748031497,0.6748031496062993,2022-01-21,0.7795275590551181,99.0,276.8333333333333
2022-01-21,276.8333333333333,99,0.7795275590551181,0.7559055118110236,0.8661417322834646,0.984251968503937,0.7322834645669292,0.8687664041994752,0.7592800899887514,0.683727034120735,2022-01-22,0.6535433070866141,83.0,236.16666666666663
2022-01-22,236.16666666666663,83,0.6535433070866141,0.7795275590551181,0.7559055118110236,0.8661417322834646,0.5275590551181102,0.8005249343832022,0.7660292463442069,0.6965879265091864,2022-01-23,0.5039370078740157,64.0,190.41666666666663
2022-01-23,190.41666666666663,64,0.5039370078740157,0.6535433070866141,0.7795275590551181,0.7559055118110236,0.49606299212598426,0.7296587926509187,0.7840269966254217,0.7018372703412074,2022-01-24,0.36220472440944884,46.0,144.45833333333334
2022-01-24,144.45833333333334,46,0.36220472440944884,0.5039370078740157,0.6535433070866141,0.7795275590551181,0.952755905511811,0.6456692913385828,0.7851518560179976,0.7152230971128609,2022-01-25,0.7952755905511811,101.0,282.7083333333333
2022-01-25,282.7083333333333,101,0.7952755905511811,0.36220472440944884,0.5039370078740157,0.6535433070866141,0.984251968503937,0.5065616797900263,0.700787401574803,0.7188976377952756,2022-01-26,0.28346456692913385,36.0,119.91666666666669
2022-01-26,119.91666666666669,36,0.28346456692913385,0.7952755905511811,0.36220472440944884,0.5039370078740157,0.8661417322834646,0.5538057742782153,0.6737907761529808,0.7349081364829396,2022-01-27,0.8267716535433071,105.0,292.2916666666667
2022-01-27,292.2916666666667,105,0.8267716535433071,0.28346456692913385,0.7952755905511811,0.36220472440944884,0.7559055118110236,0.48031496062992135,0.5905511811023622,0.7246719160104986,2022-01-28,0.5196850393700787,66.0,194.58333333333331
2022-01-28,194.58333333333331,66,0.5196850393700787,0.8267716535433071,0.28346456692913385,0.7952755905511811,0.7795275590551181,0.6351706036745407,0.6006749156355455,0.720734908136483,2022-01-29,0.6456692913385826,82.0,234.41666666666663
2022-01-29,234.41666666666663,82,0.6456692913385826,0.5196850393700787,0.8267716535433071,0.28346456692913385,0.6535433070866141,0.5433070866141733,0.5635545556805399,0.710498687664042,2022-01-30,0.6299212598425197,80.0,230.20833333333331
2022-01-30,230.20833333333331,80,0.6299212598425197,0.6456692913385826,0.5196850393700787,0.8267716535433071,0.5039370078740157,0.6640419947506562,0.562429696287964,0.715223097112861,2022-01-31,0.9291338582677166,118.0,325.1666666666667
2022-01-31,325.1666666666667,118,0.9291338582677166,0.6299212598425197,0.6456692913385826,0.5196850393700787,0.36220472440944884,0.5984251968503937,0.5804274465691789,0.7047244094488189,2022-02-01,0.8740157480314961,111.0,308.375
2022-02-01,308.375,111,0.8740157480314961,0.9291338582677166,0.6299212598425197,0.6456692913385826,0.7952755905511811,0.7349081364829396,0.6614173228346456,0.7173228346456693,2022-02-02,0.8976377952755905,114.0,315.0833333333333
2022-02-02,315.0833333333333,114,0.8976377952755905,0.8740157480314961,0.9291338582677166,0.6299212598425197,0.28346456692913385,0.8110236220472441,0.6726659167604049,0.7202099737532809,2022-02-03,0.7401574803149606,94.0,266.0
2022-02-03,266.0,94,0.7401574803149606,0.8976377952755905,0.8740157480314961,0.9291338582677166,0.8267716535433071,0.9002624671916011,0.7604049493813274,0.7233595800524935,2022-02-04,0.7952755905511811,101.0,281.6666666666667
2022-02-04,281.6666666666667,101,0.7952755905511811,0.7401574803149606,0.8976377952755905,0.8740157480314961,0.5196850393700787,0.8372703412073491,0.748031496062992,0.7251968503937007,2022-02-05,0.6062992125984252,77.0,223.125
2022-02-05,223.125,77,0.6062992125984252,0.7952755905511811,0.7401574803149606,0.8976377952755905,0.6456692913385826,0.8110236220472441,0.7874015748031497,0.7304461942257218,2022-02-06,0.6062992125984252,77.0,222.25
2022-02-06,222.25,77,0.6062992125984252,0.6062992125984252,0.7952755905511811,0.7401574803149606,0.6299212598425197,0.7139107611548557,0.78177727784027,0.7296587926509186,2022-02-07,0.7874015748031497,100.0,280.9166666666667
2022-02-07,280.9166666666667,100,0.7874015748031497,0.6062992125984252,0.6062992125984252,0.7952755905511811,0.9291338582677166,0.6692913385826772,0.7784026996625423,0.7293963254593177,2022-02-08,0.9606299212598425,122.0,336.25
2022-02-08,336.25,122,0.9606299212598425,0.7874015748031497,0.6062992125984252,0.6062992125984252,0.8740157480314961,0.6666666666666669,0.7581552305961755,0.7301837270341207,2022-02-09,0.84251968503937,107.0,297.4583333333333
2022-02-09,297.4583333333333,107,0.84251968503937,0.9606299212598425,0.7874015748031497,0.6062992125984252,0.8976377952755905,0.7847769028871392,0.7705286839145107,0.7354330708661417,2022-02-10,0.5433070866141733,69.0,202.875
2022-02-10,202.875,69,0.5433070866141733,0.84251968503937,0.9606299212598425,0.7874015748031497,0.7401574803149606,0.8635170603674541,0.7626546681664792,0.7412073490813648,2022-02-11,0.5354330708661418,68.0,199.125
2022-02-11,199.125,68,0.5354330708661418,0.5433070866141733,0.84251968503937,0.9606299212598425,0.7952755905511811,0.7821522309711287,0.7345331833520811,0.7280839895013124,2022-02-12,0.5039370078740157,64.0,190.20833333333331
2022-02-12,190.20833333333331,64,0.5039370078740157,0.5354330708661418,0.5433070866141733,0.84251968503937,0.6062992125984252,0.6404199475065617,0.6974128233970754,0.7128608923884514,2022-02-13,0.4330708661417323,55.0,167.16666666666666
2022-02-13,167.16666666666666,55,0.4330708661417323,0.5039370078740157,0.5354330708661418,0.5433070866141733,0.6062992125984252,0.5275590551181103,0.6827896512935884,0.6979002624671916,2022-02-14,0.6850393700787402,87.0,248.08333333333331
2022-02-14,248.08333333333331,87,0.6850393700787402,0.4330708661417323,0.5039370078740157,0.5354330708661418,0.7874015748031497,0.49081364829396334,0.6580427446569178,0.6879265091863516,2022-02-15,0.7795275590551181,99.0,277.9166666666667
2022-02-15,277.9166666666667,99,0.7795275590551181,0.6850393700787402,0.4330708661417323,0.5039370078740157,0.9606299212598425,0.5406824146981628,0.6434195725534309,0.6931758530183727,2022-02-16,0.889763779527559,113.0,312.4583333333333
2022-02-16,312.4583333333333,113,0.889763779527559,0.7795275590551181,0.6850393700787402,0.4330708661417323,0.84251968503937,0.6325459317585302,0.6175478065241845,0.7026246719160105,2022-02-17,0.7952755905511811,101.0,282.2916666666667
2022-02-17,282.2916666666667,101,0.7952755905511811,0.889763779527559,0.7795275590551181,0.6850393700787402,0.5433070866141733,0.7847769028871392,0.6242969628796401,0.7005249343832021,2022-02-18,0.8740157480314961,111.0,307.7083333333333
2022-02-18,307.7083333333333,111,0.8740157480314961,0.7952755905511811,0.889763779527559,0.7795275590551181,0.5354330708661418,0.8215223097112861,0.6602924634420698,0.6942257217847769,2022-02-19,0.5905511811023622,75.0,217.75
2022-02-19,217.75,75,0.5905511811023622,0.8740157480314961,0.7952755905511811,0.889763779527559,0.5039370078740157,0.8530183727034122,0.7086614173228346,0.694488188976378,2022-02-20,0.5196850393700787,66.0,193.79166666666663
2022-02-20,193.79166666666663,66,0.5196850393700787,0.5905511811023622,0.8740157480314961,0.7952755905511811,0.4330708661417323,0.7532808398950133,0.7210348706411699,0.6889763779527559,2022-02-21,0.5669291338582677,72.0,210.125
2022-02-21,210.125,72,0.5669291338582677,0.5196850393700787,0.5905511811023622,0.8740157480314961,0.6850393700787402,0.6614173228346457,0.7334083239595051,0.6803149606299213,2022-02-22,0.905511811023622,115.0,318.6666666666667
2022-02-22,318.6666666666667,115,0.905511811023622,0.5669291338582677,0.5196850393700787,0.5905511811023622,0.7795275590551181,0.5590551181102362,0.7165354330708661,0.6774278215223096,2022-02-23,0.6141732283464567,78.0,223.70833333333331
2022-02-23,223.70833333333331,78,0.6141732283464567,0.905511811023622,0.5669291338582677,0.5196850393700787,0.889763779527559,0.6640419947506562,0.734533183352081,0.6908136482939632,2022-02-24,0.4330708661417323,55.0,166.875
2022-02-24,166.875,55,0.4330708661417323,0.6141732283464567,0.905511811023622,0.5669291338582677,0.7952755905511811,0.6955380577427822,0.6951631046119235,0.6992125984251968,2022-02-25,0.937007874015748,119.0,327.7083333333333
2022-02-25,327.7083333333333,119,0.937007874015748,0.4330708661417323,0.6141732283464567,0.905511811023622,0.8740157480314961,0.6509186351706038,0.6434195725534307,0.6871391076115485,2022-02-26,0.49606299212598426,63.0,187.875
2022-02-26,187.875,63,0.49606299212598426,0.937007874015748,0.4330708661417323,0.6141732283464567,0.5905511811023622,0.6614173228346458,0.6524184476940382,0.7089238845144357,2022-02-27,0.3937007874015748,50.0,153.0
2022-02-27,153.0,50,0.3937007874015748,0.49606299212598426,0.937007874015748,0.4330708661417323,0.5196850393700787,0.6220472440944883,0.6389201349831272,0.6979002624671916,2022-02-28,0.8740157480314961,111.0,308.7916666666667
2022-02-28,308.7916666666667,111,0.8740157480314961,0.3937007874015748,0.49606299212598426,0.937007874015748,0.5669291338582677,0.6089238845144358,0.6209223847019123,0.6937007874015748,2022-03-01,0.7874015748031497,100.0,279.0416666666667
2022-03-01,279.0416666666667,100,0.7874015748031497,0.8740157480314961,0.3937007874015748,0.49606299212598426,0.905511811023622,0.5879265091863518,0.6647919010123734,0.7013123359580052,2022-03-02,0.7795275590551181,99.0,276.5833333333333
2022-03-02,276.5833333333333,99,0.7795275590551181,0.7874015748031497,0.8740157480314961,0.3937007874015748,0.6141732283464567,0.6850393700787403,0.6479190101237345,0.7065616797900262,2022-03-03,0.3228346456692913,41.0,130.25
2022-03-03,130.25,41,0.3228346456692913,0.7795275590551181,0.7874015748031497,0.8740157480314961,0.4330708661417323,0.8136482939632547,0.671541057367829,0.7015748031496063,2022-03-04,0.2677165354330709,34.0,114.70833333333331
2022-03-04,114.70833333333331,34,0.2677165354330709,0.3228346456692913,0.7795275590551181,0.7874015748031497,0.937007874015748,0.6299212598425198,0.655793025871766,0.6832020997375329,2022-03-05,0.31496062992125984,40.0,129.33333333333334
2022-03-05,129.33333333333334,40,0.31496062992125984,0.2677165354330709,0.3228346456692913,0.7795275590551181,0.49606299212598426,0.4566929133858269,0.5601799775028121,0.6622047244094488,2022-03-06,0.4251968503937008,54.0,165.29166666666666
2022-03-06,165.29166666666666,54,0.4251968503937008,0.31496062992125984,0.2677165354330709,0.3228346456692913,0.3937007874015748,0.3018372703412075,0.5343082114735658,0.6480314960629922,2022-03-07,0.7637795275590551,97.0,272.2916666666667
2022-03-07,272.2916666666667,97,0.7637795275590551,0.4251968503937008,0.31496062992125984,0.2677165354330709,0.8740157480314961,0.335958005249344,0.5388076490438695,0.6356955380577427,2022-03-08,0.7874015748031497,100.0,279.4583333333333
2022-03-08,279.4583333333333,100,0.7874015748031497,0.7637795275590551,0.4251968503937008,0.31496062992125984,0.7874015748031497,0.5013123359580054,0.5230596175478065,0.6409448818897637,2022-03-09,0.6692913385826772,85.0,241.79166666666663
2022-03-09,241.79166666666663,85,0.6692913385826772,0.7874015748031497,0.7637795275590551,0.4251968503937008,0.7795275590551181,0.6587926509186354,0.5230596175478065,0.6469816272965879,2022-03-10,0.5984251968503937,76.0,220.20833333333331
2022-03-10,220.20833333333331,76,0.5984251968503937,0.6692913385826772,0.7874015748031497,0.7637795275590551,0.3228346456692913,0.7401574803149608,0.5073115860517435,0.6430446194225722,2022-03-11,0.8188976377952756,104.0,290.7083333333333
2022-03-11,290.7083333333333,104,0.8188976377952756,0.5984251968503937,0.6692913385826772,0.7874015748031497,0.2677165354330709,0.6850393700787404,0.5466816647919011,0.6309711286089239,2022-03-12,0.5590551181102362,71.0,207.33333333333331
2022-03-12,207.33333333333331,71,0.5590551181102362,0.8188976377952756,0.5984251968503937,0.6692913385826772,0.31496062992125984,0.6955380577427824,0.625421822272216,0.6301837270341207,2022-03-13,0.6771653543307087,86.0,244.33333333333331
2022-03-13,244.33333333333331,86,0.6771653543307087,0.5590551181102362,0.8188976377952756,0.5984251968503937,0.4251968503937008,0.6587926509186354,0.6602924634420697,0.6307086614173228,2022-03-14,0.6299212598425197,80.0,229.41666666666663
2022-03-14,229.41666666666663,80,0.6299212598425197,0.6771653543307087,0.5590551181102362,0.8188976377952756,0.7637795275590551,0.6850393700787403,0.6962879640044993,0.6354330708661418,2022-03-15,0.2440944881889764,31.0,107.29166666666669
2022-03-15,107.29166666666669,31,0.2440944881889764,0.6299212598425197,0.6771653543307087,0.5590551181102362,0.7874015748031497,0.6220472440944884,0.6771653543307087,0.6396325459317586,2022-03-16,0.5118110236220472,65.0,192.25
2022-03-16,192.25,65,0.5118110236220472,0.2440944881889764,0.6299212598425197,0.6771653543307087,0.6692913385826772,0.5170603674540684,0.5995500562429698,0.6333333333333333,2022-03-17,0.6929133858267716,88.0,251.0
2022-03-17,251.0,88,0.6929133858267716,0.5118110236220472,0.2440944881889764,0.6299212598425197,0.5984251968503937,0.46194225721784793,0.5770528683914511,0.6275590551181103,2022-03-18,0.7244094488188977,92.0,260.5416666666667
2022-03-18,260.5416666666667,92,0.7244094488188977,0.6929133858267716,0.5118110236220472,0.2440944881889764,0.8188976377952756,0.4829396325459319,0.5905511811023622,0.6246719160104987,2022-03-19,0.8031496062992126,102.0,284.5416666666667
2022-03-19,284.5416666666667,102,0.8031496062992126,0.7244094488188977,0.6929133858267716,0.5118110236220472,0.5590551181102362,0.6430446194225724,0.5770528683914511,0.6191601049868767,2022-03-20,0.889763779527559,113.0,311.6666666666667
2022-03-20,311.6666666666667,113,0.889763779527559,0.8031496062992126,0.7244094488188977,0.6929133858267716,0.6771653543307087,0.7401574803149608,0.6119235095613049,0.6194225721784776,2022-03-21,0.6062992125984252,77.0,220.83333333333331
2022-03-21,220.83333333333331,77,0.6062992125984252,0.889763779527559,0.8031496062992126,0.7244094488188977,0.6299212598425197,0.8057742782152232,0.6422947131608548,0.6199475065616797,2022-03-22,0.8582677165354331,109.0,302.375
2022-03-22,302.375,109,0.8582677165354331,0.6062992125984252,0.889763779527559,0.8031496062992126,0.2440944881889764,0.7664041994750658,0.6389201349831272,0.6204724409448819,2022-03-23,0.5905511811023622,75.0,216.41666666666663
2022-03-23,216.41666666666663,75,0.5905511811023622,0.8582677165354331,0.6062992125984252,0.889763779527559,0.5118110236220472,0.7847769028871392,0.7266591676040495,0.6317585301837271,2022-03-24,0.8346456692913385,106.0,294.7916666666667
2022-03-24,294.7916666666667,106,0.8346456692913385,0.5905511811023622,0.8582677165354331,0.6062992125984252,0.6929133858267716,0.6850393700787403,0.7379077615298087,0.6325459317585302,2022-03-25,0.7480314960629921,95.0,267.6666666666667
2022-03-25,267.6666666666667,95,0.7480314960629921,0.8346456692913385,0.5905511811023622,0.8582677165354331,0.7244094488188977,0.7611548556430447,0.7581552305961755,0.6301837270341207,2022-03-26,0.7165354330708661,91.0,256.875
2022-03-26,256.875,91,0.7165354330708661,0.7480314960629921,0.8346456692913385,0.5905511811023622,0.8031496062992126,0.7244094488188978,0.7615298087739033,0.6346456692913386,2022-03-27,0.6692913385826772,85.0,241.95833333333331
2022-03-27,241.95833333333331,85,0.6692913385826772,0.7165354330708661,0.7480314960629921,0.8346456692913385,0.889763779527559,0.7664041994750658,0.749156355455568,0.6440944881889764,2022-03-28,0.6929133858267716,88.0,250.625
2022-03-28,250.625,88,0.6929133858267716,0.6692913385826772,0.7165354330708661,0.7480314960629921,0.6062992125984252,0.7112860892388454,0.7176602924634421,0.6351706036745407,2022-03-29,0.5748031496062992,73.0,213.08333333333331
2022-03-29,213.08333333333331,73,0.5748031496062992,0.6929133858267716,0.6692913385826772,0.7165354330708661,0.8582677165354331,0.6929133858267718,0.7300337457817773,0.6417322834645669,2022-03-30,0.7952755905511811,101.0,283.375
2022-03-30,283.375,101,0.7952755905511811,0.5748031496062992,0.6929133858267716,0.6692913385826772,0.5905511811023622,0.6456692913385828,0.6895388076490437,0.6477690288713911,2022-03-31,0.8110236220472441,103.0,288.5833333333333
2022-03-31,288.5833333333333,103,0.8110236220472441,0.7952755905511811,0.5748031496062992,0.6929133858267716,0.8346456692913385,0.6876640419947507,0.718785151856018,0.6451443569553806,2022-04-01,0.4645669291338583,59.0,176.79166666666666
2022-04-01,176.79166666666666,59,0.4645669291338583,0.8110236220472441,0.7952755905511811,0.5748031496062992,0.7480314960629921,0.7270341207349084,0.7154105736782902,0.6459317585301838,2022-04-02,0.5590551181102362,71.0,207.875
2022-04-02,207.875,71,0.5590551181102362,0.4645669291338583,0.8110236220472441,0.7952755905511811,0.7165354330708661,0.6902887139107613,0.6749156355455569,0.6354330708661418,2022-04-03,0.7086614173228346,90.0,254.41666666666663
2022-04-03,254.41666666666663,90,0.7086614173228346,0.5590551181102362,0.4645669291338583,0.8110236220472441,0.6692913385826772,0.6115485564304464,0.6524184476940382,0.6433070866141732,2022-04-04,0.5354330708661418,68.0,199.04166666666663
2022-04-04,199.04166666666663,68,0.5354330708661418,0.7086614173228346,0.5590551181102362,0.4645669291338583,0.6929133858267716,0.5774278215223099,0.6580427446569178,0.658005249343832,2022-04-05,0.6692913385826772,85.0,241.29166666666663
2022-04-05,241.29166666666663,85,0.6692913385826772,0.5354330708661418,0.7086614173228346,0.5590551181102362,0.5748031496062992,0.6010498687664043,0.6355455568053994,0.6653543307086615,2022-04-06,0.84251968503937,107.0,297.7916666666667
2022-04-06,297.7916666666667,107,0.84251968503937,0.6692913385826772,0.5354330708661418,0.7086614173228346,0.7952755905511811,0.6377952755905514,0.6490438695163104,0.6734908136482941,2022-04-07,0.8503937007874016,108.0,299.5
2022-04-07,299.5,108,0.8503937007874016,0.84251968503937,0.6692913385826772,0.5354330708661418,0.8110236220472441,0.6824146981627298,0.655793025871766,0.6761154855643045,2022-04-08,0.8346456692913385,106.0,296.125
2022-04-08,296.125,106,0.8346456692913385,0.8503937007874016,0.84251968503937,0.6692913385826772,0.4645669291338583,0.7874015748031497,0.6614173228346457,0.6782152230971128,2022-04-09,0.5748031496062992,73.0,211.125
2022-04-09,211.125,73,0.5748031496062992,0.8346456692913385,0.8503937007874016,0.84251968503937,0.5590551181102362,0.8425196850393702,0.7142857142857143,0.6837270341207348,2022-04-10,0.7401574803149606,94.0,266.0416666666667
2022-04-10,266.0416666666667,94,0.7401574803149606,0.5748031496062992,0.8346456692913385,0.8503937007874016,0.7086614173228346,0.7532808398950133,0.7165354330708661,0.6829396325459317,2022-04-11,0.7401574803149606,94.0,265.4583333333333
2022-04-11,265.4583333333333,94,0.7401574803149606,0.7401574803149606,0.5748031496062992,0.8346456692913385,0.5354330708661418,0.7165354330708663,0.7210348706411699,0.6803149606299213,2022-04-12,0.8031496062992126,102.0,284.0
2022-04-12,284.0,102,0.8031496062992126,0.7401574803149606,0.7401574803149606,0.5748031496062992,0.6692913385826772,0.6850393700787404,0.7502812148481439,0.6863517060367454,2022-04-13,0.5748031496062992,73.0,213.04166666666663
2022-04-13,213.04166666666663,73,0.5748031496062992,0.8031496062992126,0.7401574803149606,0.7401574803149606,0.84251968503937,0.7611548556430447,0.7694038245219348,0.6905511811023622,2022-04-14,0.6299212598425197,80.0,229.625
2022-04-14,229.625,80,0.6299212598425197,0.5748031496062992,0.8031496062992126,0.7401574803149606,0.8503937007874016,0.7060367454068244,0.7311586051743532,0.6887139107611548,2022-04-15,0.7007874015748031,89.0,251.45833333333331
2022-04-15,251.45833333333331,89,0.7007874015748031,0.6299212598425197,0.5748031496062992,0.8031496062992126,0.8346456692913385,0.6692913385826773,0.6996625421822271,0.7015748031496063,2022-04-16,0.15748031496062992,20.0,77.20833333333333
2022-04-16,77.20833333333333,20,0.15748031496062992,0.7007874015748031,0.6299212598425197,0.5748031496062992,0.5748031496062992,0.6351706036745409,0.6805399325084365,0.7078740157480314,2022-04-17,0.25984251968503935,33.0,110.08333333333331
2022-04-17,110.08333333333331,33,0.25984251968503935,0.15748031496062992,0.7007874015748031,0.6299212598425197,0.7401574803149606,0.4960629921259844,0.6209223847019123,0.6900262467191601,2022-04-18,0.25196850393700787,32.0,109.0
2022-04-18,109.0,32,0.25196850393700787,0.25984251968503935,0.15748031496062992,0.7007874015748031,0.7401574803149606,0.37270341207349095,0.5523059617547806,0.6745406824146981,2022-04-19,0.23622047244094488,30.0,102.375
2022-04-19,102.375,30,0.23622047244094488,0.25196850393700787,0.25984251968503935,0.15748031496062992,0.8031496062992126,0.2230971128608925,0.4825646794150731,0.6561679790026247,2022-04-20,0.1732283464566929,22.0,84.45833333333333
2022-04-20,84.45833333333333,22,0.1732283464566929,0.23622047244094488,0.25196850393700787,0.25984251968503935,0.5748031496062992,0.24934383202099752,0.4015748031496063,0.6343832020997375,2022-04-21,0.6377952755905512,81.0,231.66666666666663
2022-04-21,231.66666666666663,81,0.6377952755905512,0.1732283464566929,0.23622047244094488,0.25196850393700787,0.6299212598425197,0.22047244094488203,0.344206974128234,0.6199475065616797,2022-04-22,0.6299212598425197,80.0,229.41666666666663
2022-04-22,229.41666666666663,80,0.6299212598425197,0.6377952755905512,0.1732283464566929,0.23622047244094488,0.7007874015748031,0.34908136482939645,0.3453318335208099,0.6125984251968504,2022-04-23,0.5433070866141733,69.0,202.58333333333331
2022-04-23,202.58333333333331,69,0.5433070866141733,0.6299212598425197,0.6377952755905512,0.1732283464566929,0.15748031496062992,0.48031496062992135,0.33520809898762655,0.6139107611548555,2022-04-24,0.7480314960629921,95.0,267.0
2022-04-24,267.0,95,0.7480314960629921,0.5433070866141733,0.6299212598425197,0.6377952755905512,0.25984251968503935,0.6036745406824148,0.39032620922384703,0.6041994750656168,2022-04-25,0.6692913385826772,85.0,241.625
2022-04-25,241.625,85,0.6692913385826772,0.7480314960629921,0.5433070866141733,0.6299212598425197,0.25196850393700787,0.6404199475065618,0.4600674915635546,0.6041994750656168,2022-04-26,0.6614173228346457,84.0,240.875
2022-04-26,240.875,84,0.6614173228346457,0.6692913385826772,0.7480314960629921,0.5433070866141733,0.23622047244094488,0.6535433070866143,0.5196850393700788,0.6026246719160105,2022-04-27,0.5905511811023622,75.0,218.08333333333331
2022-04-27,218.08333333333331,75,0.5905511811023622,0.6614173228346457,0.6692913385826772,0.7480314960629921,0.1732283464566929,0.6929133858267719,0.5804274465691789,0.6023622047244094,2022-04-28,0.6929133858267716,88.0,248.91666666666663
2022-04-28,248.91666666666663,88,0.6929133858267716,0.5905511811023622,0.6614173228346457,0.6692913385826772,0.6377952755905512,0.6404199475065618,0.6400449943757031,0.5989501312335958,2022-04-29,0.6141732283464567,78.0,225.16666666666663
2022-04-29,225.16666666666663,78,0.6141732283464567,0.6929133858267716,0.5905511811023622,0.6614173228346457,0.6299212598425197,0.6482939632545933,0.6479190101237345,0.6028871391076115,2022-04-30,0.7007874015748031,89.0,251.91666666666663
2022-04-30,251.91666666666663,89,0.7007874015748031,0.6141732283464567,0.6929133858267716,0.5905511811023622,0.5433070866141733,0.6325459317585302,0.6456692913385826,0.5968503937007874,2022-05-01,0.5433070866141733,69.0,201.66666666666663
2022-05-01,201.66666666666663,69,0.5433070866141733,0.7007874015748031,0.6141732283464567,0.6929133858267716,0.7480314960629921,0.6692913385826773,0.6681664791901013,0.5931758530183726,2022-05-02,0.41732283464566927,53.0,162.0
2022-05-02,162.0,53,0.41732283464566927,0.5433070866141733,0.7007874015748031,0.6141732283464567,0.6692913385826772,0.6194225721784777,0.6389201349831272,0.5958005249343832,2022-05-03,0.31496062992125984,40.0,128.625
2022-05-03,128.625,40,0.31496062992125984,0.41732283464566927,0.5433070866141733,0.7007874015748031,0.6614173228346457,0.5538057742782154,0.6029246344206973,0.5910761154855643,2022-05-04,0.6771653543307087,86.0,244.0
2022-05-04,244.0,86,0.6771653543307087,0.31496062992125984,0.41732283464566927,0.5433070866141733,0.5905511811023622,0.4251968503937009,0.5534308211473565,0.5779527559055119,2022-05-05,0.6771653543307087,86.0,245.41666666666663
2022-05-05,245.41666666666663,86,0.6771653543307087,0.6771653543307087,0.31496062992125984,0.41732283464566927,0.6929133858267716,0.46981627296587947,0.5658042744656918,0.5826771653543307,2022-05-06,0.6929133858267716,88.0,249.0
2022-05-06,249.0,88,0.6929133858267716,0.6771653543307087,0.6771653543307087,0.31496062992125984,0.6141732283464567,0.5564304461942259,0.5635545556805399,0.5829396325459317,2022-05-07,0.7165354330708661,91.0,256.6666666666667
2022-05-07,256.6666666666667,91,0.7165354330708661,0.6929133858267716,0.6771653543307087,0.6771653543307087,0.7007874015748031,0.6824146981627298,0.5748031496062992,0.5779527559055119,2022-05-08,0.5433070866141733,69.0,200.75
2022-05-08,200.75,69,0.5433070866141733,0.7165354330708661,0.6929133858267716,0.6771653543307087,0.5433070866141733,0.6955380577427824,0.5770528683914511,0.5734908136482939,2022-05-09,0.25984251968503935,33.0,111.875
2022-05-09,111.875,33,0.25984251968503935,0.5433070866141733,0.7165354330708661,0.6929133858267716,0.41732283464566927,0.6509186351706039,0.5770528683914511,0.5637795275590551,2022-05-10,0.4330708661417323,55.0,165.95833333333334
2022-05-10,165.95833333333334,55,0.4330708661417323,0.25984251968503935,0.5433070866141733,0.7165354330708661,0.31496062992125984,0.5065616797900264,0.5545556805399325,0.5532808398950131,2022-05-11,0.18110236220472442,23.0,87.0
2022-05-11,87.0,23,0.18110236220472442,0.4330708661417323,0.25984251968503935,0.5433070866141733,0.6771653543307087,0.41207349081364847,0.5714285714285714,0.5430446194225722,2022-05-12,0.6299212598425197,80.0,229.58333333333331
2022-05-12,229.58333333333331,80,0.6299212598425197,0.18110236220472442,0.4330708661417323,0.25984251968503935,0.6771653543307087,0.29133858267716556,0.500562429696288,0.5244094488188976,2022-05-13,0.6771653543307087,86.0,245.66666666666663
2022-05-13,245.66666666666663,86,0.6771653543307087,0.6299212598425197,0.18110236220472442,0.4330708661417323,0.6929133858267716,0.4146981627296589,0.4938132733408324,0.5186351706036745,2022-05-14,0.5590551181102362,71.0,207.04166666666663
2022-05-14,207.04166666666663,71,0.5590551181102362,0.6771653543307087,0.6299212598425197,0.18110236220472442,0.7165354330708661,0.4960629921259844,0.49156355455568057,0.5220472440944882,2022-05-15,0.2755905511811024,35.0,116.70833333333331
2022-05-15,116.70833333333331,35,0.2755905511811024,0.5590551181102362,0.6771653543307087,0.6299212598425197,0.5433070866141733,0.6220472440944883,0.469066366704162,0.5196850393700787,2022-05-16,0.3700787401574803,47.0,147.375
2022-05-16,147.375,47,0.3700787401574803,0.2755905511811024,0.5590551181102362,0.6771653543307087,0.25984251968503935,0.5039370078740159,0.4308211473565805,0.5055118110236221,2022-05-17,0.5511811023622047,70.0,204.375
2022-05-17,204.375,70,0.5511811023622047,0.3700787401574803,0.2755905511811024,0.5590551181102362,0.4330708661417323,0.4015748031496065,0.44656917885264347,0.5125984251968504,2022-05-18,0.5984251968503937,76.0,219.79166666666663
2022-05-18,219.79166666666663,76,0.5984251968503937,0.5511811023622047,0.3700787401574803,0.2755905511811024,0.18110236220472442,0.39895013123359596,0.4634420697412824,0.5223097112860893,2022-05-19,0.48031496062992124,61.0,181.66666666666663
2022-05-19,181.66666666666663,61,0.48031496062992124,0.5984251968503937,0.5511811023622047,0.3700787401574803,0.6299212598425197,0.5065616797900265,0.5230596175478065,0.5338582677165354,2022-05-20,0.4409448818897638,56.0,170.25
2022-05-20,170.25,56,0.4409448818897638,0.48031496062992124,0.5984251968503937,0.5511811023622047,0.6771653543307087,0.5433070866141735,0.5016872890888638,0.541994750656168,2022-05-21,0.2283464566929134,29.0,101.79166666666669
2022-05-21,101.79166666666669,29,0.2283464566929134,0.4409448818897638,0.48031496062992124,0.5984251968503937,0.5590551181102362,0.5065616797900264,0.4679415073115861,0.5509186351706037,2022-05-22,0.3779527559055118,48.0,149.08333333333334
2022-05-22,149.08333333333334,48,0.3779527559055118,0.2283464566929134,0.4409448818897638,0.48031496062992124,0.2755905511811024,0.383202099737533,0.4206974128233972,0.5372703412073492,2022-05-23,0.33858267716535434,43.0,135.29166666666666
2022-05-23,135.29166666666666,43,0.33858267716535434,0.3779527559055118,0.2283464566929134,0.4409448818897638,0.3700787401574803,0.34908136482939645,0.43532058492688414,0.5288713910761155,2022-05-24,0.5275590551181102,67.0,197.95833333333331
2022-05-24,197.95833333333331,67,0.5275590551181102,0.33858267716535434,0.3779527559055118,0.2283464566929134,0.5511811023622047,0.31496062992126,0.43082114735658045,0.5220472440944882,2022-05-25,0.25196850393700787,32.0,108.58333333333331
2022-05-25,108.58333333333331,32,0.25196850393700787,0.5275590551181102,0.33858267716535434,0.3779527559055118,0.5984251968503937,0.4146981627296589,0.42744656917885265,0.5146981627296588,2022-05-26,0.5433070866141733,69.0,201.45833333333331
2022-05-26,201.45833333333331,69,0.5433070866141733,0.25196850393700787,0.5275590551181102,0.33858267716535434,0.48031496062992124,0.37270341207349095,0.37795275590551175,0.5007874015748032,2022-05-27,0.44881889763779526,57.0,170.625
2022-05-27,170.625,57,0.44881889763779526,0.5433070866141733,0.25196850393700787,0.5275590551181102,0.4409448818897638,0.4409448818897639,0.38695163104611924,0.49685039370078743,2022-05-28,0.3858267716535433,49.0,152.375
2022-05-28,152.375,49,0.3858267716535433,0.44881889763779526,0.5433070866141733,0.25196850393700787,0.2283464566929134,0.4146981627296589,0.38807649043869513,0.4921259842519685,2022-05-29,0.48031496062992124,61.0,180.875
2022-05-29,180.875,61,0.48031496062992124,0.3858267716535433,0.44881889763779526,0.5433070866141733,0.3779527559055118,0.4593175853018374,0.4105736782902137,0.4818897637795275,2022-05-30,0.2440944881889764,31.0,106.08333333333331
2022-05-30,106.08333333333331,31,0.2440944881889764,0.48031496062992124,0.3858267716535433,0.44881889763779526,0.33858267716535434,0.43832020997375337,0.4251968503937008,0.4774278215223097,2022-05-31,0.6377952755905512,81.0,233.29166666666663
2022-05-31,233.29166666666663,81,0.6377952755905512,0.2440944881889764,0.48031496062992124,0.3858267716535433,0.5275590551181102,0.3700787401574805,0.4116985376827897,0.4622047244094488,2022-06-01,0.5196850393700787,66.0,193.91666666666663
2022-06-01,193.91666666666663,66,0.5196850393700787,0.6377952755905512,0.2440944881889764,0.48031496062992124,0.25196850393700787,0.45406824146981645,0.42744656917885265,0.46535433070866145,2022-06-02,0.2677165354330709,34.0,113.33333333333331
2022-06-02,113.33333333333331,34,0.2677165354330709,0.5196850393700787,0.6377952755905512,0.2440944881889764,0.5433070866141733,0.4671916010498689,0.4656917885264341,0.4687664041994751,2022-06-03,0.6299212598425197,80.0,229.625
2022-06-03,229.625,80,0.6299212598425197,0.2677165354330709,0.5196850393700787,0.6377952755905512,0.44881889763779526,0.4750656167979004,0.4263217097862767,0.4671916010498688,2022-06-04,0.6299212598425197,80.0,229.70833333333331
2022-06-04,229.70833333333331,80,0.6299212598425197,0.6299212598425197,0.2677165354330709,0.5196850393700787,0.3858267716535433,0.47244094488188987,0.452193475815523,0.46561679790026245,2022-06-05,0.25984251968503935,33.0,111.54166666666669
2022-06-05,111.54166666666669,33,0.25984251968503935,0.6299212598425197,0.6299212598425197,0.2677165354330709,0.48031496062992124,0.5091863517060369,0.4870641169853768,0.46404199475065616,2022-06-06,0.4330708661417323,55.0,165.66666666666666
2022-06-06,165.66666666666666,55,0.4330708661417323,0.25984251968503935,0.6299212598425197,0.6299212598425197,0.2440944881889764,0.5065616797900264,0.4555680539932508,0.4496062992125985,2022-06-07,0.3937007874015748,50.0,155.20833333333334
2022-06-07,155.20833333333334,50,0.3937007874015748,0.4330708661417323,0.25984251968503935,0.6299212598425197,0.6377952755905512,0.4409448818897639,0.4825646794150731,0.4401574803149606,2022-06-08,0.5748031496062992,73.0,210.95833333333331
2022-06-08,210.95833333333331,73,0.5748031496062992,0.3937007874015748,0.4330708661417323,0.25984251968503935,0.5196850393700787,0.362204724409449,0.4476940382452193,0.4351706036745407,2022-06-09,0.2992125984251969,38.0,123.625
2022-06-09,123.625,38,0.2992125984251969,0.5748031496062992,0.3937007874015748,0.4330708661417323,0.2677165354330709,0.4671916010498689,0.4555680539932508,0.44566929133858263,2022-06-10,0.1889763779527559,24.0,88.125
2022-06-10,88.125,24,0.1889763779527559,0.2992125984251969,0.5748031496062992,0.3937007874015748,0.6299212598425197,0.4225721784776904,0.4600674915635545,0.4412073490813649,2022-06-11,0.6062992125984252,77.0,222.45833333333331
2022-06-11,222.45833333333331,77,0.6062992125984252,0.1889763779527559,0.2992125984251969,0.5748031496062992,0.6299212598425197,0.3543307086614174,0.39707536557930256,0.44146981627296594,2022-06-12,0.3858267716535433,49.0,150.58333333333334
2022-06-12,150.58333333333334,49,0.3858267716535433,0.6062992125984252,0.1889763779527559,0.2992125984251969,0.25984251968503935,0.3648293963254594,0.3937007874015747,0.4406824146981627,2022-06-13,0.6220472440944882,79.0,228.25
2022-06-13,228.25,79,0.6220472440944882,0.3858267716535433,0.6062992125984252,0.1889763779527559,0.4330708661417323,0.39370078740157494,0.4116985376827897,0.4309711286089239,2022-06-14,0.3779527559055118,48.0,149.91666666666666
2022-06-14,149.91666666666666,48,0.3779527559055118,0.6220472440944882,0.3858267716535433,0.6062992125984252,0.3937007874015748,0.5380577427821523,0.43869516310461193,0.4330708661417323,2022-06-15,0.2992125984251969,38.0,122.54166666666669
2022-06-15,122.54166666666669,38,0.2992125984251969,0.3779527559055118,0.6220472440944882,0.3858267716535433,0.5748031496062992,0.4619422572178478,0.43644544431946003,0.4364829396325459,2022-06-16,0.3228346456692913,41.0,130.41666666666666
2022-06-16,130.41666666666666,41,0.3228346456692913,0.2992125984251969,0.3779527559055118,0.6220472440944882,0.2992125984251969,0.4330708661417324,0.39707536557930256,0.43412073490813646,2022-06-17,0.4094488188976378,52.0,158.45833333333334
2022-06-17,158.45833333333334,52,0.4094488188976378,0.3228346456692913,0.2992125984251969,0.3779527559055118,0.1889763779527559,0.3333333333333335,0.4004499437570304,0.426509186351706,2022-06-18,0.4881889763779528,62.0,184.79166666666663
2022-06-18,184.79166666666663,62,0.4881889763779528,0.4094488188976378,0.3228346456692913,0.2992125984251969,0.6062992125984252,0.3438320209973755,0.43194600674915634,0.42020997375328084,2022-06-19,0.5826771653543307,74.0,213.33333333333331
2022-06-19,213.33333333333331,74,0.5826771653543307,0.4881889763779528,0.4094488188976378,0.3228346456692913,0.3858267716535433,0.4068241469816274,0.4150731158605175,0.42047244094488184,2022-06-20,0.4566929133858268,58.0,175.0
2022-06-20,175.0,58,0.4566929133858268,0.5826771653543307,0.4881889763779528,0.4094488188976378,0.6220472440944882,0.4934383202099739,0.4431946006749156,0.4251968503937008,2022-06-21,0.41732283464566927,53.0,162.79166666666666
2022-06-21,162.79166666666666,53,0.41732283464566927,0.4566929133858268,0.5826771653543307,0.4881889763779528,0.3779527559055118,0.5091863517060369,0.41957255343082117,0.43280839895013123,2022-06-22,0.5196850393700787,66.0,193.29166666666663
2022-06-22,193.29166666666663,66,0.5196850393700787,0.41732283464566927,0.4566929133858268,0.5826771653543307,0.2992125984251969,0.48556430446194243,0.4251968503937008,0.43412073490813646,2022-06-23,0.4015748031496063,51.0,156.54166666666666
2022-06-23,156.54166666666666,51,0.4015748031496063,0.5196850393700787,0.41732283464566927,0.4566929133858268,0.3228346456692913,0.46456692913385833,0.4566929133858268,0.4401574803149606,2022-06-24,0.5039370078740157,64.0,190.25
2022-06-24,190.25,64,0.5039370078740157,0.4015748031496063,0.5196850393700787,0.41732283464566927,0.4094488188976378,0.44619422572178485,0.4679415073115861,0.4359580052493438,2022-06-25,0.5826771653543307,74.0,214.79166666666663
2022-06-25,214.79166666666663,74,0.5826771653543307,0.5039370078740157,0.4015748031496063,0.5196850393700787,0.4881889763779528,0.4750656167979004,0.48143982002249724,0.4443569553805774,2022-06-26,0.6299212598425197,80.0,230.33333333333331
2022-06-26,230.33333333333331,80,0.6299212598425197,0.5826771653543307,0.5039370078740157,0.4015748031496063,0.5826771653543307,0.4960629921259844,0.4949381327334083,0.44566929133858274,2022-06-27,0.33858267716535434,43.0,136.25
2022-06-27,136.25,43,0.33858267716535434,0.6299212598425197,0.5826771653543307,0.5039370078740157,0.4566929133858268,0.5721784776902888,0.5016872890888638,0.45170603674540677,2022-06-28,0.41732283464566927,53.0,161.91666666666666
2022-06-28,161.91666666666666,53,0.41732283464566927,0.33858267716535434,0.6299212598425197,0.5826771653543307,0.41732283464566927,0.5170603674540684,0.484814398200225,0.45013123359580054,2022-06-29,0.5984251968503937,76.0,218.33333333333331
2022-06-29,218.33333333333331,76,0.5984251968503937,0.41732283464566927,0.33858267716535434,0.6299212598425197,0.5196850393700787,0.46194225721784793,0.4848143982002249,0.4480314960629921,2022-06-30,0.4645669291338583,59.0,176.91666666666666
2022-06-30,176.91666666666666,59,0.4645669291338583,0.5984251968503937,0.41732283464566927,0.33858267716535434,0.4015748031496063,0.45144356955380593,0.49606299212598426,0.45984251968503936,2022-07-01,0.5590551181102362,71.0,206.25
2022-07-01,206.25,71,0.5590551181102362,0.4645669291338583,0.5984251968503937,0.41732283464566927,0.5039370078740157,0.4934383202099739,0.5050618672665916,0.4540682414698162,2022-07-02,0.33070866141732286,42.0,134.16666666666666
2022-07-02,134.16666666666666,42,0.33070866141732286,0.5590551181102362,0.4645669291338583,0.5984251968503937,0.5826771653543307,0.5406824146981629,0.5129358830146231,0.45538057742782156,2022-07-03,0.4409448818897638,56.0,168.125
2022-07-03,168.125,56,0.4409448818897638,0.33070866141732286,0.5590551181102362,0.4645669291338583,0.6299212598425197,0.45144356955380593,0.47694038245219345,0.45748031496062996,2022-07-04,0.6141732283464567,78.0,224.5
2022-07-04,224.5,78,0.6141732283464567,0.4409448818897638,0.33070866141732286,0.5590551181102362,0.33858267716535434,0.4435695538057744,0.4499437570303712,0.45118110236220477,2022-07-05,0.47244094488188976,60.0,178.375
2022-07-05,178.375,60,0.47244094488188976,0.6141732283464567,0.4409448818897638,0.33070866141732286,0.41732283464566927,0.46194225721784793,0.4893138357705287,0.4506561679790026,2022-07-06,0.5984251968503937,76.0,218.625
2022-07-06,218.625,76,0.5984251968503937,0.47244094488188976,0.6141732283464567,0.4409448818897638,0.5984251968503937,0.5091863517060369,0.4971878515185602,0.45774278215223096,2022-07-07,0.5748031496062992,73.0,212.08333333333331
2022-07-07,212.08333333333331,73,0.5748031496062992,0.5984251968503937,0.47244094488188976,0.6141732283464567,0.4645669291338583,0.5616797900262469,0.4971878515185602,0.46325459317585305,2022-07-08,0.4881889763779528,62.0,184.5
2022-07-08,184.5,62,0.4881889763779528,0.5748031496062992,0.5984251968503937,0.47244094488188976,0.5590551181102362,0.5485564304461944,0.5129358830146231,0.4692913385826772,2022-07-09,0.47244094488188976,60.0,178.25
2022-07-09,178.25,60,0.47244094488188976,0.4881889763779528,0.5748031496062992,0.5984251968503937,0.33070866141732286,0.5538057742782154,0.5028121484814398,0.4664041994750656,2022-07-10,0.4566929133858268,58.0,175.125
2022-07-10,175.125,58,0.4566929133858268,0.47244094488188976,0.4881889763779528,0.5748031496062992,0.4409448818897638,0.5118110236220473,0.5230596175478065,0.4721784776902887,2022-07-11,0.48031496062992124,61.0,180.45833333333331
2022-07-11,180.45833333333331,61,0.48031496062992124,0.4566929133858268,0.47244094488188976,0.4881889763779528,0.6141732283464567,0.47244094488189,0.5253093363329584,0.4811023622047244,2022-07-12,0.5118110236220472,65.0,190.91666666666663
2022-07-12,190.91666666666663,65,0.5118110236220472,0.48031496062992124,0.4566929133858268,0.47244094488188976,0.47244094488188976,0.4698162729658794,0.5061867266591676,0.47690288713910767,2022-07-13,0.6535433070866141,83.0,236.0
2022-07-13,236.0,83,0.6535433070866141,0.5118110236220472,0.48031496062992124,0.4566929133858268,0.5984251968503937,0.48293963254593186,0.5118110236220473,0.4811023622047244,2022-07-14,0.6535433070866141,83.0,238.20833333333331
2022-07-14,238.20833333333331,83,0.6535433070866141,0.6535433070866141,0.5118110236220472,0.48031496062992124,0.5748031496062992,0.5485564304461943,0.5196850393700787,0.48215223097112864,2022-07-15,0.5196850393700787,66.0,195.54166666666663
2022-07-15,195.54166666666663,66,0.5196850393700787,0.6535433070866141,0.6535433070866141,0.5118110236220472,0.4881889763779528,0.6062992125984253,0.530933633295838,0.4913385826771653,2022-07-16,0.6692913385826772,85.0,241.20833333333331
2022-07-16,241.20833333333331,85,0.6692913385826772,0.5196850393700787,0.6535433070866141,0.6535433070866141,0.47244094488188976,0.6089238845144358,0.5354330708661418,0.49868766404199477,2022-07-17,0.6535433070866141,83.0,237.54166666666663
2022-07-17,237.54166666666663,83,0.6535433070866141,0.6692913385826772,0.5196850393700787,0.6535433070866141,0.4566929133858268,0.6141732283464568,0.5635545556805399,0.510236220472441,2022-07-18,0.31496062992125984,40.0,129.41666666666666
2022-07-18,129.41666666666666,40,0.31496062992125984,0.6535433070866141,0.6692913385826772,0.5196850393700787,0.48031496062992124,0.6141732283464568,0.591676040494938,0.5183727034120734,2022-07-19,0.6141732283464567,78.0,224.45833333333331
2022-07-19,224.45833333333331,78,0.6141732283464567,0.31496062992125984,0.6535433070866141,0.6692913385826772,0.5118110236220472,0.5459317585301838,0.5680539932508436,0.5125984251968504,2022-07-20,0.5984251968503937,76.0,218.66666666666663
2022-07-20,218.66666666666663,76,0.5984251968503937,0.6141732283464567,0.31496062992125984,0.6535433070866141,0.6535433070866141,0.5275590551181103,0.5826771653543307,0.5136482939632546,2022-07-21,0.3937007874015748,50.0,154.41666666666666
2022-07-21,154.41666666666666,50,0.3937007874015748,0.5984251968503937,0.6141732283464567,0.31496062992125984,0.6535433070866141,0.5091863517060369,0.5748031496062992,0.5183727034120735,2022-07-22,0.5433070866141733,69.0,202.375
2022-07-22,202.375,69,0.5433070866141733,0.3937007874015748,0.5984251968503937,0.6141732283464567,0.5196850393700787,0.5354330708661419,0.5376827896512936,0.5175853018372704,2022-07-23,0.4094488188976378,52.0,159.875
2022-07-23,159.875,52,0.4094488188976378,0.5433070866141733,0.3937007874015748,0.5984251968503937,0.6692913385826772,0.5118110236220473,0.5410573678290215,0.5183727034120735,2022-07-24,0.5196850393700787,66.0,194.79166666666663
2022-07-24,194.79166666666663,66,0.5196850393700787,0.4094488188976378,0.5433070866141733,0.3937007874015748,0.6535433070866141,0.4488188976377954,0.5039370078740157,0.5186351706036745,2022-07-25,0.3937007874015748,50.0,153.58333333333334
2022-07-25,153.58333333333334,50,0.3937007874015748,0.5196850393700787,0.4094488188976378,0.5433070866141733,0.31496062992125984,0.4908136482939634,0.484814398200225,0.5191601049868767,2022-07-26,0.2677165354330709,34.0,114.5
2022-07-26,114.5,34,0.2677165354330709,0.3937007874015748,0.5196850393700787,0.4094488188976378,0.6141732283464567,0.4409448818897639,0.49606299212598426,0.5128608923884515,2022-07-27,0.4330708661417323,55.0,167.29166666666666
2022-07-27,167.29166666666666,55,0.4330708661417323,0.2677165354330709,0.3937007874015748,0.5196850393700787,0.5984251968503937,0.393700787401575,0.44656917885264347,0.5007874015748032,2022-07-28,0.5984251968503937,76.0,219.91666666666663
2022-07-28,219.91666666666663,76,0.5984251968503937,0.4330708661417323,0.2677165354330709,0.3937007874015748,0.3937007874015748,0.36482939632545947,0.42294713160854897,0.5039370078740157,2022-07-29,0.3700787401574803,47.0,146.79166666666666
2022-07-29,146.79166666666666,47,0.3700787401574803,0.5984251968503937,0.4330708661417323,0.2677165354330709,0.5433070866141733,0.43307086614173246,0.4521934758155231,0.5099737532808398,2022-07-30,0.6141732283464567,78.0,224.125
2022-07-30,224.125,78,0.6141732283464567,0.3700787401574803,0.5984251968503937,0.4330708661417323,0.4094488188976378,0.4671916010498689,0.42744656917885265,0.5023622047244094,2022-07-31,0.6692913385826772,85.0,243.0
2022-07-31,243.0,85,0.6692913385826772,0.6141732283464567,0.3700787401574803,0.5984251968503937,0.5196850393700787,0.5275590551181104,0.4566929133858268,0.5073490813648294,2022-08-01,0.5590551181102362,71.0,206.54166666666663
2022-08-01,206.54166666666663,71,0.5590551181102362,0.6692913385826772,0.6141732283464567,0.3700787401574803,0.3937007874015748,0.551181102362205,0.47806524184476945,0.511023622047244,2022-08-02,0.6692913385826772,85.0,242.25
2022-08-02,242.25,85,0.6692913385826772,0.5590551181102362,0.6692913385826772,0.6141732283464567,0.2677165354330709,0.6141732283464568,0.5016872890888638,0.5186351706036746,2022-08-03,0.5354330708661418,68.0,198.41666666666663
2022-08-03,198.41666666666663,68,0.5354330708661418,0.6692913385826772,0.5590551181102362,0.6692913385826772,0.4330708661417323,0.6325459317585304,0.5590551181102362,0.5262467191601049,2022-08-04,0.4566929133858268,58.0,174.20833333333334
2022-08-04,174.20833333333334,58,0.4566929133858268,0.5354330708661418,0.6692913385826772,0.5590551181102362,0.5984251968503937,0.5879265091863518,0.5736782902137233,0.5236220472440946,2022-08-05,0.7007874015748031,89.0,252.45833333333331
2022-08-05,252.45833333333331,89,0.7007874015748031,0.4566929133858268,0.5354330708661418,0.6692913385826772,0.3700787401574803,0.5538057742782154,0.5534308211473566,0.5230971128608923,2022-08-06,0.5669291338582677,72.0,209.58333333333331
2022-08-06,209.58333333333331,72,0.5669291338582677,0.7007874015748031,0.4566929133858268,0.5354330708661418,0.6141732283464567,0.5643044619422574,0.6006749156355455,0.5265091863517061,2022-08-07,0.7165354330708661,91.0,257.2083333333333
2022-08-07,257.2083333333333,91,0.7165354330708661,0.5669291338582677,0.7007874015748031,0.4566929133858268,0.6692913385826772,0.5748031496062994,0.59392575928009,0.526246719160105,2022-08-08,0.7007874015748031,89.0,251.54166666666663
2022-08-08,251.54166666666663,89,0.7007874015748031,0.7165354330708661,0.5669291338582677,0.7007874015748031,0.5590551181102362,0.6614173228346458,0.6006749156355455,0.5338582677165354,2022-08-09,0.7165354330708661,91.0,257.4583333333333
2022-08-09,257.4583333333333,91,0.7165354330708661,0.7007874015748031,0.7165354330708661,0.5669291338582677,0.6692913385826772,0.6614173228346457,0.6209223847019123,0.541469816272966,2022-08-10,0.5433070866141733,69.0,202.70833333333331
2022-08-10,202.70833333333331,69,0.5433070866141733,0.7165354330708661,0.7007874015748031,0.7165354330708661,0.5354330708661418,0.7112860892388452,0.6276715410573678,0.5501312335958005,2022-08-11,0.7480314960629921,95.0,267.75
2022-08-11,267.75,95,0.7480314960629921,0.5433070866141733,0.7165354330708661,0.7007874015748031,0.4566929133858268,0.6535433070866142,0.6287964004499438,0.5522309711286089,2022-08-12,0.6850393700787402,87.0,248.16666666666663
2022-08-12,248.16666666666663,87,0.6850393700787402,0.7480314960629921,0.5433070866141733,0.7165354330708661,0.7007874015748031,0.6692913385826773,0.6704161979752531,0.5601049868766403,2022-08-13,0.3700787401574803,47.0,146.08333333333334
2022-08-13,146.08333333333334,47,0.3700787401574803,0.6850393700787402,0.7480314960629921,0.5433070866141733,0.5669291338582677,0.6587926509186354,0.6681664791901013,0.5611548556430447,2022-08-14,0.2204724409448819,28.0,98.20833333333331
2022-08-14,98.20833333333331,28,0.2204724409448819,0.3700787401574803,0.6850393700787402,0.7480314960629921,0.7165354330708661,0.6010498687664043,0.6400449943757031,0.5517060367454069,2022-08-15,0.47244094488188976,60.0,179.16666666666666
2022-08-15,179.16666666666666,60,0.47244094488188976,0.2204724409448819,0.3700787401574803,0.6850393700787402,0.7007874015748031,0.4251968503937009,0.5691788526434195,0.5417322834645669,2022-08-16,0.4330708661417323,55.0,166.04166666666666
2022-08-16,166.04166666666666,55,0.4330708661417323,0.47244094488188976,0.2204724409448819,0.3700787401574803,0.7165354330708661,0.3543307086614174,0.5365579302587177,0.5351706036745406,2022-08-17,0.7401574803149606,94.0,264.7916666666667
2022-08-17,264.7916666666667,94,0.7401574803149606,0.4330708661417323,0.47244094488188976,0.2204724409448819,0.5433070866141733,0.3753280839895014,0.49606299212598426,0.5278215223097112,2022-08-18,0.5511811023622047,70.0,203.83333333333331
2022-08-18,203.83333333333331,70,0.5511811023622047,0.7401574803149606,0.4330708661417323,0.47244094488188976,0.7480314960629921,0.5485564304461943,0.5241844769403825,0.5419947506561679,2022-08-19,0.6614173228346457,84.0,240.33333333333331
2022-08-19,240.33333333333331,84,0.6614173228346457,0.5511811023622047,0.7401574803149606,0.4330708661417323,0.6850393700787402,0.5748031496062993,0.49606299212598426,0.5398950131233596,2022-08-20,0.3937007874015748,50.0,154.83333333333334
2022-08-20,154.83333333333334,50,0.3937007874015748,0.6614173228346457,0.5511811023622047,0.7401574803149606,0.3700787401574803,0.6509186351706039,0.49268841394825647,0.541994750656168,2022-08-21,0.3779527559055118,48.0,148.08333333333334
2022-08-21,148.08333333333334,48,0.3779527559055118,0.3937007874015748,0.6614173228346457,0.5511811023622047,0.2204724409448819,0.5354330708661419,0.49606299212598426,0.541994750656168,2022-08-22,0.4094488188976378,52.0,159.08333333333334
2022-08-22,159.08333333333334,52,0.4094488188976378,0.3779527559055118,0.3937007874015748,0.6614173228346457,0.47244094488188976,0.4776902887139109,0.5185601799775028,0.5364829396325459,2022-08-23,0.6692913385826772,85.0,241.95833333333331
2022-08-23,241.95833333333331,85,0.6692913385826772,0.4094488188976378,0.3779527559055118,0.3937007874015748,0.4330708661417323,0.39370078740157494,0.5095613048368954,0.5364829396325459,2022-08-24,0.5905511811023622,75.0,216.70833333333331
2022-08-24,216.70833333333331,75,0.5905511811023622,0.6692913385826772,0.4094488188976378,0.3779527559055118,0.7401574803149606,0.48556430446194243,0.5433070866141733,0.541469816272966,2022-08-25,0.6062992125984252,77.0,221.875
2022-08-25,221.875,77,0.6062992125984252,0.5905511811023622,0.6692913385826772,0.4094488188976378,0.5511811023622047,0.5564304461942259,0.5219347581552306,0.5480314960629921,2022-08-26,0.6692913385826772,85.0,241.70833333333331
2022-08-26,241.70833333333331,85,0.6692913385826772,0.6062992125984252,0.5905511811023622,0.6692913385826772,0.6614173228346457,0.6220472440944883,0.5298087739032621,0.5593175853018373,2022-08-27,0.7716535433070866,98.0,274.8333333333333
2022-08-27,274.8333333333333,98,0.7716535433070866,0.6692913385826772,0.6062992125984252,0.5905511811023622,0.3937007874015748,0.6220472440944883,0.530933633295838,0.5671916010498688,2022-08-28,0.4251968503937008,54.0,163.95833333333334
2022-08-28,163.95833333333334,54,0.4251968503937008,0.7716535433070866,0.6692913385826772,0.6062992125984252,0.3779527559055118,0.6824146981627298,0.5849268841394826,0.5729658792650919,2022-08-29,0.7952755905511811,101.0,283.75
2022-08-29,283.75,101,0.7952755905511811,0.4251968503937008,0.7716535433070866,0.6692913385826772,0.4094488188976378,0.6220472440944883,0.591676040494938,0.5748031496062993,2022-08-30,0.3464566929133858,44.0,139.70833333333334
2022-08-30,139.70833333333334,44,0.3464566929133858,0.7952755905511811,0.4251968503937008,0.7716535433070866,0.6692913385826772,0.6640419947506563,0.6467941507311586,0.5808398950131235,2022-08-31,0.44881889763779526,57.0,172.5
2022-08-31,172.5,57,0.44881889763779526,0.3464566929133858,0.7952755905511811,0.4251968503937008,0.5905511811023622,0.5223097112860894,0.6006749156355456,0.5700787401574804,2022-09-01,0.2047244094488189,26.0,94.0
2022-09-01,94.0,26,0.2047244094488189,0.44881889763779526,0.3464566929133858,0.7952755905511811,0.6062992125984252,0.5301837270341209,0.5804274465691789,0.5664041994750656,2022-09-02,0.36220472440944884,46.0,143.95833333333334
2022-09-02,143.95833333333334,46,0.36220472440944884,0.2047244094488189,0.44881889763779526,0.3464566929133858,0.6692913385826772,0.3333333333333334,0.5230596175478065,0.5509186351706036,2022-09-03,0.4330708661417323,55.0,167.58333333333334
2022-09-03,167.58333333333334,55,0.4330708661417323,0.36220472440944884,0.2047244094488189,0.44881889763779526,0.7716535433070866,0.33858267716535445,0.47919010123734535,0.5451443569553807,2022-09-04,0.7795275590551181,99.0,276.625
2022-09-04,276.625,99,0.7795275590551181,0.4330708661417323,0.36220472440944884,0.2047244094488189,0.4251968503937008,0.3333333333333335,0.43082114735658045,0.5443569553805774,2022-09-05,0.7244094488188977,92.0,260.9166666666667
2022-09-05,260.9166666666667,92,0.7244094488188977,0.7795275590551181,0.4330708661417323,0.36220472440944884,0.7952755905511811,0.5249343832020998,0.48143982002249713,0.546981627296588,2022-09-06,0.6299212598425197,80.0,229.04166666666663
2022-09-06,229.04166666666663,80,0.6299212598425197,0.7244094488188977,0.7795275590551181,0.4330708661417323,0.3464566929133858,0.6456692913385828,0.4713160854893138,0.5522309711286089,2022-09-07,0.5433070866141733,69.0,202.875
2022-09-07,202.875,69,0.5433070866141733,0.6299212598425197,0.7244094488188977,0.7795275590551181,0.44881889763779526,0.7112860892388454,0.5118110236220473,0.5493438320209975,2022-09-08,0.36220472440944884,46.0,144.83333333333334
2022-09-08,144.83333333333334,46,0.36220472440944884,0.5433070866141733,0.6299212598425197,0.7244094488188977,0.2047244094488189,0.6325459317585304,0.5253093363329584,0.5440944881889764,2022-09-09,0.5433070866141733,69.0,201.91666666666663
2022-09-09,201.91666666666663,69,0.5433070866141733,0.36220472440944884,0.5433070866141733,0.6299212598425197,0.36220472440944884,0.5118110236220473,0.547806524184477,0.5322834645669291,2022-09-10,0.49606299212598426,63.0,185.66666666666663
2022-09-10,185.66666666666663,63,0.49606299212598426,0.5433070866141733,0.36220472440944884,0.5433070866141733,0.4330708661417323,0.4829396325459319,0.5736782902137233,0.5322834645669291,2022-09-11,0.8188976377952756,104.0,289.5
2022-09-11,289.5,104,0.8188976377952756,0.49606299212598426,0.5433070866141733,0.36220472440944884,0.7795275590551181,0.4671916010498689,0.5826771653543307,0.5238845144356955,2022-09-12,0.5748031496062992,73.0,211.08333333333331
2022-09-12,211.08333333333331,73,0.5748031496062992,0.8188976377952756,0.49606299212598426,0.5433070866141733,0.7244094488188977,0.6194225721784777,0.5883014623172104,0.5283464566929134,2022-09-13,0.5039370078740157,64.0,188.66666666666663
2022-09-13,188.66666666666663,64,0.5039370078740157,0.5748031496062992,0.8188976377952756,0.49606299212598426,0.6299212598425197,0.6299212598425198,0.5669291338582677,0.5351706036745407,2022-09-14,0.7165354330708661,91.0,258.2916666666667
2022-09-14,258.2916666666667,91,0.7165354330708661,0.5039370078740157,0.5748031496062992,0.8188976377952756,0.5433070866141733,0.6325459317585302,0.5489313835770528,0.5446194225721785,2022-09-15,0.7559055118110236,96.0,268.7916666666667
2022-09-15,268.7916666666667,96,0.7559055118110236,0.7165354330708661,0.5039370078740157,0.5748031496062992,0.36220472440944884,0.5984251968503939,0.5736782902137233,0.552755905511811,2022-09-16,0.7637795275590551,97.0,273.2916666666667
2022-09-16,273.2916666666667,97,0.7637795275590551,0.7559055118110236,0.7165354330708661,0.5039370078740157,0.5433070866141733,0.6587926509186354,0.6299212598425196,0.5635170603674541,2022-09-17,0.5511811023622047,70.0,204.29166666666663
2022-09-17,204.29166666666663,70,0.5511811023622047,0.7637795275590551,0.7559055118110236,0.7165354330708661,0.49606299212598426,0.7454068241469818,0.6614173228346456,0.5643044619422573,2022-09-18,0.33070866141732286,42.0,133.54166666666666
2022-09-18,133.54166666666666,42,0.33070866141732286,0.5511811023622047,0.7637795275590551,0.7559055118110236,0.8188976377952756,0.6902887139107613,0.6692913385826771,0.5643044619422573,2022-09-19,0.4645669291338583,59.0,177.70833333333334
2022-09-19,177.70833333333334,59,0.4645669291338583,0.33070866141732286,0.5511811023622047,0.7637795275590551,0.5748031496062992,0.5485564304461944,0.5995500562429695,0.5532808398950131,2022-09-20,0.7559055118110236,96.0,269.5416666666667
2022-09-20,269.5416666666667,96,0.7559055118110236,0.4645669291338583,0.33070866141732286,0.5511811023622047,0.5039370078740157,0.44881889763779537,0.5838020247469066,0.5556430446194226,2022-09-21,0.7952755905511811,101.0,281.875
2022-09-21,281.875,101,0.7952755905511811,0.7559055118110236,0.4645669291338583,0.33070866141732286,0.7165354330708661,0.5170603674540684,0.6197975253093364,0.568241469816273,2022-09-22,0.6692913385826772,85.0,241.33333333333331
2022-09-22,241.33333333333331,85,0.6692913385826772,0.7952755905511811,0.7559055118110236,0.4645669291338583,0.7559055118110236,0.6719160104986878,0.6310461192350957,0.5811023622047244,2022-09-23,0.8031496062992126,102.0,284.5416666666667
2022-09-23,284.5416666666667,102,0.8031496062992126,0.6692913385826772,0.7952755905511811,0.7559055118110236,0.7637795275590551,0.7401574803149608,0.6186726659167604,0.5811023622047244,2022-09-24,0.6614173228346457,84.0,238.91666666666663
2022-09-24,238.91666666666663,84,0.6614173228346457,0.8031496062992126,0.6692913385826772,0.7952755905511811,0.5511811023622047,0.7559055118110237,0.6242969628796401,0.5881889763779528,2022-09-25,0.8582677165354331,109.0,301.625
2022-09-25,301.625,109,0.8582677165354331,0.6614173228346457,0.8031496062992126,0.6692913385826772,0.33070866141732286,0.7112860892388454,0.6400449943757031,0.5900262467191602,2022-09-26,0.8267716535433071,105.0,293.7916666666667
2022-09-26,293.7916666666667,105,0.8267716535433071,0.8582677165354331,0.6614173228346457,0.8031496062992126,0.4645669291338583,0.7742782152230973,0.7154105736782902,0.5963254593175852,2022-09-27,0.7244094488188977,92.0,260.2083333333333
2022-09-27,260.2083333333333,92,0.7244094488188977,0.8267716535433071,0.8582677165354331,0.6614173228346457,0.7559055118110236,0.7821522309711287,0.7671541057367829,0.5981627296587926,2022-09-28,0.8503937007874016,108.0,300.7083333333333
2022-09-28,300.7083333333333,108,0.8503937007874016,0.7244094488188977,0.8267716535433071,0.8582677165354331,0.7952755905511811,0.8031496062992126,0.7626546681664792,0.6081364829396326,2022-09-29,0.8503937007874016,108.0,299.7083333333333
2022-09-29,299.7083333333333,108,0.8503937007874016,0.8503937007874016,0.7244094488188977,0.8267716535433071,0.6692913385826772,0.8005249343832023,0.7705286839145107,0.6099737532808399,2022-09-30,0.8976377952755905,114.0,315.5
2022-09-30,315.5,114,0.8976377952755905,0.8503937007874016,0.8503937007874016,0.7244094488188977,0.8031496062992126,0.8083989501312338,0.7964004499437571,0.6267716535433071,2022-10-01,0.7007874015748031,89.0,252.95833333333331
2022-10-01,252.95833333333331,89,0.7007874015748031,0.8976377952755905,0.8503937007874016,0.8503937007874016,0.6614173228346457,0.8661417322834647,0.8098987626546681,0.6417322834645669,2022-10-02,0.7244094488188977,92.0,260.625
2022-10-02,260.625,92,0.7244094488188977,0.7007874015748031,0.8976377952755905,0.8503937007874016,0.8582677165354331,0.8162729658792651,0.8155230596175479,0.658267716535433,2022-10-03,0.7952755905511811,101.0,282.0833333333333
2022-10-03,282.0833333333333,101,0.7952755905511811,0.7244094488188977,0.7007874015748031,0.8976377952755905,0.8267716535433071,0.7742782152230973,0.796400449943757,0.6703412073490813,2022-10-04,0.9291338582677166,118.0,325.2916666666667
2022-10-04,325.2916666666667,118,0.9291338582677166,0.7952755905511811,0.7244094488188977,0.7007874015748031,0.7244094488188977,0.7401574803149608,0.7919010123734533,0.6824146981627296,2022-10-05,0.8503937007874016,108.0,300.2083333333333
2022-10-05,300.2083333333333,108,0.8503937007874016,0.9291338582677166,0.7952755905511811,0.7244094488188977,0.8503937007874016,0.8162729658792651,0.8211473565804275,0.6874015748031497,2022-10-06,0.7952755905511811,101.0,283.7083333333333
2022-10-06,283.7083333333333,101,0.7952755905511811,0.8503937007874016,0.9291338582677166,0.7952755905511811,0.8503937007874016,0.8582677165354332,0.8211473565804275,0.6916010498687665,2022-10-07,0.7401574803149606,94.0,264.2916666666667
2022-10-07,264.2916666666667,94,0.7401574803149606,0.7952755905511811,0.8503937007874016,0.9291338582677166,0.8976377952755905,0.8582677165354332,0.8132733408323959,0.6971128608923886,2022-10-08,0.8188976377952756,104.0,288.875
2022-10-08,288.875,104,0.8188976377952756,0.7401574803149606,0.7952755905511811,0.8503937007874016,0.7007874015748031,0.7952755905511811,0.7907761529808776,0.7036745406824146,2022-10-09,0.7244094488188977,92.0,260.625
2022-10-09,260.625,92,0.7244094488188977,0.8188976377952756,0.7401574803149606,0.7952755905511811,0.7244094488188977,0.7847769028871392,0.8076490438695163,0.7188976377952757,2022-10-10,0.8110236220472441,103.0,287.9166666666667
2022-10-10,287.9166666666667,103,0.8110236220472441,0.7244094488188977,0.8188976377952756,0.7401574803149606,0.7952755905511811,0.7611548556430447,0.8076490438695164,0.7249343832020998,2022-10-11,0.6535433070866141,83.0,238.25
2022-10-11,238.25,83,0.6535433070866141,0.8110236220472441,0.7244094488188977,0.8188976377952756,0.9291338582677166,0.7847769028871392,0.8098987626546681,0.7354330708661417,2022-10-12,0.7244094488188977,92.0,260.5833333333333
2022-10-12,260.5833333333333,92,0.7244094488188977,0.6535433070866141,0.8110236220472441,0.7244094488188977,0.8503937007874016,0.7296587926509188,0.7705286839145107,0.7299212598425198,2022-10-13,0.6535433070866141,83.0,237.04166666666663
2022-10-13,237.04166666666663,83,0.6535433070866141,0.7244094488188977,0.6535433070866141,0.8110236220472441,0.7952755905511811,0.7296587926509188,0.7525309336332959,0.7349081364829396,2022-10-14,0.9133858267716536,116.0,321.0833333333333
2022-10-14,321.0833333333333,116,0.9133858267716536,0.6535433070866141,0.7244094488188977,0.6535433070866141,0.7401574803149606,0.6771653543307088,0.732283464566929,0.7398950131233596,2022-10-15,0.905511811023622,115.0,317.5416666666667
2022-10-15,317.5416666666667,115,0.905511811023622,0.9133858267716536,0.6535433070866141,0.7244094488188977,0.8188976377952756,0.7637795275590552,0.7570303712035995,0.7464566929133859,2022-10-16,0.7007874015748031,89.0,252.625
2022-10-16,252.625,89,0.7007874015748031,0.905511811023622,0.9133858267716536,0.6535433070866141,0.7244094488188977,0.8241469816272966,0.7694038245219348,0.7514435695538056,2022-10-17,0.8976377952755905,114.0,315.1666666666667
2022-10-17,315.1666666666667,114,0.8976377952755905,0.7007874015748031,0.905511811023622,0.9133858267716536,0.8110236220472441,0.8398950131233597,0.7660292463442069,0.7493438320209974,2022-10-18,0.905511811023622,115.0,318.375
2022-10-18,318.375,115,0.905511811023622,0.8976377952755905,0.7007874015748031,0.905511811023622,0.6535433070866141,0.8346456692913385,0.7784026996625422,0.7608923884514436,2022-10-19,0.8740157480314961,111.0,308.4583333333333
2022-10-19,308.4583333333333,111,0.8740157480314961,0.905511811023622,0.8976377952755905,0.7007874015748031,0.7244094488188977,0.8346456692913388,0.8143982002249718,0.7800524934383203,2022-10-20,0.889763779527559,113.0,313.75
2022-10-20,313.75,113,0.889763779527559,0.8740157480314961,0.905511811023622,0.8976377952755905,0.6535433070866141,0.8923884514435696,0.8357705286839145,0.7937007874015748,2022-10-21,0.8976377952755905,114.0,314.125
2022-10-21,314.125,114,0.8976377952755905,0.889763779527559,0.8740157480314961,0.905511811023622,0.9133858267716536,0.8897637795275591,0.8695163104611924,0.7981627296587928,2022-10-22,0.8818897637795275,112.0,310.75
2022-10-22,310.75,112,0.8818897637795275,0.8976377952755905,0.889763779527559,0.8740157480314961,0.905511811023622,0.8871391076115486,0.8672665916760405,0.8015748031496063,2022-10-23,0.6850393700787402,87.0,247.04166666666663
2022-10-23,247.04166666666663,87,0.6850393700787402,0.8818897637795275,0.8976377952755905,0.889763779527559,0.7007874015748031,0.8897637795275591,0.8638920134983127,0.8086614173228346,2022-10-24,0.7244094488188977,92.0,260.75
2022-10-24,260.75,92,0.7244094488188977,0.6850393700787402,0.8818897637795275,0.8976377952755905,0.8976377952755905,0.8215223097112861,0.8616422947131609,0.8047244094488188,2022-10-25,0.25196850393700787,32.0,108.25
2022-10-25,108.25,32,0.25196850393700787,0.7244094488188977,0.6850393700787402,0.8818897637795275,0.905511811023622,0.7637795275590552,0.8368953880764904,0.8068241469816273,2022-10-26,0.1968503937007874,25.0,91.54166666666669
2022-10-26,91.54166666666669,25,0.1968503937007874,0.25196850393700787,0.7244094488188977,0.6850393700787402,0.8740157480314961,0.5538057742782153,0.7435320584926883,0.7866141732283464,2022-10-27,0.6220472440944882,79.0,227.58333333333331
2022-10-27,227.58333333333331,79,0.6220472440944882,0.1968503937007874,0.25196850393700787,0.7244094488188977,0.889763779527559,0.3910761154855644,0.6467941507311586,0.7656167979002625,2022-10-28,0.3858267716535433,49.0,151.54166666666666
2022-10-28,151.54166666666666,49,0.3858267716535433,0.6220472440944882,0.1968503937007874,0.25196850393700787,0.8976377952755905,0.3569553805774279,0.608548931383577,0.7622047244094488,2022-10-29,0.6771653543307087,86.0,245.66666666666663
2022-10-29,245.66666666666663,86,0.6771653543307087,0.3858267716535433,0.6220472440944882,0.1968503937007874,0.8818897637795275,0.4015748031496064,0.5354330708661418,0.746719160104987,2022-10-30,0.8031496062992126,102.0,284.0
2022-10-30,284.0,102,0.8031496062992126,0.6771653543307087,0.3858267716535433,0.6220472440944882,0.6850393700787402,0.5616797900262468,0.5061867266591676,0.7409448818897637,2022-10-31,0.9133858267716536,116.0,320.625
2022-10-31,320.625,116,0.9133858267716536,0.8031496062992126,0.6771653543307087,0.3858267716535433,0.7244094488188977,0.6220472440944883,0.5230596175478065,0.7377952755905512,2022-11-01,0.6377952755905512,81.0,232.625
2022-11-01,232.625,81,0.6377952755905512,0.9133858267716536,0.8031496062992126,0.6771653543307087,0.25196850393700787,0.7979002624671918,0.5500562429696289,0.7448818897637796,2022-11-02,0.6614173228346457,84.0,239.95833333333331
2022-11-02,239.95833333333331,84,0.6614173228346457,0.6377952755905512,0.9133858267716536,0.8031496062992126,0.1968503937007874,0.7847769028871392,0.6051743532058492,0.741994750656168,2022-11-03,0.5984251968503937,76.0,219.45833333333331
2022-11-03,219.45833333333331,76,0.5984251968503937,0.6614173228346457,0.6377952755905512,0.9133858267716536,0.6220472440944882,0.7375328083989503,0.6715410573678291,0.7375328083989501,2022-11-04,0.12598425196850394,16.0,67.75
2022-11-04,67.75,16,0.12598425196850394,0.5984251968503937,0.6614173228346457,0.6377952755905512,0.3858267716535433,0.6325459317585304,0.6681664791901013,0.726509186351706,2022-11-05,0.14173228346456693,18.0,72.95833333333333
2022-11-05,72.95833333333333,18,0.14173228346456693,0.12598425196850394,0.5984251968503937,0.6614173228346457,0.6771653543307087,0.46194225721784793,0.6310461192350957,0.7023622047244095,2022-11-06,0.4645669291338583,59.0,176.95833333333334
2022-11-06,176.95833333333334,59,0.4645669291338583,0.14173228346456693,0.12598425196850394,0.5984251968503937,0.8031496062992126,0.288713910761155,0.5545556805399325,0.6805774278215223,2022-11-07,0.5984251968503937,76.0,219.5
2022-11-07,219.5,76,0.5984251968503937,0.4645669291338583,0.14173228346456693,0.12598425196850394,0.9133858267716536,0.2440944881889765,0.5061867266591676,0.6713910761154855,2022-11-08,0.29133858267716534,37.0,121.375
2022-11-08,121.375,37,0.29133858267716534,0.5984251968503937,0.4645669291338583,0.14173228346456693,0.6377952755905512,0.4015748031496065,0.4611923509561305,0.6640419947506562,2022-11-09,0.5354330708661418,68.0,198.83333333333331
2022-11-09,198.83333333333331,68,0.5354330708661418,0.29133858267716534,0.5984251968503937,0.4645669291338583,0.6614173228346457,0.45144356955380593,0.41169853768278963,0.6496062992125984,2022-11-10,0.952755905511811,121.0,331.9583333333333
2022-11-10,331.9583333333333,121,0.952755905511811,0.5354330708661418,0.29133858267716534,0.5984251968503937,0.5984251968503937,0.4750656167979004,0.3937007874015749,0.6404199475065617,2022-11-11,0.905511811023622,115.0,318.75
2022-11-11,318.75,115,0.905511811023622,0.952755905511811,0.5354330708661418,0.29133858267716534,0.12598425196850394,0.5931758530183728,0.4443194600674915,0.6503937007874016,2022-11-12,0.9448818897637795,120.0,330.9583333333333
2022-11-12,330.9583333333333,120,0.9448818897637795,0.905511811023622,0.952755905511811,0.5354330708661418,0.14173228346456693,0.7979002624671917,0.5556805399325084,0.6564304461942257,2022-11-13,0.9133858267716536,116.0,320.625
2022-11-13,320.625,116,0.9133858267716536,0.9448818897637795,0.905511811023622,0.952755905511811,0.4645669291338583,0.9343832020997377,0.6704161979752531,0.6661417322834645,2022-11-14,0.8267716535433071,105.0,293.625
2022-11-14,293.625,105,0.8267716535433071,0.9133858267716536,0.9448818897637795,0.905511811023622,0.5984251968503937,0.9212598425196851,0.734533183352081,0.6661417322834645,2022-11-15,0.49606299212598426,63.0,187.95833333333331
2022-11-15,187.95833333333331,63,0.49606299212598426,0.8267716535433071,0.9133858267716536,0.9448818897637795,0.29133858267716534,0.8950131233595803,0.7671541057367829,0.6635170603674541,2022-11-16,0.8031496062992126,102.0,284.7916666666667
2022-11-16,284.7916666666667,102,0.8031496062992126,0.49606299212598426,0.8267716535433071,0.9133858267716536,0.5354330708661418,0.7454068241469818,0.796400449943757,0.6566929133858268,2022-11-17,0.7322834645669292,93.0,263.125
2022-11-17,263.125,93,0.7322834645669292,0.8031496062992126,0.49606299212598426,0.8267716535433071,0.952755905511811,0.7086614173228347,0.8346456692913385,0.6535433070866142,2022-11-18,0.5590551181102362,71.0,206.5
2022-11-18,206.5,71,0.5590551181102362,0.7322834645669292,0.8031496062992126,0.49606299212598426,0.905511811023622,0.6771653543307088,0.8031496062992126,0.647769028871391,2022-11-19,0.3700787401574803,47.0,146.04166666666666
2022-11-19,146.04166666666666,47,0.3700787401574803,0.5590551181102362,0.7322834645669292,0.8031496062992126,0.9448818897637795,0.6981627296587928,0.7536557930258718,0.637270341207349,2022-11-20,0.5590551181102362,71.0,206.91666666666663
2022-11-20,206.91666666666663,71,0.5590551181102362,0.3700787401574803,0.5590551181102362,0.7322834645669292,0.9133858267716536,0.5538057742782153,0.6715410573678291,0.6199475065616797,2022-11-21,0.7007874015748031,89.0,253.20833333333331
2022-11-21,253.20833333333331,89,0.7007874015748031,0.5590551181102362,0.3700787401574803,0.5590551181102362,0.8267716535433071,0.4960629921259843,0.6209223847019123,0.6086614173228347,2022-11-22,0.7795275590551181,99.0,277.9166666666667
2022-11-22,277.9166666666667,99,0.7795275590551181,0.7007874015748031,0.5590551181102362,0.3700787401574803,0.49606299212598426,0.5433070866141733,0.6029246344206973,0.6026246719160107,2022-11-23,0.8818897637795275,112.0,309.2916666666667
2022-11-23,309.2916666666667,112,0.8818897637795275,0.7795275590551181,0.7007874015748031,0.5590551181102362,0.8031496062992126,0.6797900262467191,0.6434195725534309,0.6057742782152231,2022-11-24,0.6535433070866141,83.0,237.79166666666663
2022-11-24,237.79166666666663,83,0.6535433070866141,0.8818897637795275,0.7795275590551181,0.7007874015748031,0.7322834645669292,0.7874015748031497,0.6546681664791901,0.611023622047244,2022-11-25,0.4409448818897638,56.0,168.375
2022-11-25,168.375,56,0.4409448818897638,0.6535433070866141,0.8818897637795275,0.7795275590551181,0.5590551181102362,0.7716535433070867,0.6434195725534309,0.6244094488188977,2022-11-26,0.5669291338582677,72.0,209.91666666666663
2022-11-26,209.91666666666663,72,0.5669291338582677,0.4409448818897638,0.6535433070866141,0.8818897637795275,0.3700787401574803,0.6587926509186351,0.6265466816647919,0.6325459317585302,2022-11-27,0.1968503937007874,25.0,91.29166666666669
2022-11-27,91.29166666666669,25,0.1968503937007874,0.5669291338582677,0.4409448818897638,0.6535433070866141,0.5590551181102362,0.5538057742782153,0.6546681664791901,0.6307086614173228,2022-11-28,0.4015748031496063,51.0,155.625
2022-11-28,155.625,51,0.4015748031496063,0.1968503937007874,0.5669291338582677,0.4409448818897638,0.7007874015748031,0.4015748031496064,0.6029246344206973,0.6244094488188977,2022-11-29,0.5905511811023622,75.0,215.83333333333331
2022-11-29,215.83333333333331,75,0.5905511811023622,0.4015748031496063,0.1968503937007874,0.5669291338582677,0.7795275590551181,0.38845144356955386,0.5601799775028121,0.6152230971128609,2022-11-30,0.6535433070866141,83.0,236.91666666666663
2022-11-30,236.91666666666663,83,0.6535433070866141,0.5905511811023622,0.4015748031496063,0.1968503937007874,0.8818897637795275,0.39632545931758534,0.5331833520809898,0.6081364829396325,2022-12-01,0.6535433070866141,83.0,236.04166666666663
2022-12-01,236.04166666666663,83,0.6535433070866141,0.6535433070866141,0.5905511811023622,0.4015748031496063,0.6535433070866141,0.5485564304461943,0.500562429696288,0.5994750656167979,2022-12-02,0.6377952755905512,81.0,232.625
2022-12-02,232.625,81,0.6377952755905512,0.6535433070866141,0.6535433070866141,0.5905511811023622,0.4409448818897638,0.6325459317585301,0.500562429696288,0.6,2022-12-03,0.2677165354330709,34.0,114.83333333333331
2022-12-03,114.83333333333331,34,0.2677165354330709,0.6377952755905512,0.6535433070866141,0.6535433070866141,0.5669291338582677,0.6482939632545932,0.5286839145106862,0.5992125984251969,2022-12-04,0.7086614173228346,90.0,254.29166666666663
2022-12-04,254.29166666666663,90,0.7086614173228346,0.2677165354330709,0.6377952755905512,0.6535433070866141,0.1968503937007874,0.5196850393700788,0.4859392575928009,0.5881889763779528,2022-12-05,0.7480314960629921,95.0,268.375
2022-12-05,268.375,95,0.7480314960629921,0.7086614173228346,0.2677165354330709,0.6377952755905512,0.4015748031496063,0.5380577427821523,0.5590551181102362,0.6076115485564304,2022-12-06,0.7795275590551181,99.0,276.7916666666667
2022-12-06,276.7916666666667,99,0.7795275590551181,0.7480314960629921,0.7086614173228346,0.2677165354330709,0.5905511811023622,0.5748031496062993,0.608548931383577,0.6278215223097112,2022-12-07,0.7322834645669292,93.0,261.7083333333333
2022-12-07,261.7083333333333,93,0.7322834645669292,0.7795275590551181,0.7480314960629921,0.7086614173228346,0.6535433070866141,0.7454068241469818,0.6355455568053994,0.6383202099737534,2022-12-08,0.7874015748031497,100.0,279.75
2022-12-08,279.75,100,0.7874015748031497,0.7322834645669292,0.7795275590551181,0.7480314960629921,0.6535433070866141,0.7532808398950133,0.6467941507311586,0.6427821522309711,2022-12-09,0.7716535433070866,98.0,276.1666666666667
2022-12-09,276.1666666666667,98,0.7716535433070866,0.7874015748031497,0.7322834645669292,0.7795275590551181,0.6377952755905512,0.7664041994750658,0.6659167604049493,0.6593175853018373,2022-12-10,0.7086614173228346,90.0,254.29166666666663
2022-12-10,254.29166666666663,90,0.7086614173228346,0.7716535433070866,0.7874015748031497,0.7322834645669292,0.2677165354330709,0.7637795275590552,0.6850393700787402,0.6671916010498687,2022-12-11,0.8740157480314961,111.0,306.7916666666667
2022-12-11,306.7916666666667,111,0.8740157480314961,0.7086614173228346,0.7716535433070866,0.7874015748031497,0.7086614173228346,0.7559055118110237,0.748031496062992,0.6590551181102362,2022-12-12,0.905511811023622,115.0,317.5
2022-12-12,317.5,115,0.905511811023622,0.8740157480314961,0.7086614173228346,0.7716535433070866,0.7480314960629921,0.7847769028871392,0.7716535433070867,0.658005249343832,2022-12-13,0.9448818897637795,120.0,331.2916666666667
2022-12-13,331.2916666666667,120,0.9448818897637795,0.905511811023622,0.8740157480314961,0.7086614173228346,0.7795275590551181,0.8293963254593176,0.7941507311586051,0.6566929133858268,2022-12-14,0.6929133858267716,88.0,250.83333333333331
2022-12-14,250.83333333333331,88,0.6929133858267716,0.9448818897637795,0.905511811023622,0.8740157480314961,0.7322834645669292,0.9081364829396326,0.8177727784026997,0.6577427821522309,2022-12-15,0.7086614173228346,90.0,254.08333333333331
2022-12-15,254.08333333333331,90,0.7086614173228346,0.6929133858267716,0.9448818897637795,0.905511811023622,0.7874015748031497,0.847769028871391,0.81214848143982,0.6532808398950132,2022-12-16,0.7874015748031497,100.0,280.7083333333333
2022-12-16,280.7083333333333,100,0.7874015748031497,0.7086614173228346,0.6929133858267716,0.9448818897637795,0.7716535433070866,0.7821522309711287,0.8008998875140607,0.6603674540682415,2022-12-17,0.7480314960629921,95.0,266.5833333333333
2022-12-17,266.5833333333333,95,0.7480314960629921,0.7874015748031497,0.7086614173228346,0.6929133858267716,0.7086614173228346,0.7296587926509187,0.8031496062992126,0.6598425196850393,2022-12-18,0.8818897637795275,112.0,309.875
2022-12-18,309.875,112,0.8818897637795275,0.7480314960629921,0.7874015748031497,0.7086614173228346,0.8740157480314961,0.7480314960629922,0.8087739032620923,0.6603674540682415,2022-12-19,0.968503937007874,123.0,339.0
2022-12-19,339.0,123,0.968503937007874,0.8818897637795275,0.7480314960629921,0.7874015748031497,0.905511811023622,0.8057742782152232,0.8098987626546681,0.6711286089238846,2022-12-20,0.8976377952755905,114.0,315.875
2022-12-20,315.875,114,0.8976377952755905,0.968503937007874,0.8818897637795275,0.7480314960629921,0.9448818897637795,0.8661417322834647,0.8188976377952756,0.6910761154855644,2022-12-21,0.8818897637795275,112.0,310.375
2022-12-21,310.375,112,0.8818897637795275,0.8976377952755905,0.968503937007874,0.8818897637795275,0.6929133858267716,0.916010498687664,0.81214848143982,0.7023622047244094,2022-12-22,0.8031496062992126,102.0,284.375
2022-12-22,284.375,102,0.8031496062992126,0.8818897637795275,0.8976377952755905,0.968503937007874,0.7086614173228346,0.916010498687664,0.8391451068616423,0.7083989501312336,2022-12-23,0.5748031496062992,73.0,212.25
2022-12-23,212.25,73,0.5748031496062992,0.8031496062992126,0.8818897637795275,0.8976377952755905,0.7874015748031497,0.8608923884514436,0.8526434195725534,0.7091863517060368,2022-12-24,0.4015748031496063,51.0,155.41666666666666
2022-12-24,155.41666666666666,51,0.4015748031496063,0.5748031496062992,0.8031496062992126,0.8818897637795275,0.7480314960629921,0.7532808398950133,0.8222722159730033,0.6989501312335958,2022-12-25,0.6062992125984252,77.0,221.625
2022-12-25,221.625,77,0.6062992125984252,0.4015748031496063,0.5748031496062992,0.8031496062992126,0.8818897637795275,0.5931758530183727,0.7727784026996626,0.6905511811023621,2022-12-26,0.6220472440944882,79.0,227.95833333333331
2022-12-26,227.95833333333331,79,0.6220472440944882,0.6062992125984252,0.4015748031496063,0.5748031496062992,0.968503937007874,0.5275590551181103,0.7334083239595051,0.6960629921259842,2022-12-27,0.7480314960629921,95.0,267.5
2022-12-27,267.5,95,0.7480314960629921,0.6220472440944882,0.6062992125984252,0.4015748031496063,0.8976377952755905,0.5433070866141734,0.6839145106861643,0.6979002624671916,2022-12-28,0.7559055118110236,96.0,269.2916666666667
2022-12-28,269.2916666666667,96,0.7559055118110236,0.7480314960629921,0.6220472440944882,0.6062992125984252,0.8818897637795275,0.6587926509186353,0.6625421822272216,0.716272965879265,2022-12-29,0.84251968503937,107.0,297.8333333333333
2022-12-29,297.8333333333333,107,0.84251968503937,0.7559055118110236,0.7480314960629921,0.6220472440944882,0.8031496062992126,0.7086614173228347,0.6445444319460067,0.7280839895013124,2022-12-30,0.8740157480314961,111.0,307.25
2022-12-30,307.25,111,0.8740157480314961,0.84251968503937,0.7559055118110236,0.7480314960629921,0.5748031496062992,0.7821522309711287,0.6501687289088863,0.736482939632546,2022-12-31,0.8740157480314961,111.0,308.25
2022-12-31,308.25,111,0.8740157480314961,0.8740157480314961,0.84251968503937,0.7559055118110236,0.4015748031496063,0.8241469816272966,0.6929133858267716,0.7438320209973753,2023-01-01,0.6850393700787402,87.0,248.20833333333331
2023-01-01,248.20833333333331,87,0.6850393700787402,0.8740157480314961,0.8740157480314961,0.84251968503937,0.6062992125984252,0.8635170603674541,0.7604049493813273,0.7511811023622047,2023-01-02,0.5590551181102362,71.0,207.45833333333331
2023-01-02,207.45833333333331,71,0.5590551181102362,0.6850393700787402,0.8740157480314961,0.8740157480314961,0.6220472440944882,0.8110236220472441,0.7716535433070867,0.752755905511811,2023-01-03,0.4409448818897638,56.0,169.41666666666666
2023-01-03,169.41666666666666,56,0.4409448818897638,0.5590551181102362,0.6850393700787402,0.8740157480314961,0.7480314960629921,0.7060367454068243,0.7626546681664792,0.7624671916010499,2023-01-04,0.7480314960629921,95.0,266.2916666666667
2023-01-04,266.2916666666667,95,0.7480314960629921,0.4409448818897638,0.5590551181102362,0.6850393700787402,0.7559055118110236,0.5616797900262468,0.718785151856018,0.7535433070866142,2023-01-05,0.7952755905511811,101.0,281.5416666666667
2023-01-05,281.5416666666667,101,0.7952755905511811,0.7480314960629921,0.4409448818897638,0.5590551181102362,0.84251968503937,0.5826771653543308,0.7176602924634421,0.7535433070866142,2023-01-06,0.8740157480314961,111.0,308.2083333333333
2023-01-06,308.2083333333333,111,0.8740157480314961,0.7952755905511811,0.7480314960629921,0.4409448818897638,0.8740157480314961,0.6614173228346457,0.7109111361079865,0.7540682414698163,2023-01-07,0.6929133858267716,88.0,249.08333333333331
2023-01-07,249.08333333333331,88,0.6929133858267716,0.8740157480314961,0.7952755905511811,0.7480314960629921,0.8740157480314961,0.8057742782152232,0.7109111361079865,0.7587926509186352,2023-01-08,0.7401574803149606,94.0,263.8333333333333
2023-01-08,263.8333333333333,94,0.7401574803149606,0.6929133858267716,0.8740157480314961,0.7952755905511811,0.6850393700787402,0.7874015748031497,0.6850393700787402,0.7556430446194226,2023-01-09,0.7480314960629921,95.0,268.375
2023-01-09,268.375,95,0.7480314960629921,0.7401574803149606,0.6929133858267716,0.8740157480314961,0.5590551181102362,0.7690288713910762,0.6929133858267716,0.7545931758530183,2023-01-10,0.7874015748031497,100.0,280.875
2023-01-10,280.875,100,0.7874015748031497,0.7480314960629921,0.7401574803149606,0.6929133858267716,0.4409448818897638,0.7270341207349081,0.7199100112485939,0.7559055118110236,2023-01-11,0.8188976377952756,104.0,290.1666666666667
2023-01-11,290.1666666666667,104,0.8188976377952756,0.7874015748031497,0.7480314960629921,0.7401574803149606,0.7480314960629921,0.7585301837270343,0.7694038245219348,0.7530183727034121,2023-01-12,0.8110236220472441,103.0,286.375
2023-01-12,286.375,103,0.8110236220472441,0.8188976377952756,0.7874015748031497,0.7480314960629921,0.7952755905511811,0.7847769028871392,0.7795275590551182,0.7501312335958005,2023-01-13,0.9133858267716536,116.0,320.5833333333333
2023-01-13,320.5833333333333,116,0.9133858267716536,0.8110236220472441,0.8188976377952756,0.7874015748031497,0.8740157480314961,0.8057742782152232,0.78177727784027,0.7456692913385827,2023-01-14,0.6456692913385826,82.0,234.25
2023-01-14,234.25,82,0.6456692913385826,0.9133858267716536,0.8110236220472441,0.8188976377952756,0.6929133858267716,0.8477690288713912,0.7874015748031497,0.753018372703412,2023-01-15,0.8661417322834646,110.0,304.7083333333333
2023-01-15,304.7083333333333,110,0.8661417322834646,0.6456692913385826,0.9133858267716536,0.8110236220472441,0.7401574803149606,0.7900262467191602,0.7806524184476941,0.7509186351706038,2023-01-16,0.6062992125984252,77.0,223.125
2023-01-16,223.125,77,0.6062992125984252,0.8661417322834646,0.6456692913385826,0.9133858267716536,0.7480314960629921,0.8083989501312336,0.798650168728909,0.7535433070866142,2023-01-17,0.7716535433070866,98.0,274.375
2023-01-17,274.375,98,0.7716535433070866,0.6062992125984252,0.8661417322834646,0.6456692913385826,0.7874015748031497,0.7060367454068243,0.7784026996625422,0.7488188976377953,2023-01-18,0.6456692913385826,82.0,235.41666666666663
2023-01-18,235.41666666666663,82,0.6456692913385826,0.7716535433070866,0.6062992125984252,0.8661417322834646,0.8188976377952756,0.7480314960629922,0.7761529808773903,0.7451443569553805,2023-01-19,0.7086614173228346,90.0,255.625
2023-01-19,255.625,90,0.7086614173228346,0.6456692913385826,0.7716535433070866,0.6062992125984252,0.8110236220472441,0.6745406824146981,0.7514060742407199,0.7343832020997375,2023-01-20,0.9212598425196851,117.0,322.0
2023-01-20,322.0,117,0.9212598425196851,0.7086614173228346,0.6456692913385826,0.7716535433070866,0.9133858267716536,0.7086614173228347,0.7367829021372329,0.7280839895013124,2023-01-21,0.7795275590551181,99.0,277.25
2023-01-21,277.25,99,0.7795275590551181,0.9212598425196851,0.7086614173228346,0.6456692913385826,0.6456692913385826,0.7585301837270343,0.7379077615298087,0.7293963254593175,2023-01-22,0.6771653543307087,86.0,245.25
2023-01-22,245.25,86,0.6771653543307087,0.7795275590551181,0.9212598425196851,0.7086614173228346,0.8661417322834646,0.8031496062992126,0.7570303712035995,0.7286089238845145,2023-01-23,0.8661417322834646,110.0,305.7916666666667
2023-01-23,305.7916666666667,110,0.8661417322834646,0.6771653543307087,0.7795275590551181,0.9212598425196851,0.6062992125984252,0.7926509186351707,0.7300337457817773,0.732020997375328,2023-01-24,0.8661417322834646,110.0,305.6666666666667
2023-01-24,305.6666666666667,110,0.8661417322834646,0.8661417322834646,0.6771653543307087,0.7795275590551181,0.7716535433070866,0.7742782152230973,0.7671541057367829,0.7475065616797901,2023-01-25,0.8503937007874016,108.0,299.7916666666667
2023-01-25,299.7916666666667,108,0.8503937007874016,0.8661417322834646,0.8661417322834646,0.6771653543307087,0.6456692913385826,0.8031496062992126,0.7806524184476941,0.7561679790026247,2023-01-26,0.952755905511811,121.0,332.375
2023-01-26,332.375,121,0.952755905511811,0.8503937007874016,0.8661417322834646,0.8661417322834646,0.7086614173228346,0.8608923884514437,0.8098987626546681,0.7637795275590552,2023-01-27,0.8503937007874016,108.0,300.7916666666667
2023-01-27,300.7916666666667,108,0.8503937007874016,0.952755905511811,0.8503937007874016,0.8661417322834646,0.9212598425196851,0.8897637795275593,0.8447694038245219,0.7706036745406825,2023-01-28,0.889763779527559,113.0,312.8333333333333
2023-01-28,312.8333333333333,113,0.889763779527559,0.8503937007874016,0.952755905511811,0.8503937007874016,0.7795275590551181,0.8845144356955381,0.8346456692913387,0.773753280839895,2023-01-29,0.9212598425196851,117.0,321.6666666666667
2023-01-29,321.6666666666667,117,0.9212598425196851,0.889763779527559,0.8503937007874016,0.952755905511811,0.6771653543307087,0.8976377952755907,0.8503937007874016,0.7753280839895014,2023-01-30,0.7007874015748031,89.0,251.625
2023-01-30,251.625,89,0.7007874015748031,0.9212598425196851,0.889763779527559,0.8503937007874016,0.8661417322834646,0.8871391076115486,0.8852643419572553,0.7769028871391076,2023-01-31,0.5748031496062992,73.0,212.04166666666663
2023-01-31,212.04166666666663,73,0.5748031496062992,0.7007874015748031,0.9212598425196851,0.889763779527559,0.8661417322834646,0.8372703412073491,0.8616422947131609,0.7711286089238846,2023-02-01,0.6377952755905512,81.0,231.16666666666663
2023-02-01,231.16666666666663,81,0.6377952755905512,0.5748031496062992,0.7007874015748031,0.9212598425196851,0.8503937007874016,0.7322834645669292,0.8200224971878516,0.7674540682414698,2023-02-02,0.7637795275590551,97.0,271.375
2023-02-02,271.375,97,0.7637795275590551,0.6377952755905512,0.5748031496062992,0.7007874015748031,0.952755905511811,0.6377952755905513,0.7896512935883014,0.7700787401574802,2023-02-03,0.7795275590551181,99.0,276.375
2023-02-03,276.375,99,0.7795275590551181,0.7637795275590551,0.6377952755905512,0.5748031496062992,0.8503937007874016,0.6587926509186351,0.7626546681664792,0.7808398950131233,2023-02-04,0.952755905511811,121.0,332.3333333333333
2023-02-04,332.3333333333333,121,0.952755905511811,0.7795275590551181,0.7637795275590551,0.6377952755905512,0.889763779527559,0.7270341207349081,0.7525309336332958,0.7818897637795276,2023-02-05,0.9212598425196851,117.0,322.0
2023-02-05,322.0,117,0.9212598425196851,0.952755905511811,0.7795275590551181,0.7637795275590551,0.9212598425196851,0.8320209973753281,0.7615298087739032,0.7871391076115485,2023-02-06,0.9212598425196851,117.0,322.125
2023-02-06,322.125,117,0.9212598425196851,0.9212598425196851,0.952755905511811,0.7795275590551181,0.7007874015748031,0.8845144356955381,0.7615298087739033,0.7887139107611548,2023-02-07,0.7401574803149606,94.0,264.0833333333333
2023-02-07,264.0833333333333,94,0.7401574803149606,0.9212598425196851,0.9212598425196851,0.952755905511811,0.5748031496062992,0.9317585301837271,0.7930258717660292,0.7963254593175854,2023-02-08,0.9763779527559056,124.0,341.375
2023-02-08,341.375,124,0.9763779527559056,0.7401574803149606,0.9212598425196851,0.9212598425196851,0.6377952755905512,0.8608923884514437,0.8166479190101237,0.7963254593175854,2023-02-09,0.968503937007874,123.0,339.0
2023-02-09,339.0,123,0.968503937007874,0.9763779527559056,0.7401574803149606,0.9212598425196851,0.7637795275590551,0.8792650918635171,0.8650168728908886,0.8039370078740158,2023-02-10,0.8740157480314961,111.0,306.9166666666667
2023-02-10,306.9166666666667,111,0.8740157480314961,0.968503937007874,0.9763779527559056,0.7401574803149606,0.7795275590551181,0.89501312335958,0.8942632170978627,0.8099737532808399,2023-02-11,0.8031496062992126,102.0,284.75
2023-02-11,284.75,102,0.8031496062992126,0.8740157480314961,0.968503937007874,0.9763779527559056,0.952755905511811,0.9396325459317586,0.9077615298087739,0.8118110236220473,2023-02-12,0.7952755905511811,101.0,283.0833333333333
2023-02-12,283.0833333333333,101,0.7952755905511811,0.8031496062992126,0.8740157480314961,0.968503937007874,0.9212598425196851,0.8818897637795277,0.8863892013498312,0.8115485564304462,2023-02-13,0.8503937007874016,108.0,301.4166666666667
2023-02-13,301.4166666666667,108,0.8503937007874016,0.7952755905511811,0.8031496062992126,0.8740157480314961,0.9212598425196851,0.8241469816272966,0.8683914510686164,0.8076115485564305,2023-02-14,0.7795275590551181,99.0,276.875
2023-02-14,276.875,99,0.7795275590551181,0.8503937007874016,0.7952755905511811,0.8031496062992126,0.7401574803149606,0.8162729658792652,0.8582677165354331,0.8144356955380576,2023-02-15,0.8582677165354331,109.0,301.7916666666667
2023-02-15,301.7916666666667,109,0.8582677165354331,0.7795275590551181,0.8503937007874016,0.7952755905511811,0.9763779527559056,0.8083989501312336,0.8638920134983127,0.8115485564304462,2023-02-16,0.6299212598425197,80.0,229.58333333333331
2023-02-16,229.58333333333331,80,0.6299212598425197,0.8582677165354331,0.7795275590551181,0.8503937007874016,0.968503937007874,0.8293963254593177,0.8470191226096738,0.8199475065616798,2023-02-17,0.8503937007874016,108.0,299.125
2023-02-17,299.125,108,0.8503937007874016,0.6299212598425197,0.8582677165354331,0.7795275590551181,0.8740157480314961,0.7559055118110236,0.7986501687289088,0.815223097112861,2023-02-18,0.968503937007874,123.0,337.5416666666667
2023-02-18,337.5416666666667,123,0.968503937007874,0.8503937007874016,0.6299212598425197,0.8582677165354331,0.8031496062992126,0.7795275590551182,0.7952755905511811,0.8220472440944881,2023-02-19,0.8031496062992126,102.0,285.625
2023-02-19,285.625,102,0.8031496062992126,0.968503937007874,0.8503937007874016,0.6299212598425197,0.7952755905511811,0.8162729658792651,0.8188976377952757,0.8307086614173228,2023-02-20,0.49606299212598426,63.0,187.45833333333331
2023-02-20,187.45833333333331,63,0.49606299212598426,0.8031496062992126,0.968503937007874,0.8503937007874016,0.8503937007874016,0.8740157480314962,0.8200224971878516,0.8267716535433071,2023-02-21,0.5748031496062992,73.0,211.16666666666663
2023-02-21,211.16666666666663,73,0.5748031496062992,0.49606299212598426,0.8031496062992126,0.968503937007874,0.7795275590551181,0.7559055118110237,0.7694038245219348,0.8173228346456692,2023-02-22,0.7795275590551181,99.0,277.3333333333333
2023-02-22,277.3333333333333,99,0.7795275590551181,0.5748031496062992,0.49606299212598426,0.8031496062992126,0.8582677165354331,0.6246719160104988,0.7401574803149608,0.8139107611548557,2023-02-23,0.6771653543307087,86.0,244.20833333333331
2023-02-23,244.20833333333331,86,0.6771653543307087,0.7795275590551181,0.5748031496062992,0.49606299212598426,0.6299212598425197,0.6167979002624673,0.7289088863892014,0.8110236220472441,2023-02-24,0.7795275590551181,99.0,277.5416666666667
2023-02-24,277.5416666666667,99,0.7795275590551181,0.6771653543307087,0.7795275590551181,0.5748031496062992,0.8503937007874016,0.6771653543307088,0.735658042744657,0.8047244094488188,2023-02-25,0.6771653543307087,86.0,244.0
2023-02-25,244.0,86,0.6771653543307087,0.7795275590551181,0.6771653543307087,0.7795275590551181,0.968503937007874,0.7454068241469817,0.7255343082114736,0.8023622047244093,2023-02-26,0.49606299212598426,63.0,186.875
2023-02-26,186.875,63,0.49606299212598426,0.6771653543307087,0.7795275590551181,0.6771653543307087,0.8031496062992126,0.7112860892388452,0.6839145106861643,0.7931758530183727,2023-02-27,0.8503937007874016,108.0,299.2916666666667
2023-02-27,299.2916666666667,108,0.8503937007874016,0.49606299212598426,0.6771653543307087,0.7795275590551181,0.49606299212598426,0.6509186351706037,0.6400449943757031,0.7813648293963255,2023-02-28,0.9291338582677166,118.0,324.4166666666667
2023-02-28,324.4166666666667,118,0.9291338582677166,0.8503937007874016,0.49606299212598426,0.6771653543307087,0.5748031496062992,0.6745406824146981,0.6906636670416199,0.7800524934383203,2023-03-01,0.8582677165354331,109.0,302.75
2023-03-01,302.75,109,0.8582677165354331,0.9291338582677166,0.8503937007874016,0.49606299212598426,0.7795275590551181,0.7585301837270343,0.7412823397075367,0.7803149606299212,2023-03-02,0.8503937007874016,108.0,300.9583333333333
2023-03-02,300.9583333333333,108,0.8503937007874016,0.8582677165354331,0.9291338582677166,0.8503937007874016,0.6771653543307087,0.8792650918635171,0.7525309336332958,0.7855643044619423,2023-03-03,0.8582677165354331,109.0,303.4583333333333
2023-03-03,303.4583333333333,109,0.8582677165354331,0.8503937007874016,0.8582677165354331,0.9291338582677166,0.7795275590551181,0.8792650918635171,0.7772778402699663,0.794750656167979,2023-03-04,0.8188976377952756,104.0,290.25
2023-03-04,290.25,104,0.8188976377952756,0.8582677165354331,0.8503937007874016,0.8582677165354331,0.6771653543307087,0.8556430446194226,0.7885264341957255,0.8020997375328084,2023-03-05,0.5354330708661418,68.0,198.625
2023-03-05,198.625,68,0.5354330708661418,0.8188976377952756,0.8582677165354331,0.8503937007874016,0.49606299212598426,0.8425196850393702,0.8087739032620923,0.8039370078740158,2023-03-06,0.8110236220472441,103.0,287.5
2023-03-06,287.5,103,0.8110236220472441,0.5354330708661418,0.8188976377952756,0.8582677165354331,0.8503937007874016,0.7375328083989502,0.814398200224972,0.7958005249343832,2023-03-07,0.9212598425196851,117.0,322.4583333333333
2023-03-07,322.4583333333333,117,0.9212598425196851,0.8110236220472441,0.5354330708661418,0.8188976377952756,0.9291338582677166,0.7217847769028873,0.8087739032620922,0.7910761154855643,2023-03-08,0.7874015748031497,100.0,278.875
2023-03-08,278.875,100,0.7874015748031497,0.9212598425196851,0.8110236220472441,0.5354330708661418,0.8582677165354331,0.7559055118110237,0.8076490438695163,0.7910761154855643,2023-03-09,0.7480314960629921,95.0,266.4166666666667
2023-03-09,266.4166666666667,95,0.7480314960629921,0.7874015748031497,0.9212598425196851,0.8110236220472441,0.8503937007874016,0.8398950131233597,0.797525309336333,0.7866141732283464,2023-03-10,0.8346456692913385,106.0,294.875
2023-03-10,294.875,106,0.8346456692913385,0.7480314960629921,0.7874015748031497,0.9212598425196851,0.8582677165354331,0.8188976377952756,0.7829021372328459,0.7868766404199475,2023-03-11,0.36220472440944884,46.0,143.29166666666666
2023-03-11,143.29166666666666,46,0.36220472440944884,0.8346456692913385,0.7480314960629921,0.7874015748031497,0.8188976377952756,0.7900262467191602,0.7795275590551182,0.7821522309711286,2023-03-12,0.5748031496062992,73.0,213.0
2023-03-12,213.0,73,0.5748031496062992,0.36220472440944884,0.8346456692913385,0.7480314960629921,0.5354330708661418,0.6482939632545932,0.7142857142857144,0.7619422572178478,2023-03-13,0.3858267716535433,49.0,151.83333333333334
2023-03-13,151.83333333333334,49,0.3858267716535433,0.5748031496062992,0.36220472440944884,0.8346456692913385,0.8110236220472441,0.5905511811023623,0.7199100112485939,0.7519685039370079,2023-03-14,0.6062992125984252,77.0,221.54166666666663
2023-03-14,221.54166666666663,77,0.6062992125984252,0.3858267716535433,0.5748031496062992,0.36220472440944884,0.9212598425196851,0.4409448818897639,0.6591676040494939,0.7380577427821522,2023-03-15,0.8031496062992126,102.0,284.25
2023-03-15,284.25,102,0.8031496062992126,0.6062992125984252,0.3858267716535433,0.5748031496062992,0.7874015748031497,0.5223097112860894,0.6141732283464567,0.731758530183727,2023-03-16,0.7007874015748031,89.0,253.375
2023-03-16,253.375,89,0.7007874015748031,0.8031496062992126,0.6062992125984252,0.3858267716535433,0.7480314960629921,0.5984251968503939,0.6164229471316085,0.7301837270341207,2023-03-17,0.6771653543307087,86.0,244.91666666666663
2023-03-17,244.91666666666663,86,0.6771653543307087,0.7007874015748031,0.8031496062992126,0.6062992125984252,0.8346456692913385,0.7034120734908137,0.609673790776153,0.7275590551181103,2023-03-18,0.30708661417322836,39.0,127.25
2023-03-18,127.25,39,0.30708661417322836,0.6771653543307087,0.7007874015748031,0.8031496062992126,0.36220472440944884,0.7270341207349081,0.5871766029246344,0.7215223097112862,2023-03-19,0.5433070866141733,69.0,201.58333333333331
2023-03-19,201.58333333333331,69,0.5433070866141733,0.30708661417322836,0.6771653543307087,0.7007874015748031,0.5748031496062992,0.5616797900262468,0.5793025871766029,0.710761154855643,2023-03-20,0.41732283464566927,53.0,162.33333333333334
2023-03-20,162.33333333333334,53,0.41732283464566927,0.5433070866141733,0.30708661417322836,0.6771653543307087,0.3858267716535433,0.5091863517060369,0.5748031496062992,0.7005249343832021,2023-03-21,0.30708661417322836,39.0,126.58333333333331
2023-03-21,126.58333333333331,39,0.30708661417322836,0.41732283464566927,0.5433070866141733,0.30708661417322836,0.6062992125984252,0.42257217847769035,0.5793025871766029,0.6821522309711286,2023-03-22,0.16535433070866143,21.0,81.16666666666667
2023-03-22,81.16666666666667,21,0.16535433070866143,0.30708661417322836,0.41732283464566927,0.5433070866141733,0.8031496062992126,0.42257217847769035,0.5365579302587177,0.6656167979002625,2023-03-23,0.8031496062992126,102.0,284.6666666666667
2023-03-23,284.6666666666667,102,0.8031496062992126,0.16535433070866143,0.30708661417322836,0.41732283464566927,0.7007874015748031,0.2965879265091864,0.44544431946006746,0.6545931758530183,2023-03-24,0.4566929133858268,58.0,175.04166666666666
2023-03-24,175.04166666666666,58,0.4566929133858268,0.8031496062992126,0.16535433070866143,0.30708661417322836,0.6771653543307087,0.42519685039370086,0.46006749156355464,0.6622047244094488,2023-03-25,0.2755905511811024,35.0,117.125
2023-03-25,117.125,35,0.2755905511811024,0.4566929133858268,0.8031496062992126,0.16535433070866143,0.30708661417322836,0.4750656167979004,0.42857142857142855,0.6514435695538058,2023-03-26,0.3937007874015748,50.0,153.375
2023-03-26,153.375,50,0.3937007874015748,0.2755905511811024,0.4566929133858268,0.8031496062992126,0.5433070866141733,0.5118110236220473,0.42407199100112486,0.6380577427821522,2023-03-27,0.8267716535433071,105.0,291.5833333333333
2023-03-27,291.5833333333333,105,0.8267716535433071,0.3937007874015748,0.2755905511811024,0.4566929133858268,0.41732283464566927,0.3753280839895014,0.4026996625421822,0.6251968503937009,2023-03-28,0.6771653543307087,86.0,243.66666666666663
2023-03-28,243.66666666666663,86,0.6771653543307087,0.8267716535433071,0.3937007874015748,0.2755905511811024,0.30708661417322836,0.4986876640419948,0.46119235095613054,0.6301837270341207,2023-03-29,0.4645669291338583,59.0,177.5
2023-03-29,177.5,59,0.4645669291338583,0.6771653543307087,0.8267716535433071,0.3937007874015748,0.16535433070866143,0.6325459317585302,0.5140607424071991,0.6362204724409449,2023-03-30,0.8582677165354331,109.0,302.5833333333333
2023-03-30,302.5833333333333,109,0.8582677165354331,0.4645669291338583,0.6771653543307087,0.8267716535433071,0.8031496062992126,0.6561679790026248,0.5568053993250844,0.6233595800524935,2023-03-31,0.5196850393700787,66.0,194.25
2023-03-31,194.25,66,0.5196850393700787,0.8582677165354331,0.4645669291338583,0.6771653543307087,0.4566929133858268,0.6666666666666666,0.5646794150731159,0.620997375328084,2023-04-01,0.6062992125984252,77.0,222.375
2023-04-01,222.375,77,0.6062992125984252,0.5196850393700787,0.8582677165354331,0.4645669291338583,0.2755905511811024,0.6141732283464567,0.5736782902137233,0.6097112860892389,2023-04-02,0.7559055118110236,96.0,270.4166666666667
2023-04-02,270.4166666666667,96,0.7559055118110236,0.6062992125984252,0.5196850393700787,0.8582677165354331,0.3937007874015748,0.6614173228346457,0.6209223847019122,0.6015748031496064,2023-04-03,0.7244094488188977,92.0,261.0416666666667
2023-04-03,261.0416666666667,92,0.7244094488188977,0.7559055118110236,0.6062992125984252,0.5196850393700787,0.8267716535433071,0.6272965879265092,0.672665916760405,0.5981627296587927,2023-04-04,0.5826771653543307,74.0,213.625
2023-04-04,213.625,74,0.5826771653543307,0.7244094488188977,0.7559055118110236,0.6062992125984252,0.6771653543307087,0.6955380577427822,0.6580427446569178,0.59501312335958,2023-04-05,0.49606299212598426,63.0,187.70833333333331
2023-04-05,187.70833333333331,63,0.49606299212598426,0.5826771653543307,0.7244094488188977,0.7559055118110236,0.4645669291338583,0.6876640419947507,0.6445444319460067,0.5965879265091865,2023-04-06,0.5984251968503937,76.0,220.04166666666663
2023-04-06,220.04166666666663,76,0.5984251968503937,0.49606299212598426,0.5826771653543307,0.7244094488188977,0.8582677165354331,0.6010498687664043,0.6490438695163104,0.5860892388451443,2023-04-07,0.5826771653543307,74.0,215.0
2023-04-07,215.0,74,0.5826771653543307,0.5984251968503937,0.49606299212598426,0.5826771653543307,0.5196850393700787,0.5590551181102362,0.6119235095613048,0.5753280839895013,2023-04-08,0.4645669291338583,59.0,175.91666666666666
2023-04-08,175.91666666666666,59,0.4645669291338583,0.5826771653543307,0.5984251968503937,0.49606299212598426,0.6062992125984252,0.5590551181102363,0.6209223847019122,0.568503937007874,2023-04-09,0.5511811023622047,70.0,205.25
2023-04-09,205.25,70,0.5511811023622047,0.4645669291338583,0.5826771653543307,0.5984251968503937,0.7559055118110236,0.5485564304461943,0.6006749156355455,0.5590551181102363,2023-04-10,0.5196850393700787,66.0,195.58333333333331
2023-04-10,195.58333333333331,66,0.5196850393700787,0.5511811023622047,0.4645669291338583,0.5826771653543307,0.7244094488188977,0.5328083989501313,0.5714285714285714,0.5496062992125984,2023-04-11,0.7952755905511811,101.0,283.75
2023-04-11,283.75,101,0.7952755905511811,0.5196850393700787,0.5511811023622047,0.4645669291338583,0.5826771653543307,0.5118110236220473,0.5421822272215973,0.5548556430446195,2023-04-12,0.7401574803149606,94.0,265.0
2023-04-12,265.0,94,0.7401574803149606,0.7952755905511811,0.5196850393700787,0.5511811023622047,0.49606299212598426,0.6220472440944883,0.5725534308211474,0.5622047244094489,2023-04-13,0.5354330708661418,68.0,198.83333333333331
2023-04-13,198.83333333333331,68,0.5354330708661418,0.7401574803149606,0.7952755905511811,0.5196850393700787,0.5984251968503937,0.6850393700787403,0.6074240719910012,0.574015748031496,2023-04-14,0.7401574803149606,94.0,265.125
2023-04-14,265.125,94,0.7401574803149606,0.5354330708661418,0.7401574803149606,0.7952755905511811,0.5826771653543307,0.6902887139107613,0.5984251968503936,0.5716535433070865,2023-04-15,0.7165354330708661,91.0,257.0
2023-04-15,257.0,91,0.7165354330708661,0.7401574803149606,0.5354330708661418,0.7401574803149606,0.4645669291338583,0.6719160104986878,0.6209223847019123,0.5695538057742783,2023-04-16,0.7322834645669292,93.0,263.0
2023-04-16,263.0,93,0.7322834645669292,0.7165354330708661,0.7401574803149606,0.5354330708661418,0.5511811023622047,0.6640419947506563,0.6569178852643419,0.5700787401574803,2023-04-17,0.7007874015748031,89.0,251.08333333333331
2023-04-17,251.08333333333331,89,0.7007874015748031,0.7322834645669292,0.7165354330708661,0.7401574803149606,0.5196850393700787,0.7296587926509187,0.6827896512935884,0.5719160104986877,2023-04-18,0.5275590551181102,67.0,197.45833333333331
2023-04-18,197.45833333333331,67,0.5275590551181102,0.7007874015748031,0.7322834645669292,0.7165354330708661,0.7952755905511811,0.7165354330708662,0.7086614173228346,0.5850393700787401,2023-04-19,0.7165354330708661,91.0,257.0833333333333
2023-04-19,257.0833333333333,91,0.7165354330708661,0.5275590551181102,0.7007874015748031,0.7322834645669292,0.7401574803149606,0.6535433070866142,0.6704161979752531,0.5845144356955381,2023-04-20,0.7401574803149606,94.0,264.875
2023-04-20,264.875,94,0.7401574803149606,0.7165354330708661,0.5275590551181102,0.7007874015748031,0.5354330708661418,0.6482939632545932,0.6670416197975253,0.594488188976378,2023-04-21,0.5433070866141733,69.0,201.125
2023-04-21,201.125,69,0.5433070866141733,0.7401574803149606,0.7165354330708661,0.5275590551181102,0.7401574803149606,0.6614173228346457,0.6962879640044994,0.6089238845144357,2023-04-22,0.5118110236220472,65.0,192.33333333333331
2023-04-22,192.33333333333331,65,0.5118110236220472,0.5433070866141733,0.7401574803149606,0.7165354330708661,0.7165354330708661,0.6666666666666666,0.6681664791901012,0.6215223097112861,2023-04-23,0.5196850393700787,66.0,195.04166666666663
2023-04-23,195.04166666666663,66,0.5196850393700787,0.5118110236220472,0.5433070866141733,0.7401574803149606,0.7322834645669292,0.5984251968503937,0.6389201349831272,0.6118110236220473,2023-04-24,0.5275590551181102,67.0,195.83333333333331
2023-04-24,195.83333333333331,67,0.5275590551181102,0.5196850393700787,0.5118110236220472,0.5433070866141733,0.7007874015748031,0.5249343832020998,0.608548931383577,0.6139107611548557,2023-04-25,0.7244094488188977,92.0,260.4583333333333
2023-04-25,260.4583333333333,92,0.7244094488188977,0.5275590551181102,0.5196850393700787,0.5118110236220472,0.5275590551181102,0.5196850393700788,0.5838020247469066,0.6223097112860893,2023-04-26,0.3464566929133858,44.0,139.91666666666666
2023-04-26,139.91666666666666,44,0.3464566929133858,0.7244094488188977,0.5275590551181102,0.5196850393700787,0.7165354330708661,0.5905511811023623,0.6119235095613048,0.6333333333333333,2023-04-27,0.2677165354330709,34.0,112.875
2023-04-27,112.875,34,0.2677165354330709,0.3464566929133858,0.7244094488188977,0.5275590551181102,0.7401574803149606,0.5328083989501313,0.5590551181102362,0.6173228346456693,2023-04-28,0.4094488188976378,52.0,158.08333333333334
2023-04-28,158.08333333333334,52,0.4094488188976378,0.2677165354330709,0.3464566929133858,0.7244094488188977,0.5433070866141733,0.44619422572178485,0.49156355455568057,0.6036745406824147,2023-04-29,0.5748031496062992,73.0,212.58333333333331
2023-04-29,212.58333333333331,73,0.5748031496062992,0.4094488188976378,0.2677165354330709,0.3464566929133858,0.5118110236220472,0.3412073490813649,0.47244094488188976,0.6018372703412074,2023-04-30,0.29133858267716534,37.0,121.20833333333331
2023-04-30,121.20833333333331,37,0.29133858267716534,0.5748031496062992,0.4094488188976378,0.2677165354330709,0.5196850393700787,0.4173228346456694,0.48143982002249724,0.5923884514435696,2023-05-01,0.25196850393700787,32.0,109.625
2023-05-01,109.625,32,0.25196850393700787,0.29133858267716534,0.5748031496062992,0.4094488188976378,0.5275590551181102,0.42519685039370086,0.4488188976377953,0.5847769028871391,2023-05-02,0.3937007874015748,50.0,153.16666666666666
2023-05-02,153.16666666666666,50,0.3937007874015748,0.25196850393700787,0.29133858267716534,0.5748031496062992,0.7244094488188977,0.3727034120734909,0.40944881889763785,0.5729658792650919,2023-05-03,0.3779527559055118,48.0,149.41666666666666
2023-05-03,149.41666666666666,48,0.3779527559055118,0.3937007874015748,0.25196850393700787,0.29133858267716534,0.3464566929133858,0.31233595800524944,0.3622047244094488,0.5608923884514436,2023-05-04,0.28346456692913385,36.0,118.16666666666669
2023-05-04,118.16666666666669,36,0.28346456692913385,0.3779527559055118,0.3937007874015748,0.25196850393700787,0.2677165354330709,0.3412073490813649,0.3667041619797526,0.5493438320209972,2023-05-05,0.5590551181102362,71.0,207.0
2023-05-05,207.0,71,0.5590551181102362,0.28346456692913385,0.3779527559055118,0.3937007874015748,0.4094488188976378,0.35170603674540685,0.36895388076490443,0.5393700787401575,2023-05-06,0.4881889763779528,62.0,184.45833333333331
2023-05-06,184.45833333333331,62,0.4881889763779528,0.5590551181102362,0.28346456692913385,0.3779527559055118,0.5748031496062992,0.4068241469816274,0.39032620922384703,0.5414698162729658,2023-05-07,0.25984251968503935,33.0,110.20833333333331
2023-05-07,110.20833333333331,33,0.25984251968503935,0.4881889763779528,0.5590551181102362,0.28346456692913385,0.29133858267716534,0.4435695538057744,0.37795275590551175,0.5377952755905512,2023-05-08,0.3464566929133858,44.0,139.54166666666666
2023-05-08,139.54166666666666,44,0.3464566929133858,0.25984251968503935,0.4881889763779528,0.5590551181102362,0.25196850393700787,0.4356955380577429,0.37345331833520806,0.5270341207349082,2023-05-09,0.5039370078740157,64.0,189.54166666666663
2023-05-09,189.54166666666663,64,0.5039370078740157,0.3464566929133858,0.25984251968503935,0.4881889763779528,0.3937007874015748,0.3648293963254594,0.3869516310461192,0.5230971128608924,2023-05-10,0.2125984251968504,27.0,95.41666666666669
2023-05-10,95.41666666666669,27,0.2125984251968504,0.5039370078740157,0.3464566929133858,0.25984251968503935,0.3779527559055118,0.3700787401574804,0.40269966254218226,0.5215223097112861,2023-05-11,0.3543307086614173,45.0,140.375
2023-05-11,140.375,45,0.3543307086614173,0.2125984251968504,0.5039370078740157,0.3464566929133858,0.28346456692913385,0.3543307086614174,0.3790776152980877,0.5112860892388452,2023-05-12,0.3937007874015748,50.0,154.625
2023-05-12,154.625,50,0.3937007874015748,0.3543307086614173,0.2125984251968504,0.5039370078740157,0.5590551181102362,0.3569553805774279,0.3892013498312711,0.4965879265091864,2023-05-13,0.4330708661417323,55.0,165.95833333333334
2023-05-13,165.95833333333334,55,0.4330708661417323,0.3937007874015748,0.3543307086614173,0.2125984251968504,0.4881889763779528,0.3202099737532809,0.3655793025871766,0.48503937007874015,2023-05-14,0.2047244094488189,26.0,93.91666666666669
2023-05-14,93.91666666666669,26,0.2047244094488189,0.4330708661417323,0.3937007874015748,0.3543307086614173,0.25984251968503935,0.3937007874015748,0.3577052868391451,0.4816272965879265,2023-05-15,0.3937007874015748,50.0,153.0
2023-05-15,153.0,50,0.3937007874015748,0.2047244094488189,0.4330708661417323,0.3937007874015748,0.3464566929133858,0.34383202099737536,0.3498312710911136,0.4637795275590551,2023-05-16,0.5433070866141733,69.0,202.29166666666663
2023-05-16,202.29166666666663,69,0.5433070866141733,0.3937007874015748,0.2047244094488189,0.4330708661417323,0.5039370078740157,0.3438320209973755,0.3565804274465692,0.45301837270341205,2023-05-17,0.5196850393700787,66.0,193.58333333333331
2023-05-17,193.58333333333331,66,0.5196850393700787,0.5433070866141733,0.3937007874015748,0.2047244094488189,0.2125984251968504,0.3805774278215224,0.3622047244094488,0.44671916010498686,2023-05-18,0.1889763779527559,24.0,89.29166666666667
2023-05-18,89.29166666666667,24,0.1889763779527559,0.5196850393700787,0.5433070866141733,0.3937007874015748,0.3543307086614173,0.48556430446194226,0.40607424071991,0.4406824146981627,2023-05-19,0.14960629921259844,19.0,74.75
2023-05-19,74.75,19,0.14960629921259844,0.1889763779527559,0.5196850393700787,0.5433070866141733,0.3937007874015748,0.4173228346456694,0.38245219347581555,0.4293963254593176,2023-05-20,0.33858267716535434,43.0,135.125
2023-05-20,135.125,43,0.33858267716535434,0.14960629921259844,0.1889763779527559,0.5196850393700787,0.4330708661417323,0.2860892388451444,0.34758155230596177,0.410498687664042,2023-05-21,0.3700787401574803,47.0,147.54166666666666
2023-05-21,147.54166666666666,47,0.3700787401574803,0.33858267716535434,0.14960629921259844,0.1889763779527559,0.2047244094488189,0.22572178477690297,0.3340832395950506,0.39711286089238845,2023-05-22,0.5275590551181102,67.0,196.875
2023-05-22,196.875,67,0.5275590551181102,0.3700787401574803,0.33858267716535434,0.14960629921259844,0.3937007874015748,0.2860892388451444,0.3577052868391451,0.3913385826771653,2023-05-23,0.2204724409448819,28.0,98.41666666666669
2023-05-23,98.41666666666669,28,0.2204724409448819,0.5275590551181102,0.3700787401574803,0.33858267716535434,0.5433070866141733,0.41207349081364836,0.37682789651293586,0.3918635170603675,2023-05-24,0.33070866141732286,42.0,133.54166666666666
2023-05-24,133.54166666666666,42,0.33070866141732286,0.2204724409448819,0.5275590551181102,0.3700787401574803,0.5196850393700787,0.3727034120734909,0.3307086614173228,0.38188976377952755,2023-05-25,0.4881889763779528,62.0,183.91666666666663
2023-05-25,183.91666666666663,62,0.4881889763779528,0.33070866141732286,0.2204724409448819,0.5275590551181102,0.1889763779527559,0.35958005249343844,0.3037120359955006,0.37532808398950135,2023-05-26,0.6141732283464567,78.0,225.375
2023-05-26,225.375,78,0.6141732283464567,0.4881889763779528,0.33070866141732286,0.2204724409448819,0.14960629921259844,0.34645669291338593,0.3464566929133858,0.3674540682414698,2023-05-27,0.31496062992125984,40.0,129.375
2023-05-27,129.375,40,0.31496062992125984,0.6141732283464567,0.4881889763779528,0.33070866141732286,0.33858267716535434,0.4776902887139108,0.41282339707536553,0.3763779527559056,2023-05-28,0.48031496062992124,61.0,182.33333333333331
2023-05-28,182.33333333333331,61,0.48031496062992124,0.31496062992125984,0.6141732283464567,0.4881889763779528,0.3700787401574803,0.47244094488188987,0.40944881889763785,0.3779527559055118,2023-05-29,0.6456692913385826,82.0,234.41666666666663
2023-05-29,234.41666666666663,82,0.6456692913385826,0.48031496062992124,0.31496062992125984,0.6141732283464567,0.5275590551181102,0.4698162729658793,0.42519685039370075,0.38031496062992126,2023-05-30,0.6141732283464567,78.0,224.125
2023-05-30,224.125,78,0.6141732283464567,0.6456692913385826,0.48031496062992124,0.31496062992125984,0.2204724409448819,0.4803149606299213,0.4420697412823397,0.38267716535433066,2023-05-31,0.4881889763779528,62.0,184.70833333333331
2023-05-31,184.70833333333331,62,0.4881889763779528,0.6141732283464567,0.6456692913385826,0.48031496062992124,0.33070866141732286,0.5800524934383203,0.4983127109111361,0.39343832020997377,2023-06-01,0.6377952755905512,81.0,231.875
2023-06-01,231.875,81,0.6377952755905512,0.4881889763779528,0.6141732283464567,0.6456692913385826,0.4881889763779528,0.5826771653543308,0.5208098987626546,0.40131233595800525,2023-06-02,0.5275590551181102,67.0,195.66666666666663
2023-06-02,195.66666666666663,67,0.5275590551181102,0.6377952755905512,0.4881889763779528,0.6141732283464567,0.6141732283464567,0.5800524934383203,0.5421822272215973,0.4094488188976378,2023-06-03,0.4094488188976378,52.0,159.5
2023-06-03,159.5,52,0.4094488188976378,0.5275590551181102,0.6377952755905512,0.4881889763779528,0.31496062992125984,0.5511811023622047,0.5298087739032621,0.4144356955380577,2023-06-04,0.4251968503937008,54.0,163.0
2023-06-04,163.0,54,0.4251968503937008,0.4094488188976378,0.5275590551181102,0.6377952755905512,0.48031496062992124,0.5249343832020997,0.5433070866141733,0.41863517060367456,2023-06-05,0.31496062992125984,40.0,128.125
2023-06-05,128.125,40,0.31496062992125984,0.4251968503937008,0.4094488188976378,0.5275590551181102,0.6456692913385826,0.45406824146981634,0.5354330708661418,0.41417322834645665,2023-06-06,0.4409448818897638,56.0,169.79166666666666
2023-06-06,169.79166666666666,56,0.4409448818897638,0.31496062992125984,0.4251968503937008,0.4094488188976378,0.6141732283464567,0.3832020997375329,0.4881889763779528,0.4083989501312336,2023-06-07,0.2755905511811024,35.0,116.20833333333331
2023-06-07,116.20833333333331,35,0.2755905511811024,0.4409448818897638,0.31496062992125984,0.4251968503937008,0.4881889763779528,0.39370078740157494,0.4634420697412823,0.41443569553805776,2023-06-08,0.2283464566929134,29.0,101.0
2023-06-08,101.0,29,0.2283464566929134,0.2755905511811024,0.4409448818897638,0.31496062992125984,0.6377952755905512,0.34383202099737536,0.4330708661417323,0.41207349081364825,2023-06-09,0.3700787401574803,47.0,146.04166666666666
2023-06-09,146.04166666666666,47,0.3700787401574803,0.2283464566929134,0.2755905511811024,0.4409448818897638,0.5275590551181102,0.31496062992125995,0.374578177727784,0.40288713910761154,2023-06-10,0.6220472440944882,79.0,227.75
2023-06-10,227.75,79,0.6220472440944882,0.3700787401574803,0.2283464566929134,0.2755905511811024,0.4094488188976378,0.29133858267716545,0.35208098987626546,0.4081364829396325,2023-06-11,0.6299212598425197,80.0,228.83333333333331
2023-06-11,228.83333333333331,80,0.6299212598425197,0.6220472440944882,0.3700787401574803,0.2283464566929134,0.4251968503937008,0.4068241469816274,0.3824521934758155,0.41706036745406827,2023-06-12,0.6220472440944882,79.0,228.20833333333331
2023-06-12,228.20833333333331,79,0.6220472440944882,0.6299212598425197,0.6220472440944882,0.3700787401574803,0.31496062992125984,0.5406824146981628,0.4116985376827897,0.42493438320209975,2023-06-13,0.3937007874015748,50.0,154.875
2023-06-13,154.875,50,0.3937007874015748,0.6220472440944882,0.6299212598425197,0.6220472440944882,0.4409448818897638,0.6246719160104988,0.4555680539932508,0.43123359580052495,2023-06-14,0.4566929133858268,58.0,174.66666666666666
2023-06-14,174.66666666666666,58,0.4566929133858268,0.3937007874015748,0.6220472440944882,0.6299212598425197,0.2755905511811024,0.5485564304461943,0.4488188976377953,0.43753280839895015,2023-06-15,0.5590551181102362,71.0,206.20833333333331
2023-06-15,206.20833333333331,71,0.5590551181102362,0.4566929133858268,0.3937007874015748,0.6220472440944882,0.2283464566929134,0.49081364829396334,0.47469066366704166,0.4396325459317586,2023-06-16,0.5984251968503937,76.0,220.54166666666663
2023-06-16,220.54166666666663,76,0.5984251968503937,0.5590551181102362,0.4566929133858268,0.3937007874015748,0.3700787401574803,0.4698162729658793,0.5219347581552306,0.4401574803149606,2023-06-17,0.5826771653543307,74.0,214.04166666666663
2023-06-17,214.04166666666663,74,0.5826771653543307,0.5984251968503937,0.5590551181102362,0.4566929133858268,0.6220472440944882,0.5380577427821523,0.5545556805399325,0.44278215223097117,2023-06-18,0.4094488188976378,52.0,159.83333333333334
2023-06-18,159.83333333333334,52,0.4094488188976378,0.5826771653543307,0.5984251968503937,0.5590551181102362,0.6299212598425197,0.5800524934383203,0.548931383577053,0.45590551181102357,2023-06-19,0.1968503937007874,25.0,91.08333333333331
2023-06-19,91.08333333333331,25,0.1968503937007874,0.4094488188976378,0.5826771653543307,0.5984251968503937,0.6220472440944882,0.5301837270341208,0.5174353205849269,0.4645669291338583,2023-06-20,0.2677165354330709,34.0,113.29166666666669
2023-06-20,113.29166666666669,34,0.2677165354330709,0.1968503937007874,0.4094488188976378,0.5826771653543307,0.3937007874015748,0.39632545931758534,0.45669291338582674,0.45984251968503936,2023-06-21,0.1732283464566929,22.0,82.45833333333333
2023-06-21,82.45833333333333,22,0.1732283464566929,0.2677165354330709,0.1968503937007874,0.4094488188976378,0.4566929133858268,0.29133858267716545,0.43869516310461193,0.4564304461942257,2023-06-22,0.4645669291338583,59.0,177.04166666666666
2023-06-22,177.04166666666666,59,0.4645669291338583,0.1732283464566929,0.2677165354330709,0.1968503937007874,0.5590551181102362,0.21259842519685046,0.3982002249718785,0.44461942257217846,2023-06-23,0.5511811023622047,70.0,203.16666666666663
2023-06-23,203.16666666666663,70,0.5511811023622047,0.4645669291338583,0.1732283464566929,0.2677165354330709,0.5984251968503937,0.30183727034120744,0.3847019122609674,0.45275590551181105,2023-06-24,0.6141732283464567,78.0,225.16666666666663
2023-06-24,225.16666666666663,78,0.6141732283464567,0.5511811023622047,0.4645669291338583,0.1732283464566929,0.5826771653543307,0.39632545931758534,0.37795275590551175,0.46010498687664036,2023-06-25,0.5511811023622047,70.0,203.83333333333331
2023-06-25,203.83333333333331,70,0.5511811023622047,0.6141732283464567,0.5511811023622047,0.4645669291338583,0.4094488188976378,0.5433070866141733,0.38245219347581555,0.4643044619422572,2023-06-26,0.4330708661417323,55.0,167.08333333333334
2023-06-26,167.08333333333334,55,0.4330708661417323,0.5511811023622047,0.6141732283464567,0.5511811023622047,0.1968503937007874,0.5721784776902888,0.4026996625421822,0.4622047244094488,2023-06-27,0.5039370078740157,64.0,190.45833333333331
2023-06-27,190.45833333333331,64,0.5039370078740157,0.4330708661417323,0.5511811023622047,0.6141732283464567,0.2677165354330709,0.5328083989501313,0.43644544431946014,0.46614173228346456,2023-06-28,0.6062992125984252,77.0,220.95833333333331
2023-06-28,220.95833333333331,77,0.6062992125984252,0.5039370078740157,0.4330708661417323,0.5511811023622047,0.1732283464566929,0.4960629921259843,0.47019122609673797,0.4669291338582678,2023-06-29,0.4015748031496063,51.0,155.25
2023-06-29,155.25,51,0.4015748031496063,0.6062992125984252,0.5039370078740157,0.4330708661417323,0.4645669291338583,0.5144356955380579,0.532058492688414,0.46561679790026245,2023-06-30,0.5905511811023622,75.0,217.875
2023-06-30,217.875,75,0.5905511811023622,0.4015748031496063,0.6062992125984252,0.5039370078740157,0.5511811023622047,0.5039370078740159,0.5230596175478065,0.45853018372703414,2023-07-01,0.5433070866141733,69.0,201.33333333333331
2023-07-01,201.33333333333331,69,0.5433070866141733,0.5905511811023622,0.4015748031496063,0.6062992125984252,0.6141732283464567,0.5328083989501313,0.5286839145106862,0.46194225721784776,2023-07-02,0.3228346456692913,41.0,130.45833333333334
2023-07-02,130.45833333333334,41,0.3228346456692913,0.5433070866141733,0.5905511811023622,0.4015748031496063,0.5511811023622047,0.5118110236220473,0.5185601799775028,0.4587926509186352,2023-07-03,0.5826771653543307,74.0,214.875
2023-07-03,214.875,74,0.5826771653543307,0.3228346456692913,0.5433070866141733,0.5905511811023622,0.4330708661417323,0.48556430446194226,0.48593925759280093,0.4519685039370079,2023-07-04,0.3464566929133858,44.0,139.83333333333334
2023-07-04,139.83333333333334,44,0.3464566929133858,0.5826771653543307,0.3228346456692913,0.5433070866141733,0.5039370078740157,0.4829396325459318,0.5073115860517435,0.45774278215223096,2023-07-05,0.3700787401574803,47.0,145.66666666666666
2023-07-05,145.66666666666666,47,0.3700787401574803,0.3464566929133858,0.5826771653543307,0.3228346456692913,0.6062992125984252,0.41732283464566927,0.4848143982002249,0.4551181102362205,2023-07-06,0.44881889763779526,57.0,170.625
2023-07-06,170.625,57,0.44881889763779526,0.3700787401574803,0.3464566929133858,0.5826771653543307,0.4015748031496063,0.43307086614173235,0.45106861642294716,0.4569553805774278,2023-07-07,0.5669291338582677,72.0,210.54166666666663
2023-07-07,210.54166666666663,72,0.5669291338582677,0.44881889763779526,0.3700787401574803,0.3464566929133858,0.5905511811023622,0.38845144356955386,0.45781777277840263,0.4572178477690289,2023-07-08,0.5196850393700787,66.0,193.875
2023-07-08,193.875,66,0.5196850393700787,0.5669291338582677,0.44881889763779526,0.3700787401574803,0.5433070866141733,0.46194225721784776,0.4544431946006749,0.46692913385826773,2023-07-09,0.4330708661417323,55.0,165.41666666666666
2023-07-09,165.41666666666666,55,0.4330708661417323,0.5196850393700787,0.5669291338582677,0.44881889763779526,0.3228346456692913,0.5118110236220472,0.4510686164229471,0.4766404199475066,2023-07-10,0.5826771653543307,74.0,213.375
2023-07-10,213.375,74,0.5826771653543307,0.4330708661417323,0.5196850393700787,0.5669291338582677,0.5826771653543307,0.5065616797900262,0.46681664791901006,0.47874015748031495,2023-07-11,0.6220472440944882,79.0,226.20833333333331
2023-07-11,226.20833333333331,79,0.6220472440944882,0.5826771653543307,0.4330708661417323,0.5196850393700787,0.3464566929133858,0.5118110236220472,0.46681664791901006,0.47742782152230967,2023-07-12,0.6141732283464567,78.0,225.16666666666663
2023-07-12,225.16666666666663,78,0.6141732283464567,0.6220472440944882,0.5826771653543307,0.4330708661417323,0.3700787401574803,0.5459317585301837,0.5061867266591676,0.47716535433070867,2023-07-13,0.4645669291338583,59.0,177.45833333333334
2023-07-13,177.45833333333334,59,0.4645669291338583,0.6141732283464567,0.6220472440944882,0.5826771653543307,0.44881889763779526,0.6062992125984252,0.5410573678290213,0.4769028871391076,2023-07-14,0.6456692913385826,82.0,233.70833333333331
2023-07-14,233.70833333333331,82,0.6456692913385826,0.4645669291338583,0.6141732283464567,0.6220472440944882,0.5669291338582677,0.5669291338582677,0.5433070866141733,0.479265091863517,2023-07-15,0.6062992125984252,77.0,222.91666666666663
2023-07-15,222.91666666666663,77,0.6062992125984252,0.6456692913385826,0.4645669291338583,0.6141732283464567,0.5196850393700787,0.5748031496062992,0.5545556805399324,0.4855643044619422,2023-07-16,0.6141732283464567,78.0,224.83333333333331
2023-07-16,224.83333333333331,78,0.6141732283464567,0.6062992125984252,0.6456692913385826,0.4645669291338583,0.4330708661417323,0.5721784776902887,0.5669291338582677,0.4871391076115486,2023-07-17,0.5354330708661418,68.0,198.29166666666663
2023-07-17,198.29166666666663,68,0.5354330708661418,0.6141732283464567,0.6062992125984252,0.6456692913385826,0.5826771653543307,0.6220472440944882,0.592800899887514,0.4876640419947506,2023-07-18,0.6377952755905512,81.0,233.375
2023-07-18,233.375,81,0.6377952755905512,0.5354330708661418,0.6141732283464567,0.6062992125984252,0.6220472440944882,0.5853018372703412,0.5860517435320586,0.4860892388451444,2023-07-19,0.5590551181102362,71.0,205.83333333333331
2023-07-19,205.83333333333331,71,0.5590551181102362,0.6377952755905512,0.5354330708661418,0.6141732283464567,0.6141732283464567,0.5958005249343832,0.5883014623172104,0.4937007874015748,2023-07-20,0.6456692913385826,82.0,235.66666666666663
2023-07-20,235.66666666666663,82,0.6456692913385826,0.5590551181102362,0.6377952755905512,0.5354330708661418,0.4645669291338583,0.5774278215223098,0.5804274465691789,0.5057742782152231,2023-07-21,0.5905511811023622,75.0,216.08333333333331
2023-07-21,216.08333333333331,75,0.5905511811023622,0.6456692913385826,0.5590551181102362,0.6377952755905512,0.6456692913385826,0.6141732283464567,0.6062992125984252,0.5183727034120735,2023-07-22,0.5905511811023622,75.0,217.04166666666663
2023-07-22,217.04166666666663,75,0.5905511811023622,0.5905511811023622,0.6456692913385826,0.5590551181102362,0.6062992125984252,0.5984251968503936,0.5984251968503936,0.5322834645669291,2023-07-23,0.5905511811023622,75.0,217.41666666666663
2023-07-23,217.41666666666663,75,0.5905511811023622,0.5905511811023622,0.5905511811023622,0.6456692913385826,0.6141732283464567,0.6089238845144357,0.5961754780652418,0.5364829396325459,2023-07-24,0.6220472440944882,79.0,226.33333333333331
2023-07-24,226.33333333333331,79,0.6220472440944882,0.5905511811023622,0.5905511811023622,0.5905511811023622,0.5354330708661418,0.5905511811023622,0.592800899887514,0.5377952755905512,2023-07-25,0.4330708661417323,55.0,167.20833333333334
2023-07-25,167.20833333333334,55,0.4330708661417323,0.6220472440944882,0.5905511811023622,0.5905511811023622,0.6377952755905512,0.6010498687664042,0.6051743532058492,0.5380577427821522,2023-07-26,0.5669291338582677,72.0,209.16666666666663
2023-07-26,209.16666666666663,72,0.5669291338582677,0.4330708661417323,0.6220472440944882,0.5905511811023622,0.5590551181102362,0.5485564304461942,0.5759280089988751,0.5341207349081364,2023-07-27,0.36220472440944884,46.0,142.70833333333334
2023-07-27,142.70833333333334,46,0.36220472440944884,0.5669291338582677,0.4330708661417323,0.6220472440944882,0.6456692913385826,0.5406824146981627,0.5770528683914511,0.5385826771653544,2023-07-28,0.25984251968503935,33.0,111.04166666666669
2023-07-28,111.04166666666669,33,0.25984251968503935,0.36220472440944884,0.5669291338582677,0.4330708661417323,0.5905511811023622,0.4540682414698163,0.5365579302587177,0.5338582677165354,2023-07-29,0.4251968503937008,54.0,164.5
2023-07-29,164.5,54,0.4251968503937008,0.25984251968503935,0.36220472440944884,0.5669291338582677,0.5905511811023622,0.39632545931758534,0.4893138357705286,0.5223097112860893,2023-07-30,0.6692913385826772,85.0,241.70833333333331
2023-07-30,241.70833333333331,85,0.6692913385826772,0.4251968503937008,0.25984251968503935,0.36220472440944884,0.5905511811023622,0.3490813648293963,0.46569178852643417,0.5230971128608923,2023-07-31,0.5275590551181102,67.0,198.04166666666663
2023-07-31,198.04166666666663,67,0.5275590551181102,0.6692913385826772,0.4251968503937008,0.25984251968503935,0.6220472440944882,0.45144356955380577,0.4769403824521935,0.5257217847769029,2023-08-01,0.44881889763779526,57.0,171.0
2023-08-01,171.0,57,0.44881889763779526,0.5275590551181102,0.6692913385826772,0.4251968503937008,0.4330708661417323,0.5406824146981627,0.4634420697412823,0.5251968503937008,2023-08-02,0.4094488188976378,52.0,158.66666666666666
2023-08-02,158.66666666666666,52,0.4094488188976378,0.44881889763779526,0.5275590551181102,0.6692913385826772,0.5669291338582677,0.5485564304461943,0.4656917885264343,0.5293963254593176,2023-08-03,0.4566929133858268,58.0,174.91666666666666
2023-08-03,174.91666666666666,58,0.4566929133858268,0.4094488188976378,0.44881889763779526,0.5275590551181102,0.36220472440944884,0.46194225721784776,0.4431946006749156,0.5236220472440944,2023-08-04,0.6771653543307087,86.0,245.33333333333331
2023-08-04,245.33333333333331,86,0.6771653543307087,0.4566929133858268,0.4094488188976378,0.44881889763779526,0.25984251968503935,0.43832020997375326,0.4566929133858268,0.5272965879265092,2023-08-05,0.5118110236220472,65.0,192.66666666666663
2023-08-05,192.66666666666663,65,0.5118110236220472,0.6771653543307087,0.4566929133858268,0.4094488188976378,0.4251968503937008,0.5144356955380577,0.516310461192351,0.5375328083989501,2023-08-06,0.44881889763779526,57.0,171.70833333333334
2023-08-06,171.70833333333334,57,0.44881889763779526,0.5118110236220472,0.6771653543307087,0.4566929133858268,0.6692913385826772,0.5485564304461943,0.5286839145106862,0.5396325459317585,2023-08-07,0.4881889763779528,62.0,184.75
2023-08-07,184.75,62,0.4881889763779528,0.44881889763779526,0.5118110236220472,0.6771653543307087,0.5275590551181102,0.5459317585301837,0.4971878515185602,0.5356955380577428,2023-08-08,0.6614173228346457,84.0,240.66666666666663
2023-08-08,240.66666666666663,84,0.6614173228346457,0.4881889763779528,0.44881889763779526,0.5118110236220472,0.44881889763779526,0.4829396325459318,0.49156355455568057,0.5346456692913385,2023-08-09,0.5196850393700787,66.0,195.29166666666663
2023-08-09,195.29166666666663,66,0.5196850393700787,0.6614173228346457,0.4881889763779528,0.44881889763779526,0.4094488188976378,0.5328083989501312,0.5219347581552306,0.542257217847769,2023-08-10,0.4645669291338583,59.0,176.54166666666666
2023-08-10,176.54166666666666,59,0.4645669291338583,0.5196850393700787,0.6614173228346457,0.4881889763779528,0.4566929133858268,0.5564304461942258,0.5376827896512936,0.5401574803149606,2023-08-11,0.36220472440944884,46.0,143.95833333333334
2023-08-11,143.95833333333334,46,0.36220472440944884,0.4645669291338583,0.5196850393700787,0.6614173228346457,0.6771653543307087,0.5485564304461943,0.5388076490438695,0.5349081364829397,2023-08-12,0.7007874015748031,89.0,251.33333333333331
2023-08-12,251.33333333333331,89,0.7007874015748031,0.36220472440944884,0.4645669291338583,0.5196850393700787,0.5118110236220472,0.4488188976377953,0.4938132733408324,0.5265091863517061,2023-08-13,0.5826771653543307,74.0,213.91666666666663
2023-08-13,213.91666666666663,74,0.5826771653543307,0.7007874015748031,0.36220472440944884,0.4645669291338583,0.44881889763779526,0.5091863517060368,0.5208098987626546,0.5343832020997376,2023-08-14,0.6377952755905512,81.0,233.16666666666663
2023-08-14,233.16666666666663,81,0.6377952755905512,0.5826771653543307,0.7007874015748031,0.36220472440944884,0.4881889763779528,0.5485564304461942,0.5399325084364455,0.5322834645669291,2023-08-15,0.5826771653543307,74.0,214.75
2023-08-15,214.75,74,0.5826771653543307,0.6377952755905512,0.5826771653543307,0.7007874015748031,0.6614173228346457,0.6404199475065616,0.5613048368953881,0.5333333333333333,2023-08-16,0.6299212598425197,80.0,228.375
2023-08-16,228.375,80,0.6299212598425197,0.5826771653543307,0.6377952755905512,0.5826771653543307,0.5196850393700787,0.6010498687664042,0.5500562429696289,0.5322834645669291,2023-08-17,0.5118110236220472,65.0,192.125
2023-08-17,192.125,65,0.5118110236220472,0.6299212598425197,0.5826771653543307,0.6377952755905512,0.4645669291338583,0.6167979002624672,0.5658042744656918,0.5354330708661418,2023-08-18,0.6062992125984252,77.0,221.95833333333331
2023-08-18,221.95833333333331,77,0.6062992125984252,0.5118110236220472,0.6299212598425197,0.5826771653543307,0.36220472440944884,0.5748031496062992,0.5725534308211474,0.5312335958005249,2023-08-19,0.7637795275590551,97.0,272.9583333333333
2023-08-19,272.9583333333333,97,0.7637795275590551,0.6062992125984252,0.5118110236220472,0.6299212598425197,0.7007874015748031,0.5826771653543307,0.607424071991001,0.5328083989501312,2023-08-20,0.5669291338582677,72.0,208.79166666666663
2023-08-20,208.79166666666663,72,0.5669291338582677,0.7637795275590551,0.6062992125984252,0.5118110236220472,0.5826771653543307,0.6272965879265092,0.6164229471316086,0.536745406824147,2023-08-21,0.6456692913385826,82.0,234.79166666666663
2023-08-21,234.79166666666663,82,0.6456692913385826,0.5669291338582677,0.7637795275590551,0.6062992125984252,0.6377952755905512,0.6456692913385828,0.6141732283464566,0.5359580052493438,2023-08-22,0.5196850393700787,66.0,195.375
2023-08-22,195.375,66,0.5196850393700787,0.6456692913385826,0.5669291338582677,0.7637795275590551,0.5826771653543307,0.6587926509186351,0.6152980877390327,0.5377952755905511,2023-08-23,0.5984251968503937,76.0,219.79166666666663
2023-08-23,219.79166666666663,76,0.5984251968503937,0.5196850393700787,0.6456692913385826,0.5669291338582677,0.6299212598425197,0.5774278215223098,0.6062992125984252,0.5354330708661418,2023-08-24,0.7559055118110236,96.0,270.1666666666667
2023-08-24,270.1666666666667,96,0.7559055118110236,0.5984251968503937,0.5196850393700787,0.6456692913385826,0.5118110236220472,0.5879265091863517,0.6017997750281214,0.5346456692913386,2023-08-25,0.6850393700787402,87.0,246.5
2023-08-25,246.5,87,0.6850393700787402,0.7559055118110236,0.5984251968503937,0.5196850393700787,0.6062992125984252,0.6246719160104987,0.6366704161979753,0.5454068241469816,2023-08-26,0.7637795275590551,97.0,272.375
2023-08-26,272.375,97,0.7637795275590551,0.6850393700787402,0.7559055118110236,0.5984251968503937,0.7637795275590551,0.6797900262467191,0.6479190101237345,0.5493438320209975,2023-08-27,0.6377952755905512,81.0,232.25
2023-08-27,232.25,81,0.6377952755905512,0.7637795275590551,0.6850393700787402,0.7559055118110236,0.5669291338582677,0.7349081364829396,0.6479190101237345,0.562729658792651,2023-08-28,0.5905511811023622,75.0,218.0
2023-08-28,218.0,75,0.5905511811023622,0.6377952755905512,0.7637795275590551,0.6850393700787402,0.6456692913385826,0.6955380577427821,0.6580427446569178,0.5753280839895012,2023-08-29,0.7244094488188977,92.0,259.0833333333333
2023-08-29,259.0833333333333,92,0.7244094488188977,0.5905511811023622,0.6377952755905512,0.7637795275590551,0.5196850393700787,0.6640419947506562,0.6501687289088863,0.5808398950131234,2023-08-30,0.5826771653543307,74.0,215.70833333333331
2023-08-30,215.70833333333331,74,0.5826771653543307,0.7244094488188977,0.5905511811023622,0.6377952755905512,0.5984251968503937,0.6509186351706037,0.6794150731158606,0.5826771653543308,2023-08-31,0.7322834645669292,93.0,261.625
2023-08-31,261.625,93,0.7322834645669292,0.5826771653543307,0.7244094488188977,0.5905511811023622,0.7559055118110236,0.6325459317585301,0.6771653543307087,0.5845144356955381,2023-09-01,0.7244094488188977,92.0,259.875
2023-09-01,259.875,92,0.7244094488188977,0.7322834645669292,0.5826771653543307,0.7244094488188977,0.6850393700787402,0.6797900262467191,0.6737907761529808,0.5939632545931759,2023-09-02,0.7795275590551181,99.0,278.375
2023-09-02,278.375,99,0.7795275590551181,0.7244094488188977,0.7322834645669292,0.5826771653543307,0.7637795275590551,0.6797900262467191,0.6794150731158606,0.6044619422572178,2023-09-03,0.7480314960629921,95.0,267.1666666666667
2023-09-03,267.1666666666667,95,0.7480314960629921,0.7795275590551181,0.7244094488188977,0.7322834645669292,0.6377952755905512,0.7454068241469817,0.6816647919010123,0.6152230971128608,2023-09-04,0.5275590551181102,67.0,196.70833333333331
2023-09-04,196.70833333333331,67,0.5275590551181102,0.7480314960629921,0.7795275590551181,0.7244094488188977,0.5905511811023622,0.7506561679790026,0.6974128233970754,0.6175853018372703,2023-09-05,0.7322834645669292,93.0,262.4166666666667
2023-09-05,262.4166666666667,93,0.7322834645669292,0.5275590551181102,0.7480314960629921,0.7795275590551181,0.7244094488188977,0.6850393700787402,0.688413948256468,0.6181102362204725,2023-09-06,0.5748031496062992,73.0,211.29166666666663
2023-09-06,211.29166666666663,73,0.5748031496062992,0.7322834645669292,0.5275590551181102,0.7480314960629921,0.5826771653543307,0.6692913385826772,0.6895388076490437,0.6275590551181102,2023-09-07,0.7952755905511811,101.0,281.7916666666667
2023-09-07,281.7916666666667,101,0.7952755905511811,0.5748031496062992,0.7322834645669292,0.5275590551181102,0.7322834645669292,0.6115485564304461,0.6884139482564678,0.6304461942257217,2023-09-08,0.4881889763779528,62.0,184.25
2023-09-08,184.25,62,0.4881889763779528,0.7952755905511811,0.5748031496062992,0.7322834645669292,0.7244094488188977,0.7007874015748031,0.6974128233970754,0.6349081364829396,2023-09-09,0.7480314960629921,95.0,266.25
2023-09-09,266.25,95,0.7480314960629921,0.4881889763779528,0.7952755905511811,0.5748031496062992,0.7795275590551181,0.6194225721784777,0.6636670416197975,0.6338582677165354,2023-09-10,0.47244094488188976,60.0,178.41666666666666
2023-09-10,178.41666666666666,60,0.47244094488188976,0.7480314960629921,0.4881889763779528,0.7952755905511811,0.7480314960629921,0.6771653543307087,0.6591676040494939,0.6433070866141732,2023-09-11,0.7322834645669292,93.0,261.2083333333333
2023-09-11,261.2083333333333,93,0.7322834645669292,0.47244094488188976,0.7480314960629921,0.4881889763779528,0.5275590551181102,0.5695538057742783,0.6197975253093363,0.646981627296588,2023-09-12,0.7559055118110236,96.0,269.625
2023-09-12,269.625,96,0.7559055118110236,0.7322834645669292,0.47244094488188976,0.7480314960629921,0.7322834645669292,0.6509186351706037,0.6490438695163104,0.6480314960629922,2023-09-13,0.7952755905511811,101.0,282.5
2023-09-13,282.5,101,0.7952755905511811,0.7559055118110236,0.7322834645669292,0.47244094488188976,0.5748031496062992,0.6535433070866142,0.6524184476940383,0.6538057742782152,2023-09-14,0.6929133858267716,88.0,249.66666666666663
2023-09-14,249.66666666666663,88,0.6929133858267716,0.7952755905511811,0.7559055118110236,0.7322834645669292,0.7952755905511811,0.7611548556430446,0.6839145106861643,0.6590551181102363,2023-09-15,0.7874015748031497,100.0,278.8333333333333
2023-09-15,278.8333333333333,100,0.7874015748031497,0.6929133858267716,0.7952755905511811,0.7559055118110236,0.4881889763779528,0.7480314960629921,0.6692913385826772,0.6627296587926509,2023-09-16,0.7322834645669292,93.0,262.5
2023-09-16,262.5,93,0.7322834645669292,0.7874015748031497,0.6929133858267716,0.7952755905511811,0.7480314960629921,0.7585301837270341,0.7120359955005624,0.6679790026246718,2023-09-17,0.7637795275590551,97.0,272.9583333333333
2023-09-17,272.9583333333333,97,0.7637795275590551,0.7322834645669292,0.7874015748031497,0.6929133858267716,0.47244094488188976,0.7375328083989502,0.7097862767154106,0.6753280839895013,2023-09-18,0.5748031496062992,73.0,211.875
2023-09-18,211.875,73,0.5748031496062992,0.7637795275590551,0.7322834645669292,0.7874015748031497,0.7322834645669292,0.7611548556430446,0.7514060742407199,0.6805774278215223,2023-09-19,0.44881889763779526,57.0,172.875
2023-09-19,172.875,57,0.44881889763779526,0.5748031496062992,0.7637795275590551,0.7322834645669292,0.7559055118110236,0.6902887139107611,0.7289088863892014,0.6742782152230972,2023-09-20,0.7637795275590551,97.0,272.625
2023-09-20,272.625,97,0.7637795275590551,0.44881889763779526,0.5748031496062992,0.7637795275590551,0.7952755905511811,0.5958005249343832,0.68503937007874,0.6703412073490813,2023-09-21,0.6220472440944882,79.0,228.25
2023-09-21,228.25,79,0.6220472440944882,0.7637795275590551,0.44881889763779526,0.5748031496062992,0.6929133858267716,0.5958005249343832,0.6805399325084365,0.6742782152230972,2023-09-22,0.6220472440944882,79.0,227.54166666666663
2023-09-22,227.54166666666663,79,0.6220472440944882,0.6220472440944882,0.7637795275590551,0.44881889763779526,0.7874015748031497,0.6115485564304461,0.6704161979752531,0.6776902887139108,2023-09-23,0.6929133858267716,88.0,250.33333333333331
2023-09-23,250.33333333333331,88,0.6929133858267716,0.6220472440944882,0.6220472440944882,0.7637795275590551,0.7322834645669292,0.6692913385826772,0.6467941507311586,0.6784776902887139,2023-09-24,0.6220472440944882,79.0,225.875
2023-09-24,225.875,79,0.6220472440944882,0.6929133858267716,0.6220472440944882,0.6220472440944882,0.7637795275590551,0.6456692913385826,0.641169853768279,0.6763779527559055,2023-09-25,0.8503937007874016,108.0,300.0
2023-09-25,300.0,108,0.8503937007874016,0.6220472440944882,0.6929133858267716,0.6220472440944882,0.5748031496062992,0.6456692913385826,0.6209223847019123,0.674278215223097,2023-09-26,0.8267716535433071,105.0,293.5833333333333
2023-09-26,293.5833333333333,105,0.8267716535433071,0.8503937007874016,0.6220472440944882,0.6929133858267716,0.44881889763779526,0.721784776902887,0.6602924634420698,0.6771653543307087,2023-09-27,0.8110236220472441,103.0,288.7916666666667
2023-09-27,288.7916666666667,103,0.8110236220472441,0.8267716535433071,0.8503937007874016,0.6220472440944882,0.7637795275590551,0.7664041994750656,0.7142857142857143,0.6834645669291339,2023-09-28,0.8503937007874016,108.0,301.0
2023-09-28,301.0,108,0.8503937007874016,0.8110236220472441,0.8267716535433071,0.8503937007874016,0.6220472440944882,0.8293963254593176,0.7210348706411699,0.6908136482939633,2023-09-29,0.8346456692913385,106.0,294.0833333333333
2023-09-29,294.0833333333333,106,0.8346456692913385,0.8503937007874016,0.8110236220472441,0.8267716535433071,0.6220472440944882,0.8293963254593176,0.7536557930258717,0.69501312335958,2023-09-30,0.3858267716535433,49.0,151.33333333333334
2023-09-30,151.33333333333334,49,0.3858267716535433,0.8346456692913385,0.8503937007874016,0.8110236220472441,0.6929133858267716,0.8320209973753281,0.7840269966254219,0.7034120734908136,2023-10-01,0.5590551181102362,71.0,206.66666666666663
2023-10-01,206.66666666666663,71,0.5590551181102362,0.3858267716535433,0.8346456692913385,0.8503937007874016,0.6220472440944882,0.6902887139107611,0.7401574803149608,0.6918635170603674,2023-10-02,0.8582677165354331,109.0,301.8333333333333
2023-10-02,301.8333333333333,109,0.8582677165354331,0.5590551181102362,0.3858267716535433,0.8346456692913385,0.8503937007874016,0.5931758530183727,0.7311586051743532,0.6863517060367454,2023-10-03,0.8110236220472441,103.0,288.7083333333333
2023-10-03,288.7083333333333,103,0.8110236220472441,0.8582677165354331,0.5590551181102362,0.3858267716535433,0.8267716535433071,0.6010498687664042,0.732283464566929,0.6889763779527559,2023-10-04,0.8110236220472441,103.0,288.5
2023-10-04,288.5,103,0.8110236220472441,0.8110236220472441,0.8582677165354331,0.5590551181102362,0.8110236220472441,0.7427821522309711,0.7300337457817773,0.6910761154855644,2023-10-05,0.7637795275590551,97.0,272.3333333333333
2023-10-05,272.3333333333333,97,0.7637795275590551,0.8110236220472441,0.8110236220472441,0.8582677165354331,0.8503937007874016,0.8267716535433071,0.7300337457817773,0.7005249343832021,2023-10-06,0.8740157480314961,111.0,308.3333333333333
2023-10-06,308.3333333333333,111,0.8740157480314961,0.7637795275590551,0.8110236220472441,0.8110236220472441,0.8346456692913385,0.795275590551181,0.7176602924634421,0.7015748031496063,2023-10-07,0.7401574803149606,94.0,264.7916666666667
2023-10-07,264.7916666666667,94,0.7401574803149606,0.8740157480314961,0.7637795275590551,0.8110236220472441,0.3858267716535433,0.8162729658792651,0.7232845894263217,0.7115485564304461,2023-10-08,0.6377952755905512,81.0,231.375
2023-10-08,231.375,81,0.6377952755905512,0.7401574803149606,0.8740157480314961,0.7637795275590551,0.5590551181102362,0.7926509186351707,0.7739032620922385,0.7097112860892388,2023-10-09,0.8031496062992126,102.0,284.875
2023-10-09,284.875,102,0.8031496062992126,0.6377952755905512,0.7401574803149606,0.8740157480314961,0.8582677165354331,0.7506561679790026,0.7851518560179978,0.7146981627296589,2023-10-10,0.8976377952755905,114.0,314.9583333333333
2023-10-10,314.9583333333333,114,0.8976377952755905,0.8031496062992126,0.6377952755905512,0.7401574803149606,0.8110236220472441,0.727034120734908,0.7772778402699663,0.7165354330708662,2023-10-11,0.7795275590551181,99.0,278.0833333333333
2023-10-11,278.0833333333333,99,0.7795275590551181,0.8976377952755905,0.8031496062992126,0.6377952755905512,0.8110236220472441,0.7795275590551181,0.7896512935883014,0.7307086614173228,2023-10-12,0.7559055118110236,96.0,268.875
2023-10-12,268.875,96,0.7559055118110236,0.7795275590551181,0.8976377952755905,0.8031496062992126,0.7637795275590551,0.8267716535433071,0.7851518560179978,0.7322834645669292,2023-10-13,0.8031496062992126,102.0,284.875
2023-10-13,284.875,102,0.8031496062992126,0.7559055118110236,0.7795275590551181,0.8976377952755905,0.8740157480314961,0.8110236220472441,0.7840269966254219,0.7322834645669292,2023-10-14,0.6929133858267716,88.0,249.95833333333331
2023-10-14,249.95833333333331,88,0.6929133858267716,0.8031496062992126,0.7559055118110236,0.7795275590551181,0.7401574803149606,0.7795275590551181,0.7739032620922385,0.7325459317585301,2023-10-15,0.8188976377952756,104.0,289.4583333333333
2023-10-15,289.4583333333333,104,0.8188976377952756,0.6929133858267716,0.8031496062992126,0.7559055118110236,0.6377952755905512,0.7506561679790026,0.7671541057367828,0.7325459317585302,2023-10-16,0.905511811023622,115.0,317.8333333333333
2023-10-16,317.8333333333333,115,0.905511811023622,0.8188976377952756,0.6929133858267716,0.8031496062992126,0.8031496062992126,0.7716535433070866,0.7930258717660292,0.7335958005249344,2023-10-17,0.9133858267716536,116.0,321.2916666666667
2023-10-17,321.2916666666667,116,0.9133858267716536,0.905511811023622,0.8188976377952756,0.6929133858267716,0.8976377952755905,0.8057742782152232,0.8076490438695163,0.7393700787401575,2023-10-18,0.8976377952755905,114.0,315.625
2023-10-18,315.625,114,0.8976377952755905,0.9133858267716536,0.905511811023622,0.8188976377952756,0.7795275590551181,0.879265091863517,0.8098987626546682,0.7443569553805774,2023-10-19,0.8976377952755905,114.0,315.1666666666667
2023-10-19,315.1666666666667,114,0.8976377952755905,0.8976377952755905,0.9133858267716536,0.905511811023622,0.7559055118110236,0.9055118110236221,0.8267716535433071,0.7551181102362204,2023-10-20,0.9212598425196851,117.0,323.7083333333333
2023-10-20,323.7083333333333,117,0.9212598425196851,0.8976377952755905,0.8976377952755905,0.9133858267716536,0.8031496062992126,0.9028871391076114,0.8470191226096738,0.7700787401574802,2023-10-21,0.952755905511811,121.0,331.875
2023-10-21,331.875,121,0.952755905511811,0.9212598425196851,0.8976377952755905,0.8976377952755905,0.6929133858267716,0.9055118110236221,0.8638920134983127,0.7753280839895013,2023-10-22,0.9212598425196851,117.0,322.0
2023-10-22,322.0,117,0.9212598425196851,0.952755905511811,0.9212598425196851,0.8976377952755905,0.8188976377952756,0.9238845144356955,0.9010123734533184,0.7863517060367454,2023-10-23,0.6220472440944882,79.0,227.25
2023-10-23,227.25,79,0.6220472440944882,0.9212598425196851,0.952755905511811,0.9212598425196851,0.905511811023622,0.931758530183727,0.9156355455568054,0.7963254593175854,2023-10-24,0.7716535433070866,98.0,274.875
2023-10-24,274.875,98,0.7716535433070866,0.6220472440944882,0.9212598425196851,0.952755905511811,0.9133858267716536,0.8320209973753281,0.875140607424072,0.7939632545931758,2023-10-25,0.9212598425196851,117.0,321.7916666666667
2023-10-25,321.7916666666667,117,0.9212598425196851,0.7716535433070866,0.6220472440944882,0.9212598425196851,0.8976377952755905,0.7716535433070866,0.8548931383577053,0.7989501312335958,2023-10-26,0.8661417322834646,110.0,304.7916666666667
2023-10-26,304.7916666666667,110,0.8661417322834646,0.9212598425196851,0.7716535433070866,0.6220472440944882,0.8976377952755905,0.7716535433070866,0.8582677165354331,0.8013123359580052,2023-10-27,0.7559055118110236,96.0,270.0833333333333
2023-10-27,270.0833333333333,96,0.7559055118110236,0.8661417322834646,0.9212598425196851,0.7716535433070866,0.9212598425196851,0.8530183727034121,0.8537682789651294,0.8026246719160105,2023-10-28,0.8188976377952756,104.0,289.0833333333333
2023-10-28,289.0833333333333,104,0.8188976377952756,0.7559055118110236,0.8661417322834646,0.9212598425196851,0.952755905511811,0.847769028871391,0.830146231721035,0.8007874015748031,2023-10-29,0.8582677165354331,109.0,301.625
2023-10-29,301.625,109,0.8582677165354331,0.8188976377952756,0.7559055118110236,0.8661417322834646,0.9212598425196851,0.8136482939632547,0.8110236220472441,0.799737532808399,2023-10-30,0.9212598425196851,117.0,322.875
2023-10-30,322.875,117,0.9212598425196851,0.8582677165354331,0.8188976377952756,0.7559055118110236,0.6220472440944882,0.8110236220472441,0.8020247469066366,0.800524934383202,2023-10-31,0.8503937007874016,108.0,300.75
2023-10-31,300.75,108,0.8503937007874016,0.9212598425196851,0.8582677165354331,0.8188976377952756,0.7716535433070866,0.8661417322834645,0.8447694038245219,0.8183727034120735,2023-11-01,0.8661417322834646,110.0,304.875
2023-11-01,304.875,110,0.8661417322834646,0.8503937007874016,0.9212598425196851,0.8582677165354331,0.9212598425196851,0.8766404199475066,0.8560179977502812,0.8280839895013123,2023-11-02,0.6377952755905512,81.0,232.625
2023-11-02,232.625,81,0.6377952755905512,0.8661417322834646,0.8503937007874016,0.9212598425196851,0.8661417322834646,0.879265091863517,0.8481439820022497,0.8283464566929133,2023-11-03,0.7244094488188977,92.0,259.375
2023-11-03,259.375,92,0.7244094488188977,0.6377952755905512,0.8661417322834646,0.8503937007874016,0.7559055118110236,0.7847769028871392,0.8155230596175479,0.8225721784776903,2023-11-04,0.8110236220472441,103.0,286.9583333333333
2023-11-04,286.9583333333333,103,0.8110236220472441,0.7244094488188977,0.6377952755905512,0.8661417322834646,0.8188976377952756,0.7427821522309711,0.8110236220472441,0.8196850393700786,2023-11-05,0.7952755905511811,101.0,281.7083333333333
2023-11-05,281.7083333333333,101,0.7952755905511811,0.8110236220472441,0.7244094488188977,0.6377952755905512,0.8582677165354331,0.7244094488188977,0.8098987626546682,0.821259842519685,2023-11-06,0.6456692913385826,82.0,235.625
2023-11-06,235.625,82,0.6456692913385826,0.7952755905511811,0.8110236220472441,0.7244094488188977,0.9212598425196851,0.7769028871391077,0.8008998875140607,0.8186351706036744,2023-11-07,0.36220472440944884,46.0,144.16666666666666
2023-11-07,144.16666666666666,46,0.36220472440944884,0.6456692913385826,0.7952755905511811,0.8110236220472441,0.8503937007874016,0.7506561679790026,0.7615298087739033,0.815485564304462,2023-11-08,0.8110236220472441,103.0,288.5416666666667
2023-11-08,288.5416666666667,103,0.8110236220472441,0.36220472440944884,0.6456692913385826,0.7952755905511811,0.8661417322834646,0.6010498687664042,0.6917885264341956,0.8062992125984252,2023-11-09,0.6850393700787402,87.0,246.375
2023-11-09,246.375,87,0.6850393700787402,0.8110236220472441,0.36220472440944884,0.6456692913385826,0.6377952755905512,0.6062992125984251,0.6839145106861643,0.8065616797900262,2023-11-10,0.968503937007874,123.0,337.5833333333333
2023-11-10,337.5833333333333,123,0.968503937007874,0.6850393700787402,0.8110236220472441,0.36220472440944884,0.7244094488188977,0.6194225721784777,0.6906636670416199,0.7994750656167979,2023-11-11,0.9606299212598425,122.0,336.375
2023-11-11,336.375,122,0.9606299212598425,0.968503937007874,0.6850393700787402,0.8110236220472441,0.8110236220472441,0.8215223097112861,0.7255343082114736,0.8057742782152232,2023-11-12,0.9763779527559056,124.0,341.2916666666667
2023-11-12,341.2916666666667,124,0.9763779527559056,0.9606299212598425,0.968503937007874,0.6850393700787402,0.7952755905511811,0.8713910761154855,0.7469066366704162,0.8125984251968503,2023-11-13,0.968503937007874,123.0,339.0416666666667
2023-11-13,339.0416666666667,123,0.968503937007874,0.9763779527559056,0.9606299212598425,0.968503937007874,0.6456692913385826,0.9685039370078741,0.7727784026996626,0.8183727034120735,2023-11-14,0.8740157480314961,111.0,307.375
2023-11-14,307.375,111,0.8740157480314961,0.968503937007874,0.9763779527559056,0.9606299212598425,0.36220472440944884,0.968503937007874,0.8188976377952757,0.8275590551181101,2023-11-15,0.6929133858267716,88.0,249.33333333333331
2023-11-15,249.33333333333331,88,0.6929133858267716,0.8740157480314961,0.968503937007874,0.9763779527559056,0.8110236220472441,0.9396325459317585,0.8920134983127108,0.8293963254593175,2023-11-16,0.8188976377952756,104.0,289.375
2023-11-16,289.375,104,0.8188976377952756,0.6929133858267716,0.8740157480314961,0.968503937007874,0.6850393700787402,0.8451443569553806,0.875140607424072,0.8223097112860892,2023-11-17,0.8110236220472441,103.0,287.0833333333333
2023-11-17,287.0833333333333,103,0.8110236220472441,0.8188976377952756,0.6929133858267716,0.8740157480314961,0.968503937007874,0.795275590551181,0.8942632170978627,0.8191601049868766,2023-11-18,0.8110236220472441,103.0,287.0
2023-11-18,287.0,103,0.8110236220472441,0.8110236220472441,0.8188976377952756,0.6929133858267716,0.9606299212598425,0.7742782152230973,0.8717660292463442,0.816272965879265,2023-11-19,0.9291338582677166,118.0,325.0
2023-11-19,325.0,118,0.9291338582677166,0.8110236220472441,0.8110236220472441,0.8188976377952756,0.9763779527559056,0.8136482939632547,0.8503937007874016,0.8133858267716536,2023-11-20,0.7559055118110236,96.0,270.7916666666667
2023-11-20,270.7916666666667,96,0.7559055118110236,0.9291338582677166,0.8110236220472441,0.8110236220472441,0.968503937007874,0.8503937007874015,0.8436445444319459,0.8136482939632546,2023-11-21,0.7952755905511811,101.0,282.7083333333333
2023-11-21,282.7083333333333,101,0.7952755905511811,0.7559055118110236,0.9291338582677166,0.8110236220472441,0.8740157480314961,0.8320209973753281,0.813273340832396,0.8070866141732284,2023-11-22,0.6614173228346457,84.0,239.16666666666663
2023-11-22,239.16666666666663,84,0.6614173228346457,0.7952755905511811,0.7559055118110236,0.9291338582677166,0.6929133858267716,0.8267716535433071,0.8020247469066367,0.8028871391076116,2023-11-23,0.8740157480314961,111.0,307.6666666666667
2023-11-23,307.6666666666667,111,0.8740157480314961,0.6614173228346457,0.7952755905511811,0.7559055118110236,0.8188976377952756,0.7375328083989502,0.7975253093363329,0.8041994750656168,2023-11-24,0.968503937007874,123.0,339.0416666666667
2023-11-24,339.0416666666667,123,0.968503937007874,0.8740157480314961,0.6614173228346457,0.7952755905511811,0.8110236220472441,0.7769028871391077,0.8053993250843645,0.8076115485564305,2023-11-25,0.9763779527559056,124.0,340.0833333333333
2023-11-25,340.0833333333333,124,0.9763779527559056,0.968503937007874,0.8740157480314961,0.6614173228346457,0.8110236220472441,0.8346456692913385,0.8278965129358831,0.8091863517060368,2023-11-26,0.905511811023622,115.0,318.0833333333333
2023-11-26,318.0833333333333,115,0.905511811023622,0.9763779527559056,0.968503937007874,0.8740157480314961,0.9291338582677166,0.9396325459317585,0.8515185601799775,0.8128608923884514,2023-11-27,0.84251968503937,107.0,296.75
2023-11-27,296.75,107,0.84251968503937,0.905511811023622,0.9763779527559056,0.968503937007874,0.7559055118110236,0.9501312335958004,0.8481439820022497,0.8178477690288714,2023-11-28,0.84251968503937,107.0,298.375
2023-11-28,298.375,107,0.84251968503937,0.84251968503937,0.905511811023622,0.9763779527559056,0.7952755905511811,0.9081364829396325,0.8605174353205849,0.8186351706036745,2023-11-29,0.9763779527559056,124.0,339.9583333333333
2023-11-29,339.9583333333333,124,0.9763779527559056,0.84251968503937,0.84251968503937,0.905511811023622,0.6614173228346457,0.863517060367454,0.8672665916760405,0.8181102362204725,2023-11-30,0.952755905511811,121.0,333.125
2023-11-30,333.125,121,0.952755905511811,0.9763779527559056,0.84251968503937,0.84251968503937,0.8740157480314961,0.8871391076115486,0.9122609673790775,0.8199475065616799,2023-12-01,0.952755905511811,121.0,331.9166666666667
2023-12-01,331.9166666666667,121,0.952755905511811,0.952755905511811,0.9763779527559056,0.84251968503937,0.968503937007874,0.9238845144356955,0.9235095613048367,0.8233595800524934,2023-12-02,0.9291338582677166,118.0,325.0833333333333
2023-12-02,325.0833333333333,118,0.9291338582677166,0.952755905511811,0.952755905511811,0.9763779527559056,0.9763779527559056,0.9606299212598426,0.921259842519685,0.8262467191601051,2023-12-03,0.968503937007874,123.0,337.9583333333333
2023-12-03,337.9583333333333,123,0.968503937007874,0.9291338582677166,0.952755905511811,0.952755905511811,0.905511811023622,0.9448818897637796,0.9145106861642294,0.8359580052493438,2023-12-04,0.8976377952755905,114.0,315.0416666666667
2023-12-04,315.0416666666667,114,0.8976377952755905,0.968503937007874,0.9291338582677166,0.952755905511811,0.84251968503937,0.9501312335958004,0.9235095613048369,0.8440944881889764,2023-12-05,0.905511811023622,115.0,317.5
2023-12-05,317.5,115,0.905511811023622,0.8976377952755905,0.968503937007874,0.9291338582677166,0.84251968503937,0.931758530183727,0.9313835770528683,0.8469816272965879,2023-12-06,0.7795275590551181,99.0,277.0
2023-12-06,277.0,99,0.7795275590551181,0.905511811023622,0.8976377952755905,0.968503937007874,0.9763779527559056,0.9238845144356955,0.9403824521934759,0.8506561679790026,2023-12-07,0.5590551181102362,71.0,206.375
2023-12-07,206.375,71,0.5590551181102362,0.7795275590551181,0.905511811023622,0.8976377952755905,0.952755905511811,0.8608923884514436,0.9122609673790777,0.8551181102362204,2023-12-08,0.6771653543307087,86.0,246.0
2023-12-08,246.0,86,0.6771653543307087,0.5590551181102362,0.7795275590551181,0.905511811023622,0.952755905511811,0.7480314960629921,0.8560179977502812,0.8616797900262466,2023-12-09,0.8976377952755905,114.0,314.5833333333333
2023-12-09,314.5833333333333,114,0.8976377952755905,0.6771653543307087,0.5590551181102362,0.7795275590551181,0.9291338582677166,0.6719160104986877,0.8166479190101238,0.8572178477690288,2023-12-10,0.6299212598425197,80.0,230.45833333333331
2023-12-10,230.45833333333331,80,0.6299212598425197,0.8976377952755905,0.6771653543307087,0.5590551181102362,0.968503937007874,0.7112860892388451,0.81214848143982,0.8643044619422572,2023-12-11,0.9133858267716536,116.0,319.25
2023-12-11,319.25,116,0.9133858267716536,0.6299212598425197,0.8976377952755905,0.6771653543307087,0.8976377952755905,0.7349081364829396,0.763779527559055,0.8530183727034121,2023-12-12,0.5748031496062992,73.0,212.58333333333331
2023-12-12,212.58333333333331,73,0.5748031496062992,0.9133858267716536,0.6299212598425197,0.8976377952755905,0.905511811023622,0.8136482939632547,0.7660292463442069,0.8514435695538058,2023-12-13,0.8346456692913385,106.0,295.5833333333333
2023-12-13,295.5833333333333,106,0.8346456692913385,0.5748031496062992,0.9133858267716536,0.6299212598425197,0.7795275590551181,0.7060367454068243,0.718785151856018,0.8380577427821522,2023-12-14,0.8110236220472441,103.0,286.4583333333333
2023-12-14,286.4583333333333,103,0.8110236220472441,0.8346456692913385,0.5748031496062992,0.9133858267716536,0.5590551181102362,0.774278215223097,0.7266591676040495,0.8335958005249344,2023-12-15,0.7322834645669292,93.0,261.875
2023-12-15,261.875,93,0.7322834645669292,0.8110236220472441,0.8346456692913385,0.5748031496062992,0.6771653543307087,0.7401574803149606,0.7626546681664792,0.8314960629921261,2023-12-16,0.7086614173228346,90.0,253.83333333333331
2023-12-16,253.83333333333331,90,0.7086614173228346,0.7322834645669292,0.8110236220472441,0.8346456692913385,0.8976377952755905,0.7926509186351707,0.7705286839145107,0.8328083989501313,2023-12-17,0.84251968503937,107.0,296.9166666666667
2023-12-17,296.9166666666667,107,0.84251968503937,0.7086614173228346,0.7322834645669292,0.8110236220472441,0.6299212598425197,0.7506561679790026,0.7435320584926884,0.8291338582677166,2023-12-18,0.8661417322834646,110.0,305.0
2023-12-18,305.0,110,0.8661417322834646,0.84251968503937,0.7086614173228346,0.7322834645669292,0.9133858267716536,0.7611548556430446,0.7739032620922385,0.8301837270341207,2023-12-19,0.8031496062992126,102.0,286.25
2023-12-19,286.25,102,0.8031496062992126,0.8661417322834646,0.84251968503937,0.7086614173228346,0.5748031496062992,0.8057742782152232,0.7671541057367829,0.832020997375328,2023-12-20,0.41732283464566927,53.0,160.54166666666666
2023-12-20,160.54166666666666,53,0.41732283464566927,0.8031496062992126,0.8661417322834646,0.84251968503937,0.8346456692913385,0.8372703412073491,0.7997750281214849,0.8278215223097114,2023-12-21,0.28346456692913385,36.0,117.5
2023-12-21,117.5,36,0.28346456692913385,0.41732283464566927,0.8031496062992126,0.8661417322834646,0.8110236220472441,0.6955380577427822,0.7401574803149605,0.8165354330708661,2023-12-22,0.5669291338582677,72.0,210.625
2023-12-22,210.625,72,0.5669291338582677,0.28346456692913385,0.41732283464566927,0.8031496062992126,0.7322834645669292,0.5013123359580053,0.6647919010123734,0.7994750656167979,2023-12-23,0.9133858267716536,116.0,319.25
2023-12-23,319.25,116,0.9133858267716536,0.5669291338582677,0.28346456692913385,0.41732283464566927,0.7086614173228346,0.4225721784776903,0.641169853768279,0.7963254593175854,2023-12-24,0.7637795275590551,97.0,273.0
2023-12-24,273.0,97,0.7637795275590551,0.9133858267716536,0.5669291338582677,0.28346456692913385,0.84251968503937,0.5879265091863517,0.6704161979752532,0.7976377952755905,2023-12-25,0.9291338582677166,118.0,324.4166666666667
2023-12-25,324.4166666666667,118,0.9291338582677166,0.7637795275590551,0.9133858267716536,0.5669291338582677,0.8661417322834646,0.7480314960629921,0.6591676040494938,0.7908136482939632,2023-12-26,0.8661417322834646,110.0,306.2083333333333
2023-12-26,306.2083333333333,110,0.8661417322834646,0.9291338582677166,0.7637795275590551,0.9133858267716536,0.8031496062992126,0.868766404199475,0.6681664791901012,0.789238845144357,2023-12-27,0.8031496062992126,102.0,285.625
2023-12-27,285.625,102,0.8031496062992126,0.8661417322834646,0.9291338582677166,0.7637795275590551,0.41732283464566927,0.8530183727034121,0.6771653543307087,0.7879265091863518,2023-12-28,0.8346456692913385,106.0,294.25
2023-12-28,294.25,106,0.8346456692913385,0.8031496062992126,0.8661417322834646,0.9291338582677166,0.28346456692913385,0.8661417322834645,0.732283464566929,0.7866141732283464,2023-12-29,0.8582677165354331,109.0,303.625
2023-12-29,303.625,109,0.8582677165354331,0.8346456692913385,0.8031496062992126,0.8661417322834646,0.5669291338582677,0.8346456692913385,0.8110236220472442,0.7863517060367454,2023-12-30,0.9291338582677166,118.0,326.125
2023-12-30,326.125,118,0.9291338582677166,0.8582677165354331,0.8346456692913385,0.8031496062992126,0.9133858267716536,0.8320209973753281,0.8526434195725534,0.7824146981627297,2023-12-31,0.8503937007874016,108.0,299.6666666666667
2023-12-31,299.6666666666667,108,0.8503937007874016,0.9291338582677166,0.8582677165354331,0.8346456692913385,0.7637795275590551,0.8740157480314962,0.8548931383577053,0.7816272965879264,2024-01-01,0.8582677165354331,109.0,301.7083333333333
2024-01-01,301.7083333333333,109,0.8582677165354331,0.8503937007874016,0.9291338582677166,0.8582677165354331,0.9291338582677166,0.8792650918635171,0.8672665916760405,0.7782152230971129,2024-01-02,0.9448818897637795,120.0,330.1666666666667
2024-01-02,330.1666666666667,120,0.9448818897637795,0.8582677165354331,0.8503937007874016,0.9291338582677166,0.8661417322834646,0.8792650918635171,0.8571428571428571,0.7758530183727035,2024-01-03,0.8740157480314961,111.0,307.0
2024-01-03,307.0,111,0.8740157480314961,0.9448818897637795,0.8582677165354331,0.8503937007874016,0.8031496062992126,0.884514435695538,0.8683914510686164,0.7750656167979002,2024-01-04,0.7401574803149606,94.0,265.2083333333333
2024-01-04,265.2083333333333,94,0.7401574803149606,0.8740157480314961,0.9448818897637795,0.8582677165354331,0.8346456692913385,0.8923884514435696,0.8785151856017999,0.774278215223097,2024-01-05,0.6692913385826772,85.0,243.125
2024-01-05,243.125,85,0.6692913385826772,0.7401574803149606,0.8740157480314961,0.9448818897637795,0.8582677165354331,0.8530183727034121,0.8650168728908886,0.7687664041994751,2024-01-06,0.6299212598425197,80.0,230.54166666666663
2024-01-06,230.54166666666663,80,0.6299212598425197,0.6692913385826772,0.7401574803149606,0.8740157480314961,0.9291338582677166,0.7611548556430446,0.8380202474690664,0.7650918635170604,2024-01-07,0.7637795275590551,97.0,271.5833333333333
2024-01-07,271.5833333333333,97,0.7637795275590551,0.6299212598425197,0.6692913385826772,0.7401574803149606,0.8503937007874016,0.6797900262467191,0.7952755905511811,0.7674540682414699,2024-01-08,0.9212598425196851,117.0,322.9166666666667
2024-01-08,322.9166666666667,117,0.9212598425196851,0.7637795275590551,0.6299212598425197,0.6692913385826772,0.8582677165354331,0.6876640419947506,0.7829021372328459,0.7703412073490815,2024-01-09,0.2755905511811024,35.0,115.08333333333331
2024-01-09,115.08333333333331,35,0.2755905511811024,0.9212598425196851,0.7637795275590551,0.6299212598425197,0.9448818897637795,0.7716535433070866,0.7919010123734533,0.7711286089238845,2024-01-10,0.8582677165354331,109.0,301.5
2024-01-10,301.5,109,0.8582677165354331,0.2755905511811024,0.9212598425196851,0.7637795275590551,0.8740157480314961,0.6535433070866142,0.6962879640044994,0.7593175853018372,2024-01-11,0.5039370078740157,64.0,189.875
2024-01-11,189.875,64,0.5039370078740157,0.8582677165354331,0.2755905511811024,0.9212598425196851,0.7401574803149606,0.6850393700787402,0.6940382452193476,0.7574803149606298,2024-01-12,0.9921259842519685,126.0,344.5
2024-01-12,344.5,126,0.9921259842519685,0.5039370078740157,0.8582677165354331,0.2755905511811024,0.6692913385826772,0.5459317585301837,0.6602924634420698,0.7551181102362204,2024-01-13,0.9763779527559056,124.0,341.5416666666667
2024-01-13,341.5416666666667,124,0.9763779527559056,0.9921259842519685,0.5039370078740157,0.8582677165354331,0.6299212598425197,0.7847769028871392,0.7064116985376828,0.7603674540682415,2024-01-14,0.9606299212598425,122.0,336.4166666666667
2024-01-14,336.4166666666667,122,0.9606299212598425,0.9763779527559056,0.9921259842519685,0.5039370078740157,0.7637795275590551,0.8241469816272966,0.7559055118110237,0.7658792650918634,2024-01-15,0.7322834645669292,93.0,261.625
2024-01-15,261.625,93,0.7322834645669292,0.9606299212598425,0.9763779527559056,0.9921259842519685,0.9212598425196851,0.9763779527559056,0.7840269966254219,0.773490813648294,2024-01-16,0.9133858267716536,116.0,320.0
2024-01-16,320.0,116,0.9133858267716536,0.7322834645669292,0.9606299212598425,0.9763779527559056,0.2755905511811024,0.8897637795275591,0.7570303712035995,0.7742782152230971,2024-01-17,0.9763779527559056,124.0,339.4166666666667
2024-01-17,339.4166666666667,124,0.9763779527559056,0.9133858267716536,0.7322834645669292,0.9606299212598425,0.8582677165354331,0.868766404199475,0.8481439820022497,0.7766404199475065,2024-01-18,0.8582677165354331,109.0,303.25
2024-01-18,303.25,109,0.8582677165354331,0.9763779527559056,0.9133858267716536,0.7322834645669292,0.5039370078740157,0.874015748031496,0.8650168728908886,0.7803149606299213,2024-01-19,0.6535433070866141,83.0,237.5
2024-01-19,237.5,83,0.6535433070866141,0.8582677165354331,0.9763779527559056,0.9133858267716536,0.9921259842519685,0.916010498687664,0.9156355455568054,0.7821522309711286,2024-01-20,0.7874015748031497,100.0,281.2083333333333
2024-01-20,281.2083333333333,100,0.7874015748031497,0.6535433070866141,0.8582677165354331,0.9763779527559056,0.9763779527559056,0.8293963254593176,0.8672665916760405,0.7900262467191601,2024-01-21,0.7637795275590551,97.0,271.375
2024-01-21,271.375,97,0.7637795275590551,0.7874015748031497,0.6535433070866141,0.8582677165354331,0.9606299212598425,0.7664041994750656,0.8402699662542182,0.8068241469816273,2024-01-22,0.6220472440944882,79.0,227.125
2024-01-22,227.125,79,0.6220472440944882,0.7637795275590551,0.7874015748031497,0.6535433070866141,0.7322834645669292,0.7349081364829396,0.81214848143982,0.8133858267716536,2024-01-23,0.3937007874015748,50.0,154.08333333333334
2024-01-23,154.08333333333334,50,0.3937007874015748,0.6220472440944882,0.7637795275590551,0.7874015748031497,0.9133858267716536,0.7244094488188977,0.7964004499437571,0.8036745406824147,2024-01-24,0.5669291338582677,72.0,210.54166666666663
2024-01-24,210.54166666666663,72,0.5669291338582677,0.3937007874015748,0.6220472440944882,0.7637795275590551,0.9763779527559056,0.5931758530183727,0.7221597300337458,0.7913385826771654,2024-01-25,0.25984251968503935,33.0,111.70833333333331
2024-01-25,111.70833333333331,33,0.25984251968503935,0.5669291338582677,0.3937007874015748,0.6220472440944882,0.8582677165354331,0.5275590551181102,0.6636670416197976,0.779265091863517,2024-01-26,0.5196850393700787,66.0,195.29166666666663
2024-01-26,195.29166666666663,66,0.5196850393700787,0.25984251968503935,0.5669291338582677,0.3937007874015748,0.6535433070866141,0.40682414698162733,0.578177727784027,0.7590551181102363,2024-01-27,0.3228346456692913,41.0,131.16666666666666
2024-01-27,131.16666666666666,41,0.3228346456692913,0.5196850393700787,0.25984251968503935,0.5669291338582677,0.7874015748031497,0.4488188976377952,0.5590551181102362,0.7496062992125984,2024-01-28,0.6692913385826772,85.0,241.75
2024-01-28,241.75,85,0.6692913385826772,0.3228346456692913,0.5196850393700787,0.25984251968503935,0.7637795275590551,0.36745406824146976,0.4926884139482564,0.7325459317585301,2024-01-29,0.8346456692913385,106.0,295.2083333333333
2024-01-29,295.2083333333333,106,0.8346456692913385,0.6692913385826772,0.3228346456692913,0.5196850393700787,0.6220472440944882,0.5039370078740157,0.4791901012373453,0.726246719160105,2024-01-30,0.9606299212598425,122.0,334.625
2024-01-30,334.625,122,0.9606299212598425,0.8346456692913385,0.6692913385826772,0.3228346456692913,0.3937007874015748,0.6089238845144357,0.5095613048368953,0.7230971128608925,2024-01-31,0.984251968503937,125.0,342.9583333333333
2024-01-31,342.9583333333333,125,0.984251968503937,0.9606299212598425,0.8346456692913385,0.6692913385826772,0.5669291338582677,0.8215223097112861,0.5905511811023622,0.7267716535433071,2024-02-01,0.9763779527559056,124.0,341.625
2024-02-01,341.625,124,0.9763779527559056,0.984251968503937,0.9606299212598425,0.8346456692913385,0.25984251968503935,0.926509186351706,0.6501687289088863,0.7309711286089239,2024-02-02,0.7401574803149606,94.0,265.75
2024-02-02,265.75,94,0.7401574803149606,0.9763779527559056,0.984251968503937,0.9606299212598425,0.5196850393700787,0.9737532808398951,0.7525309336332958,0.7320209973753281,2024-02-03,0.937007874015748,119.0,328.125
2024-02-03,328.125,119,0.937007874015748,0.7401574803149606,0.9763779527559056,0.984251968503937,0.3228346456692913,0.9002624671916011,0.784026996625422,0.7275590551181103,2024-02-04,0.9291338582677166,118.0,325.0
2024-02-04,325.0,118,0.9291338582677166,0.937007874015748,0.7401574803149606,0.9763779527559056,0.6692913385826772,0.884514435695538,0.8717660292463442,0.7341207349081366,2024-02-05,0.9212598425196851,117.0,321.9583333333333
2024-02-05,321.9583333333333,117,0.9212598425196851,0.9291338582677166,0.937007874015748,0.7401574803149606,0.8346456692913385,0.868766404199475,0.9088863892013498,0.7427821522309711,2024-02-06,0.8818897637795275,112.0,310.375
2024-02-06,310.375,112,0.8818897637795275,0.9212598425196851,0.9291338582677166,0.937007874015748,0.9606299212598425,0.9291338582677166,0.9212598425196851,0.7524934383202099,2024-02-07,0.7559055118110236,96.0,270.3333333333333
2024-02-07,270.3333333333333,96,0.7559055118110236,0.8818897637795275,0.9212598425196851,0.9291338582677166,0.984251968503937,0.9107611548556429,0.9100112485939258,0.7564304461942258,2024-02-08,0.7480314960629921,95.0,266.5
2024-02-08,266.5,95,0.7480314960629921,0.7559055118110236,0.8818897637795275,0.9212598425196851,0.9763779527559056,0.8530183727034121,0.8773903262092239,0.7509186351706038,2024-02-09,0.28346456692913385,36.0,119.125
2024-02-09,119.125,36,0.28346456692913385,0.7480314960629921,0.7559055118110236,0.8818897637795275,0.7401574803149606,0.795275590551181,0.8447694038245219,0.7666666666666667,2024-02-10,0.6929133858267716,88.0,250.125
2024-02-10,250.125,88,0.6929133858267716,0.28346456692913385,0.7480314960629921,0.7559055118110236,0.937007874015748,0.5958005249343832,0.779527559055118,0.74750656167979,2024-02-11,0.10236220472440945,13.0,60.91666666666666
2024-02-11,60.91666666666666,13,0.10236220472440945,0.6929133858267716,0.28346456692913385,0.7480314960629921,0.9291338582677166,0.5748031496062992,0.7446569178852644,0.7538057742782153,2024-02-12,0.7559055118110236,96.0,271.0833333333333
2024-02-12,271.0833333333333,96,0.7559055118110236,0.10236220472440945,0.6929133858267716,0.28346456692913385,0.9212598425196851,0.3595800524934383,0.6265466816647919,0.7241469816272965,2024-02-13,0.9133858267716536,116.0,319.2083333333333
2024-02-13,319.2083333333333,116,0.9133858267716536,0.7559055118110236,0.10236220472440945,0.6929133858267716,0.8818897637795275,0.5170603674540682,0.6029246344206973,0.7167979002624673,2024-02-14,0.8110236220472441,103.0,287.4583333333333
2024-02-14,287.4583333333333,103,0.8110236220472441,0.9133858267716536,0.7559055118110236,0.10236220472440945,0.7559055118110236,0.5905511811023622,0.607424071991001,0.7152230971128609,2024-02-15,0.8661417322834646,110.0,306.0416666666667
2024-02-15,306.0416666666667,110,0.8661417322834646,0.8110236220472441,0.9133858267716536,0.7559055118110236,0.7480314960629921,0.8267716535433071,0.6152980877390325,0.7178477690288714,2024-02-16,0.7007874015748031,89.0,251.83333333333331
2024-02-16,251.83333333333331,89,0.7007874015748031,0.8661417322834646,0.8110236220472441,0.9133858267716536,0.28346456692913385,0.863517060367454,0.6321709786276716,0.716272965879265,2024-02-17,0.7480314960629921,95.0,267.875
2024-02-17,267.875,95,0.7480314960629921,0.7007874015748031,0.8661417322834646,0.8110236220472441,0.6929133858267716,0.7926509186351706,0.6917885264341957,0.7070866141732283,2024-02-18,0.4094488188976378,52.0,157.95833333333334
2024-02-18,157.95833333333334,52,0.4094488188976378,0.7480314960629921,0.7007874015748031,0.8661417322834646,0.10236220472440945,0.7716535433070866,0.6996625421822272,0.7034120734908136,2024-02-19,0.5748031496062992,73.0,213.125
2024-02-19,213.125,73,0.5748031496062992,0.4094488188976378,0.7480314960629921,0.7007874015748031,0.7559055118110236,0.6194225721784776,0.7435320584926883,0.6952755905511812,2024-02-20,0.2677165354330709,34.0,114.79166666666669
2024-02-20,114.79166666666669,34,0.2677165354330709,0.5748031496062992,0.4094488188976378,0.7480314960629921,0.9133858267716536,0.5774278215223096,0.7176602924634421,0.6881889763779527,2024-02-21,0.6141732283464567,78.0,224.20833333333331
2024-02-21,224.20833333333331,78,0.6141732283464567,0.2677165354330709,0.5748031496062992,0.4094488188976378,0.8110236220472441,0.41732283464566927,0.625421822272216,0.6716535433070866,2024-02-22,0.2992125984251969,38.0,122.66666666666669
2024-02-22,122.66666666666669,38,0.2992125984251969,0.6141732283464567,0.2677165354330709,0.5748031496062992,0.8661417322834646,0.48556430446194226,0.5973003374578177,0.6713910761154857,2024-02-23,0.44881889763779526,57.0,172.54166666666666
2024-02-23,172.54166666666666,57,0.44881889763779526,0.2992125984251969,0.6141732283464567,0.2677165354330709,0.7007874015748031,0.3937007874015748,0.5163104611923509,0.668241469816273,2024-02-24,0.33070866141732286,42.0,134.66666666666666
2024-02-24,134.66666666666666,42,0.33070866141732286,0.44881889763779526,0.2992125984251969,0.6141732283464567,0.7480314960629921,0.4540682414698163,0.4803149606299213,0.6643044619422571,2024-02-25,0.9291338582677166,118.0,326.2916666666667
2024-02-25,326.2916666666667,118,0.9291338582677166,0.33070866141732286,0.44881889763779526,0.2992125984251969,0.4094488188976378,0.35958005249343833,0.42069741282339707,0.6666666666666666,2024-02-26,0.8661417322834646,110.0,306.1666666666667
2024-02-26,306.1666666666667,110,0.8661417322834646,0.9291338582677166,0.33070866141732286,0.44881889763779526,0.5748031496062992,0.5695538057742783,0.4949381327334083,0.6803149606299213,2024-02-27,0.937007874015748,119.0,328.375
2024-02-27,328.375,119,0.937007874015748,0.8661417322834646,0.9291338582677166,0.33070866141732286,0.2677165354330709,0.7086614173228346,0.5365579302587177,0.6984251968503937,2024-02-28,0.84251968503937,107.0,297.8333333333333
2024-02-28,297.8333333333333,107,0.84251968503937,0.937007874015748,0.8661417322834646,0.9291338582677166,0.6141732283464567,0.910761154855643,0.6321709786276716,0.7073490813648294,2024-02-29,0.8188976377952756,104.0,289.5416666666667
2024-02-29,289.5416666666667,104,0.8188976377952756,0.84251968503937,0.937007874015748,0.8661417322834646,0.2992125984251969,0.8818897637795274,0.6647919010123735,0.7076115485564304,2024-03-01,0.8188976377952756,104.0,289.0416666666667
2024-03-01,289.0416666666667,104,0.8188976377952756,0.8188976377952756,0.84251968503937,0.937007874015748,0.44881889763779526,0.8661417322834645,0.7390326209223846,0.7028871391076116,2024-03-02,0.7401574803149606,94.0,263.8333333333333
2024-03-02,263.8333333333333,94,0.7401574803149606,0.8188976377952756,0.8188976377952756,0.84251968503937,0.33070866141732286,0.826771653543307,0.7919010123734533,0.6973753280839895,2024-03-03,0.8740157480314961,111.0,307.9583333333333
2024-03-03,307.9583333333333,111,0.8740157480314961,0.7401574803149606,0.8188976377952756,0.8188976377952756,0.9291338582677166,0.7926509186351706,0.8503937007874016,0.689501312335958,2024-03-04,0.3858267716535433,49.0,151.95833333333334
2024-03-04,151.95833333333334,49,0.3858267716535433,0.8740157480314961,0.7401574803149606,0.8188976377952756,0.8661417322834646,0.8110236220472441,0.8425196850393701,0.6939632545931758,2024-03-05,0.4251968503937008,54.0,165.29166666666666
2024-03-05,165.29166666666666,54,0.4251968503937008,0.3858267716535433,0.8740157480314961,0.7401574803149606,0.937007874015748,0.6666666666666666,0.7739032620922385,0.6755905511811023,2024-03-06,0.8661417322834646,110.0,305.625
2024-03-06,305.625,110,0.8661417322834646,0.4251968503937008,0.3858267716535433,0.8740157480314961,0.84251968503937,0.5616797900262467,0.7007874015748031,0.6587926509186351,2024-03-07,0.8818897637795275,112.0,310.2083333333333
2024-03-07,310.2083333333333,112,0.8818897637795275,0.8661417322834646,0.4251968503937008,0.3858267716535433,0.8188976377952756,0.5590551181102362,0.7041619797525308,0.6569553805774279,2024-03-08,0.7874015748031497,100.0,281.2083333333333
2024-03-08,281.2083333333333,100,0.7874015748031497,0.8818897637795275,0.8661417322834646,0.4251968503937008,0.8188976377952756,0.7244094488188976,0.7131608548931384,0.6569553805774277,2024-03-09,0.8976377952755905,114.0,314.625
2024-03-09,314.625,114,0.8976377952755905,0.7874015748031497,0.8818897637795275,0.8661417322834646,0.7401574803149606,0.8451443569553806,0.7086614173228346,0.6580052493438321,2024-03-10,0.6850393700787402,87.0,246.83333333333331
2024-03-10,246.83333333333331,87,0.6850393700787402,0.8976377952755905,0.7874015748031497,0.8818897637795275,0.8740157480314961,0.8556430446194225,0.7311586051743532,0.662992125984252,2024-03-11,0.84251968503937,107.0,298.7916666666667
2024-03-11,298.7916666666667,107,0.84251968503937,0.6850393700787402,0.8976377952755905,0.7874015748031497,0.3858267716535433,0.79002624671916,0.7041619797525309,0.6763779527559055,2024-03-12,0.84251968503937,107.0,297.4166666666667
2024-03-12,297.4166666666667,107,0.84251968503937,0.84251968503937,0.6850393700787402,0.8976377952755905,0.4251968503937008,0.8083989501312335,0.7694038245219347,0.6813648293963255,2024-03-13,0.6771653543307087,86.0,243.66666666666663
2024-03-13,243.66666666666663,86,0.6771653543307087,0.84251968503937,0.84251968503937,0.6850393700787402,0.8661417322834646,0.79002624671916,0.8290213723284588,0.7060367454068242,2024-03-14,0.49606299212598426,63.0,187.25
2024-03-14,187.25,63,0.49606299212598426,0.6771653543307087,0.84251968503937,0.84251968503937,0.8818897637795275,0.7874015748031495,0.8020247469066367,0.7034120734908136,2024-03-15,0.8976377952755905,114.0,314.75
2024-03-15,314.75,114,0.8976377952755905,0.49606299212598426,0.6771653543307087,0.84251968503937,0.7874015748031497,0.6719160104986877,0.7469066366704161,0.689501312335958,2024-03-16,0.889763779527559,113.0,313.1666666666667
2024-03-16,313.1666666666667,113,0.889763779527559,0.8976377952755905,0.49606299212598426,0.6771653543307087,0.8976377952755905,0.6902887139107611,0.7626546681664791,0.6923884514435695,2024-03-17,0.8976377952755905,114.0,314.75
2024-03-17,314.75,114,0.8976377952755905,0.889763779527559,0.8976377952755905,0.49606299212598426,0.6850393700787402,0.7611548556430446,0.7615298087739032,0.6931758530183727,2024-03-18,0.8110236220472441,103.0,286.4583333333333
2024-03-18,286.4583333333333,103,0.8110236220472441,0.8976377952755905,0.889763779527559,0.8976377952755905,0.84251968503937,0.8950131233595799,0.7919010123734533,0.699737532808399,2024-03-19,0.6692913385826772,85.0,242.375
2024-03-19,242.375,85,0.6692913385826772,0.8110236220472441,0.8976377952755905,0.889763779527559,0.84251968503937,0.8661417322834645,0.7874015748031497,0.7018372703412074,2024-03-20,0.8346456692913385,106.0,296.0416666666667
2024-03-20,296.0416666666667,106,0.8346456692913385,0.6692913385826772,0.8110236220472441,0.8976377952755905,0.6771653543307087,0.7926509186351706,0.7626546681664792,0.710498687664042,2024-03-21,0.8503937007874016,108.0,299.7083333333333
2024-03-21,299.7083333333333,108,0.8503937007874016,0.8346456692913385,0.6692913385826772,0.8110236220472441,0.49606299212598426,0.7716535433070866,0.7851518560179978,0.7191601049868767,2024-03-22,0.8740157480314961,111.0,307.5416666666667
2024-03-22,307.5416666666667,111,0.8740157480314961,0.8503937007874016,0.8346456692913385,0.6692913385826772,0.8976377952755905,0.7847769028871392,0.8357705286839145,0.7385826771653543,2024-03-23,0.8740157480314961,111.0,307.3333333333333
2024-03-23,307.3333333333333,111,0.8740157480314961,0.8740157480314961,0.8503937007874016,0.8346456692913385,0.889763779527559,0.8530183727034121,0.8323959505061868,0.7472440944881888,2024-03-24,0.8661417322834646,110.0,305.1666666666667
2024-03-24,305.1666666666667,110,0.8661417322834646,0.8740157480314961,0.8740157480314961,0.8503937007874016,0.8976377952755905,0.8661417322834645,0.830146231721035,0.7664041994750656,2024-03-25,0.6692913385826772,85.0,242.08333333333331
2024-03-25,242.08333333333331,85,0.6692913385826772,0.8661417322834646,0.8740157480314961,0.8740157480314961,0.8110236220472441,0.8713910761154855,0.8256467941507311,0.7803149606299213,2024-03-26,0.4409448818897638,56.0,169.83333333333334
2024-03-26,169.83333333333334,56,0.4409448818897638,0.6692913385826772,0.8661417322834646,0.8740157480314961,0.6692913385826772,0.8031496062992126,0.8053993250843645,0.7916010498687663,2024-03-27,0.6062992125984252,77.0,221.75
2024-03-27,221.75,77,0.6062992125984252,0.4409448818897638,0.6692913385826772,0.8661417322834646,0.8346456692913385,0.6587926509186351,0.7727784026996626,0.7753280839895014,2024-03-28,0.5748031496062992,73.0,212.375
2024-03-28,212.375,73,0.5748031496062992,0.6062992125984252,0.4409448818897638,0.6692913385826772,0.8503937007874016,0.5721784776902886,0.7401574803149608,0.7666666666666667,2024-03-29,0.8267716535433071,105.0,292.2916666666667
2024-03-29,292.2916666666667,105,0.8267716535433071,0.5748031496062992,0.6062992125984252,0.4409448818897638,0.8740157480314961,0.5406824146981627,0.7007874015748031,0.7545931758530184,2024-03-30,0.6141732283464567,78.0,223.625
2024-03-30,223.625,78,0.6141732283464567,0.8267716535433071,0.5748031496062992,0.6062992125984252,0.8740157480314961,0.6692913385826772,0.6940382452193476,0.7540682414698163,2024-03-31,0.6929133858267716,88.0,249.33333333333331
2024-03-31,249.33333333333331,88,0.6929133858267716,0.6141732283464567,0.8267716535433071,0.5748031496062992,0.8661417322834646,0.6719160104986877,0.6569178852643419,0.7472440944881888,2024-04-01,0.6299212598425197,80.0,228.625
2024-04-01,228.625,80,0.6299212598425197,0.6929133858267716,0.6141732283464567,0.8267716535433071,0.6692913385826772,0.7112860892388451,0.6321709786276716,0.7430446194225723,2024-04-02,0.36220472440944884,46.0,142.875
2024-04-02,142.875,46,0.36220472440944884,0.6299212598425197,0.6929133858267716,0.6141732283464567,0.4409448818897638,0.6456692913385828,0.6265466816647919,0.7393700787401575,2024-04-03,0.47244094488188976,60.0,178.41666666666666
2024-04-03,178.41666666666666,60,0.47244094488188976,0.36220472440944884,0.6299212598425197,0.6929133858267716,0.6062992125984252,0.5616797900262466,0.6152980877390327,0.7223097112860892,2024-04-04,0.5118110236220472,65.0,191.25
2024-04-04,191.25,65,0.5118110236220472,0.47244094488188976,0.36220472440944884,0.6299212598425197,0.5748031496062992,0.4881889763779527,0.5961754780652418,0.7251968503937007,2024-04-05,0.3937007874015748,50.0,154.20833333333334
2024-04-05,154.20833333333334,50,0.3937007874015748,0.5118110236220472,0.47244094488188976,0.36220472440944884,0.8267716535433071,0.4488188976377952,0.5871766029246344,0.7280839895013124,2024-04-06,0.4881889763779528,62.0,183.91666666666663
2024-04-06,183.91666666666663,62,0.4881889763779528,0.3937007874015748,0.5118110236220472,0.47244094488188976,0.6141732283464567,0.4593175853018372,0.5253093363329584,0.7123359580052493,2024-04-07,0.08661417322834646,11.0,55.708333333333336
2024-04-07,55.708333333333336,11,0.08661417322834646,0.4881889763779528,0.3937007874015748,0.5118110236220472,0.6929133858267716,0.46456692913385816,0.5073115860517435,0.6992125984251969,2024-04-08,0.2677165354330709,34.0,113.66666666666669
2024-04-08,113.66666666666669,34,0.2677165354330709,0.08661417322834646,0.4881889763779528,0.3937007874015748,0.6299212598425197,0.32283464566929126,0.42069741282339707,0.6758530183727033,2024-04-09,0.2440944881889764,31.0,106.20833333333331
2024-04-09,106.20833333333331,31,0.2440944881889764,0.2677165354330709,0.08661417322834646,0.4881889763779528,0.36220472440944884,0.2808398950131233,0.36895388076490443,0.6548556430446194,2024-04-10,0.3937007874015748,50.0,153.41666666666666
2024-04-10,153.41666666666666,50,0.3937007874015748,0.2440944881889764,0.2677165354330709,0.08661417322834646,0.47244094488188976,0.19947506561679784,0.3520809898762655,0.6401574803149607,2024-04-11,0.5905511811023622,75.0,216.0
2024-04-11,216.0,75,0.5905511811023622,0.3937007874015748,0.2440944881889764,0.2677165354330709,0.5118110236220472,0.30183727034120733,0.34083239595050624,0.6251968503937008,2024-04-12,0.6141732283464567,78.0,225.0
2024-04-12,225.0,78,0.6141732283464567,0.5905511811023622,0.3937007874015748,0.2440944881889764,0.3937007874015748,0.4094488188976377,0.35208098987626546,0.6167979002624672,2024-04-13,0.7952755905511811,101.0,283.2083333333333
2024-04-13,283.2083333333333,101,0.7952755905511811,0.6141732283464567,0.5905511811023622,0.3937007874015748,0.4881889763779528,0.5328083989501312,0.3835770528683914,0.6146981627296587,2024-04-14,0.5748031496062992,73.0,212.125
2024-04-14,212.125,73,0.5748031496062992,0.7952755905511811,0.6141732283464567,0.5905511811023622,0.08661417322834646,0.6666666666666666,0.42744656917885265,0.6246719160104987,2024-04-15,0.3779527559055118,48.0,148.79166666666666
2024-04-15,148.79166666666666,48,0.3779527559055118,0.5748031496062992,0.7952755905511811,0.6141732283464567,0.2677165354330709,0.6614173228346455,0.4971878515185602,0.6139107611548557,2024-04-16,0.12598425196850394,16.0,68.20833333333333
2024-04-16,68.20833333333333,16,0.12598425196850394,0.3779527559055118,0.5748031496062992,0.7952755905511811,0.2440944881889764,0.5826771653543306,0.5129358830146231,0.5968503937007874,2024-04-17,0.3464566929133858,44.0,138.125
2024-04-17,138.125,44,0.3464566929133858,0.12598425196850394,0.3779527559055118,0.5748031496062992,0.3937007874015748,0.3595800524934382,0.49606299212598426,0.5711286089238844,2024-04-18,0.6850393700787402,87.0,246.25
2024-04-18,246.25,87,0.6850393700787402,0.3464566929133858,0.12598425196850394,0.3779527559055118,0.5905511811023622,0.28346456692913374,0.4893138357705286,0.5556430446194225,2024-04-19,0.7165354330708661,91.0,258.0833333333333
2024-04-19,258.0833333333333,91,0.7165354330708661,0.6850393700787402,0.3464566929133858,0.12598425196850394,0.6141732283464567,0.38582677165354323,0.5028121484814398,0.5561679790026247,2024-04-20,0.6220472440944882,79.0,228.08333333333331
2024-04-20,228.08333333333331,79,0.6220472440944882,0.7165354330708661,0.6850393700787402,0.3464566929133858,0.7952755905511811,0.5826771653543306,0.5174353205849269,0.5522309711286089,2024-04-21,0.3937007874015748,50.0,152.79166666666666
2024-04-21,152.79166666666666,50,0.3937007874015748,0.6220472440944882,0.7165354330708661,0.6850393700787402,0.5748031496062992,0.674540682414698,0.4926884139482564,0.5446194225721785,2024-04-22,0.30708661417322836,39.0,126.5
2024-04-22,126.5,39,0.30708661417322836,0.3937007874015748,0.6220472440944882,0.7165354330708661,0.3779527559055118,0.5774278215223096,0.4668166479190101,0.5286089238845144,2024-04-23,0.48031496062992124,61.0,180.5
2024-04-23,180.5,61,0.48031496062992124,0.30708661417322836,0.3937007874015748,0.6220472440944882,0.12598425196850394,0.4409448818897637,0.4566929133858268,0.5097112860892389,2024-04-24,0.5590551181102362,71.0,207.58333333333331
2024-04-24,207.58333333333331,71,0.5590551181102362,0.48031496062992124,0.30708661417322836,0.3937007874015748,0.3464566929133858,0.3937007874015747,0.5073115860517435,0.49685039370078743,2024-04-25,0.6535433070866141,83.0,237.79166666666663
2024-04-25,237.79166666666663,83,0.6535433070866141,0.5590551181102362,0.48031496062992124,0.30708661417322836,0.6850393700787402,0.4488188976377952,0.5376827896512936,0.4931758530183727,2024-04-26,0.3700787401574803,47.0,146.79166666666666
2024-04-26,146.79166666666666,47,0.3700787401574803,0.6535433070866141,0.5590551181102362,0.48031496062992124,0.7165354330708661,0.5643044619422571,0.5331833520809899,0.5002624671916011,2024-04-27,0.6062992125984252,77.0,222.25
2024-04-27,222.25,77,0.6062992125984252,0.3700787401574803,0.6535433070866141,0.5590551181102362,0.6220472440944882,0.5275590551181101,0.48368953880764903,0.4923884514435696,2024-04-28,0.7480314960629921,95.0,266.2083333333333
2024-04-28,266.2083333333333,95,0.7480314960629921,0.6062992125984252,0.3700787401574803,0.6535433070866141,0.3937007874015748,0.5433070866141732,0.48143982002249724,0.49343832020997375,2024-04-29,0.7401574803149606,94.0,263.6666666666667
2024-04-29,263.6666666666667,94,0.7401574803149606,0.7480314960629921,0.6062992125984252,0.3700787401574803,0.30708661417322836,0.5748031496062992,0.532058492688414,0.4908136482939633,2024-04-30,0.4881889763779528,62.0,184.04166666666663
2024-04-30,184.04166666666663,62,0.4881889763779528,0.7401574803149606,0.7480314960629921,0.6062992125984252,0.48031496062992124,0.6981627296587926,0.59392575928009,0.4950131233595801,2024-05-01,0.6299212598425197,80.0,230.66666666666663
2024-05-01,230.66666666666663,80,0.6299212598425197,0.4881889763779528,0.7401574803149606,0.7480314960629921,0.5590551181102362,0.6587926509186351,0.5950506186726658,0.4881889763779527,2024-05-02,0.6929133858267716,88.0,249.70833333333331
2024-05-02,249.70833333333331,88,0.6929133858267716,0.6299212598425197,0.4881889763779528,0.7401574803149606,0.6535433070866141,0.6194225721784776,0.6051743532058493,0.4881889763779528,2024-05-03,0.6535433070866141,83.0,238.125
2024-05-03,238.125,83,0.6535433070866141,0.6929133858267716,0.6299212598425197,0.4881889763779528,0.3700787401574803,0.6036745406824147,0.6107986501687288,0.4992125984251968,2024-05-04,0.5826771653543307,74.0,214.875
2024-05-04,214.875,74,0.5826771653543307,0.6535433070866141,0.6929133858267716,0.6299212598425197,0.6062992125984252,0.658792650918635,0.6512935883014623,0.505249343832021,2024-05-05,0.4881889763779528,62.0,184.0
2024-05-05,184.0,62,0.4881889763779528,0.5826771653543307,0.6535433070866141,0.6929133858267716,0.7480314960629921,0.6430446194225721,0.6479190101237345,0.5076115485564304,2024-05-06,0.5511811023622047,70.0,205.375
2024-05-06,205.375,70,0.5511811023622047,0.4881889763779528,0.5826771653543307,0.6535433070866141,0.7401574803149606,0.5748031496062991,0.6107986501687288,0.510761154855643,2024-05-07,0.5196850393700787,66.0,194.75
2024-05-07,194.75,66,0.5196850393700787,0.5511811023622047,0.4881889763779528,0.5826771653543307,0.4881889763779528,0.5406824146981627,0.5838020247469066,0.5128608923884515,2024-05-08,0.4015748031496063,51.0,156.75
2024-05-08,156.75,51,0.4015748031496063,0.5196850393700787,0.5511811023622047,0.4881889763779528,0.6299212598425197,0.5196850393700787,0.5883014623172104,0.5272965879265092,2024-05-09,0.6850393700787402,87.0,246.79166666666663
2024-05-09,246.79166666666663,87,0.6850393700787402,0.4015748031496063,0.5196850393700787,0.5511811023622047,0.6929133858267716,0.4908136482939632,0.5556805399325084,0.531758530183727,2024-05-10,0.2204724409448819,28.0,97.29166666666669
2024-05-10,97.29166666666669,28,0.2204724409448819,0.6850393700787402,0.4015748031496063,0.5196850393700787,0.6535433070866141,0.5354330708661417,0.5545556805399325,0.5464566929133858,2024-05-11,0.25984251968503935,33.0,110.04166666666669
2024-05-11,110.04166666666669,33,0.25984251968503935,0.2204724409448819,0.6850393700787402,0.4015748031496063,0.5826771653543307,0.4356955380577427,0.49268841394825647,0.5406824146981627,2024-05-12,0.5984251968503937,76.0,219.70833333333331
2024-05-12,219.70833333333331,76,0.5984251968503937,0.25984251968503935,0.2204724409448819,0.6850393700787402,0.4881889763779528,0.3884514435695537,0.4465691788526434,0.5296587926509186,2024-05-13,0.6299212598425197,80.0,228.70833333333331
2024-05-13,228.70833333333331,80,0.6299212598425197,0.5984251968503937,0.25984251968503935,0.2204724409448819,0.5511811023622047,0.3595800524934382,0.46231721034870643,0.5291338582677165,2024-05-14,0.6929133858267716,88.0,249.45833333333331
2024-05-14,249.45833333333331,88,0.6929133858267716,0.6299212598425197,0.5984251968503937,0.25984251968503935,0.5196850393700787,0.4960629921259841,0.47356580427446576,0.5236220472440946,2024-05-15,0.6929133858267716,88.0,251.0
2024-05-15,251.0,88,0.6929133858267716,0.6929133858267716,0.6299212598425197,0.5984251968503937,0.4015748031496063,0.6404199475065616,0.4983127109111361,0.5275590551181103,2024-05-16,0.5118110236220472,65.0,192.83333333333331
2024-05-16,192.83333333333331,65,0.5118110236220472,0.6929133858267716,0.6929133858267716,0.6299212598425197,0.6850393700787402,0.6719160104986875,0.5399325084364455,0.5380577427821522,2024-05-17,0.5196850393700787,66.0,194.08333333333331
2024-05-17,194.08333333333331,66,0.5196850393700787,0.5118110236220472,0.6929133858267716,0.6929133858267716,0.2204724409448819,0.63254593175853,0.515185601799775,0.5509186351706037,2024-05-18,0.1968503937007874,25.0,91.33333333333331
2024-05-18,91.33333333333331,25,0.1968503937007874,0.5196850393700787,0.5118110236220472,0.6929133858267716,0.25984251968503935,0.5748031496062991,0.5579302587176603,0.5566929133858268,2024-05-19,0.6141732283464567,78.0,223.33333333333331
2024-05-19,223.33333333333331,78,0.6141732283464567,0.1968503937007874,0.5196850393700787,0.5118110236220472,0.5984251968503937,0.4094488188976377,0.548931383577053,0.5404199475065617,2024-05-20,0.3858267716535433,49.0,150.45833333333334
2024-05-20,150.45833333333334,49,0.3858267716535433,0.6141732283464567,0.1968503937007874,0.5196850393700787,0.6299212598425197,0.44356955380577406,0.5511811023622047,0.537007874015748,2024-05-21,0.2755905511811024,35.0,116.41666666666669
2024-05-21,116.41666666666669,35,0.2755905511811024,0.3858267716535433,0.6141732283464567,0.1968503937007874,0.6929133858267716,0.3989501312335957,0.5163104611923509,0.5291338582677165,2024-05-22,0.6299212598425197,80.0,230.08333333333331
2024-05-22,230.08333333333331,80,0.6299212598425197,0.2755905511811024,0.3858267716535433,0.6141732283464567,0.6929133858267716,0.42519685039370064,0.4566929133858268,0.5251968503937008,2024-05-23,0.5826771653543307,74.0,213.66666666666663
2024-05-23,213.66666666666663,74,0.5826771653543307,0.6299212598425197,0.2755905511811024,0.3858267716535433,0.5118110236220472,0.4304461942257216,0.4476940382452193,0.5359580052493438,2024-05-24,0.3228346456692913,41.0,132.375
2024-05-24,132.375,41,0.3228346456692913,0.5826771653543307,0.6299212598425197,0.2755905511811024,0.5196850393700787,0.4960629921259841,0.4578177727784027,0.5393700787401575,2024-05-25,0.3543307086614173,45.0,141.16666666666666
2024-05-25,141.16666666666666,45,0.3543307086614173,0.3228346456692913,0.5826771653543307,0.6299212598425197,0.1968503937007874,0.5118110236220471,0.4296962879640045,0.5314960629921259,2024-05-26,0.6614173228346457,84.0,239.83333333333331
2024-05-26,239.83333333333331,84,0.6614173228346457,0.3543307086614173,0.3228346456692913,0.5826771653543307,0.6141732283464567,0.4199475065616796,0.452193475815523,0.5215223097112861,2024-05-27,0.5669291338582677,72.0,210.5
2024-05-27,210.5,72,0.5669291338582677,0.6614173228346457,0.3543307086614173,0.3228346456692913,0.3858267716535433,0.4461942257217846,0.45894263217097864,0.531233595800525,2024-05-28,0.6299212598425197,80.0,229.45833333333331
2024-05-28,229.45833333333331,80,0.6299212598425197,0.5669291338582677,0.6614173228346457,0.3543307086614173,0.2755905511811024,0.5275590551181101,0.4848143982002249,0.5299212598425197,2024-05-29,0.3464566929133858,44.0,139.95833333333334
2024-05-29,139.95833333333334,44,0.3464566929133858,0.6299212598425197,0.5669291338582677,0.6614173228346457,0.6299212598425197,0.6194225721784775,0.5354330708661418,0.525984251968504,2024-05-30,0.30708661417322836,39.0,125.54166666666669
2024-05-30,125.54166666666669,39,0.30708661417322836,0.3464566929133858,0.6299212598425197,0.5669291338582677,0.5826771653543307,0.5144356955380576,0.49493813273340825,0.5128608923884515,2024-05-31,0.5433070866141733,69.0,201.45833333333331
2024-05-31,201.45833333333331,69,0.5433070866141733,0.30708661417322836,0.3464566929133858,0.6299212598425197,0.3228346456692913,0.4278215223097111,0.4555680539932508,0.5068241469816273,2024-06-01,0.5354330708661418,68.0,199.16666666666663
2024-06-01,199.16666666666663,68,0.5354330708661418,0.5433070866141733,0.30708661417322836,0.3464566929133858,0.3543307086614173,0.39895013123359563,0.4870641169853768,0.5039370078740157,2024-06-02,0.33070866141732286,42.0,134.70833333333334
2024-06-02,134.70833333333334,42,0.33070866141732286,0.5354330708661418,0.5433070866141733,0.30708661417322836,0.6614173228346457,0.46194225721784754,0.5129358830146232,0.4986876640419947,2024-06-03,0.5984251968503937,76.0,220.625
2024-06-03,220.625,76,0.5984251968503937,0.33070866141732286,0.5354330708661418,0.5433070866141733,0.5669291338582677,0.4698162729658791,0.46569178852643417,0.4879265091863517,2024-06-04,0.3228346456692913,41.0,131.20833333333334
2024-06-04,131.20833333333334,41,0.3228346456692913,0.5984251968503937,0.33070866141732286,0.5354330708661418,0.6299212598425197,0.48818897637795255,0.47019122609673797,0.4884514435695538,2024-06-05,0.30708661417322836,39.0,125.54166666666669
2024-06-05,125.54166666666669,39,0.30708661417322836,0.3228346456692913,0.5984251968503937,0.33070866141732286,0.3464566929133858,0.41732283464566905,0.4263217097862767,0.4829396325459318,2024-06-06,0.5196850393700787,66.0,194.66666666666663
2024-06-06,194.66666666666663,66,0.5196850393700787,0.30708661417322836,0.3228346456692913,0.5984251968503937,0.30708661417322836,0.4094488188976375,0.42069741282339707,0.4748031496062992,2024-06-07,0.6220472440944882,79.0,226.08333333333331
2024-06-07,226.08333333333331,79,0.6220472440944882,0.5196850393700787,0.30708661417322836,0.3228346456692913,0.5433070866141733,0.38320209973753255,0.45106861642294716,0.47480314960629927,2024-06-08,0.5826771653543307,74.0,213.875
2024-06-08,213.875,74,0.5826771653543307,0.6220472440944882,0.5196850393700787,0.30708661417322836,0.5354330708661418,0.4829396325459315,0.4623172103487064,0.4821522309711286,2024-06-09,0.4881889763779528,62.0,185.45833333333331
2024-06-09,185.45833333333331,62,0.4881889763779528,0.5826771653543307,0.6220472440944882,0.5196850393700787,0.33070866141732286,0.574803149606299,0.46906636670416196,0.478740157480315,2024-06-10,0.47244094488188976,60.0,179.45833333333334
2024-06-10,179.45833333333334,60,0.47244094488188976,0.4881889763779528,0.5826771653543307,0.6220472440944882,0.5984251968503937,0.5643044619422569,0.49156355455568057,0.4876640419947506,2024-06-11,0.6062992125984252,77.0,220.875
2024-06-11,220.875,77,0.6062992125984252,0.47244094488188976,0.4881889763779528,0.5826771653543307,0.3228346456692913,0.5144356955380575,0.47356580427446576,0.49475065616797903,2024-06-12,0.25984251968503935,33.0,112.08333333333331
2024-06-12,112.08333333333331,33,0.25984251968503935,0.6062992125984252,0.47244094488188976,0.4881889763779528,0.30708661417322836,0.5223097112860889,0.5140607424071991,0.4950131233595801,2024-06-13,0.47244094488188976,60.0,179.58333333333334
2024-06-13,179.58333333333334,60,0.47244094488188976,0.25984251968503935,0.6062992125984252,0.47244094488188976,0.5196850393700787,0.4461942257217845,0.5073115860517435,0.48267716535433075,2024-06-14,0.48031496062992124,61.0,182.04166666666663
2024-06-14,182.04166666666663,61,0.48031496062992124,0.47244094488188976,0.25984251968503935,0.6062992125984252,0.6220472440944882,0.4461942257217845,0.500562429696288,0.47532808398950127,2024-06-15,0.4881889763779528,62.0,183.29166666666663
2024-06-15,183.29166666666663,62,0.4881889763779528,0.48031496062992124,0.47244094488188976,0.25984251968503935,0.5826771653543307,0.40419947506561654,0.4803149606299213,0.4682414698162729,2024-06-16,0.5354330708661418,68.0,199.5
2024-06-16,199.5,68,0.5354330708661418,0.4881889763779528,0.48031496062992124,0.47244094488188976,0.4881889763779528,0.480314960629921,0.4668166479190101,0.4674540682414698,2024-06-17,0.3228346456692913,41.0,131.58333333333334
2024-06-17,131.58333333333334,41,0.3228346456692913,0.5354330708661418,0.4881889763779528,0.48031496062992124,0.47244094488188976,0.501312335958005,0.47356580427446565,0.46797900262467185,2024-06-18,0.5748031496062992,73.0,212.20833333333331
2024-06-18,212.20833333333331,73,0.5748031496062992,0.3228346456692913,0.5354330708661418,0.4881889763779528,0.6062992125984252,0.4488188976377949,0.452193475815523,0.4721784776902887,2024-06-19,0.41732283464566927,53.0,161.29166666666666
2024-06-19,161.29166666666666,53,0.41732283464566927,0.5748031496062992,0.3228346456692913,0.5354330708661418,0.25984251968503935,0.4776902887139105,0.4476940382452193,0.47086614173228347,2024-06-20,0.5826771653543307,74.0,213.75
2024-06-20,213.75,74,0.5826771653543307,0.41732283464566927,0.5748031496062992,0.3228346456692913,0.47244094488188976,0.43832020997375293,0.4701912260967379,0.47191601049868764,2024-06-21,0.5433070866141733,69.0,202.625
2024-06-21,202.625,69,0.5433070866141733,0.5826771653543307,0.41732283464566927,0.5748031496062992,0.48031496062992124,0.5249343832020994,0.48593925759280093,0.4821522309711286,2024-06-22,0.5984251968503937,76.0,219.41666666666663
2024-06-22,219.41666666666663,76,0.5984251968503937,0.5433070866141733,0.5826771653543307,0.41732283464566927,0.4881889763779528,0.5144356955380575,0.4949381327334083,0.479265091863517,2024-06-23,0.47244094488188976,60.0,178.625
2024-06-23,178.625,60,0.47244094488188976,0.5984251968503937,0.5433070866141733,0.5826771653543307,0.5354330708661418,0.574803149606299,0.5106861642294713,0.4797900262467192,2024-06-24,0.25984251968503935,33.0,110.25
2024-06-24,110.25,33,0.25984251968503935,0.47244094488188976,0.5984251968503937,0.5433070866141733,0.3228346456692913,0.5380577427821519,0.5016872890888638,0.48477690288713915,2024-06-25,0.3464566929133858,44.0,139.79166666666666
2024-06-25,139.79166666666666,44,0.3464566929133858,0.25984251968503935,0.47244094488188976,0.5984251968503937,0.5748031496062992,0.44356955380577395,0.49268841394825647,0.48162729658792647,2024-06-26,0.5196850393700787,66.0,195.41666666666663
2024-06-26,195.41666666666663,66,0.5196850393700787,0.3464566929133858,0.25984251968503935,0.47244094488188976,0.41732283464566927,0.359580052493438,0.46006749156355464,0.47112860892388453,2024-06-27,0.2440944881889764,31.0,107.04166666666669
2024-06-27,107.04166666666669,31,0.2440944881889764,0.5196850393700787,0.3464566929133858,0.25984251968503935,0.5826771653543307,0.37532808398950096,0.47469066366704166,0.4695538057742782,2024-06-28,0.5354330708661418,68.0,198.5
2024-06-28,198.5,68,0.5354330708661418,0.2440944881889764,0.5196850393700787,0.3464566929133858,0.5433070866141733,0.37007874015747994,0.4263217097862767,0.45669291338582674,2024-06-29,0.6456692913385826,82.0,235.33333333333331
2024-06-29,235.33333333333331,82,0.6456692913385826,0.5354330708661418,0.2440944881889764,0.5196850393700787,0.5984251968503937,0.43307086614173196,0.4251968503937008,0.462992125984252,2024-06-30,0.6141732283464567,78.0,224.20833333333331
2024-06-30,224.20833333333331,78,0.6141732283464567,0.6456692913385826,0.5354330708661418,0.2440944881889764,0.47244094488188976,0.4750656167979,0.43194600674915634,0.47427821522309715,2024-07-01,0.5511811023622047,70.0,203.79166666666663
2024-07-01,203.79166666666663,70,0.5511811023622047,0.6141732283464567,0.6456692913385826,0.5354330708661418,0.25984251968503935,0.5984251968503934,0.4521934758155231,0.47664041994750656,2024-07-02,0.6377952755905512,81.0,232.125
2024-07-02,232.125,81,0.6377952755905512,0.5511811023622047,0.6141732283464567,0.6456692913385826,0.3464566929133858,0.6036745406824144,0.4938132733408324,0.4771653543307087,2024-07-03,0.5511811023622047,70.0,204.58333333333331
2024-07-03,204.58333333333331,70,0.5511811023622047,0.6377952755905512,0.5511811023622047,0.6141732283464567,0.5196850393700787,0.601049868766404,0.5354330708661417,0.48740157480314955,2024-07-04,0.5905511811023622,75.0,216.25
2024-07-04,216.25,75,0.5905511811023622,0.5511811023622047,0.6377952755905512,0.5511811023622047,0.2440944881889764,0.5800524934383199,0.5399325084364455,0.4858267716535433,2024-07-05,0.5196850393700787,66.0,194.91666666666663
2024-07-05,194.91666666666663,66,0.5196850393700787,0.5905511811023622,0.5511811023622047,0.6377952755905512,0.5354330708661418,0.5931758530183724,0.5894263217097863,0.49475065616797903,2024-07-06,0.4330708661417323,55.0,167.625
2024-07-06,167.625,55,0.4330708661417323,0.5196850393700787,0.5905511811023622,0.5511811023622047,0.6456692913385826,0.5538057742782149,0.5871766029246344,0.5018372703412074,2024-07-07,0.5669291338582677,72.0,209.41666666666663
2024-07-07,209.41666666666663,72,0.5669291338582677,0.4330708661417323,0.5196850393700787,0.5905511811023622,0.6141732283464567,0.5144356955380575,0.5568053993250844,0.4989501312335957,2024-07-08,0.5275590551181102,67.0,196.04166666666663
2024-07-08,196.04166666666663,67,0.5275590551181102,0.5669291338582677,0.4330708661417323,0.5196850393700787,0.5511811023622047,0.506561679790026,0.5500562429696287,0.49711286089238843,2024-07-09,0.6141732283464567,78.0,224.41666666666663
2024-07-09,224.41666666666663,78,0.6141732283464567,0.5275590551181102,0.5669291338582677,0.4330708661417323,0.6377952755905512,0.5091863517060364,0.546681664791901,0.4952755905511811,2024-07-10,0.5275590551181102,67.0,197.70833333333331
2024-07-10,197.70833333333331,67,0.5275590551181102,0.6141732283464567,0.5275590551181102,0.5669291338582677,0.5511811023622047,0.5695538057742778,0.5433070866141732,0.4994750656167979,2024-07-11,0.6614173228346457,84.0,238.75
2024-07-11,238.75,84,0.6614173228346457,0.5275590551181102,0.6141732283464567,0.5275590551181102,0.5905511811023622,0.5564304461942254,0.5399325084364454,0.5013123359580053,2024-07-12,0.5354330708661418,68.0,200.5
2024-07-12,200.5,68,0.5354330708661418,0.6614173228346457,0.5275590551181102,0.6141732283464567,0.5196850393700787,0.6010498687664039,0.5500562429696287,0.5031496062992126,2024-07-13,0.5039370078740157,64.0,188.08333333333331
2024-07-13,188.08333333333331,64,0.5039370078740157,0.5354330708661418,0.6614173228346457,0.5275590551181102,0.4330708661417323,0.574803149606299,0.5523059617547806,0.5123359580052493,2024-07-14,0.5748031496062992,73.0,212.5
2024-07-14,212.5,73,0.5748031496062992,0.5039370078740157,0.5354330708661418,0.6614173228346457,0.5669291338582677,0.5669291338582675,0.562429696287964,0.5133858267716536,2024-07-15,0.5118110236220472,65.0,191.58333333333331
2024-07-15,191.58333333333331,65,0.5118110236220472,0.5748031496062992,0.5039370078740157,0.5354330708661418,0.5275590551181102,0.5380577427821519,0.5635545556805399,0.5165354330708661,2024-07-16,0.33858267716535434,43.0,135.79166666666666
2024-07-16,135.79166666666666,43,0.33858267716535434,0.5118110236220472,0.5748031496062992,0.5039370078740157,0.6141732283464567,0.5301837270341204,0.5613048368953881,0.5173228346456693,2024-07-17,0.6299212598425197,80.0,229.04166666666663
2024-07-17,229.04166666666663,80,0.6299212598425197,0.33858267716535434,0.5118110236220472,0.5748031496062992,0.5275590551181102,0.47506561679789994,0.5219347581552306,0.5107611548556431,2024-07-18,0.4409448818897638,56.0,168.0
2024-07-18,168.0,56,0.4409448818897638,0.6299212598425197,0.33858267716535434,0.5118110236220472,0.6614173228346457,0.49343832020997347,0.5365579302587176,0.520997375328084,2024-07-19,0.49606299212598426,63.0,187.5
2024-07-19,187.5,63,0.49606299212598426,0.4409448818897638,0.6299212598425197,0.33858267716535434,0.5354330708661418,0.46981627296587897,0.5050618672665916,0.5165354330708661,2024-07-20,0.6692913385826772,85.0,241.75
2024-07-20,241.75,85,0.6692913385826772,0.49606299212598426,0.4409448818897638,0.6299212598425197,0.5039370078740157,0.5223097112860889,0.49943757030371205,0.5191601049868766,2024-07-21,0.47244094488188976,60.0,178.125
2024-07-21,178.125,60,0.47244094488188976,0.6692913385826772,0.49606299212598426,0.4409448818897638,0.5748031496062992,0.5354330708661413,0.5230596175478065,0.5220472440944882,2024-07-22,0.6535433070866141,83.0,236.79166666666663
2024-07-22,236.79166666666663,83,0.6535433070866141,0.47244094488188976,0.6692913385826772,0.49606299212598426,0.5118110236220472,0.5459317585301834,0.5084364454443194,0.5196850393700787,2024-07-23,0.5669291338582677,72.0,208.70833333333331
2024-07-23,208.70833333333331,72,0.5669291338582677,0.6535433070866141,0.47244094488188976,0.6692913385826772,0.33858267716535434,0.5984251968503933,0.5286839145106861,0.5215223097112861,2024-07-24,0.4409448818897638,56.0,169.16666666666666
2024-07-24,169.16666666666666,56,0.4409448818897638,0.5669291338582677,0.6535433070866141,0.47244094488188976,0.6299212598425197,0.5643044619422568,0.5613048368953881,0.5246719160104987,2024-07-25,0.44881889763779526,57.0,171.41666666666666
2024-07-25,171.41666666666666,57,0.44881889763779526,0.4409448818897638,0.5669291338582677,0.6535433070866141,0.4409448818897638,0.5538057742782149,0.5343082114735659,0.5307086614173229,2024-07-26,0.5354330708661418,68.0,200.25
2024-07-26,200.25,68,0.5354330708661418,0.44881889763779526,0.4409448818897638,0.5669291338582677,0.49606299212598426,0.4855643044619418,0.5354330708661418,0.5341207349081364,2024-07-27,0.6771653543307087,86.0,244.91666666666663
2024-07-27,244.91666666666663,86,0.6771653543307087,0.5354330708661418,0.44881889763779526,0.4409448818897638,0.6692913385826772,0.4750656167978999,0.5410573678290215,0.5346456692913386,2024-07-28,0.5433070866141733,69.0,202.79166666666663
2024-07-28,202.79166666666663,69,0.5433070866141733,0.6771653543307087,0.5354330708661418,0.44881889763779526,0.47244094488188976,0.5538057742782149,0.5421822272215973,0.5490813648293963,2024-07-29,0.5826771653543307,74.0,215.0
2024-07-29,215.0,74,0.5826771653543307,0.5433070866141733,0.6771653543307087,0.5354330708661418,0.6535433070866141,0.5853018372703408,0.5523059617547806,0.5493438320209975,2024-07-30,0.5275590551181102,67.0,197.41666666666663
2024-07-30,197.41666666666663,67,0.5275590551181102,0.5826771653543307,0.5433070866141733,0.6771653543307087,0.5669291338582677,0.6010498687664039,0.5421822272215974,0.5472440944881889,2024-07-31,0.6614173228346457,84.0,239.375
2024-07-31,239.375,84,0.6614173228346457,0.5275590551181102,0.5826771653543307,0.5433070866141733,0.4409448818897638,0.5511811023622043,0.5365579302587177,0.5443569553805774,2024-08-01,0.5984251968503937,76.0,218.875
2024-08-01,218.875,76,0.5984251968503937,0.6614173228346457,0.5275590551181102,0.5826771653543307,0.44881889763779526,0.5905511811023618,0.5680539932508436,0.5480314960629921,2024-08-02,0.6771653543307087,86.0,244.5
2024-08-02,244.5,86,0.6771653543307087,0.5984251968503937,0.6614173228346457,0.5275590551181102,0.5354330708661418,0.5958005249343828,0.5894263217097863,0.5467191601049869,2024-08-03,0.5433070866141733,69.0,201.58333333333331
2024-08-03,201.58333333333331,69,0.5433070866141733,0.6771653543307087,0.5984251968503937,0.6614173228346457,0.6771653543307087,0.6456692913385824,0.609673790776153,0.5509186351706037,2024-08-04,0.6456692913385826,82.0,234.16666666666663
2024-08-04,234.16666666666663,82,0.6456692913385826,0.5433070866141733,0.6771653543307087,0.5984251968503937,0.5433070866141733,0.6062992125984249,0.5905511811023622,0.5493438320209972,2024-08-05,0.6220472440944882,79.0,226.16666666666663
2024-08-05,226.16666666666663,79,0.6220472440944882,0.6456692913385826,0.5433070866141733,0.6771653543307087,0.5826771653543307,0.6220472440944879,0.6051743532058493,0.5535433070866141,2024-08-06,0.5669291338582677,72.0,209.70833333333331
2024-08-06,209.70833333333331,72,0.5669291338582677,0.6220472440944882,0.6456692913385826,0.5433070866141733,0.5275590551181102,0.6036745406824143,0.6107986501687288,0.5598425196850394,2024-08-07,0.5984251968503937,76.0,218.70833333333331
2024-08-07,218.70833333333331,76,0.5984251968503937,0.5669291338582677,0.6220472440944882,0.6456692913385826,0.6614173228346457,0.6115485564304458,0.6164229471316086,0.5598425196850394,2024-08-08,0.3779527559055118,48.0,148.125
2024-08-08,148.125,48,0.3779527559055118,0.5984251968503937,0.5669291338582677,0.6220472440944882,0.5984251968503937,0.5958005249343828,0.6074240719910012,0.5622047244094488,2024-08-09,0.5826771653543307,74.0,213.625
2024-08-09,213.625,74,0.5826771653543307,0.3779527559055118,0.5984251968503937,0.5669291338582677,0.6771653543307087,0.5144356955380575,0.5759280089988751,0.5543307086614173,2024-08-10,0.7165354330708661,91.0,256.625
2024-08-10,256.625,91,0.7165354330708661,0.5826771653543307,0.3779527559055118,0.5984251968503937,0.5433070866141733,0.5196850393700784,0.562429696287964,0.5561679790026247,2024-08-11,0.6692913385826772,85.0,242.66666666666663
2024-08-11,242.66666666666663,85,0.6692913385826772,0.7165354330708661,0.5826771653543307,0.3779527559055118,0.6456692913385826,0.5590551181102358,0.5871766029246344,0.5580052493438321,2024-08-12,0.6062992125984252,77.0,222.33333333333331
2024-08-12,222.33333333333331,77,0.6062992125984252,0.6692913385826772,0.7165354330708661,0.5826771653543307,0.6220472440944882,0.6561679790026242,0.5905511811023622,0.5624671916010499,2024-08-13,0.6535433070866141,83.0,236.625
2024-08-13,236.625,83,0.6535433070866141,0.6062992125984252,0.6692913385826772,0.7165354330708661,0.5669291338582677,0.6640419947506558,0.5883014623172104,0.5658792650918635,2024-08-14,0.6220472440944882,79.0,228.16666666666663
2024-08-14,228.16666666666663,79,0.6220472440944882,0.6535433070866141,0.6062992125984252,0.6692913385826772,0.5984251968503937,0.6430446194225717,0.6006749156355455,0.568503937007874,2024-08-15,0.4881889763779528,62.0,184.75
2024-08-15,184.75,62,0.4881889763779528,0.6220472440944882,0.6535433070866141,0.6062992125984252,0.3779527559055118,0.6272965879265088,0.6040494938132733,0.5721784776902887,2024-08-16,0.6771653543307087,86.0,244.54166666666663
2024-08-16,244.54166666666663,86,0.6771653543307087,0.4881889763779528,0.6220472440944882,0.6535433070866141,0.5826771653543307,0.5879265091863514,0.6197975253093364,0.5771653543307086,2024-08-17,0.3858267716535433,49.0,151.25
2024-08-17,151.25,49,0.3858267716535433,0.6771653543307087,0.4881889763779528,0.6220472440944882,0.7165354330708661,0.5958005249343828,0.6332958380202475,0.5787401574803149,2024-08-18,0.7007874015748031,89.0,252.58333333333331
2024-08-18,252.58333333333331,89,0.7007874015748031,0.3858267716535433,0.6771653543307087,0.4881889763779528,0.6692913385826772,0.5170603674540678,0.5860517435320585,0.5769028871391076,2024-08-19,0.6141732283464567,78.0,224.58333333333331
2024-08-19,224.58333333333331,78,0.6141732283464567,0.7007874015748031,0.3858267716535433,0.6771653543307087,0.6062992125984252,0.5879265091863514,0.5905511811023622,0.5837270341207349,2024-08-20,0.5354330708661418,68.0,198.5
2024-08-20,198.5,68,0.5354330708661418,0.6141732283464567,0.7007874015748031,0.3858267716535433,0.6535433070866141,0.5669291338582673,0.591676040494938,0.5818897637795275,2024-08-21,0.7559055118110236,96.0,270.0833333333333
2024-08-21,270.0833333333333,96,0.7559055118110236,0.5354330708661418,0.6141732283464567,0.7007874015748031,0.6220472440944882,0.6167979002624668,0.5748031496062992,0.5839895013123361,2024-08-22,0.6692913385826772,85.0,243.0
2024-08-22,243.0,85,0.6692913385826772,0.7559055118110236,0.5354330708661418,0.6141732283464567,0.4881889763779528,0.6351706036745403,0.5939257592800901,0.5874015748031496,2024-08-23,0.5669291338582677,72.0,209.83333333333331
2024-08-23,209.83333333333331,72,0.5669291338582677,0.6692913385826772,0.7559055118110236,0.5354330708661418,0.6771653543307087,0.6535433070866139,0.6197975253093364,0.5908136482939633,2024-08-24,0.7086614173228346,90.0,255.375
2024-08-24,255.375,90,0.7086614173228346,0.5669291338582677,0.6692913385826772,0.7559055118110236,0.3858267716535433,0.6640419947506558,0.6040494938132734,0.59501312335958,2024-08-25,0.7795275590551181,99.0,276.5
2024-08-25,276.5,99,0.7795275590551181,0.7086614173228346,0.5669291338582677,0.6692913385826772,0.7007874015748031,0.6482939632545928,0.6501687289088863,0.6036745406824147,2024-08-26,0.6771653543307087,86.0,245.875
2024-08-26,245.875,86,0.6771653543307087,0.7795275590551181,0.7086614173228346,0.5669291338582677,0.6141732283464567,0.6850393700787397,0.6614173228346457,0.6118110236220472,2024-08-27,0.7007874015748031,89.0,253.20833333333331
2024-08-27,253.20833333333331,89,0.7007874015748031,0.6771653543307087,0.7795275590551181,0.7086614173228346,0.5354330708661418,0.7217847769028868,0.6704161979752531,0.6118110236220473,2024-08-28,0.6299212598425197,80.0,229.0
2024-08-28,229.0,80,0.6299212598425197,0.7007874015748031,0.6771653543307087,0.7795275590551181,0.7559055118110236,0.7191601049868762,0.6940382452193475,0.6170603674540681,2024-08-29,0.4881889763779528,62.0,183.33333333333331
2024-08-29,183.33333333333331,62,0.4881889763779528,0.6299212598425197,0.7007874015748031,0.6771653543307087,0.6692913385826772,0.6692913385826768,0.6760404949381328,0.6186351706036746,2024-08-30,0.5511811023622047,70.0,205.0
2024-08-30,205.0,70,0.5511811023622047,0.4881889763779528,0.6299212598425197,0.7007874015748031,0.5669291338582677,0.6062992125984249,0.6501687289088862,0.6173228346456693,2024-08-31,0.5984251968503937,76.0,219.33333333333331
2024-08-31,219.33333333333331,76,0.5984251968503937,0.5511811023622047,0.4881889763779528,0.6299212598425197,0.7086614173228346,0.5564304461942253,0.6479190101237345,0.6136482939632546,2024-09-01,0.5748031496062992,73.0,212.25
2024-09-01,212.25,73,0.5748031496062992,0.5984251968503937,0.5511811023622047,0.4881889763779528,0.7795275590551181,0.5459317585301834,0.6321709786276716,0.6136482939632547,2024-09-02,0.6456692913385826,82.0,233.58333333333331
2024-09-02,233.58333333333331,82,0.6456692913385826,0.5748031496062992,0.5984251968503937,0.5511811023622047,0.6771653543307087,0.5748031496062987,0.6029246344206973,0.6102362204724409,2024-09-03,0.5984251968503937,76.0,219.25
2024-09-03,219.25,76,0.5984251968503937,0.6456692913385826,0.5748031496062992,0.5984251968503937,0.7007874015748031,0.6062992125984249,0.5984251968503936,0.6136482939632546,2024-09-04,0.7716535433070866,98.0,274.25
2024-09-04,274.25,98,0.7716535433070866,0.5984251968503937,0.6456692913385826,0.5748031496062992,0.6299212598425197,0.6062992125984249,0.5838020247469066,0.6120734908136483,2024-09-05,0.4566929133858268,58.0,175.125
2024-09-05,175.125,58,0.4566929133858268,0.7716535433070866,0.5984251968503937,0.6456692913385826,0.4881889763779528,0.6719160104986873,0.6040494938132733,0.6170603674540681,2024-09-06,0.8110236220472441,103.0,288.2916666666667
2024-09-06,288.2916666666667,103,0.8110236220472441,0.4566929133858268,0.7716535433070866,0.5984251968503937,0.5511811023622047,0.6089238845144352,0.5995500562429695,0.6133858267716535,2024-09-07,0.5511811023622047,70.0,203.375
2024-09-07,203.375,70,0.5511811023622047,0.8110236220472441,0.4566929133858268,0.7716535433070866,0.5984251968503937,0.6797900262467188,0.6366704161979753,0.620472440944882,2024-09-08,0.7716535433070866,98.0,273.875
2024-09-08,273.875,98,0.7716535433070866,0.5511811023622047,0.8110236220472441,0.4566929133858268,0.5748031496062992,0.6062992125984249,0.6299212598425197,0.6262467191601051,2024-09-09,0.7007874015748031,89.0,253.04166666666663
2024-09-09,253.04166666666663,89,0.7007874015748031,0.7716535433070866,0.5511811023622047,0.8110236220472441,0.6456692913385826,0.7112860892388447,0.6580427446569178,0.6325459317585301,2024-09-10,0.7244094488188977,92.0,260.375
2024-09-10,260.375,92,0.7244094488188977,0.7007874015748031,0.7716535433070866,0.5511811023622047,0.5984251968503937,0.6745406824146979,0.6659167604049495,0.632020997375328,2024-09-11,0.7086614173228346,90.0,255.58333333333331
2024-09-11,255.58333333333331,90,0.7086614173228346,0.7244094488188977,0.7007874015748031,0.7716535433070866,0.7716535433070866,0.7322834645669287,0.6839145106861642,0.6338582677165354,2024-09-12,0.5905511811023622,75.0,217.625
2024-09-12,217.625,75,0.5905511811023622,0.7086614173228346,0.7244094488188977,0.7007874015748031,0.4566929133858268,0.7112860892388447,0.6749156355455568,0.6372703412073492,2024-09-13,0.5039370078740157,64.0,188.16666666666663
2024-09-13,188.16666666666663,64,0.5039370078740157,0.5905511811023622,0.7086614173228346,0.7244094488188977,0.8110236220472441,0.6745406824146979,0.6940382452193476,0.6351706036745407,2024-09-14,0.7716535433070866,98.0,273.875
2024-09-14,273.875,98,0.7716535433070866,0.5039370078740157,0.5905511811023622,0.7086614173228346,0.5511811023622047,0.6010498687664038,0.6501687289088862,0.631233595800525,2024-09-15,0.8110236220472441,103.0,286.75
2024-09-15,286.75,103,0.8110236220472441,0.7716535433070866,0.5039370078740157,0.5905511811023622,0.7716535433070866,0.6220472440944879,0.6816647919010125,0.6406824146981627,2024-09-16,0.84251968503937,107.0,297.875
2024-09-16,297.875,107,0.84251968503937,0.8110236220472441,0.7716535433070866,0.5039370078740157,0.7007874015748031,0.6955380577427818,0.687289088863892,0.6451443569553806,2024-09-17,0.7874015748031497,100.0,279.0416666666667
2024-09-17,279.0416666666667,100,0.7874015748031497,0.84251968503937,0.8110236220472441,0.7716535433070866,0.7244094488188977,0.8083989501312332,0.7075365579302587,0.6603674540682415,2024-09-18,0.8110236220472441,103.0,288.2916666666667
2024-09-18,288.2916666666667,103,0.8110236220472441,0.7874015748031497,0.84251968503937,0.8110236220472441,0.7086614173228346,0.8136482939632542,0.716535433070866,0.663254593175853,2024-09-19,0.8740157480314961,111.0,307.625
2024-09-19,307.625,111,0.8740157480314961,0.8110236220472441,0.7874015748031497,0.84251968503937,0.5905511811023622,0.8136482939632543,0.7311586051743532,0.6698162729658793,2024-09-20,0.8503937007874016,108.0,299.375
2024-09-20,299.375,108,0.8503937007874016,0.8740157480314961,0.8110236220472441,0.7874015748031497,0.5039370078740157,0.8241469816272963,0.7716535433070867,0.6811023622047243,2024-09-21,0.8582677165354331,109.0,303.8333333333333
2024-09-21,303.8333333333333,109,0.8582677165354331,0.8503937007874016,0.8740157480314961,0.8110236220472441,0.7716535433070866,0.8451443569553803,0.8211473565804275,0.684251968503937,2024-09-22,0.6692913385826772,85.0,241.95833333333331
2024-09-22,241.95833333333331,85,0.6692913385826772,0.8582677165354331,0.8503937007874016,0.8740157480314961,0.8110236220472441,0.8608923884514432,0.8335208098987625,0.6905511811023622,2024-09-23,0.7007874015748031,89.0,252.45833333333331
2024-09-23,252.45833333333331,89,0.7007874015748031,0.6692913385826772,0.8582677165354331,0.8503937007874016,0.84251968503937,0.7926509186351702,0.813273340832396,0.6939632545931758,2024-09-24,0.5275590551181102,67.0,196.66666666666663
2024-09-24,196.66666666666663,67,0.5275590551181102,0.7007874015748031,0.6692913385826772,0.8582677165354331,0.7874015748031497,0.7427821522309707,0.7930258717660292,0.6937007874015748,2024-09-25,0.6299212598425197,80.0,229.95833333333331
2024-09-25,229.95833333333331,80,0.6299212598425197,0.5275590551181102,0.7007874015748031,0.6692913385826772,0.8110236220472441,0.6325459317585298,0.7559055118110237,0.6853018372703412,2024-09-26,0.6062992125984252,77.0,221.54166666666663
2024-09-26,221.54166666666663,77,0.6062992125984252,0.6299212598425197,0.5275590551181102,0.7007874015748031,0.8740157480314961,0.6194225721784773,0.7300337457817773,0.6837270341207348,2024-09-27,0.47244094488188976,60.0,179.75
2024-09-27,179.75,60,0.47244094488188976,0.6062992125984252,0.6299212598425197,0.5275590551181102,0.8503937007874016,0.5879265091863514,0.6917885264341957,0.6805774278215223,2024-09-28,0.7322834645669292,93.0,263.5833333333333
2024-09-28,263.5833333333333,93,0.7322834645669292,0.47244094488188976,0.6062992125984252,0.6299212598425197,0.8582677165354331,0.5695538057742778,0.6377952755905512,0.6753280839895013,2024-09-29,0.4330708661417323,55.0,166.45833333333334
2024-09-29,166.45833333333334,55,0.4330708661417323,0.7322834645669292,0.47244094488188976,0.6062992125984252,0.6692913385826772,0.6036745406824143,0.6197975253093363,0.6834645669291338,2024-09-30,0.8582677165354331,109.0,301.8333333333333
2024-09-30,301.8333333333333,109,0.8582677165354331,0.4330708661417323,0.7322834645669292,0.47244094488188976,0.7007874015748031,0.5459317585301834,0.5860517435320585,0.6795275590551182,2024-10-01,0.8031496062992126,102.0,285.625
2024-10-01,285.625,102,0.8031496062992126,0.8582677165354331,0.4330708661417323,0.7322834645669292,0.5275590551181102,0.6745406824146979,0.6085489313835771,0.6881889763779527,2024-10-02,0.7480314960629921,95.0,267.0833333333333
2024-10-02,267.0833333333333,95,0.7480314960629921,0.8031496062992126,0.8582677165354331,0.4330708661417323,0.6299212598425197,0.6981627296587923,0.6479190101237345,0.6958005249343832,2024-10-03,0.6299212598425197,80.0,228.41666666666663
2024-10-03,228.41666666666663,80,0.6299212598425197,0.7480314960629921,0.8031496062992126,0.8582677165354331,0.6062992125984252,0.8031496062992122,0.6647919010123735,0.6992125984251968,2024-10-04,0.48031496062992124,61.0,182.5
2024-10-04,182.5,61,0.48031496062992124,0.6299212598425197,0.7480314960629921,0.8031496062992126,0.47244094488188976,0.7270341207349077,0.6681664791901012,0.700262467191601,2024-10-05,0.7559055118110236,96.0,268.75
2024-10-05,268.75,96,0.7559055118110236,0.48031496062992124,0.6299212598425197,0.7480314960629921,0.7322834645669292,0.6194225721784773,0.6692913385826772,0.6905511811023622,2024-10-06,0.7637795275590551,97.0,273.625
2024-10-06,273.625,97,0.7637795275590551,0.7559055118110236,0.48031496062992124,0.6299212598425197,0.4330708661417323,0.6220472440944879,0.672665916760405,0.7005249343832021,2024-10-07,0.8818897637795275,112.0,309.25
2024-10-07,309.25,112,0.8818897637795275,0.7637795275590551,0.7559055118110236,0.48031496062992124,0.8582677165354331,0.6666666666666663,0.7199100112485939,0.6989501312335958,2024-10-08,0.8503937007874016,108.0,300.8333333333333
2024-10-08,300.8333333333333,108,0.8503937007874016,0.8818897637795275,0.7637795275590551,0.7559055118110236,0.8031496062992126,0.8005249343832017,0.7232845894263217,0.7099737532808399,2024-10-09,0.8346456692913385,106.0,294.4166666666667
2024-10-09,294.4166666666667,106,0.8346456692913385,0.8503937007874016,0.8818897637795275,0.7637795275590551,0.7480314960629921,0.8320209973753278,0.7300337457817773,0.7125984251968503,2024-10-10,0.7401574803149606,94.0,264.625
2024-10-10,264.625,94,0.7401574803149606,0.8346456692913385,0.8503937007874016,0.8818897637795275,0.6299212598425197,0.8556430446194222,0.7424071991001124,0.7170603674540683,2024-10-11,0.8110236220472441,103.0,287.125
2024-10-11,287.125,103,0.8110236220472441,0.7401574803149606,0.8346456692913385,0.8503937007874016,0.48031496062992124,0.8083989501312332,0.7581552305961755,0.7175853018372703,2024-10-12,0.7716535433070866,98.0,275.0833333333333
2024-10-12,275.0833333333333,98,0.7716535433070866,0.8110236220472441,0.7401574803149606,0.8346456692913385,0.7559055118110236,0.7952755905511807,0.8053993250843644,0.720997375328084,2024-10-13,0.7716535433070866,98.0,275.5
2024-10-13,275.5,98,0.7716535433070866,0.7716535433070866,0.8110236220472441,0.7401574803149606,0.7637795275590551,0.7742782152230968,0.8076490438695164,0.727034120734908,2024-10-14,0.6377952755905512,81.0,231.54166666666663
2024-10-14,231.54166666666663,81,0.6377952755905512,0.7716535433070866,0.7716535433070866,0.8110236220472441,0.8818897637795275,0.7847769028871387,0.8087739032620922,0.7359580052493438,2024-10-15,0.6220472440944882,79.0,227.375
2024-10-15,227.375,79,0.6220472440944882,0.6377952755905512,0.7716535433070866,0.7716535433070866,0.8503937007874016,0.7270341207349077,0.7739032620922384,0.731496062992126,2024-10-16,0.7244094488188977,92.0,259.1666666666667
2024-10-16,259.1666666666667,92,0.7244094488188977,0.6220472440944882,0.6377952755905512,0.7716535433070866,0.8346456692913385,0.6771653543307083,0.7412823397075365,0.7251968503937007,2024-10-17,0.6299212598425197,80.0,230.0
2024-10-17,230.0,80,0.6299212598425197,0.7244094488188977,0.6220472440944882,0.6377952755905512,0.7401574803149606,0.6614173228346453,0.7255343082114736,0.7212598425196851,2024-10-18,0.3779527559055118,48.0,149.41666666666666
2024-10-18,149.41666666666666,48,0.3779527559055118,0.6299212598425197,0.7244094488188977,0.6220472440944882,0.8110236220472441,0.6587926509186348,0.7097862767154106,0.7160104986876641,2024-10-19,0.41732283464566927,53.0,161.41666666666666
2024-10-19,161.41666666666666,53,0.41732283464566927,0.3779527559055118,0.6299212598425197,0.7244094488188977,0.7716535433070866,0.5774278215223093,0.6479190101237345,0.7015748031496063,2024-10-20,0.6456692913385826,82.0,235.375
2024-10-20,235.375,82,0.6456692913385826,0.41732283464566927,0.3779527559055118,0.6299212598425197,0.7716535433070866,0.4750656167978999,0.5973003374578177,0.6863517060367454,2024-10-21,0.889763779527559,113.0,311.9166666666667
2024-10-21,311.9166666666667,113,0.889763779527559,0.6456692913385826,0.41732283464566927,0.3779527559055118,0.6377952755905512,0.48031496062992085,0.5793025871766029,0.6795275590551181,2024-10-22,0.7795275590551181,99.0,277.9583333333333
2024-10-22,277.9583333333333,99,0.7795275590551181,0.889763779527559,0.6456692913385826,0.41732283464566927,0.6220472440944882,0.6509186351706032,0.6152980877390325,0.6805774278215222,2024-10-23,0.7795275590551181,99.0,278.6666666666667
2024-10-23,278.6666666666667,99,0.7795275590551181,0.7795275590551181,0.889763779527559,0.6456692913385826,0.7244094488188977,0.7716535433070861,0.6377952755905512,0.684251968503937,2024-10-24,0.8661417322834646,110.0,305.125
2024-10-24,305.125,110,0.8661417322834646,0.7795275590551181,0.7795275590551181,0.889763779527559,0.6299212598425197,0.8162729658792647,0.6456692913385825,0.6868766404199476,2024-10-25,0.8740157480314961,111.0,308.1666666666667
2024-10-25,308.1666666666667,111,0.8740157480314961,0.8661417322834646,0.7795275590551181,0.7795275590551181,0.3779527559055118,0.8083989501312332,0.6794150731158605,0.6981627296587926,2024-10-26,0.8976377952755905,114.0,316.4583333333333
2024-10-26,316.4583333333333,114,0.8976377952755905,0.8740157480314961,0.8661417322834646,0.7795275590551181,0.41732283464566927,0.8398950131233592,0.7502812148481439,0.7062992125984252,2024-10-27,0.8110236220472441,103.0,286.875
2024-10-27,286.875,103,0.8110236220472441,0.8976377952755905,0.8740157480314961,0.8661417322834646,0.6456692913385826,0.8792650918635166,0.8188976377952756,0.7160104986876641,2024-10-28,0.8346456692913385,106.0,294.5833333333333
2024-10-28,294.5833333333333,106,0.8346456692913385,0.8110236220472441,0.8976377952755905,0.8740157480314961,0.889763779527559,0.8608923884514432,0.84251968503937,0.7272965879265093,2024-10-29,0.937007874015748,119.0,328.25
2024-10-29,328.25,119,0.937007874015748,0.8346456692913385,0.8110236220472441,0.8976377952755905,0.7795275590551181,0.8477690288713907,0.8346456692913387,0.7307086614173228,2024-10-30,0.9291338582677166,118.0,326.5416666666667
2024-10-30,326.5416666666667,118,0.9291338582677166,0.937007874015748,0.8346456692913385,0.8110236220472441,0.7795275590551181,0.8608923884514432,0.8571428571428571,0.74750656167979,2024-10-31,0.6692913385826772,85.0,243.16666666666663
2024-10-31,243.16666666666663,85,0.6692913385826772,0.9291338582677166,0.937007874015748,0.8346456692913385,0.8661417322834646,0.9002624671916006,0.8785151856017998,0.7498687664041995,2024-11-01,0.7952755905511811,101.0,282.2916666666667
2024-11-01,282.2916666666667,101,0.7952755905511811,0.6692913385826772,0.9291338582677166,0.937007874015748,0.8740157480314961,0.8451443569553803,0.8503937007874016,0.7454068241469816,2024-11-02,0.9212598425196851,117.0,322.5416666666667
2024-11-02,322.5416666666667,117,0.9212598425196851,0.7952755905511811,0.6692913385826772,0.9291338582677166,0.8976377952755905,0.7979002624671913,0.8391451068616423,0.7469816272965879,2024-11-03,0.8031496062992126,102.0,286.0833333333333
2024-11-03,286.0833333333333,102,0.8031496062992126,0.9212598425196851,0.7952755905511811,0.6692913385826772,0.8110236220472441,0.7952755905511807,0.8425196850393701,0.7566929133858268,2024-11-04,0.937007874015748,119.0,327.1666666666667
2024-11-04,327.1666666666667,119,0.937007874015748,0.8031496062992126,0.9212598425196851,0.7952755905511811,0.8346456692913385,0.8398950131233592,0.8413948256467941,0.7674540682414699,2024-11-05,0.6456692913385826,82.0,235.25
2024-11-05,235.25,82,0.6456692913385826,0.937007874015748,0.8031496062992126,0.9212598425196851,0.937007874015748,0.8871391076115481,0.8560179977502812,0.773490813648294,2024-11-06,0.6692913385826772,85.0,242.875
2024-11-06,242.875,85,0.6692913385826772,0.6456692913385826,0.937007874015748,0.8031496062992126,0.9291338582677166,0.7952755905511807,0.8143982002249718,0.7695538057742781,2024-11-07,0.6850393700787402,87.0,246.79166666666663
2024-11-07,246.79166666666663,87,0.6850393700787402,0.6692913385826772,0.6456692913385826,0.937007874015748,0.6692913385826772,0.7506561679790021,0.7772778402699663,0.7624671916010499,2024-11-08,0.7874015748031497,100.0,279.3333333333333
2024-11-08,279.3333333333333,100,0.7874015748031497,0.6850393700787402,0.6692913385826772,0.6456692913385826,0.7952755905511811,0.6666666666666662,0.7795275590551182,0.756955380577428,2024-11-09,0.6456692913385826,82.0,233.91666666666663
2024-11-09,233.91666666666663,82,0.6456692913385826,0.7874015748031497,0.6850393700787402,0.6692913385826772,0.9212598425196851,0.7139107611548553,0.7784026996625422,0.7553805774278215,2024-11-10,0.5511811023622047,70.0,205.33333333333331
2024-11-10,205.33333333333331,70,0.5511811023622047,0.6456692913385826,0.7874015748031497,0.6850393700787402,0.8031496062992126,0.7060367454068238,0.7390326209223846,0.7522309711286089,2024-11-11,0.18110236220472442,23.0,85.08333333333333
2024-11-11,85.08333333333333,23,0.18110236220472442,0.5511811023622047,0.6456692913385826,0.7874015748031497,0.937007874015748,0.6614173228346453,0.703037120359955,0.7435695538057743,2024-11-12,0.7401574803149606,94.0,263.9166666666667
2024-11-12,263.9166666666667,94,0.7401574803149606,0.18110236220472442,0.5511811023622047,0.6456692913385826,0.6456692913385826,0.4593175853018369,0.5950506186726658,0.7238845144356956,2024-11-13,0.9212598425196851,117.0,324.1666666666667
2024-11-13,324.1666666666667,117,0.9212598425196851,0.7401574803149606,0.18110236220472442,0.5511811023622047,0.6692913385826772,0.4908136482939629,0.608548931383577,0.7228346456692913,2024-11-14,0.8267716535433071,105.0,292.75
2024-11-14,292.75,105,0.8267716535433071,0.9212598425196851,0.7401574803149606,0.18110236220472442,0.6850393700787402,0.6141732283464564,0.6445444319460067,0.7322834645669292,2024-11-15,0.8818897637795275,112.0,310.5416666666667
2024-11-15,310.5416666666667,112,0.8818897637795275,0.8267716535433071,0.9212598425196851,0.7401574803149606,0.7874015748031497,0.8293963254593172,0.6647919010123735,0.7391076115485565,2024-11-16,0.8818897637795275,112.0,309.3333333333333
2024-11-16,309.3333333333333,112,0.8818897637795275,0.8818897637795275,0.8267716535433071,0.9212598425196851,0.6456692913385826,0.8766404199475062,0.6782902137232846,0.7443569553805774,2024-11-17,0.8346456692913385,106.0,294.9583333333333
2024-11-17,294.9583333333333,106,0.8346456692913385,0.8818897637795275,0.8818897637795275,0.8267716535433071,0.5511811023622047,0.8635170603674537,0.7120359955005624,0.752755905511811,2024-11-18,0.952755905511811,121.0,333.7916666666667
2024-11-18,333.7916666666667,121,0.952755905511811,0.8346456692913385,0.8818897637795275,0.8818897637795275,0.18110236220472442,0.8661417322834642,0.7525309336332959,0.767979002624672,2024-11-19,0.8582677165354331,109.0,303.25
2024-11-19,303.25,109,0.8582677165354331,0.952755905511811,0.8346456692913385,0.8818897637795275,0.7401574803149606,0.8897637795275587,0.8627671541057368,0.7858267716535433,2024-11-20,0.7401574803149606,94.0,265.9166666666667
2024-11-20,265.9166666666667,94,0.7401574803149606,0.8582677165354331,0.952755905511811,0.8346456692913385,0.9212598425196851,0.8818897637795272,0.8796400449943756,0.7929133858267717,2024-11-21,0.7165354330708661,91.0,258.5416666666667
2024-11-21,258.5416666666667,91,0.7165354330708661,0.7401574803149606,0.8582677165354331,0.952755905511811,0.8267716535433071,0.8503937007874013,0.8537682789651294,0.7879265091863518,2024-11-22,0.8503937007874016,108.0,300.5416666666667
2024-11-22,300.5416666666667,108,0.8503937007874016,0.7165354330708661,0.7401574803149606,0.8582677165354331,0.8818897637795275,0.7716535433070861,0.8380202474690662,0.7858267716535433,2024-11-23,0.6141732283464567,78.0,225.20833333333331
2024-11-23,225.20833333333331,78,0.6141732283464567,0.8503937007874016,0.7165354330708661,0.7401574803149606,0.8818897637795275,0.7690288713910758,0.8335208098987626,0.7881889763779527,2024-11-24,0.23622047244094488,30.0,103.25
2024-11-24,103.25,30,0.23622047244094488,0.6141732283464567,0.8503937007874016,0.7165354330708661,0.8346456692913385,0.7270341207349077,0.7952755905511811,0.7797900262467192,2024-11-25,0.3858267716535433,49.0,150.75
2024-11-25,150.75,49,0.3858267716535433,0.23622047244094488,0.6141732283464567,0.8503937007874016,0.952755905511811,0.5669291338582674,0.7097862767154106,0.7585301837270342,2024-11-26,0.2677165354330709,34.0,114.625
2024-11-26,114.625,34,0.2677165354330709,0.3858267716535433,0.23622047244094488,0.6141732283464567,0.8582677165354331,0.4120734908136479,0.6287964004499437,0.7414698162729658,2024-11-27,0.2204724409448819,28.0,98.5
2024-11-27,98.5,28,0.2204724409448819,0.2677165354330709,0.3858267716535433,0.23622047244094488,0.7401574803149606,0.296587926509186,0.5444319460067492,0.7233595800524935,2024-11-28,0.8661417322834646,110.0,305.25
2024-11-28,305.25,110,0.8661417322834646,0.2204724409448819,0.2677165354330709,0.3858267716535433,0.7165354330708661,0.291338582677165,0.4701912260967379,0.7028871391076116,2024-11-29,0.9133858267716536,116.0,319.625
2024-11-29,319.625,116,0.9133858267716536,0.8661417322834646,0.2204724409448819,0.2677165354330709,0.8503937007874016,0.45144356955380543,0.49156355455568057,0.7005249343832021,2024-11-30,0.8267716535433071,105.0,292.3333333333333
2024-11-30,292.3333333333333,105,0.8267716535433071,0.9133858267716536,0.8661417322834646,0.2204724409448819,0.6141732283464567,0.6666666666666664,0.500562429696288,0.7,2024-12-01,0.8188976377952756,104.0,290.0
2024-12-01,290.0,104,0.8188976377952756,0.8267716535433071,0.9133858267716536,0.8661417322834646,0.23622047244094488,0.8687664041994747,0.530933633295838,0.7052493438320211,2024-12-02,0.889763779527559,113.0,311.9583333333333
2024-12-02,311.9583333333333,113,0.889763779527559,0.8188976377952756,0.8267716535433071,0.9133858267716536,0.3858267716535433,0.8530183727034117,0.6141732283464567,0.7060367454068242,2024-12-03,0.8267716535433071,105.0,292.7083333333333
2024-12-03,292.7083333333333,105,0.8267716535433071,0.889763779527559,0.8188976377952756,0.8267716535433071,0.2677165354330709,0.8451443569553801,0.6861642294713162,0.70498687664042,2024-12-04,0.937007874015748,119.0,327.4166666666667
2024-12-04,327.4166666666667,119,0.937007874015748,0.8267716535433071,0.889763779527559,0.8188976377952756,0.2204724409448819,0.8451443569553803,0.766029246344207,0.7057742782152231,2024-12-05,0.7559055118110236,96.0,270.8333333333333
2024-12-05,270.8333333333333,96,0.7559055118110236,0.937007874015748,0.8267716535433071,0.889763779527559,0.8661417322834646,0.8845144356955377,0.8683914510686164,0.7057742782152231,2024-12-06,0.968503937007874,123.0,337.25
2024-12-06,337.25,123,0.968503937007874,0.7559055118110236,0.937007874015748,0.8267716535433071,0.9133858267716536,0.8398950131233591,0.8526434195725534,0.7094488188976378,2024-12-07,0.7795275590551181,99.0,276.6666666666667
2024-12-07,276.6666666666667,99,0.7795275590551181,0.968503937007874,0.7559055118110236,0.937007874015748,0.8267716535433071,0.8871391076115481,0.8605174353205848,0.7194225721784776,2024-12-08,0.9212598425196851,117.0,322.5833333333333
2024-12-08,322.5833333333333,117,0.9212598425196851,0.7795275590551181,0.968503937007874,0.7559055118110236,0.8188976377952756,0.8346456692913381,0.8537682789651294,0.7225721784776903,2024-12-09,0.8582677165354331,109.0,303.5
2024-12-09,303.5,109,0.8582677165354331,0.9212598425196851,0.7795275590551181,0.968503937007874,0.889763779527559,0.8897637795275587,0.8683914510686164,0.7270341207349081,2024-12-10,0.905511811023622,115.0,318.625
2024-12-10,318.625,115,0.905511811023622,0.8582677165354331,0.9212598425196851,0.7795275590551181,0.8267716535433071,0.8530183727034117,0.8638920134983127,0.7341207349081366,2024-12-11,0.9448818897637795,120.0,330.5833333333333
2024-12-11,330.5833333333333,120,0.9448818897637795,0.905511811023622,0.8582677165354331,0.9212598425196851,0.937007874015748,0.8950131233595796,0.875140607424072,0.7459317585301837,2024-12-12,0.8346456692913385,106.0,296.0
2024-12-12,296.0,106,0.8346456692913385,0.9448818897637795,0.905511811023622,0.8582677165354331,0.7559055118110236,0.9028871391076111,0.8762654668166479,0.7713910761154855,2024-12-13,0.8818897637795275,112.0,310.7916666666667
2024-12-13,310.7916666666667,112,0.8818897637795275,0.8346456692913385,0.9448818897637795,0.905511811023622,0.968503937007874,0.8950131233595796,0.8875140607424071,0.7745406824146982,2024-12-14,0.8188976377952756,104.0,290.9583333333333
2024-12-14,290.9583333333333,104,0.8188976377952756,0.8818897637795275,0.8346456692913385,0.9448818897637795,0.7795275590551181,0.8871391076115481,0.875140607424072,0.7732283464566928,2024-12-15,0.6614173228346457,84.0,239.66666666666663
2024-12-15,239.66666666666663,84,0.6614173228346457,0.8188976377952756,0.8818897637795275,0.8346456692913385,0.9212598425196851,0.8451443569553803,0.8807649043869515,0.772965879265092,2024-12-16,0.7322834645669292,93.0,262.8333333333333
2024-12-16,262.8333333333333,93,0.7322834645669292,0.6614173228346457,0.8188976377952756,0.8818897637795275,0.8582677165354331,0.7874015748031492,0.843644544431946,0.7656167979002625,2024-12-17,0.8582677165354331,109.0,302.7083333333333
2024-12-17,302.7083333333333,109,0.8582677165354331,0.7322834645669292,0.6614173228346457,0.8188976377952756,0.905511811023622,0.7375328083989497,0.8256467941507311,0.7606299212598426,2024-12-18,0.7952755905511811,101.0,282.5
2024-12-18,282.5,101,0.7952755905511811,0.8582677165354331,0.7322834645669292,0.6614173228346457,0.9448818897637795,0.7506561679790024,0.8188976377952757,0.7614173228346457,2024-12-19,0.7559055118110236,96.0,269.7083333333333
2024-12-19,269.7083333333333,96,0.7559055118110236,0.7952755905511811,0.8582677165354331,0.7322834645669292,0.8346456692913385,0.7952755905511807,0.7975253093363329,0.7561679790026247,2024-12-20,0.9133858267716536,116.0,320.0416666666667
2024-12-20,320.0416666666667,116,0.9133858267716536,0.7559055118110236,0.7952755905511811,0.8582677165354331,0.8818897637795275,0.8031496062992122,0.7862767154105736,0.752755905511811,2024-12-21,0.937007874015748,119.0,329.1666666666667
2024-12-21,329.1666666666667,119,0.937007874015748,0.9133858267716536,0.7559055118110236,0.7952755905511811,0.8188976377952756,0.8215223097112858,0.7907761529808776,0.7585301837270341,2024-12-22,0.8818897637795275,112.0,309.125
2024-12-22,309.125,112,0.8818897637795275,0.937007874015748,0.9133858267716536,0.7559055118110236,0.6614173228346457,0.8687664041994747,0.8076490438695164,0.7658792650918634,2024-12-23,0.8740157480314961,111.0,307.9166666666667
2024-12-23,307.9166666666667,111,0.8740157480314961,0.8818897637795275,0.937007874015748,0.9133858267716536,0.7322834645669292,0.9107611548556426,0.8391451068616422,0.7669291338582678,2024-12-24,0.8976377952755905,114.0,316.0833333333333
2024-12-24,316.0833333333333,114,0.8976377952755905,0.8740157480314961,0.8818897637795275,0.937007874015748,0.8582677165354331,0.8976377952755902,0.859392575928009,0.7755905511811023,2024-12-25,0.8346456692913385,106.0,294.375
2024-12-25,294.375,106,0.8346456692913385,0.8976377952755905,0.8740157480314961,0.8818897637795275,0.7952755905511811,0.8845144356955377,0.8650168728908886,0.7976377952755905,2024-12-26,0.937007874015748,119.0,327.7083333333333
2024-12-26,327.7083333333333,119,0.937007874015748,0.8346456692913385,0.8976377952755905,0.8740157480314961,0.7559055118110236,0.8687664041994747,0.8706411698537683,0.8125984251968504,2024-12-27,0.9606299212598425,122.0,336.0
2024-12-27,336.0,122,0.9606299212598425,0.937007874015748,0.8346456692913385,0.8976377952755905,0.9133858267716536,0.8897637795275587,0.8965129358830145,0.8349081364829396,2024-12-28,0.984251968503937,125.0,343.375
2024-12-28,343.375,125,0.984251968503937,0.9606299212598425,0.937007874015748,0.8346456692913385,0.937007874015748,0.9107611548556426,0.9032620922384701,0.8595800524934383,2024-12-29,0.6535433070866141,83.0,236.125
2024-12-29,236.125,83,0.6535433070866141,0.984251968503937,0.9606299212598425,0.937007874015748,0.8818897637795275,0.9606299212598421,0.9100112485939257,0.8635170603674541,2024-12-30,0.9448818897637795,120.0,330.7083333333333
2024-12-30,330.7083333333333,120,0.9448818897637795,0.6535433070866141,0.984251968503937,0.9606299212598425,0.8740157480314961,0.8661417322834642,0.8773903262092239,0.8548556430446194,2024-12-31,0.8503937007874016,108.0,300.5
