data,ghi,ghi_quantizado,ghi_normalizado,ghi_t-1,ghi_t-2,ghi_t-3,ghi_t-7,ghi_media_movel_3d,ghi_media_movel_7d,ghi_media_movel_30d,data_alvo,ghi_alvo,ghi_alvo_quantizado,ghi_alvo_original
2019-01-30,117.375,39,0.30708661417322836,0.30708661417322836,0.2440944881889764,0.14960629921259844,0.11023622047244094,0.23359580052493437,0.21597300337457817,0.16115485564304463,2019-01-31,0.30708661417322836,39.0,117.58333333333331
2019-01-31,117.58333333333331,39,0.30708661417322836,0.30708661417322836,0.30708661417322836,0.2440944881889764,0.1968503937007874,0.2860892388451443,0.2440944881889764,0.16981627296587926,2019-02-01,0.30708661417322836,39.0,119.0
2019-02-01,119.0,39,0.30708661417322836,0.30708661417322836,0.30708661417322836,0.30708661417322836,0.28346456692913385,0.30708661417322836,0.25984251968503935,0.17926509186351708,2019-02-02,0.28346456692913385,36.0,107.83333333333331
2019-02-02,107.83333333333331,36,0.28346456692913385,0.28346456692913385,0.30708661417322836,0.30708661417322836,0.2204724409448819,0.2992125984251968,0.2598425196850394,0.18267716535433068,2019-02-03,0.2755905511811024,35.0,107.33333333333331
2019-02-03,107.33333333333331,35,0.2755905511811024,0.2755905511811024,0.28346456692913385,0.30708661417322836,0.14960629921259844,0.2887139107611548,0.2677165354330709,0.18320209973753282,2019-02-04,0.08661417322834646,11.0,37.0
2019-02-04,37.0,11,0.08661417322834646,0.08661417322834646,0.2755905511811024,0.28346456692913385,0.2440944881889764,0.21522309711286083,0.25871766029246346,0.17742782152230968,2019-02-05,0.07874015748031496,10.0,33.125
2019-02-05,33.125,10,0.07874015748031496,0.07874015748031496,0.08661417322834646,0.2755905511811024,0.30708661417322836,0.1469816272965879,0.23509561304836896,0.17191601049868765,2019-02-06,0.031496062992125984,4.0,15.291666666666666
2019-02-06,15.291666666666666,4,0.031496062992125984,0.031496062992125984,0.07874015748031496,0.08661417322834646,0.30708661417322836,0.06561679790026244,0.19572553430821146,0.1711286089238845,2019-02-07,0.023622047244094488,3.0,12.0
2019-02-07,12.0,3,0.023622047244094488,0.023622047244094488,0.031496062992125984,0.07874015748031496,0.30708661417322836,0.044619422572178456,0.15523059617547807,0.16929133858267717,2019-02-08,0.12598425196850394,16.0,49.958333333333336
2019-02-08,49.958333333333336,16,0.12598425196850394,0.12598425196850394,0.023622047244094488,0.031496062992125984,0.28346456692913385,0.06036745406824145,0.1293588301462317,0.1703412073490814,2019-02-09,0.41732283464566927,53.0,158.25
2019-02-09,158.25,53,0.41732283464566927,0.41732283464566927,0.12598425196850394,0.023622047244094488,0.2755905511811024,0.18897637795275588,0.1484814398200225,0.17926509186351705,2019-02-10,0.13385826771653545,17.0,53.0
2019-02-10,53.0,17,0.13385826771653545,0.13385826771653545,0.41732283464566927,0.12598425196850394,0.08661417322834646,0.22572178477690288,0.12823397075365578,0.17637795275590554,2019-02-11,0.11023622047244094,14.0,43.54166666666666
2019-02-11,43.54166666666666,14,0.11023622047244094,0.11023622047244094,0.13385826771653545,0.41732283464566927,0.07874015748031496,0.22047244094488186,0.13160854893138357,0.17874015748031497,2019-02-12,0.12598425196850394,16.0,49.66666666666666
2019-02-12,49.66666666666666,16,0.12598425196850394,0.12598425196850394,0.11023622047244094,0.13385826771653545,0.031496062992125984,0.12335958005249342,0.13835770528683913,0.173753280839895,2019-02-13,0.18110236220472442,23.0,70.20833333333333
2019-02-13,70.20833333333333,23,0.18110236220472442,0.18110236220472442,0.12598425196850394,0.11023622047244094,0.023622047244094488,0.13910761154855641,0.1597300337457818,0.17007874015748034,2019-02-14,0.2755905511811024,35.0,106.33333333333331
2019-02-14,106.33333333333331,35,0.2755905511811024,0.2755905511811024,0.18110236220472442,0.12598425196850394,0.12598425196850394,0.1942257217847769,0.19572553430821146,0.17821522309711288,2019-02-15,0.30708661417322836,39.0,119.125
2019-02-15,119.125,39,0.30708661417322836,0.30708661417322836,0.2755905511811024,0.18110236220472442,0.41732283464566927,0.2545931758530184,0.22159730033745784,0.18398950131233596,2019-02-16,0.08661417322834646,11.0,35.666666666666664
2019-02-16,35.666666666666664,11,0.08661417322834646,0.08661417322834646,0.30708661417322836,0.2755905511811024,0.13385826771653545,0.22309711286089237,0.17435320584926886,0.18398950131233596,2019-02-17,0.1732283464566929,22.0,69.29166666666667
2019-02-17,69.29166666666667,22,0.1732283464566929,0.1732283464566929,0.08661417322834646,0.30708661417322836,0.11023622047244094,0.1889763779527559,0.17997750281214847,0.1889763779527559,2019-02-18,0.28346456692913385,36.0,110.25
2019-02-18,110.25,36,0.28346456692913385,0.28346456692913385,0.1732283464566929,0.08661417322834646,0.12598425196850394,0.1811023622047244,0.20472440944881892,0.1979002624671916,2019-02-19,0.4251968503937008,54.0,160.91666666666666
2019-02-19,160.91666666666666,54,0.4251968503937008,0.4251968503937008,0.28346456692913385,0.1732283464566929,0.18110236220472442,0.29396325459317585,0.24746906636670415,0.2041994750656168,2019-02-20,0.18110236220472442,23.0,71.29166666666667
2019-02-20,71.29166666666667,23,0.18110236220472442,0.18110236220472442,0.4251968503937008,0.28346456692913385,0.2755905511811024,0.29658792650918636,0.24746906636670415,0.2015748031496063,2019-02-21,0.3937007874015748,50.0,149.29166666666666
2019-02-21,149.29166666666666,50,0.3937007874015748,0.3937007874015748,0.18110236220472442,0.4251968503937008,0.30708661417322836,0.3333333333333333,0.2643419572553431,0.20787401574803152,2019-02-22,0.4015748031496063,51.0,152.70833333333334
2019-02-22,152.70833333333334,51,0.4015748031496063,0.4015748031496063,0.3937007874015748,0.18110236220472442,0.08661417322834646,0.32545931758530183,0.2778402699662542,0.21758530183727035,2019-02-23,0.1889763779527559,24.0,73.91666666666667
2019-02-23,73.91666666666667,24,0.1889763779527559,0.1889763779527559,0.4015748031496063,0.3937007874015748,0.1732283464566929,0.32808398950131235,0.2924634420697413,0.22020997375328083,2019-02-24,0.06299212598425197,8.0,26.33333333333333
2019-02-24,26.33333333333333,8,0.06299212598425197,0.06299212598425197,0.1889763779527559,0.4015748031496063,0.28346456692913385,0.2178477690288714,0.2767154105736783,0.215748031496063,2019-02-25,0.4645669291338583,59.0,178.20833333333334
2019-02-25,178.20833333333334,59,0.4645669291338583,0.4645669291338583,0.06299212598425197,0.1889763779527559,0.4251968503937008,0.2388451443569554,0.30258717660292467,0.22178477690288714,2019-02-26,0.2755905511811024,35.0,105.125
2019-02-26,105.125,35,0.2755905511811024,0.2755905511811024,0.4645669291338583,0.06299212598425197,0.18110236220472442,0.2677165354330709,0.281214848143982,0.2236220472440945,2019-02-27,0.11023622047244094,14.0,44.54166666666666
2019-02-27,44.54166666666666,14,0.11023622047244094,0.11023622047244094,0.2755905511811024,0.4645669291338583,0.3937007874015748,0.28346456692913385,0.27109111361079863,0.22230971128608926,2019-02-28,0.4094488188976378,52.0,155.45833333333334
2019-02-28,155.45833333333334,52,0.4094488188976378,0.4094488188976378,0.11023622047244094,0.2755905511811024,0.4015748031496063,0.2650918635170603,0.27334083239595053,0.22782152230971128,2019-03-01,0.4330708661417323,55.0,165.08333333333334
2019-03-01,165.08333333333334,55,0.4330708661417323,0.4330708661417323,0.4094488188976378,0.11023622047244094,0.1889763779527559,0.31758530183727035,0.2778402699662542,0.23202099737532808,2019-03-02,0.2440944881889764,31.0,95.83333333333331
2019-03-02,95.83333333333331,31,0.2440944881889764,0.2440944881889764,0.4330708661417323,0.4094488188976378,0.06299212598425197,0.36220472440944884,0.2857142857142857,0.22992125984251968,2019-03-03,0.2677165354330709,34.0,104.70833333333331
2019-03-03,104.70833333333331,34,0.2677165354330709,0.2677165354330709,0.2440944881889764,0.4330708661417323,0.4645669291338583,0.31496062992125984,0.31496062992125984,0.22860892388451445,2019-03-04,0.3464566929133858,44.0,132.58333333333334
2019-03-04,132.58333333333334,44,0.3464566929133858,0.3464566929133858,0.2677165354330709,0.2440944881889764,0.2755905511811024,0.28608923884514437,0.2980877390326209,0.23070866141732285,2019-03-05,0.4015748031496063,51.0,154.54166666666666
2019-03-05,154.54166666666666,51,0.4015748031496063,0.4015748031496063,0.3464566929133858,0.2677165354330709,0.11023622047244094,0.33858267716535434,0.3160854893138358,0.23490813648293962,2019-03-06,0.3779527559055118,48.0,145.66666666666666
2019-03-06,145.66666666666666,48,0.3779527559055118,0.3779527559055118,0.4015748031496063,0.3464566929133858,0.4094488188976378,0.3753280839895013,0.3543307086614173,0.24461942257217847,2019-03-07,0.4881889763779528,62.0,187.125
2019-03-07,187.125,62,0.4881889763779528,0.4881889763779528,0.3779527559055118,0.4015748031496063,0.4330708661417323,0.4225721784776903,0.36557930258717664,0.25826771653543307,2019-03-08,0.5511811023622047,70.0,209.91666666666663
2019-03-08,209.91666666666663,70,0.5511811023622047,0.5511811023622047,0.4881889763779528,0.3779527559055118,0.2440944881889764,0.4724409448818898,0.38245219347581555,0.2755905511811024,2019-03-09,0.3543307086614173,45.0,136.0
2019-03-09,136.0,45,0.3543307086614173,0.3543307086614173,0.5511811023622047,0.4881889763779528,0.2677165354330709,0.4645669291338583,0.3982002249718785,0.2866141732283465,2019-03-10,0.03937007874015748,5.0,18.0
2019-03-10,18.0,5,0.03937007874015748,0.03937007874015748,0.3543307086614173,0.5511811023622047,0.3464566929133858,0.31496062992125984,0.36557930258717664,0.2837270341207349,2019-03-11,0.5196850393700787,66.0,196.875
2019-03-11,196.875,66,0.5196850393700787,0.5196850393700787,0.03937007874015748,0.3543307086614173,0.4015748031496063,0.3044619422572178,0.3903262092238471,0.28713910761154854,2019-03-12,0.6141732283464567,78.0,231.375
2019-03-12,231.375,78,0.6141732283464567,0.6141732283464567,0.5196850393700787,0.03937007874015748,0.3779527559055118,0.39107611548556426,0.42069741282339707,0.3031496062992126,2019-03-13,0.2440944881889764,31.0,95.95833333333331
2019-03-13,95.95833333333331,31,0.2440944881889764,0.2440944881889764,0.6141732283464567,0.5196850393700787,0.4881889763779528,0.4593175853018372,0.4015748031496063,0.3076115485564304,2019-03-14,0.12598425196850394,16.0,50.458333333333336
2019-03-14,50.458333333333336,16,0.12598425196850394,0.12598425196850394,0.2440944881889764,0.6141732283464567,0.5511811023622047,0.3280839895013123,0.3498312710911136,0.3076115485564304,2019-03-15,0.08661417322834646,11.0,34.791666666666664
2019-03-15,34.791666666666664,11,0.08661417322834646,0.08661417322834646,0.12598425196850394,0.2440944881889764,0.3543307086614173,0.1522309711286089,0.28346456692913385,0.30446194225721784,2019-03-16,0.3228346456692913,41.0,123.04166666666669
2019-03-16,123.04166666666669,41,0.3228346456692913,0.3228346456692913,0.08661417322834646,0.12598425196850394,0.03937007874015748,0.17847769028871388,0.2789651293588301,0.30603674540682413,2019-03-17,0.5118110236220472,65.0,193.5
2019-03-17,193.5,65,0.5118110236220472,0.5118110236220472,0.3228346456692913,0.08661417322834646,0.5196850393700787,0.3070866141732283,0.3464566929133858,0.31286089238845144,2019-03-18,0.3700787401574803,47.0,142.04166666666666
2019-03-18,142.04166666666666,47,0.3700787401574803,0.3700787401574803,0.5118110236220472,0.3228346456692913,0.6141732283464567,0.4015748031496063,0.32508436445444316,0.32230971128608926,2019-03-19,0.5118110236220472,65.0,193.625
2019-03-19,193.625,65,0.5118110236220472,0.5118110236220472,0.3700787401574803,0.5118110236220472,0.2440944881889764,0.46456692913385816,0.3104611923509561,0.33359580052493437,2019-03-20,0.2677165354330709,34.0,103.70833333333331
2019-03-20,103.70833333333331,34,0.2677165354330709,0.2677165354330709,0.5118110236220472,0.3700787401574803,0.12598425196850394,0.3832020997375328,0.31383577052868394,0.33307086614173226,2019-03-21,0.14960629921259844,19.0,58.04166666666666
2019-03-21,58.04166666666666,19,0.14960629921259844,0.14960629921259844,0.2677165354330709,0.5118110236220472,0.08661417322834646,0.3097112860892388,0.3172103487064116,0.32388451443569555,2019-03-22,0.28346456692913385,36.0,109.75
2019-03-22,109.75,36,0.28346456692913385,0.28346456692913385,0.14960629921259844,0.2677165354330709,0.3228346456692913,0.23359580052493434,0.34533183352080987,0.3272965879265092,2019-03-23,0.6850393700787402,87.0,259.125
2019-03-23,259.125,87,0.6850393700787402,0.6850393700787402,0.28346456692913385,0.14960629921259844,0.5118110236220472,0.37270341207349084,0.39707536557930256,0.337007874015748,2019-03-24,0.31496062992125984,40.0,120.5
2019-03-24,120.5,40,0.31496062992125984,0.31496062992125984,0.6850393700787402,0.28346456692913385,0.3700787401574803,0.42782152230971127,0.3689538807649044,0.3341207349081365,2019-03-25,0.7086614173228346,90.0,268.0
2019-03-25,268.0,90,0.7086614173228346,0.7086614173228346,0.31496062992125984,0.6850393700787402,0.5118110236220472,0.5695538057742783,0.41732283464566927,0.3514435695538058,2019-03-26,0.7086614173228346,90.0,269.0833333333333
2019-03-26,269.0833333333333,90,0.7086614173228346,0.7086614173228346,0.7086614173228346,0.31496062992125984,0.2677165354330709,0.5774278215223096,0.4454443194600675,0.37296587926509184,2019-03-27,0.6535433070866141,83.0,248.91666666666663
2019-03-27,248.91666666666663,83,0.6535433070866141,0.6535433070866141,0.7086614173228346,0.7086614173228346,0.14960629921259844,0.6902887139107611,0.500562429696288,0.37926509186351703,2019-03-28,0.47244094488188976,60.0,180.0
2019-03-28,180.0,60,0.47244094488188976,0.47244094488188976,0.6535433070866141,0.7086614173228346,0.28346456692913385,0.6115485564304461,0.546681664791901,0.3858267716535433,2019-03-29,0.4409448818897638,56.0,169.16666666666666
2019-03-29,169.16666666666666,56,0.4409448818897638,0.4409448818897638,0.47244094488188976,0.6535433070866141,0.6850393700787402,0.5223097112860892,0.5691788526434196,0.3968503937007874,2019-03-30,0.09448818897637795,12.0,37.29166666666666
2019-03-30,37.29166666666666,12,0.09448818897637795,0.09448818897637795,0.4409448818897638,0.47244094488188976,0.31496062992125984,0.3359580052493438,0.4848143982002249,0.38635170603674546,2019-03-31,0.2992125984251969,38.0,116.41666666666669
2019-03-31,116.41666666666669,38,0.2992125984251969,0.2992125984251969,0.09448818897637795,0.4409448818897638,0.7086614173228346,0.27821522309711283,0.48256467941507314,0.38188976377952755,2019-04-01,0.6850393700787402,87.0,259.9583333333333
2019-04-01,259.9583333333333,87,0.6850393700787402,0.6850393700787402,0.2992125984251969,0.09448818897637795,0.7086614173228346,0.35958005249343833,0.4791901012373453,0.39658792650918634,2019-04-02,0.5039370078740157,64.0,192.625
2019-04-02,192.625,64,0.5039370078740157,0.5039370078740157,0.6850393700787402,0.2992125984251969,0.6535433070866141,0.49606299212598426,0.44994375703037115,0.4044619422572178,2019-04-03,0.7401574803149606,94.0,280.875
2019-04-03,280.875,94,0.7401574803149606,0.7401574803149606,0.5039370078740157,0.6850393700787402,0.47244094488188976,0.6430446194225722,0.46231721034870643,0.41758530183727033,2019-04-04,0.2677165354330709,34.0,103.25
2019-04-04,103.25,34,0.2677165354330709,0.2677165354330709,0.7401574803149606,0.5039370078740157,0.4409448818897638,0.5039370078740157,0.4330708661417323,0.4131233595800525,2019-04-05,0.4330708661417323,55.0,165.0
2019-04-05,165.0,55,0.4330708661417323,0.4330708661417323,0.2677165354330709,0.7401574803149606,0.09448818897637795,0.48031496062992124,0.43194600674915634,0.41496062992125987,2019-04-06,0.6220472440944882,79.0,236.66666666666663
2019-04-06,236.66666666666663,79,0.6220472440944882,0.6220472440944882,0.4330708661417323,0.2677165354330709,0.2992125984251969,0.4409448818897637,0.5073115860517435,0.41942257217847767,2019-04-07,0.3700787401574803,47.0,141.625
2019-04-07,141.625,47,0.3700787401574803,0.3700787401574803,0.6220472440944882,0.4330708661417323,0.6850393700787402,0.4750656167979002,0.5174353205849268,0.4133858267716536,2019-04-08,0.5590551181102362,71.0,211.16666666666663
2019-04-08,211.16666666666663,71,0.5590551181102362,0.5590551181102362,0.3700787401574803,0.6220472440944882,0.5039370078740157,0.5170603674540682,0.49943757030371205,0.4202099737532808,2019-04-09,0.6929133858267716,88.0,263.0833333333333
2019-04-09,263.0833333333333,88,0.6929133858267716,0.6929133858267716,0.5590551181102362,0.3700787401574803,0.7401574803149606,0.5406824146981627,0.5264341957255343,0.44199475065616795,2019-04-10,0.3858267716535433,49.0,146.08333333333334
2019-04-10,146.08333333333334,49,0.3858267716535433,0.3858267716535433,0.6929133858267716,0.5590551181102362,0.2677165354330709,0.5459317585301836,0.4758155230596176,0.43753280839895015,2019-04-11,0.4330708661417323,55.0,165.0
2019-04-11,165.0,55,0.4330708661417323,0.4330708661417323,0.3858267716535433,0.6929133858267716,0.4330708661417323,0.5039370078740157,0.49943757030371205,0.431496062992126,2019-04-12,0.36220472440944884,46.0,140.04166666666666
2019-04-12,140.04166666666666,46,0.36220472440944884,0.36220472440944884,0.4330708661417323,0.3858267716535433,0.6220472440944882,0.3937007874015747,0.4893138357705287,0.43543307086614175,2019-04-13,0.6614173228346457,84.0,250.5
2019-04-13,250.5,84,0.6614173228346457,0.6614173228346457,0.36220472440944884,0.4330708661417323,0.3700787401574803,0.4855643044619422,0.4949381327334083,0.45328083989501317,2019-04-14,0.05511811023622047,7.0,23.125
2019-04-14,23.125,7,0.05511811023622047,0.05511811023622047,0.6614173228346457,0.36220472440944884,0.5590551181102362,0.3595800524934383,0.4499437570303712,0.45223097112860894,2019-04-15,0.7559055118110236,96.0,284.5
2019-04-15,284.5,96,0.7559055118110236,0.7559055118110236,0.05511811023622047,0.6614173228346457,0.6929133858267716,0.4908136482939632,0.47806524184476945,0.4666666666666667,2019-04-16,0.2204724409448819,28.0,85.95833333333333
2019-04-16,85.95833333333333,28,0.2204724409448819,0.2204724409448819,0.7559055118110236,0.05511811023622047,0.3858267716535433,0.34383202099737525,0.41057367829021374,0.45695538057742785,2019-04-17,0.4645669291338583,59.0,176.08333333333334
2019-04-17,176.08333333333334,59,0.4645669291338583,0.4645669291338583,0.2204724409448819,0.7559055118110236,0.4330708661417323,0.48031496062992113,0.421822272215973,0.46010498687664036,2019-04-18,0.1732283464566929,22.0,67.95833333333333
2019-04-18,67.95833333333333,22,0.1732283464566929,0.1732283464566929,0.4645669291338583,0.2204724409448819,0.36220472440944884,0.2860892388451443,0.3847019122609674,0.4488188976377953,2019-04-19,0.1732283464566929,22.0,69.375
2019-04-19,69.375,22,0.1732283464566929,0.1732283464566929,0.1732283464566929,0.4645669291338583,0.6614173228346457,0.27034120734908124,0.3577052868391451,0.44566929133858274,2019-04-20,0.11023622047244094,14.0,44.083333333333336
2019-04-20,44.083333333333336,14,0.11023622047244094,0.11023622047244094,0.1732283464566929,0.1732283464566929,0.05511811023622047,0.15223097112860884,0.27896512935883017,0.4443569553805774,2019-04-21,0.6771653543307087,86.0,257.5416666666667
2019-04-21,257.5416666666667,86,0.6771653543307087,0.6771653543307087,0.11023622047244094,0.1732283464566929,0.7559055118110236,0.32020997375328075,0.3678290213723284,0.45748031496062985,2019-04-22,0.7637795275590551,97.0,289.5
2019-04-22,289.5,97,0.7637795275590551,0.7637795275590551,0.6771653543307087,0.11023622047244094,0.2204724409448819,0.5170603674540681,0.3689538807649044,0.46010498687664036,2019-04-23,0.5511811023622047,70.0,208.29166666666663
2019-04-23,208.29166666666663,70,0.5511811023622047,0.5511811023622047,0.7637795275590551,0.6771653543307087,0.4645669291338583,0.6640419947506561,0.4161979752530934,0.4679790026246719,2019-04-24,0.7322834645669292,93.0,276.6666666666667
2019-04-24,276.6666666666667,93,0.7322834645669292,0.7322834645669292,0.5511811023622047,0.7637795275590551,0.1732283464566929,0.6824146981627296,0.45444319460067495,0.4687664041994751,2019-04-25,0.2755905511811024,35.0,107.58333333333331
2019-04-25,107.58333333333331,35,0.2755905511811024,0.2755905511811024,0.7322834645669292,0.5511811023622047,0.1732283464566929,0.5196850393700787,0.46906636670416196,0.45433070866141734,2019-04-26,0.4409448818897638,56.0,167.45833333333334
2019-04-26,167.45833333333334,56,0.4409448818897638,0.4409448818897638,0.2755905511811024,0.7322834645669292,0.11023622047244094,0.4829396325459317,0.5073115860517435,0.44724409448818897,2019-04-27,0.6141732283464567,78.0,232.70833333333331
2019-04-27,232.70833333333331,78,0.6141732283464567,0.6141732283464567,0.4409448818897638,0.2755905511811024,0.6771653543307087,0.44356955380577423,0.5793025871766029,0.4519685039370079,2019-04-28,0.8740157480314961,111.0,330.8333333333333
2019-04-28,330.8333333333333,111,0.8740157480314961,0.8740157480314961,0.6141732283464567,0.4409448818897638,0.7637795275590551,0.6430446194225721,0.6074240719910012,0.4664041994750656,2019-04-29,0.12598425196850394,16.0,49.958333333333336
2019-04-29,49.958333333333336,16,0.12598425196850394,0.12598425196850394,0.8740157480314961,0.6141732283464567,0.5511811023622047,0.5380577427821521,0.5163104611923509,0.4674540682414698,2019-04-30,0.2677165354330709,34.0,103.0
2019-04-30,103.0,34,0.2677165354330709,0.2677165354330709,0.12598425196850394,0.8740157480314961,0.7322834645669292,0.4225721784776902,0.47581552305961755,0.4664041994750656,2019-05-01,0.2204724409448819,28.0,87.08333333333333
2019-05-01,87.08333333333333,28,0.2204724409448819,0.2204724409448819,0.2677165354330709,0.12598425196850394,0.2755905511811024,0.20472440944881878,0.4026996625421822,0.45091863517060365,2019-05-02,0.3543307086614173,45.0,136.45833333333334
2019-05-02,136.45833333333334,45,0.3543307086614173,0.3543307086614173,0.2204724409448819,0.2677165354330709,0.4409448818897638,0.28083989501312323,0.4139482564679415,0.44593175853018374,2019-05-03,0.2204724409448819,28.0,87.20833333333333
2019-05-03,87.20833333333333,28,0.2204724409448819,0.2204724409448819,0.3543307086614173,0.2204724409448819,0.6141732283464567,0.26509186351706027,0.3824521934758155,0.42860892388451444,2019-05-04,0.5511811023622047,70.0,209.91666666666663
2019-05-04,209.91666666666663,70,0.5511811023622047,0.5511811023622047,0.2204724409448819,0.3543307086614173,0.8740157480314961,0.37532808398950124,0.37345331833520806,0.4380577427821522,2019-05-05,0.8661417322834646,110.0,328.1666666666667
2019-05-05,328.1666666666667,110,0.8661417322834646,0.8661417322834646,0.5511811023622047,0.2204724409448819,0.12598425196850394,0.5459317585301836,0.37232845894263217,0.45249343832020994,2019-05-06,0.3937007874015748,50.0,150.79166666666666
2019-05-06,150.79166666666666,50,0.3937007874015748,0.3937007874015748,0.8661417322834646,0.5511811023622047,0.2677165354330709,0.6036745406824146,0.41057367829021374,0.44488188976377957,2019-05-07,0.2204724409448819,28.0,86.45833333333333
2019-05-07,86.45833333333333,28,0.2204724409448819,0.2204724409448819,0.3937007874015748,0.8661417322834646,0.2204724409448819,0.49343832020997364,0.40382452193475815,0.43989501312335955,2019-05-08,0.6377952755905512,81.0,240.5
2019-05-08,240.5,81,0.6377952755905512,0.6377952755905512,0.2204724409448819,0.3937007874015748,0.3543307086614173,0.41732283464566916,0.46344206974128227,0.4425196850393701,2019-05-09,0.2755905511811024,35.0,106.875
2019-05-09,106.875,35,0.2755905511811024,0.2755905511811024,0.6377952755905512,0.2204724409448819,0.2204724409448819,0.37795275590551175,0.4521934758155231,0.42860892388451444,2019-05-10,0.4330708661417323,55.0,165.95833333333334
2019-05-10,165.95833333333334,55,0.4330708661417323,0.4330708661417323,0.2755905511811024,0.6377952755905512,0.5511811023622047,0.44881889763779514,0.4825646794150731,0.4301837270341207,2019-05-11,0.4566929133858268,58.0,173.33333333333334
2019-05-11,173.33333333333334,58,0.4566929133858268,0.4566929133858268,0.4330708661417323,0.2755905511811024,0.8661417322834646,0.3884514435695537,0.46906636670416196,0.4309711286089239,2019-05-12,0.2047244094488189,26.0,80.5
2019-05-12,80.5,26,0.2047244094488189,0.2047244094488189,0.4566929133858268,0.4330708661417323,0.3937007874015748,0.36482939632545924,0.37457817772778407,0.4257217847769029,2019-05-13,0.2755905511811024,35.0,106.58333333333331
2019-05-13,106.58333333333331,35,0.2755905511811024,0.2755905511811024,0.2047244094488189,0.4566929133858268,0.2204724409448819,0.3123359580052492,0.3577052868391451,0.4128608923884514,2019-05-14,0.7637795275590551,97.0,287.375
2019-05-14,287.375,97,0.7637795275590551,0.7637795275590551,0.2755905511811024,0.2047244094488189,0.6377952755905512,0.41469816272965865,0.43532058492688414,0.4364829396325459,2019-05-15,0.6141732283464567,78.0,233.54166666666663
2019-05-15,233.54166666666663,78,0.6141732283464567,0.6141732283464567,0.7637795275590551,0.2755905511811024,0.2755905511811024,0.5511811023622046,0.4319460067491564,0.43175853018372706,2019-05-16,0.6535433070866141,83.0,246.29166666666663
2019-05-16,246.29166666666663,83,0.6535433070866141,0.6535433070866141,0.6141732283464567,0.7637795275590551,0.4330708661417323,0.6771653543307085,0.4859392575928009,0.44619422572178474,2019-05-17,0.5433070866141733,69.0,207.625
2019-05-17,207.625,69,0.5433070866141733,0.5433070866141733,0.6535433070866141,0.6141732283464567,0.4566929133858268,0.6036745406824146,0.5016872890888638,0.4488188976377953,2019-05-18,0.5669291338582677,72.0,216.16666666666663
2019-05-18,216.16666666666663,72,0.5669291338582677,0.5669291338582677,0.5433070866141733,0.6535433070866141,0.2047244094488189,0.5879265091863516,0.5174353205849269,0.4619422572178477,2019-05-19,0.3779527559055118,48.0,145.83333333333334
2019-05-19,145.83333333333334,48,0.3779527559055118,0.3779527559055118,0.5669291338582677,0.5433070866141733,0.2755905511811024,0.4960629921259841,0.5421822272215973,0.4687664041994751,2019-05-20,0.3543307086614173,45.0,135.25
2019-05-20,135.25,45,0.3543307086614173,0.3543307086614173,0.3779527559055118,0.5669291338582677,0.7637795275590551,0.4330708661417322,0.5534308211473566,0.4769028871391076,2019-05-21,0.5511811023622047,70.0,208.45833333333331
2019-05-21,208.45833333333331,70,0.5511811023622047,0.5511811023622047,0.3543307086614173,0.3779527559055118,0.6141732283464567,0.4278215223097111,0.5230596175478065,0.4727034120734908,2019-05-22,0.3779527559055118,48.0,145.5
2019-05-22,145.5,48,0.3779527559055118,0.3779527559055118,0.5511811023622047,0.3543307086614173,0.6535433070866141,0.4278215223097111,0.4893138357705287,0.45984251968503936,2019-05-23,0.7559055118110236,96.0,286.7916666666667
2019-05-23,286.7916666666667,96,0.7559055118110236,0.7559055118110236,0.3779527559055118,0.5511811023622047,0.5433070866141733,0.5616797900262466,0.5039370078740157,0.4666666666666667,2019-05-24,0.4094488188976378,52.0,156.83333333333334
2019-05-24,156.83333333333334,52,0.4094488188976378,0.4094488188976378,0.7559055118110236,0.3779527559055118,0.5669291338582677,0.5144356955380577,0.484814398200225,0.45590551181102357,2019-05-25,0.6377952755905512,81.0,242.04166666666663
2019-05-25,242.04166666666663,81,0.6377952755905512,0.6377952755905512,0.4094488188976378,0.7559055118110236,0.3779527559055118,0.6010498687664041,0.4949381327334083,0.4679790026246719,2019-05-26,0.29133858267716534,37.0,111.66666666666669
2019-05-26,111.66666666666669,37,0.29133858267716534,0.29133858267716534,0.6377952755905512,0.4094488188976378,0.3543307086614173,0.44619422572178463,0.48256467941507314,0.462992125984252,2019-05-27,0.8582677165354331,109.0,324.0416666666667
2019-05-27,324.0416666666667,109,0.8582677165354331,0.8582677165354331,0.29133858267716534,0.6377952755905512,0.5511811023622047,0.5958005249343831,0.5545556805399324,0.47112860892388453,2019-05-28,0.6456692913385826,82.0,245.375
2019-05-28,245.375,82,0.6456692913385826,0.6456692913385826,0.8582677165354331,0.29133858267716534,0.3779527559055118,0.5984251968503936,0.5680539932508436,0.46351706036745405,2019-05-29,0.28346456692913385,36.0,109.5
2019-05-29,109.5,36,0.28346456692913385,0.28346456692913385,0.6456692913385826,0.8582677165354331,0.7559055118110236,0.5958005249343831,0.5545556805399324,0.4687664041994751,2019-05-30,0.3228346456692913,41.0,125.45833333333331
2019-05-30,125.45833333333331,41,0.3228346456692913,0.3228346456692913,0.28346456692913385,0.6456692913385826,0.4094488188976378,0.4173228346456692,0.4926884139482564,0.4706036745406824,2019-05-31,0.8503937007874016,108.0,321.9166666666667
2019-05-31,321.9166666666667,108,0.8503937007874016,0.8503937007874016,0.3228346456692913,0.28346456692913385,0.6377952755905512,0.4855643044619422,0.5556805399325084,0.4916010498687664,2019-06-01,0.3543307086614173,45.0,134.29166666666666
2019-06-01,134.29166666666666,45,0.3543307086614173,0.3543307086614173,0.8503937007874016,0.3228346456692913,0.29133858267716534,0.5091863517060368,0.515185601799775,0.49160104986876635,2019-06-02,0.8110236220472441,103.0,305.4583333333333
2019-06-02,305.4583333333333,103,0.8110236220472441,0.8110236220472441,0.3543307086614173,0.8503937007874016,0.8582677165354331,0.6719160104986877,0.5894263217097863,0.5112860892388451,2019-06-03,0.984251968503937,125.0,369.875
2019-06-03,369.875,125,0.984251968503937,0.984251968503937,0.8110236220472441,0.3543307086614173,0.6456692913385826,0.7165354330708661,0.607424071991001,0.5257217847769028,2019-06-04,0.6535433070866141,83.0,248.54166666666663
2019-06-04,248.54166666666663,83,0.6535433070866141,0.6535433070866141,0.984251968503937,0.8110236220472441,0.28346456692913385,0.816272965879265,0.6085489313835771,0.5186351706036746,2019-06-05,0.4015748031496063,51.0,153.83333333333334
2019-06-05,153.83333333333334,51,0.4015748031496063,0.4015748031496063,0.6535433070866141,0.984251968503937,0.3228346456692913,0.6797900262467191,0.625421822272216,0.5188976377952755,2019-06-06,0.5590551181102362,71.0,211.45833333333331
2019-06-06,211.45833333333331,71,0.5590551181102362,0.5590551181102362,0.4015748031496063,0.6535433070866141,0.8503937007874016,0.5380577427821521,0.6591676040494939,0.5301837270341208,2019-06-07,0.937007874015748,119.0,353.875
2019-06-07,353.875,119,0.937007874015748,0.937007874015748,0.5590551181102362,0.4015748031496063,0.3543307086614173,0.6325459317585301,0.6715410573678291,0.5401574803149606,2019-06-08,0.8110236220472441,103.0,305.875
2019-06-08,305.875,103,0.8110236220472441,0.8110236220472441,0.937007874015748,0.5590551181102362,0.8110236220472441,0.7690288713910761,0.7367829021372329,0.558005249343832,2019-06-09,0.2992125984251969,38.0,113.91666666666669
2019-06-09,113.91666666666669,38,0.2992125984251969,0.2992125984251969,0.8110236220472441,0.937007874015748,0.984251968503937,0.6824146981627296,0.6636670416197975,0.553543307086614,2019-06-10,0.2283464566929134,29.0,88.58333333333333
2019-06-10,88.58333333333333,29,0.2283464566929134,0.2283464566929134,0.2992125984251969,0.8110236220472441,0.6535433070866141,0.44619422572178463,0.5556805399325084,0.5459317585301837,2019-06-11,0.9291338582677166,118.0,350.6666666666667
2019-06-11,350.6666666666667,118,0.9291338582677166,0.9291338582677166,0.2283464566929134,0.2992125984251969,0.4015748031496063,0.4855643044619422,0.595050618672666,0.5700787401574804,2019-06-12,0.8503937007874016,108.0,320.625
2019-06-12,320.625,108,0.8503937007874016,0.8503937007874016,0.9291338582677166,0.2283464566929134,0.5590551181102362,0.6692913385826772,0.6591676040494939,0.5892388451443569,2019-06-13,0.25196850393700787,32.0,96.625
2019-06-13,96.625,32,0.25196850393700787,0.25196850393700787,0.8503937007874016,0.9291338582677166,0.937007874015748,0.6771653543307087,0.6152980877390327,0.5721784776902886,2019-06-14,0.8188976377952756,104.0,310.2916666666667
2019-06-14,310.2916666666667,104,0.8188976377952756,0.8188976377952756,0.25196850393700787,0.8503937007874016,0.8110236220472441,0.6404199475065616,0.5984251968503937,0.5790026246719161,2019-06-15,0.2047244094488189,26.0,79.41666666666667
2019-06-15,79.41666666666667,26,0.2047244094488189,0.2047244094488189,0.8188976377952756,0.25196850393700787,0.2992125984251969,0.4251968503937007,0.5118110236220472,0.5640419947506562,2019-06-16,0.1732283464566929,22.0,68.08333333333333
2019-06-16,68.08333333333333,22,0.1732283464566929,0.1732283464566929,0.2047244094488189,0.8188976377952756,0.2283464566929134,0.3989501312335957,0.4938132733408324,0.5517060367454069,2019-06-17,0.5354330708661418,68.0,204.375
2019-06-17,204.375,68,0.5354330708661418,0.5354330708661418,0.1732283464566929,0.2047244094488189,0.9291338582677166,0.3044619422572178,0.5376827896512936,0.5506561679790027,2019-06-18,0.6929133858267716,88.0,261.1666666666667
2019-06-18,261.1666666666667,88,0.6929133858267716,0.6929133858267716,0.5354330708661418,0.1732283464566929,0.8503937007874016,0.4671916010498687,0.5039370078740159,0.5611548556430447,2019-06-19,0.7244094488188977,92.0,274.2916666666667
2019-06-19,274.2916666666667,92,0.7244094488188977,0.7244094488188977,0.6929133858267716,0.5354330708661418,0.25196850393700787,0.6509186351706036,0.48593925759280093,0.5734908136482939,2019-06-20,0.13385826771653545,17.0,54.29166666666666
2019-06-20,54.29166666666666,17,0.13385826771653545,0.13385826771653545,0.7244094488188977,0.6929133858267716,0.8188976377952756,0.5170603674540682,0.46906636670416196,0.5595800524934383,2019-06-21,0.8740157480314961,111.0,328.5
2019-06-21,328.5,111,0.8740157480314961,0.8740157480314961,0.13385826771653545,0.7244094488188977,0.2047244094488189,0.5774278215223096,0.4769403824521935,0.5761154855643045,2019-06-22,0.9763779527559056,124.0,367.5
2019-06-22,367.5,124,0.9763779527559056,0.9763779527559056,0.8740157480314961,0.13385826771653545,0.1732283464566929,0.6614173228346456,0.5871766029246344,0.5834645669291338,2019-06-23,0.84251968503937,107.0,319.3333333333333
2019-06-23,319.3333333333333,107,0.84251968503937,0.84251968503937,0.9763779527559056,0.8740157480314961,0.5354330708661418,0.8976377952755904,0.6827896512935884,0.5979002624671916,2019-06-24,0.36220472440944884,46.0,138.20833333333334
2019-06-24,138.20833333333334,46,0.36220472440944884,0.36220472440944884,0.84251968503937,0.9763779527559056,0.6929133858267716,0.727034120734908,0.6580427446569178,0.5887139107611549,2019-06-25,0.952755905511811,121.0,357.875
2019-06-25,357.875,121,0.952755905511811,0.952755905511811,0.36220472440944884,0.84251968503937,0.7244094488188977,0.7191601049868765,0.6951631046119235,0.610761154855643,2019-06-26,0.9291338582677166,118.0,351.5833333333333
2019-06-26,351.5833333333333,118,0.9291338582677166,0.9291338582677166,0.952755905511811,0.36220472440944884,0.13385826771653545,0.7480314960629921,0.7244094488188976,0.6131233595800526,2019-06-27,0.8188976377952756,104.0,310.0
2019-06-27,310.0,104,0.8188976377952756,0.8188976377952756,0.9291338582677166,0.952755905511811,0.8740157480314961,0.900262467191601,0.8222722159730033,0.6188976377952755,2019-06-28,0.6456692913385826,82.0,245.91666666666663
2019-06-28,245.91666666666663,82,0.6456692913385826,0.6456692913385826,0.8188976377952756,0.9291338582677166,0.9763779527559056,0.7979002624671915,0.7896512935883014,0.6309711286089238,2019-06-29,0.7244094488188977,92.0,272.7916666666667
2019-06-29,272.7916666666667,92,0.7244094488188977,0.7244094488188977,0.6456692913385826,0.8188976377952756,0.84251968503937,0.7296587926509185,0.7536557930258718,0.6443569553805774,2019-06-30,0.8976377952755905,114.0,339.5
2019-06-30,339.5,114,0.8976377952755905,0.8976377952755905,0.7244094488188977,0.6456692913385826,0.36220472440944884,0.7559055118110235,0.7615298087739033,0.6459317585301837,2019-07-01,0.905511811023622,115.0,342.5833333333333
2019-07-01,342.5833333333333,115,0.905511811023622,0.905511811023622,0.8976377952755905,0.7244094488188977,0.952755905511811,0.84251968503937,0.8391451068616422,0.6643044619422571,2019-07-02,0.6141732283464567,78.0,233.83333333333331
2019-07-02,233.83333333333331,78,0.6141732283464567,0.6141732283464567,0.905511811023622,0.8976377952755905,0.9291338582677166,0.805774278215223,0.7907761529808773,0.657742782152231,2019-07-03,0.6220472440944882,79.0,235.83333333333331
2019-07-03,235.83333333333331,79,0.6220472440944882,0.6220472440944882,0.6141732283464567,0.905511811023622,0.8188976377952756,0.7139107611548555,0.7469066366704162,0.6456692913385826,2019-07-04,0.6771653543307087,86.0,257.7916666666667
2019-07-04,257.7916666666667,86,0.6771653543307087,0.6771653543307087,0.6220472440944882,0.6141732283464567,0.6456692913385826,0.637795275590551,0.7266591676040495,0.6464566929133859,2019-07-05,0.7559055118110236,96.0,286.0
2019-07-05,286.0,96,0.7559055118110236,0.7559055118110236,0.6771653543307087,0.6220472440944882,0.7244094488188977,0.6850393700787402,0.7424071991001125,0.658267716535433,2019-07-06,0.47244094488188976,60.0,181.0
2019-07-06,181.0,60,0.47244094488188976,0.47244094488188976,0.7559055118110236,0.6771653543307087,0.8976377952755905,0.6351706036745406,0.7064116985376828,0.6553805774278215,2019-07-07,0.6535433070866141,83.0,247.375
2019-07-07,247.375,83,0.6535433070866141,0.6535433070866141,0.47244094488188976,0.7559055118110236,0.905511811023622,0.627296587926509,0.671541057367829,0.6459317585301837,2019-07-08,0.8976377952755905,114.0,339.5
2019-07-08,339.5,114,0.8976377952755905,0.8976377952755905,0.6535433070866141,0.47244094488188976,0.6141732283464567,0.6745406824146981,0.6704161979752531,0.6488188976377953,2019-07-09,0.8740157480314961,111.0,330.5416666666667
2019-07-09,330.5416666666667,111,0.8740157480314961,0.8740157480314961,0.8976377952755905,0.6535433070866141,0.6220472440944882,0.8083989501312335,0.7075365579302587,0.6679790026246718,2019-07-10,0.7559055118110236,96.0,285.0
2019-07-10,285.0,96,0.7559055118110236,0.7559055118110236,0.8740157480314961,0.8976377952755905,0.6771653543307087,0.84251968503937,0.7266591676040495,0.6855643044619423,2019-07-11,0.8267716535433071,105.0,310.75
2019-07-11,310.75,105,0.8267716535433071,0.8267716535433071,0.7559055118110236,0.8740157480314961,0.7559055118110236,0.8188976377952755,0.748031496062992,0.6821522309711286,2019-07-12,0.7165354330708661,91.0,271.5
2019-07-12,271.5,91,0.7165354330708661,0.7165354330708661,0.8267716535433071,0.7559055118110236,0.47244094488188976,0.7664041994750654,0.7424071991001124,0.6776902887139109,2019-07-13,0.84251968503937,107.0,317.1666666666667
2019-07-13,317.1666666666667,107,0.84251968503937,0.84251968503937,0.7165354330708661,0.8267716535433071,0.6535433070866141,0.795275590551181,0.7952755905511811,0.6973753280839895,2019-07-14,0.9291338582677166,118.0,351.6666666666667
2019-07-14,351.6666666666667,118,0.9291338582677166,0.9291338582677166,0.84251968503937,0.7165354330708661,0.8976377952755905,0.8293963254593176,0.8346456692913387,0.7010498687664042,2019-07-15,0.8267716535433071,105.0,311.5
2019-07-15,311.5,105,0.8267716535433071,0.8267716535433071,0.9291338582677166,0.84251968503937,0.8740157480314961,0.8661417322834645,0.8245219347581553,0.7217847769028871,2019-07-16,0.30708661417322836,39.0,119.0
2019-07-16,119.0,39,0.30708661417322836,0.30708661417322836,0.8267716535433071,0.9291338582677166,0.7559055118110236,0.6876640419947506,0.7435320584926883,0.7262467191601051,2019-07-17,0.6456692913385826,82.0,245.83333333333331
2019-07-17,245.83333333333331,82,0.6456692913385826,0.6456692913385826,0.30708661417322836,0.8267716535433071,0.8267716535433071,0.5931758530183726,0.7277840269966254,0.7299212598425197,2019-07-18,0.5984251968503937,76.0,225.79166666666663
2019-07-18,225.79166666666663,76,0.5984251968503937,0.5984251968503937,0.6456692913385826,0.30708661417322836,0.7165354330708661,0.5170603674540682,0.6951631046119235,0.7267716535433071,2019-07-19,0.4251968503937008,54.0,161.66666666666666
2019-07-19,161.66666666666666,54,0.4251968503937008,0.4251968503937008,0.5984251968503937,0.6456692913385826,0.84251968503937,0.5564304461942257,0.6535433070866141,0.7167979002624671,2019-07-20,0.7322834645669292,93.0,278.25
2019-07-20,278.25,93,0.7322834645669292,0.7322834645669292,0.4251968503937008,0.5984251968503937,0.9291338582677166,0.5853018372703412,0.6377952755905512,0.7367454068241469,2019-07-21,0.5590551181102362,71.0,211.58333333333331
2019-07-21,211.58333333333331,71,0.5590551181102362,0.5590551181102362,0.7322834645669292,0.4251968503937008,0.8267716535433071,0.5721784776902886,0.5849268841394826,0.726246719160105,2019-07-22,0.6062992125984252,77.0,229.125
2019-07-22,229.125,77,0.6062992125984252,0.6062992125984252,0.5590551181102362,0.7322834645669292,0.30708661417322836,0.6325459317585301,0.5534308211473566,0.7139107611548556,2019-07-23,0.7559055118110236,96.0,284.375
2019-07-23,284.375,96,0.7559055118110236,0.7559055118110236,0.6062992125984252,0.5590551181102362,0.6456692913385826,0.6404199475065616,0.6175478065241844,0.7110236220472441,2019-07-24,0.8267716535433071,105.0,311.9583333333333
2019-07-24,311.9583333333333,105,0.8267716535433071,0.8267716535433071,0.7559055118110236,0.6062992125984252,0.5984251968503937,0.7296587926509185,0.6434195725534309,0.726509186351706,2019-07-25,0.7165354330708661,91.0,270.25
2019-07-25,270.25,91,0.7165354330708661,0.7165354330708661,0.8267716535433071,0.7559055118110236,0.4251968503937008,0.7664041994750654,0.6602924634420698,0.7186351706036745,2019-07-26,0.8267716535433071,105.0,311.0416666666667
2019-07-26,311.0416666666667,105,0.8267716535433071,0.8267716535433071,0.7165354330708661,0.8267716535433071,0.7322834645669292,0.7900262467191599,0.7176602924634421,0.7152230971128609,2019-07-27,0.7322834645669292,93.0,277.7083333333333
2019-07-27,277.7083333333333,93,0.7322834645669292,0.7322834645669292,0.8267716535433071,0.7165354330708661,0.5590551181102362,0.758530183727034,0.7176602924634421,0.7123359580052494,2019-07-28,0.6456692913385826,82.0,244.875
2019-07-28,244.875,82,0.6456692913385826,0.6456692913385826,0.7322834645669292,0.8267716535433071,0.6062992125984252,0.7349081364829395,0.7300337457817773,0.7123359580052494,2019-07-29,0.5433070866141733,69.0,205.375
2019-07-29,205.375,69,0.5433070866141733,0.5433070866141733,0.6456692913385826,0.7322834645669292,0.7559055118110236,0.6404199475065616,0.7210348706411699,0.7062992125984252,2019-07-30,0.7480314960629921,95.0,282.125
2019-07-30,282.125,95,0.7480314960629921,0.7480314960629921,0.5433070866141733,0.6456692913385826,0.8267716535433071,0.6456692913385825,0.7199100112485939,0.7013123359580054,2019-07-31,0.6141732283464567,78.0,232.54166666666663
2019-07-31,232.54166666666663,78,0.6141732283464567,0.6141732283464567,0.7480314960629921,0.5433070866141733,0.7165354330708661,0.6351706036745406,0.689538807649044,0.6916010498687665,2019-08-01,0.889763779527559,113.0,336.4166666666667
2019-08-01,336.4166666666667,113,0.889763779527559,0.889763779527559,0.6141732283464567,0.7480314960629921,0.8267716535433071,0.7506561679790026,0.7142857142857143,0.7007874015748031,2019-08-02,0.8740157480314961,111.0,330.5833333333333
2019-08-02,330.5833333333333,111,0.8740157480314961,0.8740157480314961,0.889763779527559,0.6141732283464567,0.7322834645669292,0.7926509186351706,0.7210348706411699,0.7091863517060368,2019-08-03,0.6456692913385826,82.0,244.54166666666663
2019-08-03,244.54166666666663,82,0.6456692913385826,0.6456692913385826,0.8740157480314961,0.889763779527559,0.6456692913385826,0.8031496062992125,0.7086614173228346,0.7081364829396325,2019-08-04,0.5826771653543307,74.0,220.83333333333331
2019-08-04,220.83333333333331,74,0.5826771653543307,0.5826771653543307,0.6456692913385826,0.8740157480314961,0.5433070866141733,0.7007874015748031,0.6996625421822272,0.7023622047244095,2019-08-05,0.8267716535433071,105.0,311.75
2019-08-05,311.75,105,0.8267716535433071,0.8267716535433071,0.5826771653543307,0.6456692913385826,0.7480314960629921,0.6850393700787399,0.7401574803149605,0.7141732283464567,2019-08-06,0.30708661417322836,39.0,118.83333333333331
2019-08-06,118.83333333333331,39,0.30708661417322836,0.30708661417322836,0.8267716535433071,0.5826771653543307,0.6141732283464567,0.5721784776902886,0.6771653543307086,0.7026246719160105,2019-08-07,0.5748031496062992,73.0,216.83333333333331
2019-08-07,216.83333333333331,73,0.5748031496062992,0.5748031496062992,0.30708661417322836,0.8267716535433071,0.889763779527559,0.569553805774278,0.671541057367829,0.6918635170603674,2019-08-08,0.7637795275590551,97.0,289.5833333333333
2019-08-08,289.5833333333333,97,0.7637795275590551,0.7637795275590551,0.5748031496062992,0.30708661417322836,0.8740157480314961,0.5485564304461942,0.6535433070866141,0.6881889763779527,2019-08-09,0.7480314960629921,95.0,284.2083333333333
2019-08-09,284.2083333333333,95,0.7480314960629921,0.7480314960629921,0.7637795275590551,0.5748031496062992,0.6456692913385826,0.6955380577427821,0.6355455568053993,0.6879265091863517,2019-08-10,0.7716535433070866,98.0,290.75
2019-08-10,290.75,98,0.7716535433070866,0.7716535433070866,0.7480314960629921,0.7637795275590551,0.5826771653543307,0.7611548556430444,0.6535433070866141,0.6860892388451443,2019-08-11,0.5590551181102362,71.0,211.625
2019-08-11,211.625,71,0.5590551181102362,0.5590551181102362,0.7716535433070866,0.7480314960629921,0.8267716535433071,0.6929133858267716,0.6501687289088863,0.6808398950131234,2019-08-12,0.6062992125984252,77.0,230.45833333333331
2019-08-12,230.45833333333331,77,0.6062992125984252,0.6062992125984252,0.5590551181102362,0.7716535433070866,0.30708661417322836,0.6456692913385825,0.6186726659167603,0.6729658792650919,2019-08-13,0.5590551181102362,71.0,210.91666666666663
2019-08-13,210.91666666666663,71,0.5590551181102362,0.5590551181102362,0.6062992125984252,0.5590551181102362,0.5748031496062992,0.5748031496062992,0.6546681664791902,0.6606299212598424,2019-08-14,0.7401574803149606,94.0,280.1666666666667
2019-08-14,280.1666666666667,94,0.7401574803149606,0.7401574803149606,0.5590551181102362,0.6062992125984252,0.7637795275590551,0.6351706036745406,0.6782902137232846,0.657742782152231,2019-08-15,0.5118110236220472,65.0,195.125
2019-08-15,195.125,65,0.5118110236220472,0.5118110236220472,0.7401574803149606,0.5590551181102362,0.7480314960629921,0.6036745406824147,0.6422947131608548,0.6645669291338583,2019-08-16,0.6220472440944882,79.0,235.75
2019-08-16,235.75,79,0.6220472440944882,0.6220472440944882,0.5118110236220472,0.7401574803149606,0.7716535433070866,0.6246719160104987,0.6242969628796401,0.6637795275590551,2019-08-17,0.7244094488188977,92.0,274.5
2019-08-17,274.5,92,0.7244094488188977,0.7244094488188977,0.6220472440944882,0.5118110236220472,0.5590551181102362,0.6194225721784776,0.6175478065241845,0.667979002624672,2019-08-18,0.49606299212598426,63.0,190.04166666666663
2019-08-18,190.04166666666663,63,0.49606299212598426,0.49606299212598426,0.7244094488188977,0.6220472440944882,0.6062992125984252,0.6141732283464566,0.6085489313835771,0.6703412073490813,2019-08-19,0.6377952755905512,81.0,242.33333333333331
2019-08-19,242.33333333333331,81,0.6377952755905512,0.6377952755905512,0.49606299212598426,0.7244094488188977,0.5590551181102362,0.6194225721784776,0.6130483689538807,0.6671916010498687,2019-08-20,0.5433070866141733,69.0,207.41666666666663
2019-08-20,207.41666666666663,69,0.5433070866141733,0.5433070866141733,0.6377952755905512,0.49606299212598426,0.7401574803149606,0.5590551181102361,0.6107986501687289,0.6666666666666666,2019-08-21,0.5826771653543307,74.0,221.83333333333331
2019-08-21,221.83333333333331,74,0.5826771653543307,0.5826771653543307,0.5433070866141733,0.6377952755905512,0.5118110236220472,0.5879265091863516,0.5883014623172104,0.6658792650918635,2019-08-22,0.5354330708661418,68.0,203.25
2019-08-22,203.25,68,0.5354330708661418,0.5354330708661418,0.5826771653543307,0.5433070866141733,0.6220472440944882,0.5538057742782151,0.591676040494938,0.6585301837270342,2019-08-23,0.6377952755905512,81.0,242.20833333333331
2019-08-23,242.20833333333331,81,0.6377952755905512,0.6377952755905512,0.5354330708661418,0.5826771653543307,0.7244094488188977,0.5853018372703412,0.5939257592800901,0.6522309711286088,2019-08-24,0.7874015748031497,100.0,297.4583333333333
2019-08-24,297.4583333333333,100,0.7874015748031497,0.7874015748031497,0.6377952755905512,0.5354330708661418,0.49606299212598426,0.6535433070866141,0.6029246344206973,0.6545931758530183,2019-08-25,0.7007874015748031,89.0,265.75
2019-08-25,265.75,89,0.7007874015748031,0.7007874015748031,0.7874015748031497,0.6377952755905512,0.6377952755905512,0.7086614173228346,0.6321709786276716,0.6503937007874016,2019-08-26,0.3779527559055118,48.0,143.45833333333334
2019-08-26,143.45833333333334,48,0.3779527559055118,0.3779527559055118,0.7007874015748031,0.7874015748031497,0.5433070866141733,0.6220472440944881,0.5950506186726658,0.6385826771653543,2019-08-27,0.4409448818897638,56.0,168.95833333333334
2019-08-27,168.95833333333334,56,0.4409448818897638,0.4409448818897638,0.3779527559055118,0.7007874015748031,0.5826771653543307,0.5065616797900262,0.5804274465691789,0.6317585301837271,2019-08-28,0.6535433070866141,83.0,247.20833333333331
2019-08-28,247.20833333333331,83,0.6535433070866141,0.6535433070866141,0.4409448818897638,0.3779527559055118,0.5354330708661418,0.4908136482939631,0.5905511811023622,0.6354330708661418,2019-08-29,0.7480314960629921,95.0,282.9583333333333
2019-08-29,282.9583333333333,95,0.7480314960629921,0.7480314960629921,0.6535433070866141,0.4409448818897638,0.6377952755905512,0.6141732283464566,0.6209223847019122,0.6354330708661418,2019-08-30,0.6062992125984252,77.0,231.20833333333331
2019-08-30,231.20833333333331,77,0.6062992125984252,0.6062992125984252,0.7480314960629921,0.6535433070866141,0.7874015748031497,0.669291338582677,0.6164229471316086,0.6351706036745407,2019-08-31,0.6062992125984252,77.0,229.375
2019-08-31,229.375,77,0.6062992125984252,0.6062992125984252,0.6062992125984252,0.7480314960629921,0.7007874015748031,0.6535433070866142,0.5905511811023622,0.6257217847769029,2019-09-01,0.12598425196850394,16.0,49.333333333333336
2019-09-01,49.333333333333336,16,0.12598425196850394,0.12598425196850394,0.6062992125984252,0.6062992125984252,0.3779527559055118,0.44619422572178474,0.5084364454443194,0.600787401574803,2019-09-02,0.5748031496062992,73.0,217.5
2019-09-02,217.5,73,0.5748031496062992,0.5748031496062992,0.12598425196850394,0.6062992125984252,0.4409448818897638,0.43569553805774275,0.5365579302587177,0.5984251968503937,2019-09-03,0.3937007874015748,50.0,150.91666666666666
2019-09-03,150.91666666666666,50,0.3937007874015748,0.3937007874015748,0.5748031496062992,0.12598425196850394,0.6535433070866141,0.36482939632545924,0.5298087739032621,0.5921259842519684,2019-09-04,0.6220472440944882,79.0,234.95833333333331
2019-09-04,234.95833333333331,79,0.6220472440944882,0.6220472440944882,0.3937007874015748,0.5748031496062992,0.7480314960629921,0.5301837270341206,0.5253093363329584,0.5853018372703412,2019-09-05,0.6220472440944882,79.0,237.20833333333331
2019-09-05,237.20833333333331,79,0.6220472440944882,0.6220472440944882,0.6220472440944882,0.3937007874015748,0.6062992125984252,0.5459317585301837,0.5073115860517435,0.5958005249343832,2019-09-06,0.2992125984251969,38.0,116.04166666666669
2019-09-06,116.04166666666669,38,0.2992125984251969,0.2992125984251969,0.6220472440944882,0.6220472440944882,0.6062992125984252,0.5144356955380577,0.4634420697412824,0.5866141732283464,2019-09-07,0.5669291338582677,72.0,215.95833333333331
2019-09-07,215.95833333333331,72,0.5669291338582677,0.5669291338582677,0.2992125984251969,0.6220472440944882,0.12598425196850394,0.4960629921259842,0.4578177727784027,0.5800524934383202,2019-09-08,0.3700787401574803,47.0,140.625
2019-09-08,140.625,47,0.3700787401574803,0.3700787401574803,0.5669291338582677,0.2992125984251969,0.5748031496062992,0.41207349081364825,0.49268841394825647,0.5674540682414697,2019-09-09,0.29133858267716534,37.0,112.20833333333331
2019-09-09,112.20833333333331,37,0.29133858267716534,0.29133858267716534,0.3700787401574803,0.5669291338582677,0.3937007874015748,0.40944881889763773,0.4521934758155231,0.5514435695538058,2019-09-10,0.47244094488188976,60.0,179.54166666666666
2019-09-10,179.54166666666666,60,0.47244094488188976,0.47244094488188976,0.29133858267716534,0.3700787401574803,0.6220472440944882,0.37795275590551175,0.4634420697412824,0.5485564304461942,2019-09-11,0.4566929133858268,58.0,172.66666666666666
2019-09-11,172.66666666666666,58,0.4566929133858268,0.4566929133858268,0.47244094488188976,0.29133858267716534,0.6220472440944882,0.4068241469816272,0.4398200224971878,0.5435695538057743,2019-09-12,0.1889763779527559,24.0,75.0
2019-09-12,75.0,24,0.1889763779527559,0.1889763779527559,0.4566929133858268,0.47244094488188976,0.2992125984251969,0.3727034120734907,0.37795275590551186,0.531233595800525,2019-09-13,0.3464566929133858,44.0,132.08333333333334
2019-09-13,132.08333333333334,44,0.3464566929133858,0.3464566929133858,0.1889763779527559,0.4566929133858268,0.5669291338582677,0.33070866141732275,0.38470191226096734,0.5181102362204725,2019-09-14,0.6141732283464567,78.0,233.08333333333331
2019-09-14,233.08333333333331,78,0.6141732283464567,0.6141732283464567,0.3464566929133858,0.1889763779527559,0.3700787401574803,0.3832020997375327,0.3914510686164229,0.5215223097112861,2019-09-15,0.1889763779527559,24.0,74.83333333333333
2019-09-15,74.83333333333333,24,0.1889763779527559,0.1889763779527559,0.6141732283464567,0.3464566929133858,0.29133858267716534,0.3832020997375327,0.36557930258717664,0.5070866141732283,2019-09-16,0.3543307086614173,45.0,134.625
2019-09-16,134.625,45,0.3543307086614173,0.3543307086614173,0.1889763779527559,0.6141732283464567,0.47244094488188976,0.38582677165354323,0.374578177727784,0.49475065616797903,2019-09-17,0.5275590551181102,67.0,200.625
2019-09-17,200.625,67,0.5275590551181102,0.5275590551181102,0.3543307086614173,0.1889763779527559,0.4566929133858268,0.3569553805774277,0.3824521934758155,0.4958005249343832,2019-09-18,0.6220472440944882,79.0,235.54166666666663
2019-09-18,235.54166666666663,79,0.6220472440944882,0.6220472440944882,0.5275590551181102,0.3543307086614173,0.1889763779527559,0.5013123359580051,0.40607424071991005,0.49527559055118103,2019-09-19,0.6062992125984252,77.0,230.04166666666663
2019-09-19,230.04166666666663,77,0.6062992125984252,0.6062992125984252,0.6220472440944882,0.5275590551181102,0.3464566929133858,0.585301837270341,0.46569178852643417,0.4973753280839895,2019-09-20,0.5748031496062992,73.0,218.125
2019-09-20,218.125,73,0.5748031496062992,0.5748031496062992,0.6062992125984252,0.6220472440944882,0.6141732283464567,0.6010498687664041,0.4983127109111361,0.49711286089238843,2019-09-21,0.5039370078740157,64.0,193.04166666666663
2019-09-21,193.04166666666663,64,0.5039370078740157,0.5039370078740157,0.5748031496062992,0.6062992125984252,0.1889763779527559,0.5616797900262466,0.4825646794150731,0.49606299212598426,2019-09-22,0.48031496062992124,61.0,184.25
2019-09-22,184.25,61,0.48031496062992124,0.48031496062992124,0.5039370078740157,0.5748031496062992,0.3543307086614173,0.5196850393700786,0.5241844769403824,0.4908136482939633,2019-09-23,0.5433070866141733,69.0,207.79166666666663
2019-09-23,207.79166666666663,69,0.5433070866141733,0.5433070866141733,0.48031496062992124,0.5039370078740157,0.5275590551181102,0.5091863517060365,0.5511811023622047,0.4826771653543307,2019-09-24,0.5354330708661418,68.0,203.70833333333331
2019-09-24,203.70833333333331,68,0.5354330708661418,0.5354330708661418,0.5433070866141733,0.48031496062992124,0.6220472440944882,0.5196850393700786,0.5523059617547806,0.4771653543307087,2019-09-25,0.3543307086614173,45.0,134.29166666666666
2019-09-25,134.29166666666666,45,0.3543307086614173,0.3543307086614173,0.5354330708661418,0.5433070866141733,0.6062992125984252,0.47769028871391067,0.5140607424071991,0.4763779527559055,2019-09-26,0.5984251968503937,76.0,226.70833333333331
2019-09-26,226.70833333333331,76,0.5984251968503937,0.5984251968503937,0.3543307086614173,0.5354330708661418,0.5748031496062992,0.4960629921259842,0.5129358830146231,0.4816272965879265,2019-09-27,0.36220472440944884,46.0,139.20833333333334
2019-09-27,139.20833333333334,46,0.36220472440944884,0.36220472440944884,0.5984251968503937,0.3543307086614173,0.5039370078740157,0.43832020997375326,0.48256467941507314,0.47191601049868764,2019-09-28,0.10236220472440945,13.0,41.16666666666666
2019-09-28,41.16666666666666,13,0.10236220472440945,0.10236220472440945,0.36220472440944884,0.5984251968503937,0.48031496062992124,0.3543307086614172,0.4251968503937008,0.45039370078740154,2019-09-29,0.11023622047244094,14.0,43.79166666666666
2019-09-29,43.79166666666666,14,0.11023622047244094,0.11023622047244094,0.10236220472440945,0.36220472440944884,0.5433070866141733,0.19160104986876628,0.3723284589426322,0.4338582677165354,2019-09-30,0.3228346456692913,41.0,123.16666666666669
2019-09-30,123.16666666666669,41,0.3228346456692913,0.3228346456692913,0.11023622047244094,0.10236220472440945,0.5354330708661418,0.17847769028871383,0.34083239595050613,0.42440944881889764,2019-10-01,0.3543307086614173,45.0,134.66666666666666
2019-10-01,134.66666666666666,45,0.3543307086614173,0.3543307086614173,0.3228346456692913,0.11023622047244094,0.3543307086614173,0.26246719160104975,0.3149606299212598,0.43202099737532806,2019-10-02,0.07874015748031496,10.0,31.375
2019-10-02,31.375,10,0.07874015748031496,0.07874015748031496,0.3543307086614173,0.3228346456692913,0.5984251968503937,0.25196850393700776,0.2755905511811024,0.415485564304462,2019-10-03,0.14960629921259844,19.0,60.708333333333336
2019-10-03,60.708333333333336,19,0.14960629921259844,0.14960629921259844,0.07874015748031496,0.3543307086614173,0.36220472440944884,0.1942257217847768,0.21147356580427448,0.4073490813648294,2019-10-04,0.2677165354330709,34.0,103.75
2019-10-04,103.75,34,0.2677165354330709,0.2677165354330709,0.14960629921259844,0.07874015748031496,0.10236220472440945,0.16535433070866132,0.19797525309336333,0.3955380577427821,2019-10-05,0.4094488188976378,52.0,157.20833333333334
2019-10-05,157.20833333333334,52,0.4094488188976378,0.4094488188976378,0.2677165354330709,0.14960629921259844,0.11023622047244094,0.27559055118110226,0.24184476940382452,0.3884514435695538,2019-10-06,0.4094488188976378,52.0,155.08333333333334
2019-10-06,155.08333333333334,52,0.4094488188976378,0.4094488188976378,0.4094488188976378,0.2677165354330709,0.3228346456692913,0.3622047244094488,0.2845894263217098,0.39212598425196854,2019-10-07,0.3937007874015748,50.0,149.79166666666666
2019-10-07,149.79166666666666,50,0.3937007874015748,0.3937007874015748,0.4094488188976378,0.4094488188976378,0.3543307086614173,0.40419947506561665,0.29471316085489313,0.38635170603674546,2019-10-08,0.5118110236220472,65.0,194.95833333333331
2019-10-08,194.95833333333331,65,0.5118110236220472,0.5118110236220472,0.3937007874015748,0.4094488188976378,0.07874015748031496,0.43832020997375315,0.3172103487064117,0.3910761154855643,2019-10-09,0.5275590551181102,67.0,199.29166666666663
2019-10-09,199.29166666666663,67,0.5275590551181102,0.5275590551181102,0.5118110236220472,0.3937007874015748,0.14960629921259844,0.47769028871391067,0.3813273340832396,0.3989501312335958,2019-10-10,0.49606299212598426,63.0,188.54166666666663
2019-10-10,188.54166666666663,63,0.49606299212598426,0.49606299212598426,0.5275590551181102,0.5118110236220472,0.2677165354330709,0.5118110236220471,0.43082114735658045,0.39973753280839897,2019-10-11,0.14960629921259844,19.0,58.625
2019-10-11,58.625,19,0.14960629921259844,0.14960629921259844,0.49606299212598426,0.5275590551181102,0.4094488188976378,0.3910761154855642,0.41394825646794153,0.38950131233595797,2019-10-12,0.49606299212598426,63.0,187.95833333333331
2019-10-12,187.95833333333331,63,0.49606299212598426,0.49606299212598426,0.14960629921259844,0.49606299212598426,0.4094488188976378,0.3805774278215222,0.4263217097862767,0.39973753280839897,2019-10-13,0.5039370078740157,64.0,190.95833333333331
2019-10-13,190.95833333333331,64,0.5039370078740157,0.5039370078740157,0.49606299212598426,0.14960629921259844,0.3937007874015748,0.3832020997375327,0.4398200224971878,0.40498687664041993,2019-10-14,0.2125984251968504,27.0,84.0
2019-10-14,84.0,27,0.2125984251968504,0.2125984251968504,0.5039370078740157,0.49606299212598426,0.5118110236220472,0.40419947506561676,0.4139482564679415,0.39160104986876637,2019-10-15,0.3779527559055118,48.0,143.58333333333334
2019-10-15,143.58333333333334,48,0.3779527559055118,0.3779527559055118,0.2125984251968504,0.5039370078740157,0.5275590551181102,0.36482939632545924,0.3948256467941507,0.3979002624671916,2019-10-16,0.07874015748031496,10.0,33.041666666666664
2019-10-16,33.041666666666664,10,0.07874015748031496,0.07874015748031496,0.3779527559055118,0.2125984251968504,0.49606299212598426,0.22309711286089232,0.3307086614173228,0.38871391076115486,2019-10-17,0.4409448818897638,56.0,169.25
2019-10-17,169.25,56,0.4409448818897638,0.4409448818897638,0.07874015748031496,0.3779527559055118,0.14960629921259844,0.29921259842519676,0.3228346456692913,0.3858267716535433,2019-10-18,0.4566929133858268,58.0,174.5
2019-10-18,174.5,58,0.4566929133858268,0.4566929133858268,0.4409448818897638,0.07874015748031496,0.49606299212598426,0.3254593175853018,0.36670416197975253,0.3803149606299213,2019-10-19,0.41732283464566927,53.0,158.125
2019-10-19,158.125,53,0.41732283464566927,0.41732283464566927,0.4566929133858268,0.4409448818897638,0.5039370078740157,0.43832020997375326,0.35545556805399325,0.37401574803149606,2019-10-20,0.2677165354330709,34.0,104.54166666666669
2019-10-20,104.54166666666669,34,0.2677165354330709,0.2677165354330709,0.41732283464566927,0.4566929133858268,0.2125984251968504,0.3805774278215222,0.3217097862767154,0.3637795275590551,2019-10-21,0.11811023622047244,15.0,46.79166666666666
2019-10-21,46.79166666666666,15,0.11811023622047244,0.11811023622047244,0.2677165354330709,0.41732283464566927,0.3779527559055118,0.2677165354330708,0.3082114735658043,0.3509186351706037,2019-10-22,0.25196850393700787,32.0,97.0
2019-10-22,97.0,32,0.25196850393700787,0.25196850393700787,0.11811023622047244,0.2677165354330709,0.07874015748031496,0.21259842519685035,0.29021372328458944,0.3433070866141732,2019-10-23,0.4330708661417323,55.0,165.08333333333334
2019-10-23,165.08333333333334,55,0.4330708661417323,0.4330708661417323,0.25196850393700787,0.11811023622047244,0.4409448818897638,0.26771653543307083,0.34083239595050624,0.3396325459317585,2019-10-24,0.28346456692913385,36.0,110.25
2019-10-24,110.25,36,0.28346456692913385,0.28346456692913385,0.4330708661417323,0.25196850393700787,0.4566929133858268,0.32283464566929126,0.31833520809898763,0.3312335958005249,2019-10-25,0.07874015748031496,10.0,33.541666666666664
2019-10-25,33.541666666666664,10,0.07874015748031496,0.07874015748031496,0.28346456692913385,0.4330708661417323,0.41732283464566927,0.2650918635170603,0.2643419572553431,0.3220472440944882,2019-10-26,0.08661417322834646,11.0,35.291666666666664
2019-10-26,35.291666666666664,11,0.08661417322834646,0.08661417322834646,0.07874015748031496,0.28346456692913385,0.2677165354330709,0.14960629921259835,0.2170978627671541,0.30498687664041996,2019-10-27,0.14960629921259844,19.0,60.29166666666666
2019-10-27,60.29166666666666,19,0.14960629921259844,0.14960629921259844,0.08661417322834646,0.07874015748031496,0.11811023622047244,0.10498687664041989,0.2002249718785152,0.2979002624671916,2019-10-28,0.4094488188976378,52.0,155.54166666666666
2019-10-28,155.54166666666666,52,0.4094488188976378,0.4094488188976378,0.14960629921259844,0.08661417322834646,0.25196850393700787,0.21522309711286083,0.24184476940382454,0.30813648293963253,2019-10-29,0.16535433070866143,21.0,64.58333333333333
2019-10-29,64.58333333333333,21,0.16535433070866143,0.16535433070866143,0.4094488188976378,0.14960629921259844,0.4330708661417323,0.24146981627296582,0.22947131608548932,0.3099737532808399,2019-10-30,0.031496062992125984,4.0,14.666666666666666
2019-10-30,14.666666666666666,4,0.031496062992125984,0.031496062992125984,0.16535433070866143,0.4094488188976378,0.28346456692913385,0.20209973753280833,0.17210348706411696,0.30026246719160105,2019-10-31,0.023622047244094488,3.0,11.375
2019-10-31,11.375,3,0.023622047244094488,0.023622047244094488,0.031496062992125984,0.16535433070866143,0.07874015748031496,0.07349081364829389,0.13498312710911137,0.289238845144357,2019-11-01,0.25196850393700787,32.0,97.66666666666669
2019-11-01,97.66666666666669,32,0.25196850393700787,0.25196850393700787,0.023622047244094488,0.031496062992125984,0.08661417322834646,0.10236220472440938,0.1597300337457818,0.2950131233595801,2019-11-02,0.15748031496062992,20.0,62.583333333333336
2019-11-02,62.583333333333336,20,0.15748031496062992,0.15748031496062992,0.25196850393700787,0.023622047244094488,0.14960629921259844,0.14435695538057736,0.16985376827896512,0.29527559055118113,2019-11-03,0.2204724409448819,28.0,85.33333333333333
2019-11-03,85.33333333333333,28,0.2204724409448819,0.2204724409448819,0.15748031496062992,0.25196850393700787,0.4094488188976378,0.2099737532808398,0.17997750281214847,0.2937007874015748,2019-11-04,0.13385826771653545,17.0,52.125
2019-11-04,52.125,17,0.13385826771653545,0.13385826771653545,0.2204724409448819,0.15748031496062992,0.16535433070866143,0.17060367454068234,0.140607424071991,0.284514435695538,2019-11-05,0.2204724409448819,28.0,85.70833333333333
2019-11-05,85.70833333333333,28,0.2204724409448819,0.2204724409448819,0.13385826771653545,0.2204724409448819,0.031496062992125984,0.19160104986876633,0.1484814398200225,0.2782152230971129,2019-11-06,0.06299212598425197,8.0,26.291666666666668
2019-11-06,26.291666666666668,8,0.06299212598425197,0.06299212598425197,0.2204724409448819,0.13385826771653545,0.023622047244094488,0.13910761154855636,0.15298087739032623,0.2671916010498688,2019-11-07,0.25196850393700787,32.0,98.95833333333331
2019-11-07,98.95833333333331,32,0.25196850393700787,0.25196850393700787,0.06299212598425197,0.2204724409448819,0.25196850393700787,0.17847769028871385,0.1856017997750281,0.2585301837270341,2019-11-08,0.36220472440944884,46.0,137.375
2019-11-08,137.375,46,0.36220472440944884,0.36220472440944884,0.25196850393700787,0.06299212598425197,0.15748031496062992,0.22572178477690283,0.2013498312710911,0.2530183727034121,2019-11-09,0.1732283464566929,22.0,68.95833333333333
2019-11-09,68.95833333333333,22,0.1732283464566929,0.1732283464566929,0.36220472440944884,0.25196850393700787,0.2204724409448819,0.2624671916010498,0.20359955005624294,0.24225721784776905,2019-11-10,0.08661417322834646,11.0,37.04166666666666
2019-11-10,37.04166666666666,11,0.08661417322834646,0.08661417322834646,0.1732283464566929,0.36220472440944884,0.13385826771653545,0.20734908136482932,0.18447694038245221,0.24015748031496062,2019-11-11,0.03937007874015748,5.0,17.541666666666668
2019-11-11,17.541666666666668,5,0.03937007874015748,0.03937007874015748,0.08661417322834646,0.1732283464566929,0.2204724409448819,0.09973753280839888,0.17097862767154104,0.2249343832020997,2019-11-12,0.2992125984251969,38.0,114.70833333333331
2019-11-12,114.70833333333331,38,0.2992125984251969,0.2992125984251969,0.03937007874015748,0.08661417322834646,0.06299212598425197,0.14173228346456687,0.18222722159730034,0.21811023622047243,2019-11-13,0.2047244094488189,26.0,81.25
2019-11-13,81.25,26,0.2047244094488189,0.2047244094488189,0.2992125984251969,0.03937007874015748,0.25196850393700787,0.18110236220472434,0.20247469066366705,0.2178477690288714,2019-11-14,0.14960629921259844,19.0,60.208333333333336
2019-11-14,60.208333333333336,19,0.14960629921259844,0.14960629921259844,0.2047244094488189,0.2992125984251969,0.36220472440944884,0.2178477690288713,0.18785151856017998,0.21023622047244092,2019-11-15,0.11811023622047244,15.0,48.583333333333336
2019-11-15,48.583333333333336,15,0.11811023622047244,0.11811023622047244,0.14960629921259844,0.2047244094488189,0.1732283464566929,0.15748031496062984,0.15298087739032623,0.2115485564304462,2019-11-16,0.25984251968503935,33.0,99.0
2019-11-16,99.0,33,0.25984251968503935,0.25984251968503935,0.11811023622047244,0.14960629921259844,0.08661417322834646,0.1758530183727033,0.1653543307086614,0.20551181102362204,2019-11-17,0.2125984251968504,27.0,83.95833333333333
2019-11-17,83.95833333333333,27,0.2125984251968504,0.2125984251968504,0.25984251968503935,0.11811023622047244,0.03937007874015748,0.19685039370078736,0.18335208098987626,0.1973753280839895,2019-11-18,0.2755905511811024,35.0,107.75
2019-11-18,107.75,35,0.2755905511811024,0.2755905511811024,0.2125984251968504,0.25984251968503935,0.2992125984251969,0.2493438320209973,0.2170978627671541,0.19265091863517061,2019-11-19,0.11811023622047244,15.0,48.625
2019-11-19,48.625,15,0.11811023622047244,0.11811023622047244,0.2755905511811024,0.2125984251968504,0.2047244094488189,0.20209973753280833,0.19122609673790777,0.18766404199475065,2019-11-20,0.2047244094488189,26.0,79.20833333333333
2019-11-20,79.20833333333333,26,0.2047244094488189,0.2047244094488189,0.11811023622047244,0.2755905511811024,0.14960629921259844,0.19947506561679784,0.19122609673790777,0.19055118110236222,2019-11-21,0.023622047244094488,3.0,13.458333333333334
2019-11-21,13.458333333333334,3,0.023622047244094488,0.023622047244094488,0.2047244094488189,0.11811023622047244,0.11811023622047244,0.11548556430446187,0.1732283464566929,0.18293963254593176,2019-11-22,0.12598425196850394,16.0,50.958333333333336
2019-11-22,50.958333333333336,16,0.12598425196850394,0.12598425196850394,0.023622047244094488,0.2047244094488189,0.25984251968503935,0.11811023622047236,0.17435320584926886,0.1727034120734908,2019-11-23,0.16535433070866143,21.0,64.79166666666667
2019-11-23,64.79166666666667,21,0.16535433070866143,0.16535433070866143,0.12598425196850394,0.023622047244094488,0.2125984251968504,0.10498687664041988,0.1608548931383577,0.16876640419947506,2019-11-24,0.2677165354330709,34.0,102.79166666666669
2019-11-24,102.79166666666669,34,0.2677165354330709,0.2677165354330709,0.16535433070866143,0.12598425196850394,0.2755905511811024,0.18635170603674536,0.16872890888638922,0.17506561679790028,2019-11-25,0.2047244094488189,26.0,80.16666666666667
2019-11-25,80.16666666666667,26,0.2047244094488189,0.2047244094488189,0.2677165354330709,0.16535433070866143,0.11811023622047244,0.21259842519685035,0.15860517435320584,0.179002624671916,2019-11-26,0.2204724409448819,28.0,86.29166666666667
2019-11-26,86.29166666666667,28,0.2204724409448819,0.2204724409448819,0.2047244094488189,0.2677165354330709,0.2047244094488189,0.2309711286089238,0.1732283464566929,0.18136482939632545,2019-11-27,0.10236220472440945,13.0,43.04166666666666
2019-11-27,43.04166666666666,13,0.10236220472440945,0.10236220472440945,0.2204724409448819,0.2047244094488189,0.023622047244094488,0.17585301837270337,0.15860517435320584,0.1711286089238845,2019-11-28,0.12598425196850394,16.0,49.583333333333336
2019-11-28,49.583333333333336,16,0.12598425196850394,0.12598425196850394,0.10236220472440945,0.2204724409448819,0.12598425196850394,0.14960629921259838,0.1732283464566929,0.16981627296587926,2019-11-29,0.07874015748031496,10.0,32.75
2019-11-29,32.75,10,0.07874015748031496,0.07874015748031496,0.12598425196850394,0.10236220472440945,0.16535433070866143,0.10236220472440939,0.16647919010123732,0.17139107611548557,2019-11-30,0.07874015748031496,10.0,32.041666666666664
2019-11-30,32.041666666666664,10,0.07874015748031496,0.07874015748031496,0.07874015748031496,0.12598425196850394,0.2677165354330709,0.0944881889763779,0.15410573678290213,0.17322834645669294,2019-12-01,0.05511811023622047,7.0,22.58333333333333
2019-12-01,22.58333333333333,7,0.05511811023622047,0.05511811023622047,0.07874015748031496,0.07874015748031496,0.2047244094488189,0.07086614173228341,0.12373453318335208,0.16666666666666666,2019-12-02,0.03937007874015748,5.0,17.416666666666668
2019-12-02,17.416666666666668,5,0.03937007874015748,0.03937007874015748,0.05511811023622047,0.07874015748031496,0.2204724409448819,0.05774278215223092,0.1001124859392576,0.16272965879265092,2019-12-03,0.031496062992125984,4.0,15.041666666666666
2019-12-03,15.041666666666666,4,0.031496062992125984,0.031496062992125984,0.03937007874015748,0.05511811023622047,0.10236220472440945,0.04199475065616793,0.07311586051743532,0.15643044619422575,2019-12-04,0.031496062992125984,4.0,15.375
2019-12-04,15.375,4,0.031496062992125984,0.031496062992125984,0.031496062992125984,0.03937007874015748,0.12598425196850394,0.034120734908136434,0.06299212598425197,0.15301837270341206,2019-12-05,0.14173228346456693,18.0,56.625
2019-12-05,56.625,18,0.14173228346456693,0.14173228346456693,0.031496062992125984,0.031496062992125984,0.07874015748031496,0.06824146981627292,0.06524184476940383,0.15039370078740158,2019-12-06,0.1732283464566929,22.0,67.75
2019-12-06,67.75,22,0.1732283464566929,0.1732283464566929,0.14173228346456693,0.031496062992125984,0.07874015748031496,0.11548556430446189,0.07874015748031496,0.1540682414698163,2019-12-07,0.16535433070866143,21.0,65.16666666666667
2019-12-07,65.16666666666667,21,0.16535433070866143,0.16535433070866143,0.1732283464566929,0.14173228346456693,0.05511811023622047,0.16010498687664038,0.09111361079865017,0.15118110236220472,2019-12-08,0.10236220472440945,13.0,40.583333333333336
2019-12-08,40.583333333333336,13,0.10236220472440945,0.10236220472440945,0.16535433070866143,0.1732283464566929,0.03937007874015748,0.14698162729658787,0.09786276715410573,0.14251968503937007,2019-12-09,0.023622047244094488,3.0,11.166666666666666
2019-12-09,11.166666666666666,3,0.023622047244094488,0.023622047244094488,0.10236220472440945,0.16535433070866143,0.031496062992125984,0.09711286089238841,0.09561304836895387,0.13753280839895013,2019-12-10,0.09448818897637795,12.0,40.083333333333336
2019-12-10,40.083333333333336,12,0.09448818897637795,0.09448818897637795,0.023622047244094488,0.10236220472440945,0.031496062992125984,0.07349081364829392,0.1046119235095613,0.1377952755905512,2019-12-11,0.14960629921259844,19.0,60.5
2019-12-11,60.5,19,0.14960629921259844,0.14960629921259844,0.09448818897637795,0.023622047244094488,0.14173228346456693,0.08923884514435691,0.12148481439820023,0.1414698162729659,2019-12-12,0.14960629921259844,19.0,58.625
2019-12-12,58.625,19,0.14960629921259844,0.14960629921259844,0.14960629921259844,0.09448818897637795,0.1732283464566929,0.13123359580052488,0.12260967379077616,0.13648293963254593,2019-12-13,0.11023622047244094,14.0,45.125
2019-12-13,45.125,14,0.11023622047244094,0.11023622047244094,0.14960629921259844,0.14960629921259844,0.16535433070866143,0.13648293963254587,0.11361079865016875,0.13333333333333333,2019-12-14,0.10236220472440945,13.0,41.333333333333336
2019-12-14,41.333333333333336,13,0.10236220472440945,0.10236220472440945,0.11023622047244094,0.14960629921259844,0.10236220472440945,0.1207349081364829,0.1046119235095613,0.13175853018372705,2019-12-15,0.11023622047244094,14.0,44.208333333333336
2019-12-15,44.208333333333336,14,0.11023622047244094,0.11023622047244094,0.10236220472440945,0.11023622047244094,0.023622047244094488,0.10761154855643039,0.10573678290213724,0.131496062992126,2019-12-16,0.13385826771653545,17.0,53.875
2019-12-16,53.875,17,0.13385826771653545,0.13385826771653545,0.11023622047244094,0.10236220472440945,0.09448818897637795,0.11548556430446189,0.12148481439820023,0.1272965879265092,2019-12-17,0.14960629921259844,19.0,59.333333333333336
2019-12-17,59.333333333333336,19,0.14960629921259844,0.14960629921259844,0.13385826771653545,0.11023622047244094,0.14960629921259844,0.13123359580052488,0.1293588301462317,0.1251968503937008,2019-12-18,0.2204724409448819,28.0,86.875
2019-12-18,86.875,28,0.2204724409448819,0.2204724409448819,0.14960629921259844,0.13385826771653545,0.14960629921259844,0.16797900262467189,0.13948256467941508,0.12335958005249344,2019-12-19,0.2283464566929134,29.0,89.375
2019-12-19,89.375,29,0.2283464566929134,0.2283464566929134,0.2204724409448819,0.14960629921259844,0.11023622047244094,0.19947506561679784,0.15073115860517433,0.12703412073490813,2019-12-20,0.11023622047244094,14.0,44.04166666666666
2019-12-20,44.04166666666666,14,0.11023622047244094,0.11023622047244094,0.2283464566929134,0.2204724409448819,0.10236220472440945,0.18635170603674536,0.15073115860517433,0.12388451443569554,2019-12-21,0.2440944881889764,31.0,95.5
2019-12-21,95.5,31,0.2440944881889764,0.2440944881889764,0.11023622047244094,0.2283464566929134,0.11023622047244094,0.19422572178477684,0.17097862767154107,0.13123359580052493,2019-12-22,0.2204724409448819,28.0,85.75
2019-12-22,85.75,28,0.2204724409448819,0.2204724409448819,0.2440944881889764,0.11023622047244094,0.13385826771653545,0.19160104986876636,0.18672665916760403,0.13438320209973753,2019-12-23,0.2204724409448819,28.0,86.375
2019-12-23,86.375,28,0.2204724409448819,0.2204724409448819,0.2204724409448819,0.2440944881889764,0.14960629921259844,0.22834645669291334,0.19910011248593926,0.13622047244094487,2019-12-24,0.07086614173228346,9.0,30.125
2019-12-24,30.125,9,0.07086614173228346,0.07086614173228346,0.2204724409448819,0.2204724409448819,0.2204724409448819,0.17060367454068237,0.18785151856017998,0.12965879265091865,2019-12-25,0.16535433070866143,21.0,65.16666666666667
2019-12-25,65.16666666666667,21,0.16535433070866143,0.16535433070866143,0.07086614173228346,0.2204724409448819,0.2283464566929134,0.15223097112860887,0.17997750281214847,0.1283464566929134,2019-12-26,0.11811023622047244,15.0,47.208333333333336
2019-12-26,47.208333333333336,15,0.11811023622047244,0.11811023622047244,0.16535433070866143,0.07086614173228346,0.11023622047244094,0.1181102362204724,0.16422947131608548,0.12493438320209974,2019-12-27,0.14173228346456693,18.0,56.125
2019-12-27,56.125,18,0.14173228346456693,0.14173228346456693,0.11811023622047244,0.16535433070866143,0.2440944881889764,0.14173228346456687,0.1687289088863892,0.126246719160105,2019-12-28,0.13385826771653545,17.0,54.125
2019-12-28,54.125,17,0.13385826771653545,0.13385826771653545,0.14173228346456693,0.11811023622047244,0.2204724409448819,0.13123359580052488,0.1529808773903262,0.12650918635170602,2019-12-29,0.007874015748031496,1.0,5.458333333333333
2019-12-29,5.458333333333333,1,0.007874015748031496,0.007874015748031496,0.13385826771653545,0.14173228346456693,0.2204724409448819,0.0944881889763779,0.12260967379077616,0.1241469816272966,2019-12-30,0.10236220472440945,13.0,41.583333333333336
2019-12-30,41.583333333333336,13,0.10236220472440945,0.10236220472440945,0.007874015748031496,0.13385826771653545,0.07086614173228346,0.0813648293963254,0.10573678290213724,0.12493438320209974,2019-12-31,0.06299212598425197,8.0,27.875
2019-12-31,27.875,8,0.06299212598425197,0.06299212598425197,0.10236220472440945,0.007874015748031496,0.16535433070866143,0.057742782152230915,0.1046119235095613,0.1251968503937008,2020-01-01,0.25196850393700787,32.0,96.66666666666669
2020-01-01,96.66666666666669,32,0.25196850393700787,0.25196850393700787,0.06299212598425197,0.10236220472440945,0.11811023622047244,0.13910761154855636,0.11698537682789653,0.13228346456692913,2020-01-02,0.14960629921259844,19.0,59.125
2020-01-02,59.125,19,0.14960629921259844,0.14960629921259844,0.25196850393700787,0.06299212598425197,0.14173228346456693,0.15485564304461938,0.12148481439820023,0.13622047244094487,2020-01-03,0.09448818897637795,12.0,39.79166666666666
2020-01-03,39.79166666666666,12,0.09448818897637795,0.09448818897637795,0.14960629921259844,0.25196850393700787,0.13385826771653545,0.16535433070866137,0.11473565804274467,0.13832020997375327,2020-01-04,0.047244094488188976,6.0,22.20833333333333
2020-01-04,22.20833333333333,6,0.047244094488188976,0.047244094488188976,0.09448818897637795,0.14960629921259844,0.007874015748031496,0.0971128608923884,0.10236220472440945,0.13517060367454067,2020-01-05,0.07874015748031496,10.0,32.75
2020-01-05,32.75,10,0.07874015748031496,0.07874015748031496,0.047244094488188976,0.09448818897637795,0.10236220472440945,0.0734908136482939,0.11248593925759279,0.13202099737532808,2020-01-06,0.2755905511811024,35.0,105.16666666666669
2020-01-06,105.16666666666669,35,0.2755905511811024,0.2755905511811024,0.07874015748031496,0.047244094488188976,0.06299212598425197,0.1338582677165354,0.1372328458942632,0.1356955380577428,2020-01-07,0.1732283464566929,22.0,68.79166666666667
2020-01-07,68.79166666666667,22,0.1732283464566929,0.1732283464566929,0.2755905511811024,0.07874015748031496,0.25196850393700787,0.17585301837270337,0.1529808773903262,0.13805774278215222,2020-01-08,0.14960629921259844,19.0,59.458333333333336
2020-01-08,59.458333333333336,19,0.14960629921259844,0.14960629921259844,0.1732283464566929,0.2755905511811024,0.14960629921259844,0.19947506561679784,0.13835770528683913,0.14225721784776904,2020-01-09,0.13385826771653545,17.0,53.125
2020-01-09,53.125,17,0.13385826771653545,0.13385826771653545,0.14960629921259844,0.1732283464566929,0.09448818897637795,0.15223097112860887,0.1361079865016873,0.1435695538057743,2020-01-10,0.015748031496062992,2.0,10.0
2020-01-10,10.0,2,0.015748031496062992,0.015748031496062992,0.13385826771653545,0.14960629921259844,0.047244094488188976,0.09973753280839888,0.12485939257592801,0.13910761154855641,2020-01-11,0.007874015748031496,1.0,6.75
2020-01-11,6.75,1,0.007874015748031496,0.007874015748031496,0.015748031496062992,0.13385826771653545,0.07874015748031496,0.05249343832020992,0.11923509561304838,0.13438320209973753,2020-01-12,0.2125984251968504,27.0,82.41666666666667
2020-01-12,82.41666666666667,27,0.2125984251968504,0.2125984251968504,0.007874015748031496,0.015748031496062992,0.2755905511811024,0.0787401574803149,0.13835770528683916,0.13779527559055121,2020-01-13,0.11023622047244094,14.0,45.79166666666666
2020-01-13,45.79166666666666,14,0.11023622047244094,0.11023622047244094,0.2125984251968504,0.007874015748031496,0.1732283464566929,0.1102362204724409,0.11473565804274466,0.13805774278215224,2020-01-14,0.11811023622047244,15.0,46.125
2020-01-14,46.125,15,0.11811023622047244,0.11811023622047244,0.11023622047244094,0.2125984251968504,0.14960629921259844,0.14698162729658787,0.10686164229471316,0.13832020997375327,2020-01-15,0.2204724409448819,28.0,84.41666666666667
2020-01-15,84.41666666666667,28,0.2204724409448819,0.2204724409448819,0.11811023622047244,0.11023622047244094,0.13385826771653545,0.14960629921259835,0.11698537682789653,0.1412073490813648,2020-01-16,0.031496062992125984,4.0,15.541666666666666
2020-01-16,15.541666666666666,4,0.031496062992125984,0.031496062992125984,0.2204724409448819,0.11811023622047244,0.015748031496062992,0.12335958005249338,0.10236220472440946,0.13727034120734907,2020-01-17,0.16535433070866143,21.0,66.58333333333333
2020-01-17,66.58333333333333,21,0.16535433070866143,0.16535433070866143,0.031496062992125984,0.2204724409448819,0.007874015748031496,0.13910761154855636,0.12373453318335208,0.13543307086614173,2020-01-18,0.023622047244094488,3.0,13.5
2020-01-18,13.5,3,0.023622047244094488,0.023622047244094488,0.16535433070866143,0.031496062992125984,0.2125984251968504,0.0734908136482939,0.12598425196850394,0.12860892388451445,2020-01-19,0.16535433070866143,21.0,64.66666666666667
2020-01-19,64.66666666666667,21,0.16535433070866143,0.16535433070866143,0.023622047244094488,0.16535433070866143,0.11023622047244094,0.1181102362204724,0.11923509561304836,0.1304461942257218,2020-01-20,0.29133858267716534,37.0,113.20833333333331
2020-01-20,113.20833333333331,37,0.29133858267716534,0.29133858267716534,0.16535433070866143,0.023622047244094488,0.11811023622047244,0.16010498687664035,0.14510686164229472,0.13202099737532808,2020-01-21,0.28346456692913385,36.0,108.29166666666669
2020-01-21,108.29166666666669,36,0.28346456692913385,0.28346456692913385,0.29133858267716534,0.16535433070866143,0.2204724409448819,0.24671916010498682,0.16872890888638922,0.13412073490813647,2020-01-22,0.2283464566929134,29.0,87.70833333333333
2020-01-22,87.70833333333333,29,0.2283464566929134,0.2283464566929134,0.28346456692913385,0.29133858267716534,0.031496062992125984,0.26771653543307083,0.16985376827896512,0.13438320209973753,2020-01-23,0.12598425196850394,16.0,51.41666666666666
2020-01-23,51.41666666666666,16,0.12598425196850394,0.12598425196850394,0.2283464566929134,0.28346456692913385,0.16535433070866143,0.21259842519685035,0.18335208098987626,0.13622047244094487,2020-01-24,0.09448818897637795,12.0,39.708333333333336
2020-01-24,39.708333333333336,12,0.09448818897637795,0.09448818897637795,0.12598425196850394,0.2283464566929134,0.023622047244094488,0.14960629921259838,0.1732283464566929,0.13385826771653545,2020-01-25,0.14173228346456693,18.0,57.75
2020-01-25,57.75,18,0.14173228346456693,0.14173228346456693,0.09448818897637795,0.12598425196850394,0.16535433070866143,0.12073490813648291,0.19010123734533182,0.1346456692913386,2020-01-26,0.11023622047244094,14.0,44.208333333333336
2020-01-26,44.208333333333336,14,0.11023622047244094,0.11023622047244094,0.14173228346456693,0.09448818897637795,0.29133858267716534,0.1154855643044619,0.18222722159730034,0.1335958005249344,2020-01-27,0.12598425196850394,16.0,49.458333333333336
2020-01-27,49.458333333333336,16,0.12598425196850394,0.12598425196850394,0.11023622047244094,0.14173228346456693,0.28346456692913385,0.1259842519685039,0.15860517435320584,0.13333333333333333,2020-01-28,0.11023622047244094,14.0,43.375
2020-01-28,43.375,14,0.11023622047244094,0.11023622047244094,0.12598425196850394,0.11023622047244094,0.2283464566929134,0.1154855643044619,0.13385826771653545,0.136745406824147,2020-01-29,0.12598425196850394,16.0,49.79166666666666
2020-01-29,49.79166666666666,16,0.12598425196850394,0.12598425196850394,0.11023622047244094,0.12598425196850394,0.12598425196850394,0.12073490813648291,0.11923509561304836,0.13753280839895013,2020-01-30,0.1732283464566929,22.0,68.0
2020-01-30,68.0,22,0.1732283464566929,0.1732283464566929,0.12598425196850394,0.11023622047244094,0.09448818897637795,0.1364829396325459,0.12598425196850394,0.14120734908136484,2020-01-31,0.1889763779527559,24.0,73.95833333333333
2020-01-31,73.95833333333333,24,0.1889763779527559,0.1889763779527559,0.1732283464566929,0.12598425196850394,0.14173228346456693,0.1627296587926509,0.13948256467941508,0.13910761154855641,2020-02-01,0.14960629921259844,19.0,60.75
2020-02-01,60.75,19,0.14960629921259844,0.14960629921259844,0.1889763779527559,0.1732283464566929,0.11023622047244094,0.1706036745406824,0.140607424071991,0.13910761154855644,2020-02-02,0.31496062992125984,40.0,120.75
2020-02-02,120.75,40,0.31496062992125984,0.31496062992125984,0.14960629921259844,0.1889763779527559,0.12598425196850394,0.21784776902887137,0.16985376827896514,0.14645669291338584,2020-02-03,0.2992125984251969,38.0,114.33333333333331
2020-02-03,114.33333333333331,38,0.2992125984251969,0.2992125984251969,0.31496062992125984,0.14960629921259844,0.11023622047244094,0.2545931758530184,0.19460067491563554,0.15485564304461943,2020-02-04,0.031496062992125984,4.0,14.75
2020-02-04,14.75,4,0.031496062992125984,0.031496062992125984,0.2992125984251969,0.31496062992125984,0.12598425196850394,0.2152230971128609,0.18335208098987626,0.15328083989501312,2020-02-05,0.15748031496062992,20.0,60.958333333333336
2020-02-05,60.958333333333336,20,0.15748031496062992,0.15748031496062992,0.031496062992125984,0.2992125984251969,0.1732283464566929,0.1627296587926509,0.18785151856017995,0.14934383202099738,2020-02-06,0.05511811023622047,7.0,23.75
2020-02-06,23.75,7,0.05511811023622047,0.05511811023622047,0.15748031496062992,0.031496062992125984,0.1889763779527559,0.08136482939632543,0.17097862767154107,0.14540682414698164,2020-02-07,0.2755905511811024,35.0,105.04166666666669
2020-02-07,105.04166666666669,35,0.2755905511811024,0.2755905511811024,0.05511811023622047,0.15748031496062992,0.14960629921259844,0.1627296587926509,0.18335208098987626,0.14960629921259844,2020-02-08,0.2440944881889764,31.0,94.45833333333331
2020-02-08,94.45833333333331,31,0.2440944881889764,0.2440944881889764,0.2755905511811024,0.05511811023622047,0.31496062992125984,0.19160104986876636,0.1968503937007874,0.15328083989501312,2020-02-09,0.2204724409448819,28.0,84.625
2020-02-09,84.625,28,0.2204724409448819,0.2204724409448819,0.2440944881889764,0.2755905511811024,0.2992125984251969,0.24671916010498685,0.18335208098987626,0.16010498687664043,2020-02-10,0.2125984251968504,27.0,81.5
2020-02-10,81.5,27,0.2125984251968504,0.2125984251968504,0.2204724409448819,0.2440944881889764,0.031496062992125984,0.22572178477690286,0.17097862767154107,0.16692913385826771,2020-02-11,0.30708661417322836,39.0,119.25
2020-02-11,119.25,39,0.30708661417322836,0.30708661417322836,0.2125984251968504,0.2204724409448819,0.15748031496062992,0.24671916010498685,0.21034870641169853,0.1700787401574803,2020-02-12,0.2125984251968504,27.0,81.75
2020-02-12,81.75,27,0.2125984251968504,0.2125984251968504,0.30708661417322836,0.2125984251968504,0.05511811023622047,0.2440944881889764,0.21822272215973001,0.17349081364829394,2020-02-13,0.14173228346456693,18.0,57.208333333333336
2020-02-13,57.208333333333336,18,0.14173228346456693,0.14173228346456693,0.2125984251968504,0.30708661417322836,0.2755905511811024,0.22047244094488186,0.23059617547806524,0.17427821522309714,2020-02-14,0.1968503937007874,25.0,76.5
2020-02-14,76.5,25,0.1968503937007874,0.1968503937007874,0.14173228346456693,0.2125984251968504,0.2440944881889764,0.18372703412073488,0.219347581552306,0.17349081364829397,2020-02-15,0.25984251968503935,33.0,99.66666666666669
2020-02-15,99.66666666666669,33,0.25984251968503935,0.25984251968503935,0.1968503937007874,0.14173228346456693,0.2204724409448819,0.19947506561679784,0.22159730033745784,0.1811023622047244,2020-02-16,0.3858267716535433,49.0,147.54166666666666
2020-02-16,147.54166666666666,49,0.3858267716535433,0.3858267716535433,0.25984251968503935,0.1968503937007874,0.2125984251968504,0.2808398950131233,0.2452193475815523,0.1884514435695538,2020-02-17,0.2755905511811024,35.0,107.375
2020-02-17,107.375,35,0.2755905511811024,0.2755905511811024,0.3858267716535433,0.25984251968503935,0.30708661417322836,0.3070866141732283,0.2542182227221597,0.1968503937007874,2020-02-18,0.16535433070866143,21.0,64.375
2020-02-18,64.375,21,0.16535433070866143,0.16535433070866143,0.2755905511811024,0.3858267716535433,0.2125984251968504,0.2755905511811024,0.23397075365579303,0.1968503937007874,2020-02-19,0.4645669291338583,59.0,177.79166666666666
2020-02-19,177.79166666666666,59,0.4645669291338583,0.4645669291338583,0.16535433070866143,0.2755905511811024,0.14173228346456693,0.30183727034120733,0.26996625421822273,0.2026246719160105,2020-02-20,0.4881889763779528,62.0,184.375
2020-02-20,184.375,62,0.4881889763779528,0.4881889763779528,0.4645669291338583,0.16535433070866143,0.1968503937007874,0.37270341207349084,0.3194600674915636,0.2094488188976378,2020-02-21,0.47244094488188976,60.0,179.41666666666666
2020-02-21,179.41666666666666,60,0.47244094488188976,0.47244094488188976,0.4881889763779528,0.4645669291338583,0.25984251968503935,0.4750656167979002,0.35883014623172105,0.21758530183727035,2020-02-22,0.48031496062992124,61.0,182.25
2020-02-22,182.25,61,0.48031496062992124,0.48031496062992124,0.47244094488188976,0.4881889763779528,0.3858267716535433,0.48031496062992124,0.39032620922384703,0.2293963254593176,2020-02-23,0.4645669291338583,59.0,177.66666666666666
2020-02-23,177.66666666666666,59,0.4645669291338583,0.4645669291338583,0.48031496062992124,0.47244094488188976,0.2755905511811024,0.47244094488188965,0.40157480314960636,0.24173228346456693,2020-02-24,0.2440944881889764,31.0,94.20833333333331
2020-02-24,94.20833333333331,31,0.2440944881889764,0.2440944881889764,0.4645669291338583,0.48031496062992124,0.16535433070866143,0.39632545931758517,0.39707536557930256,0.24514435695538056,2020-02-25,0.06299212598425197,8.0,26.625
2020-02-25,26.625,8,0.06299212598425197,0.06299212598425197,0.2440944881889764,0.4645669291338583,0.4645669291338583,0.25721784776902884,0.38245219347581555,0.24356955380577425,2020-02-26,0.06299212598425197,8.0,26.791666666666668
2020-02-26,26.791666666666668,8,0.06299212598425197,0.06299212598425197,0.06299212598425197,0.2440944881889764,0.4881889763779528,0.12335958005249338,0.32508436445444316,0.2414698162729659,2020-02-27,0.36220472440944884,46.0,140.08333333333334
2020-02-27,140.08333333333334,46,0.36220472440944884,0.36220472440944884,0.06299212598425197,0.06299212598425197,0.47244094488188976,0.16272965879265086,0.30708661417322836,0.24986876640419947,2020-02-28,0.41732283464566927,53.0,158.79166666666666
2020-02-28,158.79166666666666,53,0.41732283464566927,0.41732283464566927,0.36220472440944884,0.06299212598425197,0.48031496062992124,0.2808398950131233,0.2992125984251968,0.2595800524934383,2020-02-29,0.5118110236220472,65.0,194.45833333333331
2020-02-29,194.45833333333331,65,0.5118110236220472,0.5118110236220472,0.41732283464566927,0.36220472440944884,0.4645669291338583,0.4304461942257218,0.3037120359955005,0.27086614173228346,2020-03-01,0.4409448818897638,56.0,166.79166666666666
2020-03-01,166.79166666666666,56,0.4409448818897638,0.4409448818897638,0.5118110236220472,0.41732283464566927,0.2440944881889764,0.4566929133858267,0.30033745781777277,0.27926509186351706,2020-03-02,0.1889763779527559,24.0,73.5
2020-03-02,73.5,24,0.1889763779527559,0.1889763779527559,0.4409448818897638,0.5118110236220472,0.06299212598425197,0.3805774278215222,0.2924634420697413,0.28057742782152234,2020-03-03,0.2204724409448819,28.0,85.29166666666667
2020-03-03,85.29166666666667,28,0.2204724409448819,0.2204724409448819,0.1889763779527559,0.4409448818897638,0.06299212598425197,0.2834645669291338,0.31496062992125984,0.2774278215223097,2020-03-04,0.23622047244094488,30.0,90.58333333333331
2020-03-04,90.58333333333331,30,0.23622047244094488,0.23622047244094488,0.2204724409448819,0.1889763779527559,0.36220472440944884,0.21522309711286083,0.3397075365579303,0.2753280839895013,2020-03-05,0.48031496062992124,61.0,182.5
2020-03-05,182.5,61,0.48031496062992124,0.48031496062992124,0.23622047244094488,0.2204724409448819,0.41732283464566927,0.3123359580052493,0.3565804274465692,0.29028871391076116,2020-03-06,0.07874015748031496,10.0,33.75
2020-03-06,33.75,10,0.07874015748031496,0.07874015748031496,0.48031496062992124,0.23622047244094488,0.5118110236220472,0.2650918635170603,0.3082114735658043,0.28766404199475065,2020-03-07,0.5669291338582677,72.0,216.04166666666663
2020-03-07,216.04166666666663,72,0.5669291338582677,0.5669291338582677,0.07874015748031496,0.48031496062992124,0.4409448818897638,0.37532808398950124,0.3160854893138358,0.3047244094488189,2020-03-08,0.49606299212598426,63.0,188.125
2020-03-08,188.125,63,0.49606299212598426,0.49606299212598426,0.5669291338582677,0.07874015748031496,0.1889763779527559,0.3805774278215222,0.32395950506186727,0.3120734908136483,2020-03-09,0.2992125984251969,38.0,114.79166666666669
2020-03-09,114.79166666666669,38,0.2992125984251969,0.2992125984251969,0.49606299212598426,0.5669291338582677,0.2204724409448819,0.4540682414698162,0.33970753655793023,0.3139107611548556,2020-03-10,0.2755905511811024,35.0,106.58333333333331
2020-03-10,106.58333333333331,35,0.2755905511811024,0.2755905511811024,0.2992125984251969,0.49606299212598426,0.23622047244094488,0.35695538057742776,0.3475815523059617,0.31574803149606295,2020-03-11,0.33070866141732286,42.0,126.79166666666669
2020-03-11,126.79166666666669,42,0.33070866141732286,0.33070866141732286,0.2755905511811024,0.2992125984251969,0.48031496062992124,0.30183727034120733,0.3610798650168729,0.31968503937007875,2020-03-12,0.2125984251968504,27.0,82.04166666666667
2020-03-12,82.04166666666667,27,0.2125984251968504,0.2125984251968504,0.33070866141732286,0.2755905511811024,0.07874015748031496,0.2729658792650918,0.3228346456692913,0.3165354330708662,2020-03-13,0.6220472440944882,79.0,234.33333333333331
2020-03-13,234.33333333333331,79,0.6220472440944882,0.6220472440944882,0.2125984251968504,0.33070866141732286,0.5669291338582677,0.3884514435695538,0.40044994375703036,0.33018372703412074,2020-03-14,0.12598425196850394,16.0,49.833333333333336
2020-03-14,49.833333333333336,16,0.12598425196850394,0.12598425196850394,0.6220472440944882,0.2125984251968504,0.49606299212598426,0.3202099737532808,0.33745781777277845,0.32965879265091863,2020-03-15,0.6299212598425197,80.0,237.375
2020-03-15,237.375,80,0.6299212598425197,0.6299212598425197,0.12598425196850394,0.6220472440944882,0.2992125984251969,0.4593175853018372,0.3565804274465692,0.34409448818897637,2020-03-16,0.33858267716535434,43.0,131.125
2020-03-16,131.125,43,0.33858267716535434,0.33858267716535434,0.6299212598425197,0.12598425196850394,0.2755905511811024,0.36482939632545924,0.3622047244094488,0.34671916010498693,2020-03-17,0.4251968503937008,54.0,163.625
2020-03-17,163.625,54,0.4251968503937008,0.4251968503937008,0.33858267716535434,0.6299212598425197,0.33070866141732286,0.46456692913385816,0.38357705286839144,0.3480314960629921,2020-03-18,0.2204724409448819,28.0,84.45833333333333
2020-03-18,84.45833333333333,28,0.2204724409448819,0.2204724409448819,0.4251968503937008,0.33858267716535434,0.2125984251968504,0.3280839895013123,0.3678290213723284,0.34619422572178477,2020-03-19,0.11811023622047244,15.0,46.5
2020-03-19,46.5,15,0.11811023622047244,0.11811023622047244,0.2204724409448819,0.4251968503937008,0.6220472440944882,0.25459317585301827,0.35433070866141725,0.3446194225721785,2020-03-20,0.29133858267716534,37.0,112.04166666666669
2020-03-20,112.04166666666669,37,0.29133858267716534,0.29133858267716534,0.11811023622047244,0.2204724409448819,0.12598425196850394,0.2099737532808398,0.30708661417322836,0.33884514435695545,2020-03-21,0.5669291338582677,72.0,215.08333333333331
2020-03-21,215.08333333333331,72,0.5669291338582677,0.5669291338582677,0.29133858267716534,0.11811023622047244,0.6299212598425197,0.3254593175853018,0.37007874015748027,0.34146981627296585,2020-03-22,0.4645669291338583,59.0,176.5
2020-03-22,176.5,59,0.4645669291338583,0.4645669291338583,0.5669291338582677,0.29133858267716534,0.33858267716535434,0.44094488188976366,0.3464566929133858,0.34120734908136485,2020-03-23,0.2125984251968504,27.0,82.45833333333333
2020-03-23,82.45833333333333,27,0.2125984251968504,0.2125984251968504,0.4645669291338583,0.5669291338582677,0.4251968503937008,0.4146981627296587,0.328458942632171,0.33228346456692914,2020-03-24,0.2125984251968504,27.0,82.58333333333333
2020-03-24,82.58333333333333,27,0.2125984251968504,0.2125984251968504,0.2125984251968504,0.4645669291338583,0.2204724409448819,0.29658792650918625,0.298087739032621,0.32388451443569555,2020-03-25,0.6614173228346457,84.0,251.41666666666663
2020-03-25,251.41666666666663,84,0.6614173228346457,0.6614173228346457,0.2125984251968504,0.2125984251968504,0.11811023622047244,0.3622047244094487,0.3610798650168729,0.33779527559055117,2020-03-26,0.2204724409448819,28.0,85.04166666666667
2020-03-26,85.04166666666667,28,0.2204724409448819,0.2204724409448819,0.6614173228346457,0.2125984251968504,0.29133858267716534,0.3648293963254592,0.37570303712035996,0.34304461942257214,2020-03-27,0.2992125984251969,38.0,116.25
2020-03-27,116.25,38,0.2992125984251969,0.2992125984251969,0.2204724409448819,0.6614173228346457,0.5669291338582677,0.3937007874015747,0.3768278965129359,0.3509186351706036,2020-03-28,0.08661417322834646,11.0,34.416666666666664
2020-03-28,34.416666666666664,11,0.08661417322834646,0.08661417322834646,0.2992125984251969,0.2204724409448819,0.4645669291338583,0.20209973753280827,0.3082114735658043,0.3417322834645669,2020-03-29,0.2992125984251969,38.0,115.79166666666669
2020-03-29,115.79166666666669,38,0.2992125984251969,0.2992125984251969,0.08661417322834646,0.2992125984251969,0.2125984251968504,0.22834645669291329,0.2845894263217098,0.33779527559055117,2020-03-30,0.10236220472440945,13.0,42.41666666666666
2020-03-30,42.41666666666666,13,0.10236220472440945,0.10236220472440945,0.2992125984251969,0.08661417322834646,0.2125984251968504,0.16272965879265078,0.2688413948256468,0.3241469816272966,2020-03-31,0.12598425196850394,16.0,51.54166666666666
2020-03-31,51.54166666666666,16,0.12598425196850394,0.12598425196850394,0.10236220472440945,0.2992125984251969,0.6614173228346457,0.17585301837270326,0.2564679415073116,0.31364829396325455,2020-04-01,0.2755905511811024,35.0,105.41666666666669
2020-04-01,105.41666666666669,35,0.2755905511811024,0.2755905511811024,0.12598425196850394,0.10236220472440945,0.2204724409448819,0.16797900262467177,0.20134983127109113,0.3165354330708661,2020-04-02,0.7401574803149606,94.0,281.125
2020-04-02,281.125,94,0.7401574803149606,0.7401574803149606,0.2755905511811024,0.12598425196850394,0.2992125984251969,0.38057742782152215,0.2755905511811024,0.33385826771653543,2020-04-03,0.7480314960629921,95.0,281.5
2020-04-03,281.5,95,0.7480314960629921,0.7480314960629921,0.7401574803149606,0.2755905511811024,0.08661417322834646,0.5879265091863516,0.3397075365579303,0.3509186351706037,2020-04-04,0.3543307086614173,45.0,137.08333333333334
2020-04-04,137.08333333333334,45,0.3543307086614173,0.3543307086614173,0.7480314960629921,0.7401574803149606,0.2992125984251969,0.6141732283464566,0.37795275590551186,0.3467191601049869,2020-04-05,0.6062992125984252,77.0,230.70833333333331
2020-04-05,230.70833333333331,77,0.6062992125984252,0.6062992125984252,0.3543307086614173,0.7480314960629921,0.10236220472440945,0.569553805774278,0.421822272215973,0.36430446194225724,2020-04-06,0.5826771653543307,74.0,220.875
2020-04-06,220.875,74,0.5826771653543307,0.5826771653543307,0.6062992125984252,0.3543307086614173,0.12598425196850394,0.5144356955380576,0.4904386951631046,0.3648293963254593,2020-04-07,0.2755905511811024,35.0,107.0
2020-04-07,107.0,35,0.2755905511811024,0.2755905511811024,0.5826771653543307,0.6062992125984252,0.2755905511811024,0.4881889763779526,0.5118110236220472,0.35748031496062993,2020-04-08,0.7086614173228346,90.0,268.4166666666667
2020-04-08,268.4166666666667,90,0.7086614173228346,0.7086614173228346,0.2755905511811024,0.5826771653543307,0.7401574803149606,0.522309711286089,0.5736782902137233,0.3711286089238845,2020-04-09,0.48031496062992124,61.0,183.95833333333331
2020-04-09,183.95833333333331,61,0.48031496062992124,0.48031496062992124,0.7086614173228346,0.2755905511811024,0.7480314960629921,0.48818897637795255,0.5365579302587176,0.37795275590551186,2020-04-10,0.5511811023622047,70.0,207.83333333333331
2020-04-10,207.83333333333331,70,0.5511811023622047,0.5511811023622047,0.48031496062992124,0.7086614173228346,0.3543307086614173,0.5800524934383201,0.5084364454443194,0.3853018372703412,2020-04-11,0.7165354330708661,91.0,272.3333333333333
2020-04-11,272.3333333333333,91,0.7165354330708661,0.7165354330708661,0.5511811023622047,0.48031496062992124,0.6062992125984252,0.5826771653543306,0.5601799775028121,0.4020997375328084,2020-04-12,0.2440944881889764,31.0,96.04166666666669
2020-04-12,96.04166666666669,31,0.2440944881889764,0.2440944881889764,0.7165354330708661,0.5511811023622047,0.5826771653543307,0.5039370078740156,0.5084364454443194,0.38950131233595797,2020-04-13,0.2440944881889764,31.0,95.08333333333331
2020-04-13,95.08333333333331,31,0.2440944881889764,0.2440944881889764,0.2440944881889764,0.7165354330708661,0.2755905511811024,0.4015748031496062,0.4600674915635545,0.3934383202099737,2020-04-14,0.48031496062992124,61.0,182.375
2020-04-14,182.375,61,0.48031496062992124,0.48031496062992124,0.2440944881889764,0.2440944881889764,0.7086614173228346,0.3228346456692912,0.4893138357705286,0.3884514435695538,2020-04-15,0.36220472440944884,46.0,138.70833333333334
2020-04-15,138.70833333333334,46,0.36220472440944884,0.36220472440944884,0.48031496062992124,0.2440944881889764,0.48031496062992124,0.3622047244094487,0.4398200224971878,0.3892388451443569,2020-04-16,0.5275590551181102,67.0,201.16666666666663
2020-04-16,201.16666666666663,67,0.5275590551181102,0.5275590551181102,0.36220472440944884,0.48031496062992124,0.5511811023622047,0.4566929133858266,0.4465691788526434,0.3926509186351706,2020-04-17,0.18110236220472442,23.0,70.125
2020-04-17,70.125,23,0.18110236220472442,0.18110236220472442,0.5275590551181102,0.36220472440944884,0.7165354330708661,0.35695538057742765,0.3937007874015748,0.39133858267716537,2020-04-18,0.7952755905511811,101.0,299.7916666666667
2020-04-18,299.7916666666667,101,0.7952755905511811,0.7952755905511811,0.18110236220472442,0.5275590551181102,0.2440944881889764,0.5013123359580051,0.4049493813273341,0.4139107611548557,2020-04-19,0.4566929133858268,58.0,173.45833333333334
2020-04-19,173.45833333333334,58,0.4566929133858268,0.4566929133858268,0.7952755905511811,0.18110236220472442,0.2440944881889764,0.47769028871391067,0.43532058492688414,0.41942257217847767,2020-04-20,0.7952755905511811,101.0,301.625
2020-04-20,301.625,101,0.7952755905511811,0.7952755905511811,0.4566929133858268,0.7952755905511811,0.48031496062992124,0.6824146981627295,0.5140607424071991,0.42703412073490815,2020-04-21,0.5590551181102362,71.0,213.66666666666663
2020-04-21,213.66666666666663,71,0.5590551181102362,0.5590551181102362,0.7952755905511811,0.4566929133858268,0.36220472440944884,0.6036745406824146,0.5253093363329584,0.4301837270341207,2020-04-22,0.2204724409448819,28.0,86.58333333333333
2020-04-22,86.58333333333333,28,0.2204724409448819,0.2204724409448819,0.5590551181102362,0.7952755905511811,0.5275590551181102,0.5249343832020995,0.5050618672665916,0.4304461942257218,2020-04-23,0.14960629921259844,19.0,59.083333333333336
2020-04-23,59.083333333333336,19,0.14960629921259844,0.14960629921259844,0.2204724409448819,0.5590551181102362,0.18110236220472442,0.3097112860892387,0.4510686164229471,0.4283464566929134,2020-04-24,0.5039370078740157,64.0,192.79166666666663
2020-04-24,192.79166666666663,64,0.5039370078740157,0.5039370078740157,0.14960629921259844,0.2204724409448819,0.7952755905511811,0.2913385826771652,0.4971878515185602,0.42309711286089235,2020-04-25,0.4251968503937008,54.0,162.16666666666666
2020-04-25,162.16666666666666,54,0.4251968503937008,0.4251968503937008,0.5039370078740157,0.14960629921259844,0.4566929133858268,0.3595800524934381,0.4443194600674915,0.42992125984251967,2020-04-26,0.5590551181102362,71.0,212.95833333333331
2020-04-26,212.95833333333331,71,0.5590551181102362,0.5590551181102362,0.4251968503937008,0.5039370078740157,0.7952755905511811,0.4960629921259841,0.45894263217097864,0.4385826771653543,2020-04-27,0.7559055118110236,96.0,284.875
2020-04-27,284.875,96,0.7559055118110236,0.7559055118110236,0.5590551181102362,0.4251968503937008,0.5590551181102362,0.5800524934383201,0.453318335208099,0.4608923884514436,2020-04-28,0.7244094488188977,92.0,274.5416666666667
2020-04-28,274.5416666666667,92,0.7244094488188977,0.7244094488188977,0.7559055118110236,0.5590551181102362,0.2204724409448819,0.679790026246719,0.47694038245219345,0.47506561679790027,2020-04-29,0.1889763779527559,24.0,74.5
2020-04-29,74.5,24,0.1889763779527559,0.1889763779527559,0.7244094488188977,0.7559055118110236,0.14960629921259844,0.5564304461942257,0.47244094488188976,0.4779527559055118,2020-04-30,0.25984251968503935,33.0,99.0
2020-04-30,99.0,33,0.25984251968503935,0.25984251968503935,0.1889763779527559,0.7244094488188977,0.5039370078740157,0.3910761154855642,0.4881889763779528,0.48241469816272964,2020-05-01,0.8661417322834646,110.0,327.25
2020-05-01,327.25,110,0.8661417322834646,0.8661417322834646,0.25984251968503935,0.1889763779527559,0.4251968503937008,0.4383202099737531,0.5399325084364455,0.5020997375328083,2020-05-02,0.5669291338582677,72.0,215.04166666666663
2020-05-02,215.04166666666663,72,0.5669291338582677,0.5669291338582677,0.8661417322834646,0.25984251968503935,0.5590551181102362,0.564304461942257,0.5601799775028121,0.4963254593175853,2020-05-03,0.7716535433070866,98.0,290.875
2020-05-03,290.875,98,0.7716535433070866,0.7716535433070866,0.5669291338582677,0.8661417322834646,0.7559055118110236,0.7349081364829395,0.5905511811023622,0.49711286089238843,2020-05-04,0.7244094488188977,92.0,275.3333333333333
2020-05-04,275.3333333333333,92,0.7244094488188977,0.7244094488188977,0.7716535433070866,0.5669291338582677,0.7244094488188977,0.6876640419947505,0.5860517435320585,0.5094488188976378,2020-05-05,0.36220472440944884,46.0,138.70833333333334
2020-05-05,138.70833333333334,46,0.36220472440944884,0.36220472440944884,0.7244094488188977,0.7716535433070866,0.1889763779527559,0.6194225721784775,0.5343082114735658,0.5013123359580053,2020-05-06,0.8976377952755905,114.0,338.5833333333333
2020-05-06,338.5833333333333,114,0.8976377952755905,0.8976377952755905,0.36220472440944884,0.7244094488188977,0.25984251968503935,0.6614173228346455,0.6355455568053994,0.5118110236220473,2020-05-07,0.5905511811023622,75.0,224.29166666666663
2020-05-07,224.29166666666663,75,0.5905511811023622,0.5905511811023622,0.8976377952755905,0.36220472440944884,0.8661417322834646,0.616797900262467,0.6827896512935883,0.5223097112860892,2020-05-08,0.5275590551181102,67.0,201.66666666666663
2020-05-08,201.66666666666663,67,0.5275590551181102,0.5275590551181102,0.5905511811023622,0.8976377952755905,0.5669291338582677,0.6719160104986875,0.6344206974128234,0.5162729658792651,2020-05-09,0.5354330708661418,68.0,204.66666666666663
2020-05-09,204.66666666666663,68,0.5354330708661418,0.5354330708661418,0.5275590551181102,0.5905511811023622,0.7716535433070866,0.5511811023622045,0.6299212598425197,0.5181102362204724,2020-05-10,0.3700787401574803,47.0,141.54166666666666
2020-05-10,141.54166666666666,47,0.3700787401574803,0.3700787401574803,0.5354330708661418,0.5275590551181102,0.7244094488188977,0.47769028871391056,0.5725534308211474,0.5120734908136483,2020-05-11,0.36220472440944884,46.0,138.95833333333334
2020-05-11,138.95833333333334,46,0.36220472440944884,0.36220472440944884,0.3700787401574803,0.5354330708661418,0.36220472440944884,0.42257217847769013,0.5208098987626546,0.5002624671916011,2020-05-12,0.9212598425196851,117.0,347.3333333333333
2020-05-12,347.3333333333333,117,0.9212598425196851,0.9212598425196851,0.36220472440944884,0.3700787401574803,0.8976377952755905,0.5511811023622046,0.6006749156355455,0.5228346456692914,2020-05-13,0.937007874015748,119.0,353.2083333333333
2020-05-13,353.2083333333333,119,0.937007874015748,0.937007874015748,0.9212598425196851,0.36220472440944884,0.5905511811023622,0.7401574803149605,0.6062992125984251,0.5459317585301837,2020-05-14,0.16535433070866143,21.0,64.29166666666667
2020-05-14,64.29166666666667,21,0.16535433070866143,0.16535433070866143,0.937007874015748,0.9212598425196851,0.5275590551181102,0.674540682414698,0.545556805399325,0.5354330708661418,2020-05-15,0.4015748031496063,51.0,154.08333333333334
2020-05-15,154.08333333333334,51,0.4015748031496063,0.4015748031496063,0.16535433070866143,0.937007874015748,0.5354330708661418,0.5013123359580051,0.5275590551181103,0.5367454068241471,2020-05-16,0.7401574803149606,94.0,278.4583333333333
2020-05-16,278.4583333333333,94,0.7401574803149606,0.7401574803149606,0.4015748031496063,0.16535433070866143,0.3700787401574803,0.4356955380577426,0.5568053993250844,0.5438320209973753,2020-05-17,0.2047244094488189,26.0,78.95833333333333
2020-05-17,78.95833333333333,26,0.2047244094488189,0.2047244094488189,0.7401574803149606,0.4015748031496063,0.36220472440944884,0.44881889763779514,0.5331833520809899,0.5446194225721785,2020-05-18,0.12598425196850394,16.0,50.25
2020-05-18,50.25,16,0.12598425196850394,0.12598425196850394,0.2047244094488189,0.7401574803149606,0.9212598425196851,0.3569553805774277,0.49943757030371205,0.5223097112860892,2020-05-19,0.31496062992125984,40.0,121.75
2020-05-19,121.75,40,0.31496062992125984,0.31496062992125984,0.12598425196850394,0.2047244094488189,0.937007874015748,0.21522309711286072,0.4128233970753656,0.5175853018372704,2020-05-20,0.8110236220472441,103.0,305.5833333333333
2020-05-20,305.5833333333333,103,0.8110236220472441,0.8110236220472441,0.31496062992125984,0.12598425196850394,0.16535433070866143,0.41732283464566916,0.3948256467941507,0.5181102362204725,2020-05-21,0.8267716535433071,105.0,311.25
2020-05-21,311.25,105,0.8267716535433071,0.8267716535433071,0.8110236220472441,0.31496062992125984,0.4015748031496063,0.6509186351706036,0.4893138357705287,0.5270341207349081,2020-05-22,0.29133858267716534,37.0,111.83333333333331
2020-05-22,111.83333333333331,37,0.29133858267716534,0.29133858267716534,0.8267716535433071,0.8110236220472441,0.7401574803149606,0.6430446194225721,0.47356580427446565,0.5293963254593176,2020-05-23,0.49606299212598426,63.0,187.625
2020-05-23,187.625,63,0.49606299212598426,0.49606299212598426,0.29133858267716534,0.8267716535433071,0.2047244094488189,0.5380577427821521,0.43869516310461193,0.5409448818897639,2020-05-24,0.8031496062992126,102.0,303.0833333333333
2020-05-24,303.0833333333333,102,0.8031496062992126,0.8031496062992126,0.49606299212598426,0.29133858267716534,0.12598425196850394,0.5301837270341205,0.5241844769403824,0.5509186351706037,2020-05-25,0.7716535433070866,98.0,290.2916666666667
2020-05-25,290.2916666666667,98,0.7716535433070866,0.7716535433070866,0.8031496062992126,0.49606299212598426,0.31496062992125984,0.690288713910761,0.6164229471316086,0.5624671916010499,2020-05-26,0.8582677165354331,109.0,322.9166666666667
2020-05-26,322.9166666666667,109,0.8582677165354331,0.8582677165354331,0.7716535433070866,0.8031496062992126,0.8110236220472441,0.811023622047244,0.6940382452193476,0.5724409448818898,2020-05-27,0.49606299212598426,63.0,187.70833333333331
2020-05-27,187.70833333333331,63,0.49606299212598426,0.49606299212598426,0.8582677165354331,0.7716535433070866,0.8267716535433071,0.7086614173228344,0.6490438695163105,0.563779527559055,2020-05-28,0.5748031496062992,73.0,217.20833333333331
2020-05-28,217.20833333333331,73,0.5748031496062992,0.5748031496062992,0.49606299212598426,0.8582677165354331,0.29133858267716534,0.643044619422572,0.6130483689538808,0.5587926509186352,2020-05-29,0.44881889763779526,57.0,169.95833333333334
2020-05-29,169.95833333333334,57,0.44881889763779526,0.44881889763779526,0.5748031496062992,0.49606299212598426,0.49606299212598426,0.5065616797900261,0.6355455568053993,0.5674540682414698,2020-05-30,0.7559055118110236,96.0,287.0833333333333
2020-05-30,287.0833333333333,96,0.7559055118110236,0.7559055118110236,0.44881889763779526,0.5748031496062992,0.8031496062992126,0.5931758530183725,0.672665916760405,0.583989501312336,2020-05-31,0.984251968503937,125.0,370.9166666666667
2020-05-31,370.9166666666667,125,0.984251968503937,0.984251968503937,0.7559055118110236,0.44881889763779526,0.7716535433070866,0.7296587926509185,0.6985376827896513,0.5879265091863517,2020-06-01,0.8661417322834646,110.0,325.5416666666667
2020-06-01,325.5416666666667,110,0.8661417322834646,0.8661417322834646,0.984251968503937,0.7559055118110236,0.8582677165354331,0.8687664041994748,0.7120359955005624,0.5979002624671916,2020-06-02,0.8818897637795275,112.0,331.6666666666667
2020-06-02,331.6666666666667,112,0.8818897637795275,0.8818897637795275,0.8661417322834646,0.984251968503937,0.49606299212598426,0.9107611548556429,0.7154105736782902,0.6015748031496063,2020-06-03,0.7165354330708661,91.0,270.125
2020-06-03,270.125,91,0.7165354330708661,0.7165354330708661,0.8818897637795275,0.8661417322834646,0.5748031496062992,0.8215223097112858,0.7469066366704161,0.6013123359580053,2020-06-04,0.7086614173228346,90.0,267.0
2020-06-04,267.0,90,0.7086614173228346,0.7086614173228346,0.7165354330708661,0.8818897637795275,0.44881889763779526,0.7690288713910759,0.766029246344207,0.6128608923884514,2020-06-05,0.7952755905511811,101.0,300.625
2020-06-05,300.625,101,0.7952755905511811,0.7952755905511811,0.7086614173228346,0.7165354330708661,0.7559055118110236,0.7401574803149605,0.8155230596175478,0.6094488188976378,2020-06-06,0.8818897637795275,112.0,333.4166666666667
2020-06-06,333.4166666666667,112,0.8818897637795275,0.8818897637795275,0.7952755905511811,0.7086614173228346,0.984251968503937,0.7952755905511809,0.8335208098987626,0.6191601049868766,2020-06-07,0.952755905511811,121.0,358.5
2020-06-07,358.5,121,0.952755905511811,0.952755905511811,0.8818897637795275,0.7952755905511811,0.8661417322834646,0.8766404199475063,0.829021372328459,0.6333333333333333,2020-06-08,0.9291338582677166,118.0,349.0
2020-06-08,349.0,118,0.9291338582677166,0.9291338582677166,0.952755905511811,0.8818897637795275,0.8818897637795275,0.9212598425196848,0.8380202474690664,0.6464566929133858,2020-06-09,0.8110236220472441,103.0,307.5416666666667
2020-06-09,307.5416666666667,103,0.8110236220472441,0.8110236220472441,0.9291338582677166,0.952755905511811,0.7165354330708661,0.8976377952755903,0.8278965129358831,0.6611548556430447,2020-06-10,0.7559055118110236,96.0,284.2916666666667
2020-06-10,284.2916666666667,96,0.7559055118110236,0.7559055118110236,0.8110236220472441,0.9291338582677166,0.7086614173228346,0.832020997375328,0.8335208098987626,0.6742782152230972,2020-06-11,0.968503937007874,123.0,365.6666666666667
2020-06-11,365.6666666666667,123,0.968503937007874,0.968503937007874,0.7559055118110236,0.8110236220472441,0.7952755905511811,0.8451443569553803,0.8706411698537683,0.6758530183727035,2020-06-12,0.8188976377952756,104.0,308.125
2020-06-12,308.125,104,0.8188976377952756,0.8188976377952756,0.968503937007874,0.7559055118110236,0.8818897637795275,0.8477690288713909,0.8740157480314961,0.6719160104986877,2020-06-13,0.9212598425196851,117.0,347.5416666666667
2020-06-13,347.5416666666667,117,0.9212598425196851,0.9212598425196851,0.8188976377952756,0.968503937007874,0.952755905511811,0.9028871391076114,0.8796400449943756,0.6971128608923884,2020-06-14,0.9921259842519685,126.0,373.6666666666667
2020-06-14,373.6666666666667,126,0.9921259842519685,0.9921259842519685,0.9212598425196851,0.8188976377952756,0.9291338582677166,0.9107611548556429,0.8852643419572553,0.7167979002624671,2020-06-15,0.952755905511811,121.0,358.4583333333333
2020-06-15,358.4583333333333,121,0.952755905511811,0.952755905511811,0.9921259842519685,0.9212598425196851,0.8110236220472441,0.9553805774278213,0.888638920134983,0.7238845144356956,2020-06-16,0.952755905511811,121.0,359.0416666666667
2020-06-16,359.0416666666667,121,0.952755905511811,0.952755905511811,0.952755905511811,0.9921259842519685,0.7559055118110236,0.9658792650918633,0.9088863892013498,0.7488188976377953,2020-06-17,0.9763779527559056,124.0,369.2916666666667
2020-06-17,369.2916666666667,124,0.9763779527559056,0.9763779527559056,0.952755905511811,0.952755905511811,0.968503937007874,0.9606299212598423,0.9403824521934758,0.7771653543307087,2020-06-18,0.8582677165354331,109.0,324.6666666666667
2020-06-18,324.6666666666667,109,0.8582677165354331,0.8582677165354331,0.9763779527559056,0.952755905511811,0.8188976377952756,0.9291338582677163,0.9246344206974129,0.7952755905511811,2020-06-19,0.8740157480314961,111.0,329.5833333333333
2020-06-19,329.5833333333333,111,0.8740157480314961,0.8740157480314961,0.8582677165354331,0.9763779527559056,0.9212598425196851,0.9028871391076114,0.9325084364454445,0.7973753280839895,2020-06-20,0.889763779527559,113.0,337.1666666666667
2020-06-20,337.1666666666667,113,0.889763779527559,0.889763779527559,0.8740157480314961,0.8582677165354331,0.9921259842519685,0.8740157480314958,0.9280089988751407,0.7994750656167979,2020-06-21,0.3937007874015748,50.0,150.20833333333334
2020-06-21,150.20833333333334,50,0.3937007874015748,0.3937007874015748,0.889763779527559,0.8740157480314961,0.952755905511811,0.7191601049868765,0.8425196850393701,0.8028871391076114,2020-06-22,0.6220472440944882,79.0,235.20833333333331
2020-06-22,235.20833333333331,79,0.6220472440944882,0.6220472440944882,0.3937007874015748,0.889763779527559,0.952755905511811,0.6351706036745405,0.7952755905511812,0.8070866141732282,2020-06-23,0.6141732283464567,78.0,231.875
2020-06-23,231.875,78,0.6141732283464567,0.6141732283464567,0.6220472440944882,0.3937007874015748,0.9763779527559056,0.543307086614173,0.7469066366704162,0.8007874015748032,2020-06-24,0.5826771653543307,74.0,220.41666666666663
2020-06-24,220.41666666666663,74,0.5826771653543307,0.5826771653543307,0.6141732283464567,0.6220472440944882,0.8582677165354331,0.606299212598425,0.6906636670416199,0.7944881889763781,2020-06-25,0.7874015748031497,100.0,298.8333333333333
2020-06-25,298.8333333333333,100,0.7874015748031497,0.7874015748031497,0.5826771653543307,0.6141732283464567,0.8740157480314961,0.6614173228346455,0.6805399325084365,0.7921259842519686,2020-06-26,0.6850393700787402,87.0,259.5
2020-06-26,259.5,87,0.6850393700787402,0.6850393700787402,0.7874015748031497,0.5826771653543307,0.889763779527559,0.6850393700787399,0.6535433070866141,0.7984251968503937,2020-06-27,0.5669291338582677,72.0,214.08333333333331
2020-06-27,214.08333333333331,72,0.5669291338582677,0.5669291338582677,0.6850393700787402,0.7874015748031497,0.3937007874015748,0.679790026246719,0.607424071991001,0.7981627296587926,2020-06-28,0.9133858267716536,116.0,344.0
2020-06-28,344.0,116,0.9133858267716536,0.9133858267716536,0.5669291338582677,0.6850393700787402,0.6220472440944882,0.7217847769028869,0.6816647919010125,0.8136482939632546,2020-06-29,0.9448818897637795,120.0,355.7083333333333
2020-06-29,355.7083333333333,120,0.9448818897637795,0.9448818897637795,0.9133858267716536,0.5669291338582677,0.6141732283464567,0.8083989501312333,0.7277840269966254,0.8199475065616798,2020-06-30,0.9448818897637795,120.0,355.8333333333333
2020-06-30,355.8333333333333,120,0.9448818897637795,0.9448818897637795,0.9448818897637795,0.9133858267716536,0.5826771653543307,0.9343832020997374,0.7750281214848144,0.8186351706036745,2020-07-01,0.9291338582677166,118.0,351.125
2020-07-01,351.125,118,0.9291338582677166,0.9291338582677166,0.9448818897637795,0.9448818897637795,0.7874015748031497,0.9396325459317584,0.8245219347581553,0.820734908136483,2020-07-02,0.937007874015748,119.0,354.0416666666667
2020-07-02,354.0416666666667,119,0.937007874015748,0.937007874015748,0.9291338582677166,0.9448818897637795,0.6850393700787402,0.9370078740157478,0.8458942632170977,0.8225721784776903,2020-07-03,0.8346456692913385,106.0,316.5833333333333
2020-07-03,316.5833333333333,106,0.8346456692913385,0.8346456692913385,0.937007874015748,0.9291338582677166,0.5669291338582677,0.9002624671916007,0.8672665916760405,0.826509186351706,2020-07-04,0.8818897637795275,112.0,332.4583333333333
2020-07-04,332.4583333333333,112,0.8818897637795275,0.8818897637795275,0.8346456692913385,0.937007874015748,0.9133858267716536,0.8845144356955378,0.9122609673790777,0.8322834645669291,2020-07-05,0.9291338582677166,118.0,351.4166666666667
2020-07-05,351.4166666666667,118,0.9291338582677166,0.9291338582677166,0.8818897637795275,0.8346456692913385,0.9448818897637795,0.8818897637795273,0.9145106861642295,0.8367454068241469,2020-07-06,0.8661417322834646,110.0,327.5
2020-07-06,327.5,110,0.8661417322834646,0.8661417322834646,0.9291338582677166,0.8818897637795275,0.9448818897637795,0.8923884514435693,0.9032620922384701,0.8362204724409449,2020-07-07,0.8110236220472441,103.0,305.875
2020-07-07,305.875,103,0.8110236220472441,0.8110236220472441,0.8661417322834646,0.9291338582677166,0.9291338582677166,0.8687664041994748,0.8841394825646793,0.8314960629921261,2020-07-08,0.6377952755905512,81.0,242.66666666666663
2020-07-08,242.66666666666663,81,0.6377952755905512,0.6377952755905512,0.8110236220472441,0.8661417322834646,0.937007874015748,0.7716535433070865,0.84251968503937,0.8217847769028872,2020-07-09,0.8661417322834646,110.0,326.0
2020-07-09,326.0,110,0.8661417322834646,0.8661417322834646,0.6377952755905512,0.8110236220472441,0.8346456692913385,0.7716535433070865,0.8323959505061868,0.8236220472440945,2020-07-10,0.4645669291338583,59.0,177.95833333333334
2020-07-10,177.95833333333334,59,0.4645669291338583,0.4645669291338583,0.8661417322834646,0.6377952755905512,0.8818897637795275,0.6561679790026245,0.7795275590551182,0.8139107611548557,2020-07-11,0.8346456692913385,106.0,316.375
2020-07-11,316.375,106,0.8346456692913385,0.8346456692913385,0.4645669291338583,0.8661417322834646,0.9291338582677166,0.7217847769028869,0.7727784026996625,0.8094488188976378,2020-07-12,0.7086614173228346,90.0,269.4583333333333
2020-07-12,269.4583333333333,90,0.7086614173228346,0.7086614173228346,0.8346456692913385,0.4645669291338583,0.8661417322834646,0.6692913385826769,0.7412823397075365,0.8057742782152232,2020-07-13,0.7007874015748031,89.0,264.125
2020-07-13,264.125,89,0.7007874015748031,0.7007874015748031,0.7086614173228346,0.8346456692913385,0.8110236220472441,0.7480314960629918,0.7176602924634421,0.7984251968503937,2020-07-14,0.7559055118110236,96.0,286.2916666666667
2020-07-14,286.2916666666667,96,0.7559055118110236,0.7559055118110236,0.7007874015748031,0.7086614173228346,0.6377952755905512,0.7217847769028869,0.7097862767154106,0.7905511811023622,2020-07-15,0.7795275590551181,99.0,294.625
2020-07-15,294.625,99,0.7795275590551181,0.7795275590551181,0.7559055118110236,0.7007874015748031,0.8661417322834646,0.7454068241469813,0.7300337457817773,0.7847769028871391,2020-07-16,0.23622047244094488,30.0,91.83333333333331
2020-07-16,91.83333333333331,30,0.23622047244094488,0.23622047244094488,0.7795275590551181,0.7559055118110236,0.4645669291338583,0.5905511811023619,0.6400449943757031,0.7608923884514436,2020-07-17,0.9133858267716536,116.0,345.125
2020-07-17,345.125,116,0.9133858267716536,0.9133858267716536,0.23622047244094488,0.7795275590551181,0.8346456692913385,0.643044619422572,0.7041619797525309,0.7587926509186352,2020-07-18,0.8031496062992126,102.0,302.0833333333333
2020-07-18,302.0833333333333,102,0.8031496062992126,0.8031496062992126,0.9133858267716536,0.23622047244094488,0.7086614173228346,0.6509186351706034,0.6996625421822271,0.756955380577428,2020-07-19,0.2125984251968504,27.0,83.08333333333333
2020-07-19,83.08333333333333,27,0.2125984251968504,0.2125984251968504,0.8031496062992126,0.9133858267716536,0.7007874015748031,0.643044619422572,0.6287964004499438,0.7349081364829396,2020-07-20,0.7952755905511811,101.0,301.3333333333333
2020-07-20,301.3333333333333,101,0.7952755905511811,0.7952755905511811,0.2125984251968504,0.8031496062992126,0.7559055118110236,0.6036745406824146,0.6422947131608548,0.731758530183727,2020-07-21,0.5433070866141733,69.0,207.58333333333331
2020-07-21,207.58333333333331,69,0.5433070866141733,0.5433070866141733,0.7952755905511811,0.2125984251968504,0.7795275590551181,0.517060367454068,0.6119235095613048,0.736745406824147,2020-07-22,0.5826771653543307,74.0,221.83333333333331
2020-07-22,221.83333333333331,74,0.5826771653543307,0.5826771653543307,0.5433070866141733,0.7952755905511811,0.23622047244094488,0.6404199475065614,0.5838020247469066,0.7354330708661417,2020-07-23,0.5511811023622047,70.0,208.20833333333331
2020-07-23,208.20833333333331,70,0.5511811023622047,0.5511811023622047,0.5826771653543307,0.5433070866141733,0.9133858267716536,0.559055118110236,0.6287964004499438,0.7333333333333332,2020-07-24,0.905511811023622,115.0,342.125
2020-07-24,342.125,115,0.905511811023622,0.905511811023622,0.5511811023622047,0.5826771653543307,0.8031496062992126,0.679790026246719,0.6276715410573679,0.7440944881889763,2020-07-25,0.8346456692913385,106.0,314.7083333333333
2020-07-25,314.7083333333333,106,0.8346456692913385,0.8346456692913385,0.905511811023622,0.5511811023622047,0.2125984251968504,0.763779527559055,0.6321709786276715,0.7456692913385827,2020-07-26,0.7874015748031497,100.0,296.0833333333333
2020-07-26,296.0833333333333,100,0.7874015748031497,0.7874015748031497,0.8346456692913385,0.905511811023622,0.7952755905511811,0.8425196850393699,0.7142857142857143,0.7490813648293962,2020-07-27,0.4881889763779528,62.0,185.33333333333331
2020-07-27,185.33333333333331,62,0.4881889763779528,0.4881889763779528,0.7874015748031497,0.8346456692913385,0.5433070866141733,0.7034120734908135,0.6704161979752531,0.7464566929133858,2020-07-28,0.7874015748031497,100.0,297.7916666666667
2020-07-28,297.7916666666667,100,0.7874015748031497,0.7874015748031497,0.4881889763779528,0.7874015748031497,0.5826771653543307,0.6876640419947505,0.7052868391451069,0.742257217847769,2020-07-29,0.7007874015748031,89.0,264.625
2020-07-29,264.625,89,0.7007874015748031,0.7007874015748031,0.7874015748031497,0.4881889763779528,0.5511811023622047,0.658792650918635,0.7221597300337458,0.7341207349081366,2020-07-30,0.6614173228346457,84.0,249.79166666666663
2020-07-30,249.79166666666663,84,0.6614173228346457,0.6614173228346457,0.7007874015748031,0.7874015748031497,0.905511811023622,0.7165354330708661,0.7379077615298087,0.7246719160104986,2020-07-31,0.7559055118110236,96.0,284.7916666666667
2020-07-31,284.7916666666667,96,0.7559055118110236,0.7559055118110236,0.6614173228346457,0.7007874015748031,0.8346456692913385,0.7060367454068239,0.7165354330708661,0.7188976377952756,2020-08-01,0.2992125984251969,38.0,115.66666666666669
2020-08-01,115.66666666666669,38,0.2992125984251969,0.2992125984251969,0.7559055118110236,0.6614173228346457,0.7874015748031497,0.5721784776902884,0.6400449943757031,0.6976377952755907,2020-08-02,0.1968503937007874,25.0,76.79166666666667
2020-08-02,76.79166666666667,25,0.1968503937007874,0.1968503937007874,0.2992125984251969,0.7559055118110236,0.4881889763779528,0.41732283464566905,0.5556805399325084,0.6763779527559054,2020-08-03,0.5826771653543307,74.0,220.625
2020-08-03,220.625,74,0.5826771653543307,0.5826771653543307,0.1968503937007874,0.2992125984251969,0.7874015748031497,0.3595800524934381,0.5691788526434196,0.6664041994750656,2020-08-04,0.4409448818897638,56.0,168.625
2020-08-04,168.625,56,0.4409448818897638,0.4409448818897638,0.5826771653543307,0.1968503937007874,0.7007874015748031,0.406824146981627,0.5196850393700787,0.6501312335958006,2020-08-05,0.7480314960629921,95.0,281.875
2020-08-05,281.875,95,0.7480314960629921,0.7480314960629921,0.4409448818897638,0.5826771653543307,0.6614173228346457,0.5905511811023619,0.5264341957255343,0.6461942257217849,2020-08-06,0.8346456692913385,106.0,314.125
2020-08-06,314.125,106,0.8346456692913385,0.8346456692913385,0.7480314960629921,0.4409448818897638,0.7559055118110236,0.6745406824146979,0.5511811023622047,0.6469816272965879,2020-08-07,0.8503937007874016,108.0,320.4166666666667
2020-08-07,320.4166666666667,108,0.8503937007874016,0.8503937007874016,0.8346456692913385,0.7480314960629921,0.2992125984251969,0.8110236220472439,0.5646794150731159,0.6540682414698161,2020-08-08,0.8346456692913385,106.0,316.0
2020-08-08,316.0,106,0.8346456692913385,0.8346456692913385,0.8503937007874016,0.8346456692913385,0.1968503937007874,0.8398950131233592,0.641169853768279,0.6530183727034121,2020-08-09,0.7401574803149606,94.0,280.9583333333333
2020-08-09,280.9583333333333,94,0.7401574803149606,0.7401574803149606,0.8346456692913385,0.8503937007874016,0.5826771653543307,0.8083989501312333,0.718785151856018,0.6622047244094488,2020-08-10,0.7086614173228346,90.0,268.5
2020-08-10,268.5,90,0.7086614173228346,0.7086614173228346,0.7401574803149606,0.8346456692913385,0.4409448818897638,0.7611548556430444,0.7367829021372329,0.6580052493438321,2020-08-11,0.6929133858267716,88.0,263.125
2020-08-11,263.125,88,0.6929133858267716,0.6929133858267716,0.7086614173228346,0.7401574803149606,0.7480314960629921,0.7139107611548554,0.7727784026996626,0.6574803149606299,2020-08-12,0.7874015748031497,100.0,296.875
2020-08-12,296.875,100,0.7874015748031497,0.7874015748031497,0.6929133858267716,0.7086614173228346,0.8346456692913385,0.7296587926509185,0.7784026996625422,0.6603674540682415,2020-08-13,0.7086614173228346,90.0,267.25
2020-08-13,267.25,90,0.7086614173228346,0.7086614173228346,0.7874015748031497,0.6929133858267716,0.8503937007874016,0.7296587926509184,0.7604049493813273,0.6587926509186351,2020-08-14,0.5039370078740157,64.0,190.33333333333331
2020-08-14,190.33333333333331,64,0.5039370078740157,0.5039370078740157,0.7086614173228346,0.7874015748031497,0.8346456692913385,0.6666666666666664,0.7109111361079865,0.6496062992125984,2020-08-15,0.7086614173228346,90.0,269.0416666666667
2020-08-15,269.0416666666667,90,0.7086614173228346,0.7086614173228346,0.5039370078740157,0.7086614173228346,0.7401574803149606,0.6404199475065614,0.6929133858267716,0.6653543307086613,2020-08-16,0.5118110236220472,65.0,193.33333333333331
2020-08-16,193.33333333333331,65,0.5118110236220472,0.5118110236220472,0.7086614173228346,0.5039370078740157,0.7086614173228346,0.574803149606299,0.6602924634420697,0.6519685039370079,2020-08-17,0.6220472440944882,79.0,235.25
2020-08-17,235.25,79,0.6220472440944882,0.6220472440944882,0.5118110236220472,0.7086614173228346,0.6929133858267716,0.6141732283464564,0.6479190101237345,0.6459317585301837,2020-08-18,0.7244094488188977,92.0,275.3333333333333
2020-08-18,275.3333333333333,92,0.7244094488188977,0.7244094488188977,0.6220472440944882,0.5118110236220472,0.7874015748031497,0.6194225721784775,0.6524184476940382,0.662992125984252,2020-08-19,0.6929133858267716,88.0,263.625
2020-08-19,263.625,88,0.6929133858267716,0.6929133858267716,0.7244094488188977,0.6220472440944882,0.7086614173228346,0.679790026246719,0.6389201349831272,0.6595800524934383,2020-08-20,0.7795275590551181,99.0,294.125
2020-08-20,294.125,99,0.7795275590551181,0.7795275590551181,0.6929133858267716,0.7244094488188977,0.5039370078740157,0.7322834645669288,0.6490438695163104,0.6674540682414698,2020-08-21,0.7637795275590551,97.0,289.2916666666667
2020-08-21,289.2916666666667,97,0.7637795275590551,0.7637795275590551,0.7795275590551181,0.6929133858267716,0.7086614173228346,0.7454068241469813,0.6861642294713162,0.673490813648294,2020-08-22,0.7637795275590551,97.0,287.7916666666667
2020-08-22,287.7916666666667,97,0.7637795275590551,0.7637795275590551,0.7637795275590551,0.7795275590551181,0.5118110236220472,0.7690288713910758,0.6940382452193475,0.6805774278215223,2020-08-23,0.6850393700787402,87.0,258.7916666666667
2020-08-23,258.7916666666667,87,0.6850393700787402,0.6850393700787402,0.7637795275590551,0.7637795275590551,0.6220472440944882,0.7375328083989499,0.718785151856018,0.6732283464566929,2020-08-24,0.6692913385826772,85.0,253.58333333333331
2020-08-24,253.58333333333331,85,0.6692913385826772,0.6692913385826772,0.6850393700787402,0.7637795275590551,0.7244094488188977,0.7060367454068239,0.7255343082114736,0.6677165354330709,2020-08-25,0.5433070866141733,69.0,205.375
2020-08-25,205.375,69,0.5433070866141733,0.5433070866141733,0.6692913385826772,0.6850393700787402,0.6929133858267716,0.6325459317585299,0.6996625421822272,0.6595800524934384,2020-08-26,0.41732283464566927,53.0,159.66666666666666
2020-08-26,159.66666666666666,53,0.41732283464566927,0.41732283464566927,0.5433070866141733,0.6692913385826772,0.7795275590551181,0.543307086614173,0.6602924634420697,0.6572178477690289,2020-08-27,0.6299212598425197,80.0,239.54166666666663
2020-08-27,239.54166666666663,80,0.6299212598425197,0.6299212598425197,0.41732283464566927,0.5433070866141733,0.7637795275590551,0.5301837270341205,0.6389201349831272,0.6519685039370079,2020-08-28,0.1732283464566929,22.0,68.41666666666667
2020-08-28,68.41666666666667,22,0.1732283464566929,0.1732283464566929,0.6299212598425197,0.41732283464566927,0.7637795275590551,0.4068241469816271,0.5545556805399324,0.6343832020997375,2020-08-29,0.5669291338582677,72.0,216.625
2020-08-29,216.625,72,0.5669291338582677,0.5669291338582677,0.1732283464566929,0.6299212598425197,0.6850393700787402,0.45669291338582657,0.5264341957255343,0.631233595800525,2020-08-30,0.6220472440944882,79.0,234.70833333333331
2020-08-30,234.70833333333331,79,0.6220472440944882,0.6220472440944882,0.5669291338582677,0.1732283464566929,0.6692913385826772,0.45406824146981606,0.5174353205849269,0.6267716535433071,2020-08-31,0.7086614173228346,90.0,267.6666666666667
2020-08-31,267.6666666666667,90,0.7086614173228346,0.7086614173228346,0.6220472440944882,0.5669291338582677,0.5433070866141733,0.6325459317585299,0.5230596175478065,0.6404199475065616,2020-09-01,0.5354330708661418,68.0,203.375
2020-09-01,203.375,68,0.5354330708661418,0.5354330708661418,0.7086614173228346,0.6220472440944882,0.41732283464566927,0.622047244094488,0.5219347581552306,0.6517060367454068,2020-09-02,0.3779527559055118,48.0,143.29166666666666
2020-09-02,143.29166666666666,48,0.3779527559055118,0.3779527559055118,0.5354330708661418,0.7086614173228346,0.6299212598425197,0.5406824146981625,0.5163104611923509,0.6448818897637796,2020-09-03,0.6692913385826772,85.0,251.95833333333331
2020-09-03,251.95833333333331,85,0.6692913385826772,0.6692913385826772,0.3779527559055118,0.5354330708661418,0.1732283464566929,0.5275590551181101,0.5219347581552306,0.6524934383202099,2020-09-04,0.7322834645669292,93.0,276.2083333333333
2020-09-04,276.2083333333333,93,0.7322834645669292,0.7322834645669292,0.6692913385826772,0.3779527559055118,0.5669291338582677,0.5931758530183725,0.6017997750281215,0.6519685039370078,2020-09-05,0.36220472440944884,46.0,137.91666666666666
2020-09-05,137.91666666666666,46,0.36220472440944884,0.36220472440944884,0.7322834645669292,0.6692913385826772,0.6220472440944882,0.5879265091863514,0.5725534308211474,0.6362204724409449,2020-09-06,0.33858267716535434,43.0,128.54166666666666
2020-09-06,128.54166666666666,43,0.33858267716535434,0.33858267716535434,0.36220472440944884,0.7322834645669292,0.7086614173228346,0.4776902887139105,0.532058492688414,0.6191601049868767,2020-09-07,0.47244094488188976,60.0,181.08333333333331
2020-09-07,181.08333333333331,60,0.47244094488188976,0.47244094488188976,0.33858267716535434,0.36220472440944884,0.5354330708661418,0.39107611548556404,0.4983127109111361,0.6070866141732283,2020-09-08,0.1889763779527559,24.0,73.04166666666667
2020-09-08,73.04166666666667,24,0.1889763779527559,0.1889763779527559,0.47244094488188976,0.33858267716535434,0.3779527559055118,0.3333333333333331,0.4488188976377953,0.588713910761155,2020-09-09,0.25196850393700787,32.0,97.45833333333331
2020-09-09,97.45833333333331,32,0.25196850393700787,0.25196850393700787,0.1889763779527559,0.47244094488188976,0.6692913385826772,0.3044619422572176,0.4308211473565805,0.5734908136482939,2020-09-10,0.1732283464566929,22.0,68.375
2020-09-10,68.375,22,0.1732283464566929,0.1732283464566929,0.25196850393700787,0.1889763779527559,0.7322834645669292,0.20472440944881864,0.35995500562429694,0.5561679790026247,2020-09-11,0.6535433070866141,83.0,246.875
2020-09-11,246.875,83,0.6535433070866141,0.6535433070866141,0.1732283464566929,0.25196850393700787,0.36220472440944884,0.35958005249343805,0.3487064116985377,0.5517060367454067,2020-09-12,0.5748031496062992,73.0,218.54166666666663
2020-09-12,218.54166666666663,73,0.5748031496062992,0.5748031496062992,0.6535433070866141,0.1732283464566929,0.33858267716535434,0.4671916010498685,0.3790776152980877,0.547244094488189,2020-09-13,0.5984251968503937,76.0,228.08333333333331
2020-09-13,228.08333333333331,76,0.5984251968503937,0.5984251968503937,0.5748031496062992,0.6535433070866141,0.47244094488188976,0.6089238845144355,0.4161979752530934,0.5503937007874016,2020-09-14,0.5669291338582677,72.0,215.04166666666663
2020-09-14,215.04166666666663,72,0.5669291338582677,0.5669291338582677,0.5984251968503937,0.5748031496062992,0.1889763779527559,0.5800524934383199,0.4296962879640045,0.5456692913385827,2020-09-15,0.5826771653543307,74.0,221.16666666666663
2020-09-15,221.16666666666663,74,0.5826771653543307,0.5826771653543307,0.5669291338582677,0.5984251968503937,0.25196850393700787,0.5826771653543305,0.4859392575928009,0.5480314960629921,2020-09-16,0.5669291338582677,72.0,216.16666666666663
2020-09-16,216.16666666666663,72,0.5669291338582677,0.5669291338582677,0.5826771653543307,0.5669291338582677,0.1732283464566929,0.5721784776902884,0.530933633295838,0.5461942257217847,2020-09-17,0.6456692913385826,82.0,244.04166666666663
2020-09-17,244.04166666666663,82,0.6456692913385826,0.6456692913385826,0.5669291338582677,0.5826771653543307,0.6535433070866141,0.5984251968503934,0.5984251968503936,0.5435695538057743,2020-09-18,0.5905511811023622,75.0,223.0
2020-09-18,223.0,75,0.5905511811023622,0.5905511811023622,0.6456692913385826,0.5669291338582677,0.5748031496062992,0.6010498687664039,0.5894263217097863,0.5401574803149606,2020-09-19,0.6535433070866141,83.0,246.29166666666663
2020-09-19,246.29166666666663,83,0.6535433070866141,0.6535433070866141,0.5905511811023622,0.6456692913385826,0.5984251968503937,0.6299212598425195,0.6006749156355455,0.5359580052493438,2020-09-20,0.6377952755905512,81.0,243.08333333333331
2020-09-20,243.08333333333331,81,0.6377952755905512,0.6377952755905512,0.6535433070866141,0.5905511811023622,0.5669291338582677,0.6272965879265088,0.6062992125984251,0.531758530183727,2020-09-21,0.6141732283464567,78.0,232.41666666666663
2020-09-21,232.41666666666663,78,0.6141732283464567,0.6141732283464567,0.6377952755905512,0.6535433070866141,0.5826771653543307,0.6351706036745405,0.6130483689538807,0.5267716535433071,2020-09-22,0.49606299212598426,63.0,190.16666666666663
2020-09-22,190.16666666666663,63,0.49606299212598426,0.49606299212598426,0.6141732283464567,0.6377952755905512,0.5669291338582677,0.5826771653543305,0.6006749156355455,0.5204724409448819,2020-09-23,0.5433070866141733,69.0,207.75
2020-09-23,207.75,69,0.5433070866141733,0.5433070866141733,0.49606299212598426,0.6141732283464567,0.6456692913385826,0.5511811023622045,0.5973003374578177,0.5162729658792651,2020-09-24,0.5433070866141733,69.0,207.79166666666663
2020-09-24,207.79166666666663,69,0.5433070866141733,0.5433070866141733,0.5433070866141733,0.49606299212598426,0.5905511811023622,0.5275590551181101,0.5826771653543307,0.5162729658792651,2020-09-25,0.5669291338582677,72.0,213.875
2020-09-25,213.875,72,0.5669291338582677,0.5669291338582677,0.5433070866141733,0.5433070866141733,0.6535433070866141,0.5511811023622045,0.5793025871766029,0.521259842519685,2020-09-26,0.49606299212598426,63.0,187.875
2020-09-26,187.875,63,0.49606299212598426,0.49606299212598426,0.5669291338582677,0.5433070866141733,0.6377952755905512,0.5354330708661416,0.5568053993250844,0.5167979002624672,2020-09-27,0.4881889763779528,62.0,185.125
2020-09-27,185.125,62,0.4881889763779528,0.4881889763779528,0.49606299212598426,0.5669291338582677,0.6141732283464567,0.517060367454068,0.5354330708661418,0.5272965879265092,2020-09-28,0.07874015748031496,10.0,33.125
2020-09-28,33.125,10,0.07874015748031496,0.07874015748031496,0.4881889763779528,0.49606299212598426,0.49606299212598426,0.3543307086614171,0.45894263217097864,0.511023622047244,2020-09-29,0.31496062992125984,40.0,122.41666666666669
2020-09-29,122.41666666666669,40,0.31496062992125984,0.31496062992125984,0.07874015748031496,0.4881889763779528,0.5433070866141733,0.29396325459317557,0.4330708661417323,0.5007874015748032,2020-09-30,0.18110236220472442,23.0,69.875
2020-09-30,69.875,23,0.18110236220472442,0.18110236220472442,0.31496062992125984,0.07874015748031496,0.5433070866141733,0.19160104986876614,0.3813273340832396,0.48320209973753286,2020-10-01,0.3700787401574803,47.0,140.41666666666666
2020-10-01,140.41666666666666,47,0.3700787401574803,0.3700787401574803,0.18110236220472442,0.31496062992125984,0.5669291338582677,0.2887139107611546,0.3565804274465692,0.4776902887139107,2020-10-02,0.4881889763779528,62.0,186.625
2020-10-02,186.625,62,0.4881889763779528,0.4881889763779528,0.3700787401574803,0.18110236220472442,0.49606299212598426,0.3464566929133856,0.3453318335208099,0.48136482939632547,2020-10-03,0.4409448818897638,56.0,167.66666666666666
2020-10-03,167.66666666666666,56,0.4409448818897638,0.4409448818897638,0.4881889763779528,0.3700787401574803,0.4881889763779528,0.433070866141732,0.33745781777277845,0.473753280839895,2020-10-04,0.13385826771653545,17.0,53.75
2020-10-04,53.75,17,0.13385826771653545,0.13385826771653545,0.4409448818897638,0.4881889763779528,0.07874015748031496,0.3543307086614171,0.28683914510686165,0.45380577427821517,2020-10-05,0.5275590551181102,67.0,199.08333333333331
2020-10-05,199.08333333333331,67,0.5275590551181102,0.5275590551181102,0.13385826771653545,0.4409448818897638,0.31496062992125984,0.36745406824146953,0.35095613048368957,0.4593175853018373,2020-10-06,0.44881889763779526,57.0,170.20833333333334
2020-10-06,170.20833333333334,57,0.44881889763779526,0.44881889763779526,0.5275590551181102,0.13385826771653545,0.18110236220472442,0.37007874015748005,0.37007874015748027,0.462992125984252,2020-10-07,0.4566929133858268,58.0,174.41666666666666
2020-10-07,174.41666666666666,58,0.4566929133858268,0.4566929133858268,0.44881889763779526,0.5275590551181102,0.3700787401574803,0.4776902887139105,0.4094488188976378,0.4624671916010499,2020-10-08,0.47244094488188976,60.0,181.125
2020-10-08,181.125,60,0.47244094488188976,0.47244094488188976,0.4566929133858268,0.44881889763779526,0.4881889763779528,0.45931758530183703,0.42407199100112486,0.47191601049868764,2020-10-09,0.4881889763779528,62.0,185.0
2020-10-09,185.0,62,0.4881889763779528,0.4881889763779528,0.47244094488188976,0.4566929133858268,0.4409448818897638,0.47244094488188954,0.42407199100112486,0.4797900262467192,2020-10-10,0.33858267716535434,43.0,128.70833333333334
2020-10-10,128.70833333333334,43,0.33858267716535434,0.33858267716535434,0.4881889763779528,0.47244094488188976,0.13385826771653545,0.433070866141732,0.4094488188976378,0.4853018372703412,2020-10-11,0.48031496062992124,61.0,182.95833333333331
2020-10-11,182.95833333333331,61,0.48031496062992124,0.48031496062992124,0.33858267716535434,0.4881889763779528,0.5275590551181102,0.4356955380577425,0.4589426321709786,0.47952755905511807,2020-10-12,0.2204724409448819,28.0,85.58333333333333
2020-10-12,85.58333333333333,28,0.2204724409448819,0.2204724409448819,0.48031496062992124,0.33858267716535434,0.44881889763779526,0.3464566929133856,0.41507311586051737,0.46771653543307085,2020-10-13,0.4645669291338583,59.0,178.25
2020-10-13,178.25,59,0.4645669291338583,0.4645669291338583,0.2204724409448819,0.48031496062992124,0.4566929133858268,0.3884514435695536,0.4173228346456693,0.46325459317585305,2020-10-14,0.2125984251968504,27.0,81.70833333333333
2020-10-14,81.70833333333333,27,0.2125984251968504,0.2125984251968504,0.4645669291338583,0.2204724409448819,0.47244094488188976,0.2992125984251966,0.38245219347581555,0.45144356955380577,2020-10-15,0.023622047244094488,3.0,13.583333333333334
2020-10-15,13.583333333333334,3,0.023622047244094488,0.023622047244094488,0.2125984251968504,0.4645669291338583,0.4881889763779528,0.23359580052493412,0.31833520809898763,0.43280839895013123,2020-10-16,0.44881889763779526,57.0,171.08333333333334
2020-10-16,171.08333333333334,57,0.44881889763779526,0.44881889763779526,0.023622047244094488,0.2125984251968504,0.33858267716535434,0.22834645669291312,0.312710911136108,0.4288713910761155,2020-10-17,0.3937007874015748,50.0,149.125
2020-10-17,149.125,50,0.3937007874015748,0.3937007874015748,0.44881889763779526,0.023622047244094488,0.48031496062992124,0.2887139107611546,0.3205849268841395,0.42047244094488184,2020-10-18,0.16535433070866143,21.0,63.79166666666666
2020-10-18,63.79166666666666,21,0.16535433070866143,0.16535433070866143,0.3937007874015748,0.44881889763779526,0.2204724409448819,0.3359580052493436,0.2755905511811024,0.40629921259842516,2020-10-19,0.06299212598425197,8.0,27.08333333333333
2020-10-19,27.08333333333333,8,0.06299212598425197,0.06299212598425197,0.16535433070866143,0.3937007874015748,0.4645669291338583,0.20734908136482913,0.2530933633295838,0.3866141732283464,2020-10-20,0.30708661417322836,39.0,118.75
2020-10-20,118.75,39,0.30708661417322836,0.30708661417322836,0.06299212598425197,0.16535433070866143,0.2125984251968504,0.17847769028871366,0.23059617547806524,0.3755905511811024,2020-10-21,0.25196850393700787,32.0,96.75
2020-10-21,96.75,32,0.25196850393700787,0.25196850393700787,0.30708661417322836,0.06299212598425197,0.023622047244094488,0.20734908136482913,0.23622047244094488,0.36351706036745407,2020-10-22,0.10236220472440945,13.0,42.708333333333336
2020-10-22,42.708333333333336,13,0.10236220472440945,0.10236220472440945,0.25196850393700787,0.30708661417322836,0.44881889763779526,0.22047244094488164,0.24746906636670415,0.35039370078740156,2020-10-23,0.2677165354330709,34.0,102.58333333333331
2020-10-23,102.58333333333331,34,0.2677165354330709,0.2677165354330709,0.10236220472440945,0.25196850393700787,0.3937007874015748,0.20734908136482913,0.2215973003374578,0.3412073490813648,2020-10-24,0.29133858267716534,37.0,111.5
2020-10-24,111.5,37,0.29133858267716534,0.29133858267716534,0.2677165354330709,0.10236220472440945,0.16535433070866143,0.22047244094488164,0.20697412823397074,0.33280839895013126,2020-10-25,0.11811023622047244,15.0,46.79166666666666
2020-10-25,46.79166666666666,15,0.11811023622047244,0.11811023622047244,0.29133858267716534,0.2677165354330709,0.06299212598425197,0.2257217847769026,0.20022497187851518,0.3178477690288714,2020-10-26,0.07086614173228346,9.0,29.0
2020-10-26,29.0,9,0.07086614173228346,0.07086614173228346,0.11811023622047244,0.29133858267716534,0.30708661417322836,0.16010498687664015,0.2013498312710911,0.3036745406824147,2020-10-27,0.05511811023622047,7.0,24.375
2020-10-27,24.375,7,0.05511811023622047,0.05511811023622047,0.07086614173228346,0.11811023622047244,0.25196850393700787,0.08136482939632521,0.1653543307086614,0.289238845144357,2020-10-28,0.3779527559055118,48.0,145.08333333333334
2020-10-28,145.08333333333334,48,0.3779527559055118,0.3779527559055118,0.05511811023622047,0.07086614173228346,0.10236220472440945,0.16797900262467166,0.18335208098987626,0.2992125984251969,2020-10-29,0.13385826771653545,17.0,53.04166666666666
2020-10-29,53.04166666666666,17,0.13385826771653545,0.13385826771653545,0.3779527559055118,0.05511811023622047,0.2677165354330709,0.18897637795275565,0.18785151856017995,0.2931758530183727,2020-10-30,0.09448818897637795,12.0,39.125
2020-10-30,39.125,12,0.09448818897637795,0.09448818897637795,0.13385826771653545,0.3779527559055118,0.29133858267716534,0.20209973753280816,0.16310461192350956,0.29028871391076116,2020-10-31,0.3937007874015748,50.0,151.08333333333334
2020-10-31,151.08333333333334,50,0.3937007874015748,0.3937007874015748,0.09448818897637795,0.13385826771653545,0.11811023622047244,0.20734908136482913,0.17772778402699663,0.29107611548556434,2020-11-01,0.12598425196850394,16.0,51.833333333333336
2020-11-01,51.833333333333336,16,0.12598425196850394,0.12598425196850394,0.3937007874015748,0.09448818897637795,0.07086614173228346,0.20472440944881864,0.17885264341957255,0.279002624671916,2020-11-02,0.33858267716535434,43.0,130.625
2020-11-02,130.625,43,0.33858267716535434,0.33858267716535434,0.12598425196850394,0.3937007874015748,0.05511811023622047,0.2860892388451441,0.2170978627671541,0.2755905511811024,2020-11-03,0.36220472440944884,46.0,138.58333333333334
2020-11-03,138.58333333333334,46,0.36220472440944884,0.36220472440944884,0.33858267716535434,0.12598425196850394,0.3779527559055118,0.2755905511811021,0.2609673790776153,0.28320209973753285,2020-11-04,0.3700787401574803,47.0,140.5
2020-11-04,140.5,47,0.3700787401574803,0.3700787401574803,0.36220472440944884,0.33858267716535434,0.13385826771653545,0.35695538057742754,0.2598425196850394,0.2779527559055118,2020-11-05,0.18110236220472442,23.0,70.29166666666667
2020-11-05,70.29166666666667,23,0.18110236220472442,0.18110236220472442,0.3700787401574803,0.36220472440944884,0.09448818897637795,0.3044619422572176,0.266591676040495,0.2690288713910761,2020-11-06,0.29133858267716534,37.0,112.75
2020-11-06,112.75,37,0.29133858267716534,0.29133858267716534,0.18110236220472442,0.3700787401574803,0.3937007874015748,0.28083989501312306,0.29471316085489313,0.2635170603674541,2020-11-07,0.30708661417322836,39.0,118.70833333333331
2020-11-07,118.70833333333331,39,0.30708661417322836,0.30708661417322836,0.29133858267716534,0.18110236220472442,0.12598425196850394,0.25984251968503913,0.28233970753655796,0.258005249343832,2020-11-08,0.33858267716535434,43.0,130.45833333333334
2020-11-08,130.45833333333334,43,0.33858267716535434,0.33858267716535434,0.30708661417322836,0.29133858267716534,0.33858267716535434,0.3123359580052491,0.312710911136108,0.2530183727034121,2020-11-09,0.3228346456692913,41.0,124.625
2020-11-09,124.625,41,0.3228346456692913,0.3228346456692913,0.33858267716535434,0.30708661417322836,0.36220472440944884,0.3228346456692911,0.31046119235095615,0.25249343832021,2020-11-10,0.2992125984251969,38.0,113.83333333333331
2020-11-10,113.83333333333331,38,0.2992125984251969,0.2992125984251969,0.3228346456692913,0.33858267716535434,0.3700787401574803,0.3202099737532806,0.3014623172103487,0.24645669291338584,2020-11-11,0.3464566929133858,44.0,132.83333333333334
2020-11-11,132.83333333333334,44,0.3464566929133858,0.3464566929133858,0.2992125984251969,0.3228346456692913,0.18110236220472442,0.32283464566929104,0.2980877390326209,0.25065616797900264,2020-11-12,0.33858267716535434,43.0,130.04166666666666
2020-11-12,130.04166666666666,43,0.33858267716535434,0.33858267716535434,0.3464566929133858,0.2992125984251969,0.29133858267716534,0.32808398950131207,0.3205849268841395,0.24645669291338584,2020-11-13,0.1732283464566929,22.0,66.66666666666667
2020-11-13,66.66666666666667,22,0.1732283464566929,0.1732283464566929,0.33858267716535434,0.3464566929133858,0.30708661417322836,0.2860892388451441,0.3037120359955006,0.2451443569553806,2020-11-14,0.25196850393700787,32.0,96.08333333333331
2020-11-14,96.08333333333331,32,0.25196850393700787,0.25196850393700787,0.1732283464566929,0.33858267716535434,0.33858267716535434,0.25459317585301816,0.295838020247469,0.25275590551181104,2020-11-15,0.05511811023622047,7.0,23.25
2020-11-15,23.25,7,0.05511811023622047,0.05511811023622047,0.25196850393700787,0.1732283464566929,0.3228346456692913,0.16010498687664018,0.25534308211473566,0.2396325459317585,2020-11-16,0.28346456692913385,36.0,108.83333333333331
2020-11-16,108.83333333333331,36,0.28346456692913385,0.28346456692913385,0.05511811023622047,0.25196850393700787,0.2992125984251969,0.19685039370078714,0.24971878515185603,0.23595800524934385,2020-11-17,0.14960629921259844,19.0,58.16666666666666
2020-11-17,58.16666666666666,19,0.14960629921259844,0.14960629921259844,0.28346456692913385,0.05511811023622047,0.3464566929133858,0.16272965879265067,0.2283464566929134,0.23543307086614174,2020-11-18,0.30708661417322836,39.0,116.75
2020-11-18,116.75,39,0.30708661417322836,0.30708661417322836,0.14960629921259844,0.28346456692913385,0.33858267716535434,0.24671916010498662,0.22272215973003373,0.2435695538057743,2020-11-19,0.2125984251968504,27.0,82.33333333333333
2020-11-19,82.33333333333333,27,0.2125984251968504,0.2125984251968504,0.30708661417322836,0.14960629921259844,0.1732283464566929,0.22309711286089215,0.2047244094488189,0.24041994750656168,2020-11-20,0.25984251968503935,33.0,101.04166666666669
2020-11-20,101.04166666666669,33,0.25984251968503935,0.25984251968503935,0.2125984251968504,0.30708661417322836,0.25196850393700787,0.25984251968503913,0.2170978627671541,0.24068241469816273,2020-11-21,0.2125984251968504,27.0,81.91666666666667
2020-11-21,81.91666666666667,27,0.2125984251968504,0.2125984251968504,0.25984251968503935,0.2125984251968504,0.05511811023622047,0.22834645669291312,0.21147356580427448,0.24435695538057745,2020-11-22,0.023622047244094488,3.0,13.708333333333334
2020-11-22,13.708333333333334,3,0.023622047244094488,0.023622047244094488,0.2125984251968504,0.25984251968503935,0.28346456692913385,0.16535433070866115,0.20697412823397077,0.23622047244094488,2020-11-23,0.14173228346456693,18.0,56.708333333333336
2020-11-23,56.708333333333336,18,0.14173228346456693,0.14173228346456693,0.023622047244094488,0.2125984251968504,0.14960629921259844,0.12598425196850369,0.18672665916760403,0.23123359580052494,2020-11-24,0.06299212598425197,8.0,25.875
2020-11-24,25.875,8,0.06299212598425197,0.06299212598425197,0.14173228346456693,0.023622047244094488,0.30708661417322836,0.0761154855643042,0.17435320584926886,0.22939632545931757,2020-11-25,0.007874015748031496,1.0,5.75
2020-11-25,5.75,1,0.007874015748031496,0.007874015748031496,0.06299212598425197,0.14173228346456693,0.2125984251968504,0.07086614173228319,0.13160854893138357,0.22729658792650917,2020-11-26,0.08661417322834646,11.0,34.375
2020-11-26,34.375,11,0.08661417322834646,0.08661417322834646,0.007874015748031496,0.06299212598425197,0.25984251968503935,0.052493438320209716,0.11361079865016874,0.2283464566929134,2020-11-27,0.08661417322834646,11.0,37.16666666666666
2020-11-27,37.16666666666666,11,0.08661417322834646,0.08661417322834646,0.08661417322834646,0.007874015748031496,0.2125984251968504,0.06036745406824121,0.0888638920134983,0.21863517060367454,2020-11-28,0.28346456692913385,36.0,108.16666666666669
2020-11-28,108.16666666666669,36,0.28346456692913385,0.28346456692913385,0.08661417322834646,0.08661417322834646,0.023622047244094488,0.15223097112860867,0.09898762654668167,0.22362204724409449,2020-11-29,0.1968503937007874,25.0,75.83333333333333
2020-11-29,75.83333333333333,25,0.1968503937007874,0.1968503937007874,0.28346456692913385,0.08661417322834646,0.14173228346456693,0.18897637795275565,0.12373453318335208,0.22703412073490814,2020-11-30,0.06299212598425197,8.0,26.125
2020-11-30,26.125,8,0.06299212598425197,0.06299212598425197,0.1968503937007874,0.28346456692913385,0.06299212598425197,0.18110236220472417,0.1124859392575928,0.21601049868766403,2020-12-01,0.08661417322834646,11.0,36.625
2020-12-01,36.625,11,0.08661417322834646,0.08661417322834646,0.06299212598425197,0.1968503937007874,0.007874015748031496,0.11548556430446168,0.1158605174353206,0.2146981627296588,2020-12-02,0.2755905511811024,35.0,106.41666666666669
2020-12-02,106.41666666666669,35,0.2755905511811024,0.2755905511811024,0.08661417322834646,0.06299212598425197,0.08661417322834646,0.14173228346456668,0.15410573678290213,0.2125984251968504,2020-12-03,0.2125984251968504,27.0,82.45833333333333
2020-12-03,82.45833333333333,27,0.2125984251968504,0.2125984251968504,0.2755905511811024,0.08661417322834646,0.08661417322834646,0.19160104986876614,0.172103487064117,0.20761154855643044,2020-12-04,0.08661417322834646,11.0,36.29166666666666
2020-12-04,36.29166666666666,11,0.08661417322834646,0.08661417322834646,0.2125984251968504,0.2755905511811024,0.28346456692913385,0.19160104986876614,0.17210348706411696,0.19816272965879264,2020-12-05,0.08661417322834646,11.0,36.54166666666666
2020-12-05,36.54166666666666,11,0.08661417322834646,0.08661417322834646,0.08661417322834646,0.2125984251968504,0.1968503937007874,0.12860892388451417,0.14398200224971877,0.19501312335958004,2020-12-06,0.06299212598425197,8.0,28.125
2020-12-06,28.125,8,0.06299212598425197,0.06299212598425197,0.08661417322834646,0.08661417322834646,0.06299212598425197,0.07874015748031468,0.12485939257592801,0.18740157480314962,2020-12-07,0.047244094488188976,6.0,22.45833333333333
2020-12-07,22.45833333333333,6,0.047244094488188976,0.047244094488188976,0.06299212598425197,0.08661417322834646,0.08661417322834646,0.06561679790026219,0.12260967379077616,0.17874015748031497,2020-12-08,0.11023622047244094,14.0,43.333333333333336
2020-12-08,43.333333333333336,14,0.11023622047244094,0.11023622047244094,0.047244094488188976,0.06299212598425197,0.2755905511811024,0.07349081364829368,0.12598425196850394,0.1711286089238845,2020-12-09,0.05511811023622047,7.0,23.041666666666668
2020-12-09,23.041666666666668,7,0.05511811023622047,0.05511811023622047,0.11023622047244094,0.047244094488188976,0.2125984251968504,0.07086614173228319,0.09448818897637797,0.16220472440944883,2020-12-10,0.2440944881889764,31.0,94.375
2020-12-10,94.375,31,0.2440944881889764,0.2440944881889764,0.05511811023622047,0.11023622047244094,0.08661417322834646,0.13648293963254565,0.09898762654668167,0.16036745406824146,2020-12-11,0.18110236220472442,23.0,70.875
2020-12-11,70.875,23,0.18110236220472442,0.18110236220472442,0.2440944881889764,0.05511811023622047,0.08661417322834646,0.16010498687664013,0.1124859392575928,0.1548556430446194,2020-12-12,0.05511811023622047,7.0,23.83333333333333
2020-12-12,23.83333333333333,7,0.05511811023622047,0.05511811023622047,0.18110236220472442,0.2440944881889764,0.06299212598425197,0.16010498687664015,0.10798650168728909,0.14540682414698164,2020-12-13,0.047244094488188976,6.0,21.541666666666668
2020-12-13,21.541666666666668,6,0.047244094488188976,0.047244094488188976,0.05511811023622047,0.18110236220472442,0.047244094488188976,0.09448818897637769,0.10573678290213724,0.1412073490813648,2020-12-14,0.08661417322834646,11.0,36.208333333333336
2020-12-14,36.208333333333336,11,0.08661417322834646,0.08661417322834646,0.047244094488188976,0.05511811023622047,0.11023622047244094,0.0629921259842517,0.11136107986501688,0.1356955380577428,2020-12-15,0.18110236220472442,23.0,71.41666666666667
2020-12-15,71.41666666666667,23,0.18110236220472442,0.18110236220472442,0.08661417322834646,0.047244094488188976,0.05511811023622047,0.10498687664041968,0.12148481439820023,0.13989501312335959,2020-12-16,0.05511811023622047,7.0,23.0
2020-12-16,23.0,7,0.05511811023622047,0.05511811023622047,0.18110236220472442,0.08661417322834646,0.2440944881889764,0.10761154855643018,0.12148481439820023,0.13228346456692913,2020-12-17,0.08661417322834646,11.0,35.958333333333336
2020-12-17,35.958333333333336,11,0.08661417322834646,0.08661417322834646,0.05511811023622047,0.18110236220472442,0.18110236220472442,0.10761154855643018,0.09898762654668167,0.13018372703412073,2020-12-18,0.16535433070866143,21.0,64.75
2020-12-18,64.75,21,0.16535433070866143,0.16535433070866143,0.08661417322834646,0.05511811023622047,0.05511811023622047,0.1023622047244092,0.09673790776152981,0.12545931758530185,2020-12-19,0.11023622047244094,14.0,43.208333333333336
2020-12-19,43.208333333333336,14,0.11023622047244094,0.11023622047244094,0.16535433070866143,0.08661417322834646,0.047244094488188976,0.12073490813648267,0.1046119235095613,0.1220472440944882,2020-12-20,0.047244094488188976,6.0,20.83333333333333
2020-12-20,20.83333333333333,6,0.047244094488188976,0.047244094488188976,0.11023622047244094,0.16535433070866143,0.08661417322834646,0.10761154855643018,0.1046119235095613,0.11496062992125984,2020-12-21,0.08661417322834646,11.0,34.958333333333336
2020-12-21,34.958333333333336,11,0.08661417322834646,0.08661417322834646,0.047244094488188976,0.11023622047244094,0.18110236220472442,0.08136482939632518,0.1046119235095613,0.11076115485564304,2020-12-22,0.09448818897637795,12.0,40.0
2020-12-22,40.0,12,0.09448818897637795,0.09448818897637795,0.08661417322834646,0.047244094488188976,0.05511811023622047,0.0761154855643042,0.0922384701912261,0.1131233595800525,2020-12-23,0.13385826771653545,17.0,51.958333333333336
2020-12-23,51.958333333333336,17,0.13385826771653545,0.13385826771653545,0.09448818897637795,0.08661417322834646,0.08661417322834646,0.10498687664041968,0.10348706411698538,0.11286089238845144,2020-12-24,0.07086614173228346,9.0,30.375
2020-12-24,30.375,9,0.07086614173228346,0.07086614173228346,0.13385826771653545,0.09448818897637795,0.16535433070866143,0.09973753280839869,0.10123734533183353,0.1131233595800525,2020-12-25,0.11811023622047244,15.0,48.75
2020-12-25,48.75,15,0.11811023622047244,0.11811023622047244,0.07086614173228346,0.13385826771653545,0.11023622047244094,0.10761154855643018,0.09448818897637794,0.1167979002624672,2020-12-26,0.08661417322834646,11.0,37.16666666666666
2020-12-26,37.16666666666666,11,0.08661417322834646,0.08661417322834646,0.11811023622047244,0.07086614173228346,0.047244094488188976,0.09186351706036718,0.09111361079865017,0.1167979002624672,2020-12-27,0.14960629921259844,19.0,59.5
2020-12-27,59.5,19,0.14960629921259844,0.14960629921259844,0.08661417322834646,0.11811023622047244,0.08661417322834646,0.11811023622047218,0.10573678290213724,0.11889763779527558,2020-12-28,0.07086614173228346,9.0,28.875
2020-12-28,28.875,9,0.07086614173228346,0.07086614173228346,0.14960629921259844,0.08661417322834646,0.09448818897637795,0.10236220472440917,0.10348706411698538,0.11181102362204724,2020-12-29,0.2047244094488189,26.0,79.95833333333333
2020-12-29,79.95833333333333,26,0.2047244094488189,0.2047244094488189,0.07086614173228346,0.14960629921259844,0.13385826771653545,0.14173228346456665,0.11923509561304838,0.11207349081364829,2020-12-30,0.023622047244094488,3.0,11.125
2020-12-30,11.125,3,0.023622047244094488,0.023622047244094488,0.2047244094488189,0.07086614173228346,0.07086614173228346,0.09973753280839869,0.10348706411698538,0.11076115485564304,2020-12-31,0.15748031496062992,20.0,63.54166666666666
2020-12-31,63.54166666666666,20,0.15748031496062992,0.15748031496062992,0.023622047244094488,0.2047244094488189,0.11811023622047244,0.12860892388451417,0.11586051743532058,0.1131233595800525,2021-01-01,0.023622047244094488,3.0,11.666666666666666
2021-01-01,11.666666666666666,3,0.023622047244094488,0.023622047244094488,0.15748031496062992,0.023622047244094488,0.08661417322834646,0.0682414698162727,0.10236220472440946,0.1047244094488189,2021-01-02,0.11023622047244094,14.0,44.333333333333336
2021-01-02,44.333333333333336,14,0.11023622047244094,0.11023622047244094,0.023622047244094488,0.15748031496062992,0.14960629921259844,0.09711286089238817,0.10573678290213724,0.10131233595800525,2021-01-03,0.06299212598425197,8.0,27.95833333333333
2021-01-03,27.95833333333333,8,0.06299212598425197,0.06299212598425197,0.11023622047244094,0.023622047244094488,0.07086614173228346,0.06561679790026219,0.09336332958380203,0.10052493438320212,2021-01-04,0.07086614173228346,9.0,30.70833333333333
2021-01-04,30.70833333333333,9,0.07086614173228346,0.07086614173228346,0.06299212598425197,0.11023622047244094,0.2047244094488189,0.08136482939632518,0.09336332958380202,0.1,2021-01-05,0.11811023622047244,15.0,47.708333333333336
2021-01-05,47.708333333333336,15,0.11811023622047244,0.11811023622047244,0.07086614173228346,0.06299212598425197,0.023622047244094488,0.08398950131233568,0.08098987626546682,0.10183727034120735,2021-01-06,0.07874015748031496,10.0,34.291666666666664
2021-01-06,34.291666666666664,10,0.07874015748031496,0.07874015748031496,0.11811023622047244,0.07086614173228346,0.15748031496062992,0.08923884514435666,0.08886389201349831,0.10288713910761156,2021-01-07,0.10236220472440945,13.0,42.79166666666666
2021-01-07,42.79166666666666,13,0.10236220472440945,0.10236220472440945,0.07874015748031496,0.11811023622047244,0.023622047244094488,0.09973753280839866,0.08098987626546682,0.10262467191601049,2021-01-08,0.14960629921259844,19.0,60.0
2021-01-08,60.0,19,0.14960629921259844,0.14960629921259844,0.10236220472440945,0.07874015748031496,0.11023622047244094,0.11023622047244068,0.09898762654668168,0.1057742782152231,2021-01-09,0.2283464566929134,29.0,89.75
2021-01-09,89.75,29,0.2283464566929134,0.2283464566929134,0.14960629921259844,0.10236220472440945,0.06299212598425197,0.16010498687664015,0.11586051743532058,0.105249343832021,2021-01-10,0.18110236220472442,23.0,70.54166666666667
2021-01-10,70.54166666666667,23,0.18110236220472442,0.18110236220472442,0.2283464566929134,0.14960629921259844,0.07086614173228346,0.18635170603674514,0.1327334083239595,0.10524934383202099,2021-01-11,0.031496062992125984,4.0,14.875
2021-01-11,14.875,4,0.031496062992125984,0.031496062992125984,0.18110236220472442,0.2283464566929134,0.11811023622047244,0.14698162729658765,0.12710911136107989,0.10446194225721786,2021-01-12,0.03937007874015748,5.0,19.5
2021-01-12,19.5,5,0.03937007874015748,0.03937007874015748,0.031496062992125984,0.18110236220472442,0.07874015748031496,0.08398950131233568,0.11586051743532058,0.1041994750656168,2021-01-13,0.1968503937007874,25.0,75.66666666666667
2021-01-13,75.66666666666667,25,0.1968503937007874,0.1968503937007874,0.03937007874015748,0.031496062992125984,0.10236220472440945,0.08923884514435669,0.13273340832395952,0.10787401574803152,2021-01-14,0.1889763779527559,24.0,75.04166666666667
2021-01-14,75.04166666666667,24,0.1889763779527559,0.1889763779527559,0.1968503937007874,0.03937007874015748,0.14960629921259844,0.14173228346456665,0.14510686164229472,0.10813648293963254,2021-01-15,0.023622047244094488,3.0,13.708333333333334
2021-01-15,13.708333333333334,3,0.023622047244094488,0.023622047244094488,0.1889763779527559,0.1968503937007874,0.2283464566929134,0.13648293963254568,0.12710911136107989,0.10708661417322834,2021-01-16,0.08661417322834646,11.0,36.208333333333336
2021-01-16,36.208333333333336,11,0.08661417322834646,0.08661417322834646,0.023622047244094488,0.1889763779527559,0.18110236220472442,0.09973753280839866,0.10686164229471316,0.10708661417322834,2021-01-17,0.08661417322834646,11.0,36.458333333333336
2021-01-17,36.458333333333336,11,0.08661417322834646,0.08661417322834646,0.08661417322834646,0.023622047244094488,0.031496062992125984,0.06561679790026219,0.09336332958380203,0.10446194225721786,2021-01-18,0.11023622047244094,14.0,45.0
2021-01-18,45.0,14,0.11023622047244094,0.11023622047244094,0.08661417322834646,0.08661417322834646,0.03937007874015748,0.09448818897637767,0.10461192350956129,0.10446194225721785,2021-01-19,0.14960629921259844,19.0,58.79166666666666
2021-01-19,58.79166666666666,19,0.14960629921259844,0.14960629921259844,0.11023622047244094,0.08661417322834646,0.1968503937007874,0.11548556430446166,0.12035995500562431,0.1078740157480315,2021-01-20,0.14960629921259844,19.0,59.583333333333336
2021-01-20,59.583333333333336,19,0.14960629921259844,0.14960629921259844,0.14960629921259844,0.11023622047244094,0.1889763779527559,0.13648293963254565,0.11361079865016872,0.1099737532808399,2021-01-21,0.2992125984251969,38.0,115.5
2021-01-21,115.5,38,0.2992125984251969,0.2992125984251969,0.14960629921259844,0.14960629921259844,0.023622047244094488,0.19947506561679762,0.12935883014623176,0.1167979002624672,2021-01-22,0.07874015748031496,10.0,33.583333333333336
2021-01-22,33.583333333333336,10,0.07874015748031496,0.07874015748031496,0.2992125984251969,0.14960629921259844,0.08661417322834646,0.17585301837270315,0.13723284589426324,0.11496062992125984,2021-01-23,0.33070866141732286,42.0,125.95833333333331
2021-01-23,125.95833333333331,42,0.33070866141732286,0.33070866141732286,0.07874015748031496,0.2992125984251969,0.08661417322834646,0.2362204724409446,0.172103487064117,0.1236220472440945,2021-01-24,0.05511811023622047,7.0,24.875
2021-01-24,24.875,7,0.05511811023622047,0.05511811023622047,0.33070866141732286,0.07874015748031496,0.11023622047244094,0.15485564304461916,0.16760404949381327,0.1215223097112861,2021-01-25,0.07086614173228346,9.0,29.916666666666668
2021-01-25,29.916666666666668,9,0.07086614173228346,0.07086614173228346,0.05511811023622047,0.33070866141732286,0.14960629921259844,0.15223097112860864,0.16197975253093364,0.120997375328084,2021-01-26,0.06299212598425197,8.0,26.375
2021-01-26,26.375,8,0.06299212598425197,0.06299212598425197,0.07086614173228346,0.05511811023622047,0.14960629921259844,0.0629921259842517,0.1496062992125984,0.11811023622047244,2021-01-27,0.25196850393700787,32.0,98.58333333333331
2021-01-27,98.58333333333331,32,0.25196850393700787,0.25196850393700787,0.06299212598425197,0.07086614173228346,0.2992125984251969,0.12860892388451417,0.1642294713160855,0.12414698162729661,2021-01-28,0.15748031496062992,20.0,62.16666666666666
2021-01-28,62.16666666666666,20,0.15748031496062992,0.15748031496062992,0.25196850393700787,0.06299212598425197,0.07874015748031496,0.15748031496062967,0.14398200224971877,0.1225721784776903,2021-01-29,0.3700787401574803,47.0,140.25
2021-01-29,140.25,47,0.3700787401574803,0.3700787401574803,0.15748031496062992,0.25196850393700787,0.33070866141732286,0.25984251968503913,0.1856017997750281,0.13412073490813647,2021-01-30,0.23622047244094488,30.0,90.45833333333331
2021-01-30,90.45833333333331,30,0.23622047244094488,0.23622047244094488,0.3700787401574803,0.15748031496062992,0.05511811023622047,0.2545931758530181,0.172103487064117,0.136745406824147,2021-01-31,0.10236220472440945,13.0,42.875
2021-01-31,42.875,13,0.10236220472440945,0.10236220472440945,0.23622047244094488,0.3700787401574803,0.07086614173228346,0.2362204724409446,0.17885264341957255,0.13937007874015747,2021-02-01,0.1889763779527559,24.0,74.16666666666667
2021-02-01,74.16666666666667,24,0.1889763779527559,0.1889763779527559,0.10236220472440945,0.23622047244094488,0.06299212598425197,0.17585301837270317,0.19572553430821146,0.14199475065616798,2021-02-02,0.33858267716535434,43.0,129.91666666666666
2021-02-02,129.91666666666666,43,0.33858267716535434,0.33858267716535434,0.1889763779527559,0.10236220472440945,0.25196850393700787,0.20997375328083964,0.23509561304836896,0.15118110236220475,2021-02-03,0.3937007874015748,50.0,151.58333333333334
2021-02-03,151.58333333333334,50,0.3937007874015748,0.3937007874015748,0.33858267716535434,0.1889763779527559,0.15748031496062992,0.3070866141732281,0.25534308211473566,0.16194225721784777,2021-02-04,0.2677165354330709,34.0,102.83333333333331
2021-02-04,102.83333333333331,34,0.2677165354330709,0.2677165354330709,0.3937007874015748,0.33858267716535434,0.3700787401574803,0.3333333333333331,0.27109111361079863,0.16692913385826771,2021-02-05,0.1968503937007874,25.0,75.75
2021-02-05,75.75,25,0.1968503937007874,0.1968503937007874,0.2677165354330709,0.3937007874015748,0.23622047244094488,0.2860892388451441,0.24634420697412823,0.17086614173228346,2021-02-06,0.3543307086614173,45.0,135.79166666666666
2021-02-06,135.79166666666666,45,0.3543307086614173,0.3543307086614173,0.1968503937007874,0.2677165354330709,0.10236220472440945,0.2729658792650916,0.26321709786276715,0.17926509186351708,2021-02-07,0.4015748031496063,51.0,153.0
2021-02-07,153.0,51,0.4015748031496063,0.4015748031496063,0.3543307086614173,0.1968503937007874,0.1889763779527559,0.31758530183727013,0.30596175478065246,0.18766404199475067,2021-02-08,0.31496062992125984,40.0,119.91666666666669
2021-02-08,119.91666666666669,40,0.31496062992125984,0.31496062992125984,0.4015748031496063,0.3543307086614173,0.33858267716535434,0.35695538057742754,0.32395950506186727,0.1905511811023622,2021-02-09,0.3779527559055118,48.0,144.54166666666666
2021-02-09,144.54166666666666,48,0.3779527559055118,0.3779527559055118,0.31496062992125984,0.4015748031496063,0.3937007874015748,0.36482939632545913,0.3295838020247469,0.19711286089238847,2021-02-10,0.2677165354330709,34.0,102.79166666666669
2021-02-10,102.79166666666669,34,0.2677165354330709,0.2677165354330709,0.3779527559055118,0.31496062992125984,0.2677165354330709,0.32020997375328064,0.3115860517435321,0.20498687664041998,2021-02-11,0.4330708661417323,55.0,165.45833333333334
2021-02-11,165.45833333333334,55,0.4330708661417323,0.4330708661417323,0.2677165354330709,0.3779527559055118,0.1968503937007874,0.35958005249343805,0.3352080989876266,0.21811023622047246,2021-02-12,0.2677165354330709,34.0,103.16666666666669
2021-02-12,103.16666666666669,34,0.2677165354330709,0.2677165354330709,0.4330708661417323,0.2677165354330709,0.3543307086614173,0.3228346456692911,0.3453318335208099,0.2204724409448819,2021-02-13,0.25196850393700787,32.0,98.45833333333331
2021-02-13,98.45833333333331,32,0.25196850393700787,0.25196850393700787,0.2677165354330709,0.4330708661417323,0.4015748031496063,0.31758530183727013,0.33070866141732286,0.2225721784776903,2021-02-14,0.3858267716535433,49.0,148.70833333333334
2021-02-14,148.70833333333334,49,0.3858267716535433,0.3858267716535433,0.25196850393700787,0.2677165354330709,0.31496062992125984,0.3018372703412071,0.32845894263217096,0.2346456692913386,2021-02-15,0.2440944881889764,31.0,93.70833333333331
2021-02-15,93.70833333333331,31,0.2440944881889764,0.2440944881889764,0.3858267716535433,0.25196850393700787,0.3779527559055118,0.2939632545931756,0.31833520809898763,0.2398950131233596,2021-02-16,0.3543307086614173,45.0,136.79166666666666
2021-02-16,136.79166666666666,45,0.3543307086614173,0.3543307086614173,0.2440944881889764,0.3858267716535433,0.2677165354330709,0.3280839895013121,0.31496062992125984,0.24881889763779527,2021-02-17,0.31496062992125984,40.0,119.75
2021-02-17,119.75,40,0.31496062992125984,0.31496062992125984,0.3543307086614173,0.2440944881889764,0.4330708661417323,0.3044619422572176,0.3217097862767154,0.25564304461942255,2021-02-18,0.2755905511811024,35.0,106.58333333333331
2021-02-18,106.58333333333331,35,0.2755905511811024,0.2755905511811024,0.31496062992125984,0.3543307086614173,0.2677165354330709,0.3149606299212596,0.2992125984251968,0.2598425196850394,2021-02-19,0.33070866141732286,42.0,126.04166666666669
2021-02-19,126.04166666666669,42,0.33070866141732286,0.33070866141732286,0.2755905511811024,0.31496062992125984,0.25196850393700787,0.3070866141732281,0.3082114735658043,0.2658792650918635,2021-02-20,0.48031496062992124,61.0,181.91666666666663
2021-02-20,181.91666666666663,61,0.48031496062992124,0.48031496062992124,0.33070866141732286,0.2755905511811024,0.3858267716535433,0.3622047244094486,0.34083239595050624,0.27191601049868763,2021-02-21,0.4094488188976378,52.0,157.79166666666666
2021-02-21,157.79166666666666,52,0.4094488188976378,0.4094488188976378,0.48031496062992124,0.33070866141732286,0.2440944881889764,0.4068241469816271,0.3442069741282339,0.2829396325459318,2021-02-22,0.15748031496062992,20.0,61.083333333333336
2021-02-22,61.083333333333336,20,0.15748031496062992,0.15748031496062992,0.4094488188976378,0.48031496062992124,0.3543307086614173,0.34908136482939606,0.33183352080989875,0.2771653543307087,2021-02-23,0.44881889763779526,57.0,171.95833333333334
2021-02-23,171.95833333333334,57,0.44881889763779526,0.44881889763779526,0.15748031496062992,0.4094488188976378,0.31496062992125984,0.338582677165354,0.3453318335208099,0.29028871391076116,2021-02-24,0.44881889763779526,57.0,170.58333333333334
2021-02-24,170.58333333333334,57,0.44881889763779526,0.44881889763779526,0.44881889763779526,0.15748031496062992,0.2755905511811024,0.35170603674540657,0.3644544431946007,0.30288713910761156,2021-02-25,0.5196850393700787,66.0,196.70833333333331
2021-02-25,196.70833333333331,66,0.5196850393700787,0.5196850393700787,0.44881889763779526,0.44881889763779526,0.33070866141732286,0.47244094488188954,0.3993250843644545,0.3181102362204724,2021-02-26,0.41732283464566927,53.0,160.125
2021-02-26,160.125,53,0.41732283464566927,0.41732283464566927,0.5196850393700787,0.44881889763779526,0.48031496062992124,0.4619422572178475,0.41169853768278963,0.3236220472440945,2021-02-27,0.48031496062992124,61.0,184.16666666666663
2021-02-27,184.16666666666663,61,0.48031496062992124,0.48031496062992124,0.41732283464566927,0.5196850393700787,0.4094488188976378,0.47244094488188954,0.41169853768278963,0.33438320209973754,2021-02-28,0.2204724409448819,28.0,84.91666666666667
2021-02-28,84.91666666666667,28,0.2204724409448819,0.2204724409448819,0.48031496062992124,0.41732283464566927,0.15748031496062992,0.3727034120734906,0.3847019122609674,0.3293963254593176,2021-03-01,0.3937007874015748,50.0,149.33333333333334
2021-03-01,149.33333333333334,50,0.3937007874015748,0.3937007874015748,0.2204724409448819,0.48031496062992124,0.44881889763779526,0.36482939632545913,0.4184476940382452,0.3346456692913386,2021-03-02,0.5039370078740157,64.0,190.33333333333331
2021-03-02,190.33333333333331,64,0.5039370078740157,0.5039370078740157,0.3937007874015748,0.2204724409448819,0.44881889763779526,0.3727034120734906,0.4263217097862767,0.3480314960629921,2021-03-03,0.5196850393700787,66.0,196.375
2021-03-03,196.375,66,0.5196850393700787,0.5196850393700787,0.5039370078740157,0.3937007874015748,0.5196850393700787,0.47244094488188954,0.43644544431946003,0.3590551181102362,2021-03-04,0.23622047244094488,30.0,90.33333333333331
2021-03-04,90.33333333333331,30,0.23622047244094488,0.23622047244094488,0.5196850393700787,0.5039370078740157,0.41732283464566927,0.41994750656167956,0.39595050618672667,0.3556430446194226,2021-03-05,0.5354330708661418,68.0,203.41666666666663
2021-03-05,203.41666666666663,68,0.5354330708661418,0.5354330708661418,0.23622047244094488,0.5196850393700787,0.48031496062992124,0.4304461942257216,0.4128233970753656,0.36036745406824144,2021-03-06,0.5590551181102362,71.0,212.58333333333331
2021-03-06,212.58333333333331,71,0.5590551181102362,0.5590551181102362,0.5354330708661418,0.23622047244094488,0.2204724409448819,0.44356955380577406,0.42407199100112486,0.3700787401574803,2021-03-07,0.5433070866141733,69.0,206.54166666666663
2021-03-07,206.54166666666663,69,0.5433070866141733,0.5433070866141733,0.5590551181102362,0.5354330708661418,0.3937007874015748,0.5459317585301835,0.4701912260967379,0.38162729658792655,2021-03-08,0.4330708661417323,55.0,164.58333333333334
2021-03-08,164.58333333333334,55,0.4330708661417323,0.4330708661417323,0.5433070866141733,0.5590551181102362,0.5039370078740157,0.5118110236220471,0.4758155230596176,0.384251968503937,2021-03-09,0.4330708661417323,55.0,165.125
2021-03-09,165.125,55,0.4330708661417323,0.4330708661417323,0.4330708661417323,0.5433070866141733,0.5196850393700787,0.469816272965879,0.4656917885264343,0.3853018372703412,2021-03-10,0.3228346456692913,41.0,123.04166666666669
2021-03-10,123.04166666666669,41,0.3228346456692913,0.3228346456692913,0.4330708661417323,0.4330708661417323,0.23622047244094488,0.39632545931758506,0.43757030371203604,0.3855643044619423,2021-03-11,0.3464566929133858,44.0,134.0
2021-03-11,134.0,44,0.3464566929133858,0.3464566929133858,0.3228346456692913,0.4330708661417323,0.5354330708661418,0.3674540682414696,0.453318335208099,0.384514435695538,2021-03-12,0.5984251968503937,76.0,227.04166666666663
2021-03-12,227.04166666666663,76,0.5984251968503937,0.5984251968503937,0.3464566929133858,0.3228346456692913,0.5590551181102362,0.42257217847769013,0.46231721034870643,0.39553805774278217,2021-03-13,0.5590551181102362,71.0,212.95833333333331
2021-03-13,212.95833333333331,71,0.5590551181102362,0.5590551181102362,0.5984251968503937,0.3464566929133858,0.5433070866141733,0.5013123359580051,0.46231721034870643,0.39973753280839897,2021-03-14,0.5748031496062992,73.0,216.91666666666663
2021-03-14,216.91666666666663,73,0.5748031496062992,0.5748031496062992,0.5590551181102362,0.5984251968503937,0.4330708661417323,0.5774278215223095,0.4668166479190102,0.4099737532808399,2021-03-15,0.3779527559055118,48.0,144.625
2021-03-15,144.625,48,0.3779527559055118,0.3779527559055118,0.5748031496062992,0.5590551181102362,0.4330708661417323,0.5039370078740155,0.45894263217097864,0.41417322834645665,2021-03-16,0.5196850393700787,66.0,198.20833333333331
2021-03-16,198.20833333333331,66,0.5196850393700787,0.5196850393700787,0.3779527559055118,0.5748031496062992,0.3228346456692913,0.49081364829396296,0.4713160854893138,0.41863517060367456,2021-03-17,0.5748031496062992,73.0,217.83333333333331
2021-03-17,217.83333333333331,73,0.5748031496062992,0.5748031496062992,0.5196850393700787,0.3779527559055118,0.3464566929133858,0.49081364829396296,0.5073115860517435,0.42965879265091866,2021-03-18,0.07086614173228346,9.0,30.58333333333333
2021-03-18,30.58333333333333,9,0.07086614173228346,0.07086614173228346,0.5748031496062992,0.5196850393700787,0.5984251968503937,0.3884514435695536,0.4679415073115861,0.4202099737532808,2021-03-19,0.6377952755905512,81.0,243.0
2021-03-19,243.0,81,0.6377952755905512,0.6377952755905512,0.07086614173228346,0.5748031496062992,0.5590551181102362,0.42782152230971104,0.47356580427446565,0.4309711286089239,2021-03-20,0.6771653543307087,86.0,255.5
2021-03-20,255.5,86,0.6771653543307087,0.6771653543307087,0.6377952755905512,0.07086614173228346,0.5748031496062992,0.46194225721784754,0.4904386951631046,0.44435695538057746,2021-03-21,0.6614173228346457,84.0,251.29166666666663
2021-03-21,251.29166666666663,84,0.6614173228346457,0.6614173228346457,0.6771653543307087,0.6377952755905512,0.3779527559055118,0.6587926509186349,0.5028121484814398,0.4553805774278215,2021-03-22,0.6299212598425197,80.0,239.04166666666663
2021-03-22,239.04166666666663,80,0.6299212598425197,0.6299212598425197,0.6614173228346457,0.6771653543307087,0.5196850393700787,0.6561679790026246,0.5388076490438695,0.4603674540682415,2021-03-23,0.4566929133858268,58.0,173.04166666666666
2021-03-23,173.04166666666666,58,0.4566929133858268,0.4566929133858268,0.6299212598425197,0.6614173228346457,0.5748031496062992,0.5826771653543305,0.5298087739032621,0.4619422572178477,2021-03-24,0.5118110236220472,65.0,194.45833333333331
2021-03-24,194.45833333333331,65,0.5118110236220472,0.5118110236220472,0.4566929133858268,0.6299212598425197,0.07086614173228346,0.532808398950131,0.5208098987626547,0.473753280839895,2021-03-25,0.4330708661417323,55.0,164.75
2021-03-25,164.75,55,0.4330708661417323,0.4330708661417323,0.5118110236220472,0.4566929133858268,0.6377952755905512,0.4671916010498685,0.5725534308211474,0.4732283464566929,2021-03-26,0.4094488188976378,52.0,157.16666666666666
2021-03-26,157.16666666666666,52,0.4094488188976378,0.4094488188976378,0.4330708661417323,0.5118110236220472,0.6771653543307087,0.4514435695538055,0.5399325084364455,0.47191601049868764,2021-03-27,0.6456692913385826,82.0,245.41666666666663
2021-03-27,245.41666666666663,82,0.6456692913385826,0.6456692913385826,0.4094488188976378,0.4330708661417323,0.6614173228346457,0.496062992125984,0.5354330708661418,0.47611548556430444,2021-03-28,0.2204724409448819,28.0,85.875
2021-03-28,85.875,28,0.2204724409448819,0.2204724409448819,0.6456692913385826,0.4094488188976378,0.6299212598425197,0.4251968503937005,0.47244094488188976,0.4695538057742782,2021-03-29,0.7007874015748031,89.0,265.375
2021-03-29,265.375,89,0.7007874015748031,0.7007874015748031,0.2204724409448819,0.6456692913385826,0.4566929133858268,0.5223097112860889,0.48256467941507314,0.4769028871391076,2021-03-30,0.5984251968503937,76.0,227.08333333333331
2021-03-30,227.08333333333331,76,0.5984251968503937,0.5984251968503937,0.7007874015748031,0.2204724409448819,0.5118110236220472,0.506561679790026,0.5028121484814398,0.489501312335958,2021-03-31,0.6220472440944882,79.0,234.29166666666663
2021-03-31,234.29166666666663,79,0.6220472440944882,0.6220472440944882,0.5984251968503937,0.7007874015748031,0.4330708661417323,0.6404199475065614,0.5185601799775028,0.49711286089238843,2021-04-01,0.3543307086614173,45.0,136.83333333333334
2021-04-01,136.83333333333334,45,0.3543307086614173,0.3543307086614173,0.6220472440944882,0.5984251968503937,0.4094488188976378,0.5249343832020995,0.5073115860517435,0.4921259842519685,2021-04-02,0.7401574803149606,94.0,280.0833333333333
2021-04-02,280.0833333333333,94,0.7401574803149606,0.7401574803149606,0.3543307086614173,0.6220472440944882,0.6456692913385826,0.5721784776902884,0.5545556805399325,0.4994750656167979,2021-04-03,0.5905511811023622,75.0,224.875
2021-04-03,224.875,75,0.5905511811023622,0.5905511811023622,0.7401574803149606,0.3543307086614173,0.2204724409448819,0.5616797900262465,0.546681664791901,0.5112860892388451,2021-04-04,0.7086614173228346,90.0,268.7083333333333
2021-04-04,268.7083333333333,90,0.7086614173228346,0.7086614173228346,0.5905511811023622,0.7401574803149606,0.7007874015748031,0.6797900262467188,0.6164229471316085,0.5170603674540682,2021-04-05,0.3464566929133858,44.0,131.41666666666666
2021-04-05,131.41666666666666,44,0.3464566929133858,0.3464566929133858,0.7086614173228346,0.5905511811023622,0.5984251968503937,0.548556430446194,0.5658042744656918,0.5099737532808398,2021-04-06,0.5669291338582677,72.0,215.41666666666663
2021-04-06,215.41666666666663,72,0.5669291338582677,0.5669291338582677,0.3464566929133858,0.7086614173228346,0.6220472440944882,0.5406824146981624,0.5613048368953881,0.510761154855643,2021-04-07,0.6141732283464567,78.0,232.95833333333331
2021-04-07,232.95833333333331,78,0.6141732283464567,0.6141732283464567,0.5669291338582677,0.3464566929133858,0.3543307086614173,0.5091863517060364,0.5601799775028121,0.5167979002624672,2021-04-08,0.3464566929133858,44.0,134.0
2021-04-08,134.0,44,0.3464566929133858,0.3464566929133858,0.6141732283464567,0.5669291338582677,0.7401574803149606,0.5091863517060364,0.5590551181102362,0.5139107611548557,2021-04-09,0.5826771653543307,74.0,221.29166666666663
2021-04-09,221.29166666666663,74,0.5826771653543307,0.5826771653543307,0.3464566929133858,0.6141732283464567,0.5905511811023622,0.5144356955380575,0.5365579302587176,0.5225721784776902,2021-04-10,0.47244094488188976,60.0,178.70833333333334
2021-04-10,178.70833333333334,60,0.47244094488188976,0.47244094488188976,0.5826771653543307,0.3464566929133858,0.7086614173228346,0.46719160104986845,0.5196850393700787,0.5267716535433071,2021-04-11,0.3858267716535433,49.0,147.875
2021-04-11,147.875,49,0.3858267716535433,0.3858267716535433,0.47244094488188976,0.5826771653543307,0.3464566929133858,0.4803149606299209,0.47356580427446565,0.5196850393700787,2021-04-12,0.2125984251968504,27.0,83.41666666666667
2021-04-12,83.41666666666667,27,0.2125984251968504,0.2125984251968504,0.3858267716535433,0.47244094488188976,0.5669291338582677,0.3569553805774275,0.45444319460067495,0.5081364829396325,2021-04-13,0.7795275590551181,99.0,295.625
2021-04-13,295.625,99,0.7795275590551181,0.7795275590551181,0.2125984251968504,0.3858267716535433,0.6141732283464567,0.4593175853018369,0.4848143982002249,0.5149606299212598,2021-04-14,0.3779527559055118,48.0,143.91666666666666
2021-04-14,143.91666666666666,48,0.3779527559055118,0.3779527559055118,0.7795275590551181,0.2125984251968504,0.3464566929133858,0.4566929133858264,0.4510686164229471,0.5149606299212599,2021-04-15,0.36220472440944884,46.0,139.875
2021-04-15,139.875,46,0.36220472440944884,0.36220472440944884,0.3779527559055118,0.7795275590551181,0.5826771653543307,0.506561679790026,0.453318335208099,0.5097112860892389,2021-04-16,0.3228346456692913,41.0,124.08333333333331
2021-04-16,124.08333333333331,41,0.3228346456692913,0.3228346456692913,0.36220472440944884,0.3779527559055118,0.47244094488188976,0.35433070866141697,0.4161979752530933,0.5013123359580053,2021-04-17,0.4566929133858268,58.0,172.66666666666666
2021-04-17,172.66666666666666,58,0.4566929133858268,0.4566929133858268,0.3228346456692913,0.36220472440944884,0.3858267716535433,0.380577427821522,0.41394825646794153,0.5141732283464567,2021-04-18,0.5826771653543307,74.0,222.375
2021-04-18,222.375,74,0.5826771653543307,0.5826771653543307,0.4566929133858268,0.3228346456692913,0.2125984251968504,0.454068241469816,0.44206974128233967,0.5123359580052493,2021-04-19,0.4881889763779528,62.0,185.20833333333331
2021-04-19,185.20833333333331,62,0.4881889763779528,0.4881889763779528,0.5826771653543307,0.4566929133858268,0.7795275590551181,0.5091863517060364,0.48143982002249713,0.5060367454068241,2021-04-20,0.2125984251968504,27.0,84.04166666666667
2021-04-20,84.04166666666667,27,0.2125984251968504,0.2125984251968504,0.4881889763779528,0.5826771653543307,0.3779527559055118,0.42782152230971104,0.40044994375703036,0.49107611548556435,2021-04-21,0.6614173228346457,84.0,249.08333333333331
2021-04-21,249.08333333333331,84,0.6614173228346457,0.6614173228346457,0.2125984251968504,0.4881889763779528,0.36220472440944884,0.454068241469816,0.4409448818897638,0.4921259842519685,2021-04-22,0.5748031496062992,73.0,219.125
2021-04-22,219.125,73,0.5748031496062992,0.5748031496062992,0.6614173228346457,0.2125984251968504,0.3228346456692913,0.4829396325459315,0.4713160854893138,0.49606299212598426,2021-04-23,0.6614173228346457,84.0,249.04166666666663
2021-04-23,249.04166666666663,84,0.6614173228346457,0.6614173228346457,0.5748031496062992,0.6614173228346457,0.4566929133858268,0.6325459317585299,0.5196850393700787,0.5010498687664042,2021-04-24,0.3543307086614173,45.0,137.20833333333334
2021-04-24,137.20833333333334,45,0.3543307086614173,0.3543307086614173,0.6614173228346457,0.5748031496062992,0.5826771653543307,0.5301837270341204,0.5050618672665916,0.4984251968503937,2021-04-25,0.7401574803149606,94.0,279.0
2021-04-25,279.0,94,0.7401574803149606,0.7401574803149606,0.3543307086614173,0.6614173228346457,0.4881889763779528,0.5853018372703409,0.5275590551181103,0.5094488188976378,2021-04-26,0.5433070866141733,69.0,205.875
2021-04-26,205.875,69,0.5433070866141733,0.5433070866141733,0.7401574803149606,0.3543307086614173,0.2125984251968504,0.5459317585301835,0.5354330708661418,0.5060367454068242,2021-04-27,0.6220472440944882,79.0,234.54166666666663
2021-04-27,234.54166666666663,79,0.6220472440944882,0.6220472440944882,0.5433070866141733,0.7401574803149606,0.6614173228346457,0.6351706036745405,0.59392575928009,0.5194225721784776,2021-04-28,0.3464566929133858,44.0,131.58333333333334
2021-04-28,131.58333333333334,44,0.3464566929133858,0.3464566929133858,0.6220472440944882,0.5433070866141733,0.5748031496062992,0.5039370078740154,0.548931383577053,0.5076115485564305,2021-04-29,0.09448818897637795,12.0,39.458333333333336
2021-04-29,39.458333333333336,12,0.09448818897637795,0.09448818897637795,0.3464566929133858,0.6220472440944882,0.6614173228346457,0.35433070866141697,0.4803149606299213,0.4908136482939633,2021-04-30,0.7086614173228346,90.0,269.1666666666667
2021-04-30,269.1666666666667,90,0.7086614173228346,0.7086614173228346,0.09448818897637795,0.3464566929133858,0.3543307086614173,0.3832020997375325,0.4870641169853768,0.49370078740157475,2021-05-01,0.6062992125984252,77.0,230.0
2021-05-01,230.0,77,0.6062992125984252,0.6062992125984252,0.7086614173228346,0.09448818897637795,0.7401574803149606,0.46981627296587897,0.5230596175478065,0.5020997375328083,2021-05-02,0.7480314960629921,95.0,282.5416666666667
2021-05-02,282.5416666666667,95,0.7480314960629921,0.7480314960629921,0.6062992125984252,0.7086614173228346,0.5433070866141733,0.6876640419947503,0.5241844769403825,0.5023622047244094,2021-05-03,0.14960629921259844,19.0,58.04166666666666
2021-05-03,58.04166666666666,19,0.14960629921259844,0.14960629921259844,0.7480314960629921,0.6062992125984252,0.6220472440944882,0.501312335958005,0.46794150731158607,0.48766404199475066,2021-05-04,0.4645669291338583,59.0,176.20833333333334
2021-05-04,176.20833333333334,59,0.4645669291338583,0.4645669291338583,0.14960629921259844,0.7480314960629921,0.3464566929133858,0.454068241469816,0.44544431946006746,0.47952755905511807,2021-05-05,0.3228346456692913,41.0,125.33333333333331
2021-05-05,125.33333333333331,41,0.3228346456692913,0.3228346456692913,0.4645669291338583,0.14960629921259844,0.09448818897637795,0.31233595800524905,0.44206974128233967,0.478740157480315,2021-05-06,0.33858267716535434,43.0,129.70833333333334
2021-05-06,129.70833333333334,43,0.33858267716535434,0.33858267716535434,0.3228346456692913,0.4645669291338583,0.7086614173228346,0.375328083989501,0.4769403824521935,0.47112860892388453,2021-05-07,0.6614173228346457,84.0,249.45833333333331
2021-05-07,249.45833333333331,84,0.6614173228346457,0.6614173228346457,0.33858267716535434,0.3228346456692913,0.6062992125984252,0.44094488188976344,0.47019122609673797,0.4727034120734908,2021-05-08,0.5748031496062992,73.0,218.5
2021-05-08,218.5,73,0.5748031496062992,0.5748031496062992,0.6614173228346457,0.33858267716535434,0.7480314960629921,0.5249343832020994,0.46569178852643417,0.48031496062992124,2021-05-09,0.2047244094488189,26.0,80.25
2021-05-09,80.25,26,0.2047244094488189,0.2047244094488189,0.5748031496062992,0.6614173228346457,0.14960629921259844,0.4803149606299209,0.3880764904386952,0.46771653543307085,2021-05-10,0.5826771653543307,74.0,220.83333333333331
2021-05-10,220.83333333333331,74,0.5826771653543307,0.5826771653543307,0.2047244094488189,0.5748031496062992,0.4645669291338583,0.4540682414698159,0.4499437570303712,0.47139107611548553,2021-05-11,0.7086614173228346,90.0,268.4583333333333
2021-05-11,268.4583333333333,90,0.7086614173228346,0.7086614173228346,0.5826771653543307,0.2047244094488189,0.3228346456692913,0.49868766404199444,0.484814398200225,0.48215223097112864,2021-05-12,0.905511811023622,115.0,341.625
2021-05-12,341.625,115,0.905511811023622,0.905511811023622,0.7086614173228346,0.5826771653543307,0.33858267716535434,0.7322834645669287,0.5680539932508436,0.505249343832021,2021-05-13,0.8818897637795275,112.0,333.7083333333333
2021-05-13,333.7083333333333,112,0.8818897637795275,0.8818897637795275,0.905511811023622,0.7086614173228346,0.6614173228346457,0.8320209973753278,0.6456692913385826,0.5086614173228347,2021-05-14,0.8188976377952756,104.0,308.625
2021-05-14,308.625,104,0.8188976377952756,0.8188976377952756,0.8818897637795275,0.905511811023622,0.5748031496062992,0.8687664041994747,0.6681664791901012,0.5233595800524934,2021-05-15,0.7007874015748031,89.0,265.125
2021-05-15,265.125,89,0.7007874015748031,0.7007874015748031,0.8188976377952756,0.8818897637795275,0.2047244094488189,0.8005249343832018,0.6861642294713162,0.5346456692913385,2021-05-16,0.49606299212598426,63.0,188.20833333333331
2021-05-16,188.20833333333331,63,0.49606299212598426,0.49606299212598426,0.7007874015748031,0.8188976377952756,0.5826771653543307,0.6719160104986873,0.7277840269966254,0.5404199475065617,2021-05-17,0.7007874015748031,89.0,263.8333333333333
2021-05-17,263.8333333333333,89,0.7007874015748031,0.7007874015748031,0.49606299212598426,0.7007874015748031,0.7086614173228346,0.6325459317585299,0.7446569178852643,0.5485564304461942,2021-05-18,0.8740157480314961,111.0,330.5
2021-05-18,330.5,111,0.8740157480314961,0.8740157480314961,0.7007874015748031,0.49606299212598426,0.905511811023622,0.6902887139107609,0.7682789651293589,0.5582677165354331,2021-05-19,0.8267716535433071,105.0,312.1666666666667
2021-05-19,312.1666666666667,105,0.8267716535433071,0.8267716535433071,0.8740157480314961,0.7007874015748031,0.8818897637795275,0.8005249343832018,0.7570303712035995,0.5695538057742783,2021-05-20,0.7401574803149606,94.0,279.125
2021-05-20,279.125,94,0.7401574803149606,0.7401574803149606,0.8267716535433071,0.8740157480314961,0.8188976377952756,0.8136482939632543,0.7367829021372329,0.5871391076115485,2021-05-21,0.7244094488188977,92.0,273.5
2021-05-21,273.5,92,0.7244094488188977,0.7244094488188977,0.7401574803149606,0.8267716535433071,0.7007874015748031,0.7637795275590548,0.7232845894263217,0.589238845144357,2021-05-22,0.5748031496062992,73.0,217.125
2021-05-22,217.125,73,0.5748031496062992,0.5748031496062992,0.7244094488188977,0.7401574803149606,0.49606299212598426,0.6797900262467188,0.7052868391451069,0.5892388451443569,2021-05-23,0.49606299212598426,63.0,187.66666666666663
2021-05-23,187.66666666666663,63,0.49606299212598426,0.49606299212598426,0.5748031496062992,0.7244094488188977,0.7007874015748031,0.5984251968503934,0.7052868391451069,0.5837270341207349,2021-05-24,0.6377952755905512,81.0,241.29166666666663
2021-05-24,241.29166666666663,81,0.6377952755905512,0.6377952755905512,0.49606299212598426,0.5748031496062992,0.8740157480314961,0.5695538057742778,0.6962879640044994,0.5931758530183727,2021-05-25,0.6535433070866141,83.0,248.625
2021-05-25,248.625,83,0.6535433070866141,0.6535433070866141,0.6377952755905512,0.49606299212598426,0.8267716535433071,0.5958005249343828,0.6647919010123734,0.5902887139107612,2021-05-26,0.3858267716535433,49.0,146.125
2021-05-26,146.125,49,0.3858267716535433,0.3858267716535433,0.6535433070866141,0.6377952755905512,0.7401574803149606,0.5590551181102359,0.6017997750281214,0.5850393700787401,2021-05-27,0.7795275590551181,99.0,294.5833333333333
2021-05-27,294.5833333333333,99,0.7795275590551181,0.7795275590551181,0.3858267716535433,0.6535433070866141,0.7244094488188977,0.6062992125984249,0.607424071991001,0.5902887139107611,2021-05-28,0.11811023622047244,15.0,48.083333333333336
2021-05-28,48.083333333333336,15,0.11811023622047244,0.11811023622047244,0.7795275590551181,0.3858267716535433,0.5748031496062992,0.427821522309711,0.5208098987626546,0.5826771653543308,2021-05-29,0.968503937007874,123.0,365.25
2021-05-29,365.25,123,0.968503937007874,0.968503937007874,0.11811023622047244,0.7795275590551181,0.49606299212598426,0.6220472440944879,0.5770528683914511,0.6118110236220473,2021-05-30,0.984251968503937,125.0,370.0
2021-05-30,370.0,125,0.984251968503937,0.984251968503937,0.968503937007874,0.11811023622047244,0.6377952755905512,0.6902887139107609,0.6467941507311586,0.620997375328084,2021-05-31,0.7086614173228346,90.0,267.9583333333333
2021-05-31,267.9583333333333,90,0.7086614173228346,0.7086614173228346,0.984251968503937,0.968503937007874,0.6535433070866141,0.8871391076115481,0.6569178852643419,0.6244094488188977,2021-06-01,0.8267716535433071,105.0,313.5833333333333
2021-06-01,313.5833333333333,105,0.8267716535433071,0.8267716535433071,0.7086614173228346,0.984251968503937,0.3858267716535433,0.8398950131233592,0.6816647919010125,0.6270341207349082,2021-06-02,0.1968503937007874,25.0,76.70833333333333
2021-06-02,76.70833333333333,25,0.1968503937007874,0.1968503937007874,0.8267716535433071,0.7086614173228346,0.7795275590551181,0.5774278215223093,0.6546681664791901,0.6286089238845144,2021-06-03,0.6456692913385826,82.0,244.45833333333331
2021-06-03,244.45833333333331,82,0.6456692913385826,0.6456692913385826,0.1968503937007874,0.8267716535433071,0.11811023622047244,0.5564304461942254,0.6355455568053994,0.6346456692913385,2021-06-04,0.7716535433070866,98.0,290.6666666666667
2021-06-04,290.6666666666667,98,0.7716535433070866,0.7716535433070866,0.6456692913385826,0.1968503937007874,0.968503937007874,0.5380577427821519,0.7289088863892014,0.6496062992125984,2021-06-05,0.8740157480314961,111.0,330.0416666666667
2021-06-05,330.0416666666667,111,0.8740157480314961,0.8740157480314961,0.7716535433070866,0.6456692913385826,0.984251968503937,0.7637795275590548,0.7154105736782902,0.6674540682414698,2021-06-06,0.9133858267716536,116.0,345.0416666666667
2021-06-06,345.0416666666667,116,0.9133858267716536,0.9133858267716536,0.8740157480314961,0.7716535433070866,0.7086614173228346,0.8530183727034117,0.7052868391451069,0.6758530183727035,2021-06-07,0.5196850393700787,66.0,198.70833333333331
2021-06-07,198.70833333333331,66,0.5196850393700787,0.5196850393700787,0.9133858267716536,0.8740157480314961,0.8267716535433071,0.7690288713910759,0.6782902137232847,0.674015748031496,2021-06-08,0.4881889763779528,62.0,186.79166666666663
2021-06-08,186.79166666666663,62,0.4881889763779528,0.4881889763779528,0.5196850393700787,0.9133858267716536,0.1968503937007874,0.6404199475065614,0.6299212598425197,0.6834645669291338,2021-06-09,0.8740157480314961,111.0,330.625
2021-06-09,330.625,111,0.8740157480314961,0.8740157480314961,0.4881889763779528,0.5196850393700787,0.6456692913385826,0.6272965879265089,0.7266591676040495,0.6931758530183727,2021-06-10,0.889763779527559,113.0,336.3333333333333
2021-06-10,336.3333333333333,113,0.889763779527559,0.889763779527559,0.8740157480314961,0.4881889763779528,0.7716535433070866,0.7506561679790024,0.7615298087739032,0.6992125984251968,2021-06-11,0.9212598425196851,117.0,346.125
2021-06-11,346.125,117,0.9212598425196851,0.9212598425196851,0.889763779527559,0.8740157480314961,0.8740157480314961,0.8950131233595798,0.7829021372328459,0.6997375328083989,2021-06-12,0.7637795275590551,97.0,289.0833333333333
2021-06-12,289.0833333333333,97,0.7637795275590551,0.7637795275590551,0.9212598425196851,0.889763779527559,0.9133858267716536,0.8582677165354328,0.7671541057367829,0.6958005249343832,2021-06-13,0.9212598425196851,117.0,348.3333333333333
2021-06-13,348.3333333333333,117,0.9212598425196851,0.9212598425196851,0.7637795275590551,0.9212598425196851,0.5196850393700787,0.8687664041994747,0.7682789651293588,0.6992125984251968,2021-06-14,0.6771653543307087,86.0,257.6666666666667
2021-06-14,257.6666666666667,86,0.6771653543307087,0.6771653543307087,0.9212598425196851,0.7637795275590551,0.4881889763779528,0.7874015748031492,0.7907761529808773,0.6984251968503937,2021-06-15,0.8976377952755905,114.0,338.9166666666667
2021-06-15,338.9166666666667,114,0.8976377952755905,0.8976377952755905,0.6771653543307087,0.9212598425196851,0.8740157480314961,0.8320209973753278,0.8492688413948256,0.7118110236220473,2021-06-16,0.9606299212598425,122.0,361.4583333333333
2021-06-16,361.4583333333333,122,0.9606299212598425,0.9606299212598425,0.8976377952755905,0.6771653543307087,0.889763779527559,0.8451443569553803,0.8616422947131609,0.7204724409448818,2021-06-17,0.952755905511811,121.0,360.2916666666667
2021-06-17,360.2916666666667,121,0.952755905511811,0.952755905511811,0.9606299212598425,0.8976377952755905,0.9212598425196851,0.9370078740157477,0.8706411698537683,0.7230971128608924,2021-06-18,0.5354330708661418,68.0,203.04166666666663
2021-06-18,203.04166666666663,68,0.5354330708661418,0.5354330708661418,0.952755905511811,0.9606299212598425,0.7637795275590551,0.8162729658792648,0.8155230596175479,0.7133858267716536,2021-06-19,0.28346456692913385,36.0,109.75
2021-06-19,109.75,36,0.28346456692913385,0.28346456692913385,0.5354330708661418,0.952755905511811,0.9212598425196851,0.5905511811023619,0.7469066366704161,0.6981627296587927,2021-06-20,0.7952755905511811,101.0,300.625
2021-06-20,300.625,101,0.7952755905511811,0.7952755905511811,0.28346456692913385,0.5354330708661418,0.6771653543307087,0.538057742782152,0.7289088863892014,0.7005249343832021,2021-06-21,0.5826771653543307,74.0,220.79166666666663
2021-06-21,220.79166666666663,74,0.5826771653543307,0.5826771653543307,0.7952755905511811,0.28346456692913385,0.8976377952755905,0.553805774278215,0.7154105736782902,0.7007874015748032,2021-06-22,0.6771653543307087,86.0,255.70833333333331
2021-06-22,255.70833333333331,86,0.6771653543307087,0.6771653543307087,0.5826771653543307,0.7952755905511811,0.9606299212598425,0.6850393700787398,0.6839145106861642,0.7068241469816273,2021-06-23,0.5039370078740157,64.0,192.79166666666663
2021-06-23,192.79166666666663,64,0.5039370078740157,0.5039370078740157,0.6771653543307087,0.5826771653543307,0.952755905511811,0.5879265091863514,0.6186726659167604,0.7023622047244094,2021-06-24,0.6377952755905512,81.0,241.5
2021-06-24,241.5,81,0.6377952755905512,0.6377952755905512,0.5039370078740157,0.6771653543307087,0.5354330708661418,0.606299212598425,0.5736782902137233,0.7018372703412072,2021-06-25,0.14960629921259844,19.0,59.25
2021-06-25,59.25,19,0.14960629921259844,0.14960629921259844,0.6377952755905512,0.5039370078740157,0.28346456692913385,0.43044619422572156,0.5185601799775028,0.6939632545931759,2021-06-26,0.3700787401574803,47.0,141.45833333333334
2021-06-26,141.45833333333334,47,0.3700787401574803,0.3700787401574803,0.14960629921259844,0.6377952755905512,0.7952755905511811,0.38582677165354307,0.530933633295838,0.6803149606299214,2021-06-27,0.6377952755905512,81.0,240.75
2021-06-27,240.75,81,0.6377952755905512,0.6377952755905512,0.3700787401574803,0.14960629921259844,0.5826771653543307,0.38582677165354307,0.5084364454443194,0.6976377952755904,2021-06-28,0.7480314960629921,95.0,283.625
2021-06-28,283.625,95,0.7480314960629921,0.7480314960629921,0.6377952755905512,0.3700787401574803,0.6771653543307087,0.585301837270341,0.5320584926884139,0.6902887139107611,2021-06-29,0.6220472440944882,79.0,235.625
2021-06-29,235.625,79,0.6220472440944882,0.6220472440944882,0.7480314960629921,0.6377952755905512,0.5039370078740157,0.6692913385826769,0.5241844769403825,0.6782152230971128,2021-06-30,0.3858267716535433,49.0,146.16666666666666
2021-06-30,146.16666666666666,49,0.3858267716535433,0.3858267716535433,0.6220472440944882,0.7480314960629921,0.6377952755905512,0.585301837270341,0.5073115860517435,0.6674540682414699,2021-07-01,0.7874015748031497,100.0,296.25
2021-07-01,296.25,100,0.7874015748031497,0.7874015748031497,0.3858267716535433,0.6220472440944882,0.14960629921259844,0.5984251968503935,0.5286839145106862,0.6661417322834645,2021-07-02,0.8346456692913385,106.0,314.3333333333333
2021-07-02,314.3333333333333,106,0.8346456692913385,0.8346456692913385,0.7874015748031497,0.3858267716535433,0.3700787401574803,0.6692913385826769,0.6265466816647918,0.6874015748031497,2021-07-03,0.8267716535433071,105.0,312.7916666666667
2021-07-03,312.7916666666667,105,0.8267716535433071,0.8267716535433071,0.8346456692913385,0.7874015748031497,0.6377952755905512,0.8162729658792648,0.6917885264341956,0.6934383202099738,2021-07-04,0.8188976377952756,104.0,308.7916666666667
2021-07-04,308.7916666666667,104,0.8188976377952756,0.8188976377952756,0.8267716535433071,0.8346456692913385,0.7480314960629921,0.8267716535433068,0.7176602924634421,0.6950131233595801,2021-07-05,0.889763779527559,113.0,334.875
2021-07-05,334.875,113,0.889763779527559,0.889763779527559,0.8188976377952756,0.8267716535433071,0.6220472440944882,0.8451443569553803,0.7379077615298087,0.6955380577427822,2021-07-06,0.7874015748031497,100.0,296.25
2021-07-06,296.25,100,0.7874015748031497,0.7874015748031497,0.889763779527559,0.8188976377952756,0.3858267716535433,0.832020997375328,0.7615298087739032,0.6913385826771653,2021-07-07,0.5669291338582677,72.0,214.125
2021-07-07,214.125,72,0.5669291338582677,0.5669291338582677,0.7874015748031497,0.889763779527559,0.7874015748031497,0.748031496062992,0.7874015748031497,0.6929133858267716,2021-07-08,0.3779527559055118,48.0,143.91666666666666
2021-07-08,143.91666666666666,48,0.3779527559055118,0.3779527559055118,0.5669291338582677,0.7874015748031497,0.8346456692913385,0.5774278215223095,0.7289088863892014,0.6892388451443571,2021-07-09,0.8503937007874016,108.0,319.625
2021-07-09,319.625,108,0.8503937007874016,0.8503937007874016,0.3779527559055118,0.5669291338582677,0.8267716535433071,0.5984251968503935,0.7311586051743532,0.6884514435695538,2021-07-10,0.8188976377952756,104.0,310.2083333333333
2021-07-10,310.2083333333333,104,0.8188976377952756,0.8188976377952756,0.8503937007874016,0.3779527559055118,0.8188976377952756,0.6824146981627295,0.7300337457817773,0.6860892388451443,2021-07-11,0.15748031496062992,20.0,63.375
2021-07-11,63.375,20,0.15748031496062992,0.15748031496062992,0.8188976377952756,0.8503937007874016,0.889763779527559,0.6089238845144355,0.6355455568053994,0.6606299212598425,2021-07-12,0.2283464566929134,29.0,89.04166666666667
2021-07-12,89.04166666666667,29,0.2283464566929134,0.2283464566929134,0.15748031496062992,0.8188976377952756,0.7874015748031497,0.4015748031496061,0.5410573678290214,0.6427821522309711,2021-07-13,0.4330708661417323,55.0,164.83333333333334
2021-07-13,164.83333333333334,55,0.4330708661417323,0.4330708661417323,0.2283464566929134,0.15748031496062992,0.5669291338582677,0.27296587926509164,0.4904386951631046,0.626509186351706,2021-07-14,0.7637795275590551,97.0,288.8333333333333
2021-07-14,288.8333333333333,97,0.7637795275590551,0.7637795275590551,0.4330708661417323,0.2283464566929134,0.3779527559055118,0.4750656167979,0.5185601799775028,0.6293963254593177,2021-07-15,0.5984251968503937,76.0,227.25
2021-07-15,227.25,76,0.5984251968503937,0.5984251968503937,0.7637795275590551,0.4330708661417323,0.8503937007874016,0.5984251968503934,0.5500562429696289,0.6194225721784776,2021-07-16,0.14173228346456693,18.0,56.125
2021-07-16,56.125,18,0.14173228346456693,0.14173228346456693,0.5984251968503937,0.7637795275590551,0.8188976377952756,0.5013123359580051,0.44881889763779526,0.5921259842519685,2021-07-17,0.7165354330708661,91.0,271.5833333333333
2021-07-17,271.5833333333333,91,0.7165354330708661,0.7165354330708661,0.14173228346456693,0.5984251968503937,0.15748031496062992,0.485564304461942,0.4341957255343082,0.584251968503937,2021-07-18,0.8267716535433071,105.0,312.125
2021-07-18,312.125,105,0.8267716535433071,0.8267716535433071,0.7165354330708661,0.14173228346456693,0.2283464566929134,0.5616797900262465,0.5298087739032621,0.5939632545931759,2021-07-19,0.7637795275590551,97.0,289.5833333333333
2021-07-19,289.5833333333333,97,0.7637795275590551,0.7637795275590551,0.8267716535433071,0.7165354330708661,0.4330708661417323,0.7690288713910759,0.6062992125984251,0.6099737532808399,2021-07-20,0.7952755905511811,101.0,299.25
2021-07-20,299.25,101,0.7952755905511811,0.7952755905511811,0.7637795275590551,0.8267716535433071,0.7637795275590551,0.7952755905511809,0.6580427446569178,0.6099737532808399,2021-07-21,0.889763779527559,113.0,334.5
2021-07-21,334.5,113,0.889763779527559,0.889763779527559,0.7952755905511811,0.7637795275590551,0.5984251968503937,0.8162729658792648,0.6760404949381327,0.6202099737532809,2021-07-22,0.7007874015748031,89.0,266.5
2021-07-22,266.5,89,0.7007874015748031,0.7007874015748031,0.889763779527559,0.7952755905511811,0.14173228346456693,0.7952755905511809,0.6906636670416199,0.620997375328084,2021-07-23,0.29133858267716534,37.0,111.16666666666669
2021-07-23,111.16666666666669,37,0.29133858267716534,0.29133858267716534,0.7007874015748031,0.889763779527559,0.7165354330708661,0.627296587926509,0.7120359955005623,0.6139107611548557,2021-07-24,0.4645669291338583,59.0,176.95833333333334
2021-07-24,176.95833333333334,59,0.4645669291338583,0.4645669291338583,0.29133858267716534,0.7007874015748031,0.8267716535433071,0.485564304461942,0.6760404949381327,0.6081364829396326,2021-07-25,0.8818897637795275,112.0,331.5833333333333
2021-07-25,331.5833333333333,112,0.8818897637795275,0.8818897637795275,0.4645669291338583,0.29133858267716534,0.7637795275590551,0.5459317585301835,0.6839145106861643,0.6325459317585301,2021-07-26,0.8740157480314961,111.0,330.8333333333333
2021-07-26,330.8333333333333,111,0.8740157480314961,0.8740157480314961,0.8818897637795275,0.4645669291338583,0.7952755905511811,0.7401574803149605,0.6996625421822271,0.6493438320209973,2021-07-27,0.6299212598425197,80.0,237.33333333333331
2021-07-27,237.33333333333331,80,0.6299212598425197,0.6299212598425197,0.8740157480314961,0.8818897637795275,0.889763779527559,0.7952755905511809,0.6760404949381328,0.6490813648293963,2021-07-28,0.8267716535433071,105.0,311.0
2021-07-28,311.0,105,0.8267716535433071,0.8267716535433071,0.6299212598425197,0.8740157480314961,0.7007874015748031,0.7769028871391074,0.6670416197975253,0.6517060367454068,2021-07-29,0.7086614173228346,90.0,268.7916666666667
2021-07-29,268.7916666666667,90,0.7086614173228346,0.7086614173228346,0.8267716535433071,0.6299212598425197,0.29133858267716534,0.7217847769028869,0.6681664791901013,0.6545931758530183,2021-07-30,0.8188976377952756,104.0,310.0
2021-07-30,310.0,104,0.8188976377952756,0.8188976377952756,0.7086614173228346,0.8267716535433071,0.4645669291338583,0.7847769028871389,0.7435320584926883,0.669028871391076,2021-07-31,0.7874015748031497,100.0,298.1666666666667
2021-07-31,298.1666666666667,100,0.7874015748031497,0.7874015748031497,0.8188976377952756,0.7086614173228346,0.8818897637795275,0.7716535433070865,0.7896512935883014,0.6690288713910761,2021-08-01,0.7244094488188977,92.0,274.9166666666667
2021-08-01,274.9166666666667,92,0.7244094488188977,0.7244094488188977,0.7874015748031497,0.8188976377952756,0.8740157480314961,0.7769028871391074,0.7671541057367829,0.6653543307086615,2021-08-02,0.5905511811023622,75.0,224.33333333333331
2021-08-02,224.33333333333331,75,0.5905511811023622,0.5905511811023622,0.7244094488188977,0.7874015748031497,0.6299212598425197,0.7007874015748029,0.7266591676040495,0.65748031496063,2021-08-03,0.7007874015748031,89.0,265.2083333333333
2021-08-03,265.2083333333333,89,0.7007874015748031,0.7007874015748031,0.5905511811023622,0.7244094488188977,0.8267716535433071,0.6719160104986873,0.7367829021372329,0.6535433070866142,2021-08-04,0.8031496062992126,102.0,303.2083333333333
2021-08-04,303.2083333333333,102,0.8031496062992126,0.8031496062992126,0.7007874015748031,0.5905511811023622,0.7086614173228346,0.6981627296587924,0.7334083239595051,0.6506561679790026,2021-08-05,0.8031496062992126,102.0,304.0416666666667
2021-08-05,304.0416666666667,102,0.8031496062992126,0.8031496062992126,0.8031496062992126,0.7007874015748031,0.8188976377952756,0.7690288713910759,0.7469066366704161,0.6511811023622047,2021-08-06,0.6614173228346457,84.0,250.0
2021-08-06,250.0,84,0.6614173228346457,0.6614173228346457,0.8031496062992126,0.8031496062992126,0.7874015748031497,0.7559055118110235,0.7244094488188976,0.6543307086614174,2021-08-07,0.6062992125984252,77.0,228.875
2021-08-07,228.875,77,0.6062992125984252,0.6062992125984252,0.6614173228346457,0.8031496062992126,0.7244094488188977,0.690288713910761,0.6985376827896513,0.6619422572178478,2021-08-08,0.6220472440944882,79.0,236.0
2021-08-08,236.0,79,0.6220472440944882,0.6220472440944882,0.6062992125984252,0.6614173228346457,0.5905511811023622,0.6299212598425195,0.6839145106861643,0.6543307086614173,2021-08-09,0.5118110236220472,65.0,193.95833333333331
2021-08-09,193.95833333333331,65,0.5118110236220472,0.5118110236220472,0.6220472440944882,0.6062992125984252,0.7007874015748031,0.5800524934383199,0.672665916760405,0.6440944881889764,2021-08-10,0.6929133858267716,88.0,263.125
2021-08-10,263.125,88,0.6929133858267716,0.6929133858267716,0.5118110236220472,0.6220472440944882,0.8031496062992126,0.6089238845144355,0.671541057367829,0.6619422572178476,2021-08-11,0.4094488188976378,52.0,155.625
2021-08-11,155.625,52,0.4094488188976378,0.4094488188976378,0.6929133858267716,0.5118110236220472,0.8031496062992126,0.5380577427821519,0.6152980877390327,0.667979002624672,2021-08-12,0.6299212598425197,80.0,237.83333333333331
2021-08-12,237.83333333333331,80,0.6299212598425197,0.6299212598425197,0.4094488188976378,0.6929133858267716,0.6614173228346457,0.5774278215223095,0.5905511811023622,0.6745406824146981,2021-08-13,0.47244094488188976,60.0,179.95833333333334
2021-08-13,179.95833333333334,60,0.47244094488188976,0.47244094488188976,0.6299212598425197,0.4094488188976378,0.6062992125984252,0.5039370078740155,0.5635545556805399,0.6648293963254592,2021-08-14,0.8346456692913385,106.0,316.0
2021-08-14,316.0,106,0.8346456692913385,0.8346456692913385,0.47244094488188976,0.6299212598425197,0.6220472440944882,0.6456692913385824,0.5961754780652418,0.6727034120734908,2021-08-15,0.8267716535433071,105.0,312.9166666666667
2021-08-15,312.9166666666667,105,0.8267716535433071,0.8267716535433071,0.8346456692913385,0.47244094488188976,0.5118110236220472,0.711286089238845,0.6254218222722159,0.6955380577427821,2021-08-16,0.25984251968503935,33.0,100.79166666666669
2021-08-16,100.79166666666669,33,0.25984251968503935,0.25984251968503935,0.8267716535433071,0.8346456692913385,0.6929133858267716,0.6404199475065614,0.5894263217097863,0.6803149606299213,2021-08-17,0.7322834645669292,93.0,277.5416666666667
2021-08-17,277.5416666666667,93,0.7322834645669292,0.7322834645669292,0.25984251968503935,0.8267716535433071,0.4094488188976378,0.606299212598425,0.5950506186726658,0.6771653543307087,2021-08-18,0.4409448818897638,56.0,167.04166666666666
2021-08-18,167.04166666666666,56,0.4409448818897638,0.4409448818897638,0.7322834645669292,0.25984251968503935,0.6299212598425197,0.4776902887139105,0.5995500562429695,0.6664041994750656,2021-08-19,0.6692913385826772,85.0,254.41666666666663
2021-08-19,254.41666666666663,85,0.6692913385826772,0.6692913385826772,0.4409448818897638,0.7322834645669292,0.47244094488188976,0.6141732283464565,0.6051743532058493,0.6622047244094488,2021-08-20,0.7559055118110236,96.0,285.8333333333333
2021-08-20,285.8333333333333,96,0.7559055118110236,0.7559055118110236,0.6692913385826772,0.4409448818897638,0.8346456692913385,0.622047244094488,0.6456692913385826,0.6577427821522309,2021-08-21,0.7086614173228346,90.0,268.75
2021-08-21,268.75,90,0.7086614173228346,0.7086614173228346,0.7559055118110236,0.6692913385826772,0.8267716535433071,0.711286089238845,0.6276715410573678,0.6580052493438321,2021-08-22,0.6929133858267716,88.0,261.5416666666667
2021-08-22,261.5416666666667,88,0.6929133858267716,0.6929133858267716,0.7086614173228346,0.7559055118110236,0.25984251968503935,0.7191601049868764,0.608548931383577,0.6713910761154855,2021-08-23,0.7559055118110236,96.0,286.25
2021-08-23,286.25,96,0.7559055118110236,0.7559055118110236,0.6929133858267716,0.7086614173228346,0.7322834645669292,0.7191601049868764,0.6794150731158605,0.6811023622047243,2021-08-24,0.7007874015748031,89.0,265.1666666666667
2021-08-24,265.1666666666667,89,0.7007874015748031,0.7007874015748031,0.7559055118110236,0.6929133858267716,0.4409448818897638,0.7165354330708659,0.6749156355455569,0.6750656167979002,2021-08-25,0.6220472440944882,79.0,236.79166666666663
2021-08-25,236.79166666666663,79,0.6220472440944882,0.6220472440944882,0.7007874015748031,0.7559055118110236,0.6692913385826772,0.6929133858267714,0.7007874015748031,0.6666666666666666,2021-08-26,0.5669291338582677,72.0,215.33333333333331
2021-08-26,215.33333333333331,72,0.5669291338582677,0.5669291338582677,0.6220472440944882,0.7007874015748031,0.7559055118110236,0.6299212598425195,0.6861642294713161,0.6645669291338583,2021-08-27,0.4409448818897638,56.0,167.16666666666666
2021-08-27,167.16666666666666,56,0.4409448818897638,0.4409448818897638,0.5669291338582677,0.6220472440944882,0.7086614173228346,0.543307086614173,0.641169853768279,0.651706036745407,2021-08-28,0.6929133858267716,88.0,262.2083333333333
2021-08-28,262.2083333333333,88,0.6929133858267716,0.6929133858267716,0.4409448818897638,0.5669291338582677,0.6929133858267716,0.5669291338582675,0.6389201349831272,0.6511811023622047,2021-08-29,0.6692913385826772,85.0,254.83333333333331
2021-08-29,254.83333333333331,85,0.6692913385826772,0.6692913385826772,0.6929133858267716,0.4409448818897638,0.7559055118110236,0.601049868766404,0.6355455568053994,0.6461942257217849,2021-08-30,0.7086614173228346,90.0,267.9166666666667
2021-08-30,267.9166666666667,90,0.7086614173228346,0.7086614173228346,0.6692913385826772,0.6929133858267716,0.7007874015748031,0.6902887139107609,0.6287964004499438,0.6435695538057742,2021-08-31,0.6062992125984252,77.0,229.66666666666663
2021-08-31,229.66666666666663,77,0.6062992125984252,0.6062992125984252,0.7086614173228346,0.6692913385826772,0.6220472440944882,0.6614173228346455,0.6152980877390327,0.6396325459317586,2021-09-01,0.7480314960629921,95.0,282.2083333333333
2021-09-01,282.2083333333333,95,0.7480314960629921,0.7480314960629921,0.6062992125984252,0.7086614173228346,0.5669291338582677,0.6876640419947505,0.6332958380202475,0.6448818897637795,2021-09-02,0.7480314960629921,95.0,283.3333333333333
2021-09-02,283.3333333333333,95,0.7480314960629921,0.7480314960629921,0.7480314960629921,0.6062992125984252,0.4409448818897638,0.7007874015748029,0.6591676040494938,0.6464566929133858,2021-09-03,0.6062992125984252,77.0,229.04166666666663
2021-09-03,229.04166666666663,77,0.6062992125984252,0.6062992125984252,0.7480314960629921,0.7480314960629921,0.6929133858267716,0.7007874015748029,0.6827896512935884,0.6398950131233596,2021-09-04,0.4251968503937008,54.0,162.08333333333334
2021-09-04,162.08333333333334,54,0.4251968503937008,0.4251968503937008,0.6062992125984252,0.7480314960629921,0.6692913385826772,0.5931758530183725,0.6445444319460069,0.6272965879265092,2021-09-05,0.6771653543307087,86.0,256.4166666666667
2021-09-05,256.4166666666667,86,0.6771653543307087,0.6771653543307087,0.4251968503937008,0.6062992125984252,0.7086614173228346,0.569553805774278,0.6456692913385826,0.6278215223097112,2021-09-06,0.7165354330708661,91.0,271.5833333333333
2021-09-06,271.5833333333333,91,0.7165354330708661,0.7165354330708661,0.6771653543307087,0.4251968503937008,0.6062992125984252,0.606299212598425,0.6467941507311586,0.6314960629921259,2021-09-07,0.6141732283464567,78.0,234.16666666666663
2021-09-07,234.16666666666663,78,0.6141732283464567,0.6141732283464567,0.7165354330708661,0.6771653543307087,0.7480314960629921,0.6692913385826769,0.6479190101237345,0.631233595800525,2021-09-08,0.6535433070866141,83.0,247.29166666666663
2021-09-08,247.29166666666663,83,0.6535433070866141,0.6535433070866141,0.6141732283464567,0.7165354330708661,0.7480314960629921,0.6614173228346454,0.6344206974128234,0.6359580052493439,2021-09-09,0.4094488188976378,52.0,154.91666666666666
2021-09-09,154.91666666666666,52,0.4094488188976378,0.4094488188976378,0.6535433070866141,0.6141732283464567,0.6062992125984252,0.559055118110236,0.5860517435320585,0.626509186351706,2021-09-10,0.6614173228346457,84.0,251.83333333333331
2021-09-10,251.83333333333331,84,0.6614173228346457,0.6614173228346457,0.4094488188976378,0.6535433070866141,0.4251968503937008,0.574803149606299,0.59392575928009,0.6349081364829396,2021-09-11,0.6062992125984252,77.0,229.91666666666663
2021-09-11,229.91666666666663,77,0.6062992125984252,0.6062992125984252,0.6614173228346457,0.4094488188976378,0.6771653543307087,0.559055118110236,0.6197975253093364,0.6341207349081365,2021-09-12,0.4251968503937008,54.0,162.70833333333334
2021-09-12,162.70833333333334,54,0.4251968503937008,0.4251968503937008,0.6062992125984252,0.6614173228346457,0.7165354330708661,0.5643044619422569,0.5838020247469066,0.6325459317585302,2021-09-13,0.2204724409448819,28.0,84.83333333333333
2021-09-13,84.83333333333333,28,0.2204724409448819,0.2204724409448819,0.4251968503937008,0.6062992125984252,0.6141732283464567,0.41732283464566905,0.5129358830146232,0.6120734908136483,2021-09-14,0.4881889763779528,62.0,184.375
2021-09-14,184.375,62,0.4881889763779528,0.4881889763779528,0.2204724409448819,0.4251968503937008,0.6535433070866141,0.3779527559055116,0.4949381327334083,0.6007874015748033,2021-09-15,0.4251968503937008,54.0,163.625
2021-09-15,163.625,54,0.4251968503937008,0.4251968503937008,0.4881889763779528,0.2204724409448819,0.4094488188976378,0.3779527559055116,0.4623172103487065,0.6062992125984252,2021-09-16,0.6377952755905512,81.0,241.45833333333331
2021-09-16,241.45833333333331,81,0.6377952755905512,0.6377952755905512,0.4251968503937008,0.4881889763779528,0.6614173228346457,0.517060367454068,0.4949381327334083,0.6031496062992125,2021-09-17,0.6220472440944882,79.0,235.75
2021-09-17,235.75,79,0.6220472440944882,0.6220472440944882,0.6377952755905512,0.4251968503937008,0.6062992125984252,0.5616797900262465,0.4893138357705287,0.6091863517060367,2021-09-18,0.5826771653543307,74.0,221.375
2021-09-18,221.375,74,0.5826771653543307,0.5826771653543307,0.6220472440944882,0.6377952755905512,0.4251968503937008,0.6141732283464565,0.48593925759280093,0.6062992125984252,2021-09-19,0.6220472440944882,79.0,236.5
2021-09-19,236.5,79,0.6220472440944882,0.6220472440944882,0.5826771653543307,0.6220472440944882,0.2204724409448819,0.6089238845144355,0.5140607424071991,0.6018372703412074,2021-09-20,0.2204724409448819,28.0,84.54166666666667
2021-09-20,84.54166666666667,28,0.2204724409448819,0.2204724409448819,0.6220472440944882,0.5826771653543307,0.4881889763779528,0.4750656167979,0.5140607424071991,0.5855643044619422,2021-09-21,0.1968503937007874,25.0,78.125
2021-09-21,78.125,25,0.1968503937007874,0.1968503937007874,0.2204724409448819,0.6220472440944882,0.4251968503937008,0.3464566929133856,0.47244094488188976,0.5690288713910762,2021-09-22,0.047244094488188976,6.0,19.916666666666668
2021-09-22,19.916666666666668,6,0.047244094488188976,0.047244094488188976,0.1968503937007874,0.2204724409448819,0.6377952755905512,0.1548556430446192,0.4184476940382452,0.5454068241469817,2021-09-23,0.10236220472440945,13.0,40.708333333333336
2021-09-23,40.708333333333336,13,0.10236220472440945,0.10236220472440945,0.047244094488188976,0.1968503937007874,0.6220472440944882,0.11548556430446172,0.34195725534308213,0.5254593175853018,2021-09-24,0.5984251968503937,76.0,227.04166666666663
2021-09-24,227.04166666666663,76,0.5984251968503937,0.5984251968503937,0.10236220472440945,0.047244094488188976,0.5826771653543307,0.24934383202099716,0.33858267716535434,0.5246719160104987,2021-09-25,0.36220472440944884,46.0,139.375
2021-09-25,139.375,46,0.36220472440944884,0.36220472440944884,0.5984251968503937,0.10236220472440945,0.6220472440944882,0.35433070866141714,0.30708661417322836,0.5178477690288713,2021-09-26,0.4330708661417323,55.0,164.875
2021-09-26,164.875,55,0.4330708661417323,0.4330708661417323,0.36220472440944884,0.5984251968503937,0.2204724409448819,0.46456692913385805,0.28008998875140606,0.5175853018372704,2021-09-27,0.5433070866141733,69.0,206.58333333333331
2021-09-27,206.58333333333331,69,0.5433070866141733,0.5433070866141733,0.4330708661417323,0.36220472440944884,0.1968503937007874,0.4461942257217846,0.32620922384701917,0.5125984251968504,2021-09-28,0.5748031496062992,73.0,219.20833333333331
2021-09-28,219.20833333333331,73,0.5748031496062992,0.5748031496062992,0.5433070866141733,0.4330708661417323,0.047244094488188976,0.517060367454068,0.3802024746906637,0.5094488188976378,2021-09-29,0.5669291338582677,72.0,215.54166666666663
2021-09-29,215.54166666666663,72,0.5669291338582677,0.5669291338582677,0.5748031496062992,0.5433070866141733,0.10236220472440945,0.5616797900262465,0.45444319460067495,0.5047244094488189,2021-09-30,0.5748031496062992,73.0,217.41666666666663
2021-09-30,217.41666666666663,73,0.5748031496062992,0.5748031496062992,0.5669291338582677,0.5748031496062992,0.5984251968503937,0.5721784776902884,0.5219347581552306,0.5036745406824147,2021-10-01,0.5590551181102362,71.0,211.375
2021-10-01,211.375,71,0.5590551181102362,0.5590551181102362,0.5748031496062992,0.5669291338582677,0.36220472440944884,0.5669291338582675,0.5163104611923509,0.4973753280839895,2021-10-02,0.36220472440944884,46.0,138.58333333333334
2021-10-02,138.58333333333334,46,0.36220472440944884,0.36220472440944884,0.5590551181102362,0.5748031496062992,0.4330708661417323,0.49868766404199455,0.5163104611923509,0.4845144356955381,2021-10-03,0.2047244094488189,26.0,80.70833333333333
2021-10-03,80.70833333333333,26,0.2047244094488189,0.2047244094488189,0.36220472440944884,0.5590551181102362,0.5433070866141733,0.37532808398950107,0.4836895388076491,0.47112860892388453,2021-10-04,0.2283464566929134,29.0,88.16666666666667
2021-10-04,88.16666666666667,29,0.2283464566929134,0.2283464566929134,0.2047244094488189,0.36220472440944884,0.5748031496062992,0.26509186351706016,0.438695163104612,0.4645669291338583,2021-10-05,0.14960629921259844,19.0,59.5
2021-10-05,59.5,19,0.14960629921259844,0.14960629921259844,0.2283464566929134,0.2047244094488189,0.5669291338582677,0.1942257217847767,0.37795275590551175,0.44698162729658797,2021-10-06,0.18110236220472442,23.0,71.79166666666667
2021-10-06,71.79166666666667,23,0.18110236220472442,0.18110236220472442,0.14960629921259844,0.2283464566929134,0.5748031496062992,0.18635170603674522,0.3228346456692913,0.42913385826771655,2021-10-07,0.16535433070866143,21.0,64.08333333333333
2021-10-07,64.08333333333333,21,0.16535433070866143,0.16535433070866143,0.18110236220472442,0.14960629921259844,0.5590551181102362,0.1653543307086612,0.2643419572553431,0.4141732283464567,2021-10-08,0.18110236220472442,23.0,72.0
2021-10-08,72.0,23,0.18110236220472442,0.18110236220472442,0.16535433070866143,0.18110236220472442,0.36220472440944884,0.1758530183727032,0.21034870641169853,0.3984251968503937,2021-10-09,0.4645669291338583,59.0,175.875
2021-10-09,175.875,59,0.4645669291338583,0.4645669291338583,0.18110236220472442,0.16535433070866143,0.2047244094488189,0.2703412073490811,0.2249718785151856,0.400262467191601,2021-10-10,0.2677165354330709,34.0,104.79166666666669
2021-10-10,104.79166666666669,34,0.2677165354330709,0.2677165354330709,0.4645669291338583,0.18110236220472442,0.2283464566929134,0.3044619422572176,0.23397075365579303,0.38713910761154857,2021-10-11,0.3937007874015748,50.0,150.91666666666666
2021-10-11,150.91666666666666,50,0.3937007874015748,0.3937007874015748,0.2677165354330709,0.4645669291338583,0.14960629921259844,0.37532808398950107,0.25759280089988756,0.3800524934383202,2021-10-12,0.2755905511811024,35.0,105.875
2021-10-12,105.875,35,0.2755905511811024,0.2755905511811024,0.3937007874015748,0.2677165354330709,0.18110236220472442,0.31233595800524916,0.2755905511811024,0.3750656167979003,2021-10-13,0.4645669291338583,59.0,176.33333333333334
2021-10-13,176.33333333333334,59,0.4645669291338583,0.4645669291338583,0.2755905511811024,0.3937007874015748,0.16535433070866143,0.3779527559055116,0.3160854893138358,0.3832020997375328,2021-10-14,0.29133858267716534,37.0,112.20833333333331
2021-10-14,112.20833333333331,37,0.29133858267716534,0.29133858267716534,0.4645669291338583,0.2755905511811024,0.18110236220472442,0.3438320209973751,0.3340832395950506,0.3766404199475065,2021-10-15,0.07874015748031496,10.0,31.95833333333333
2021-10-15,31.95833333333333,10,0.07874015748031496,0.07874015748031496,0.29133858267716534,0.4645669291338583,0.4645669291338583,0.27821522309711266,0.3194600674915636,0.3650918635170604,2021-10-16,0.2677165354330709,34.0,104.54166666666669
2021-10-16,104.54166666666669,34,0.2677165354330709,0.2677165354330709,0.07874015748031496,0.29133858267716534,0.2677165354330709,0.21259842519685015,0.29133858267716534,0.3527559055118111,2021-10-17,0.29133858267716534,37.0,111.16666666666669
2021-10-17,111.16666666666669,37,0.29133858267716534,0.29133858267716534,0.2677165354330709,0.07874015748031496,0.3937007874015748,0.21259842519685015,0.29471316085489313,0.3417322834645669,2021-10-18,0.47244094488188976,60.0,178.58333333333334
2021-10-18,178.58333333333334,60,0.47244094488188976,0.47244094488188976,0.29133858267716534,0.2677165354330709,0.2755905511811024,0.3438320209973751,0.3059617547806524,0.3380577427821523,2021-10-19,0.44881889763779526,57.0,170.08333333333334
2021-10-19,170.08333333333334,57,0.44881889763779526,0.44881889763779526,0.47244094488188976,0.29133858267716534,0.4645669291338583,0.40419947506561654,0.3307086614173228,0.33228346456692914,2021-10-20,0.4251968503937008,54.0,160.91666666666666
2021-10-20,160.91666666666666,54,0.4251968503937008,0.4251968503937008,0.44881889763779526,0.47244094488188976,0.29133858267716534,0.4488188976377951,0.32508436445444316,0.3391076115485564,2021-10-21,0.23622047244094488,30.0,92.375
2021-10-21,92.375,30,0.23622047244094488,0.23622047244094488,0.4251968503937008,0.44881889763779526,0.07874015748031496,0.3700787401574801,0.3172103487064117,0.34041994750656174,2021-10-22,0.33858267716535434,43.0,130.29166666666666
2021-10-22,130.29166666666666,43,0.33858267716535434,0.33858267716535434,0.23622047244094488,0.4251968503937008,0.2677165354330709,0.3333333333333331,0.3543307086614173,0.35013123359580056,2021-10-23,0.15748031496062992,20.0,62.66666666666666
2021-10-23,62.66666666666666,20,0.15748031496062992,0.15748031496062992,0.33858267716535434,0.23622047244094488,0.29133858267716534,0.24409448818897617,0.33858267716535434,0.35196850393700785,2021-10-24,0.13385826771653545,17.0,54.083333333333336
2021-10-24,54.083333333333336,17,0.13385826771653545,0.13385826771653545,0.15748031496062992,0.33858267716535434,0.47244094488188976,0.20997375328083967,0.3160854893138358,0.33648293963254594,2021-10-25,0.023622047244094488,3.0,13.125
2021-10-25,13.125,3,0.023622047244094488,0.023622047244094488,0.13385826771653545,0.15748031496062992,0.44881889763779526,0.10498687664041972,0.2519685039370079,0.3251968503937008,2021-10-26,0.2755905511811024,35.0,107.20833333333331
2021-10-26,107.20833333333331,35,0.2755905511811024,0.2755905511811024,0.023622047244094488,0.13385826771653545,0.4251968503937008,0.14435695538057722,0.22722159730033747,0.3199475065616798,2021-10-27,0.10236220472440945,13.0,42.41666666666666
2021-10-27,42.41666666666666,13,0.10236220472440945,0.10236220472440945,0.2755905511811024,0.023622047244094488,0.23622047244094488,0.13385826771653522,0.18110236220472445,0.30524934383202107,2021-10-28,0.28346456692913385,36.0,108.70833333333331
2021-10-28,108.70833333333331,36,0.28346456692913385,0.28346456692913385,0.10236220472440945,0.2755905511811024,0.33858267716535434,0.22047244094488164,0.18785151856017998,0.29553805774278213,2021-10-29,0.03937007874015748,5.0,16.833333333333332
2021-10-29,16.833333333333332,5,0.03937007874015748,0.03937007874015748,0.28346456692913385,0.10236220472440945,0.15748031496062992,0.1417322834645667,0.14510686164229472,0.2779527559055118,2021-10-30,0.06299212598425197,8.0,27.875
2021-10-30,27.875,8,0.06299212598425197,0.06299212598425197,0.03937007874015748,0.28346456692913385,0.13385826771653545,0.1286089238845142,0.13160854893138357,0.2608923884514436,2021-10-31,0.25984251968503935,33.0,99.41666666666669
2021-10-31,99.41666666666669,33,0.25984251968503935,0.25984251968503935,0.06299212598425197,0.03937007874015748,0.023622047244094488,0.1207349081364827,0.1496062992125984,0.2509186351706037,2021-11-01,0.25984251968503935,33.0,99.875
2021-11-01,99.875,33,0.25984251968503935,0.25984251968503935,0.25984251968503935,0.06299212598425197,0.2755905511811024,0.19422572178477668,0.18335208098987626,0.24750656167979004,2021-11-02,0.2047244094488189,26.0,81.29166666666667
2021-11-02,81.29166666666667,26,0.2047244094488189,0.2047244094488189,0.25984251968503935,0.25984251968503935,0.10236220472440945,0.24146981627296563,0.1732283464566929,0.24750656167979004,2021-11-03,0.2440944881889764,31.0,94.79166666666669
2021-11-03,94.79166666666669,31,0.2440944881889764,0.2440944881889764,0.2047244094488189,0.25984251968503935,0.28346456692913385,0.23622047244094466,0.19347581552305962,0.24803149606299213,2021-11-04,0.1732283464566929,22.0,67.54166666666667
2021-11-04,67.54166666666667,22,0.1732283464566929,0.1732283464566929,0.2440944881889764,0.2047244094488189,0.03937007874015748,0.20734908136482919,0.17772778402699663,0.24881889763779527,2021-11-05,0.29133858267716534,37.0,113.0
2021-11-05,113.0,37,0.29133858267716534,0.29133858267716534,0.1732283464566929,0.2440944881889764,0.06299212598425197,0.23622047244094468,0.2137232845894263,0.25249343832021,2021-11-06,0.3228346456692913,41.0,124.5
2021-11-06,124.5,41,0.3228346456692913,0.3228346456692913,0.29133858267716534,0.1732283464566929,0.25984251968503935,0.26246719160104964,0.2508436445444319,0.257742782152231,2021-11-07,0.3543307086614173,45.0,134.625
2021-11-07,134.625,45,0.3543307086614173,0.3543307086614173,0.3228346456692913,0.29133858267716534,0.25984251968503935,0.3228346456692911,0.26434195725534304,0.26351706036745404,2021-11-08,0.3464566929133858,44.0,133.16666666666666
2021-11-08,133.16666666666666,44,0.3464566929133858,0.3464566929133858,0.3543307086614173,0.3228346456692913,0.2047244094488189,0.3412073490813646,0.27671541057367827,0.2595800524934383,2021-11-09,0.07086614173228346,9.0,28.83333333333333
2021-11-09,28.83333333333333,9,0.07086614173228346,0.07086614173228346,0.3464566929133858,0.3543307086614173,0.2440944881889764,0.2572178477690287,0.2575928008998875,0.25301837270341204,2021-11-10,0.2677165354330709,34.0,102.625
2021-11-10,102.625,34,0.2677165354330709,0.2677165354330709,0.07086614173228346,0.3464566929133858,0.1732283464566929,0.22834645669291317,0.2609673790776153,0.24881889763779527,2021-11-11,0.2125984251968504,27.0,83.70833333333333
2021-11-11,83.70833333333333,27,0.2125984251968504,0.2125984251968504,0.2677165354330709,0.07086614173228346,0.29133858267716534,0.18372703412073468,0.26659167604049494,0.24671916010498687,2021-11-12,0.2440944881889764,31.0,94.625
2021-11-12,94.625,31,0.2440944881889764,0.2440944881889764,0.2125984251968504,0.2677165354330709,0.3228346456692913,0.24146981627296568,0.2598425196850394,0.2393700787401575,2021-11-13,0.11023622047244094,14.0,43.583333333333336
2021-11-13,43.583333333333336,14,0.11023622047244094,0.11023622047244094,0.2440944881889764,0.2125984251968504,0.3543307086614173,0.18897637795275568,0.22947131608548932,0.23333333333333334,2021-11-14,0.03937007874015748,5.0,18.95833333333333
2021-11-14,18.95833333333333,5,0.03937007874015748,0.03937007874015748,0.11023622047244094,0.2440944881889764,0.3464566929133858,0.1312335958005247,0.1844769403824522,0.23202099737532808,2021-11-15,0.25196850393700787,32.0,96.58333333333331
2021-11-15,96.58333333333331,32,0.25196850393700787,0.25196850393700787,0.03937007874015748,0.11023622047244094,0.07086614173228346,0.13385826771653522,0.17097862767154107,0.23149606299212597,2021-11-16,0.2677165354330709,34.0,102.66666666666669
2021-11-16,102.66666666666669,34,0.2677165354330709,0.2677165354330709,0.25196850393700787,0.03937007874015748,0.2677165354330709,0.18635170603674522,0.19910011248593926,0.23070866141732285,2021-11-17,0.031496062992125984,4.0,13.958333333333334
2021-11-17,13.958333333333334,4,0.031496062992125984,0.031496062992125984,0.2677165354330709,0.25196850393700787,0.2125984251968504,0.18372703412073468,0.16535433070866143,0.21601049868766403,2021-11-18,0.1732283464566929,22.0,69.0
2021-11-18,69.0,22,0.1732283464566929,0.1732283464566929,0.031496062992125984,0.2677165354330709,0.2440944881889764,0.15748031496062972,0.1597300337457818,0.2068241469816273,2021-11-19,0.31496062992125984,40.0,119.75
2021-11-19,119.75,40,0.31496062992125984,0.31496062992125984,0.1732283464566929,0.031496062992125984,0.11023622047244094,0.1732283464566927,0.16985376827896514,0.20314960629921258,2021-11-20,0.09448818897637795,12.0,37.875
2021-11-20,37.875,12,0.09448818897637795,0.09448818897637795,0.31496062992125984,0.1732283464566929,0.03937007874015748,0.1942257217847767,0.16760404949381327,0.1984251968503937,2021-11-21,0.047244094488188976,6.0,19.625
2021-11-21,19.625,6,0.047244094488188976,0.047244094488188976,0.09448818897637795,0.31496062992125984,0.25196850393700787,0.1522309711286087,0.16872890888638922,0.18871391076115485,2021-11-22,0.2755905511811024,35.0,106.08333333333331
2021-11-22,106.08333333333331,35,0.2755905511811024,0.2755905511811024,0.047244094488188976,0.09448818897637795,0.2677165354330709,0.13910761154855622,0.172103487064117,0.19265091863517061,2021-11-23,0.28346456692913385,36.0,108.375
2021-11-23,108.375,36,0.28346456692913385,0.28346456692913385,0.2755905511811024,0.047244094488188976,0.031496062992125984,0.2020997375328082,0.17435320584926886,0.19763779527559053,2021-11-24,0.1732283464566929,22.0,69.54166666666667
2021-11-24,69.54166666666667,22,0.1732283464566929,0.1732283464566929,0.28346456692913385,0.2755905511811024,0.1732283464566929,0.24409448818897617,0.19460067491563557,0.2026246719160105,2021-11-25,0.047244094488188976,6.0,20.5
2021-11-25,20.5,6,0.047244094488188976,0.047244094488188976,0.1732283464566929,0.28346456692913385,0.31496062992125984,0.1679790026246717,0.1766029246344207,0.19501312335958007,2021-11-26,0.06299212598425197,8.0,26.83333333333333
2021-11-26,26.83333333333333,8,0.06299212598425197,0.06299212598425197,0.047244094488188976,0.1732283464566929,0.09448818897637795,0.09448818897637774,0.140607424071991,0.19370078740157481,2021-11-27,0.07874015748031496,10.0,33.416666666666664
2021-11-27,33.416666666666664,10,0.07874015748031496,0.07874015748031496,0.06299212598425197,0.047244094488188976,0.047244094488188976,0.06299212598425176,0.13835770528683913,0.1868766404199475,2021-11-28,0.11023622047244094,14.0,44.625
2021-11-28,44.625,14,0.11023622047244094,0.11023622047244094,0.07874015748031496,0.06299212598425197,0.2755905511811024,0.08398950131233575,0.14735658042744657,0.18923884514435693,2021-11-29,0.23622047244094488,30.0,91.0
2021-11-29,91.0,30,0.23622047244094488,0.23622047244094488,0.11023622047244094,0.07874015748031496,0.28346456692913385,0.1417322834645667,0.14173228346456693,0.19501312335958007,2021-11-30,0.2283464566929134,29.0,88.29166666666667
2021-11-30,88.29166666666667,29,0.2283464566929134,0.2283464566929134,0.23622047244094488,0.11023622047244094,0.1732283464566929,0.19160104986876622,0.13385826771653545,0.19396325459317584,2021-12-01,0.11023622047244094,14.0,44.66666666666666
2021-12-01,44.66666666666666,14,0.11023622047244094,0.11023622047244094,0.2283464566929134,0.23622047244094488,0.047244094488188976,0.19160104986876622,0.12485939257592801,0.18897637795275593,2021-12-02,0.2204724409448819,28.0,84.5
2021-12-02,84.5,28,0.2204724409448819,0.2204724409448819,0.11023622047244094,0.2283464566929134,0.06299212598425197,0.1863517060367452,0.1496062992125984,0.189501312335958,2021-12-03,0.03937007874015748,5.0,19.0
2021-12-03,19.0,5,0.03937007874015748,0.03937007874015748,0.2204724409448819,0.11023622047244094,0.07874015748031496,0.12335958005249324,0.14623172103487064,0.1826771653543307,2021-12-04,0.2204724409448819,28.0,84.625
2021-12-04,84.625,28,0.2204724409448819,0.2204724409448819,0.03937007874015748,0.2204724409448819,0.11023622047244094,0.16010498687664024,0.16647919010123738,0.18425196850393705,2021-12-05,0.07874015748031496,10.0,32.666666666666664
2021-12-05,32.666666666666664,10,0.07874015748031496,0.07874015748031496,0.2204724409448819,0.03937007874015748,0.23622047244094488,0.11286089238845125,0.16197975253093364,0.17716535433070868,2021-12-06,0.07086614173228346,9.0,30.83333333333333
2021-12-06,30.83333333333333,9,0.07086614173228346,0.07086614173228346,0.07874015748031496,0.2204724409448819,0.2283464566929134,0.12335958005249324,0.13835770528683913,0.16876640419947506,2021-12-07,0.13385826771653545,17.0,52.583333333333336
2021-12-07,52.583333333333336,17,0.13385826771653545,0.13385826771653545,0.07086614173228346,0.07874015748031496,0.11023622047244094,0.09448818897637774,0.12485939257592801,0.1614173228346457,2021-12-08,0.15748031496062992,20.0,62.833333333333336
2021-12-08,62.833333333333336,20,0.15748031496062992,0.15748031496062992,0.13385826771653545,0.07086614173228346,0.2204724409448819,0.12073490813648273,0.13160854893138357,0.15511811023622046,2021-12-09,0.07874015748031496,10.0,31.875
2021-12-09,31.875,10,0.07874015748031496,0.07874015748031496,0.15748031496062992,0.13385826771653545,0.03937007874015748,0.12335958005249324,0.11136107986501687,0.15538057742782155,2021-12-10,0.13385826771653545,17.0,51.958333333333336
2021-12-10,51.958333333333336,17,0.13385826771653545,0.13385826771653545,0.07874015748031496,0.15748031496062992,0.2204724409448819,0.12335958005249321,0.12485939257592801,0.15091863517060367,2021-12-11,0.09448818897637795,12.0,37.333333333333336
2021-12-11,37.333333333333336,12,0.09448818897637795,0.09448818897637795,0.13385826771653545,0.07874015748031496,0.07874015748031496,0.10236220472440923,0.10686164229471316,0.14698162729658792,2021-12-12,0.2440944881889764,31.0,95.875
2021-12-12,95.875,31,0.2440944881889764,0.2440944881889764,0.09448818897637795,0.13385826771653545,0.07086614173228346,0.15748031496062972,0.13048368953880765,0.1469816272965879,2021-12-13,0.23622047244094488,30.0,92.625
2021-12-13,92.625,30,0.23622047244094488,0.23622047244094488,0.2440944881889764,0.09448818897637795,0.13385826771653545,0.19160104986876622,0.15410573678290215,0.15118110236220472,2021-12-14,0.1732283464566929,22.0,68.70833333333333
2021-12-14,68.70833333333333,22,0.1732283464566929,0.1732283464566929,0.23622047244094488,0.2440944881889764,0.15748031496062992,0.21784776902887115,0.1597300337457818,0.15564304461942255,2021-12-15,0.031496062992125984,4.0,15.541666666666666
2021-12-15,15.541666666666666,4,0.031496062992125984,0.031496062992125984,0.1732283464566929,0.23622047244094488,0.07874015748031496,0.1469816272965877,0.14173228346456693,0.14829396325459318,2021-12-16,0.09448818897637795,12.0,38.16666666666666
2021-12-16,38.16666666666666,12,0.09448818897637795,0.09448818897637795,0.031496062992125984,0.1732283464566929,0.13385826771653545,0.09973753280839874,0.14398200224971877,0.1425196850393701,2021-12-17,0.1968503937007874,25.0,75.95833333333333
2021-12-17,75.95833333333333,25,0.1968503937007874,0.1968503937007874,0.09448818897637795,0.031496062992125984,0.09448818897637795,0.10761154855643024,0.15298087739032623,0.14803149606299212,2021-12-18,0.023622047244094488,3.0,11.375
2021-12-18,11.375,3,0.023622047244094488,0.023622047244094488,0.1968503937007874,0.09448818897637795,0.2440944881889764,0.10498687664041974,0.14285714285714285,0.14304461942257218,2021-12-19,0.12598425196850394,16.0,51.54166666666666
2021-12-19,51.54166666666666,16,0.12598425196850394,0.12598425196850394,0.023622047244094488,0.1968503937007874,0.23622047244094488,0.11548556430446173,0.12598425196850394,0.136745406824147,2021-12-20,0.23622047244094488,30.0,92.79166666666669
2021-12-20,92.79166666666669,30,0.23622047244094488,0.23622047244094488,0.12598425196850394,0.023622047244094488,0.1732283464566929,0.12860892388451423,0.12598425196850394,0.1414698162729659,2021-12-21,0.07086614173228346,9.0,30.5
2021-12-21,30.5,9,0.07086614173228346,0.07086614173228346,0.23622047244094488,0.12598425196850394,0.031496062992125984,0.14435695538057722,0.11136107986501688,0.14225721784776904,2021-12-22,0.1732283464566929,22.0,67.70833333333333
2021-12-22,67.70833333333333,22,0.1732283464566929,0.1732283464566929,0.07086614173228346,0.23622047244094488,0.09448818897637795,0.1601049868766402,0.13160854893138357,0.13884514435695536,2021-12-23,0.06299212598425197,8.0,27.20833333333333
2021-12-23,27.20833333333333,8,0.06299212598425197,0.06299212598425197,0.1732283464566929,0.07086614173228346,0.1968503937007874,0.10236220472440923,0.12710911136107986,0.131496062992126,2021-12-24,0.05511811023622047,7.0,24.041666666666668
2021-12-24,24.041666666666668,7,0.05511811023622047,0.05511811023622047,0.06299212598425197,0.1732283464566929,0.023622047244094488,0.09711286089238824,0.10686164229471315,0.12755905511811022,2021-12-25,0.06299212598425197,8.0,27.83333333333333
2021-12-25,27.83333333333333,8,0.06299212598425197,0.06299212598425197,0.05511811023622047,0.06299212598425197,0.12598425196850394,0.060367454068241254,0.11248593925759279,0.12808398950131233,2021-12-26,0.2204724409448819,28.0,86.83333333333333
2021-12-26,86.83333333333333,28,0.2204724409448819,0.2204724409448819,0.06299212598425197,0.05511811023622047,0.23622047244094488,0.11286089238845122,0.12598425196850394,0.13333333333333333,2021-12-27,0.031496062992125984,4.0,15.833333333333334
2021-12-27,15.833333333333334,4,0.031496062992125984,0.031496062992125984,0.2204724409448819,0.06299212598425197,0.07086614173228346,0.10498687664041972,0.0967379077615298,0.13175853018372705,2021-12-28,0.06299212598425197,8.0,28.08333333333333
2021-12-28,28.08333333333333,8,0.06299212598425197,0.06299212598425197,0.031496062992125984,0.2204724409448819,0.1732283464566929,0.10498687664041972,0.09561304836895387,0.13018372703412073,2021-12-29,0.08661417322834646,11.0,35.625
2021-12-29,35.625,11,0.08661417322834646,0.08661417322834646,0.06299212598425197,0.031496062992125984,0.06299212598425197,0.060367454068241254,0.08323959505061866,0.1251968503937008,2021-12-30,0.07874015748031496,10.0,34.208333333333336
2021-12-30,34.208333333333336,10,0.07874015748031496,0.07874015748031496,0.08661417322834646,0.06299212598425197,0.05511811023622047,0.07611548556430424,0.08548931383577053,0.12020997375328084,2021-12-31,0.07086614173228346,9.0,29.666666666666668
2021-12-31,29.666666666666668,9,0.07086614173228346,0.07086614173228346,0.07874015748031496,0.08661417322834646,0.06299212598425197,0.07874015748031474,0.08773903262092239,0.11889763779527558,2022-01-01,0.0,0.0,3.4166666666666665
2022-01-01,3.4166666666666665,0,0.0,0.0,0.07086614173228346,0.07874015748031496,0.2204724409448819,0.04986876640419926,0.07874015748031496,0.11154855643044619,2022-01-02,0.10236220472440945,13.0,41.625
2022-01-02,41.625,13,0.10236220472440945,0.10236220472440945,0.0,0.07086614173228346,0.031496062992125984,0.05774278215223075,0.06186726659167604,0.1136482939632546,2022-01-03,0.2755905511811024,35.0,106.20833333333331
2022-01-03,106.20833333333331,35,0.2755905511811024,0.2755905511811024,0.10236220472440945,0.0,0.06299212598425197,0.1259842519685037,0.09673790776152981,0.11548556430446194,2022-01-04,0.2283464566929134,29.0,89.0
2022-01-04,89.0,29,0.2283464566929134,0.2283464566929134,0.2755905511811024,0.10236220472440945,0.08661417322834646,0.2020997375328082,0.12035995500562431,0.1204724409448819,2022-01-05,0.07874015748031496,10.0,31.375
2022-01-05,31.375,10,0.07874015748031496,0.07874015748031496,0.2283464566929134,0.2755905511811024,0.07874015748031496,0.19422572178477668,0.11923509561304838,0.12073490813648294,2022-01-06,0.1968503937007874,25.0,78.16666666666667
2022-01-06,78.16666666666667,25,0.1968503937007874,0.1968503937007874,0.07874015748031496,0.2283464566929134,0.07086614173228346,0.1679790026246717,0.1361079865016873,0.12283464566929134,2022-01-07,0.29133858267716534,37.0,111.04166666666669
2022-01-07,111.04166666666669,37,0.29133858267716534,0.29133858267716534,0.1968503937007874,0.07874015748031496,0.0,0.18897637795275568,0.1676040494938133,0.1272965879265092,2022-01-08,0.2677165354330709,34.0,102.29166666666669
2022-01-08,102.29166666666669,34,0.2677165354330709,0.2677165354330709,0.29133858267716534,0.1968503937007874,0.10236220472440945,0.25196850393700765,0.20584926884139484,0.1335958005249344,2022-01-09,0.23622047244094488,30.0,90.20833333333331
2022-01-09,90.20833333333331,30,0.23622047244094488,0.23622047244094488,0.2677165354330709,0.29133858267716534,0.2755905511811024,0.26509186351706016,0.2249718785151856,0.13700787401574802,2022-01-10,0.2992125984251969,38.0,113.875
2022-01-10,113.875,38,0.2992125984251969,0.2992125984251969,0.23622047244094488,0.2677165354330709,0.2283464566929134,0.26771653543307067,0.2283464566929134,0.14383202099737533,2022-01-11,0.1968503937007874,25.0,78.0
2022-01-11,78.0,25,0.1968503937007874,0.1968503937007874,0.2992125984251969,0.23622047244094488,0.07874015748031496,0.24409448818897614,0.22384701912260968,0.142257217847769,2022-01-12,0.12598425196850394,16.0,50.625
2022-01-12,50.625,16,0.12598425196850394,0.12598425196850394,0.1968503937007874,0.2992125984251969,0.1968503937007874,0.20734908136482919,0.23059617547806524,0.13858267716535433,2022-01-13,0.09448818897637795,12.0,39.833333333333336
2022-01-13,39.833333333333336,12,0.09448818897637795,0.09448818897637795,0.12598425196850394,0.1968503937007874,0.29133858267716534,0.13910761154855622,0.21597300337457817,0.13595800524934382,2022-01-14,0.2125984251968504,27.0,83.125
2022-01-14,83.125,27,0.2125984251968504,0.2125984251968504,0.09448818897637795,0.12598425196850394,0.2677165354330709,0.14435695538057722,0.20472440944881892,0.14199475065616796,2022-01-15,0.2992125984251969,38.0,116.58333333333331
2022-01-15,116.58333333333331,38,0.2992125984251969,0.2992125984251969,0.2125984251968504,0.09448818897637795,0.23622047244094488,0.2020997375328082,0.2092238470191226,0.14881889763779527,2022-01-16,0.2992125984251969,38.0,115.58333333333331
2022-01-16,115.58333333333331,38,0.2992125984251969,0.2992125984251969,0.2992125984251969,0.2125984251968504,0.2992125984251969,0.2703412073490811,0.21822272215973001,0.15223097112860895,2022-01-17,0.11023622047244094,14.0,44.833333333333336
2022-01-17,44.833333333333336,14,0.11023622047244094,0.11023622047244094,0.2992125984251969,0.2992125984251969,0.1968503937007874,0.23622047244094468,0.19122609673790777,0.15511811023622046,2022-01-18,0.10236220472440945,13.0,41.75
2022-01-18,41.75,13,0.10236220472440945,0.10236220472440945,0.11023622047244094,0.2992125984251969,0.12598425196850394,0.17060367454068218,0.17772778402699663,0.15433070866141732,2022-01-19,0.2125984251968504,27.0,82.54166666666667
2022-01-19,82.54166666666667,27,0.2125984251968504,0.2125984251968504,0.10236220472440945,0.11023622047244094,0.09448818897637795,0.1417322834645667,0.19010123734533182,0.1535433070866142,2022-01-20,0.09448818897637795,12.0,40.125
2022-01-20,40.125,12,0.09448818897637795,0.09448818897637795,0.2125984251968504,0.10236220472440945,0.2125984251968504,0.1364829396325457,0.19010123734533185,0.15433070866141735,2022-01-21,0.2755905511811024,35.0,105.29166666666669
2022-01-21,105.29166666666669,35,0.2755905511811024,0.2755905511811024,0.09448818897637795,0.2125984251968504,0.2992125984251969,0.1942257217847767,0.19910011248593928,0.15774278215223095,2022-01-22,0.08661417322834646,11.0,36.125
2022-01-22,36.125,11,0.08661417322834646,0.08661417322834646,0.2755905511811024,0.09448818897637795,0.2992125984251969,0.1522309711286087,0.16872890888638922,0.15853018372703412,2022-01-23,0.11811023622047244,15.0,48.79166666666666
2022-01-23,48.79166666666666,15,0.11811023622047244,0.11811023622047244,0.08661417322834646,0.2755905511811024,0.11023622047244094,0.1601049868766402,0.14285714285714285,0.16062992125984252,2022-01-24,0.15748031496062992,20.0,61.583333333333336
2022-01-24,61.583333333333336,20,0.15748031496062992,0.15748031496062992,0.11811023622047244,0.08661417322834646,0.10236220472440945,0.12073490813648273,0.1496062992125984,0.16377952755905512,2022-01-25,0.25984251968503935,33.0,99.20833333333331
2022-01-25,99.20833333333331,33,0.25984251968503935,0.25984251968503935,0.15748031496062992,0.11811023622047244,0.2125984251968504,0.17847769028871366,0.172103487064117,0.16509186351706037,2022-01-26,0.3543307086614173,45.0,135.5
2022-01-26,135.5,45,0.3543307086614173,0.3543307086614173,0.25984251968503935,0.15748031496062992,0.09448818897637795,0.2572178477690286,0.1923509561304837,0.1758530183727034,2022-01-27,0.10236220472440945,13.0,41.333333333333336
2022-01-27,41.333333333333336,13,0.10236220472440945,0.10236220472440945,0.3543307086614173,0.25984251968503935,0.2755905511811024,0.23884514435695517,0.19347581552305962,0.17716535433070865,2022-01-28,0.2755905511811024,35.0,107.08333333333331
2022-01-28,107.08333333333331,35,0.2755905511811024,0.2755905511811024,0.10236220472440945,0.3543307086614173,0.08661417322834646,0.24409448818897617,0.19347581552305962,0.18346456692913385,2022-01-29,0.3464566929133858,44.0,131.41666666666666
2022-01-29,131.41666666666666,44,0.3464566929133858,0.3464566929133858,0.2755905511811024,0.10236220472440945,0.11811023622047244,0.24146981627296568,0.2305961754780652,0.19238845144356956,2022-01-30,0.2283464566929134,29.0,87.54166666666667
2022-01-30,87.54166666666667,29,0.2283464566929134,0.2283464566929134,0.3464566929133858,0.2755905511811024,0.15748031496062992,0.28346456692913363,0.2463442069741282,0.19763779527559056,2022-01-31,0.36220472440944884,46.0,138.83333333333334
2022-01-31,138.83333333333334,46,0.36220472440944884,0.36220472440944884,0.2283464566929134,0.3464566929133858,0.25984251968503935,0.31233595800524916,0.2755905511811024,0.20971128608923886,2022-02-01,0.29133858267716534,37.0,111.33333333333331
2022-02-01,111.33333333333331,37,0.29133858267716534,0.29133858267716534,0.36220472440944884,0.2283464566929134,0.3543307086614173,0.2939632545931756,0.28008998875140606,0.21601049868766403,2022-02-02,0.12598425196850394,16.0,50.75
2022-02-02,50.75,16,0.12598425196850394,0.12598425196850394,0.29133858267716534,0.36220472440944884,0.10236220472440945,0.2598425196850392,0.24746906636670415,0.2110236220472441,2022-02-03,0.14173228346456693,18.0,55.208333333333336
2022-02-03,55.208333333333336,18,0.14173228346456693,0.14173228346456693,0.12598425196850394,0.29133858267716534,0.2755905511811024,0.18635170603674522,0.2530933633295838,0.20813648293963255,2022-02-04,0.3228346456692913,41.0,123.0
2022-02-04,123.0,41,0.3228346456692913,0.3228346456692913,0.14173228346456693,0.12598425196850394,0.3464566929133858,0.1968503937007872,0.25984251968503935,0.2162729658792651,2022-02-05,0.33070866141732286,42.0,126.54166666666669
2022-02-05,126.54166666666669,42,0.33070866141732286,0.33070866141732286,0.3228346456692913,0.14173228346456693,0.2283464566929134,0.2650918635170602,0.2575928008998875,0.22073490813648294,2022-02-06,0.3937007874015748,50.0,151.875
2022-02-06,151.875,50,0.3937007874015748,0.3937007874015748,0.33070866141732286,0.3228346456692913,0.36220472440944884,0.34908136482939617,0.281214848143982,0.22414698162729657,2022-02-07,0.15748031496062992,20.0,61.16666666666666
2022-02-07,61.16666666666666,20,0.15748031496062992,0.15748031496062992,0.3937007874015748,0.33070866141732286,0.29133858267716534,0.2939632545931757,0.25196850393700787,0.2204724409448819,2022-02-08,0.2992125984251969,38.0,115.08333333333331
2022-02-08,115.08333333333331,38,0.2992125984251969,0.2992125984251969,0.15748031496062992,0.3937007874015748,0.12598425196850394,0.2834645669291337,0.2530933633295838,0.22257217847769029,2022-02-09,0.3779527559055118,48.0,143.83333333333334
2022-02-09,143.83333333333334,48,0.3779527559055118,0.3779527559055118,0.2992125984251969,0.15748031496062992,0.14173228346456693,0.2782152230971127,0.2890888638920135,0.2251968503937008,2022-02-10,0.15748031496062992,20.0,60.958333333333336
2022-02-10,60.958333333333336,20,0.15748031496062992,0.15748031496062992,0.3779527559055118,0.2992125984251969,0.3228346456692913,0.27821522309711266,0.29133858267716534,0.22388451443569551,2022-02-11,0.1889763779527559,24.0,73.625
2022-02-11,73.625,24,0.1889763779527559,0.1889763779527559,0.15748031496062992,0.3779527559055118,0.33070866141732286,0.24146981627296574,0.2722159730033746,0.22598425196850394,2022-02-12,0.31496062992125984,40.0,122.08333333333331
2022-02-12,122.08333333333331,40,0.31496062992125984,0.31496062992125984,0.1889763779527559,0.15748031496062992,0.3937007874015748,0.22047244094488172,0.26996625421822273,0.23333333333333334,2022-02-13,0.2204724409448819,28.0,86.70833333333333
2022-02-13,86.70833333333333,28,0.2204724409448819,0.2204724409448819,0.31496062992125984,0.1889763779527559,0.15748031496062992,0.24146981627296574,0.24521934758155228,0.23359580052493442,2022-02-14,0.3937007874015748,50.0,150.45833333333334
2022-02-14,150.45833333333334,50,0.3937007874015748,0.3937007874015748,0.2204724409448819,0.31496062992125984,0.2992125984251969,0.30971128608923865,0.27896512935883017,0.23674540682414696,2022-02-15,0.4330708661417323,55.0,164.20833333333334
2022-02-15,164.20833333333334,55,0.4330708661417323,0.4330708661417323,0.3937007874015748,0.2204724409448819,0.3779527559055118,0.34908136482939617,0.2980877390326209,0.24120734908136482,2022-02-16,0.2047244094488189,26.0,78.625
2022-02-16,78.625,26,0.2047244094488189,0.2047244094488189,0.4330708661417323,0.3937007874015748,0.15748031496062992,0.34383202099737514,0.27334083239595053,0.24435695538057745,2022-02-17,0.13385826771653545,17.0,53.625
2022-02-17,53.625,17,0.13385826771653545,0.13385826771653545,0.2047244094488189,0.4330708661417323,0.1889763779527559,0.25721784776902873,0.26996625421822273,0.24540682414698164,2022-02-18,0.4645669291338583,59.0,176.20833333333334
2022-02-18,176.20833333333334,59,0.4645669291338583,0.4645669291338583,0.13385826771653545,0.2047244094488189,0.31496062992125984,0.26771653543307067,0.3093363329583802,0.2538057742782152,2022-02-19,0.49606299212598426,63.0,188.375
2022-02-19,188.375,63,0.49606299212598426,0.49606299212598426,0.4645669291338583,0.13385826771653545,0.2204724409448819,0.3648293963254592,0.3352080989876266,0.2671916010498688,2022-02-20,0.47244094488188976,60.0,178.95833333333334
2022-02-20,178.95833333333334,60,0.47244094488188976,0.47244094488188976,0.49606299212598426,0.4645669291338583,0.3937007874015748,0.47769028871391067,0.3712035995500563,0.273753280839895,2022-02-21,0.44881889763779526,57.0,169.95833333333334
2022-02-21,169.95833333333334,57,0.44881889763779526,0.44881889763779526,0.47244094488188976,0.49606299212598426,0.4330708661417323,0.4724409448818896,0.3790776152980877,0.2858267716535433,2022-02-22,0.14173228346456693,18.0,56.54166666666666
2022-02-22,56.54166666666666,18,0.14173228346456693,0.14173228346456693,0.44881889763779526,0.47244094488188976,0.2047244094488189,0.35433070866141714,0.3374578177727784,0.2866141732283465,2022-02-23,0.2992125984251969,38.0,115.70833333333331
2022-02-23,115.70833333333331,38,0.2992125984251969,0.2992125984251969,0.14173228346456693,0.44881889763779526,0.13385826771653545,0.29658792650918614,0.35095613048368957,0.2913385826771654,2022-02-24,0.4409448818897638,56.0,166.66666666666666
2022-02-24,166.66666666666666,56,0.4409448818897638,0.4409448818897638,0.2992125984251969,0.14173228346456693,0.4645669291338583,0.2939632545931757,0.3948256467941507,0.29737532808398953,2022-02-25,0.15748031496062992,20.0,61.0
2022-02-25,61.0,20,0.15748031496062992,0.15748031496062992,0.4409448818897638,0.2992125984251969,0.49606299212598426,0.2992125984251967,0.35095613048368957,0.2908136482939633,2022-02-26,0.48031496062992124,61.0,183.0
2022-02-26,183.0,61,0.48031496062992124,0.48031496062992124,0.15748031496062992,0.4409448818897638,0.47244094488188976,0.3595800524934381,0.3487064116985377,0.3034120734908136,2022-02-27,0.5118110236220472,65.0,193.20833333333331
2022-02-27,193.20833333333331,65,0.5118110236220472,0.5118110236220472,0.48031496062992124,0.15748031496062992,0.44881889763779526,0.38320209973753255,0.3543307086614173,0.3112860892388452,2022-02-28,0.29133858267716534,37.0,111.70833333333331
2022-02-28,111.70833333333331,37,0.29133858267716534,0.29133858267716534,0.5118110236220472,0.48031496062992124,0.14173228346456693,0.4278215223097111,0.33183352080989875,0.30944881889763776,2022-03-01,0.2992125984251969,38.0,115.75
2022-03-01,115.75,38,0.2992125984251969,0.2992125984251969,0.29133858267716534,0.5118110236220472,0.2992125984251969,0.3674540682414696,0.3543307086614173,0.3118110236220472,2022-03-02,0.3543307086614173,45.0,136.20833333333334
2022-03-02,136.20833333333334,45,0.3543307086614173,0.3543307086614173,0.2992125984251969,0.29133858267716534,0.4409448818897638,0.31496062992125967,0.3622047244094488,0.3115485564304462,2022-03-03,0.4566929133858268,58.0,174.45833333333334
2022-03-03,174.45833333333334,58,0.4566929133858268,0.4566929133858268,0.3543307086614173,0.2992125984251969,0.15748031496062992,0.37007874015748016,0.3644544431946007,0.31706036745406824,2022-03-04,0.4251968503937008,54.0,161.45833333333334
2022-03-04,161.45833333333334,54,0.4251968503937008,0.4251968503937008,0.4566929133858268,0.3543307086614173,0.48031496062992124,0.4120734908136481,0.4026996625421822,0.3270341207349082,2022-03-05,0.3700787401574803,47.0,142.54166666666666
2022-03-05,142.54166666666666,47,0.3700787401574803,0.3700787401574803,0.4251968503937008,0.4566929133858268,0.5118110236220472,0.41732283464566916,0.38695163104611924,0.3346456692913386,2022-03-06,0.4881889763779528,62.0,187.04166666666663
2022-03-06,187.04166666666663,62,0.4881889763779528,0.4881889763779528,0.3700787401574803,0.4251968503937008,0.29133858267716534,0.4278215223097111,0.38357705286839144,0.3401574803149607,2022-03-07,0.07086614173228346,9.0,31.33333333333333
2022-03-07,31.33333333333333,9,0.07086614173228346,0.07086614173228346,0.4881889763779528,0.3700787401574803,0.2992125984251969,0.3097112860892387,0.35208098987626546,0.331496062992126,2022-03-08,0.2283464566929134,29.0,89.95833333333333
2022-03-08,89.95833333333333,29,0.2283464566929134,0.2283464566929134,0.07086614173228346,0.4881889763779528,0.3543307086614173,0.2624671916010497,0.34195725534308213,0.32598425196850395,2022-03-09,0.47244094488188976,60.0,179.95833333333334
2022-03-09,179.95833333333334,60,0.47244094488188976,0.47244094488188976,0.2283464566929134,0.07086614173228346,0.4566929133858268,0.25721784776902873,0.35883014623172105,0.33648293963254594,2022-03-10,0.4566929133858268,58.0,173.41666666666666
2022-03-10,173.41666666666666,58,0.4566929133858268,0.4566929133858268,0.47244094488188976,0.2283464566929134,0.4251968503937008,0.3858267716535431,0.35883014623172105,0.3417322834645669,2022-03-11,0.2047244094488189,26.0,78.66666666666667
2022-03-11,78.66666666666667,26,0.2047244094488189,0.2047244094488189,0.4566929133858268,0.47244094488188976,0.3700787401574803,0.37795275590551164,0.3273340832395951,0.3359580052493438,2022-03-12,0.47244094488188976,60.0,178.54166666666666
2022-03-12,178.54166666666666,60,0.47244094488188976,0.47244094488188976,0.2047244094488189,0.4566929133858268,0.4881889763779528,0.3779527559055116,0.34195725534308213,0.3464566929133858,2022-03-13,0.3543307086614173,45.0,134.45833333333334
2022-03-13,134.45833333333334,45,0.3543307086614173,0.3543307086614173,0.47244094488188976,0.2047244094488189,0.07086614173228346,0.34383202099737514,0.3228346456692913,0.3519685039370079,2022-03-14,0.4251968503937008,54.0,161.04166666666666
2022-03-14,161.04166666666666,54,0.4251968503937008,0.4251968503937008,0.3543307086614173,0.47244094488188976,0.2283464566929134,0.41732283464566916,0.3734533183352081,0.35564304461942253,2022-03-15,0.25984251968503935,33.0,100.70833333333331
2022-03-15,100.70833333333331,33,0.25984251968503935,0.25984251968503935,0.4251968503937008,0.3543307086614173,0.47244094488188976,0.34645669291338566,0.37795275590551186,0.3569553805774278,2022-03-16,0.5118110236220472,65.0,194.375
2022-03-16,194.375,65,0.5118110236220472,0.5118110236220472,0.25984251968503935,0.4251968503937008,0.4566929133858268,0.39895013123359563,0.3835770528683914,0.36089238845144356,2022-03-17,0.5669291338582677,72.0,216.16666666666663
2022-03-17,216.16666666666663,72,0.5669291338582677,0.5669291338582677,0.5118110236220472,0.25984251968503935,0.2047244094488189,0.4461942257217846,0.3993250843644544,0.3653543307086614,2022-03-18,0.28346456692913385,36.0,110.54166666666669
2022-03-18,110.54166666666669,36,0.28346456692913385,0.28346456692913385,0.5669291338582677,0.5118110236220472,0.47244094488188976,0.4540682414698161,0.4105736782902137,0.3679790026246719,2022-03-19,0.05511811023622047,7.0,23.375
2022-03-19,23.375,7,0.05511811023622047,0.05511811023622047,0.28346456692913385,0.5669291338582677,0.3543307086614173,0.30183727034120716,0.35095613048368957,0.3653543307086614,2022-03-20,0.6456692913385826,82.0,245.45833333333331
2022-03-20,245.45833333333331,82,0.6456692913385826,0.6456692913385826,0.05511811023622047,0.28346456692913385,0.4251968503937008,0.3280839895013122,0.3925759280089988,0.37139107611548555,2022-03-21,0.5354330708661418,68.0,203.375
2022-03-21,203.375,68,0.5354330708661418,0.5354330708661418,0.6456692913385826,0.05511811023622047,0.25984251968503935,0.41207349081364814,0.40832395950506184,0.3727034120734908,2022-03-22,0.15748031496062992,20.0,61.5
2022-03-22,61.5,20,0.15748031496062992,0.15748031496062992,0.5354330708661418,0.6456692913385826,0.5118110236220472,0.44619422572178463,0.3937007874015747,0.36220472440944884,2022-03-23,0.11811023622047244,15.0,47.833333333333336
2022-03-23,47.833333333333336,15,0.11811023622047244,0.11811023622047244,0.15748031496062992,0.5354330708661418,0.5669291338582677,0.27034120734908124,0.3374578177727784,0.3511811023622047,2022-03-24,0.16535433070866143,21.0,66.54166666666667
2022-03-24,66.54166666666667,21,0.16535433070866143,0.16535433070866143,0.11811023622047244,0.15748031496062992,0.28346456692913385,0.14698162729658779,0.28008998875140606,0.3519685039370079,2022-03-25,0.2125984251968504,27.0,84.29166666666667
2022-03-25,84.29166666666667,27,0.2125984251968504,0.2125984251968504,0.16535433070866143,0.11811023622047244,0.05511811023622047,0.16535433070866126,0.26996625421822273,0.34908136482939633,2022-03-26,0.11023622047244094,14.0,43.375
2022-03-26,43.375,14,0.11023622047244094,0.11023622047244094,0.2125984251968504,0.16535433070866143,0.6456692913385826,0.16272965879265078,0.2778402699662542,0.3380577427821522,2022-03-27,0.4330708661417323,55.0,165.625
2022-03-27,165.625,55,0.4330708661417323,0.4330708661417323,0.11023622047244094,0.2125984251968504,0.5354330708661418,0.2519685039370077,0.24746906636670415,0.34724409448818894,2022-03-28,0.5590551181102362,71.0,211.625
2022-03-28,211.625,71,0.5590551181102362,0.5590551181102362,0.4330708661417323,0.11023622047244094,0.15748031496062992,0.3674540682414697,0.2508436445444319,0.3498687664041995,2022-03-29,0.6692913385826772,85.0,253.58333333333331
2022-03-29,253.58333333333331,85,0.6692913385826772,0.6692913385826772,0.5590551181102362,0.4330708661417323,0.11811023622047244,0.5538057742782151,0.32395950506186727,0.3551181102362205,2022-03-30,0.2677165354330709,34.0,103.29166666666669
2022-03-30,103.29166666666669,34,0.2677165354330709,0.2677165354330709,0.6692913385826772,0.5590551181102362,0.16535433070866143,0.4986876640419946,0.3453318335208099,0.35433070866141736,2022-03-31,0.15748031496062992,20.0,63.125
2022-03-31,63.125,20,0.15748031496062992,0.15748031496062992,0.2677165354330709,0.6692913385826772,0.2125984251968504,0.36482939632545924,0.344206974128234,0.34960629921259845,2022-04-01,0.2204724409448819,28.0,87.20833333333333
2022-04-01,87.20833333333333,28,0.2204724409448819,0.2204724409448819,0.15748031496062992,0.2677165354330709,0.11023622047244094,0.2152230971128608,0.3453318335208099,0.34514435695538054,2022-04-02,0.4409448818897638,56.0,168.75
2022-04-02,168.75,56,0.4409448818897638,0.4409448818897638,0.2204724409448819,0.15748031496062992,0.4330708661417323,0.27296587926509175,0.3925759280089989,0.34461942257217854,2022-04-03,0.2047244094488189,26.0,80.625
2022-04-03,80.625,26,0.2047244094488189,0.2047244094488189,0.4409448818897638,0.2204724409448819,0.5590551181102362,0.28871391076115477,0.35995500562429694,0.33727034120734906,2022-04-04,0.10236220472440945,13.0,40.75
2022-04-04,40.75,13,0.10236220472440945,0.10236220472440945,0.2047244094488189,0.4409448818897638,0.6692913385826772,0.24934383202099727,0.2947131608548932,0.3283464566929134,2022-04-05,0.6141732283464567,78.0,234.0
2022-04-05,234.0,78,0.6141732283464567,0.6141732283464567,0.10236220472440945,0.2047244094488189,0.2677165354330709,0.30708661417322825,0.28683914510686165,0.33254593175853014,2022-04-06,0.11023622047244094,14.0,44.29166666666666
2022-04-06,44.29166666666666,14,0.11023622047244094,0.11023622047244094,0.6141732283464567,0.10236220472440945,0.15748031496062992,0.27559055118110226,0.2643419572553431,0.33385826771653543,2022-04-07,0.30708661417322836,39.0,119.04166666666669
2022-04-07,119.04166666666669,39,0.30708661417322836,0.30708661417322836,0.11023622047244094,0.6141732283464567,0.2204724409448819,0.34383202099737525,0.2857142857142857,0.33648293963254594,2022-04-08,0.28346456692913385,36.0,110.33333333333331
2022-04-08,110.33333333333331,36,0.28346456692913385,0.28346456692913385,0.30708661417322836,0.11023622047244094,0.4409448818897638,0.23359580052493426,0.29471316085489313,0.33018372703412074,2022-04-09,0.2755905511811024,35.0,106.33333333333331
2022-04-09,106.33333333333331,35,0.2755905511811024,0.2755905511811024,0.28346456692913385,0.30708661417322836,0.2047244094488189,0.28871391076115477,0.27109111361079863,0.32414698162729655,2022-04-10,0.7795275590551181,99.0,294.6666666666667
2022-04-10,294.6666666666667,99,0.7795275590551181,0.7795275590551181,0.2755905511811024,0.28346456692913385,0.10236220472440945,0.44619422572178463,0.3532058492688414,0.3433070866141732,2022-04-11,0.3779527559055118,48.0,145.25
2022-04-11,145.25,48,0.3779527559055118,0.3779527559055118,0.7795275590551181,0.2755905511811024,0.6141732283464567,0.47769028871391067,0.3925759280089988,0.3401574803149607,2022-04-12,0.7795275590551181,99.0,295.5833333333333
2022-04-12,295.5833333333333,99,0.7795275590551181,0.7795275590551181,0.3779527559055118,0.7795275590551181,0.11023622047244094,0.6456692913385825,0.4161979752530934,0.3543307086614173,2022-04-13,0.2047244094488189,26.0,80.625
2022-04-13,80.625,26,0.2047244094488189,0.2047244094488189,0.7795275590551181,0.3779527559055118,0.30708661417322836,0.4540682414698162,0.4296962879640045,0.34698162729658794,2022-04-14,0.6535433070866141,83.0,246.83333333333331
2022-04-14,246.83333333333331,83,0.6535433070866141,0.6535433070866141,0.2047244094488189,0.7795275590551181,0.28346456692913385,0.5459317585301836,0.4791901012373453,0.3601049868766404,2022-04-15,0.25196850393700787,32.0,98.20833333333331
2022-04-15,98.20833333333331,32,0.25196850393700787,0.25196850393700787,0.6535433070866141,0.2047244094488189,0.2755905511811024,0.37007874015748016,0.4746906636670416,0.35144356955380573,2022-04-16,0.6771653543307087,86.0,255.5
2022-04-16,255.5,86,0.6771653543307087,0.6771653543307087,0.25196850393700787,0.6535433070866141,0.7795275590551181,0.5275590551181101,0.5320584926884139,0.3551181102362204,2022-04-17,0.7165354330708661,91.0,270.75
2022-04-17,270.75,91,0.7165354330708661,0.7165354330708661,0.6771653543307087,0.25196850393700787,0.3779527559055118,0.5485564304461942,0.5230596175478065,0.3695538057742782,2022-04-18,0.1732283464566929,22.0,67.79166666666667
2022-04-18,67.79166666666667,22,0.1732283464566929,0.1732283464566929,0.7165354330708661,0.6771653543307087,0.7795275590551181,0.5223097112860892,0.49381327334083236,0.37349081364829395,2022-04-19,0.2755905511811024,35.0,105.625
2022-04-19,105.625,35,0.2755905511811024,0.2755905511811024,0.1732283464566929,0.7165354330708661,0.2047244094488189,0.3884514435695537,0.42182227221597296,0.3611548556430446,2022-04-20,0.6062992125984252,77.0,231.0
2022-04-20,231.0,77,0.6062992125984252,0.6062992125984252,0.2755905511811024,0.1732283464566929,0.6535433070866141,0.35170603674540674,0.47919010123734535,0.36351706036745407,2022-04-21,0.6141732283464567,78.0,234.16666666666663
2022-04-21,234.16666666666663,78,0.6141732283464567,0.6141732283464567,0.6062992125984252,0.2755905511811024,0.25196850393700787,0.4986876640419946,0.47356580427446565,0.3787401574803149,2022-04-22,0.3700787401574803,47.0,140.66666666666666
2022-04-22,140.66666666666666,47,0.3700787401574803,0.3700787401574803,0.6141732283464567,0.6062992125984252,0.6771653543307087,0.5301837270341206,0.4904386951631046,0.38713910761154857,2022-04-23,0.7716535433070866,98.0,292.9583333333333
2022-04-23,292.9583333333333,98,0.7716535433070866,0.7716535433070866,0.3700787401574803,0.6141732283464567,0.7165354330708661,0.585301837270341,0.5039370078740157,0.40734908136482945,2022-04-24,0.6141732283464567,78.0,233.45833333333331
2022-04-24,233.45833333333331,78,0.6141732283464567,0.6141732283464567,0.7716535433070866,0.3700787401574803,0.1732283464566929,0.585301837270341,0.4893138357705287,0.4207349081364829,2022-04-25,0.18110236220472442,23.0,69.875
2022-04-25,69.875,23,0.18110236220472442,0.18110236220472442,0.6141732283464567,0.7716535433070866,0.2755905511811024,0.5223097112860892,0.4904386951631046,0.42309711286089235,2022-04-26,0.1732283464566929,22.0,69.29166666666667
2022-04-26,69.29166666666667,22,0.1732283464566929,0.1732283464566929,0.18110236220472442,0.6141732283464567,0.6062992125984252,0.32283464566929126,0.47581552305961755,0.41443569553805776,2022-04-27,0.4409448818897638,56.0,169.08333333333334
2022-04-27,169.08333333333334,56,0.4409448818897638,0.4409448818897638,0.1732283464566929,0.18110236220472442,0.6141732283464567,0.26509186351706027,0.452193475815523,0.41049868766404196,2022-04-28,0.8110236220472441,103.0,305.6666666666667
2022-04-28,305.6666666666667,103,0.8110236220472441,0.8110236220472441,0.4409448818897638,0.1732283464566929,0.3700787401574803,0.47506561679790016,0.4803149606299213,0.4152230971128609,2022-04-29,0.84251968503937,107.0,316.7083333333333
2022-04-29,316.7083333333333,107,0.84251968503937,0.84251968503937,0.8110236220472441,0.4409448818897638,0.7716535433070866,0.6981627296587926,0.547806524184477,0.4343832020997375,2022-04-30,0.4409448818897638,56.0,168.625
2022-04-30,168.625,56,0.4409448818897638,0.4409448818897638,0.84251968503937,0.8110236220472441,0.6141732283464567,0.6981627296587926,0.500562429696288,0.4438320209973753,2022-05-01,0.4409448818897638,56.0,169.0
2022-05-01,169.0,56,0.4409448818897638,0.4409448818897638,0.4409448818897638,0.84251968503937,0.18110236220472442,0.5748031496062991,0.47581552305961755,0.45118110236220477,2022-05-02,0.14960629921259844,19.0,60.583333333333336
2022-05-02,60.583333333333336,19,0.14960629921259844,0.14960629921259844,0.4409448818897638,0.4409448818897638,0.1732283464566929,0.34383202099737525,0.4713160854893138,0.4414698162729659,2022-05-03,0.07086614173228346,9.0,31.08333333333333
2022-05-03,31.08333333333333,9,0.07086614173228346,0.07086614173228346,0.14960629921259844,0.4409448818897638,0.4409448818897638,0.2204724409448818,0.4566929133858268,0.43700787401574803,2022-05-04,0.6062992125984252,77.0,228.70833333333331
2022-05-04,228.70833333333331,77,0.6062992125984252,0.6062992125984252,0.07086614173228346,0.14960629921259844,0.8110236220472441,0.27559055118110226,0.4803149606299213,0.45380577427821517,2022-05-05,0.4881889763779528,62.0,185.70833333333331
2022-05-05,185.70833333333331,62,0.4881889763779528,0.4881889763779528,0.6062992125984252,0.07086614173228346,0.84251968503937,0.3884514435695537,0.4341957255343082,0.4496062992125985,2022-05-06,0.1968503937007874,25.0,78.16666666666667
2022-05-06,78.16666666666667,25,0.1968503937007874,0.1968503937007874,0.4881889763779528,0.6062992125984252,0.4409448818897638,0.4304461942257218,0.34195725534308213,0.45249343832020994,2022-05-07,0.9133858267716536,116.0,344.4166666666667
2022-05-07,344.4166666666667,116,0.9133858267716536,0.9133858267716536,0.1968503937007874,0.4881889763779528,0.4409448818897638,0.5328083989501312,0.40944881889763785,0.4727034120734908,2022-05-08,0.8818897637795275,112.0,331.4166666666667
2022-05-08,331.4166666666667,112,0.8818897637795275,0.8818897637795275,0.9133858267716536,0.1968503937007874,0.14960629921259844,0.6640419947506561,0.47244094488188976,0.49265091863517063,2022-05-09,0.889763779527559,113.0,336.9583333333333
2022-05-09,336.9583333333333,113,0.889763779527559,0.889763779527559,0.8818897637795275,0.9133858267716536,0.07086614173228346,0.8950131233595799,0.578177727784027,0.5131233595800525,2022-05-10,0.7874015748031497,100.0,297.625
2022-05-10,297.625,100,0.7874015748031497,0.7874015748031497,0.889763779527559,0.8818897637795275,0.6062992125984252,0.8530183727034121,0.6805399325084365,0.5133858267716536,2022-05-11,0.6062992125984252,77.0,230.20833333333331
2022-05-11,230.20833333333331,77,0.6062992125984252,0.6062992125984252,0.7874015748031497,0.889763779527559,0.4881889763779528,0.7611548556430444,0.6805399325084365,0.520997375328084,2022-05-12,0.8188976377952756,104.0,309.4583333333333
2022-05-12,309.4583333333333,104,0.8188976377952756,0.8188976377952756,0.6062992125984252,0.7874015748031497,0.1968503937007874,0.73753280839895,0.7277840269966254,0.5223097112860893,2022-05-13,0.8740157480314961,111.0,329.7916666666667
2022-05-13,329.7916666666667,111,0.8740157480314961,0.8740157480314961,0.8188976377952756,0.6062992125984252,0.9133858267716536,0.7664041994750656,0.8245219347581552,0.5446194225721784,2022-05-14,0.6614173228346457,84.0,249.625
2022-05-14,249.625,84,0.6614173228346457,0.6614173228346457,0.8740157480314961,0.8188976377952756,0.8818897637795275,0.7847769028871389,0.7885264341957257,0.5448818897637795,2022-05-15,0.7952755905511811,101.0,299.4166666666667
2022-05-15,299.4166666666667,101,0.7952755905511811,0.7952755905511811,0.6614173228346457,0.8740157480314961,0.889763779527559,0.7769028871391076,0.7761529808773904,0.562992125984252,2022-05-16,0.6929133858267716,88.0,261.4583333333333
2022-05-16,261.4583333333333,88,0.6929133858267716,0.6929133858267716,0.7952755905511811,0.6614173228346457,0.7874015748031497,0.7165354330708661,0.748031496062992,0.5635170603674541,2022-05-17,0.905511811023622,115.0,342.5416666666667
2022-05-17,342.5416666666667,115,0.905511811023622,0.905511811023622,0.6929133858267716,0.7952755905511811,0.6062992125984252,0.7979002624671914,0.764904386951631,0.5698162729658792,2022-05-18,0.08661417322834646,11.0,36.75
2022-05-18,36.75,11,0.08661417322834646,0.08661417322834646,0.905511811023622,0.6929133858267716,0.8188976377952756,0.5616797900262466,0.6906636670416197,0.5669291338582678,2022-05-19,0.7322834645669292,93.0,276.5416666666667
2022-05-19,276.5416666666667,93,0.7322834645669292,0.7322834645669292,0.08661417322834646,0.905511811023622,0.8740157480314961,0.5748031496062991,0.6782902137232847,0.5821522309711287,2022-05-20,0.5905511811023622,75.0,224.79166666666663
2022-05-20,224.79166666666663,75,0.5905511811023622,0.5905511811023622,0.7322834645669292,0.08661417322834646,0.6614173228346457,0.4698162729658792,0.6377952755905512,0.5816272965879266,2022-05-21,0.5118110236220472,65.0,195.54166666666663
2022-05-21,195.54166666666663,65,0.5118110236220472,0.5118110236220472,0.5905511811023622,0.7322834645669292,0.7952755905511811,0.611548556430446,0.6164229471316085,0.5782152230971128,2022-05-22,0.3543307086614173,45.0,136.875
2022-05-22,136.875,45,0.3543307086614173,0.3543307086614173,0.5118110236220472,0.5905511811023622,0.6929133858267716,0.48556430446194204,0.5534308211473565,0.5776902887139107,2022-05-23,0.6850393700787402,87.0,260.625
2022-05-23,260.625,87,0.6850393700787402,0.6850393700787402,0.3543307086614173,0.5118110236220472,0.905511811023622,0.5170603674540681,0.5523059617547806,0.5748031496062993,2022-05-24,0.8661417322834646,110.0,328.125
2022-05-24,328.125,110,0.8661417322834646,0.8661417322834646,0.6850393700787402,0.3543307086614173,0.08661417322834646,0.6351706036745406,0.5466816647919011,0.5832020997375327,2022-05-25,0.4094488188976378,52.0,156.54166666666666
2022-05-25,156.54166666666666,52,0.4094488188976378,0.4094488188976378,0.8661417322834646,0.6850393700787402,0.7322834645669292,0.653543307086614,0.592800899887514,0.5908136482939633,2022-05-26,0.4330708661417323,55.0,166.16666666666666
2022-05-26,166.16666666666666,55,0.4330708661417323,0.4330708661417323,0.4094488188976378,0.8661417322834646,0.5905511811023622,0.5695538057742782,0.5500562429696287,0.5994750656167979,2022-05-27,0.6850393700787402,87.0,258.8333333333333
2022-05-27,258.8333333333333,87,0.6850393700787402,0.6850393700787402,0.4330708661417323,0.4094488188976378,0.5118110236220472,0.5091863517060367,0.5635545556805399,0.6076115485564304,2022-05-28,0.7952755905511811,101.0,299.5833333333333
2022-05-28,299.5833333333333,101,0.7952755905511811,0.7952755905511811,0.6850393700787402,0.4330708661417323,0.3543307086614173,0.637795275590551,0.6040494938132733,0.6070866141732284,2022-05-29,0.8346456692913385,106.0,316.0
2022-05-29,316.0,106,0.8346456692913385,0.8346456692913385,0.7952755905511811,0.6850393700787402,0.6850393700787402,0.7716535433070865,0.672665916760405,0.6068241469816272,2022-05-30,0.905511811023622,115.0,341.8333333333333
2022-05-30,341.8333333333333,115,0.905511811023622,0.905511811023622,0.8346456692913385,0.7952755905511811,0.8661417322834646,0.8451443569553806,0.7041619797525308,0.6223097112860891,2022-05-31,0.8503937007874016,108.0,321.8333333333333
2022-05-31,321.8333333333333,108,0.8503937007874016,0.8503937007874016,0.905511811023622,0.8346456692913385,0.4094488188976378,0.863517060367454,0.7019122609673791,0.6359580052493439,2022-06-01,0.4566929133858268,58.0,173.83333333333334
2022-06-01,173.83333333333334,58,0.4566929133858268,0.4566929133858268,0.8503937007874016,0.905511811023622,0.4330708661417323,0.73753280839895,0.7086614173228346,0.6461942257217849,2022-06-02,0.6614173228346457,84.0,249.875
2022-06-02,249.875,84,0.6614173228346457,0.6614173228346457,0.4566929133858268,0.8503937007874016,0.6850393700787402,0.6561679790026246,0.7412823397075365,0.6658792650918635,2022-06-03,0.8818897637795275,112.0,333.5
2022-06-03,333.5,112,0.8818897637795275,0.8818897637795275,0.6614173228346457,0.4566929133858268,0.7952755905511811,0.6666666666666666,0.7694038245219348,0.6750656167979002,2022-06-04,0.8740157480314961,111.0,331.1666666666667
2022-06-04,331.1666666666667,111,0.8740157480314961,0.8740157480314961,0.8818897637795275,0.6614173228346457,0.8346456692913385,0.805774278215223,0.7806524184476941,0.6879265091863517,2022-06-05,0.41732283464566927,53.0,159.66666666666666
2022-06-05,159.66666666666666,53,0.41732283464566927,0.41732283464566927,0.8740157480314961,0.8818897637795275,0.905511811023622,0.7244094488188976,0.72103487064117,0.695275590551181,2022-06-06,0.48031496062992124,61.0,183.58333333333331
2022-06-06,183.58333333333331,61,0.48031496062992124,0.48031496062992124,0.41732283464566927,0.8740157480314961,0.8503937007874016,0.5905511811023622,0.6602924634420698,0.6808398950131234,2022-06-07,0.4645669291338583,59.0,176.625
2022-06-07,176.625,59,0.4645669291338583,0.4645669291338583,0.48031496062992124,0.41732283464566927,0.4566929133858268,0.4540682414698162,0.6051743532058492,0.6669291338582678,2022-06-08,0.5590551181102362,71.0,211.33333333333331
2022-06-08,211.33333333333331,71,0.5590551181102362,0.5590551181102362,0.4645669291338583,0.48031496062992124,0.6614173228346457,0.5013123359580052,0.6197975253093363,0.6559055118110237,2022-06-09,0.8503937007874016,108.0,320.375
2022-06-09,320.375,108,0.8503937007874016,0.8503937007874016,0.5590551181102362,0.4645669291338583,0.8818897637795275,0.6246719160104987,0.6467941507311586,0.658005249343832,2022-06-10,0.5669291338582677,72.0,216.16666666666663
2022-06-10,216.16666666666663,72,0.5669291338582677,0.5669291338582677,0.8503937007874016,0.5590551181102362,0.8740157480314961,0.658792650918635,0.6017997750281214,0.6566929133858267,2022-06-11,0.8267716535433071,105.0,313.0
2022-06-11,313.0,105,0.8267716535433071,0.8267716535433071,0.5669291338582677,0.8503937007874016,0.41732283464566927,0.748031496062992,0.5950506186726658,0.6569553805774277,2022-06-12,0.8346456692913385,106.0,315.0833333333333
2022-06-12,315.0833333333333,106,0.8346456692913385,0.8346456692913385,0.8267716535433071,0.5669291338582677,0.48031496062992124,0.742782152230971,0.6546681664791901,0.6556430446194226,2022-06-13,0.8582677165354331,109.0,325.0833333333333
2022-06-13,325.0833333333333,109,0.8582677165354331,0.8582677165354331,0.8346456692913385,0.8267716535433071,0.4645669291338583,0.8398950131233596,0.7086614173228346,0.6622047244094489,2022-06-14,0.7637795275590551,97.0,288.7083333333333
2022-06-14,288.7083333333333,97,0.7637795275590551,0.7637795275590551,0.8582677165354331,0.8346456692913385,0.5590551181102362,0.8188976377952755,0.7514060742407198,0.6611548556430447,2022-06-15,0.9212598425196851,117.0,348.9166666666667
2022-06-15,348.9166666666667,117,0.9212598425196851,0.9212598425196851,0.7637795275590551,0.8582677165354331,0.8503937007874016,0.847769028871391,0.8031496062992126,0.6687664041994751,2022-06-16,0.8503937007874016,108.0,322.0833333333333
2022-06-16,322.0833333333333,108,0.8503937007874016,0.8503937007874016,0.9212598425196851,0.7637795275590551,0.5669291338582677,0.8451443569553806,0.8031496062992126,0.6669291338582677,2022-06-17,0.968503937007874,123.0,366.4583333333333
2022-06-17,366.4583333333333,123,0.968503937007874,0.968503937007874,0.8503937007874016,0.9212598425196851,0.8267716535433071,0.9133858267716534,0.8605174353205849,0.6963254593175853,2022-06-18,1.0,127.0,376.9166666666667
2022-06-18,376.9166666666667,127,1.0,1.0,0.968503937007874,0.8503937007874016,0.8346456692913385,0.9396325459317584,0.8852643419572553,0.705249343832021,2022-06-19,0.8818897637795275,112.0,333.5
2022-06-19,333.5,112,0.8818897637795275,0.8818897637795275,1.0,0.968503937007874,0.8582677165354331,0.9501312335958003,0.8920134983127109,0.7149606299212597,2022-06-20,0.5354330708661418,68.0,202.54166666666663
2022-06-20,202.54166666666663,68,0.5354330708661418,0.5354330708661418,0.8818897637795275,1.0,0.7637795275590551,0.805774278215223,0.8458942632170979,0.715748031496063,2022-06-21,0.9448818897637795,120.0,354.9583333333333
2022-06-21,354.9583333333333,120,0.9448818897637795,0.9448818897637795,0.5354330708661418,0.8818897637795275,0.9212598425196851,0.7874015748031494,0.8717660292463443,0.7354330708661417,2022-06-22,0.9212598425196851,117.0,348.375
2022-06-22,348.375,117,0.9212598425196851,0.9212598425196851,0.9448818897637795,0.5354330708661418,0.8503937007874016,0.800524934383202,0.8717660292463442,0.7433070866141732,2022-06-23,0.984251968503937,125.0,371.6666666666667
2022-06-23,371.6666666666667,125,0.984251968503937,0.984251968503937,0.9212598425196851,0.9448818897637795,0.968503937007874,0.9501312335958004,0.8908886389201349,0.747244094488189,2022-06-24,0.952755905511811,121.0,360.0833333333333
2022-06-24,360.0833333333333,121,0.952755905511811,0.952755905511811,0.984251968503937,0.9212598425196851,1.0,0.9527559055118108,0.888638920134983,0.7653543307086613,2022-06-25,0.8503937007874016,108.0,322.375
2022-06-25,322.375,108,0.8503937007874016,0.8503937007874016,0.952755905511811,0.984251968503937,0.8818897637795275,0.9291338582677163,0.8672665916760405,0.779265091863517,2022-06-26,0.5826771653543307,74.0,220.5
2022-06-26,220.5,74,0.5826771653543307,0.5826771653543307,0.8503937007874016,0.952755905511811,0.5354330708661418,0.795275590551181,0.8245219347581552,0.7758530183727035,2022-06-27,0.9133858267716536,116.0,343.1666666666667
2022-06-27,343.1666666666667,116,0.9133858267716536,0.9133858267716536,0.5826771653543307,0.8503937007874016,0.9448818897637795,0.7821522309711284,0.8785151856017998,0.7797900262467191,2022-06-28,0.968503937007874,123.0,365.3333333333333
2022-06-28,365.3333333333333,123,0.968503937007874,0.968503937007874,0.9133858267716536,0.5826771653543307,0.9212598425196851,0.8215223097112859,0.8818897637795275,0.7842519685039371,2022-06-29,0.6141732283464567,78.0,233.79166666666663
2022-06-29,233.79166666666663,78,0.6141732283464567,0.6141732283464567,0.968503937007874,0.9133858267716536,0.984251968503937,0.832020997375328,0.8380202474690662,0.7745406824146983,2022-06-30,0.905511811023622,115.0,342.0
2022-06-30,342.0,115,0.905511811023622,0.905511811023622,0.6141732283464567,0.968503937007874,0.952755905511811,0.8293963254593174,0.8267716535433072,0.7763779527559055,2022-07-01,0.3543307086614173,45.0,134.91666666666666
2022-07-01,134.91666666666666,45,0.3543307086614173,0.3543307086614173,0.905511811023622,0.6141732283464567,0.8503937007874016,0.6246719160104985,0.7412823397075367,0.7729658792650919,2022-07-02,0.8582677165354331,109.0,323.0416666666667
2022-07-02,323.0416666666667,109,0.8582677165354331,0.8582677165354331,0.3543307086614173,0.905511811023622,0.5826771653543307,0.706036745406824,0.7424071991001124,0.7795275590551182,2022-07-03,0.8976377952755905,114.0,339.0833333333333
2022-07-03,339.0833333333333,114,0.8976377952755905,0.8976377952755905,0.8582677165354331,0.3543307086614173,0.9133858267716536,0.7034120734908136,0.7874015748031497,0.7800524934383203,2022-07-04,0.7559055118110236,96.0,287.0
2022-07-04,287.0,96,0.7559055118110236,0.7559055118110236,0.8976377952755905,0.8582677165354331,0.968503937007874,0.8372703412073489,0.7649043869516311,0.7761154855643044,2022-07-05,0.7165354330708661,91.0,270.8333333333333
2022-07-05,270.8333333333333,91,0.7165354330708661,0.7165354330708661,0.7559055118110236,0.8976377952755905,0.6141732283464567,0.7900262467191599,0.7289088863892014,0.7860892388451445,2022-07-06,0.33070866141732286,42.0,127.625
2022-07-06,127.625,42,0.33070866141732286,0.33070866141732286,0.7165354330708661,0.7559055118110236,0.905511811023622,0.601049868766404,0.688413948256468,0.7811023622047244,2022-07-07,0.8188976377952756,104.0,308.7916666666667
2022-07-07,308.7916666666667,104,0.8188976377952756,0.8188976377952756,0.33070866141732286,0.7165354330708661,0.3543307086614173,0.6220472440944881,0.6760404949381328,0.7929133858267716,2022-07-08,0.48031496062992124,61.0,183.5
2022-07-08,183.5,61,0.48031496062992124,0.48031496062992124,0.8188976377952756,0.33070866141732286,0.8582677165354331,0.5433070866141732,0.6940382452193475,0.7902887139107612,2022-07-09,0.9606299212598425,122.0,361.8333333333333
2022-07-09,361.8333333333333,122,0.9606299212598425,0.9606299212598425,0.48031496062992124,0.8188976377952756,0.8976377952755905,0.7532808398950129,0.7086614173228346,0.7939632545931758,2022-07-10,0.9606299212598425,122.0,360.8333333333333
2022-07-10,360.8333333333333,122,0.9606299212598425,0.9606299212598425,0.9606299212598425,0.48031496062992124,0.7559055118110236,0.8005249343832018,0.7176602924634421,0.8070866141732284,2022-07-11,0.6850393700787402,87.0,259.5
2022-07-11,259.5,87,0.6850393700787402,0.6850393700787402,0.9606299212598425,0.9606299212598425,0.7165354330708661,0.8687664041994748,0.7075365579302587,0.8023622047244096,2022-07-12,0.7952755905511811,101.0,300.8333333333333
2022-07-12,300.8333333333333,101,0.7952755905511811,0.7952755905511811,0.6850393700787402,0.9606299212598425,0.33070866141732286,0.8136482939632544,0.718785151856018,0.8010498687664042,2022-07-13,0.4409448818897638,56.0,168.25
2022-07-13,168.25,56,0.4409448818897638,0.4409448818897638,0.7952755905511811,0.6850393700787402,0.8188976377952756,0.6404199475065615,0.734533183352081,0.7871391076115485,2022-07-14,0.9212598425196851,117.0,348.9583333333333
2022-07-14,348.9583333333333,117,0.9212598425196851,0.9212598425196851,0.4409448818897638,0.7952755905511811,0.48031496062992124,0.7191601049868765,0.749156355455568,0.7923884514435695,2022-07-15,0.6850393700787402,87.0,260.7083333333333
2022-07-15,260.7083333333333,87,0.6850393700787402,0.6850393700787402,0.9212598425196851,0.4409448818897638,0.9606299212598425,0.6824146981627296,0.7784026996625422,0.784514435695538,2022-07-16,0.5511811023622047,70.0,209.08333333333331
2022-07-16,209.08333333333331,70,0.5511811023622047,0.5511811023622047,0.6850393700787402,0.9212598425196851,0.9606299212598425,0.7191601049868765,0.7199100112485939,0.7745406824146982,2022-07-17,0.31496062992125984,40.0,120.04166666666669
2022-07-17,120.04166666666669,40,0.31496062992125984,0.31496062992125984,0.5511811023622047,0.6850393700787402,0.6850393700787402,0.517060367454068,0.6276715410573678,0.752755905511811,2022-07-18,0.8661417322834646,110.0,326.75
2022-07-18,326.75,110,0.8661417322834646,0.8661417322834646,0.31496062992125984,0.5511811023622047,0.7952755905511811,0.5774278215223095,0.6535433070866141,0.7482939632545932,2022-07-19,0.8740157480314961,111.0,330.125
2022-07-19,330.125,111,0.8740157480314961,0.8740157480314961,0.8661417322834646,0.31496062992125984,0.4409448818897638,0.6850393700787402,0.6647919010123735,0.7480314960629922,2022-07-20,0.6850393700787402,87.0,258.875
2022-07-20,258.875,87,0.6850393700787402,0.6850393700787402,0.8740157480314961,0.8661417322834646,0.9212598425196851,0.8083989501312335,0.6996625421822272,0.753018372703412,2022-07-21,0.889763779527559,113.0,336.0416666666667
2022-07-21,336.0416666666667,113,0.889763779527559,0.889763779527559,0.6850393700787402,0.8740157480314961,0.6850393700787402,0.816272965879265,0.6951631046119235,0.7511811023622047,2022-07-22,0.8818897637795275,112.0,333.8333333333333
2022-07-22,333.8333333333333,112,0.8818897637795275,0.8818897637795275,0.889763779527559,0.6850393700787402,0.5511811023622047,0.8188976377952755,0.7232845894263217,0.7498687664041995,2022-07-23,0.5118110236220472,65.0,194.04166666666663
2022-07-23,194.04166666666663,65,0.5118110236220472,0.5118110236220472,0.8818897637795275,0.889763779527559,0.31496062992125984,0.7611548556430444,0.7176602924634421,0.7341207349081366,2022-07-24,0.4645669291338583,59.0,177.41666666666666
2022-07-24,177.41666666666666,59,0.4645669291338583,0.4645669291338583,0.5118110236220472,0.8818897637795275,0.8661417322834646,0.6194225721784775,0.7390326209223846,0.7178477690288714,2022-07-25,0.889763779527559,113.0,335.75
2022-07-25,335.75,113,0.889763779527559,0.889763779527559,0.4645669291338583,0.5118110236220472,0.8740157480314961,0.622047244094488,0.7424071991001124,0.7191601049868767,2022-07-26,0.8031496062992126,102.0,302.2083333333333
2022-07-26,302.2083333333333,102,0.8031496062992126,0.8031496062992126,0.889763779527559,0.4645669291338583,0.6850393700787402,0.7191601049868765,0.732283464566929,0.726509186351706,2022-07-27,0.3779527559055118,48.0,143.58333333333334
2022-07-27,143.58333333333334,48,0.3779527559055118,0.3779527559055118,0.8031496062992126,0.889763779527559,0.889763779527559,0.690288713910761,0.6884139482564678,0.7086614173228347,2022-07-28,0.6771653543307087,86.0,256.2083333333333
2022-07-28,256.2083333333333,86,0.6771653543307087,0.6771653543307087,0.3779527559055118,0.8031496062992126,0.8818897637795275,0.6194225721784775,0.6580427446569178,0.6989501312335958,2022-07-29,0.7637795275590551,97.0,289.8333333333333
2022-07-29,289.8333333333333,97,0.7637795275590551,0.7637795275590551,0.6771653543307087,0.3779527559055118,0.5118110236220472,0.606299212598425,0.641169853768279,0.7039370078740157,2022-07-30,0.8582677165354331,109.0,324.5416666666667
2022-07-30,324.5416666666667,109,0.8582677165354331,0.8582677165354331,0.7637795275590551,0.6771653543307087,0.4645669291338583,0.7664041994750654,0.6906636670416199,0.7023622047244095,2022-07-31,0.8582677165354331,109.0,323.1666666666667
2022-07-31,323.1666666666667,109,0.8582677165354331,0.8582677165354331,0.8582677165354331,0.7637795275590551,0.889763779527559,0.826771653543307,0.7469066366704161,0.7191601049868767,2022-08-01,0.5590551181102362,71.0,212.375
2022-08-01,212.375,71,0.5590551181102362,0.5590551181102362,0.8582677165354331,0.8582677165354331,0.8031496062992126,0.758530183727034,0.6996625421822271,0.7091863517060368,2022-08-02,0.8740157480314961,111.0,329.375
2022-08-02,329.375,111,0.8740157480314961,0.8740157480314961,0.5590551181102362,0.8582677165354331,0.3779527559055118,0.763779527559055,0.7097862767154106,0.7083989501312336,2022-08-03,0.6062992125984252,77.0,229.91666666666663
2022-08-03,229.91666666666663,77,0.6062992125984252,0.6062992125984252,0.8740157480314961,0.5590551181102362,0.6771653543307087,0.679790026246719,0.7424071991001124,0.7034120734908136,2022-08-04,0.30708661417322836,39.0,118.625
2022-08-04,118.625,39,0.30708661417322836,0.30708661417322836,0.6062992125984252,0.8740157480314961,0.7637795275590551,0.5958005249343831,0.689538807649044,0.689763779527559,2022-08-05,0.6062992125984252,77.0,228.45833333333331
2022-08-05,228.45833333333331,77,0.6062992125984252,0.6062992125984252,0.30708661417322836,0.6062992125984252,0.8582677165354331,0.5065616797900261,0.6670416197975253,0.6989501312335958,2022-08-06,0.7952755905511811,101.0,299.2916666666667
2022-08-06,299.2916666666667,101,0.7952755905511811,0.7952755905511811,0.6062992125984252,0.30708661417322836,0.8582677165354331,0.569553805774278,0.6580427446569178,0.6981627296587927,2022-08-07,0.6062992125984252,77.0,229.58333333333331
2022-08-07,229.58333333333331,77,0.6062992125984252,0.6062992125984252,0.7952755905511811,0.6062992125984252,0.5590551181102362,0.669291338582677,0.6220472440944882,0.7023622047244095,2022-08-08,0.4330708661417323,55.0,164.875
2022-08-08,164.875,55,0.4330708661417323,0.4330708661417323,0.6062992125984252,0.7952755905511811,0.8740157480314961,0.611548556430446,0.6040494938132733,0.6847769028871391,2022-08-09,0.7165354330708661,91.0,270.8333333333333
2022-08-09,270.8333333333333,91,0.7165354330708661,0.7165354330708661,0.4330708661417323,0.6062992125984252,0.6062992125984252,0.585301837270341,0.5815523059617548,0.6766404199475066,2022-08-10,0.8503937007874016,108.0,321.5
2022-08-10,321.5,108,0.8503937007874016,0.8503937007874016,0.7165354330708661,0.4330708661417323,0.30708661417322836,0.6666666666666665,0.6164229471316086,0.6821522309711286,2022-08-11,0.7244094488188977,92.0,274.5833333333333
2022-08-11,274.5833333333333,92,0.7244094488188977,0.7244094488188977,0.8503937007874016,0.7165354330708661,0.6062992125984252,0.763779527559055,0.6760404949381327,0.6797900262467191,2022-08-12,0.8503937007874016,108.0,321.5833333333333
2022-08-12,321.5833333333333,108,0.8503937007874016,0.8503937007874016,0.7244094488188977,0.8503937007874016,0.7952755905511811,0.8083989501312335,0.7109111361079865,0.6934383202099738,2022-08-13,0.29133858267716534,37.0,111.5
2022-08-13,111.5,37,0.29133858267716534,0.29133858267716534,0.8503937007874016,0.7244094488188977,0.6062992125984252,0.6220472440944881,0.6389201349831272,0.6724409448818898,2022-08-14,0.2125984251968504,27.0,84.125
2022-08-14,84.125,27,0.2125984251968504,0.2125984251968504,0.29133858267716534,0.8503937007874016,0.4330708661417323,0.45144356955380555,0.5826771653543307,0.6566929133858268,2022-08-15,0.6535433070866141,83.0,248.0
2022-08-15,248.0,83,0.6535433070866141,0.6535433070866141,0.2125984251968504,0.29133858267716534,0.7165354330708661,0.38582677165354307,0.6141732283464567,0.6601049868766403,2022-08-16,0.7795275590551181,99.0,293.5
2022-08-16,293.5,99,0.7795275590551181,0.7795275590551181,0.6535433070866141,0.2125984251968504,0.8503937007874016,0.548556430446194,0.6231721034870642,0.6755905511811023,2022-08-17,0.5590551181102362,71.0,213.04166666666663
2022-08-17,213.04166666666663,71,0.5590551181102362,0.5590551181102362,0.7795275590551181,0.6535433070866141,0.7244094488188977,0.664041994750656,0.5815523059617548,0.6653543307086613,2022-08-18,0.6929133858267716,88.0,263.5
2022-08-18,263.5,88,0.6929133858267716,0.6929133858267716,0.5590551181102362,0.7795275590551181,0.8503937007874016,0.6771653543307085,0.5770528683914511,0.6593175853018372,2022-08-19,0.7716535433070866,98.0,292.2083333333333
2022-08-19,292.2083333333333,98,0.7716535433070866,0.7716535433070866,0.6929133858267716,0.5590551181102362,0.29133858267716534,0.674540682414698,0.5658042744656917,0.6622047244094489,2022-08-20,0.31496062992125984,40.0,119.66666666666669
2022-08-20,119.66666666666669,40,0.31496062992125984,0.31496062992125984,0.7716535433070866,0.6929133858267716,0.2125984251968504,0.5931758530183725,0.5691788526434196,0.6430446194225722,2022-08-21,0.30708661417322836,39.0,119.16666666666669
2022-08-21,119.16666666666669,39,0.30708661417322836,0.30708661417322836,0.31496062992125984,0.7716535433070866,0.6535433070866141,0.46456692913385805,0.5826771653543307,0.6238845144356956,2022-08-22,0.4645669291338583,59.0,178.33333333333334
2022-08-22,178.33333333333334,59,0.4645669291338583,0.4645669291338583,0.30708661417322836,0.31496062992125984,0.7795275590551181,0.3622047244094486,0.5556805399325084,0.6223097112860891,2022-08-23,0.5433070866141733,69.0,206.875
2022-08-23,206.875,69,0.5433070866141733,0.5433070866141733,0.4645669291338583,0.30708661417322836,0.5590551181102362,0.4383202099737531,0.5219347581552306,0.6249343832020997,2022-08-24,0.7007874015748031,89.0,264.7083333333333
2022-08-24,264.7083333333333,89,0.7007874015748031,0.7007874015748031,0.5433070866141733,0.4645669291338583,0.6929133858267716,0.569553805774278,0.5421822272215973,0.6186351706036746,2022-08-25,0.5354330708661418,68.0,202.375
2022-08-25,202.375,68,0.5354330708661418,0.5354330708661418,0.7007874015748031,0.5433070866141733,0.7716535433070866,0.5931758530183725,0.5196850393700788,0.6097112860892387,2022-08-26,0.3858267716535433,49.0,147.875
2022-08-26,147.875,49,0.3858267716535433,0.3858267716535433,0.5354330708661418,0.7007874015748031,0.31496062992125984,0.5406824146981625,0.46456692913385833,0.6099737532808399,2022-08-27,0.7480314960629921,95.0,281.4166666666667
2022-08-27,281.4166666666667,95,0.7480314960629921,0.7480314960629921,0.3858267716535433,0.5354330708661418,0.30708661417322836,0.5564304461942255,0.5264341957255343,0.6123359580052494,2022-08-28,0.7165354330708661,91.0,270.5416666666667
2022-08-28,270.5416666666667,91,0.7165354330708661,0.7165354330708661,0.7480314960629921,0.3858267716535433,0.4645669291338583,0.616797900262467,0.5849268841394826,0.6107611548556431,2022-08-29,0.36220472440944884,46.0,138.83333333333334
2022-08-29,138.83333333333334,46,0.36220472440944884,0.36220472440944884,0.7165354330708661,0.7480314960629921,0.5433070866141733,0.6089238845144355,0.5703037120359955,0.594225721784777,2022-08-30,0.5748031496062992,73.0,219.29166666666663
2022-08-30,219.29166666666663,73,0.5748031496062992,0.5748031496062992,0.36220472440944884,0.7165354330708661,0.7007874015748031,0.5511811023622045,0.5748031496062992,0.5847769028871391,2022-08-31,0.7401574803149606,94.0,279.0833333333333
2022-08-31,279.0833333333333,94,0.7401574803149606,0.7401574803149606,0.5748031496062992,0.36220472440944884,0.5354330708661418,0.559055118110236,0.5804274465691789,0.5908136482939632,2022-09-01,0.7244094488188977,92.0,275.2083333333333
2022-09-01,275.2083333333333,92,0.7244094488188977,0.7244094488188977,0.7401574803149606,0.5748031496062992,0.3858267716535433,0.679790026246719,0.607424071991001,0.5858267716535432,2022-09-02,0.6062992125984252,77.0,230.125
2022-09-02,230.125,77,0.6062992125984252,0.6062992125984252,0.7244094488188977,0.7401574803149606,0.7480314960629921,0.6902887139107611,0.6389201349831272,0.5858267716535434,2022-09-03,0.6850393700787402,87.0,258.5
2022-09-03,258.5,87,0.6850393700787402,0.6850393700787402,0.6062992125984252,0.7244094488188977,0.7165354330708661,0.6719160104986875,0.6299212598425197,0.5984251968503937,2022-09-04,0.14173228346456693,18.0,56.875
2022-09-04,56.875,18,0.14173228346456693,0.14173228346456693,0.6850393700787402,0.6062992125984252,0.36220472440944884,0.47769028871391067,0.547806524184477,0.5829396325459317,2022-09-05,0.28346456692913385,36.0,108.375
2022-09-05,108.375,36,0.28346456692913385,0.28346456692913385,0.14173228346456693,0.6850393700787402,0.5748031496062992,0.3700787401574801,0.5365579302587177,0.5658792650918635,2022-09-06,0.36220472440944884,46.0,139.875
2022-09-06,139.875,46,0.36220472440944884,0.36220472440944884,0.28346456692913385,0.14173228346456693,0.7401574803149606,0.2624671916010497,0.5061867266591676,0.5577427821522308,2022-09-07,0.7086614173228346,90.0,268.5833333333333
2022-09-07,268.5833333333333,90,0.7086614173228346,0.7086614173228346,0.36220472440944884,0.28346456692913385,0.7244094488188977,0.45144356955380555,0.5016872890888638,0.5669291338582678,2022-09-08,0.7165354330708661,91.0,269.9166666666667
2022-09-08,269.9166666666667,91,0.7165354330708661,0.7165354330708661,0.7086614173228346,0.36220472440944884,0.6062992125984252,0.5958005249343831,0.500562429696288,0.5669291338582678,2022-09-09,0.7007874015748031,89.0,265.125
2022-09-09,265.125,89,0.7007874015748031,0.7007874015748031,0.7165354330708661,0.7086614173228346,0.6850393700787402,0.7086614173228344,0.5140607424071991,0.5619422572178477,2022-09-10,0.5748031496062992,73.0,219.29166666666663
2022-09-10,219.29166666666663,73,0.5748031496062992,0.5748031496062992,0.7007874015748031,0.7165354330708661,0.14173228346456693,0.664041994750656,0.4983127109111361,0.5569553805774278,2022-09-11,0.3543307086614173,45.0,135.58333333333334
2022-09-11,135.58333333333334,45,0.3543307086614173,0.3543307086614173,0.5748031496062992,0.7007874015748031,0.28346456692913385,0.543307086614173,0.5286839145106861,0.5404199475065616,2022-09-12,0.33070866141732286,42.0,126.04166666666669
2022-09-12,126.04166666666669,42,0.33070866141732286,0.33070866141732286,0.3543307086614173,0.5748031496062992,0.36220472440944884,0.4199475065616796,0.5354330708661418,0.5417322834645669,2022-09-13,0.6062992125984252,77.0,228.45833333333331
2022-09-13,228.45833333333331,77,0.6062992125984252,0.6062992125984252,0.33070866141732286,0.3543307086614173,0.7086614173228346,0.4304461942257216,0.5703037120359955,0.5548556430446194,2022-09-14,0.6141732283464567,78.0,232.5
2022-09-14,232.5,78,0.6141732283464567,0.6141732283464567,0.6062992125984252,0.33070866141732286,0.7165354330708661,0.517060367454068,0.5568053993250844,0.5535433070866141,2022-09-15,0.5590551181102362,71.0,211.5
2022-09-15,211.5,71,0.5590551181102362,0.5590551181102362,0.6141732283464567,0.6062992125984252,0.7007874015748031,0.5931758530183725,0.5343082114735658,0.5461942257217848,2022-09-16,0.4881889763779528,62.0,186.875
2022-09-16,186.875,62,0.4881889763779528,0.4881889763779528,0.5590551181102362,0.6141732283464567,0.5748031496062992,0.553805774278215,0.5039370078740157,0.5438320209973753,2022-09-17,0.5669291338582677,72.0,215.33333333333331
2022-09-17,215.33333333333331,72,0.5669291338582677,0.5669291338582677,0.4881889763779528,0.5590551181102362,0.3543307086614173,0.5380577427821521,0.5028121484814398,0.5396325459317585,2022-09-18,0.3937007874015748,50.0,149.125
2022-09-18,149.125,50,0.3937007874015748,0.3937007874015748,0.5669291338582677,0.4881889763779528,0.33070866141732286,0.4829396325459316,0.5084364454443195,0.5270341207349082,2022-09-19,0.6299212598425197,80.0,237.45833333333331
2022-09-19,237.45833333333331,80,0.6299212598425197,0.6299212598425197,0.3937007874015748,0.5669291338582677,0.6062992125984252,0.5301837270341205,0.5511811023622047,0.5375328083989501,2022-09-20,0.3543307086614173,45.0,134.70833333333334
2022-09-20,134.70833333333334,45,0.3543307086614173,0.3543307086614173,0.6299212598425197,0.3937007874015748,0.6141732283464567,0.45931758530183714,0.515185601799775,0.5391076115485565,2022-09-21,0.33858267716535434,43.0,130.5
2022-09-21,130.5,43,0.33858267716535434,0.33858267716535434,0.3543307086614173,0.6299212598425197,0.5590551181102362,0.4409448818897636,0.47581552305961755,0.5349081364829397,2022-09-22,0.4566929133858268,58.0,174.20833333333334
2022-09-22,174.20833333333334,58,0.4566929133858268,0.4566929133858268,0.33858267716535434,0.3543307086614173,0.4881889763779528,0.38320209973753255,0.4611923509561305,0.532020997375328,2022-09-23,0.6062992125984252,77.0,228.91666666666663
2022-09-23,228.91666666666663,77,0.6062992125984252,0.6062992125984252,0.4566929133858268,0.33858267716535434,0.5669291338582677,0.4671916010498685,0.47806524184476945,0.5288713910761155,2022-09-24,0.11811023622047244,15.0,47.833333333333336
2022-09-24,47.833333333333336,15,0.11811023622047244,0.11811023622047244,0.6062992125984252,0.4566929133858268,0.3937007874015748,0.3937007874015746,0.41394825646794153,0.5149606299212598,2022-09-25,0.2677165354330709,34.0,102.5
2022-09-25,102.5,34,0.2677165354330709,0.2677165354330709,0.11811023622047244,0.6062992125984252,0.6299212598425197,0.33070866141732264,0.39595050618672667,0.511023622047244,2022-09-26,0.1889763779527559,24.0,74.79166666666667
2022-09-26,74.79166666666667,24,0.1889763779527559,0.1889763779527559,0.2677165354330709,0.11811023622047244,0.3543307086614173,0.19160104986876622,0.33295838020247465,0.4923884514435696,2022-09-27,0.30708661417322836,39.0,116.95833333333331
2022-09-27,116.95833333333331,39,0.30708661417322836,0.30708661417322836,0.1889763779527559,0.2677165354330709,0.33858267716535434,0.25459317585301816,0.3262092238470191,0.478740157480315,2022-09-28,0.28346456692913385,36.0,110.33333333333331
2022-09-28,110.33333333333331,36,0.28346456692913385,0.28346456692913385,0.30708661417322836,0.1889763779527559,0.4566929133858268,0.25984251968503913,0.31833520809898763,0.47611548556430444,2022-09-29,0.36220472440944884,46.0,139.29166666666666
2022-09-29,139.29166666666666,46,0.36220472440944884,0.36220472440944884,0.28346456692913385,0.30708661417322836,0.6062992125984252,0.31758530183727013,0.3048368953880765,0.4690288713910762,2022-09-30,0.5669291338582677,72.0,215.625
2022-09-30,215.625,72,0.5669291338582677,0.5669291338582677,0.36220472440944884,0.28346456692913385,0.11811023622047244,0.40419947506561654,0.2992125984251968,0.46325459317585305,2022-10-01,0.44881889763779526,57.0,170.58333333333334
2022-10-01,170.58333333333334,57,0.44881889763779526,0.44881889763779526,0.5669291338582677,0.36220472440944884,0.2677165354330709,0.45931758530183703,0.3464566929133858,0.4540682414698163,2022-10-02,0.5748031496062992,73.0,219.54166666666663
2022-10-02,219.54166666666663,73,0.5748031496062992,0.5748031496062992,0.44881889763779526,0.5669291338582677,0.1889763779527559,0.5301837270341205,0.39032620922384703,0.45301837270341205,2022-10-03,0.5748031496062992,73.0,217.41666666666663
2022-10-03,217.41666666666663,73,0.5748031496062992,0.5748031496062992,0.5748031496062992,0.44881889763779526,0.30708661417322836,0.532808398950131,0.44544431946006746,0.4493438320209974,2022-10-04,0.5511811023622047,70.0,208.875
2022-10-04,208.875,70,0.5511811023622047,0.5511811023622047,0.5748031496062992,0.5748031496062992,0.28346456692913385,0.5669291338582675,0.4803149606299213,0.462992125984252,2022-10-05,0.5118110236220472,65.0,194.83333333333331
2022-10-05,194.83333333333331,65,0.5118110236220472,0.5118110236220472,0.5511811023622047,0.5748031496062992,0.36220472440944884,0.5459317585301835,0.5129358830146231,0.4706036745406824,2022-10-06,0.4015748031496063,51.0,152.66666666666666
2022-10-06,152.66666666666666,51,0.4015748031496063,0.4015748031496063,0.5118110236220472,0.5511811023622047,0.5669291338582677,0.48818897637795255,0.5185601799775028,0.47191601049868764,2022-10-07,0.25196850393700787,32.0,97.54166666666669
2022-10-07,97.54166666666669,32,0.25196850393700787,0.25196850393700787,0.4015748031496063,0.5118110236220472,0.44881889763779526,0.3884514435695536,0.47356580427446565,0.45669291338582674,2022-10-08,0.4015748031496063,51.0,154.875
2022-10-08,154.875,51,0.4015748031496063,0.4015748031496063,0.25196850393700787,0.4015748031496063,0.5748031496062992,0.35170603674540657,0.4668166479190101,0.4461942257217848,2022-10-09,0.48031496062992124,61.0,184.125
2022-10-09,184.125,61,0.48031496062992124,0.48031496062992124,0.4015748031496063,0.25196850393700787,0.5748031496062992,0.3779527559055116,0.453318335208099,0.4388451443569554,2022-10-10,0.5039370078740157,64.0,191.33333333333331
2022-10-10,191.33333333333331,64,0.5039370078740157,0.5039370078740157,0.48031496062992124,0.4015748031496063,0.5511811023622047,0.46194225721784754,0.4431946006749156,0.4364829396325459,2022-10-11,0.47244094488188976,60.0,180.5
2022-10-11,180.5,60,0.47244094488188976,0.47244094488188976,0.5039370078740157,0.48031496062992124,0.5118110236220472,0.485564304461942,0.43194600674915634,0.44041994750656166,2022-10-12,0.1968503937007874,25.0,77.04166666666667
2022-10-12,77.04166666666667,25,0.1968503937007874,0.1968503937007874,0.47244094488188976,0.5039370078740157,0.4015748031496063,0.39107611548556404,0.38695163104611924,0.4359580052493438,2022-10-13,0.29133858267716534,37.0,113.20833333333331
2022-10-13,113.20833333333331,37,0.29133858267716534,0.29133858267716534,0.1968503937007874,0.47244094488188976,0.25196850393700787,0.3202099737532806,0.3712035995500562,0.42545931758530187,2022-10-14,0.4251968503937008,54.0,162.29166666666666
2022-10-14,162.29166666666666,54,0.4251968503937008,0.4251968503937008,0.29133858267716534,0.1968503937007874,0.4015748031496063,0.3044619422572176,0.39595050618672667,0.4191601049868766,2022-10-15,0.3228346456692913,41.0,124.75
2022-10-15,124.75,41,0.3228346456692913,0.3228346456692913,0.4251968503937008,0.29133858267716534,0.48031496062992124,0.3464566929133856,0.38470191226096734,0.41128608923884513,2022-10-16,0.3464566929133858,44.0,131.83333333333334
2022-10-16,131.83333333333334,44,0.3464566929133858,0.3464566929133858,0.3228346456692913,0.4251968503937008,0.5039370078740157,0.364829396325459,0.3655793025871766,0.4065616797900262,2022-10-17,0.15748031496062992,20.0,61.125
2022-10-17,61.125,20,0.15748031496062992,0.15748031496062992,0.3464566929133858,0.3228346456692913,0.47244094488188976,0.2755905511811021,0.31608548931383573,0.39291338582677166,2022-10-18,0.10236220472440945,13.0,40.29166666666666
2022-10-18,40.29166666666666,13,0.10236220472440945,0.10236220472440945,0.15748031496062992,0.3464566929133858,0.1968503937007874,0.2020997375328081,0.26321709786276715,0.3832020997375328,2022-10-19,0.14173228346456693,18.0,55.875
2022-10-19,55.875,18,0.14173228346456693,0.14173228346456693,0.10236220472440945,0.15748031496062992,0.29133858267716534,0.13385826771653517,0.25534308211473566,0.3669291338582677,2022-10-20,0.13385826771653545,17.0,52.708333333333336
2022-10-20,52.708333333333336,17,0.13385826771653545,0.13385826771653545,0.14173228346456693,0.10236220472440945,0.4251968503937008,0.12598425196850369,0.23284589426321714,0.3595800524934383,2022-10-21,0.41732283464566927,53.0,159.83333333333334
2022-10-21,159.83333333333334,53,0.41732283464566927,0.41732283464566927,0.13385826771653545,0.14173228346456693,0.3228346456692913,0.23097112860892363,0.23172103487064116,0.36220472440944884,2022-10-22,0.4330708661417323,55.0,165.83333333333334
2022-10-22,165.83333333333334,55,0.4330708661417323,0.4330708661417323,0.41732283464566927,0.13385826771653545,0.3464566929133858,0.32808398950131207,0.24746906636670415,0.36141732283464567,2022-10-23,0.3700787401574803,47.0,141.33333333333334
2022-10-23,141.33333333333334,47,0.3700787401574803,0.3700787401574803,0.4330708661417323,0.41732283464566927,0.15748031496062992,0.406824146981627,0.2508436445444319,0.3535433070866142,2022-10-24,0.3937007874015748,50.0,150.375
2022-10-24,150.375,50,0.3937007874015748,0.3937007874015748,0.3700787401574803,0.4330708661417323,0.10236220472440945,0.3989501312335955,0.2845894263217098,0.3627296587926509,2022-10-25,0.28346456692913385,36.0,109.20833333333331
2022-10-25,109.20833333333331,36,0.28346456692913385,0.28346456692913385,0.3937007874015748,0.3700787401574803,0.14173228346456693,0.34908136482939606,0.31046119235095615,0.363254593175853,2022-10-26,0.03937007874015748,5.0,17.666666666666668
2022-10-26,17.666666666666668,5,0.03937007874015748,0.03937007874015748,0.28346456692913385,0.3937007874015748,0.13385826771653545,0.2388451443569551,0.295838020247469,0.35826771653543305,2022-10-27,0.41732283464566927,53.0,158.70833333333334
2022-10-27,158.70833333333334,53,0.41732283464566927,0.41732283464566927,0.03937007874015748,0.28346456692913385,0.41732283464566927,0.2467191601049866,0.33633295838020244,0.3619422572178478,2022-10-28,0.33858267716535434,43.0,129.875
2022-10-28,129.875,43,0.33858267716535434,0.33858267716535434,0.41732283464566927,0.03937007874015748,0.4330708661417323,0.2650918635170601,0.32508436445444316,0.3637795275590551,2022-10-29,0.3700787401574803,47.0,141.125
2022-10-29,141.125,47,0.3700787401574803,0.3700787401574803,0.33858267716535434,0.41732283464566927,0.3700787401574803,0.375328083989501,0.3160854893138358,0.36404199475065613,2022-10-30,0.18110236220472442,23.0,71.29166666666667
2022-10-30,71.29166666666667,23,0.18110236220472442,0.18110236220472442,0.3700787401574803,0.33858267716535434,0.3937007874015748,0.2965879265091861,0.2890888638920135,0.35118110236220473,2022-10-31,0.07086614173228346,9.0,30.70833333333333
2022-10-31,30.70833333333333,9,0.07086614173228346,0.07086614173228346,0.18110236220472442,0.3700787401574803,0.28346456692913385,0.20734908136482913,0.24296962879640044,0.33858267716535434,2022-11-01,0.3779527559055118,48.0,145.16666666666666
2022-11-01,145.16666666666666,48,0.3779527559055118,0.3779527559055118,0.07086614173228346,0.18110236220472442,0.03937007874015748,0.2099737532808396,0.25646794150731156,0.3320209973753281,2022-11-02,0.3779527559055118,48.0,143.875
2022-11-02,143.875,48,0.3779527559055118,0.3779527559055118,0.3779527559055118,0.07086614173228346,0.41732283464566927,0.2755905511811021,0.3048368953880765,0.3254593175853018,2022-11-03,0.36220472440944884,46.0,140.04166666666666
2022-11-03,140.04166666666666,46,0.36220472440944884,0.36220472440944884,0.3779527559055118,0.3779527559055118,0.33858267716535434,0.3727034120734905,0.296962879640045,0.3191601049868767,2022-11-04,0.29133858267716534,37.0,112.45833333333331
2022-11-04,112.45833333333331,37,0.29133858267716534,0.29133858267716534,0.36220472440944884,0.3779527559055118,0.3700787401574803,0.34383202099737503,0.29021372328458944,0.3118110236220472,2022-11-05,0.12598425196850394,16.0,51.41666666666666
2022-11-05,51.41666666666666,16,0.12598425196850394,0.12598425196850394,0.29133858267716534,0.36220472440944884,0.18110236220472442,0.2598425196850391,0.25534308211473566,0.3026246719160105,2022-11-06,0.30708661417322836,39.0,118.41666666666669
2022-11-06,118.41666666666669,39,0.30708661417322836,0.30708661417322836,0.12598425196850394,0.29133858267716534,0.07086614173228346,0.2414698162729656,0.2733408323959505,0.3044619422572179,2022-11-07,0.3700787401574803,47.0,142.58333333333334
2022-11-07,142.58333333333334,47,0.3700787401574803,0.3700787401574803,0.30708661417322836,0.12598425196850394,0.3779527559055118,0.2677165354330706,0.3160854893138358,0.3034120734908136,2022-11-08,0.3228346456692913,41.0,125.08333333333331
2022-11-08,125.08333333333331,41,0.3228346456692913,0.3228346456692913,0.3700787401574803,0.30708661417322836,0.3779527559055118,0.33333333333333304,0.3082114735658043,0.29816272965879265,2022-11-09,0.33858267716535434,43.0,130.79166666666666
2022-11-09,130.79166666666666,43,0.33858267716535434,0.33858267716535434,0.3228346456692913,0.3700787401574803,0.36220472440944884,0.34383202099737503,0.30258717660292467,0.2926509186351706,2022-11-10,0.33070866141732286,42.0,126.95833333333331
2022-11-10,126.95833333333331,42,0.33070866141732286,0.33070866141732286,0.33858267716535434,0.3228346456692913,0.29133858267716534,0.3307086614173225,0.2980877390326209,0.2879265091863517,2022-11-11,0.10236220472440945,13.0,41.5
2022-11-11,41.5,13,0.10236220472440945,0.10236220472440945,0.33070866141732286,0.33858267716535434,0.12598425196850394,0.2572178477690286,0.2710911136107987,0.28477690288713914,2022-11-12,0.03937007874015748,5.0,17.291666666666668
2022-11-12,17.291666666666668,5,0.03937007874015748,0.03937007874015748,0.10236220472440945,0.33070866141732286,0.30708661417322836,0.15748031496062964,0.2587176602924634,0.2763779527559055,2022-11-13,0.11023622047244094,14.0,43.875
2022-11-13,43.875,14,0.11023622047244094,0.11023622047244094,0.03937007874015748,0.10236220472440945,0.3700787401574803,0.08398950131233568,0.23059617547806524,0.2658792650918635,2022-11-14,0.1732283464566929,22.0,69.58333333333333
2022-11-14,69.58333333333333,22,0.1732283464566929,0.1732283464566929,0.11023622047244094,0.03937007874015748,0.3228346456692913,0.10761154855643018,0.20247469066366702,0.2608923884514436,2022-11-15,0.03937007874015748,5.0,19.5
2022-11-15,19.5,5,0.03937007874015748,0.03937007874015748,0.1732283464566929,0.11023622047244094,0.33858267716535434,0.10761154855643017,0.16197975253093364,0.25065616797900264,2022-11-16,0.07874015748031496,10.0,31.916666666666668
2022-11-16,31.916666666666668,10,0.07874015748031496,0.07874015748031496,0.03937007874015748,0.1732283464566929,0.33070866141732286,0.09711286089238817,0.12485939257592803,0.24803149606299213,2022-11-17,0.11811023622047244,15.0,46.75
2022-11-17,46.75,15,0.11811023622047244,0.11811023622047244,0.07874015748031496,0.03937007874015748,0.10236220472440945,0.07874015748031468,0.09448818897637794,0.24855643044619422,2022-11-18,0.08661417322834646,11.0,35.208333333333336
2022-11-18,35.208333333333336,11,0.08661417322834646,0.08661417322834646,0.11811023622047244,0.07874015748031496,0.03937007874015748,0.09448818897637767,0.0922384701912261,0.24671916010498687,2022-11-19,0.1968503937007874,25.0,76.29166666666667
2022-11-19,76.29166666666667,25,0.1968503937007874,0.1968503937007874,0.08661417322834646,0.11811023622047244,0.11023622047244094,0.13385826771653517,0.11473565804274466,0.24881889763779527,2022-11-20,0.11023622047244094,14.0,45.54166666666666
2022-11-20,45.54166666666666,14,0.11023622047244094,0.11023622047244094,0.1968503937007874,0.08661417322834646,0.1732283464566929,0.13123359580052466,0.11473565804274466,0.23858267716535433,2022-11-21,0.2047244094488189,26.0,80.66666666666667
2022-11-21,80.66666666666667,26,0.2047244094488189,0.2047244094488189,0.11023622047244094,0.1968503937007874,0.03937007874015748,0.17060367454068212,0.11923509561304836,0.23097112860892388,2022-11-22,0.2677165354330709,34.0,102.625
2022-11-22,102.625,34,0.2677165354330709,0.2677165354330709,0.2047244094488189,0.11023622047244094,0.07874015748031496,0.19422572178477662,0.1518560179977503,0.22755905511811025,2022-11-23,0.28346456692913385,36.0,108.875
2022-11-23,108.875,36,0.28346456692913385,0.28346456692913385,0.2677165354330709,0.2047244094488189,0.11811023622047244,0.2519685039370076,0.1811023622047244,0.22388451443569551,2022-11-24,0.2125984251968504,27.0,81.75
2022-11-24,81.75,27,0.2125984251968504,0.2125984251968504,0.28346456692913385,0.2677165354330709,0.08661417322834646,0.2545931758530181,0.19460067491563554,0.2215223097112861,2022-11-25,0.2755905511811024,35.0,106.70833333333331
2022-11-25,106.70833333333331,35,0.2755905511811024,0.2755905511811024,0.2125984251968504,0.28346456692913385,0.1968503937007874,0.2572178477690286,0.22159730033745784,0.22939632545931757,2022-11-26,0.29133858267716534,37.0,110.95833333333331
2022-11-26,110.95833333333331,37,0.29133858267716534,0.29133858267716534,0.2755905511811024,0.2125984251968504,0.11023622047244094,0.2598425196850391,0.23509561304836896,0.2251968503937008,2022-11-27,0.015748031496062992,2.0,10.208333333333334
2022-11-27,10.208333333333334,2,0.015748031496062992,0.015748031496062992,0.29133858267716534,0.2755905511811024,0.2047244094488189,0.19422572178477662,0.2215973003374578,0.21443569553805775,2022-11-28,0.07874015748031496,10.0,32.083333333333336
2022-11-28,32.083333333333336,10,0.07874015748031496,0.07874015748031496,0.015748031496062992,0.29133858267716534,0.2677165354330709,0.12860892388451414,0.20359955005624294,0.2047244094488189,2022-11-29,0.07874015748031496,10.0,33.583333333333336
2022-11-29,33.583333333333336,10,0.07874015748031496,0.07874015748031496,0.07874015748031496,0.015748031496062992,0.28346456692913385,0.05774278215223069,0.1766029246344207,0.20131233595800524,2022-11-30,0.031496062992125984,4.0,14.291666666666666
2022-11-30,14.291666666666666,4,0.031496062992125984,0.031496062992125984,0.07874015748031496,0.07874015748031496,0.2125984251968504,0.06299212598425169,0.140607424071991,0.2,2022-12-01,0.23622047244094488,30.0,92.83333333333331
2022-12-01,92.83333333333331,30,0.23622047244094488,0.23622047244094488,0.031496062992125984,0.07874015748031496,0.2755905511811024,0.11548556430446166,0.14398200224971877,0.1952755905511811,2022-12-02,0.09448818897637795,12.0,39.083333333333336
2022-12-02,39.083333333333336,12,0.09448818897637795,0.09448818897637795,0.23622047244094488,0.031496062992125984,0.29133858267716534,0.12073490813648267,0.11811023622047244,0.1858267716535433,2022-12-03,0.05511811023622047,7.0,24.33333333333333
2022-12-03,24.33333333333333,7,0.05511811023622047,0.05511811023622047,0.09448818897637795,0.23622047244094488,0.015748031496062992,0.12860892388451417,0.0843644544431946,0.17559055118110234,2022-12-04,0.2440944881889764,31.0,95.375
2022-12-04,95.375,31,0.2440944881889764,0.2440944881889764,0.05511811023622047,0.09448818897637795,0.07874015748031496,0.13123359580052466,0.11698537682789652,0.17401574803149608,2022-12-05,0.11023622047244094,14.0,45.29166666666666
2022-12-05,45.29166666666666,14,0.11023622047244094,0.11023622047244094,0.2440944881889764,0.05511811023622047,0.07874015748031496,0.13648293963254565,0.12148481439820023,0.17349081364829397,2022-12-06,0.05511811023622047,7.0,24.25
2022-12-06,24.25,7,0.05511811023622047,0.05511811023622047,0.11023622047244094,0.2440944881889764,0.031496062992125984,0.13648293963254565,0.11811023622047245,0.16509186351706037,2022-12-07,0.05511811023622047,7.0,22.83333333333333
2022-12-07,22.83333333333333,7,0.05511811023622047,0.05511811023622047,0.05511811023622047,0.11023622047244094,0.23622047244094488,0.07349081364829368,0.12148481439820023,0.15459317585301838,2022-12-08,0.10236220472440945,13.0,40.91666666666666
2022-12-08,40.91666666666666,13,0.10236220472440945,0.10236220472440945,0.05511811023622047,0.05511811023622047,0.09448818897637795,0.07086614173228319,0.10236220472440945,0.14724409448818898,2022-12-09,0.05511811023622047,7.0,22.75
2022-12-09,22.75,7,0.05511811023622047,0.05511811023622047,0.10236220472440945,0.05511811023622047,0.05511811023622047,0.07086614173228319,0.09673790776152981,0.1377952755905512,2022-12-10,0.047244094488188976,6.0,20.25
2022-12-10,20.25,6,0.047244094488188976,0.047244094488188976,0.05511811023622047,0.10236220472440945,0.2440944881889764,0.06824146981627269,0.09561304836895389,0.1283464566929134,2022-12-11,0.10236220472440945,13.0,42.875
2022-12-11,42.875,13,0.10236220472440945,0.10236220472440945,0.047244094488188976,0.05511811023622047,0.11023622047244094,0.06824146981627269,0.07536557930258717,0.1283464566929134,2022-12-12,0.047244094488188976,6.0,21.83333333333333
2022-12-12,21.83333333333333,6,0.047244094488188976,0.047244094488188976,0.10236220472440945,0.047244094488188976,0.05511811023622047,0.06561679790026219,0.06636670416197975,0.12860892388451445,2022-12-13,0.05511811023622047,7.0,22.791666666666668
2022-12-13,22.791666666666668,7,0.05511811023622047,0.05511811023622047,0.047244094488188976,0.10236220472440945,0.05511811023622047,0.0682414698162727,0.06636670416197975,0.1267716535433071,2022-12-14,0.07874015748031496,10.0,31.95833333333333
2022-12-14,31.95833333333333,10,0.07874015748031496,0.07874015748031496,0.05511811023622047,0.047244094488188976,0.10236220472440945,0.0603674540682412,0.06974128233970754,0.1236220472440945,2022-12-15,0.10236220472440945,13.0,41.958333333333336
2022-12-15,41.958333333333336,13,0.10236220472440945,0.10236220472440945,0.07874015748031496,0.05511811023622047,0.05511811023622047,0.07874015748031468,0.06974128233970754,0.12572178477690288,2022-12-16,0.023622047244094488,3.0,12.958333333333334
2022-12-16,12.958333333333334,3,0.023622047244094488,0.023622047244094488,0.10236220472440945,0.07874015748031496,0.047244094488188976,0.0682414698162727,0.06524184476940383,0.12388451443569554,2022-12-17,0.05511811023622047,7.0,25.166666666666668
2022-12-17,25.166666666666668,7,0.05511811023622047,0.05511811023622047,0.023622047244094488,0.10236220472440945,0.10236220472440945,0.060367454068241184,0.06636670416197975,0.12178477690288715,2022-12-18,0.07086614173228346,9.0,31.33333333333333
2022-12-18,31.33333333333333,9,0.07086614173228346,0.07086614173228346,0.05511811023622047,0.023622047244094488,0.047244094488188976,0.049868766404199204,0.06186726659167604,0.12125984251968505,2022-12-19,0.031496062992125984,4.0,16.208333333333332
2022-12-19,16.208333333333332,4,0.031496062992125984,0.031496062992125984,0.07086614173228346,0.05511811023622047,0.05511811023622047,0.052493438320209695,0.05961754780652419,0.115748031496063,2022-12-20,0.13385826771653545,17.0,53.25
2022-12-20,53.25,17,0.13385826771653545,0.13385826771653545,0.031496062992125984,0.07086614173228346,0.07874015748031496,0.07874015748031468,0.07086614173228346,0.11653543307086614,2022-12-21,0.1732283464566929,22.0,67.625
2022-12-21,67.625,22,0.1732283464566929,0.1732283464566929,0.13385826771653545,0.031496062992125984,0.10236220472440945,0.11286089238845116,0.08436445444319461,0.11548556430446194,2022-12-22,0.05511811023622047,7.0,22.916666666666668
2022-12-22,22.916666666666668,7,0.05511811023622047,0.05511811023622047,0.1732283464566929,0.13385826771653545,0.023622047244094488,0.12073490813648265,0.07761529808773904,0.1083989501312336,2022-12-23,0.07086614173228346,9.0,30.875
2022-12-23,30.875,9,0.07086614173228346,0.07086614173228346,0.05511811023622047,0.1732283464566929,0.05511811023622047,0.09973753280839866,0.08436445444319461,0.10131233595800525,2022-12-24,0.08661417322834646,11.0,36.54166666666666
2022-12-24,36.54166666666666,11,0.08661417322834646,0.08661417322834646,0.07086614173228346,0.05511811023622047,0.07086614173228346,0.07086614173228319,0.08886389201349831,0.09711286089238844,2022-12-25,0.07086614173228346,9.0,28.416666666666668
2022-12-25,28.416666666666668,9,0.07086614173228346,0.07086614173228346,0.08661417322834646,0.07086614173228346,0.031496062992125984,0.07611548556430418,0.08886389201349831,0.09028871391076115,2022-12-26,0.10236220472440945,13.0,40.66666666666666
2022-12-26,40.66666666666666,13,0.10236220472440945,0.10236220472440945,0.07086614173228346,0.08661417322834646,0.13385826771653545,0.08661417322834618,0.09898762654668167,0.08398950131233596,2022-12-27,0.11023622047244094,14.0,44.625
2022-12-27,44.625,14,0.11023622047244094,0.11023622047244094,0.10236220472440945,0.07086614173228346,0.1732283464566929,0.09448818897637767,0.09561304836895389,0.08713910761154856,2022-12-28,0.15748031496062992,20.0,60.958333333333336
2022-12-28,60.958333333333336,20,0.15748031496062992,0.15748031496062992,0.11023622047244094,0.10236220472440945,0.05511811023622047,0.12335958005249316,0.09336332958380202,0.08976377952755905,2022-12-29,0.08661417322834646,11.0,35.458333333333336
2022-12-29,35.458333333333336,11,0.08661417322834646,0.08661417322834646,0.15748031496062992,0.11023622047244094,0.07086614173228346,0.11811023622047218,0.09786276715410572,0.0900262467191601,2022-12-30,0.015748031496062992,2.0,9.958333333333334
2022-12-30,9.958333333333334,2,0.015748031496062992,0.015748031496062992,0.08661417322834646,0.15748031496062992,0.08661417322834646,0.08661417322834618,0.08998875140607424,0.089501312335958,2022-12-31,0.023622047244094488,3.0,12.125
2022-12-31,12.125,3,0.023622047244094488,0.023622047244094488,0.015748031496062992,0.08661417322834646,0.07086614173228346,0.0419947506561677,0.08098987626546682,0.08241469816272966,2023-01-01,0.047244094488188976,6.0,21.041666666666668
2023-01-01,21.041666666666668,6,0.047244094488188976,0.047244094488188976,0.023622047244094488,0.015748031496062992,0.10236220472440945,0.028871391076115208,0.07761529808773904,0.08083989501312336,2023-01-02,0.14173228346456693,18.0,57.583333333333336
2023-01-02,57.583333333333336,18,0.14173228346456693,0.14173228346456693,0.047244094488188976,0.023622047244094488,0.11023622047244094,0.07086614173228319,0.08323959505061866,0.08372703412073491,2023-01-03,0.023622047244094488,3.0,11.375
2023-01-03,11.375,3,0.023622047244094488,0.023622047244094488,0.14173228346456693,0.047244094488188976,0.15748031496062992,0.07086614173228317,0.07086614173228346,0.0763779527559055,2023-01-04,0.06299212598425197,8.0,26.70833333333333
2023-01-04,26.70833333333333,8,0.06299212598425197,0.06299212598425197,0.023622047244094488,0.14173228346456693,0.08661417322834646,0.07611548556430418,0.05736782902137233,0.07480314960629922,2023-01-05,0.07086614173228346,9.0,29.375
2023-01-05,29.375,9,0.07086614173228346,0.07086614173228346,0.06299212598425197,0.023622047244094488,0.015748031496062992,0.05249343832020969,0.05511811023622047,0.07532808398950132,2023-01-06,0.031496062992125984,4.0,16.0
2023-01-06,16.0,4,0.031496062992125984,0.031496062992125984,0.07086614173228346,0.06299212598425197,0.023622047244094488,0.05511811023622019,0.05736782902137233,0.07454068241469816,2023-01-07,0.07086614173228346,9.0,28.45833333333333
2023-01-07,28.45833333333333,9,0.07086614173228346,0.07086614173228346,0.031496062992125984,0.07086614173228346,0.047244094488188976,0.057742782152230686,0.06411698537682789,0.07349081364829395,2023-01-08,0.05511811023622047,7.0,24.33333333333333
2023-01-08,24.33333333333333,7,0.05511811023622047,0.05511811023622047,0.07086614173228346,0.031496062992125984,0.14173228346456693,0.05249343832020969,0.06524184476940383,0.07349081364829395,2023-01-09,0.2677165354330709,34.0,102.29166666666669
2023-01-09,102.29166666666669,34,0.2677165354330709,0.2677165354330709,0.05511811023622047,0.07086614173228346,0.023622047244094488,0.13123359580052466,0.08323959505061869,0.08083989501312336,2023-01-10,0.15748031496062992,20.0,62.16666666666666
2023-01-10,62.16666666666666,20,0.15748031496062992,0.15748031496062992,0.2677165354330709,0.05511811023622047,0.06299212598425197,0.16010498687664013,0.10236220472440946,0.08267716535433071,2023-01-11,0.08661417322834646,11.0,35.875
2023-01-11,35.875,11,0.08661417322834646,0.08661417322834646,0.15748031496062992,0.2677165354330709,0.07086614173228346,0.17060367454068212,0.10573678290213724,0.08398950131233596,2023-01-12,0.015748031496062992,2.0,9.791666666666666
2023-01-12,9.791666666666666,2,0.015748031496062992,0.015748031496062992,0.08661417322834646,0.15748031496062992,0.031496062992125984,0.08661417322834615,0.09786276715410573,0.08267716535433071,2023-01-13,0.06299212598425197,8.0,27.83333333333333
2023-01-13,27.83333333333333,8,0.06299212598425197,0.06299212598425197,0.015748031496062992,0.08661417322834646,0.07086614173228346,0.05511811023622017,0.10236220472440946,0.08215223097112861,2023-01-14,0.2677165354330709,34.0,101.95833333333331
2023-01-14,101.95833333333331,34,0.2677165354330709,0.2677165354330709,0.06299212598425197,0.015748031496062992,0.05511811023622047,0.11548556430446165,0.13048368953880765,0.08766404199475067,2023-01-15,0.2047244094488189,26.0,80.875
2023-01-15,80.875,26,0.2047244094488189,0.2047244094488189,0.2677165354330709,0.06299212598425197,0.2677165354330709,0.1784776902887136,0.1518560179977503,0.0937007874015748,2023-01-16,0.14173228346456693,18.0,54.958333333333336
2023-01-16,54.958333333333336,18,0.14173228346456693,0.14173228346456693,0.2047244094488189,0.2677165354330709,0.15748031496062992,0.20472440944881862,0.13385826771653545,0.09658792650918634,2023-01-17,0.06299212598425197,8.0,26.33333333333333
2023-01-17,26.33333333333333,8,0.06299212598425197,0.06299212598425197,0.14173228346456693,0.2047244094488189,0.08661417322834646,0.13648293963254562,0.12035995500562431,0.09632545931758531,2023-01-18,0.12598425196850394,16.0,49.458333333333336
2023-01-18,49.458333333333336,16,0.12598425196850394,0.12598425196850394,0.06299212598425197,0.14173228346456693,0.015748031496062992,0.11023622047244064,0.12598425196850394,0.0994750656167979,2023-01-19,0.07086614173228346,9.0,29.541666666666668
2023-01-19,29.541666666666668,9,0.07086614173228346,0.07086614173228346,0.12598425196850394,0.06299212598425197,0.06299212598425197,0.08661417322834615,0.13385826771653545,0.09737532808398949,2023-01-20,0.09448818897637795,12.0,37.958333333333336
2023-01-20,37.958333333333336,12,0.09448818897637795,0.09448818897637795,0.07086614173228346,0.12598425196850394,0.2677165354330709,0.09711286089238814,0.13835770528683913,0.09475065616797901,2023-01-21,0.031496062992125984,4.0,15.125
2023-01-21,15.125,4,0.031496062992125984,0.031496062992125984,0.09448818897637795,0.07086614173228346,0.2047244094488189,0.06561679790026216,0.1046119235095613,0.09396325459317585,2023-01-22,0.031496062992125984,4.0,16.458333333333332
2023-01-22,16.458333333333332,4,0.031496062992125984,0.031496062992125984,0.031496062992125984,0.09448818897637795,0.14173228346456693,0.052493438320209675,0.0798650168728909,0.0926509186351706,2023-01-23,0.07874015748031496,10.0,32.541666666666664
2023-01-23,32.541666666666664,10,0.07874015748031496,0.07874015748031496,0.031496062992125984,0.031496062992125984,0.06299212598425197,0.04724409448818868,0.07086614173228346,0.09238845144356955,2023-01-24,0.30708661417322836,39.0,119.25
2023-01-24,119.25,39,0.30708661417322836,0.30708661417322836,0.07874015748031496,0.031496062992125984,0.12598425196850394,0.13910761154855614,0.10573678290213724,0.10026246719160105,2023-01-25,0.023622047244094488,3.0,12.958333333333334
2023-01-25,12.958333333333334,3,0.023622047244094488,0.023622047244094488,0.30708661417322836,0.07874015748031496,0.07086614173228346,0.13648293963254565,0.09111361079865017,0.09763779527559055,2023-01-26,0.09448818897637795,12.0,39.54166666666666
2023-01-26,39.54166666666666,12,0.09448818897637795,0.09448818897637795,0.023622047244094488,0.30708661417322836,0.09448818897637795,0.14173228346456665,0.09448818897637797,0.09711286089238845,2023-01-27,0.15748031496062992,20.0,61.54166666666666
2023-01-27,61.54166666666666,20,0.15748031496062992,0.15748031496062992,0.09448818897637795,0.023622047244094488,0.031496062992125984,0.09186351706036718,0.10348706411698538,0.09711286089238845,2023-01-28,0.14960629921259844,19.0,59.833333333333336
2023-01-28,59.833333333333336,19,0.14960629921259844,0.14960629921259844,0.15748031496062992,0.09448818897637795,0.031496062992125984,0.13385826771653517,0.12035995500562431,0.09921259842519685,2023-01-29,0.07086614173228346,9.0,30.166666666666668
2023-01-29,30.166666666666668,9,0.07086614173228346,0.07086614173228346,0.14960629921259844,0.15748031496062992,0.07874015748031496,0.12598425196850366,0.12598425196850394,0.10104986876640422,2023-01-30,0.09448818897637795,12.0,37.875
2023-01-30,37.875,12,0.09448818897637795,0.09448818897637795,0.07086614173228346,0.14960629921259844,0.30708661417322836,0.10498687664041967,0.1282339707536558,0.10341207349081365,2023-01-31,0.29133858267716534,37.0,112.04166666666669
2023-01-31,112.04166666666669,37,0.29133858267716534,0.29133858267716534,0.09448818897637795,0.07086614173228346,0.023622047244094488,0.15223097112860864,0.12598425196850394,0.11154855643044619,2023-02-01,0.3700787401574803,47.0,141.54166666666666
2023-02-01,141.54166666666666,47,0.3700787401574803,0.3700787401574803,0.29133858267716534,0.09448818897637795,0.09448818897637795,0.2519685039370076,0.17547806524184478,0.11916010498687665,2023-02-02,0.3700787401574803,47.0,141.875
2023-02-02,141.875,47,0.3700787401574803,0.3700787401574803,0.3700787401574803,0.29133858267716534,0.15748031496062992,0.34383202099737503,0.21484814398200225,0.13070866141732285,2023-02-03,0.33070866141732286,42.0,126.29166666666669
2023-02-03,126.29166666666669,42,0.33070866141732286,0.33070866141732286,0.3700787401574803,0.3700787401574803,0.14960629921259844,0.35695538057742754,0.23959505061867267,0.13963254593175853,2023-02-04,0.3464566929133858,44.0,132.41666666666666
2023-02-04,132.41666666666666,44,0.3464566929133858,0.3464566929133858,0.33070866141732286,0.3700787401574803,0.07086614173228346,0.34908136482939606,0.26771653543307083,0.14881889763779527,2023-02-05,0.1968503937007874,25.0,76.70833333333333
2023-02-05,76.70833333333333,25,0.1968503937007874,0.1968503937007874,0.3464566929133858,0.33070866141732286,0.09448818897637795,0.2913385826771651,0.2857142857142857,0.15433070866141732,2023-02-06,0.2204724409448819,28.0,85.0
2023-02-06,85.0,28,0.2204724409448819,0.2204724409448819,0.1968503937007874,0.3464566929133858,0.29133858267716534,0.2545931758530181,0.3037120359955005,0.1593175853018373,2023-02-07,0.25196850393700787,32.0,98.375
2023-02-07,98.375,32,0.25196850393700787,0.25196850393700787,0.2204724409448819,0.1968503937007874,0.3700787401574803,0.2230971128608921,0.2980877390326209,0.16587926509186351,2023-02-08,0.30708661417322836,39.0,116.875
2023-02-08,116.875,39,0.30708661417322836,0.30708661417322836,0.25196850393700787,0.2204724409448819,0.3700787401574803,0.2598425196850391,0.2890888638920135,0.16719160104986877,2023-02-09,0.07874015748031496,10.0,32.958333333333336
2023-02-09,32.958333333333336,10,0.07874015748031496,0.07874015748031496,0.30708661417322836,0.25196850393700787,0.33070866141732286,0.2125984251968501,0.24746906636670415,0.16456692913385826,2023-02-10,0.1732283464566929,22.0,67.375
2023-02-10,67.375,22,0.1732283464566929,0.1732283464566929,0.07874015748031496,0.30708661417322836,0.3464566929133858,0.1863517060367451,0.22497187851518557,0.16745406824146983,2023-02-11,0.41732283464566927,53.0,160.41666666666666
2023-02-11,160.41666666666666,53,0.41732283464566927,0.41732283464566927,0.1732283464566929,0.07874015748031496,0.1968503937007874,0.22309711286089207,0.23509561304836898,0.18083989501312336,2023-02-12,0.4251968503937008,54.0,161.75
2023-02-12,161.75,54,0.4251968503937008,0.4251968503937008,0.41732283464566927,0.1732283464566929,0.2204724409448819,0.338582677165354,0.2677165354330709,0.19291338582677167,2023-02-13,0.41732283464566927,53.0,159.75
2023-02-13,159.75,53,0.41732283464566927,0.41732283464566927,0.4251968503937008,0.41732283464566927,0.25196850393700787,0.4199475065616795,0.295838020247469,0.1979002624671916,2023-02-14,0.36220472440944884,46.0,140.0
2023-02-14,140.0,46,0.36220472440944884,0.36220472440944884,0.41732283464566927,0.4251968503937008,0.30708661417322836,0.40157480314960603,0.3115860517435321,0.2031496062992126,2023-02-15,0.29133858267716534,37.0,111.41666666666669
2023-02-15,111.41666666666669,37,0.29133858267716534,0.29133858267716534,0.36220472440944884,0.41732283464566927,0.07874015748031496,0.3569553805774275,0.3093363329583802,0.20813648293963252,2023-02-16,0.05511811023622047,7.0,22.95833333333333
2023-02-16,22.95833333333333,7,0.05511811023622047,0.05511811023622047,0.29133858267716534,0.36220472440944884,0.1732283464566929,0.23622047244094457,0.3059617547806524,0.2078740157480315,2023-02-17,0.1889763779527559,24.0,74.04166666666667
2023-02-17,74.04166666666667,24,0.1889763779527559,0.1889763779527559,0.05511811023622047,0.29133858267716534,0.41732283464566927,0.1784776902887136,0.3082114735658043,0.20997375328083992,2023-02-18,0.4330708661417323,55.0,164.75
2023-02-18,164.75,55,0.4330708661417323,0.4330708661417323,0.1889763779527559,0.05511811023622047,0.4251968503937008,0.2257217847769026,0.31046119235095615,0.2220472440944882,2023-02-19,0.3464566929133858,44.0,132.625
2023-02-19,132.625,44,0.3464566929133858,0.3464566929133858,0.4330708661417323,0.1889763779527559,0.41732283464566927,0.32283464566929104,0.2992125984251968,0.2304461942257218,2023-02-20,0.36220472440944884,46.0,137.66666666666666
2023-02-20,137.66666666666666,46,0.36220472440944884,0.36220472440944884,0.3464566929133858,0.4330708661417323,0.36220472440944884,0.380577427821522,0.29133858267716534,0.2414698162729659,2023-02-21,0.25196850393700787,32.0,97.79166666666669
2023-02-21,97.79166666666669,32,0.25196850393700787,0.25196850393700787,0.36220472440944884,0.3464566929133858,0.29133858267716534,0.3202099737532806,0.2755905511811024,0.24881889763779524,2023-02-22,0.015748031496062992,2.0,7.958333333333333
2023-02-22,7.958333333333333,2,0.015748031496062992,0.015748031496062992,0.25196850393700787,0.36220472440944884,0.05511811023622047,0.2099737532808396,0.23622047244094488,0.24671916010498687,2023-02-23,0.1968503937007874,25.0,76.16666666666667
2023-02-23,76.16666666666667,25,0.1968503937007874,0.1968503937007874,0.015748031496062992,0.25196850393700787,0.1889763779527559,0.15485564304461913,0.2564679415073116,0.2430446194225722,2023-02-24,0.4251968503937008,54.0,162.125
2023-02-24,162.125,54,0.4251968503937008,0.4251968503937008,0.1968503937007874,0.015748031496062992,0.4330708661417323,0.2125984251968501,0.29021372328458944,0.2564304461942257,2023-02-25,0.2755905511811024,35.0,106.45833333333331
2023-02-25,106.45833333333331,35,0.2755905511811024,0.2755905511811024,0.4251968503937008,0.1968503937007874,0.3464566929133858,0.2992125984251966,0.2677165354330709,0.26246719160104987,2023-02-26,0.5039370078740157,64.0,191.33333333333331
2023-02-26,191.33333333333331,64,0.5039370078740157,0.5039370078740157,0.2755905511811024,0.4251968503937008,0.36220472440944884,0.40157480314960603,0.29021372328458944,0.27401574803149603,2023-02-27,0.023622047244094488,3.0,12.75
2023-02-27,12.75,3,0.023622047244094488,0.023622047244094488,0.5039370078740157,0.2755905511811024,0.25196850393700787,0.26771653543307056,0.24184476940382454,0.26981627296587923,2023-02-28,0.25984251968503935,33.0,100.625
2023-02-28,100.625,33,0.25984251968503935,0.25984251968503935,0.023622047244094488,0.5039370078740157,0.015748031496062992,0.26246719160104953,0.24296962879640047,0.27611548556430443,2023-03-01,0.4015748031496063,51.0,153.70833333333334
2023-03-01,153.70833333333334,51,0.4015748031496063,0.4015748031496063,0.25984251968503935,0.023622047244094488,0.1968503937007874,0.2283464566929131,0.2980877390326209,0.2863517060367454,2023-03-02,0.11023622047244094,14.0,43.208333333333336
2023-03-02,43.208333333333336,14,0.11023622047244094,0.11023622047244094,0.4015748031496063,0.25984251968503935,0.4251968503937008,0.2572178477690286,0.2857142857142857,0.28031496062992123,2023-03-03,0.03937007874015748,5.0,17.916666666666668
2023-03-03,17.916666666666668,5,0.03937007874015748,0.03937007874015748,0.11023622047244094,0.4015748031496063,0.2755905511811024,0.18372703412073457,0.23059617547806524,0.2692913385826772,2023-03-04,0.5354330708661418,68.0,204.0
2023-03-04,204.0,68,0.5354330708661418,0.5354330708661418,0.03937007874015748,0.11023622047244094,0.5039370078740157,0.2283464566929131,0.26771653543307083,0.2748031496062992,2023-03-05,0.5433070866141733,69.0,207.5
2023-03-05,207.5,69,0.5433070866141733,0.5433070866141733,0.5354330708661418,0.03937007874015748,0.023622047244094488,0.3727034120734905,0.2733408323959505,0.28188976377952757,2023-03-06,0.16535433070866143,21.0,65.91666666666667
2023-03-06,65.91666666666667,21,0.16535433070866143,0.16535433070866143,0.5433070866141733,0.5354330708661418,0.25984251968503935,0.4146981627296585,0.2935883014623172,0.27585301837270343,2023-03-07,0.5826771653543307,74.0,220.83333333333331
2023-03-07,220.83333333333331,74,0.5826771653543307,0.5826771653543307,0.16535433070866143,0.5433070866141733,0.4015748031496063,0.43044619422572145,0.3397075365579303,0.2887139107611548,2023-03-08,0.5354330708661418,68.0,202.54166666666663
2023-03-08,202.54166666666663,68,0.5354330708661418,0.5354330708661418,0.5826771653543307,0.16535433070866143,0.11023622047244094,0.427821522309711,0.35883014623172105,0.2992125984251969,2023-03-09,0.4645669291338583,59.0,177.70833333333334
2023-03-09,177.70833333333334,59,0.4645669291338583,0.4645669291338583,0.5354330708661418,0.5826771653543307,0.03937007874015748,0.52755905511811,0.40944881889763785,0.3062992125984252,2023-03-10,0.15748031496062992,20.0,61.5
2023-03-10,61.5,20,0.15748031496062992,0.15748031496062992,0.4645669291338583,0.5354330708661418,0.5354330708661418,0.38582677165354307,0.4263217097862767,0.30131233595800533,2023-03-11,0.5511811023622047,70.0,210.20833333333331
2023-03-11,210.20833333333331,70,0.5511811023622047,0.5511811023622047,0.15748031496062992,0.4645669291338583,0.5433070866141733,0.39107611548556404,0.42857142857142855,0.31706036745406824,2023-03-12,0.25984251968503935,33.0,99.04166666666669
2023-03-12,99.04166666666669,33,0.25984251968503935,0.25984251968503935,0.5511811023622047,0.15748031496062992,0.16535433070866143,0.32283464566929104,0.3880764904386952,0.31994750656167975,2023-03-13,0.1732283464566929,22.0,68.125
2023-03-13,68.125,22,0.1732283464566929,0.1732283464566929,0.25984251968503935,0.5511811023622047,0.5826771653543307,0.32808398950131207,0.3892013498312711,0.31181102362204727,2023-03-14,0.5826771653543307,74.0,222.25
2023-03-14,222.25,74,0.5826771653543307,0.5826771653543307,0.1732283464566929,0.25984251968503935,0.5354330708661418,0.338582677165354,0.3892013498312711,0.31706036745406824,2023-03-15,0.6141732283464567,78.0,233.45833333333331
2023-03-15,233.45833333333331,78,0.6141732283464567,0.6141732283464567,0.5826771653543307,0.1732283464566929,0.4645669291338583,0.45669291338582646,0.4004499437570304,0.3236220472440945,2023-03-16,0.3779527559055118,48.0,145.79166666666666
2023-03-16,145.79166666666666,48,0.3779527559055118,0.3779527559055118,0.6141732283464567,0.5826771653543307,0.15748031496062992,0.5249343832020995,0.3880764904386952,0.3241469816272966,2023-03-17,0.18110236220472442,23.0,71.79166666666667
2023-03-17,71.79166666666667,23,0.18110236220472442,0.18110236220472442,0.3779527559055118,0.6141732283464567,0.5511811023622047,0.39107611548556404,0.3914510686164229,0.32047244094488186,2023-03-18,0.3543307086614173,45.0,134.95833333333334
2023-03-18,134.95833333333334,45,0.3543307086614173,0.3543307086614173,0.18110236220472442,0.3779527559055118,0.25984251968503935,0.3044619422572175,0.36332958380202474,0.3304461942257218,2023-03-19,0.6456692913385826,82.0,245.08333333333331
2023-03-19,245.08333333333331,82,0.6456692913385826,0.6456692913385826,0.3543307086614173,0.18110236220472442,0.1732283464566929,0.3937007874015745,0.4184476940382452,0.34566929133858265,2023-03-20,0.6377952755905512,81.0,242.75
2023-03-20,242.75,81,0.6377952755905512,0.6377952755905512,0.6456692913385826,0.3543307086614173,0.5826771653543307,0.5459317585301834,0.4848143982002249,0.35249343832021,2023-03-21,0.49606299212598426,63.0,188.125
2023-03-21,188.125,63,0.49606299212598426,0.49606299212598426,0.6377952755905512,0.6456692913385826,0.6141732283464567,0.5931758530183724,0.47244094488188976,0.3574803149606299,2023-03-22,0.08661417322834646,11.0,35.875
2023-03-22,35.875,11,0.08661417322834646,0.08661417322834646,0.49606299212598426,0.6377952755905512,0.3779527559055118,0.40682414698162694,0.3970753655793025,0.34829396325459316,2023-03-23,0.09448818897637795,12.0,38.91666666666666
2023-03-23,38.91666666666666,12,0.09448818897637795,0.09448818897637795,0.08661417322834646,0.49606299212598426,0.18110236220472442,0.22572178477690255,0.3565804274465692,0.3430446194225722,2023-03-24,0.41732283464566927,53.0,159.08333333333334
2023-03-24,159.08333333333334,53,0.41732283464566927,0.41732283464566927,0.09448818897637795,0.08661417322834646,0.3543307086614173,0.19947506561679754,0.390326209223847,0.35643044619422576,2023-03-25,0.10236220472440945,13.0,42.66666666666666
2023-03-25,42.66666666666666,13,0.10236220472440945,0.10236220472440945,0.41732283464566927,0.09448818897637795,0.6456692913385826,0.20472440944881856,0.3543307086614173,0.35328083989501313,2023-03-26,0.5748031496062992,73.0,219.33333333333331
2023-03-26,219.33333333333331,73,0.5748031496062992,0.5748031496062992,0.10236220472440945,0.41732283464566927,0.6377952755905512,0.36482939632545897,0.344206974128234,0.3582677165354331,2023-03-27,0.14173228346456693,18.0,56.333333333333336
2023-03-27,56.333333333333336,18,0.14173228346456693,0.14173228346456693,0.5748031496062992,0.10236220472440945,0.49606299212598426,0.2729658792650915,0.2733408323959505,0.35380577427821525,2023-03-28,0.5511811023622047,70.0,210.08333333333331
2023-03-28,210.08333333333331,70,0.5511811023622047,0.5511811023622047,0.14173228346456693,0.5748031496062992,0.08661417322834646,0.42257217847768996,0.281214848143982,0.3553805774278215,2023-03-29,0.3700787401574803,47.0,141.33333333333334
2023-03-29,141.33333333333334,47,0.3700787401574803,0.3700787401574803,0.5511811023622047,0.14173228346456693,0.09448818897637795,0.35433070866141697,0.3217097862767154,0.3669291338582677,2023-03-30,0.7165354330708661,91.0,270.4583333333333
2023-03-30,270.4583333333333,91,0.7165354330708661,0.7165354330708661,0.3700787401574803,0.5511811023622047,0.41732283464566927,0.5459317585301834,0.41057367829021374,0.3821522309711286,2023-03-31,0.10236220472440945,13.0,41.833333333333336
2023-03-31,41.833333333333336,13,0.10236220472440945,0.10236220472440945,0.7165354330708661,0.3700787401574803,0.10236220472440945,0.39632545931758495,0.3655793025871766,0.3721784776902887,2023-04-01,0.13385826771653545,17.0,54.25
2023-04-01,54.25,17,0.13385826771653545,0.13385826771653545,0.10236220472440945,0.7165354330708661,0.5748031496062992,0.31758530183727,0.37007874015748027,0.3729658792650919,2023-04-02,0.7086614173228346,90.0,269.125
2023-04-02,269.125,90,0.7086614173228346,0.7086614173228346,0.13385826771653545,0.10236220472440945,0.14173228346456693,0.3149606299212595,0.3892013498312711,0.39527559055118106,2023-04-03,0.3937007874015748,50.0,149.54166666666666
2023-04-03,149.54166666666666,50,0.3937007874015748,0.3937007874015748,0.7086614173228346,0.13385826771653545,0.5511811023622047,0.4120734908136479,0.4251968503937008,0.3905511811023622,2023-04-04,0.28346456692913385,36.0,110.75
2023-04-04,110.75,36,0.28346456692913385,0.28346456692913385,0.3937007874015748,0.7086614173228346,0.3700787401574803,0.4619422572178474,0.38695163104611924,0.38188976377952755,2023-04-05,0.09448818897637795,12.0,39.79166666666666
2023-04-05,39.79166666666666,12,0.09448818897637795,0.09448818897637795,0.28346456692913385,0.3937007874015748,0.7165354330708661,0.25721784776902856,0.3475815523059617,0.3795275590551181,2023-04-06,0.48031496062992124,61.0,184.04166666666663
2023-04-06,184.04166666666663,61,0.48031496062992124,0.48031496062992124,0.09448818897637795,0.28346456692913385,0.10236220472440945,0.286089238845144,0.31383577052868394,0.3761154855643045,2023-04-07,0.7716535433070866,98.0,290.25
2023-04-07,290.25,98,0.7716535433070866,0.7716535433070866,0.48031496062992124,0.09448818897637795,0.13385826771653545,0.4488188976377949,0.40944881889763785,0.38398950131233595,2023-04-08,0.7244094488188977,92.0,273.375
2023-04-08,273.375,92,0.7244094488188977,0.7244094488188977,0.7716535433070866,0.48031496062992124,0.7086614173228346,0.6587926509186348,0.4938132733408324,0.3926509186351706,2023-04-09,0.7559055118110236,96.0,286.7916666666667
2023-04-09,286.7916666666667,96,0.7559055118110236,0.7559055118110236,0.7244094488188977,0.7716535433070866,0.3937007874015748,0.7506561679790021,0.500562429696288,0.41259842519685036,2023-04-10,0.6771653543307087,86.0,256.625
2023-04-10,256.625,86,0.6771653543307087,0.6771653543307087,0.7559055118110236,0.7244094488188977,0.28346456692913385,0.7191601049868762,0.5410573678290215,0.41679790026246716,2023-04-11,0.6456692913385826,82.0,245.41666666666663
2023-04-11,245.41666666666663,82,0.6456692913385826,0.6456692913385826,0.6771653543307087,0.7559055118110236,0.09448818897637795,0.6929133858267713,0.592800899887514,0.42965879265091866,2023-04-12,0.7559055118110236,96.0,285.6666666666667
2023-04-12,285.6666666666667,96,0.7559055118110236,0.7559055118110236,0.6456692913385826,0.6771653543307087,0.48031496062992124,0.6929133858267713,0.6872890888638921,0.4490813648293963,2023-04-13,0.7795275590551181,99.0,293.4583333333333
2023-04-13,293.4583333333333,99,0.7795275590551181,0.7795275590551181,0.7559055118110236,0.6456692913385826,0.7716535433070866,0.7270341207349077,0.7300337457817773,0.45564304461942257,2023-04-14,0.7007874015748031,89.0,266.125
2023-04-14,266.125,89,0.7007874015748031,0.7007874015748031,0.7795275590551181,0.7559055118110236,0.7244094488188977,0.7454068241469812,0.7199100112485939,0.4585301837270341,2023-04-15,0.6456692913385826,82.0,245.83333333333331
2023-04-15,245.83333333333331,82,0.6456692913385826,0.6456692913385826,0.7007874015748031,0.7795275590551181,0.7559055118110236,0.7086614173228343,0.7086614173228346,0.4674540682414698,2023-04-16,0.33070866141732286,42.0,126.625
2023-04-16,126.625,42,0.33070866141732286,0.33070866141732286,0.6456692913385826,0.7007874015748031,0.6771653543307087,0.5590551181102359,0.6479190101237345,0.47244094488188976,2023-04-17,0.2283464566929134,29.0,88.83333333333333
2023-04-17,88.83333333333333,29,0.2283464566929134,0.2283464566929134,0.33070866141732286,0.6456692913385826,0.6456692913385826,0.401574803149606,0.5838020247469066,0.46824146981627296,2023-04-18,0.2755905511811024,35.0,106.70833333333331
2023-04-18,106.70833333333331,35,0.2755905511811024,0.2755905511811024,0.2283464566929134,0.33070866141732286,0.7559055118110236,0.2782152230971125,0.530933633295838,0.4559055118110236,2023-04-19,0.7244094488188977,92.0,273.4583333333333
2023-04-19,273.4583333333333,92,0.7244094488188977,0.7244094488188977,0.2755905511811024,0.2283464566929134,0.7795275590551181,0.40944881889763746,0.5264341957255343,0.4587926509186352,2023-04-20,0.48031496062992124,61.0,183.54166666666663
2023-04-20,183.54166666666663,61,0.48031496062992124,0.48031496062992124,0.7244094488188977,0.2755905511811024,0.7007874015748031,0.4934383202099734,0.4836895388076491,0.4582677165354331,2023-04-21,0.1968503937007874,25.0,77.45833333333333
2023-04-21,77.45833333333333,25,0.1968503937007874,0.1968503937007874,0.48031496062992124,0.7244094488188977,0.6456692913385826,0.4671916010498684,0.41169853768278963,0.46194225721784776,2023-04-22,0.2440944881889764,31.0,95.33333333333331
2023-04-22,95.33333333333331,31,0.2440944881889764,0.2440944881889764,0.1968503937007874,0.48031496062992124,0.33070866141732286,0.30708661417322797,0.3543307086614173,0.4669291338582677,2023-04-23,0.36220472440944884,46.0,139.79166666666666
2023-04-23,139.79166666666666,46,0.36220472440944884,0.36220472440944884,0.2440944881889764,0.1968503937007874,0.2283464566929134,0.26771653543307056,0.35883014623172105,0.4650918635170604,2023-04-24,0.3700787401574803,47.0,141.625
2023-04-24,141.625,47,0.3700787401574803,0.3700787401574803,0.36220472440944884,0.2440944881889764,0.2755905511811024,0.3254593175853015,0.3790776152980877,0.47401574803149604,2023-04-25,0.2125984251968504,27.0,82.33333333333333
2023-04-25,82.33333333333333,27,0.2125984251968504,0.2125984251968504,0.3700787401574803,0.36220472440944884,0.7244094488188977,0.3149606299212595,0.37007874015748027,0.4619422572178477,2023-04-26,0.5433070866141733,69.0,205.5
2023-04-26,205.5,69,0.5433070866141733,0.5433070866141733,0.2125984251968504,0.3700787401574803,0.48031496062992124,0.37532808398950096,0.344206974128234,0.47532808398950127,2023-04-27,0.8110236220472441,103.0,306.9583333333333
2023-04-27,306.9583333333333,103,0.8110236220472441,0.8110236220472441,0.5433070866141733,0.2125984251968504,0.1968503937007874,0.5223097112860889,0.3914510686164229,0.483989501312336,2023-04-28,0.11023622047244094,14.0,44.125
2023-04-28,44.125,14,0.11023622047244094,0.11023622047244094,0.8110236220472441,0.5433070866141733,0.2440944881889764,0.4881889763779524,0.37907761529808776,0.47532808398950127,2023-04-29,0.36220472440944884,46.0,137.95833333333334
2023-04-29,137.95833333333334,46,0.36220472440944884,0.36220472440944884,0.11023622047244094,0.8110236220472441,0.36220472440944884,0.427821522309711,0.39595050618672667,0.46351706036745405,2023-04-30,0.4094488188976378,52.0,154.95833333333334
2023-04-30,154.95833333333334,52,0.4094488188976378,0.4094488188976378,0.36220472440944884,0.11023622047244094,0.3700787401574803,0.29396325459317557,0.40269966254218226,0.47375328083989504,2023-05-01,0.28346456692913385,36.0,108.95833333333331
2023-05-01,108.95833333333331,36,0.28346456692913385,0.28346456692913385,0.4094488188976378,0.36220472440944884,0.2125984251968504,0.3517060367454065,0.39032620922384703,0.47874015748031495,2023-05-02,0.2283464566929134,29.0,88.29166666666667
2023-05-02,88.29166666666667,29,0.2283464566929134,0.2283464566929134,0.28346456692913385,0.4094488188976378,0.5433070866141733,0.307086614173228,0.3925759280089989,0.46272965879265093,2023-05-03,0.3700787401574803,47.0,140.29166666666666
2023-05-03,140.29166666666666,47,0.3700787401574803,0.3700787401574803,0.2283464566929134,0.28346456692913385,0.8110236220472441,0.29396325459317557,0.3678290213723284,0.46194225721784776,2023-05-04,0.5354330708661418,68.0,202.29166666666663
2023-05-04,202.29166666666663,68,0.5354330708661418,0.5354330708661418,0.3700787401574803,0.2283464566929134,0.11023622047244094,0.37795275590551153,0.328458942632171,0.47034120734908136,2023-05-05,0.8346456692913385,106.0,314.2083333333333
2023-05-05,314.2083333333333,106,0.8346456692913385,0.8346456692913385,0.5354330708661418,0.3700787401574803,0.36220472440944884,0.5800524934383199,0.43194600674915634,0.4950131233595801,2023-05-06,0.5748031496062992,73.0,217.125
2023-05-06,217.125,73,0.5748031496062992,0.5748031496062992,0.8346456692913385,0.5354330708661418,0.4094488188976378,0.6482939632545929,0.46231721034870643,0.49816272965879266,2023-05-07,0.4330708661417323,55.0,165.83333333333334
2023-05-07,165.83333333333334,55,0.4330708661417323,0.4330708661417323,0.5748031496062992,0.8346456692913385,0.28346456692913385,0.6141732283464564,0.46569178852643417,0.48687664041994755,2023-05-08,0.5984251968503937,76.0,226.08333333333331
2023-05-08,226.08333333333331,76,0.5984251968503937,0.5984251968503937,0.4330708661417323,0.5748031496062992,0.2283464566929134,0.5354330708661413,0.5106861642294713,0.48267716535433075,2023-05-09,0.8818897637795275,112.0,334.2083333333333
2023-05-09,334.2083333333333,112,0.8818897637795275,0.8818897637795275,0.5984251968503937,0.4330708661417323,0.3700787401574803,0.6377952755905509,0.6040494938132733,0.48687664041994755,2023-05-10,0.8818897637795275,112.0,332.375
2023-05-10,332.375,112,0.8818897637795275,0.8818897637795275,0.8818897637795275,0.5984251968503937,0.5354330708661418,0.7874015748031492,0.6771653543307086,0.4937007874015748,2023-05-11,0.8661417322834646,110.0,327.625
2023-05-11,327.625,110,0.8661417322834646,0.8661417322834646,0.8818897637795275,0.8818897637795275,0.8346456692913385,0.8766404199475062,0.7244094488188976,0.5010498687664042,2023-05-12,0.4881889763779528,62.0,185.83333333333331
2023-05-12,185.83333333333331,62,0.4881889763779528,0.4881889763779528,0.8661417322834646,0.8818897637795275,0.5748031496062992,0.7454068241469813,0.6749156355455568,0.4921259842519685,2023-05-13,0.4409448818897638,56.0,169.0
2023-05-13,169.0,56,0.4409448818897638,0.4409448818897638,0.4881889763779528,0.8661417322834646,0.4330708661417323,0.5984251968503934,0.655793025871766,0.48083989501312335,2023-05-14,0.6692913385826772,85.0,253.625
2023-05-14,253.625,85,0.6692913385826772,0.6692913385826772,0.4409448818897638,0.4881889763779528,0.5984251968503937,0.5328083989501309,0.6895388076490437,0.4797900262467192,2023-05-15,0.937007874015748,119.0,353.7083333333333
2023-05-15,353.7083333333333,119,0.937007874015748,0.937007874015748,0.6692913385826772,0.4409448818897638,0.8818897637795275,0.6824146981627294,0.7379077615298087,0.489501312335958,2023-05-16,0.6929133858267716,88.0,261.625
2023-05-16,261.625,88,0.6929133858267716,0.6929133858267716,0.937007874015748,0.6692913385826772,0.8818897637795275,0.7664041994750653,0.7109111361079865,0.5015748031496063,2023-05-17,0.937007874015748,119.0,352.5416666666667
2023-05-17,352.5416666666667,119,0.937007874015748,0.937007874015748,0.6929133858267716,0.937007874015748,0.8661417322834646,0.8556430446194222,0.718785151856018,0.5251968503937008,2023-05-18,0.9133858267716536,116.0,345.5
2023-05-18,345.5,116,0.9133858267716536,0.9133858267716536,0.937007874015748,0.6929133858267716,0.4881889763779528,0.8477690288713907,0.7255343082114736,0.5464566929133858,2023-05-19,0.4645669291338583,59.0,177.29166666666666
2023-05-19,177.29166666666666,59,0.4645669291338583,0.4645669291338583,0.9133858267716536,0.937007874015748,0.4409448818897638,0.7716535433070862,0.7221597300337458,0.5377952755905511,2023-05-20,0.4566929133858268,58.0,174.91666666666666
2023-05-20,174.91666666666666,58,0.4566929133858268,0.4566929133858268,0.4645669291338583,0.9133858267716536,0.6692913385826772,0.6115485564304458,0.7244094488188976,0.537007874015748,2023-05-21,0.8188976377952756,104.0,308.125
2023-05-21,308.125,104,0.8188976377952756,0.8188976377952756,0.4566929133858268,0.4645669291338583,0.937007874015748,0.5800524934383199,0.7457817772778403,0.5577427821522309,2023-05-22,0.8110236220472441,103.0,306.3333333333333
2023-05-22,306.3333333333333,103,0.8110236220472441,0.8110236220472441,0.8188976377952756,0.4566929133858268,0.6929133858267716,0.6955380577427818,0.7277840269966254,0.5766404199475066,2023-05-23,0.8188976377952756,104.0,309.2083333333333
2023-05-23,309.2083333333333,104,0.8188976377952756,0.8188976377952756,0.8110236220472441,0.8188976377952756,0.937007874015748,0.8162729658792647,0.7457817772778402,0.5918635170603674,2023-05-24,0.8661417322834646,110.0,326.7916666666667
2023-05-24,326.7916666666667,110,0.8661417322834646,0.8661417322834646,0.8188976377952756,0.8110236220472441,0.9133858267716536,0.8320209973753278,0.735658042744657,0.6083989501312336,2023-05-25,0.9212598425196851,117.0,346.0416666666667
2023-05-25,346.0416666666667,117,0.9212598425196851,0.9212598425196851,0.8661417322834646,0.8188976377952756,0.4645669291338583,0.8687664041994747,0.736782902137233,0.6320209973753281,2023-05-26,0.968503937007874,123.0,365.7916666666667
2023-05-26,365.7916666666667,123,0.968503937007874,0.968503937007874,0.9212598425196851,0.8661417322834646,0.4566929133858268,0.9186351706036743,0.8087739032620923,0.6461942257217849,2023-05-27,0.8188976377952756,104.0,310.0833333333333
2023-05-27,310.0833333333333,104,0.8188976377952756,0.8188976377952756,0.968503937007874,0.9212598425196851,0.8188976377952756,0.9028871391076111,0.8605174353205849,0.6464566929133858,2023-05-28,0.8031496062992126,102.0,302.0833333333333
2023-05-28,302.0833333333333,102,0.8031496062992126,0.8031496062992126,0.8188976377952756,0.968503937007874,0.8110236220472441,0.8635170603674537,0.8582677165354331,0.6695538057742783,2023-05-29,0.9291338582677166,118.0,350.375
2023-05-29,350.375,118,0.9291338582677166,0.9291338582677166,0.8031496062992126,0.8188976377952756,0.8188976377952756,0.8503937007874013,0.8751406074240721,0.6884514435695538,2023-05-30,0.9133858267716536,116.0,344.9166666666667
2023-05-30,344.9166666666667,116,0.9133858267716536,0.9133858267716536,0.9291338582677166,0.8031496062992126,0.8661417322834646,0.8818897637795273,0.888638920134983,0.705249343832021,2023-05-31,0.9448818897637795,120.0,356.6666666666667
2023-05-31,356.6666666666667,120,0.9448818897637795,0.9448818897637795,0.9133858267716536,0.9291338582677166,0.9212598425196851,0.9291338582677162,0.8998875140607423,0.7272965879265093,2023-06-01,0.937007874015748,119.0,354.625
2023-06-01,354.625,119,0.937007874015748,0.937007874015748,0.9448818897637795,0.9133858267716536,0.968503937007874,0.9317585301837267,0.9021372328458942,0.7509186351706038,2023-06-02,0.8503937007874016,108.0,320.8333333333333
2023-06-02,320.8333333333333,108,0.8503937007874016,0.8503937007874016,0.937007874015748,0.9448818897637795,0.8188976377952756,0.9107611548556428,0.8852643419572553,0.7669291338582677,2023-06-03,0.8818897637795275,112.0,331.4166666666667
2023-06-03,331.4166666666667,112,0.8818897637795275,0.8818897637795275,0.8503937007874016,0.937007874015748,0.8031496062992126,0.8897637795275587,0.8942632170978628,0.7784776902887139,2023-06-04,0.952755905511811,121.0,360.125
2023-06-04,360.125,121,0.952755905511811,0.952755905511811,0.8818897637795275,0.8503937007874016,0.9291338582677166,0.8950131233595796,0.9156355455568054,0.7824146981627298,2023-06-05,0.7244094488188977,92.0,273.0
2023-06-05,273.0,92,0.7244094488188977,0.7244094488188977,0.952755905511811,0.8818897637795275,0.9133858267716536,0.8530183727034117,0.8863892013498312,0.7874015748031497,2023-06-06,0.7559055118110236,96.0,285.25
2023-06-06,285.25,96,0.7559055118110236,0.7559055118110236,0.7244094488188977,0.952755905511811,0.9448818897637795,0.8110236220472439,0.8638920134983127,0.7981627296587928,2023-06-07,0.8976377952755905,114.0,338.0
2023-06-07,338.0,114,0.8976377952755905,0.8976377952755905,0.7559055118110236,0.7244094488188977,0.937007874015748,0.7926509186351702,0.8571428571428571,0.8081364829396326,2023-06-08,0.5984251968503937,76.0,225.625
2023-06-08,225.625,76,0.5984251968503937,0.5984251968503937,0.8976377952755905,0.7559055118110236,0.8503937007874016,0.7506561679790021,0.8087739032620923,0.7986876640419946,2023-06-09,0.8818897637795275,112.0,333.7083333333333
2023-06-09,333.7083333333333,112,0.8818897637795275,0.8818897637795275,0.5984251968503937,0.8976377952755905,0.8818897637795275,0.7926509186351702,0.8132733408323959,0.7986876640419948,2023-06-10,0.8503937007874016,108.0,321.7083333333333
2023-06-10,321.7083333333333,108,0.8503937007874016,0.8503937007874016,0.8818897637795275,0.5984251968503937,0.952755905511811,0.7769028871391074,0.8087739032620922,0.7981627296587926,2023-06-11,0.25984251968503935,33.0,99.79166666666669
2023-06-11,99.79166666666669,33,0.25984251968503935,0.25984251968503935,0.8503937007874016,0.8818897637795275,0.7244094488188977,0.6640419947506558,0.7097862767154106,0.7905511811023622,2023-06-12,0.3228346456692913,41.0,122.95833333333331
2023-06-12,122.95833333333331,41,0.3228346456692913,0.3228346456692913,0.25984251968503935,0.8503937007874016,0.7559055118110236,0.47769028871391034,0.6524184476940382,0.7866141732283464,2023-06-13,0.44881889763779526,57.0,170.0
2023-06-13,170.0,57,0.44881889763779526,0.44881889763779526,0.3228346456692913,0.25984251968503935,0.8976377952755905,0.34383202099737503,0.6085489313835771,0.779265091863517,2023-06-14,0.8740157480314961,111.0,330.3333333333333
2023-06-14,330.3333333333333,111,0.8740157480314961,0.8740157480314961,0.44881889763779526,0.3228346456692913,0.5984251968503937,0.5485564304461938,0.6051743532058492,0.7771653543307087,2023-06-15,0.4094488188976378,52.0,154.95833333333334
2023-06-15,154.95833333333334,52,0.4094488188976378,0.4094488188976378,0.8740157480314961,0.44881889763779526,0.8818897637795275,0.5774278215223094,0.578177727784027,0.7677165354330708,2023-06-16,0.6299212598425197,80.0,240.08333333333331
2023-06-16,240.08333333333331,80,0.6299212598425197,0.6299212598425197,0.4094488188976378,0.8740157480314961,0.8503937007874016,0.6377952755905508,0.5421822272215973,0.75748031496063,2023-06-17,0.952755905511811,121.0,358.375
2023-06-17,358.375,121,0.952755905511811,0.952755905511811,0.6299212598425197,0.4094488188976378,0.25984251968503935,0.6640419947506558,0.5568053993250844,0.7587926509186352,2023-06-18,0.9291338582677166,118.0,349.125
2023-06-18,349.125,118,0.9291338582677166,0.9291338582677166,0.952755905511811,0.6299212598425197,0.3228346456692913,0.8372703412073488,0.6524184476940382,0.7742782152230971,2023-06-19,0.8582677165354331,109.0,324.7916666666667
2023-06-19,324.7916666666667,109,0.8582677165354331,0.8582677165354331,0.9291338582677166,0.952755905511811,0.44881889763779526,0.9133858267716533,0.7289088863892014,0.7876640419947506,2023-06-20,0.8740157480314961,111.0,328.5833333333333
2023-06-20,328.5833333333333,111,0.8740157480314961,0.8740157480314961,0.8582677165354331,0.9291338582677166,0.8740157480314961,0.8871391076115481,0.7896512935883014,0.789501312335958,2023-06-21,0.9133858267716536,116.0,344.4583333333333
2023-06-21,344.4583333333333,116,0.9133858267716536,0.9133858267716536,0.8740157480314961,0.8582677165354331,0.4094488188976378,0.8818897637795273,0.7952755905511812,0.7929133858267716,2023-06-22,0.6377952755905512,81.0,241.20833333333331
2023-06-22,241.20833333333331,81,0.6377952755905512,0.6377952755905512,0.9133858267716536,0.8740157480314961,0.6299212598425197,0.8083989501312333,0.8278965129358831,0.7868766404199475,2023-06-23,0.25984251968503935,33.0,101.25
2023-06-23,101.25,33,0.25984251968503935,0.25984251968503935,0.6377952755905512,0.9133858267716536,0.952755905511811,0.6036745406824143,0.7750281214848143,0.7666666666666667,2023-06-24,0.6614173228346457,84.0,249.33333333333331
2023-06-24,249.33333333333331,84,0.6614173228346457,0.6614173228346457,0.25984251968503935,0.6377952755905512,0.9291338582677166,0.5196850393700784,0.7334083239595052,0.758005249343832,2023-06-25,0.6377952755905512,81.0,240.75
2023-06-25,240.75,81,0.6377952755905512,0.6377952755905512,0.6614173228346457,0.25984251968503935,0.8582677165354331,0.5196850393700784,0.6917885264341957,0.7469816272965879,2023-06-26,0.33858267716535434,43.0,129.625
2023-06-26,129.625,43,0.33858267716535434,0.33858267716535434,0.6377952755905512,0.6614173228346457,0.8740157480314961,0.5459317585301834,0.6175478065241845,0.730971128608924,2023-06-27,0.2204724409448819,28.0,86.875
2023-06-27,86.875,28,0.2204724409448819,0.2204724409448819,0.33858267716535434,0.6377952755905512,0.9133858267716536,0.3989501312335955,0.5241844769403824,0.7115485564304461,2023-06-28,0.8031496062992126,102.0,304.0416666666667
2023-06-28,304.0416666666667,102,0.8031496062992126,0.8031496062992126,0.2204724409448819,0.33858267716535434,0.6377952755905512,0.454068241469816,0.5084364454443194,0.7073490813648294,2023-06-29,0.6220472440944882,79.0,235.58333333333331
2023-06-29,235.58333333333331,79,0.6220472440944882,0.6220472440944882,0.8031496062992126,0.2204724409448819,0.25984251968503935,0.548556430446194,0.5061867266591676,0.6976377952755907,2023-06-30,0.8110236220472441,103.0,305.1666666666667
2023-06-30,305.1666666666667,103,0.8110236220472441,0.8110236220472441,0.6220472440944882,0.8031496062992126,0.6614173228346457,0.7454068241469813,0.5849268841394826,0.6931758530183727,2023-07-01,0.4566929133858268,58.0,174.375
2023-07-01,174.375,58,0.4566929133858268,0.4566929133858268,0.8110236220472441,0.6220472440944882,0.6377952755905512,0.6299212598425193,0.5556805399325084,0.6771653543307087,2023-07-02,0.29133858267716534,37.0,111.95833333333331
2023-07-02,111.95833333333331,37,0.29133858267716534,0.29133858267716534,0.4566929133858268,0.8110236220472441,0.33858267716535434,0.5196850393700784,0.5061867266591676,0.6585301837270342,2023-07-03,0.6850393700787402,87.0,259.8333333333333
2023-07-03,259.8333333333333,87,0.6850393700787402,0.6850393700787402,0.29133858267716534,0.4566929133858268,0.2204724409448819,0.4776902887139105,0.5556805399325084,0.6519685039370079,2023-07-04,0.9133858267716536,116.0,344.75
2023-07-04,344.75,116,0.9133858267716536,0.9133858267716536,0.6850393700787402,0.29133858267716534,0.8031496062992126,0.6299212598425193,0.6546681664791901,0.6506561679790026,2023-07-05,0.889763779527559,113.0,336.3333333333333
2023-07-05,336.3333333333333,113,0.889763779527559,0.889763779527559,0.9133858267716536,0.6850393700787402,0.6220472440944882,0.8293963254593173,0.6670416197975253,0.6561679790026247,2023-07-06,0.5433070866141733,69.0,205.95833333333331
2023-07-06,205.95833333333331,69,0.5433070866141733,0.5433070866141733,0.889763779527559,0.9133858267716536,0.8110236220472441,0.7821522309711283,0.655793025871766,0.6490813648293963,2023-07-07,0.889763779527559,113.0,335.1666666666667
2023-07-07,335.1666666666667,113,0.889763779527559,0.889763779527559,0.5433070866141733,0.889763779527559,0.4566929133858268,0.7742782152230968,0.6670416197975254,0.6488188976377953,2023-07-08,0.3543307086614173,45.0,134.5
2023-07-08,134.5,45,0.3543307086614173,0.3543307086614173,0.889763779527559,0.5433070866141733,0.29133858267716534,0.5958005249343828,0.6524184476940382,0.6406824146981627,2023-07-09,0.6062992125984252,77.0,230.375
2023-07-09,230.375,77,0.6062992125984252,0.6062992125984252,0.3543307086614173,0.889763779527559,0.6850393700787402,0.616797900262467,0.6974128233970754,0.6314960629921259,2023-07-10,0.905511811023622,115.0,341.3333333333333
2023-07-10,341.3333333333333,115,0.905511811023622,0.905511811023622,0.6062992125984252,0.3543307086614173,0.9133858267716536,0.6220472440944879,0.7289088863892014,0.6333333333333333,2023-07-11,0.7165354330708661,91.0,269.6666666666667
2023-07-11,269.6666666666667,91,0.7165354330708661,0.7165354330708661,0.905511811023622,0.6062992125984252,0.889763779527559,0.7427821522309707,0.7007874015748031,0.6485564304461942,2023-07-12,0.5748031496062992,73.0,218.54166666666663
2023-07-12,218.54166666666663,73,0.5748031496062992,0.5748031496062992,0.7165354330708661,0.905511811023622,0.5433070866141733,0.7322834645669287,0.655793025871766,0.6569553805774279,2023-07-13,0.6377952755905512,81.0,240.83333333333331
2023-07-13,240.83333333333331,81,0.6377952755905512,0.6377952755905512,0.5748031496062992,0.7165354330708661,0.889763779527559,0.6430446194225717,0.6692913385826771,0.6632545931758531,2023-07-14,0.7480314960629921,95.0,284.0833333333333
2023-07-14,284.0833333333333,95,0.7480314960629921,0.7480314960629921,0.6377952755905512,0.5748031496062992,0.3543307086614173,0.6535433070866138,0.6490438695163104,0.6590551181102363,2023-07-15,0.25984251968503935,33.0,99.54166666666669
2023-07-15,99.54166666666669,33,0.25984251968503935,0.25984251968503935,0.7480314960629921,0.6377952755905512,0.6062992125984252,0.5485564304461938,0.6355455568053993,0.6540682414698163,2023-07-16,0.8110236220472441,103.0,306.4166666666667
2023-07-16,306.4166666666667,103,0.8110236220472441,0.8110236220472441,0.25984251968503935,0.7480314960629921,0.905511811023622,0.6062992125984249,0.6647919010123734,0.6601049868766403,2023-07-17,0.8031496062992126,102.0,302.5833333333333
2023-07-17,302.5833333333333,102,0.8031496062992126,0.8031496062992126,0.8110236220472441,0.25984251968503935,0.7165354330708661,0.6246719160104983,0.6501687289088863,0.6551181102362204,2023-07-18,0.6614173228346457,84.0,249.45833333333331
2023-07-18,249.45833333333331,84,0.6614173228346457,0.6614173228346457,0.8031496062992126,0.8110236220472441,0.5748031496062992,0.7585301837270338,0.6422947131608548,0.6461942257217849,2023-07-19,0.7401574803149606,94.0,278.6666666666667
2023-07-19,278.6666666666667,94,0.7401574803149606,0.7401574803149606,0.6614173228346457,0.8031496062992126,0.6377952755905512,0.7349081364829394,0.6659167604049495,0.642257217847769,2023-07-20,0.6377952755905512,81.0,241.625
2023-07-20,241.625,81,0.6377952755905512,0.6377952755905512,0.7401574803149606,0.6614173228346457,0.7480314960629921,0.6797900262467188,0.6659167604049493,0.6343832020997375,2023-07-21,0.8031496062992126,102.0,303.6666666666667
2023-07-21,303.6666666666667,102,0.8031496062992126,0.8031496062992126,0.6377952755905512,0.7401574803149606,0.25984251968503935,0.7270341207349077,0.673790776152981,0.6307086614173228,2023-07-22,0.7559055118110236,96.0,285.7083333333333
2023-07-22,285.7083333333333,96,0.7559055118110236,0.7559055118110236,0.8031496062992126,0.6377952755905512,0.8110236220472441,0.7322834645669287,0.7446569178852644,0.6346456692913386,2023-07-23,0.5433070866141733,69.0,205.54166666666663
2023-07-23,205.54166666666663,69,0.5433070866141733,0.5433070866141733,0.7559055118110236,0.8031496062992126,0.8031496062992126,0.7007874015748028,0.7064116985376828,0.6440944881889764,2023-07-24,0.7401574803149606,94.0,280.875
2023-07-24,280.875,94,0.7401574803149606,0.7401574803149606,0.5433070866141733,0.7559055118110236,0.6614173228346457,0.6797900262467188,0.6974128233970754,0.6467191601049869,2023-07-25,0.8110236220472441,103.0,306.2083333333333
2023-07-25,306.2083333333333,103,0.8110236220472441,0.8110236220472441,0.7401574803149606,0.5433070866141733,0.7401574803149606,0.6981627296587923,0.718785151856018,0.65249343832021,2023-07-26,0.48031496062992124,61.0,183.16666666666663
2023-07-26,183.16666666666663,61,0.48031496062992124,0.48031496062992124,0.8110236220472441,0.7401574803149606,0.6377952755905512,0.6771653543307083,0.6816647919010123,0.6572178477690289,2023-07-27,0.6614173228346457,84.0,249.5
2023-07-27,249.5,84,0.6614173228346457,0.6614173228346457,0.48031496062992124,0.8110236220472441,0.8031496062992126,0.6509186351706034,0.6850393700787402,0.6719160104986877,2023-07-28,0.5118110236220472,65.0,194.08333333333331
2023-07-28,194.08333333333331,65,0.5118110236220472,0.5118110236220472,0.6614173228346457,0.48031496062992124,0.7559055118110236,0.5511811023622044,0.6434195725534309,0.6622047244094489,2023-07-29,0.6062992125984252,77.0,229.25
2023-07-29,229.25,77,0.6062992125984252,0.6062992125984252,0.5118110236220472,0.6614173228346457,0.5433070866141733,0.5931758530183724,0.6220472440944882,0.6616797900262467,2023-07-30,0.7559055118110236,96.0,287.2083333333333
2023-07-30,287.2083333333333,96,0.7559055118110236,0.7559055118110236,0.6062992125984252,0.5118110236220472,0.7401574803149606,0.6246719160104984,0.6524184476940382,0.6598425196850394,2023-07-31,0.7322834645669292,93.0,276.0
2023-07-31,276.0,93,0.7322834645669292,0.7322834645669292,0.7559055118110236,0.6062992125984252,0.8110236220472441,0.6981627296587923,0.6512935883014623,0.6690288713910761,2023-08-01,0.6850393700787402,87.0,258.9166666666667
2023-08-01,258.9166666666667,87,0.6850393700787402,0.6850393700787402,0.7322834645669292,0.7559055118110236,0.48031496062992124,0.7244094488188974,0.6332958380202475,0.6821522309711286,2023-08-02,0.7244094488188977,92.0,272.6666666666667
2023-08-02,272.6666666666667,92,0.7244094488188977,0.7244094488188977,0.6850393700787402,0.7322834645669292,0.6614173228346457,0.7139107611548554,0.6681664791901013,0.6834645669291338,2023-08-03,0.8267716535433071,105.0,310.7916666666667
2023-08-03,310.7916666666667,105,0.8267716535433071,0.8267716535433071,0.7244094488188977,0.6850393700787402,0.5118110236220472,0.7454068241469813,0.6917885264341956,0.6805774278215223,2023-08-04,0.8110236220472441,103.0,307.125
2023-08-04,307.125,103,0.8110236220472441,0.8110236220472441,0.8267716535433071,0.7244094488188977,0.6062992125984252,0.7874015748031492,0.734533183352081,0.6779527559055119,2023-08-05,0.6692913385826772,85.0,252.45833333333331
2023-08-05,252.45833333333331,85,0.6692913385826772,0.6692913385826772,0.8110236220472441,0.8267716535433071,0.7559055118110236,0.7690288713910758,0.7435320584926883,0.6821522309711286,2023-08-06,0.15748031496062992,20.0,60.833333333333336
2023-08-06,60.833333333333336,20,0.15748031496062992,0.15748031496062992,0.6692913385826772,0.8110236220472441,0.7322834645669292,0.5459317585301834,0.658042744656918,0.657742782152231,2023-08-07,0.31496062992125984,40.0,120.875
2023-08-07,120.875,40,0.31496062992125984,0.31496062992125984,0.15748031496062992,0.6692913385826772,0.6850393700787402,0.380577427821522,0.5984251968503936,0.6564304461942257,2023-08-08,0.7637795275590551,97.0,288.3333333333333
2023-08-08,288.3333333333333,97,0.7637795275590551,0.7637795275590551,0.31496062992125984,0.15748031496062992,0.7244094488188977,0.412073490813648,0.609673790776153,0.6616797900262468,2023-08-09,0.6220472440944882,79.0,236.875
2023-08-09,236.875,79,0.6220472440944882,0.6220472440944882,0.7637795275590551,0.31496062992125984,0.8267716535433071,0.5669291338582675,0.5950506186726658,0.6522309711286088,2023-08-10,0.6456692913385826,82.0,245.83333333333331
2023-08-10,245.83333333333331,82,0.6456692913385826,0.6456692913385826,0.6220472440944882,0.7637795275590551,0.8110236220472441,0.6771653543307083,0.5691788526434196,0.6498687664041995,2023-08-11,0.6062992125984252,77.0,228.58333333333331
2023-08-11,228.58333333333331,77,0.6062992125984252,0.6062992125984252,0.6456692913385826,0.6220472440944882,0.6692913385826772,0.6246719160104983,0.5399325084364455,0.6509186351706037,2023-08-12,0.5984251968503937,76.0,228.25
2023-08-12,228.25,76,0.5984251968503937,0.5984251968503937,0.6062992125984252,0.6456692913385826,0.15748031496062992,0.6167979002624668,0.5298087739032621,0.6496062992125984,2023-08-13,0.6062992125984252,77.0,230.5
2023-08-13,230.5,77,0.6062992125984252,0.6062992125984252,0.5984251968503937,0.6062992125984252,0.31496062992125984,0.6036745406824143,0.59392575928009,0.6448818897637796,2023-08-14,0.4881889763779528,62.0,184.875
2023-08-14,184.875,62,0.4881889763779528,0.4881889763779528,0.6062992125984252,0.5984251968503937,0.7637795275590551,0.5643044619422569,0.6186726659167604,0.65249343832021,2023-08-15,0.25196850393700787,32.0,97.625
2023-08-15,97.625,32,0.25196850393700787,0.25196850393700787,0.4881889763779528,0.6062992125984252,0.6220472440944882,0.4488188976377949,0.545556805399325,0.6338582677165354,2023-08-16,0.8031496062992126,102.0,303.8333333333333
2023-08-16,303.8333333333333,102,0.8031496062992126,0.8031496062992126,0.25196850393700787,0.4881889763779528,0.6456692913385826,0.5144356955380575,0.5714285714285714,0.6338582677165355,2023-08-17,0.3858267716535433,49.0,146.54166666666666
2023-08-17,146.54166666666666,49,0.3858267716535433,0.3858267716535433,0.8031496062992126,0.25196850393700787,0.6062992125984252,0.4803149606299209,0.5343082114735659,0.6246719160104987,2023-08-18,0.8267716535433071,105.0,311.5416666666667
2023-08-18,311.5416666666667,105,0.8267716535433071,0.8267716535433071,0.3858267716535433,0.8031496062992126,0.5984251968503937,0.6719160104986873,0.5658042744656918,0.6275590551181103,2023-08-19,0.7716535433070866,98.0,292.2083333333333
2023-08-19,292.2083333333333,98,0.7716535433070866,0.7716535433070866,0.8267716535433071,0.3858267716535433,0.6062992125984252,0.6614173228346454,0.5905511811023622,0.6320209973753281,2023-08-20,0.7480314960629921,95.0,283.9583333333333
2023-08-20,283.9583333333333,95,0.7480314960629921,0.7480314960629921,0.7716535433070866,0.8267716535433071,0.4881889763779528,0.7821522309711283,0.6107986501687288,0.6301837270341207,2023-08-21,0.6614173228346457,84.0,249.25
2023-08-21,249.25,84,0.6614173228346457,0.6614173228346457,0.7480314960629921,0.7716535433070866,0.25196850393700787,0.7270341207349077,0.6355455568053994,0.6270341207349082,2023-08-22,0.5433070866141733,69.0,206.5
2023-08-22,206.5,69,0.5433070866141733,0.5433070866141733,0.6614173228346457,0.7480314960629921,0.8031496062992126,0.6509186351706034,0.6771653543307086,0.6270341207349082,2023-08-23,0.2677165354330709,34.0,102.54166666666669
2023-08-23,102.54166666666669,34,0.2677165354330709,0.2677165354330709,0.5433070866141733,0.6614173228346457,0.3858267716535433,0.49081364829396296,0.6006749156355456,0.6112860892388452,2023-08-24,0.4409448818897638,56.0,167.54166666666666
2023-08-24,167.54166666666666,56,0.4409448818897638,0.4409448818897638,0.2677165354330709,0.5433070866141733,0.8267716535433071,0.417322834645669,0.608548931383577,0.5989501312335958,2023-08-25,0.30708661417322836,39.0,118.70833333333331
2023-08-25,118.70833333333331,39,0.30708661417322836,0.30708661417322836,0.4409448818897638,0.2677165354330709,0.7716535433070866,0.338582677165354,0.5343082114735658,0.5931758530183727,2023-08-26,0.44881889763779526,57.0,170.625
2023-08-26,170.625,57,0.44881889763779526,0.44881889763779526,0.30708661417322836,0.4409448818897638,0.7480314960629921,0.39895013123359546,0.4881889763779528,0.5860892388451443,2023-08-27,0.7716535433070866,98.0,293.0416666666667
2023-08-27,293.0416666666667,98,0.7716535433070866,0.7716535433070866,0.44881889763779526,0.30708661417322836,0.6614173228346457,0.5091863517060363,0.49156355455568057,0.5947506561679791,2023-08-28,0.7716535433070866,98.0,293.0833333333333
2023-08-28,293.0833333333333,98,0.7716535433070866,0.7716535433070866,0.7716535433070866,0.44881889763779526,0.5433070866141733,0.6640419947506558,0.5073115860517435,0.6002624671916011,2023-08-29,0.6692913385826772,85.0,254.16666666666663
2023-08-29,254.16666666666663,85,0.6692913385826772,0.6692913385826772,0.7716535433070866,0.7716535433070866,0.2677165354330709,0.7375328083989497,0.5253093363329584,0.5973753280839895,2023-08-30,0.4409448818897638,56.0,169.08333333333334
2023-08-30,169.08333333333334,56,0.4409448818897638,0.4409448818897638,0.6692913385826772,0.7716535433070866,0.4409448818897638,0.6272965879265088,0.5500562429696289,0.5876640419947506,2023-08-31,0.7637795275590551,97.0,288.5833333333333
2023-08-31,288.5833333333333,97,0.7637795275590551,0.7637795275590551,0.4409448818897638,0.6692913385826772,0.30708661417322836,0.6246719160104983,0.5961754780652418,0.5902887139107611,2023-09-01,0.7559055118110236,96.0,285.2083333333333
2023-09-01,285.2083333333333,96,0.7559055118110236,0.7559055118110236,0.7637795275590551,0.4409448818897638,0.44881889763779526,0.6535433070866138,0.6602924634420697,0.5913385826771653,2023-09-02,0.5433070866141733,69.0,205.04166666666663
2023-09-02,205.04166666666663,69,0.5433070866141733,0.5433070866141733,0.7559055118110236,0.7637795275590551,0.7716535433070866,0.6876640419947503,0.6737907761529808,0.5818897637795275,2023-09-03,0.5748031496062992,73.0,216.66666666666663
2023-09-03,216.66666666666663,73,0.5748031496062992,0.5748031496062992,0.5433070866141733,0.7559055118110236,0.7716535433070866,0.6246719160104983,0.6456692913385826,0.574015748031496,2023-09-04,0.6771653543307087,86.0,257.625
2023-09-04,257.625,86,0.6771653543307087,0.6771653543307087,0.5748031496062992,0.5433070866141733,0.6692913385826772,0.5984251968503934,0.6321709786276716,0.5742782152230971,2023-09-05,0.6692913385826772,85.0,254.25
2023-09-05,254.25,85,0.6692913385826772,0.6692913385826772,0.6771653543307087,0.5748031496062992,0.4409448818897638,0.6404199475065614,0.6321709786276716,0.5913385826771653,2023-09-06,0.28346456692913385,36.0,109.45833333333331
2023-09-06,109.45833333333331,36,0.28346456692913385,0.28346456692913385,0.6692913385826772,0.6771653543307087,0.7637795275590551,0.5433070866141728,0.6096737907761529,0.5902887139107611,2023-09-07,0.3543307086614173,45.0,134.41666666666666
2023-09-07,134.41666666666666,45,0.3543307086614173,0.3543307086614173,0.28346456692913385,0.6692913385826772,0.7559055118110236,0.43569553805774247,0.5511811023622047,0.5766404199475066,2023-09-08,0.2047244094488189,26.0,78.75
2023-09-08,78.75,26,0.2047244094488189,0.2047244094488189,0.3543307086614173,0.28346456692913385,0.5433070866141733,0.28083989501312295,0.47244094488188976,0.562729658792651,2023-09-09,0.3543307086614173,45.0,135.91666666666666
2023-09-09,135.91666666666666,45,0.3543307086614173,0.3543307086614173,0.2047244094488189,0.3543307086614173,0.5748031496062992,0.30446194225721745,0.44544431946006746,0.5530183727034121,2023-09-10,0.29133858267716534,37.0,113.58333333333331
2023-09-10,113.58333333333331,37,0.29133858267716534,0.29133858267716534,0.3543307086614173,0.2047244094488189,0.6771653543307087,0.2834645669291335,0.40494938132733405,0.5425196850393701,2023-09-11,0.4330708661417323,55.0,163.91666666666666
2023-09-11,163.91666666666666,55,0.4330708661417323,0.4330708661417323,0.29133858267716534,0.3543307086614173,0.6692913385826772,0.359580052493438,0.37007874015748027,0.537007874015748,2023-09-12,0.3779527559055118,48.0,144.75
2023-09-12,144.75,48,0.3779527559055118,0.3779527559055118,0.4330708661417323,0.29133858267716534,0.28346456692913385,0.3674540682414695,0.32845894263217096,0.5293963254593176,2023-09-13,0.5433070866141733,69.0,204.875
2023-09-13,204.875,69,0.5433070866141733,0.5433070866141733,0.3779527559055118,0.4330708661417323,0.3543307086614173,0.45144356955380543,0.3655793025871766,0.531233595800525,2023-09-14,0.5433070866141733,69.0,206.54166666666663
2023-09-14,206.54166666666663,69,0.5433070866141733,0.5433070866141733,0.5433070866141733,0.3779527559055118,0.2047244094488189,0.48818897637795233,0.3925759280089989,0.5409448818897639,2023-09-15,0.47244094488188976,60.0,178.95833333333334
2023-09-15,178.95833333333334,60,0.47244094488188976,0.47244094488188976,0.5433070866141733,0.5433070866141733,0.3543307086614173,0.5196850393700784,0.4308211473565805,0.5299212598425197,2023-09-16,0.48031496062992124,61.0,182.25
2023-09-16,182.25,61,0.48031496062992124,0.48031496062992124,0.47244094488188976,0.5433070866141733,0.29133858267716534,0.4986876640419944,0.44881889763779526,0.5330708661417324,2023-09-17,0.3858267716535433,49.0,148.79166666666666
2023-09-17,148.79166666666666,49,0.3858267716535433,0.3858267716535433,0.48031496062992124,0.47244094488188976,0.4330708661417323,0.4461942257217844,0.46231721034870643,0.5183727034120735,2023-09-18,0.5669291338582677,72.0,214.41666666666663
2023-09-18,214.41666666666663,72,0.5669291338582677,0.5669291338582677,0.3858267716535433,0.48031496062992124,0.3779527559055118,0.47769028871391034,0.48143982002249713,0.5115485564304462,2023-09-19,0.5196850393700787,66.0,196.16666666666663
2023-09-19,196.16666666666663,66,0.5196850393700787,0.5196850393700787,0.5669291338582677,0.3858267716535433,0.5433070866141733,0.49081364829396285,0.5016872890888638,0.5039370078740157,2023-09-20,0.4251968503937008,54.0,163.41666666666666
2023-09-20,163.41666666666666,54,0.4251968503937008,0.4251968503937008,0.5196850393700787,0.5669291338582677,0.5433070866141733,0.5039370078740154,0.484814398200225,0.49606299212598426,2023-09-21,0.5433070866141733,69.0,206.5
2023-09-21,206.5,69,0.5433070866141733,0.5433070866141733,0.4251968503937008,0.5196850393700787,0.47244094488188976,0.49606299212598387,0.4848143982002249,0.49606299212598426,2023-09-22,0.5275590551181102,67.0,199.41666666666663
2023-09-22,199.41666666666663,67,0.5275590551181102,0.5275590551181102,0.5433070866141733,0.4251968503937008,0.48031496062992124,0.4986876640419944,0.4926884139482564,0.5047244094488189,2023-09-23,0.6062992125984252,77.0,229.66666666666663
2023-09-23,229.66666666666663,77,0.6062992125984252,0.6062992125984252,0.5275590551181102,0.5433070866141733,0.3858267716535433,0.5590551181102359,0.5106861642294713,0.5102362204724409,2023-09-24,0.5748031496062992,73.0,216.70833333333331
2023-09-24,216.70833333333331,73,0.5748031496062992,0.5748031496062992,0.6062992125984252,0.5275590551181102,0.5669291338582677,0.5695538057742778,0.5376827896512936,0.5191601049868767,2023-09-25,0.14173228346456693,18.0,55.41666666666666
2023-09-25,55.41666666666666,18,0.14173228346456693,0.14173228346456693,0.5748031496062992,0.6062992125984252,0.5196850393700787,0.44094488188976344,0.4769403824521935,0.5089238845144357,2023-09-26,0.2047244094488189,26.0,78.41666666666667
2023-09-26,78.41666666666667,26,0.2047244094488189,0.2047244094488189,0.14173228346456693,0.5748031496062992,0.4251968503937008,0.30708661417322797,0.43194600674915634,0.4900262467191601,2023-09-27,0.07086614173228346,9.0,30.83333333333333
2023-09-27,30.83333333333333,9,0.07086614173228346,0.07086614173228346,0.2047244094488189,0.14173228346456693,0.5433070866141733,0.13910761154855605,0.3813273340832396,0.4666666666666667,2023-09-28,0.09448818897637795,12.0,37.708333333333336
2023-09-28,37.708333333333336,12,0.09448818897637795,0.09448818897637795,0.07086614173228346,0.2047244094488189,0.5275590551181102,0.12335958005249305,0.3172103487064117,0.44750656167979,2023-09-29,0.28346456692913385,36.0,108.79166666666669
2023-09-29,108.79166666666669,36,0.28346456692913385,0.28346456692913385,0.09448818897637795,0.07086614173228346,0.6062992125984252,0.14960629921259805,0.28233970753655796,0.442257217847769,2023-09-30,0.5511811023622047,70.0,210.125
2023-09-30,210.125,70,0.5511811023622047,0.5511811023622047,0.28346456692913385,0.09448818897637795,0.5748031496062992,0.3097112860892385,0.2744656917885264,0.4351706036745407,2023-10-01,0.47244094488188976,60.0,179.41666666666666
2023-10-01,179.41666666666666,60,0.47244094488188976,0.47244094488188976,0.5511811023622047,0.28346456692913385,0.14173228346456693,0.43569553805774236,0.2598425196850394,0.42572178477690287,2023-10-02,0.5433070866141733,69.0,205.79166666666663
2023-10-02,205.79166666666663,69,0.5433070866141733,0.5433070866141733,0.47244094488188976,0.5511811023622047,0.2047244094488189,0.5223097112860889,0.3172103487064117,0.4257217847769029,2023-10-03,0.5354330708661418,68.0,204.5
2023-10-03,204.5,68,0.5354330708661418,0.5354330708661418,0.5433070866141733,0.47244094488188976,0.07086614173228346,0.5170603674540679,0.3644544431946007,0.42440944881889764,2023-10-04,0.3937007874015748,50.0,151.91666666666666
2023-10-04,151.91666666666666,50,0.3937007874015748,0.3937007874015748,0.5354330708661418,0.5433070866141733,0.09448818897637795,0.49081364829396296,0.41057367829021374,0.41496062992125987,2023-10-05,0.07874015748031496,10.0,32.416666666666664
2023-10-05,32.416666666666664,10,0.07874015748031496,0.07874015748031496,0.3937007874015748,0.5354330708661418,0.28346456692913385,0.33595800524934344,0.40832395950506184,0.3952755905511811,2023-10-06,0.5196850393700787,66.0,197.70833333333331
2023-10-06,197.70833333333331,66,0.5196850393700787,0.5196850393700787,0.07874015748031496,0.3937007874015748,0.5511811023622047,0.33070866141732247,0.44206974128233967,0.40314960629921265,2023-10-07,0.3543307086614173,45.0,134.29166666666666
2023-10-07,134.29166666666666,45,0.3543307086614173,0.3543307086614173,0.5196850393700787,0.07874015748031496,0.47244094488188976,0.31758530183727,0.41394825646794153,0.4031496062992126,2023-10-08,0.4881889763779528,62.0,185.54166666666663
2023-10-08,185.54166666666663,62,0.4881889763779528,0.4881889763779528,0.3543307086614173,0.5196850393700787,0.5433070866141733,0.4540682414698159,0.4161979752530934,0.41259842519685036,2023-10-09,0.3937007874015748,50.0,149.95833333333334
2023-10-09,149.95833333333334,50,0.3937007874015748,0.3937007874015748,0.4881889763779528,0.3543307086614173,0.5354330708661418,0.4120734908136479,0.3948256467941507,0.4139107611548557,2023-10-10,0.10236220472440945,13.0,41.25
2023-10-10,41.25,13,0.10236220472440945,0.10236220472440945,0.3937007874015748,0.4881889763779528,0.3937007874015748,0.32808398950131196,0.33295838020247476,0.40761154855643045,2023-10-11,0.1889763779527559,24.0,73.66666666666667
2023-10-11,73.66666666666667,24,0.1889763779527559,0.1889763779527559,0.10236220472440945,0.3937007874015748,0.07874015748031496,0.228346456692913,0.3037120359955005,0.3994750656167979,2023-10-12,0.29133858267716534,37.0,112.91666666666669
2023-10-12,112.91666666666669,37,0.29133858267716534,0.29133858267716534,0.1889763779527559,0.10236220472440945,0.5196850393700787,0.1942257217847765,0.33408323959505065,0.39658792650918634,2023-10-13,0.12598425196850394,16.0,50.125
2023-10-13,50.125,16,0.12598425196850394,0.12598425196850394,0.29133858267716534,0.1889763779527559,0.3543307086614173,0.20209973753280805,0.2778402699662542,0.3826771653543307,2023-10-14,0.10236220472440945,13.0,40.375
2023-10-14,40.375,13,0.10236220472440945,0.10236220472440945,0.12598425196850394,0.29133858267716534,0.4881889763779528,0.17322834645669252,0.24184476940382454,0.3679790026246719,2023-10-15,0.2204724409448819,28.0,86.66666666666667
2023-10-15,86.66666666666667,28,0.2204724409448819,0.2204724409448819,0.10236220472440945,0.12598425196850394,0.3937007874015748,0.14960629921259805,0.203599550056243,0.35958005249343833,2023-10-16,0.1732283464566929,22.0,68.33333333333333
2023-10-16,68.33333333333333,22,0.1732283464566929,0.1732283464566929,0.2204724409448819,0.10236220472440945,0.10236220472440945,0.16535433070866104,0.17210348706411696,0.3493438320209974,2023-10-17,0.13385826771653545,17.0,54.583333333333336
2023-10-17,54.583333333333336,17,0.13385826771653545,0.13385826771653545,0.1732283464566929,0.2204724409448819,0.1889763779527559,0.17585301837270303,0.1766029246344207,0.34094488188976374,2023-10-18,0.3779527559055118,48.0,145.79166666666666
2023-10-18,145.79166666666666,48,0.3779527559055118,0.3779527559055118,0.13385826771653545,0.1732283464566929,0.29133858267716534,0.228346456692913,0.20359955005624294,0.33464566929133865,2023-10-19,0.11023622047244094,14.0,44.458333333333336
2023-10-19,44.458333333333336,14,0.11023622047244094,0.11023622047244094,0.3779527559055118,0.13385826771653545,0.12598425196850394,0.20734908136482902,0.17772778402699663,0.32099737532808403,2023-10-20,0.15748031496062992,20.0,63.29166666666666
2023-10-20,63.29166666666666,20,0.15748031496062992,0.15748031496062992,0.11023622047244094,0.3779527559055118,0.10236220472440945,0.2152230971128605,0.18222722159730034,0.3120734908136483,2023-10-21,0.25984251968503935,33.0,100.75
2023-10-21,100.75,33,0.25984251968503935,0.25984251968503935,0.15748031496062992,0.11023622047244094,0.2204724409448819,0.17585301837270303,0.2047244094488189,0.3026246719160105,2023-10-22,0.3543307086614173,45.0,135.54166666666666
2023-10-22,135.54166666666666,45,0.3543307086614173,0.3543307086614173,0.25984251968503935,0.15748031496062992,0.1732283464566929,0.2572178477690285,0.22384701912260968,0.2968503937007874,2023-10-23,0.3228346456692913,41.0,123.75
2023-10-23,123.75,41,0.3228346456692913,0.3228346456692913,0.3543307086614173,0.25984251968503935,0.13385826771653545,0.31233595800524894,0.24521934758155228,0.28740157480314965,2023-10-24,0.3937007874015748,50.0,150.875
2023-10-24,150.875,50,0.3937007874015748,0.3937007874015748,0.3228346456692913,0.3543307086614173,0.3779527559055118,0.3569553805774275,0.28233970753655796,0.28136482939632546,2023-10-25,0.08661417322834646,11.0,35.416666666666664
2023-10-25,35.416666666666664,11,0.08661417322834646,0.08661417322834646,0.3937007874015748,0.3228346456692913,0.11023622047244094,0.26771653543307045,0.24071991001124857,0.2795275590551181,2023-10-26,0.1968503937007874,25.0,76.83333333333333
2023-10-26,76.83333333333333,25,0.1968503937007874,0.1968503937007874,0.08661417322834646,0.3937007874015748,0.15748031496062992,0.22572178477690252,0.2530933633295838,0.27926509186351706,2023-10-27,0.3779527559055118,48.0,145.375
2023-10-27,145.375,48,0.3779527559055118,0.3779527559055118,0.1968503937007874,0.08661417322834646,0.25984251968503935,0.2204724409448815,0.2845894263217098,0.28950131233595805,2023-10-28,0.2125984251968504,27.0,83.66666666666667
2023-10-28,83.66666666666667,27,0.2125984251968504,0.2125984251968504,0.3779527559055118,0.1968503937007874,0.3543307086614173,0.26246719160104953,0.2778402699662542,0.2934383202099738,2023-10-29,0.05511811023622047,7.0,23.75
2023-10-29,23.75,7,0.05511811023622047,0.05511811023622047,0.2125984251968504,0.3779527559055118,0.3228346456692913,0.21522309711286056,0.23509561304836896,0.2858267716535433,2023-10-30,0.16535433070866143,21.0,66.0
2023-10-30,66.0,21,0.16535433070866143,0.16535433070866143,0.05511811023622047,0.2125984251968504,0.3937007874015748,0.14435695538057705,0.2125984251968504,0.27296587926509186,2023-10-31,0.1732283464566929,22.0,66.70833333333333
2023-10-31,66.70833333333333,22,0.1732283464566929,0.1732283464566929,0.16535433070866143,0.05511811023622047,0.08661417322834646,0.13123359580052454,0.1811023622047244,0.262992125984252,2023-11-01,0.3464566929133858,44.0,131.625
2023-11-01,131.625,44,0.3464566929133858,0.3464566929133858,0.1732283464566929,0.16535433070866143,0.1968503937007874,0.228346456692913,0.21822272215973001,0.2564304461942257,2023-11-02,0.2125984251968504,27.0,81.54166666666667
2023-11-02,81.54166666666667,27,0.2125984251968504,0.2125984251968504,0.3464566929133858,0.1732283464566929,0.3779527559055118,0.24409448818897603,0.2204724409448819,0.24566929133858267,2023-11-03,0.2047244094488189,26.0,80.20833333333333
2023-11-03,80.20833333333333,26,0.2047244094488189,0.2047244094488189,0.2125984251968504,0.3464566929133858,0.2125984251968504,0.25459317585301805,0.19572553430821146,0.23937007874015748,2023-11-04,0.10236220472440945,13.0,41.125
2023-11-04,41.125,13,0.10236220472440945,0.10236220472440945,0.2047244094488189,0.2125984251968504,0.05511811023622047,0.17322834645669252,0.1799775028121485,0.24015748031496062,2023-11-05,0.2440944881889764,31.0,96.04166666666669
2023-11-05,96.04166666666669,31,0.2440944881889764,0.2440944881889764,0.10236220472440945,0.2047244094488189,0.16535433070866143,0.18372703412073454,0.20697412823397077,0.23097112860892388,2023-11-06,0.16535433070866143,21.0,65.5
2023-11-06,65.5,21,0.16535433070866143,0.16535433070866143,0.2440944881889764,0.10236220472440945,0.1732283464566929,0.17060367454068207,0.20697412823397077,0.22467191601049868,2023-11-07,0.18110236220472442,23.0,70.41666666666667
2023-11-07,70.41666666666667,23,0.18110236220472442,0.18110236220472442,0.16535433070866143,0.2440944881889764,0.3464566929133858,0.19685039370078705,0.2080989876265467,0.21443569553805775,2023-11-08,0.007874015748031496,1.0,7.708333333333333
2023-11-08,7.708333333333333,1,0.007874015748031496,0.007874015748031496,0.18110236220472442,0.16535433070866143,0.2125984251968504,0.11811023622047208,0.15973003374578182,0.2015748031496063,2023-11-09,0.33070866141732286,42.0,125.875
2023-11-09,125.875,42,0.33070866141732286,0.33070866141732286,0.007874015748031496,0.18110236220472442,0.2047244094488189,0.17322834645669258,0.1766029246344207,0.20918635170603672,2023-11-10,0.2283464566929134,29.0,87.54166666666667
2023-11-10,87.54166666666667,29,0.2283464566929134,0.2283464566929134,0.33070866141732286,0.007874015748031496,0.10236220472440945,0.18897637795275554,0.17997750281214847,0.210498687664042,2023-11-11,0.28346456692913385,36.0,108.375
2023-11-11,108.375,36,0.28346456692913385,0.28346456692913385,0.2283464566929134,0.33070866141732286,0.2440944881889764,0.280839895013123,0.20584926884139484,0.21023622047244092,2023-11-12,0.31496062992125984,40.0,120.29166666666669
2023-11-12,120.29166666666669,40,0.31496062992125984,0.31496062992125984,0.28346456692913385,0.2283464566929134,0.16535433070866143,0.275590551181102,0.21597300337457817,0.21653543307086615,2023-11-13,0.33858267716535434,43.0,130.04166666666666
2023-11-13,130.04166666666666,43,0.33858267716535434,0.33858267716535434,0.31496062992125984,0.28346456692913385,0.18110236220472442,0.312335958005249,0.24071991001124862,0.22440944881889766,2023-11-14,0.33858267716535434,43.0,128.58333333333334
2023-11-14,128.58333333333334,43,0.33858267716535434,0.33858267716535434,0.33858267716535434,0.31496062992125984,0.007874015748031496,0.33070866141732247,0.26321709786276715,0.22834645669291337,2023-11-15,0.29133858267716534,37.0,113.625
2023-11-15,113.625,37,0.29133858267716534,0.29133858267716534,0.33858267716535434,0.33858267716535434,0.33070866141732286,0.322834645669291,0.3037120359955005,0.23228346456692914,2023-11-16,0.25984251968503935,33.0,99.70833333333331
2023-11-16,99.70833333333331,33,0.25984251968503935,0.25984251968503935,0.29133858267716534,0.33858267716535434,0.2283464566929134,0.296587926509186,0.2935883014623172,0.23648293963254594,2023-11-17,0.031496062992125984,4.0,16.083333333333332
2023-11-17,16.083333333333332,4,0.031496062992125984,0.031496062992125984,0.25984251968503935,0.29133858267716534,0.28346456692913385,0.1942257217847765,0.265466816647919,0.22493438320209974,2023-11-18,0.31496062992125984,40.0,122.45833333333331
2023-11-18,122.45833333333331,40,0.31496062992125984,0.31496062992125984,0.031496062992125984,0.25984251968503935,0.31496062992125984,0.20209973753280805,0.2699662542182227,0.23175853018372702,2023-11-19,0.31496062992125984,40.0,121.125
2023-11-19,121.125,40,0.31496062992125984,0.31496062992125984,0.31496062992125984,0.031496062992125984,0.33858267716535434,0.2204724409448815,0.26996625421822273,0.23700787401574802,2023-11-20,0.12598425196850394,16.0,50.708333333333336
2023-11-20,50.708333333333336,16,0.12598425196850394,0.12598425196850394,0.31496062992125984,0.31496062992125984,0.33858267716535434,0.2519685039370075,0.23959505061867264,0.2325459317585302,2023-11-21,0.015748031496062992,2.0,9.333333333333334
2023-11-21,9.333333333333334,2,0.015748031496062992,0.015748031496062992,0.12598425196850394,0.31496062992125984,0.29133858267716534,0.15223097112860853,0.1934758155230596,0.22125984251968503,2023-11-22,0.08661417322834646,11.0,35.958333333333336
2023-11-22,35.958333333333336,11,0.08661417322834646,0.08661417322834646,0.015748031496062992,0.12598425196850394,0.25984251968503935,0.07611548556430409,0.16422947131608548,0.21338582677165355,2023-11-23,0.1889763779527559,24.0,74.45833333333333
2023-11-23,74.45833333333333,24,0.1889763779527559,0.1889763779527559,0.08661417322834646,0.015748031496062992,0.031496062992125984,0.09711286089238808,0.15410573678290213,0.20656167979002626,2023-11-24,0.2992125984251969,38.0,116.58333333333331
2023-11-24,116.58333333333331,38,0.2992125984251969,0.2992125984251969,0.1889763779527559,0.08661417322834646,0.31496062992125984,0.19160104986876603,0.1923509561304837,0.2136482939632546,2023-11-25,0.2204724409448819,28.0,85.20833333333333
2023-11-25,85.20833333333333,28,0.2204724409448819,0.2204724409448819,0.2992125984251969,0.1889763779527559,0.31496062992125984,0.23622047244094455,0.17885264341957255,0.21443569553805775,2023-11-26,0.03937007874015748,5.0,18.125
2023-11-26,18.125,5,0.03937007874015748,0.03937007874015748,0.2204724409448819,0.2992125984251969,0.12598425196850394,0.18635170603674503,0.13948256467941508,0.2031496062992126,2023-11-27,0.05511811023622047,7.0,23.625
2023-11-27,23.625,7,0.05511811023622047,0.05511811023622047,0.03937007874015748,0.2204724409448819,0.015748031496062992,0.10498687664041957,0.1293588301462317,0.1979002624671916,2023-11-28,0.2755905511811024,35.0,106.95833333333331
2023-11-28,106.95833333333331,35,0.2755905511811024,0.2755905511811024,0.05511811023622047,0.03937007874015748,0.08661417322834646,0.12335958005249308,0.16647919010123738,0.20524934383202098,2023-11-29,0.2047244094488189,26.0,80.125
2023-11-29,80.125,26,0.2047244094488189,0.2047244094488189,0.2755905511811024,0.05511811023622047,0.1889763779527559,0.17847769028871355,0.18335208098987626,0.20656167979002626,2023-11-30,0.2283464566929134,29.0,88.75
2023-11-30,88.75,29,0.2283464566929134,0.2283464566929134,0.2047244094488189,0.2755905511811024,0.2992125984251969,0.23622047244094455,0.18897637795275593,0.20839895013123358,2023-12-01,0.023622047244094488,3.0,10.791666666666666
2023-12-01,10.791666666666666,3,0.023622047244094488,0.023622047244094488,0.2283464566929134,0.2047244094488189,0.2204724409448819,0.15223097112860856,0.1496062992125984,0.19763779527559056,2023-12-02,0.031496062992125984,4.0,14.875
2023-12-02,14.875,4,0.031496062992125984,0.031496062992125984,0.023622047244094488,0.2283464566929134,0.03937007874015748,0.09448818897637758,0.12260967379077616,0.1916010498687664,2023-12-03,0.015748031496062992,2.0,8.208333333333334
2023-12-03,8.208333333333334,2,0.015748031496062992,0.015748031496062992,0.031496062992125984,0.023622047244094488,0.05511811023622047,0.023622047244094117,0.11923509561304836,0.1853018372703412,2023-12-04,0.06299212598425197,8.0,25.95833333333333
2023-12-04,25.95833333333333,8,0.06299212598425197,0.06299212598425197,0.015748031496062992,0.031496062992125984,0.2755905511811024,0.03674540682414661,0.12035995500562428,0.183989501312336,2023-12-05,0.06299212598425197,8.0,26.75
2023-12-05,26.75,8,0.06299212598425197,0.06299212598425197,0.06299212598425197,0.015748031496062992,0.2047244094488189,0.04724409448818861,0.08998875140607424,0.17795275590551182,2023-12-06,0.14960629921259844,19.0,58.79166666666666
2023-12-06,58.79166666666666,19,0.14960629921259844,0.14960629921259844,0.06299212598425197,0.06299212598425197,0.2283464566929134,0.09186351706036709,0.08211473565804275,0.1774278215223097,2023-12-07,0.2204724409448819,28.0,86.375
2023-12-07,86.375,28,0.2204724409448819,0.2204724409448819,0.14960629921259844,0.06299212598425197,0.023622047244094488,0.14435695538057705,0.08098987626546682,0.17874015748031494,2023-12-08,0.12598425196850394,16.0,50.25
2023-12-08,50.25,16,0.12598425196850394,0.12598425196850394,0.2204724409448819,0.14960629921259844,0.031496062992125984,0.16535433070866104,0.09561304836895389,0.1826771653543307,2023-12-09,0.07086614173228346,9.0,31.0
2023-12-09,31.0,9,0.07086614173228346,0.07086614173228346,0.12598425196850394,0.2204724409448819,0.015748031496062992,0.13910761154855605,0.10123734533183351,0.17401574803149608,2023-12-10,0.05511811023622047,7.0,24.08333333333333
2023-12-10,24.08333333333333,7,0.05511811023622047,0.05511811023622047,0.07086614173228346,0.12598425196850394,0.06299212598425197,0.08398950131233558,0.10686164229471316,0.16824146981627297,2023-12-11,0.07086614173228346,9.0,29.83333333333333
2023-12-11,29.83333333333333,9,0.07086614173228346,0.07086614173228346,0.05511811023622047,0.07086614173228346,0.06299212598425197,0.06561679790026209,0.10798650168728909,0.16115485564304463,2023-12-12,0.25196850393700787,32.0,98.83333333333331
2023-12-12,98.83333333333331,32,0.25196850393700787,0.25196850393700787,0.07086614173228346,0.05511811023622047,0.14960629921259844,0.12598425196850357,0.13498312710911137,0.15905511811023623,2023-12-13,0.2204724409448819,28.0,85.0
2023-12-13,85.0,28,0.2204724409448819,0.2204724409448819,0.25196850393700787,0.07086614173228346,0.2204724409448819,0.181102362204724,0.14510686164229472,0.15511811023622046,2023-12-14,0.2047244094488189,26.0,79.20833333333333
2023-12-14,79.20833333333333,26,0.2047244094488189,0.2047244094488189,0.2204724409448819,0.25196850393700787,0.12598425196850394,0.22572178477690252,0.14285714285714285,0.15065616797900264,2023-12-15,0.23622047244094488,30.0,91.0
2023-12-15,91.0,30,0.23622047244094488,0.23622047244094488,0.2047244094488189,0.2204724409448819,0.07086614173228346,0.2204724409448815,0.15860517435320584,0.14881889763779527,2023-12-16,0.11023622047244094,14.0,43.625
2023-12-16,43.625,14,0.11023622047244094,0.11023622047244094,0.23622047244094488,0.2047244094488189,0.05511811023622047,0.18372703412073454,0.16422947131608548,0.14383202099737533,2023-12-17,0.007874015748031496,1.0,6.791666666666667
2023-12-17,6.791666666666667,1,0.007874015748031496,0.007874015748031496,0.11023622047244094,0.23622047244094488,0.07086614173228346,0.11811023622047208,0.15748031496062992,0.14304461942257216,2023-12-18,0.05511811023622047,7.0,23.291666666666668
2023-12-18,23.291666666666668,7,0.05511811023622047,0.05511811023622047,0.007874015748031496,0.11023622047244094,0.25196850393700787,0.0577427821522306,0.15523059617547805,0.13438320209973753,2023-12-19,0.1968503937007874,25.0,76.04166666666667
2023-12-19,76.04166666666667,25,0.1968503937007874,0.1968503937007874,0.05511811023622047,0.007874015748031496,0.2204724409448819,0.08661417322834608,0.14735658042744657,0.13044619422572176,2023-12-20,0.1968503937007874,25.0,77.5
2023-12-20,77.5,25,0.1968503937007874,0.1968503937007874,0.1968503937007874,0.05511811023622047,0.2047244094488189,0.14960629921259808,0.14398200224971877,0.13280839895013125,2023-12-21,0.15748031496062992,20.0,63.41666666666666
2023-12-21,63.41666666666666,20,0.15748031496062992,0.15748031496062992,0.1968503937007874,0.1968503937007874,0.23622047244094488,0.18372703412073454,0.1372328458942632,0.13753280839895013,2023-12-22,0.023622047244094488,3.0,12.0
2023-12-22,12.0,3,0.023622047244094488,0.023622047244094488,0.15748031496062992,0.1968503937007874,0.11023622047244094,0.12598425196850357,0.10686164229471318,0.13543307086614173,2023-12-23,0.031496062992125984,4.0,16.541666666666668
2023-12-23,16.541666666666668,4,0.031496062992125984,0.031496062992125984,0.023622047244094488,0.15748031496062992,0.007874015748031496,0.0708661417322831,0.09561304836895389,0.13018372703412073,2023-12-24,0.023622047244094488,3.0,13.541666666666666
2023-12-24,13.541666666666666,3,0.023622047244094488,0.023622047244094488,0.031496062992125984,0.023622047244094488,0.05511811023622047,0.026246719160104615,0.09786276715410576,0.120997375328084,2023-12-25,0.12598425196850394,16.0,50.708333333333336
2023-12-25,50.708333333333336,16,0.12598425196850394,0.12598425196850394,0.023622047244094488,0.031496062992125984,0.1968503937007874,0.0603674540682411,0.10798650168728909,0.11784776902887138,2023-12-26,0.047244094488188976,6.0,21.625
2023-12-26,21.625,6,0.047244094488188976,0.047244094488188976,0.12598425196850394,0.023622047244094488,0.1968503937007874,0.0656167979002621,0.08661417322834644,0.11811023622047245,2023-12-27,0.023622047244094488,3.0,12.333333333333334
2023-12-27,12.333333333333334,3,0.023622047244094488,0.023622047244094488,0.047244094488188976,0.12598425196850394,0.15748031496062992,0.0656167979002621,0.06186726659167603,0.11706036745406824,2023-12-28,0.015748031496062992,2.0,8.958333333333334
2023-12-28,8.958333333333334,2,0.015748031496062992,0.015748031496062992,0.023622047244094488,0.047244094488188976,0.023622047244094488,0.028871391076115124,0.04161979752530933,0.1083989501312336,2023-12-29,0.031496062992125984,4.0,14.166666666666666
2023-12-29,14.166666666666666,4,0.031496062992125984,0.031496062992125984,0.015748031496062992,0.023622047244094488,0.031496062992125984,0.023622047244094127,0.04274465691788527,0.10262467191601049,2023-12-30,0.03937007874015748,5.0,19.45833333333333
2023-12-30,19.45833333333333,5,0.03937007874015748,0.03937007874015748,0.031496062992125984,0.015748031496062992,0.023622047244094488,0.028871391076115124,0.043869516310461196,0.09632545931758531,2023-12-31,0.015748031496062992,2.0,8.458333333333334
2023-12-31,8.458333333333334,2,0.015748031496062992,0.015748031496062992,0.03937007874015748,0.031496062992125984,0.12598425196850394,0.028871391076115124,0.04274465691788527,0.09606299212598425,2024-01-01,0.05511811023622047,7.0,25.0
2024-01-01,25.0,7,0.05511811023622047,0.05511811023622047,0.015748031496062992,0.03937007874015748,0.047244094488188976,0.03674540682414662,0.03262092238470191,0.0968503937007874,2024-01-02,0.11811023622047244,15.0,47.29166666666666
2024-01-02,47.29166666666666,15,0.11811023622047244,0.11811023622047244,0.05511811023622047,0.015748031496062992,0.023622047244094488,0.0629921259842516,0.04274465691788527,0.10026246719160105,2024-01-03,0.031496062992125984,4.0,14.375
2024-01-03,14.375,4,0.031496062992125984,0.031496062992125984,0.11811023622047244,0.05511811023622047,0.015748031496062992,0.0682414698162726,0.043869516310461196,0.09921259842519685,2024-01-04,0.25984251968503935,33.0,101.625
2024-01-04,101.625,33,0.25984251968503935,0.25984251968503935,0.031496062992125984,0.11811023622047244,0.031496062992125984,0.13648293963254557,0.07874015748031496,0.1057742782152231,2024-01-05,0.07874015748031496,10.0,33.291666666666664
2024-01-05,33.291666666666664,10,0.07874015748031496,0.07874015748031496,0.25984251968503935,0.031496062992125984,0.03937007874015748,0.12335958005249308,0.08548931383577052,0.10341207349081365,2024-01-06,0.05511811023622047,7.0,24.0
2024-01-06,24.0,7,0.05511811023622047,0.05511811023622047,0.07874015748031496,0.25984251968503935,0.015748031496062992,0.13123359580052454,0.08773903262092239,0.09790026246719159,2024-01-07,0.11023622047244094,14.0,45.083333333333336
2024-01-07,45.083333333333336,14,0.11023622047244094,0.11023622047244094,0.05511811023622047,0.07874015748031496,0.05511811023622047,0.0813648293963251,0.10123734533183353,0.0973753280839895,2024-01-08,0.12598425196850394,16.0,51.79166666666666
2024-01-08,51.79166666666666,16,0.12598425196850394,0.12598425196850394,0.11023622047244094,0.05511811023622047,0.11811023622047244,0.09711286089238809,0.11136107986501688,0.09921259842519684,2024-01-09,0.015748031496062992,2.0,8.5
2024-01-09,8.5,2,0.015748031496062992,0.015748031496062992,0.12598425196850394,0.11023622047244094,0.031496062992125984,0.08398950131233558,0.09673790776152981,0.09790026246719159,2024-01-10,0.08661417322834646,11.0,36.625
2024-01-10,36.625,11,0.08661417322834646,0.08661417322834646,0.015748031496062992,0.12598425196850394,0.25984251968503935,0.0761154855643041,0.1046119235095613,0.0984251968503937,2024-01-11,0.047244094488188976,6.0,20.25
2024-01-11,20.25,6,0.047244094488188976,0.047244094488188976,0.08661417322834646,0.015748031496062992,0.07874015748031496,0.04986876640419911,0.07424071991001124,0.09160104986876641,2024-01-12,0.047244094488188976,6.0,20.291666666666668
2024-01-12,20.291666666666668,6,0.047244094488188976,0.047244094488188976,0.047244094488188976,0.08661417322834646,0.05511811023622047,0.0603674540682411,0.06974128233970754,0.0858267716535433,2024-01-13,0.10236220472440945,13.0,40.5
2024-01-13,40.5,13,0.10236220472440945,0.10236220472440945,0.047244094488188976,0.047244094488188976,0.11023622047244094,0.0656167979002621,0.07649043869516312,0.08241469816272966,2024-01-14,0.23622047244094488,30.0,91.04166666666669
2024-01-14,91.04166666666669,30,0.23622047244094488,0.23622047244094488,0.10236220472440945,0.047244094488188976,0.12598425196850394,0.12860892388451406,0.09448818897637794,0.08241469816272966,2024-01-15,0.16535433070866143,21.0,64.45833333333333
2024-01-15,64.45833333333333,21,0.16535433070866143,0.16535433070866143,0.23622047244094488,0.10236220472440945,0.015748031496062992,0.16797900262467155,0.10011248593925759,0.084251968503937,2024-01-16,0.2204724409448819,28.0,85.41666666666667
2024-01-16,85.41666666666667,28,0.2204724409448819,0.2204724409448819,0.16535433070866143,0.23622047244094488,0.08661417322834646,0.20734908136482902,0.12935883014623173,0.09133858267716535,2024-01-17,0.2125984251968504,27.0,83.25
2024-01-17,83.25,27,0.2125984251968504,0.2125984251968504,0.2204724409448819,0.16535433070866143,0.047244094488188976,0.19947506561679754,0.14735658042744657,0.09658792650918636,2024-01-18,0.14173228346456693,18.0,54.958333333333336
2024-01-18,54.958333333333336,18,0.14173228346456693,0.14173228346456693,0.2125984251968504,0.2204724409448819,0.047244094488188976,0.19160104986876603,0.1608548931383577,0.09475065616797901,2024-01-19,0.08661417322834646,11.0,35.416666666666664
2024-01-19,35.416666666666664,11,0.08661417322834646,0.08661417322834646,0.14173228346456693,0.2125984251968504,0.10236220472440945,0.14698162729658756,0.16647919010123732,0.09107611548556431,2024-01-20,0.14173228346456693,18.0,55.54166666666666
2024-01-20,55.54166666666666,18,0.14173228346456693,0.14173228346456693,0.08661417322834646,0.14173228346456693,0.23622047244094488,0.12335958005249308,0.172103487064117,0.0905511811023622,2024-01-21,0.1732283464566929,22.0,68.79166666666667
2024-01-21,68.79166666666667,22,0.1732283464566929,0.1732283464566929,0.14173228346456693,0.08661417322834646,0.16535433070866143,0.13385826771653508,0.16310461192350956,0.09553805774278215,2024-01-22,0.06299212598425197,8.0,27.541666666666668
2024-01-22,27.541666666666668,8,0.06299212598425197,0.06299212598425197,0.1732283464566929,0.14173228346456693,0.2204724409448819,0.12598425196850357,0.1484814398200225,0.09658792650918634,2024-01-23,0.047244094488188976,6.0,22.375
2024-01-23,22.375,6,0.047244094488188976,0.047244094488188976,0.06299212598425197,0.1732283464566929,0.2125984251968504,0.0944881889763776,0.12373453318335208,0.0973753280839895,2024-01-24,0.03937007874015748,5.0,18.166666666666668
2024-01-24,18.166666666666668,5,0.03937007874015748,0.03937007874015748,0.047244094488188976,0.06299212598425197,0.14173228346456693,0.04986876640419913,0.09898762654668167,0.09448818897637797,2024-01-25,0.09448818897637795,12.0,40.16666666666666
2024-01-25,40.16666666666666,12,0.09448818897637795,0.09448818897637795,0.03937007874015748,0.047244094488188976,0.08661417322834646,0.06036745406824112,0.0922384701912261,0.09606299212598425,2024-01-26,0.11023622047244094,14.0,44.04166666666666
2024-01-26,44.04166666666666,14,0.11023622047244094,0.11023622047244094,0.09448818897637795,0.03937007874015748,0.14173228346456693,0.08136482939632511,0.09561304836895387,0.09895013123359579,2024-01-27,0.13385826771653545,17.0,53.458333333333336
2024-01-27,53.458333333333336,17,0.13385826771653545,0.13385826771653545,0.11023622047244094,0.09448818897637795,0.1732283464566929,0.1128608923884511,0.09448818897637794,0.10288713910761155,2024-01-28,0.047244094488188976,6.0,20.45833333333333
2024-01-28,20.45833333333333,6,0.047244094488188976,0.047244094488188976,0.13385826771653545,0.11023622047244094,0.06299212598425197,0.09711286089238809,0.0764904386951631,0.10341207349081365,2024-01-29,0.05511811023622047,7.0,22.75
2024-01-29,22.75,7,0.05511811023622047,0.05511811023622047,0.047244094488188976,0.13385826771653545,0.047244094488188976,0.0787401574803146,0.07536557930258717,0.10393700787401575,2024-01-30,0.07086614173228346,9.0,28.70833333333333
2024-01-30,28.70833333333333,9,0.07086614173228346,0.07086614173228346,0.05511811023622047,0.047244094488188976,0.03937007874015748,0.057742782152230616,0.07874015748031496,0.1057742782152231,2024-01-31,0.11811023622047244,15.0,46.875
2024-01-31,46.875,15,0.11811023622047244,0.11811023622047244,0.07086614173228346,0.05511811023622047,0.09448818897637795,0.08136482939632511,0.08998875140607424,0.1078740157480315,2024-02-01,0.11811023622047244,15.0,48.083333333333336
2024-02-01,48.083333333333336,15,0.11811023622047244,0.11811023622047244,0.11811023622047244,0.07086614173228346,0.11023622047244094,0.10236220472440909,0.09336332958380202,0.1078740157480315,2024-02-02,0.25196850393700787,32.0,96.08333333333331
2024-02-02,96.08333333333331,32,0.25196850393700787,0.25196850393700787,0.11811023622047244,0.11811023622047244,0.13385826771653545,0.16272965879265056,0.11361079865016872,0.1152230971128609,2024-02-03,0.18110236220472442,23.0,71.04166666666667
2024-02-03,71.04166666666667,23,0.18110236220472442,0.18110236220472442,0.25196850393700787,0.11811023622047244,0.047244094488188976,0.18372703412073454,0.12035995500562431,0.11259842519685039,2024-02-04,0.3779527559055118,48.0,145.5
2024-02-04,145.5,48,0.3779527559055118,0.3779527559055118,0.18110236220472442,0.25196850393700787,0.05511811023622047,0.270341207349081,0.16760404949381327,0.1225721784776903,2024-02-05,0.2047244094488189,26.0,78.5
2024-02-05,78.5,26,0.2047244094488189,0.2047244094488189,0.3779527559055118,0.18110236220472442,0.07086614173228346,0.254593175853018,0.18897637795275593,0.12755905511811025,2024-02-06,0.36220472440944884,46.0,138.91666666666666
2024-02-06,138.91666666666666,46,0.36220472440944884,0.36220472440944884,0.2047244094488189,0.3779527559055118,0.11811023622047244,0.31496062992125945,0.23059617547806524,0.13595800524934382,2024-02-07,0.29133858267716534,37.0,112.875
2024-02-07,112.875,37,0.29133858267716534,0.29133858267716534,0.36220472440944884,0.2047244094488189,0.11811023622047244,0.286089238845144,0.25534308211473566,0.1414698162729659,2024-02-08,0.2992125984251969,38.0,116.08333333333331
2024-02-08,116.08333333333331,38,0.2992125984251969,0.2992125984251969,0.29133858267716534,0.36220472440944884,0.25196850393700787,0.31758530183727,0.281214848143982,0.15091863517060367,2024-02-09,0.2440944881889764,31.0,93.95833333333331
2024-02-09,93.95833333333331,31,0.2440944881889764,0.2440944881889764,0.2992125984251969,0.29133858267716534,0.18110236220472442,0.2782152230971125,0.28008998875140606,0.1561679790026247,2024-02-10,0.3700787401574803,47.0,142.375
2024-02-10,142.375,47,0.3700787401574803,0.3700787401574803,0.2440944881889764,0.2992125984251969,0.3779527559055118,0.3044619422572175,0.30708661417322836,0.16692913385826774,2024-02-11,0.28346456692913385,36.0,109.875
2024-02-11,109.875,36,0.28346456692913385,0.28346456692913385,0.3700787401574803,0.2440944881889764,0.2047244094488189,0.2992125984251965,0.2935883014623172,0.1748031496062992,2024-02-12,0.3937007874015748,50.0,151.125
2024-02-12,151.125,50,0.3937007874015748,0.3937007874015748,0.28346456692913385,0.3700787401574803,0.36220472440944884,0.34908136482939595,0.3205849268841395,0.18451443569553805,2024-02-13,0.11023622047244094,14.0,44.54166666666666
2024-02-13,44.54166666666666,14,0.11023622047244094,0.11023622047244094,0.3937007874015748,0.28346456692913385,0.29133858267716534,0.2624671916010495,0.2845894263217098,0.18031496062992128,2024-02-14,0.3700787401574803,47.0,140.54166666666666
2024-02-14,140.54166666666666,47,0.3700787401574803,0.3700787401574803,0.11023622047244094,0.3937007874015748,0.2992125984251969,0.291338582677165,0.295838020247469,0.18713910761154856,2024-02-15,0.05511811023622047,7.0,24.291666666666668
2024-02-15,24.291666666666668,7,0.05511811023622047,0.05511811023622047,0.3700787401574803,0.11023622047244094,0.2440944881889764,0.17847769028871352,0.2609673790776153,0.1816272965879265,2024-02-16,0.18110236220472442,23.0,71.58333333333333
2024-02-16,71.58333333333333,23,0.18110236220472442,0.18110236220472442,0.05511811023622047,0.3700787401574803,0.3700787401574803,0.20209973753280805,0.25196850393700787,0.1805774278215223,2024-02-17,0.2755905511811024,35.0,105.75
2024-02-17,105.75,35,0.2755905511811024,0.2755905511811024,0.18110236220472442,0.05511811023622047,0.28346456692913385,0.17060367454068204,0.23847019122609672,0.18503937007874016,2024-02-18,0.15748031496062992,20.0,60.79166666666666
2024-02-18,60.79166666666666,20,0.15748031496062992,0.15748031496062992,0.2755905511811024,0.18110236220472442,0.3937007874015748,0.20472440944881853,0.2204724409448819,0.1874015748031496,2024-02-19,0.4094488188976378,52.0,155.0
2024-02-19,155.0,52,0.4094488188976378,0.4094488188976378,0.15748031496062992,0.2755905511811024,0.11023622047244094,0.28083989501312295,0.22272215973003376,0.1963254593175853,2024-02-20,0.4645669291338583,59.0,176.33333333333334
2024-02-20,176.33333333333334,59,0.4645669291338583,0.4645669291338583,0.4094488188976378,0.15748031496062992,0.3700787401574803,0.3438320209973749,0.27334083239595053,0.20603674540682412,2024-02-21,0.33070866141732286,42.0,126.375
2024-02-21,126.375,42,0.33070866141732286,0.33070866141732286,0.4645669291338583,0.4094488188976378,0.05511811023622047,0.40157480314960586,0.2677165354330709,0.21496062992125983,2024-02-22,0.15748031496062992,20.0,61.208333333333336
2024-02-22,61.208333333333336,20,0.15748031496062992,0.15748031496062992,0.33070866141732286,0.4645669291338583,0.18110236220472442,0.31758530183727,0.28233970753655796,0.21863517060367454,2024-02-23,0.3937007874015748,50.0,149.79166666666666
2024-02-23,149.79166666666666,50,0.3937007874015748,0.3937007874015748,0.15748031496062992,0.33070866141732286,0.2755905511811024,0.29396325459317546,0.312710911136108,0.2304461942257218,2024-02-24,0.44881889763779526,57.0,171.125
2024-02-24,171.125,57,0.44881889763779526,0.44881889763779526,0.3937007874015748,0.15748031496062992,0.15748031496062992,0.3333333333333329,0.33745781777277845,0.24225721784776905,2024-02-25,0.41732283464566927,53.0,159.08333333333334
2024-02-25,159.08333333333334,53,0.41732283464566927,0.41732283464566927,0.44881889763779526,0.3937007874015748,0.4094488188976378,0.4199475065616794,0.374578177727784,0.25249343832021,2024-02-26,0.3858267716535433,49.0,146.66666666666666
2024-02-26,146.66666666666666,49,0.3858267716535433,0.3858267716535433,0.41732283464566927,0.44881889763779526,0.4645669291338583,0.41732283464566894,0.3712035995500563,0.2608923884514436,2024-02-27,0.4015748031496063,51.0,153.20833333333334
2024-02-27,153.20833333333334,51,0.4015748031496063,0.4015748031496063,0.3858267716535433,0.41732283464566927,0.33070866141732286,0.40157480314960586,0.3622047244094488,0.2727034120734908,2024-02-28,0.16535433070866143,21.0,65.95833333333333
2024-02-28,65.95833333333333,21,0.16535433070866143,0.16535433070866143,0.4015748031496063,0.3858267716535433,0.15748031496062992,0.31758530183726996,0.3385826771653543,0.2763779527559055,2024-02-29,0.5275590551181102,67.0,199.95833333333331
2024-02-29,199.95833333333331,67,0.5275590551181102,0.5275590551181102,0.16535433070866143,0.4015748031496063,0.3937007874015748,0.36482939632545897,0.3914510686164229,0.2916010498687664,2024-03-01,0.3779527559055118,48.0,143.5
2024-03-01,143.5,48,0.3779527559055118,0.3779527559055118,0.5275590551181102,0.16535433070866143,0.44881889763779526,0.3569553805774275,0.389201349831271,0.30026246719160105,2024-03-02,0.25984251968503935,33.0,101.45833333333331
2024-03-02,101.45833333333331,33,0.25984251968503935,0.25984251968503935,0.3779527559055118,0.5275590551181102,0.41732283464566927,0.3884514435695534,0.3622047244094488,0.30498687664041996,2024-03-03,0.3543307086614173,45.0,134.75
2024-03-03,134.75,45,0.3543307086614173,0.3543307086614173,0.25984251968503935,0.3779527559055118,0.3858267716535433,0.33070866141732247,0.3532058492688414,0.30839895013123364,2024-03-04,0.4330708661417323,55.0,163.79166666666666
2024-03-04,163.79166666666666,55,0.4330708661417323,0.4330708661417323,0.3543307086614173,0.25984251968503935,0.4015748031496063,0.34908136482939595,0.35995500562429694,0.3167979002624672,2024-03-05,0.1889763779527559,24.0,73.41666666666667
2024-03-05,73.41666666666667,24,0.1889763779527559,0.1889763779527559,0.4330708661417323,0.3543307086614173,0.16535433070866143,0.3254593175853015,0.3295838020247469,0.310498687664042,2024-03-06,0.16535433070866143,21.0,66.33333333333333
2024-03-06,66.33333333333333,21,0.16535433070866143,0.16535433070866143,0.1889763779527559,0.4330708661417323,0.5275590551181102,0.2624671916010495,0.3295838020247469,0.30918635170603675,2024-03-07,0.4251968503937008,54.0,161.16666666666666
2024-03-07,161.16666666666666,54,0.4251968503937008,0.4251968503937008,0.16535433070866143,0.1889763779527559,0.3779527559055118,0.25984251968503896,0.31496062992125984,0.3112860892388451,2024-03-08,0.07874015748031496,10.0,33.958333333333336
2024-03-08,33.958333333333336,10,0.07874015748031496,0.07874015748031496,0.4251968503937008,0.16535433070866143,0.25984251968503935,0.22309711286089204,0.2722159730033746,0.3041994750656168,2024-03-09,0.14960629921259844,19.0,60.29166666666666
2024-03-09,60.29166666666666,19,0.14960629921259844,0.14960629921259844,0.07874015748031496,0.4251968503937008,0.3543307086614173,0.217847769028871,0.25646794150731156,0.2992125984251969,2024-03-10,0.2677165354330709,34.0,104.25
2024-03-10,104.25,34,0.2677165354330709,0.2677165354330709,0.14960629921259844,0.07874015748031496,0.4330708661417323,0.16535433070866104,0.2440944881889764,0.3,2024-03-11,0.5826771653543307,74.0,222.29166666666663
2024-03-11,222.29166666666663,74,0.5826771653543307,0.5826771653543307,0.2677165354330709,0.14960629921259844,0.1889763779527559,0.333333333333333,0.265466816647919,0.30708661417322836,2024-03-12,0.48031496062992124,61.0,183.95833333333331
2024-03-12,183.95833333333331,61,0.48031496062992124,0.48031496062992124,0.5826771653543307,0.2677165354330709,0.16535433070866143,0.44356955380577384,0.3070866141732283,0.31364829396325455,2024-03-13,0.5826771653543307,74.0,219.75
2024-03-13,219.75,74,0.5826771653543307,0.5826771653543307,0.48031496062992124,0.5826771653543307,0.4251968503937008,0.5485564304461938,0.36670416197975253,0.3199475065616798,2024-03-14,0.09448818897637795,12.0,37.41666666666666
2024-03-14,37.41666666666666,12,0.09448818897637795,0.09448818897637795,0.5826771653543307,0.48031496062992124,0.07874015748031496,0.385826771653543,0.31946006749156347,0.31942257217847764,2024-03-15,0.5905511811023622,75.0,224.75
2024-03-15,224.75,75,0.5905511811023622,0.5905511811023622,0.09448818897637795,0.5826771653543307,0.14960629921259844,0.4225721784776899,0.3925759280089988,0.3267716535433071,2024-03-16,0.4251968503937008,54.0,162.33333333333334
2024-03-16,162.33333333333334,54,0.4251968503937008,0.4251968503937008,0.5905511811023622,0.09448818897637795,0.2677165354330709,0.37007874015747994,0.4319460067491563,0.3391076115485564,2024-03-17,0.3228346456692913,41.0,124.25
2024-03-17,124.25,41,0.3228346456692913,0.3228346456692913,0.4251968503937008,0.5905511811023622,0.5826771653543307,0.44619422572178435,0.4398200224971878,0.3438320209973753,2024-03-18,0.13385826771653545,17.0,53.583333333333336
2024-03-18,53.583333333333336,17,0.13385826771653545,0.13385826771653545,0.3228346456692913,0.4251968503937008,0.48031496062992124,0.29396325459317546,0.3757030371203599,0.33910761154855645,2024-03-19,0.28346456692913385,36.0,108.91666666666669
2024-03-19,108.91666666666669,36,0.28346456692913385,0.28346456692913385,0.13385826771653545,0.3228346456692913,0.5826771653543307,0.2467191601049865,0.3475815523059617,0.3433070866141732,2024-03-20,0.4251968503937008,54.0,163.0
2024-03-20,163.0,54,0.4251968503937008,0.4251968503937008,0.28346456692913385,0.13385826771653545,0.09448818897637795,0.280839895013123,0.32508436445444316,0.3438320209973753,2024-03-21,0.4881889763779528,62.0,186.70833333333331
2024-03-21,186.70833333333331,62,0.4881889763779528,0.4881889763779528,0.4251968503937008,0.28346456692913385,0.5905511811023622,0.39895013123359546,0.3813273340832396,0.3446194225721785,2024-03-22,0.1732283464566929,22.0,69.54166666666667
2024-03-22,69.54166666666667,22,0.1732283464566929,0.1732283464566929,0.4881889763779528,0.4251968503937008,0.4251968503937008,0.36220472440944845,0.3217097862767154,0.33937007874015745,2024-03-23,0.5669291338582677,72.0,216.33333333333331
2024-03-23,216.33333333333331,72,0.5669291338582677,0.5669291338582677,0.1732283464566929,0.4881889763779528,0.3228346456692913,0.40944881889763746,0.34195725534308213,0.3530183727034121,2024-03-24,0.5905511811023622,75.0,223.0
2024-03-24,223.0,75,0.5905511811023622,0.5905511811023622,0.5669291338582677,0.1732283464566929,0.13385826771653545,0.44356955380577395,0.38020247469066365,0.35958005249343833,2024-03-25,0.48031496062992124,61.0,182.625
2024-03-25,182.625,61,0.48031496062992124,0.48031496062992124,0.5905511811023622,0.5669291338582677,0.28346456692913385,0.5459317585301834,0.4296962879640045,0.36062992125984256,2024-03-26,0.13385826771653545,17.0,52.458333333333336
2024-03-26,52.458333333333336,17,0.13385826771653545,0.13385826771653545,0.48031496062992124,0.5905511811023622,0.4251968503937008,0.40157480314960586,0.4083239595050619,0.35118110236220473,2024-03-27,0.14960629921259844,19.0,59.04166666666666
2024-03-27,59.04166666666666,19,0.14960629921259844,0.14960629921259844,0.13385826771653545,0.48031496062992124,0.4881889763779528,0.254593175853018,0.3689538807649044,0.3433070866141732,2024-03-28,0.6850393700787402,87.0,259.0833333333333
2024-03-28,259.0833333333333,87,0.6850393700787402,0.6850393700787402,0.14960629921259844,0.13385826771653545,0.1732283464566929,0.322834645669291,0.39707536557930256,0.35275590551181096,2024-03-29,0.7165354330708661,91.0,271.625
2024-03-29,271.625,91,0.7165354330708661,0.7165354330708661,0.6850393700787402,0.14960629921259844,0.5669291338582677,0.5170603674540678,0.4746906636670416,0.3711286089238845,2024-03-30,0.11811023622047244,15.0,46.833333333333336
2024-03-30,46.833333333333336,15,0.11811023622047244,0.11811023622047244,0.7165354330708661,0.6850393700787402,0.5905511811023622,0.5065616797900259,0.4105736782902137,0.3574803149606299,2024-03-31,0.1889763779527559,24.0,74.08333333333333
2024-03-31,74.08333333333333,24,0.1889763779527559,0.1889763779527559,0.11811023622047244,0.7165354330708661,0.48031496062992124,0.34120734908136435,0.3532058492688414,0.3511811023622047,2024-04-01,0.6299212598425197,80.0,238.66666666666663
2024-04-01,238.66666666666663,80,0.6299212598425197,0.6299212598425197,0.1889763779527559,0.11811023622047244,0.13385826771653545,0.31233595800524894,0.374578177727784,0.36351706036745407,2024-04-02,0.09448818897637795,12.0,38.208333333333336
2024-04-02,38.208333333333336,12,0.09448818897637795,0.09448818897637795,0.6299212598425197,0.1889763779527559,0.14960629921259844,0.30446194225721745,0.3689538807649044,0.35485564304461936,2024-04-03,0.25196850393700787,32.0,98.625
2024-04-03,98.625,32,0.25196850393700787,0.25196850393700787,0.09448818897637795,0.6299212598425197,0.6850393700787402,0.3254593175853014,0.38357705286839144,0.3488188976377952,2024-04-04,0.2677165354330709,34.0,102.08333333333331
2024-04-04,102.08333333333331,34,0.2677165354330709,0.2677165354330709,0.25196850393700787,0.09448818897637795,0.7165354330708661,0.2047244094488185,0.32395950506186727,0.3514435695538058,2024-04-05,0.3700787401574803,47.0,142.83333333333334
2024-04-05,142.83333333333334,47,0.3700787401574803,0.3700787401574803,0.2677165354330709,0.25196850393700787,0.11811023622047244,0.296587926509186,0.2744656917885264,0.3582677165354331,2024-04-06,0.7322834645669292,93.0,275.6666666666667
2024-04-06,275.6666666666667,93,0.7322834645669292,0.7322834645669292,0.3700787401574803,0.2677165354330709,0.1889763779527559,0.4566929133858264,0.3622047244094488,0.36850393700787404,2024-04-07,0.7244094488188977,92.0,273.3333333333333
2024-04-07,273.3333333333333,92,0.7244094488188977,0.7244094488188977,0.7322834645669292,0.3700787401574803,0.6299212598425197,0.6089238845144354,0.43869516310461193,0.39002624671916014,2024-04-08,0.7165354330708661,91.0,270.25
2024-04-08,270.25,91,0.7165354330708661,0.7165354330708661,0.7244094488188977,0.7322834645669292,0.09448818897637795,0.7244094488188972,0.45106861642294716,0.4089238845144357,2024-04-09,0.6456692913385826,82.0,243.83333333333331
2024-04-09,243.83333333333331,82,0.6456692913385826,0.6456692913385826,0.7165354330708661,0.7244094488188977,0.25196850393700787,0.6955380577427817,0.5298087739032621,0.4215223097112861,2024-04-10,0.5826771653543307,74.0,221.08333333333331
2024-04-10,221.08333333333331,74,0.5826771653543307,0.5826771653543307,0.6456692913385826,0.7165354330708661,0.2677165354330709,0.6482939632545927,0.5770528683914511,0.42152230971128607,2024-04-11,0.12598425196850394,16.0,50.16666666666666
2024-04-11,50.16666666666666,16,0.12598425196850394,0.12598425196850394,0.5826771653543307,0.6456692913385826,0.3700787401574803,0.4514435695538053,0.5568053993250844,0.4097112860892389,2024-04-12,0.15748031496062992,20.0,60.833333333333336
2024-04-12,60.833333333333336,20,0.15748031496062992,0.15748031496062992,0.12598425196850394,0.5826771653543307,0.7322834645669292,0.28871391076115444,0.5264341957255343,0.39553805774278217,2024-04-13,0.7952755905511811,101.0,301.5
2024-04-13,301.5,101,0.7952755905511811,0.7952755905511811,0.15748031496062992,0.12598425196850394,0.7244094488188977,0.359580052493438,0.5354330708661418,0.4188976377952756,2024-04-14,0.7244094488188977,92.0,274.1666666666667
2024-04-14,274.1666666666667,92,0.7244094488188977,0.7244094488188977,0.7952755905511811,0.15748031496062992,0.7165354330708661,0.5590551181102358,0.5354330708661417,0.4233595800524934,2024-04-15,0.7952755905511811,101.0,300.0416666666667
2024-04-15,300.0416666666667,101,0.7952755905511811,0.7952755905511811,0.7244094488188977,0.7952755905511811,0.6456692913385826,0.7716535433070862,0.5466816647919011,0.4356955380577428,2024-04-16,0.7244094488188977,92.0,272.75
2024-04-16,272.75,92,0.7244094488188977,0.7244094488188977,0.7952755905511811,0.7244094488188977,0.5826771653543307,0.7480314960629917,0.5579302587176603,0.44908136482939637,2024-04-17,0.25196850393700787,32.0,96.75
2024-04-17,96.75,32,0.25196850393700787,0.25196850393700787,0.7244094488188977,0.7952755905511811,0.12598425196850394,0.5905511811023618,0.5106861642294713,0.45301837270341205,2024-04-18,0.6614173228346457,84.0,250.04166666666663
2024-04-18,250.04166666666663,84,0.6614173228346457,0.6614173228346457,0.25196850393700787,0.7244094488188977,0.15748031496062992,0.5459317585301834,0.5871766029246344,0.46561679790026245,2024-04-19,0.6850393700787402,87.0,259.9583333333333
2024-04-19,259.9583333333333,87,0.6850393700787402,0.6850393700787402,0.6614173228346457,0.25196850393700787,0.7952755905511811,0.5328083989501309,0.6625421822272217,0.47427821522309715,2024-04-20,0.33858267716535434,43.0,129.58333333333334
2024-04-20,129.58333333333334,43,0.33858267716535434,0.33858267716535434,0.6850393700787402,0.6614173228346457,0.7244094488188977,0.5616797900262464,0.5973003374578177,0.4692913385826772,2024-04-21,0.7007874015748031,89.0,265.7916666666667
2024-04-21,265.7916666666667,89,0.7007874015748031,0.7007874015748031,0.33858267716535434,0.6850393700787402,0.7952755905511811,0.5748031496062987,0.5939257592800901,0.48687664041994755,2024-04-22,0.8188976377952756,104.0,308.5
2024-04-22,308.5,104,0.8188976377952756,0.8188976377952756,0.7007874015748031,0.33858267716535434,0.7244094488188977,0.6194225721784773,0.5973003374578177,0.4952755905511811,2024-04-23,0.16535433070866143,21.0,63.79166666666666
2024-04-23,63.79166666666666,21,0.16535433070866143,0.16535433070866143,0.8188976377952756,0.7007874015748031,0.25196850393700787,0.5616797900262464,0.5174353205849268,0.48110236220472447,2024-04-24,0.41732283464566927,53.0,160.08333333333334
2024-04-24,160.08333333333334,53,0.41732283464566927,0.41732283464566927,0.16535433070866143,0.8188976377952756,0.6614173228346457,0.4671916010498684,0.5410573678290214,0.479002624671916,2024-04-25,0.8267716535433071,105.0,313.0416666666667
2024-04-25,313.0416666666667,105,0.8267716535433071,0.8267716535433071,0.41732283464566927,0.16535433070866143,0.6850393700787402,0.46981627296587886,0.5646794150731158,0.5020997375328083,2024-04-26,0.7401574803149606,94.0,281.3333333333333
2024-04-26,281.3333333333333,94,0.7401574803149606,0.7401574803149606,0.8267716535433071,0.41732283464566927,0.33858267716535434,0.6614173228346453,0.5725534308211474,0.5217847769028872,2024-04-27,0.4566929133858268,58.0,172.875
2024-04-27,172.875,58,0.4566929133858268,0.4566929133858268,0.7401574803149606,0.8267716535433071,0.7007874015748031,0.6745406824146979,0.5894263217097863,0.5141732283464566,2024-04-28,0.33858267716535434,43.0,129.0
2024-04-28,129.0,43,0.33858267716535434,0.33858267716535434,0.4566929133858268,0.7401574803149606,0.8188976377952756,0.5118110236220469,0.5376827896512937,0.5015748031496063,2024-04-29,0.5748031496062992,73.0,219.375
2024-04-29,219.375,73,0.5748031496062992,0.5748031496062992,0.33858267716535434,0.4566929133858268,0.16535433070866143,0.4566929133858264,0.5028121484814398,0.5167979002624672,2024-04-30,0.8346456692913385,106.0,314.0833333333333
2024-04-30,314.0833333333333,106,0.8346456692913385,0.8346456692913385,0.5748031496062992,0.33858267716535434,0.41732283464566927,0.5826771653543302,0.5984251968503936,0.5383202099737532,2024-05-01,0.6850393700787402,87.0,258.0416666666667
2024-05-01,258.0416666666667,87,0.6850393700787402,0.6850393700787402,0.8346456692913385,0.5748031496062992,0.8267716535433071,0.6981627296587923,0.6366704161979753,0.5401574803149606,2024-05-02,0.8503937007874016,108.0,320.9583333333333
2024-05-02,320.9583333333333,108,0.8503937007874016,0.8503937007874016,0.6850393700787402,0.8346456692913385,0.7401574803149606,0.7900262467191598,0.6400449943757031,0.5653543307086615,2024-05-03,0.2992125984251969,38.0,114.25
2024-05-03,114.25,38,0.2992125984251969,0.2992125984251969,0.8503937007874016,0.6850393700787402,0.4566929133858268,0.6115485564304458,0.5770528683914511,0.5669291338582678,2024-05-04,0.47244094488188976,60.0,178.625
2024-05-04,178.625,60,0.47244094488188976,0.47244094488188976,0.2992125984251969,0.8503937007874016,0.33858267716535434,0.5406824146981624,0.5793025871766029,0.5737532808398951,2024-05-05,0.33070866141732286,42.0,127.5
2024-05-05,127.5,42,0.33070866141732286,0.33070866141732286,0.47244094488188976,0.2992125984251969,0.5748031496062992,0.3674540682414695,0.578177727784027,0.5724409448818898,2024-05-06,0.6614173228346457,84.0,249.29166666666663
2024-05-06,249.29166666666663,84,0.6614173228346457,0.6614173228346457,0.33070866141732286,0.47244094488188976,0.8346456692913385,0.4881889763779524,0.5905511811023622,0.5700787401574804,2024-05-07,0.5196850393700787,66.0,196.41666666666663
2024-05-07,196.41666666666663,66,0.5196850393700787,0.5196850393700787,0.6614173228346457,0.33070866141732286,0.6850393700787402,0.5039370078740154,0.5455568053993252,0.5632545931758531,2024-05-08,0.8818897637795275,112.0,333.75
2024-05-08,333.75,112,0.8818897637795275,0.8818897637795275,0.5196850393700787,0.6614173228346457,0.8503937007874016,0.6876640419947503,0.5736782902137233,0.5687664041994751,2024-05-09,0.15748031496062992,20.0,60.91666666666666
2024-05-09,60.91666666666666,20,0.15748031496062992,0.15748031496062992,0.8818897637795275,0.5196850393700787,0.2992125984251969,0.5196850393700784,0.47469066366704166,0.55249343832021,2024-05-10,0.6141732283464567,78.0,233.16666666666663
2024-05-10,233.16666666666663,78,0.6141732283464567,0.6141732283464567,0.15748031496062992,0.8818897637795275,0.47244094488188976,0.5511811023622043,0.5196850393700787,0.5535433070866141,2024-05-11,0.23622047244094488,30.0,92.58333333333331
2024-05-11,92.58333333333331,30,0.23622047244094488,0.23622047244094488,0.6141732283464567,0.15748031496062992,0.33070866141732286,0.33595800524934344,0.48593925759280093,0.5572178477690289,2024-05-12,0.8661417322834646,110.0,325.8333333333333
2024-05-12,325.8333333333333,110,0.8661417322834646,0.8661417322834646,0.23622047244094488,0.6141732283464567,0.6614173228346457,0.5721784776902884,0.562429696287964,0.5808398950131234,2024-05-13,0.8346456692913385,106.0,314.5
2024-05-13,314.5,106,0.8346456692913385,0.8346456692913385,0.8661417322834646,0.23622047244094488,0.5196850393700787,0.6456692913385823,0.5871766029246344,0.5821522309711287,2024-05-14,0.7401574803149606,94.0,280.0
2024-05-14,280.0,94,0.7401574803149606,0.7401574803149606,0.8346456692913385,0.8661417322834646,0.8818897637795275,0.8136482939632542,0.6186726659167604,0.5826771653543308,2024-05-15,0.6062992125984252,77.0,230.33333333333331
2024-05-15,230.33333333333331,77,0.6062992125984252,0.6062992125984252,0.7401574803149606,0.8346456692913385,0.15748031496062992,0.7270341207349077,0.5793025871766029,0.5763779527559055,2024-05-16,0.8661417322834646,110.0,326.1666666666667
2024-05-16,326.1666666666667,110,0.8661417322834646,0.8661417322834646,0.6062992125984252,0.7401574803149606,0.6141732283464567,0.7375328083989499,0.6805399325084364,0.5811023622047244,2024-05-17,0.5826771653543307,74.0,221.0
2024-05-17,221.0,74,0.5826771653543307,0.5826771653543307,0.8661417322834646,0.6062992125984252,0.23622047244094488,0.6850393700787398,0.6760404949381328,0.5921259842519684,2024-05-18,0.6062992125984252,77.0,229.75
2024-05-18,229.75,77,0.6062992125984252,0.6062992125984252,0.5826771653543307,0.8661417322834646,0.8661417322834646,0.6850393700787398,0.7289088863892015,0.5902887139107611,2024-05-19,0.7952755905511811,101.0,299.2083333333333
2024-05-19,299.2083333333333,101,0.7952755905511811,0.7952755905511811,0.6062992125984252,0.5826771653543307,0.8346456692913385,0.6614173228346454,0.718785151856018,0.5939632545931758,2024-05-20,0.7401574803149606,94.0,279.4166666666667
2024-05-20,279.4166666666667,94,0.7401574803149606,0.7401574803149606,0.7952755905511811,0.6062992125984252,0.7401574803149606,0.7139107611548553,0.7052868391451069,0.6073490813648295,2024-05-21,0.7795275590551181,99.0,293.75
2024-05-21,293.75,99,0.7795275590551181,0.7795275590551181,0.7401574803149606,0.7952755905511811,0.6062992125984252,0.7716535433070862,0.7109111361079865,0.6099737532808399,2024-05-22,0.7322834645669292,93.0,278.2083333333333
2024-05-22,278.2083333333333,93,0.7322834645669292,0.7322834645669292,0.7795275590551181,0.7401574803149606,0.8661417322834646,0.7506561679790024,0.7289088863892014,0.6070866141732283,2024-05-23,0.937007874015748,119.0,353.0416666666667
2024-05-23,353.0416666666667,119,0.937007874015748,0.937007874015748,0.7322834645669292,0.7795275590551181,0.5826771653543307,0.8162729658792648,0.7390326209223848,0.6328083989501312,2024-05-24,0.8582677165354331,109.0,322.75
2024-05-24,322.75,109,0.8582677165354331,0.8582677165354331,0.937007874015748,0.7322834645669292,0.6062992125984252,0.8425196850393698,0.7784026996625423,0.64750656167979,2024-05-25,0.8346456692913385,106.0,315.7916666666667
2024-05-25,315.7916666666667,106,0.8346456692913385,0.8346456692913385,0.8582677165354331,0.937007874015748,0.7952755905511811,0.8766404199475062,0.8110236220472441,0.6477690288713911,2024-05-26,0.5826771653543307,74.0,220.58333333333331
2024-05-26,220.58333333333331,74,0.5826771653543307,0.5826771653543307,0.8346456692913385,0.8582677165354331,0.7401574803149606,0.7585301837270336,0.7806524184476941,0.6425196850393701,2024-05-27,0.30708661417322836,39.0,118.5
2024-05-27,118.5,39,0.30708661417322836,0.30708661417322836,0.5826771653543307,0.8346456692913385,0.7795275590551181,0.5748031496062987,0.718785151856018,0.6375328083989501,2024-05-28,0.6456692913385826,82.0,244.04166666666663
2024-05-28,244.04166666666663,82,0.6456692913385826,0.6456692913385826,0.30708661417322836,0.5826771653543307,0.7322834645669292,0.5118110236220469,0.6996625421822272,0.6477690288713911,2024-05-29,0.5118110236220472,65.0,195.16666666666663
2024-05-29,195.16666666666663,65,0.5118110236220472,0.5118110236220472,0.6456692913385826,0.30708661417322836,0.937007874015748,0.48818897637795233,0.6681664791901012,0.6456692913385828,2024-05-30,0.9763779527559056,124.0,369.3333333333333
2024-05-30,369.3333333333333,124,0.9763779527559056,0.9763779527559056,0.5118110236220472,0.6456692913385826,0.8582677165354331,0.7112860892388447,0.6737907761529808,0.6503937007874016,2024-05-31,0.968503937007874,123.0,365.7083333333333
2024-05-31,365.7083333333333,123,0.968503937007874,0.968503937007874,0.9763779527559056,0.5118110236220472,0.8346456692913385,0.8188976377952751,0.689538807649044,0.6598425196850394,2024-06-01,0.7480314960629921,95.0,281.5
2024-06-01,281.5,95,0.7480314960629921,0.7480314960629921,0.968503937007874,0.9763779527559056,0.5826771653543307,0.8976377952755902,0.6771653543307087,0.6564304461942256,2024-06-02,0.3543307086614173,45.0,135.125
2024-06-02,135.125,45,0.3543307086614173,0.3543307086614173,0.7480314960629921,0.968503937007874,0.30708661417322836,0.6902887139107606,0.6445444319460067,0.658267716535433,2024-06-03,0.7952755905511811,101.0,300.2916666666667
2024-06-03,300.2916666666667,101,0.7952755905511811,0.7952755905511811,0.3543307086614173,0.7480314960629921,0.6456692913385826,0.6325459317585298,0.7142857142857143,0.6690288713910761,2024-06-04,0.7086614173228346,90.0,267.375
2024-06-04,267.375,90,0.7086614173228346,0.7086614173228346,0.7952755905511811,0.3543307086614173,0.5118110236220472,0.6194225721784773,0.7232845894263217,0.6816272965879265,2024-06-05,0.5748031496062992,73.0,219.5
2024-06-05,219.5,73,0.5748031496062992,0.5748031496062992,0.7086614173228346,0.7952755905511811,0.9763779527559056,0.6929133858267713,0.732283464566929,0.6787401574803149,2024-06-06,0.8267716535433071,105.0,311.5416666666667
2024-06-06,311.5416666666667,105,0.8267716535433071,0.8267716535433071,0.5748031496062992,0.7086614173228346,0.968503937007874,0.7034120734908132,0.7109111361079865,0.6889763779527559,2024-06-07,0.33858267716535434,43.0,131.04166666666666
2024-06-07,131.04166666666666,43,0.33858267716535434,0.33858267716535434,0.8267716535433071,0.5748031496062992,0.7480314960629921,0.5800524934383198,0.6209223847019123,0.6708661417322834,2024-06-08,0.6062992125984252,77.0,231.29166666666663
2024-06-08,231.29166666666663,77,0.6062992125984252,0.6062992125984252,0.33858267716535434,0.8267716535433071,0.3543307086614173,0.5905511811023618,0.6006749156355455,0.6858267716535433,2024-06-09,0.6850393700787402,87.0,260.7083333333333
2024-06-09,260.7083333333333,87,0.6850393700787402,0.6850393700787402,0.6062992125984252,0.33858267716535434,0.7952755905511811,0.5433070866141728,0.6479190101237345,0.6881889763779527,2024-06-10,0.6062992125984252,77.0,231.33333333333331
2024-06-10,231.33333333333331,77,0.6062992125984252,0.6062992125984252,0.6850393700787402,0.6062992125984252,0.7086614173228346,0.6325459317585298,0.6209223847019122,0.7005249343832021,2024-06-11,0.9763779527559056,124.0,368.0416666666667
2024-06-11,368.0416666666667,124,0.9763779527559056,0.9763779527559056,0.6062992125984252,0.6850393700787402,0.5748031496062992,0.7559055118110232,0.6591676040494938,0.7041994750656168,2024-06-12,0.9291338582677166,118.0,349.5416666666667
2024-06-12,349.5416666666667,118,0.9291338582677166,0.9291338582677166,0.9763779527559056,0.6062992125984252,0.8267716535433071,0.8372703412073487,0.7097862767154106,0.7073490813648294,2024-06-13,0.6850393700787402,87.0,259.1666666666667
2024-06-13,259.1666666666667,87,0.6850393700787402,0.6850393700787402,0.9291338582677166,0.9763779527559056,0.33858267716535434,0.8635170603674537,0.689538807649044,0.7055118110236221,2024-06-14,0.8110236220472441,103.0,305.375
2024-06-14,305.375,103,0.8110236220472441,0.8110236220472441,0.6850393700787402,0.9291338582677166,0.6062992125984252,0.8083989501312332,0.7570303712035995,0.7123359580052493,2024-06-15,0.905511811023622,115.0,342.25
2024-06-15,342.25,115,0.905511811023622,0.905511811023622,0.8110236220472441,0.6850393700787402,0.6850393700787402,0.8005249343832017,0.7997750281214848,0.7136482939632546,2024-06-16,0.937007874015748,119.0,354.2083333333333
2024-06-16,354.2083333333333,119,0.937007874015748,0.937007874015748,0.905511811023622,0.8110236220472441,0.6062992125984252,0.8845144356955377,0.8357705286839145,0.7254593175853017,2024-06-17,0.7401574803149606,94.0,281.1666666666667
2024-06-17,281.1666666666667,94,0.7401574803149606,0.7401574803149606,0.937007874015748,0.905511811023622,0.9763779527559056,0.8608923884514432,0.8548931383577053,0.7299212598425198,2024-06-18,0.6220472440944882,79.0,236.20833333333331
2024-06-18,236.20833333333331,79,0.6220472440944882,0.6220472440944882,0.7401574803149606,0.937007874015748,0.9291338582677166,0.7664041994750651,0.8042744656917886,0.7241469816272966,2024-06-19,0.5275590551181102,67.0,200.20833333333331
2024-06-19,200.20833333333331,67,0.5275590551181102,0.5275590551181102,0.6220472440944882,0.7401574803149606,0.6850393700787402,0.6299212598425192,0.7469066366704162,0.7170603674540682,2024-06-20,0.5905511811023622,75.0,223.66666666666663
2024-06-20,223.66666666666663,75,0.5905511811023622,0.5905511811023622,0.5275590551181102,0.6220472440944882,0.8110236220472441,0.5800524934383198,0.7334083239595051,0.7107611548556431,2024-06-21,0.6299212598425197,80.0,239.25
2024-06-21,239.25,80,0.6299212598425197,0.6299212598425197,0.5905511811023622,0.5275590551181102,0.905511811023622,0.5826771653543302,0.7075365579302587,0.7073490813648294,2024-06-22,0.6929133858267716,88.0,261.7916666666667
2024-06-22,261.7916666666667,88,0.6929133858267716,0.6929133858267716,0.6299212598425197,0.5905511811023622,0.937007874015748,0.6377952755905507,0.6771653543307086,0.6992125984251969,2024-06-23,0.6062992125984252,77.0,229.16666666666663
2024-06-23,229.16666666666663,77,0.6062992125984252,0.6062992125984252,0.6929133858267716,0.6299212598425197,0.7401574803149606,0.6430446194225717,0.6299212598425197,0.6908136482939633,2024-06-24,0.8346456692913385,106.0,316.2083333333333
2024-06-24,316.2083333333333,106,0.8346456692913385,0.8346456692913385,0.6062992125984252,0.6929133858267716,0.6220472440944882,0.7112860892388447,0.6434195725534309,0.6908136482939632,2024-06-25,0.4094488188976378,52.0,157.25
2024-06-25,157.25,52,0.4094488188976378,0.4094488188976378,0.8346456692913385,0.6062992125984252,0.5275590551181102,0.6167979002624667,0.6130483689538808,0.6850393700787402,2024-06-26,0.2440944881889764,31.0,93.83333333333331
2024-06-26,93.83333333333331,31,0.2440944881889764,0.2440944881889764,0.4094488188976378,0.8346456692913385,0.5905511811023622,0.4960629921259838,0.5725534308211474,0.6829396325459317,2024-06-27,0.7322834645669292,93.0,276.5416666666667
2024-06-27,276.5416666666667,93,0.7322834645669292,0.7322834645669292,0.2440944881889764,0.4094488188976378,0.6299212598425197,0.4619422572178474,0.592800899887514,0.6858267716535433,2024-06-28,0.3543307086614173,45.0,136.08333333333334
2024-06-28,136.08333333333334,45,0.3543307086614173,0.3543307086614173,0.7322834645669292,0.2440944881889764,0.6929133858267716,0.44356955380577395,0.5534308211473565,0.6805774278215222,2024-06-29,0.4645669291338583,59.0,177.58333333333334
2024-06-29,177.58333333333334,59,0.4645669291338583,0.4645669291338583,0.3543307086614173,0.7322834645669292,0.6062992125984252,0.5170603674540679,0.5208098987626546,0.6635170603674541,2024-06-30,0.7244094488188977,92.0,273.25
2024-06-30,273.25,92,0.7244094488188977,0.7244094488188977,0.4645669291338583,0.3543307086614173,0.8346456692913385,0.5144356955380575,0.5376827896512936,0.6553805774278215,2024-07-01,0.968503937007874,123.0,366.5833333333333
2024-07-01,366.5833333333333,123,0.968503937007874,0.968503937007874,0.7244094488188977,0.4645669291338583,0.4094488188976378,0.7191601049868762,0.5568053993250844,0.6627296587926509,2024-07-02,0.6771653543307087,86.0,255.66666666666663
2024-07-02,255.66666666666663,86,0.6771653543307087,0.6771653543307087,0.968503937007874,0.7244094488188977,0.2440944881889764,0.7900262467191598,0.5950506186726658,0.673490813648294,2024-07-03,0.5984251968503937,76.0,226.75
2024-07-03,226.75,76,0.5984251968503937,0.5984251968503937,0.6771653543307087,0.968503937007874,0.7322834645669292,0.7480314960629917,0.6456692913385826,0.6669291338582677,2024-07-04,0.4645669291338583,59.0,176.79166666666666
2024-07-04,176.79166666666666,59,0.4645669291338583,0.4645669291338583,0.5984251968503937,0.6771653543307087,0.3543307086614173,0.5800524934383199,0.6074240719910012,0.6587926509186351,2024-07-05,0.3937007874015748,50.0,150.45833333333334
2024-07-05,150.45833333333334,50,0.3937007874015748,0.3937007874015748,0.4645669291338583,0.5984251968503937,0.4645669291338583,0.485564304461942,0.6130483689538808,0.652755905511811,2024-07-06,0.8031496062992126,102.0,303.6666666666667
2024-07-06,303.6666666666667,102,0.8031496062992126,0.8031496062992126,0.3937007874015748,0.4645669291338583,0.7244094488188977,0.5538057742782149,0.6614173228346457,0.6519685039370078,2024-07-07,0.9133858267716536,116.0,343.9583333333333
2024-07-07,343.9583333333333,116,0.9133858267716536,0.9133858267716536,0.8031496062992126,0.3937007874015748,0.968503937007874,0.7034120734908132,0.688413948256468,0.6711286089238846,2024-07-08,0.7952755905511811,101.0,299.25
2024-07-08,299.25,101,0.7952755905511811,0.7952755905511811,0.9133858267716536,0.8031496062992126,0.6771653543307087,0.8372703412073488,0.6636670416197976,0.6774278215223097,2024-07-09,0.4094488188976378,52.0,155.91666666666666
2024-07-09,155.91666666666666,52,0.4094488188976378,0.4094488188976378,0.7952755905511811,0.9133858267716536,0.5984251968503937,0.7060367454068238,0.625421822272216,0.668241469816273,2024-07-10,0.11811023622047244,15.0,46.29166666666666
2024-07-10,46.29166666666666,15,0.11811023622047244,0.11811023622047244,0.4094488188976378,0.7952755905511811,0.4645669291338583,0.44094488188976344,0.5568053993250844,0.6519685039370079,2024-07-11,0.8661417322834646,110.0,326.75
2024-07-11,326.75,110,0.8661417322834646,0.8661417322834646,0.11811023622047244,0.4094488188976378,0.3937007874015748,0.4645669291338579,0.6141732283464567,0.6482939632545932,2024-07-12,0.5905511811023622,75.0,224.29166666666663
2024-07-12,224.29166666666663,75,0.5905511811023622,0.5905511811023622,0.8661417322834646,0.11811023622047244,0.8031496062992126,0.5249343832020994,0.6422947131608548,0.637007874015748,2024-07-13,0.8740157480314961,111.0,329.25
2024-07-13,329.25,111,0.8740157480314961,0.8740157480314961,0.5905511811023622,0.8661417322834646,0.9133858267716536,0.7769028871391073,0.6524184476940382,0.6433070866141732,2024-07-14,0.5748031496062992,73.0,219.33333333333331
2024-07-14,219.33333333333331,73,0.5748031496062992,0.5748031496062992,0.8740157480314961,0.5905511811023622,0.7952755905511811,0.6797900262467188,0.6040494938132733,0.6354330708661418,2024-07-15,0.7401574803149606,94.0,280.0416666666667
2024-07-15,280.0416666666667,94,0.7401574803149606,0.7401574803149606,0.5748031496062992,0.8740157480314961,0.4094488188976378,0.7296587926509183,0.5961754780652418,0.6299212598425198,2024-07-16,0.7795275590551181,99.0,294.375
2024-07-16,294.375,99,0.7795275590551181,0.7795275590551181,0.7401574803149606,0.5748031496062992,0.11811023622047244,0.6981627296587923,0.6490438695163104,0.6246719160104988,2024-07-17,0.6692913385826772,85.0,253.45833333333331
2024-07-17,253.45833333333331,85,0.6692913385826772,0.6692913385826772,0.7795275590551181,0.7401574803149606,0.8661417322834646,0.7296587926509183,0.7277840269966254,0.6223097112860893,2024-07-18,0.7165354330708661,91.0,271.5
2024-07-18,271.5,91,0.7165354330708661,0.7165354330708661,0.6692913385826772,0.7795275590551181,0.5905511811023622,0.7217847769028868,0.7064116985376828,0.6254593175853017,2024-07-19,0.905511811023622,115.0,341.3333333333333
2024-07-19,341.3333333333333,115,0.905511811023622,0.905511811023622,0.7165354330708661,0.6692913385826772,0.8740157480314961,0.7637795275590546,0.7514060742407198,0.6380577427821522,2024-07-20,0.7874015748031497,100.0,296.6666666666667
2024-07-20,296.6666666666667,100,0.7874015748031497,0.7874015748031497,0.905511811023622,0.7165354330708661,0.5748031496062992,0.8031496062992122,0.7390326209223846,0.6446194225721785,2024-07-21,0.7086614173228346,90.0,267.4583333333333
2024-07-21,267.4583333333333,90,0.7086614173228346,0.7086614173228346,0.7874015748031497,0.905511811023622,0.7401574803149606,0.8005249343832017,0.7581552305961754,0.647244094488189,2024-07-22,0.4094488188976378,52.0,157.20833333333334
2024-07-22,157.20833333333334,52,0.4094488188976378,0.4094488188976378,0.7086614173228346,0.7874015748031497,0.7795275590551181,0.6351706036745403,0.7109111361079865,0.6377952755905512,2024-07-23,0.7322834645669292,93.0,278.1666666666667
2024-07-23,278.1666666666667,93,0.7322834645669292,0.7322834645669292,0.4094488188976378,0.7086614173228346,0.6692913385826772,0.6167979002624668,0.7041619797525309,0.641994750656168,2024-07-24,0.5196850393700787,66.0,196.375
2024-07-24,196.375,66,0.5196850393700787,0.5196850393700787,0.7322834645669292,0.4094488188976378,0.7165354330708661,0.5538057742782149,0.6827896512935884,0.6314960629921259,2024-07-25,0.6614173228346457,84.0,249.33333333333331
2024-07-25,249.33333333333331,84,0.6614173228346457,0.6614173228346457,0.5196850393700787,0.7322834645669292,0.905511811023622,0.6377952755905508,0.6749156355455568,0.6398950131233596,2024-07-26,0.905511811023622,115.0,341.7916666666667
2024-07-26,341.7916666666667,115,0.905511811023622,0.905511811023622,0.6614173228346457,0.5196850393700787,0.7874015748031497,0.6955380577427818,0.6749156355455569,0.6619422572178478,2024-07-27,0.889763779527559,113.0,336.625
2024-07-27,336.625,113,0.889763779527559,0.889763779527559,0.905511811023622,0.6614173228346457,0.7086614173228346,0.8188976377952751,0.6895388076490437,0.6671916010498687,2024-07-28,0.8740157480314961,111.0,328.625
2024-07-28,328.625,111,0.8740157480314961,0.8740157480314961,0.889763779527559,0.905511811023622,0.4094488188976378,0.8897637795275587,0.7131608548931384,0.6845144356955382,2024-07-29,0.44881889763779526,57.0,170.79166666666666
2024-07-29,170.79166666666666,57,0.44881889763779526,0.44881889763779526,0.8740157480314961,0.889763779527559,0.7322834645669292,0.7375328083989497,0.718785151856018,0.6839895013123359,2024-07-30,0.4409448818897638,56.0,167.41666666666666
2024-07-30,167.41666666666666,56,0.4409448818897638,0.4409448818897638,0.44881889763779526,0.8740157480314961,0.5196850393700787,0.5879265091863513,0.6771653543307086,0.6745406824146981,2024-07-31,0.6929133858267716,88.0,263.2916666666667
2024-07-31,263.2916666666667,88,0.6929133858267716,0.6929133858267716,0.4409448818897638,0.44881889763779526,0.6614173228346457,0.5275590551181099,0.701912260967379,0.6653543307086615,2024-08-01,0.6929133858267716,88.0,263.5416666666667
2024-08-01,263.5416666666667,88,0.6929133858267716,0.6929133858267716,0.6929133858267716,0.4409448818897638,0.905511811023622,0.6089238845144352,0.7064116985376828,0.6658792650918635,2024-08-02,0.3779527559055118,48.0,143.95833333333334
2024-08-02,143.95833333333334,48,0.3779527559055118,0.3779527559055118,0.6929133858267716,0.6929133858267716,0.889763779527559,0.5879265091863514,0.6310461192350955,0.6585301837270341,2024-08-03,0.8188976377952756,104.0,309.0416666666667
2024-08-03,309.0416666666667,104,0.8188976377952756,0.8188976377952756,0.3779527559055118,0.6929133858267716,0.8740157480314961,0.6299212598425193,0.6209223847019122,0.6703412073490813,2024-08-04,0.7716535433070866,98.0,292.375
2024-08-04,292.375,98,0.7716535433070866,0.7716535433070866,0.8188976377952756,0.3779527559055118,0.44881889763779526,0.6561679790026242,0.6062992125984251,0.6829396325459317,2024-08-05,0.5118110236220472,65.0,194.91666666666663
2024-08-05,194.91666666666663,65,0.5118110236220472,0.5118110236220472,0.7716535433070866,0.8188976377952756,0.4409448818897638,0.7007874015748028,0.6152980877390325,0.6732283464566929,2024-08-06,0.16535433070866143,21.0,66.20833333333333
2024-08-06,66.20833333333333,21,0.16535433070866143,0.16535433070866143,0.5118110236220472,0.7716535433070866,0.6929133858267716,0.4829396325459314,0.5759280089988751,0.6482939632545931,2024-08-07,0.8503937007874016,108.0,322.4583333333333
2024-08-07,322.4583333333333,108,0.8503937007874016,0.8503937007874016,0.16535433070866143,0.5118110236220472,0.6929133858267716,0.5091863517060364,0.5984251968503937,0.6501312335958005,2024-08-08,0.6377952755905512,81.0,242.29166666666663
2024-08-08,242.29166666666663,81,0.6377952755905512,0.6377952755905512,0.8503937007874016,0.16535433070866143,0.3779527559055118,0.5511811023622043,0.5905511811023622,0.657742782152231,2024-08-09,0.8110236220472441,103.0,306.6666666666667
2024-08-09,306.6666666666667,103,0.8110236220472441,0.8110236220472441,0.6377952755905512,0.8503937007874016,0.8188976377952756,0.7664041994750653,0.6524184476940382,0.6808398950131234,2024-08-10,0.6062992125984252,77.0,230.66666666666663
2024-08-10,230.66666666666663,77,0.6062992125984252,0.6062992125984252,0.8110236220472441,0.6377952755905512,0.7716535433070866,0.6850393700787398,0.6220472440944882,0.6721784776902886,2024-08-11,0.6299212598425197,80.0,237.83333333333331
2024-08-11,237.83333333333331,80,0.6299212598425197,0.6299212598425197,0.6062992125984252,0.8110236220472441,0.5118110236220472,0.6824146981627294,0.6017997750281214,0.673490813648294,2024-08-12,0.8110236220472441,103.0,305.5416666666667
2024-08-12,305.5416666666667,103,0.8110236220472441,0.8110236220472441,0.6299212598425197,0.6062992125984252,0.16535433070866143,0.6824146981627294,0.6445444319460067,0.6713910761154855,2024-08-13,0.6535433070866141,83.0,248.66666666666663
2024-08-13,248.66666666666663,83,0.6535433070866141,0.6535433070866141,0.8110236220472441,0.6299212598425197,0.8503937007874016,0.6981627296587923,0.7142857142857143,0.674015748031496,2024-08-14,0.7795275590551181,99.0,294.0416666666667
2024-08-14,294.0416666666667,99,0.7795275590551181,0.7795275590551181,0.6535433070866141,0.8110236220472441,0.6377952755905512,0.7480314960629917,0.7041619797525309,0.6753280839895013,2024-08-15,0.5590551181102362,71.0,210.83333333333331
2024-08-15,210.83333333333331,71,0.5590551181102362,0.5590551181102362,0.7795275590551181,0.6535433070866141,0.8110236220472441,0.6640419947506558,0.6929133858267716,0.6679790026246718,2024-08-16,0.3228346456692913,41.0,124.33333333333331
2024-08-16,124.33333333333331,41,0.3228346456692913,0.3228346456692913,0.5590551181102362,0.7795275590551181,0.6062992125984252,0.5538057742782149,0.6231721034870642,0.6564304461942256,2024-08-17,0.4015748031496063,51.0,154.33333333333334
2024-08-17,154.33333333333334,51,0.4015748031496063,0.4015748031496063,0.3228346456692913,0.5590551181102362,0.6299212598425197,0.4278215223097109,0.59392575928009,0.6459317585301837,2024-08-18,0.3779527559055118,48.0,145.45833333333334
2024-08-18,145.45833333333334,48,0.3779527559055118,0.3779527559055118,0.4015748031496063,0.3228346456692913,0.8110236220472441,0.3674540682414695,0.5579302587176602,0.6283464566929134,2024-08-19,0.6377952755905512,81.0,241.875
2024-08-19,241.875,81,0.6377952755905512,0.6377952755905512,0.3779527559055118,0.4015748031496063,0.6535433070866141,0.47244094488188937,0.5331833520809899,0.6233595800524934,2024-08-20,0.6377952755905512,81.0,242.5
2024-08-20,242.5,81,0.6377952755905512,0.6377952755905512,0.6377952755905512,0.3779527559055118,0.7795275590551181,0.5511811023622043,0.530933633295838,0.620997375328084,2024-08-21,0.6929133858267716,88.0,261.3333333333333
2024-08-21,261.3333333333333,88,0.6929133858267716,0.6929133858267716,0.6377952755905512,0.6377952755905512,0.5590551181102362,0.6561679790026244,0.5185601799775028,0.6304461942257219,2024-08-22,0.7795275590551181,99.0,295.9583333333333
2024-08-22,295.9583333333333,99,0.7795275590551181,0.7795275590551181,0.6929133858267716,0.6377952755905512,0.3228346456692913,0.7034120734908132,0.5500562429696287,0.6320209973753281,2024-08-23,0.6771653543307087,86.0,255.20833333333331
2024-08-23,255.20833333333331,86,0.6771653543307087,0.6771653543307087,0.7795275590551181,0.6929133858267716,0.4015748031496063,0.7165354330708658,0.6006749156355455,0.6372703412073492,2024-08-24,0.7086614173228346,90.0,269.375
2024-08-24,269.375,90,0.7086614173228346,0.7086614173228346,0.6771653543307087,0.7795275590551181,0.3779527559055118,0.7217847769028868,0.6445444319460067,0.6388451443569553,2024-08-25,0.5826771653543307,74.0,221.5
2024-08-25,221.5,74,0.5826771653543307,0.5826771653543307,0.7086614173228346,0.6771653543307087,0.6377952755905512,0.6561679790026242,0.6737907761529808,0.6280839895013124,2024-08-26,0.6929133858267716,88.0,263.5833333333333
2024-08-26,263.5833333333333,88,0.6929133858267716,0.6929133858267716,0.5826771653543307,0.7086614173228346,0.6377952755905512,0.6614173228346453,0.6816647919010123,0.6215223097112861,2024-08-27,0.5354330708661418,68.0,204.625
2024-08-27,204.625,68,0.5354330708661418,0.5354330708661418,0.6929133858267716,0.5826771653543307,0.6929133858267716,0.6036745406824143,0.6670416197975254,0.6102362204724409,2024-08-28,0.31496062992125984,40.0,122.45833333333331
2024-08-28,122.45833333333331,40,0.31496062992125984,0.31496062992125984,0.5354330708661418,0.6929133858267716,0.7795275590551181,0.5144356955380575,0.6130483689538808,0.6057742782152231,2024-08-29,0.36220472440944884,46.0,139.45833333333334
2024-08-29,139.45833333333334,46,0.36220472440944884,0.36220472440944884,0.31496062992125984,0.5354330708661418,0.6771653543307087,0.40419947506561654,0.5534308211473566,0.6031496062992125,2024-08-30,0.6377952755905512,81.0,240.625
2024-08-30,240.625,81,0.6377952755905512,0.6377952755905512,0.36220472440944884,0.31496062992125984,0.7086614173228346,0.43832020997375293,0.547806524184477,0.6013123359580052,2024-08-31,0.6299212598425197,80.0,238.41666666666663
2024-08-31,238.41666666666663,80,0.6299212598425197,0.6299212598425197,0.6377952755905512,0.36220472440944884,0.5826771653543307,0.5433070866141728,0.5365579302587177,0.5992125984251969,2024-09-01,0.6771653543307087,86.0,255.5
2024-09-01,255.5,86,0.6771653543307087,0.6771653543307087,0.6299212598425197,0.6377952755905512,0.6929133858267716,0.6482939632545929,0.5500562429696289,0.6091863517060367,2024-09-02,0.7480314960629921,95.0,282.0416666666667
2024-09-02,282.0416666666667,95,0.7480314960629921,0.7480314960629921,0.6771653543307087,0.6299212598425197,0.5354330708661418,0.6850393700787398,0.5579302587176603,0.6068241469816272,2024-09-03,0.7322834645669292,93.0,278.1666666666667
2024-09-03,278.1666666666667,93,0.7322834645669292,0.7322834645669292,0.7480314960629921,0.6771653543307087,0.31496062992125984,0.7191601049868762,0.5860517435320585,0.6055118110236221,2024-09-04,0.7086614173228346,90.0,267.6666666666667
2024-09-04,267.6666666666667,90,0.7086614173228346,0.7086614173228346,0.7322834645669292,0.7480314960629921,0.36220472440944884,0.7296587926509183,0.6422947131608548,0.6120734908136483,2024-09-05,0.6377952755905512,81.0,242.66666666666663
2024-09-05,242.66666666666663,81,0.6377952755905512,0.6377952755905512,0.7086614173228346,0.7322834645669292,0.6377952755905512,0.6929133858267713,0.6816647919010123,0.6278215223097113,2024-09-06,0.3543307086614173,45.0,136.16666666666666
2024-09-06,136.16666666666666,45,0.3543307086614173,0.3543307086614173,0.6377952755905512,0.7086614173228346,0.6299212598425197,0.5669291338582673,0.641169853768279,0.6112860892388452,2024-09-07,0.3779527559055118,48.0,143.70833333333334
2024-09-07,143.70833333333334,48,0.3779527559055118,0.3779527559055118,0.3543307086614173,0.6377952755905512,0.6771653543307087,0.4566929133858264,0.6051743532058492,0.6026246719160105,2024-09-08,0.6929133858267716,88.0,261.1666666666667
2024-09-08,261.1666666666667,88,0.6929133858267716,0.6929133858267716,0.3779527559055118,0.3543307086614173,0.7480314960629921,0.47506561679789994,0.6074240719910012,0.5986876640419947,2024-09-09,0.6456692913385826,82.0,244.25
2024-09-09,244.25,82,0.6456692913385826,0.6456692913385826,0.6929133858267716,0.3779527559055118,0.7322834645669292,0.5721784776902884,0.592800899887514,0.6,2024-09-10,0.6692913385826772,85.0,252.66666666666663
2024-09-10,252.66666666666663,85,0.6692913385826772,0.6692913385826772,0.6456692913385826,0.6929133858267716,0.7086614173228346,0.6692913385826769,0.5838020247469066,0.6013123359580052,2024-09-11,0.6377952755905512,81.0,241.16666666666663
2024-09-11,241.16666666666663,81,0.6377952755905512,0.6377952755905512,0.6692913385826772,0.6456692913385826,0.6377952755905512,0.6509186351706034,0.5736782902137233,0.5955380577427821,2024-09-12,0.6299212598425197,80.0,239.41666666666663
2024-09-12,239.41666666666663,80,0.6299212598425197,0.6299212598425197,0.6377952755905512,0.6692913385826772,0.3543307086614173,0.6456692913385824,0.5725534308211474,0.5947506561679791,2024-09-13,0.6299212598425197,80.0,239.79166666666663
2024-09-13,239.79166666666663,80,0.6299212598425197,0.6299212598425197,0.6299212598425197,0.6377952755905512,0.3779527559055118,0.6325459317585298,0.6119235095613049,0.5897637795275591,2024-09-14,0.6141732283464567,78.0,231.83333333333331
2024-09-14,231.83333333333331,78,0.6141732283464567,0.6141732283464567,0.6299212598425197,0.6299212598425197,0.6929133858267716,0.6246719160104984,0.6456692913385826,0.5916010498687664,2024-09-15,0.6535433070866141,83.0,246.41666666666663
2024-09-15,246.41666666666663,83,0.6535433070866141,0.6535433070866141,0.6141732283464567,0.6299212598425197,0.6456692913385826,0.6325459317585298,0.6400449943757031,0.6026246719160105,2024-09-16,0.6377952755905512,81.0,242.45833333333331
2024-09-16,242.45833333333331,81,0.6377952755905512,0.6377952755905512,0.6535433070866141,0.6141732283464567,0.6692913385826772,0.6351706036745405,0.6389201349831272,0.6104986876640421,2024-09-17,0.6299212598425197,80.0,240.125
2024-09-17,240.125,80,0.6299212598425197,0.6299212598425197,0.6377952755905512,0.6535433070866141,0.6377952755905512,0.6404199475065613,0.6332958380202475,0.6188976377952755,2024-09-18,0.6062992125984252,77.0,231.20833333333331
2024-09-18,231.20833333333331,77,0.6062992125984252,0.6062992125984252,0.6299212598425197,0.6377952755905512,0.6299212598425197,0.6246719160104984,0.6287964004499438,0.6178477690288715,2024-09-19,0.5984251968503937,76.0,227.125
2024-09-19,227.125,76,0.5984251968503937,0.5984251968503937,0.6062992125984252,0.6299212598425197,0.6299212598425197,0.6115485564304458,0.6242969628796401,0.6165354330708662,2024-09-20,0.4015748031496063,51.0,153.625
2024-09-20,153.625,51,0.4015748031496063,0.4015748031496063,0.5984251968503937,0.6062992125984252,0.6141732283464567,0.5354330708661416,0.591676040494938,0.6068241469816272,2024-09-21,0.6141732283464567,78.0,231.45833333333331
2024-09-21,231.45833333333331,78,0.6141732283464567,0.6141732283464567,0.4015748031496063,0.5984251968503937,0.6535433070866141,0.538057742782152,0.591676040494938,0.6013123359580052,2024-09-22,0.2125984251968504,27.0,83.91666666666667
2024-09-22,83.91666666666667,27,0.2125984251968504,0.2125984251968504,0.6141732283464567,0.4015748031496063,0.6377952755905512,0.4094488188976375,0.5286839145106862,0.5858267716535434,2024-09-23,0.2677165354330709,34.0,102.125
2024-09-23,102.125,34,0.2677165354330709,0.2677165354330709,0.2125984251968504,0.6141732283464567,0.6299212598425197,0.36482939632545913,0.4758155230596176,0.5711286089238846,2024-09-24,0.10236220472440945,13.0,40.833333333333336
2024-09-24,40.833333333333336,13,0.10236220472440945,0.10236220472440945,0.2677165354330709,0.2125984251968504,0.6062992125984252,0.19422572178477668,0.4004499437570304,0.5551181102362205,2024-09-25,0.3779527559055118,48.0,143.45833333333334
2024-09-25,143.45833333333334,48,0.3779527559055118,0.3779527559055118,0.10236220472440945,0.2677165354330709,0.5984251968503937,0.2493438320209971,0.3678290213723284,0.5446194225721785,2024-09-26,0.25984251968503935,33.0,101.875
2024-09-26,101.875,33,0.25984251968503935,0.25984251968503935,0.3779527559055118,0.10236220472440945,0.4015748031496063,0.2467191601049866,0.3194600674915636,0.5354330708661418,2024-09-27,0.30708661417322836,39.0,119.16666666666669
2024-09-27,119.16666666666669,39,0.30708661417322836,0.30708661417322836,0.25984251968503935,0.3779527559055118,0.6141732283464567,0.31496062992125956,0.30596175478065246,0.5351706036745406,2024-09-28,0.11023622047244094,14.0,44.16666666666666
2024-09-28,44.16666666666666,14,0.11023622047244094,0.11023622047244094,0.30708661417322836,0.25984251968503935,0.2125984251968504,0.2257217847769026,0.23397075365579303,0.5267716535433071,2024-09-29,0.11023622047244094,14.0,43.41666666666666
2024-09-29,43.41666666666666,14,0.11023622047244094,0.11023622047244094,0.11023622047244094,0.30708661417322836,0.2677165354330709,0.17585301837270317,0.21934758155230596,0.5091863517060368,2024-09-30,0.1889763779527559,24.0,72.70833333333333
2024-09-30,72.70833333333333,24,0.1889763779527559,0.1889763779527559,0.11023622047244094,0.11023622047244094,0.10236220472440945,0.13648293963254568,0.2080989876265467,0.494488188976378,2024-10-01,0.2677165354330709,34.0,102.5
2024-10-01,102.5,34,0.2677165354330709,0.2677165354330709,0.1889763779527559,0.11023622047244094,0.3779527559055118,0.18897637795275565,0.23172103487064116,0.48083989501312335,2024-10-02,0.5433070866141733,69.0,206.91666666666663
2024-10-02,206.91666666666663,69,0.5433070866141733,0.5433070866141733,0.2677165354330709,0.1889763779527559,0.25984251968503935,0.3333333333333331,0.25534308211473566,0.47401574803149604,2024-10-03,0.5196850393700787,66.0,197.41666666666663
2024-10-03,197.41666666666663,66,0.5196850393700787,0.5196850393700787,0.5433070866141733,0.2677165354330709,0.30708661417322836,0.44356955380577406,0.2924634420697413,0.46692913385826773,2024-10-04,0.33858267716535434,43.0,129.25
2024-10-04,129.25,43,0.33858267716535434,0.33858267716535434,0.5196850393700787,0.5433070866141733,0.11023622047244094,0.4671916010498685,0.296962879640045,0.4545931758530184,2024-10-05,0.5433070866141733,69.0,207.625
2024-10-05,207.625,69,0.5433070866141733,0.5433070866141733,0.33858267716535434,0.5196850393700787,0.11023622047244094,0.4671916010498685,0.35883014623172105,0.45144356955380577,2024-10-06,0.4409448818897638,56.0,168.70833333333334
2024-10-06,168.70833333333334,56,0.4409448818897638,0.4409448818897638,0.5433070866141733,0.33858267716535434,0.1889763779527559,0.4409448818897636,0.40607424071991005,0.45433070866141734,2024-10-07,0.5118110236220472,65.0,195.70833333333331
2024-10-07,195.70833333333331,65,0.5118110236220472,0.5118110236220472,0.4409448818897638,0.5433070866141733,0.2677165354330709,0.49868766404199444,0.4521934758155231,0.4587926509186352,2024-10-08,0.47244094488188976,60.0,178.66666666666666
2024-10-08,178.66666666666666,60,0.47244094488188976,0.47244094488188976,0.5118110236220472,0.4409448818897638,0.5433070866141733,0.4750656167979,0.48143982002249724,0.4514435695538058,2024-10-09,0.5275590551181102,67.0,199.625
2024-10-09,199.625,67,0.5275590551181102,0.5275590551181102,0.47244094488188976,0.5118110236220472,0.5196850393700787,0.5039370078740154,0.47919010123734535,0.44750656167979,2024-10-10,0.5196850393700787,66.0,196.91666666666663
2024-10-10,196.91666666666663,66,0.5196850393700787,0.5196850393700787,0.5275590551181102,0.47244094488188976,0.33858267716535434,0.506561679790026,0.47919010123734535,0.4425196850393701,2024-10-11,0.4330708661417323,55.0,163.83333333333334
2024-10-11,163.83333333333334,55,0.4330708661417323,0.4330708661417323,0.5196850393700787,0.5275590551181102,0.5433070866141733,0.49343832020997347,0.4926884139482564,0.4356955380577428,2024-10-12,0.4566929133858268,58.0,174.125
2024-10-12,174.125,58,0.4566929133858268,0.4566929133858268,0.4330708661417323,0.5196850393700787,0.4409448818897638,0.469816272965879,0.48031496062992124,0.42992125984251967,2024-10-13,0.05511811023622047,7.0,23.58333333333333
2024-10-13,23.58333333333333,7,0.05511811023622047,0.05511811023622047,0.4566929133858268,0.4330708661417323,0.5118110236220472,0.31496062992125956,0.42519685039370075,0.4107611548556431,2024-10-14,0.3228346456692913,41.0,124.08333333333331
2024-10-14,124.08333333333331,41,0.3228346456692913,0.3228346456692913,0.05511811023622047,0.4566929133858268,0.47244094488188976,0.2782152230971126,0.3982002249718785,0.4010498687664042,2024-10-15,0.31496062992125984,40.0,121.91666666666669
2024-10-15,121.91666666666669,40,0.31496062992125984,0.31496062992125984,0.3228346456692913,0.05511811023622047,0.5275590551181102,0.23097112860892363,0.3757030371203599,0.38976377952755903,2024-10-16,0.48031496062992124,61.0,181.83333333333331
2024-10-16,181.83333333333331,61,0.48031496062992124,0.48031496062992124,0.31496062992125984,0.3228346456692913,0.5196850393700787,0.3727034120734905,0.3689538807649044,0.38451443569553806,2024-10-17,0.47244094488188976,60.0,179.29166666666666
2024-10-17,179.29166666666666,60,0.47244094488188976,0.47244094488188976,0.48031496062992124,0.31496062992125984,0.4330708661417323,0.42257217847768996,0.3622047244094488,0.37926509186351703,2024-10-18,0.4645669291338583,59.0,175.875
2024-10-18,175.875,59,0.4645669291338583,0.4645669291338583,0.47244094488188976,0.48031496062992124,0.4566929133858268,0.47244094488188954,0.36670416197975253,0.37454068241469823,2024-10-19,0.4566929133858268,58.0,174.45833333333334
2024-10-19,174.45833333333334,58,0.4566929133858268,0.4566929133858268,0.4645669291338583,0.47244094488188976,0.05511811023622047,0.46456692913385805,0.36670416197975253,0.36981627296587927,2024-10-20,0.4330708661417323,55.0,165.375
2024-10-20,165.375,55,0.4330708661417323,0.4330708661417323,0.4566929133858268,0.4645669291338583,0.3228346456692913,0.45144356955380555,0.42069741282339707,0.3708661417322835,2024-10-21,0.4330708661417323,55.0,166.375
2024-10-21,166.375,55,0.4330708661417323,0.4330708661417323,0.4330708661417323,0.4566929133858268,0.31496062992125984,0.4409448818897635,0.43644544431946003,0.3648293963254593,2024-10-22,0.33858267716535434,43.0,129.04166666666666
2024-10-22,129.04166666666666,43,0.33858267716535434,0.33858267716535434,0.4330708661417323,0.4330708661417323,0.48031496062992124,0.40157480314960603,0.4398200224971878,0.3690288713910761,2024-10-23,0.2125984251968504,27.0,81.75
2024-10-23,81.75,27,0.2125984251968504,0.2125984251968504,0.33858267716535434,0.4330708661417323,0.47244094488188976,0.32808398950131207,0.4015748031496063,0.36719160104986875,2024-10-24,0.4409448818897638,56.0,166.75
2024-10-24,166.75,56,0.4409448818897638,0.4409448818897638,0.2125984251968504,0.33858267716535434,0.4645669291338583,0.3307086614173226,0.39707536557930256,0.37847769028871386,2024-10-25,0.14960629921259844,19.0,59.208333333333336
2024-10-25,59.208333333333336,19,0.14960629921259844,0.14960629921259844,0.4409448818897638,0.2125984251968504,0.4566929133858268,0.2677165354330706,0.35208098987626546,0.37086614173228344,2024-10-26,0.4094488188976378,52.0,156.08333333333334
2024-10-26,156.08333333333334,52,0.4094488188976378,0.4094488188976378,0.14960629921259844,0.4409448818897638,0.4330708661417323,0.3333333333333331,0.3453318335208099,0.37585301837270346,2024-10-27,0.3464566929133858,44.0,133.04166666666666
2024-10-27,133.04166666666666,44,0.3464566929133858,0.3464566929133858,0.4094488188976378,0.14960629921259844,0.4330708661417323,0.3018372703412071,0.33295838020247476,0.37716535433070864,2024-10-28,0.3543307086614173,45.0,134.41666666666666
2024-10-28,134.41666666666666,45,0.3543307086614173,0.3543307086614173,0.3464566929133858,0.4094488188976378,0.33858267716535434,0.3700787401574801,0.3217097862767154,0.3853018372703412,2024-10-29,0.28346456692913385,36.0,108.83333333333331
2024-10-29,108.83333333333331,36,0.28346456692913385,0.28346456692913385,0.3543307086614173,0.3464566929133858,0.2125984251968504,0.32808398950131207,0.31383577052868394,0.3910761154855643,2024-10-30,0.2755905511811024,35.0,106.125
2024-10-30,106.125,35,0.2755905511811024,0.2755905511811024,0.28346456692913385,0.3543307086614173,0.4409448818897638,0.30446194225721757,0.3228346456692913,0.3939632545931759,2024-10-31,0.09448818897637795,12.0,39.208333333333336
2024-10-31,39.208333333333336,12,0.09448818897637795,0.09448818897637795,0.2755905511811024,0.28346456692913385,0.14960629921259844,0.21784776902887115,0.2733408323959505,0.3881889763779528,2024-11-01,0.2125984251968504,27.0,81.58333333333333
2024-11-01,81.58333333333333,27,0.2125984251968504,0.2125984251968504,0.09448818897637795,0.2755905511811024,0.4094488188976378,0.19422572178477662,0.28233970753655796,0.37716535433070864,2024-11-02,0.3700787401574803,47.0,142.125
2024-11-02,142.125,47,0.3700787401574803,0.3700787401574803,0.2125984251968504,0.09448818897637795,0.3464566929133858,0.22572178477690263,0.2767154105736783,0.3721784776902887,2024-11-03,0.33070866141732286,42.0,126.83333333333331
2024-11-03,126.83333333333331,42,0.33070866141732286,0.33070866141732286,0.3700787401574803,0.2125984251968504,0.3543307086614173,0.3044619422572176,0.2744656917885265,0.37191601049868767,2024-11-04,0.10236220472440945,13.0,41.41666666666666
2024-11-04,41.41666666666666,13,0.10236220472440945,0.10236220472440945,0.33070866141732286,0.3700787401574803,0.28346456692913385,0.2677165354330706,0.23847019122609672,0.3572178477690289,2024-11-05,0.13385826771653545,17.0,53.79166666666666
2024-11-05,53.79166666666666,17,0.13385826771653545,0.13385826771653545,0.10236220472440945,0.33070866141732286,0.2755905511811024,0.18897637795275565,0.2170978627671541,0.3469816272965879,2024-11-06,0.30708661417322836,39.0,117.25
2024-11-06,117.25,39,0.30708661417322836,0.30708661417322836,0.13385826771653545,0.10236220472440945,0.09448818897637795,0.18110236220472417,0.22159730033745784,0.3401574803149606,2024-11-07,0.3543307086614173,45.0,135.04166666666666
2024-11-07,135.04166666666666,45,0.3543307086614173,0.3543307086614173,0.30708661417322836,0.13385826771653545,0.2125984251968504,0.2650918635170601,0.25871766029246346,0.3362204724409449,2024-11-08,0.3464566929133858,44.0,133.08333333333334
2024-11-08,133.08333333333334,44,0.3464566929133858,0.3464566929133858,0.3543307086614173,0.30708661417322836,0.3700787401574803,0.3359580052493436,0.2778402699662542,0.33018372703412074,2024-11-09,0.2440944881889764,31.0,94.58333333333331
2024-11-09,94.58333333333331,31,0.2440944881889764,0.2440944881889764,0.3464566929133858,0.3543307086614173,0.33070866141732286,0.31496062992125956,0.25984251968503935,0.320997375328084,2024-11-10,0.08661417322834646,11.0,35.333333333333336
2024-11-10,35.333333333333336,11,0.08661417322834646,0.08661417322834646,0.2440944881889764,0.3464566929133858,0.10236220472440945,0.22572178477690263,0.2249718785151856,0.30944881889763776,2024-11-11,0.08661417322834646,11.0,35.833333333333336
2024-11-11,35.833333333333336,11,0.08661417322834646,0.08661417322834646,0.08661417322834646,0.2440944881889764,0.13385826771653545,0.1391076115485562,0.22272215973003376,0.2971128608923884,2024-11-12,0.30708661417322836,39.0,117.45833333333331
2024-11-12,117.45833333333331,39,0.30708661417322836,0.30708661417322836,0.08661417322834646,0.08661417322834646,0.30708661417322836,0.16010498687664018,0.24746906636670415,0.305511811023622,2024-11-13,0.25196850393700787,32.0,97.0
2024-11-13,97.0,32,0.25196850393700787,0.25196850393700787,0.30708661417322836,0.08661417322834646,0.3543307086614173,0.21522309711286067,0.23959505061867267,0.3031496062992126,2024-11-14,0.015748031496062992,2.0,9.041666666666666
2024-11-14,9.041666666666666,2,0.015748031496062992,0.015748031496062992,0.25196850393700787,0.30708661417322836,0.3464566929133858,0.19160104986876617,0.19122609673790777,0.29317585301837273,2024-11-15,0.05511811023622047,7.0,24.5
2024-11-15,24.5,7,0.05511811023622047,0.05511811023622047,0.015748031496062992,0.25196850393700787,0.2440944881889764,0.1076115485564302,0.14960629921259844,0.279002624671916,2024-11-16,0.07874015748031496,10.0,33.291666666666664
2024-11-16,33.291666666666664,10,0.07874015748031496,0.07874015748031496,0.05511811023622047,0.015748031496062992,0.08661417322834646,0.04986876640419924,0.12598425196850394,0.2658792650918635,2024-11-17,0.14960629921259844,19.0,59.708333333333336
2024-11-17,59.708333333333336,19,0.14960629921259844,0.14960629921259844,0.07874015748031496,0.05511811023622047,0.08661417322834646,0.09448818897637772,0.13498312710911137,0.25538057742782155,2024-11-18,0.2283464566929134,29.0,88.375
2024-11-18,88.375,29,0.2283464566929134,0.2283464566929134,0.14960629921259844,0.07874015748031496,0.30708661417322836,0.1522309711286087,0.15523059617547807,0.24776902887139107,2024-11-19,0.03937007874015748,5.0,18.541666666666668
2024-11-19,18.541666666666668,5,0.03937007874015748,0.03937007874015748,0.2283464566929134,0.14960629921259844,0.25196850393700787,0.1391076115485562,0.11698537682789652,0.2346456692913386,2024-11-20,0.047244094488188976,6.0,20.541666666666668
2024-11-20,20.541666666666668,6,0.047244094488188976,0.047244094488188976,0.03937007874015748,0.2283464566929134,0.015748031496062992,0.10498687664041972,0.08773903262092239,0.22178477690288714,2024-11-21,0.11023622047244094,14.0,43.41666666666666
2024-11-21,43.41666666666666,14,0.11023622047244094,0.11023622047244094,0.047244094488188976,0.03937007874015748,0.05511811023622047,0.06561679790026224,0.10123734533183353,0.2141732283464567,2024-11-22,0.07874015748031496,10.0,32.291666666666664
2024-11-22,32.291666666666664,10,0.07874015748031496,0.07874015748031496,0.11023622047244094,0.047244094488188976,0.07874015748031496,0.07874015748031472,0.1046119235095613,0.20971128608923886,2024-11-23,0.08661417322834646,11.0,37.16666666666666
2024-11-23,37.16666666666666,11,0.08661417322834646,0.08661417322834646,0.07874015748031496,0.11023622047244094,0.14960629921259844,0.09186351706036722,0.10573678290213724,0.1979002624671916,2024-11-24,0.07874015748031496,10.0,33.333333333333336
2024-11-24,33.333333333333336,10,0.07874015748031496,0.07874015748031496,0.08661417322834646,0.07874015748031496,0.2283464566929134,0.08136482939632524,0.09561304836895389,0.19553805774278216,2024-11-25,0.03937007874015748,5.0,18.83333333333333
2024-11-25,18.83333333333333,5,0.03937007874015748,0.03937007874015748,0.07874015748031496,0.08661417322834646,0.03937007874015748,0.06824146981627273,0.0686164229471316,0.18320209973753282,2024-11-26,0.2755905511811024,35.0,105.83333333333331
2024-11-26,105.83333333333331,35,0.2755905511811024,0.2755905511811024,0.03937007874015748,0.07874015748031496,0.047244094488188976,0.1312335958005247,0.10236220472440946,0.18083989501312336,2024-11-27,0.15748031496062992,20.0,62.66666666666666
2024-11-27,62.66666666666666,20,0.15748031496062992,0.15748031496062992,0.2755905511811024,0.03937007874015748,0.11023622047244094,0.1574803149606297,0.11811023622047244,0.17427821522309714,2024-11-28,0.14173228346456693,18.0,56.833333333333336
2024-11-28,56.833333333333336,18,0.14173228346456693,0.14173228346456693,0.15748031496062992,0.2755905511811024,0.07874015748031496,0.19160104986876617,0.12260967379077616,0.1695538057742782,2024-11-29,0.07874015748031496,10.0,33.125
2024-11-29,33.125,10,0.07874015748031496,0.07874015748031496,0.14173228346456693,0.15748031496062992,0.08661417322834646,0.12598425196850369,0.12260967379077616,0.16299212598425197,2024-11-30,0.09448818897637795,12.0,39.5
2024-11-30,39.5,12,0.09448818897637795,0.09448818897637795,0.07874015748031496,0.14173228346456693,0.07874015748031496,0.10498687664041971,0.12373453318335208,0.16299212598425197,2024-12-01,0.13385826771653545,17.0,54.54166666666666
2024-12-01,54.54166666666666,17,0.13385826771653545,0.13385826771653545,0.09448818897637795,0.07874015748031496,0.03937007874015748,0.10236220472440921,0.13160854893138357,0.1603674540682415,2024-12-02,0.1889763779527559,24.0,74.08333333333333
2024-12-02,74.08333333333333,24,0.1889763779527559,0.1889763779527559,0.13385826771653545,0.09448818897637795,0.2755905511811024,0.1391076115485562,0.15298087739032623,0.15433070866141732,2024-12-03,0.2047244094488189,26.0,81.20833333333333
2024-12-03,81.20833333333333,26,0.2047244094488189,0.2047244094488189,0.1889763779527559,0.13385826771653545,0.15748031496062992,0.17585301837270317,0.14285714285714285,0.15013123359580052,2024-12-04,0.047244094488188976,6.0,22.0
2024-12-04,22.0,6,0.047244094488188976,0.047244094488188976,0.2047244094488189,0.1889763779527559,0.14173228346456693,0.1469816272965877,0.12710911136107986,0.14829396325459318,2024-12-05,0.15748031496062992,20.0,62.29166666666666
2024-12-05,62.29166666666666,20,0.15748031496062992,0.15748031496062992,0.047244094488188976,0.2047244094488189,0.07874015748031496,0.13648293963254568,0.12935883014623173,0.14908136482939632,2024-12-06,0.1732283464566929,22.0,67.75
2024-12-06,67.75,22,0.1732283464566929,0.1732283464566929,0.15748031496062992,0.047244094488188976,0.09448818897637795,0.12598425196850369,0.14285714285714285,0.14461942257217847,2024-12-07,0.13385826771653545,17.0,52.375
2024-12-07,52.375,17,0.13385826771653545,0.13385826771653545,0.1732283464566929,0.15748031496062992,0.13385826771653545,0.15485564304461918,0.1484814398200225,0.13727034120734907,2024-12-08,0.15748031496062992,20.0,62.958333333333336
2024-12-08,62.958333333333336,20,0.15748031496062992,0.15748031496062992,0.13385826771653545,0.1732283464566929,0.1889763779527559,0.15485564304461918,0.1518560179977503,0.13097112860892388,2024-12-09,0.031496062992125984,4.0,16.25
2024-12-09,16.25,4,0.031496062992125984,0.031496062992125984,0.15748031496062992,0.13385826771653545,0.2047244094488189,0.10761154855643022,0.12935883014623173,0.12388451443569554,2024-12-10,0.10236220472440945,13.0,40.583333333333336
2024-12-10,40.583333333333336,13,0.10236220472440945,0.10236220472440945,0.031496062992125984,0.15748031496062992,0.047244094488188976,0.0971128608923882,0.11473565804274466,0.12440944881889764,2024-12-11,0.05511811023622047,7.0,22.916666666666668
2024-12-11,22.916666666666668,7,0.05511811023622047,0.05511811023622047,0.10236220472440945,0.031496062992125984,0.15748031496062992,0.06299212598425173,0.11586051743532058,0.12335958005249344,2024-12-12,0.2283464566929134,29.0,89.41666666666667
2024-12-12,89.41666666666667,29,0.2283464566929134,0.2283464566929134,0.05511811023622047,0.10236220472440945,0.1732283464566929,0.1286089238845142,0.12598425196850394,0.12073490813648295,2024-12-13,0.25196850393700787,32.0,96.625
2024-12-13,96.625,32,0.25196850393700787,0.25196850393700787,0.2283464566929134,0.05511811023622047,0.13385826771653545,0.17847769028871366,0.13723284589426324,0.12073490813648295,2024-12-14,0.2125984251968504,27.0,83.58333333333333
2024-12-14,83.58333333333333,27,0.2125984251968504,0.2125984251968504,0.25196850393700787,0.2283464566929134,0.15748031496062992,0.23097112860892366,0.1484814398200225,0.1272965879265092,2024-12-15,0.03937007874015748,5.0,16.791666666666668
2024-12-15,16.791666666666668,5,0.03937007874015748,0.03937007874015748,0.2125984251968504,0.25196850393700787,0.031496062992125984,0.1679790026246717,0.13160854893138357,0.12677165354330708,2024-12-16,0.023622047244094488,3.0,10.791666666666666
2024-12-16,10.791666666666666,3,0.023622047244094488,0.023622047244094488,0.03937007874015748,0.2125984251968504,0.10236220472440945,0.09186351706036722,0.13048368953880765,0.12493438320209974,2024-12-17,0.05511811023622047,7.0,23.75
2024-12-17,23.75,7,0.05511811023622047,0.05511811023622047,0.023622047244094488,0.03937007874015748,0.05511811023622047,0.03937007874015724,0.12373453318335208,0.12178477690288712,2024-12-18,0.023622047244094488,3.0,12.708333333333334
2024-12-18,12.708333333333334,3,0.023622047244094488,0.023622047244094488,0.05511811023622047,0.023622047244094488,0.2283464566929134,0.03412073490813624,0.11923509561304838,0.11496062992125984,2024-12-19,0.047244094488188976,6.0,20.666666666666668
2024-12-19,20.666666666666668,6,0.047244094488188976,0.047244094488188976,0.023622047244094488,0.05511811023622047,0.25196850393700787,0.041994750656167736,0.09336332958380202,0.1152230971128609,2024-12-20,0.03937007874015748,5.0,18.5
2024-12-20,18.5,5,0.03937007874015748,0.03937007874015748,0.047244094488188976,0.023622047244094488,0.2125984251968504,0.03674540682414674,0.06299212598425197,0.11496062992125984,2024-12-21,0.1968503937007874,25.0,77.91666666666667
2024-12-21,77.91666666666667,25,0.1968503937007874,0.1968503937007874,0.03937007874015748,0.047244094488188976,0.03937007874015748,0.09448818897637772,0.06074240719910012,0.11784776902887138,2024-12-22,0.23622047244094488,30.0,91.75
2024-12-22,91.75,30,0.23622047244094488,0.23622047244094488,0.1968503937007874,0.03937007874015748,0.023622047244094488,0.15748031496062967,0.08886389201349831,0.12309711286089238,2024-12-23,0.03937007874015748,5.0,19.541666666666668
2024-12-23,19.541666666666668,5,0.03937007874015748,0.03937007874015748,0.23622047244094488,0.1968503937007874,0.05511811023622047,0.1574803149606297,0.09111361079865019,0.1215223097112861,2024-12-24,0.03937007874015748,5.0,19.416666666666668
2024-12-24,19.416666666666668,5,0.03937007874015748,0.03937007874015748,0.03937007874015748,0.23622047244094488,0.023622047244094488,0.10498687664041971,0.08886389201349831,0.12020997375328085,2024-12-25,0.10236220472440945,13.0,42.25
2024-12-25,42.25,13,0.10236220472440945,0.10236220472440945,0.03937007874015748,0.03937007874015748,0.047244094488188976,0.06036745406824123,0.10011248593925759,0.12230971128608924,2024-12-26,0.047244094488188976,6.0,22.33333333333333
2024-12-26,22.33333333333333,6,0.047244094488188976,0.047244094488188976,0.10236220472440945,0.03937007874015748,0.03937007874015748,0.06299212598425173,0.10011248593925759,0.1146981627296588,2024-12-27,0.07086614173228346,9.0,30.75
2024-12-27,30.75,9,0.07086614173228346,0.07086614173228346,0.047244094488188976,0.10236220472440945,0.1968503937007874,0.07349081364829373,0.1046119235095613,0.11181102362204726,2024-12-28,0.18110236220472442,23.0,72.41666666666667
2024-12-28,72.41666666666667,23,0.18110236220472442,0.18110236220472442,0.07086614173228346,0.047244094488188976,0.23622047244094488,0.09973753280839871,0.10236220472440945,0.11312335958005248,2024-12-29,0.015748031496062992,2.0,8.0
2024-12-29,8.0,2,0.015748031496062992,0.015748031496062992,0.18110236220472442,0.07086614173228346,0.03937007874015748,0.08923884514435672,0.07086614173228346,0.11102362204724409,2024-12-30,0.18110236220472442,23.0,72.45833333333333
2024-12-30,72.45833333333333,23,0.18110236220472442,0.18110236220472442,0.015748031496062992,0.18110236220472442,0.03937007874015748,0.1259842519685037,0.09111361079865017,0.11391076115485564,2024-12-31,0.031496062992125984,4.0,16.583333333333332
