data,ghi,ghi_quantizado,ghi_normalizado,ghi_t-1,ghi_t-2,ghi_t-3,ghi_t-7,ghi_media_movel_3d,ghi_media_movel_7d,ghi_media_movel_30d,data_alvo,ghi_alvo,ghi_alvo_quantizado,ghi_alvo_original
2019-01-31,152.08333333333334,52,0.4094488188976378,0.3228346456692913,0.11023622047244094,0.49606299212598426,0.4015748031496063,0.30971128608923887,0.3464566929133858,0.3131233595800525,2019-02-01,0.25196850393700787,32.0,97.45833333333331
2019-02-01,97.45833333333331,32,0.25196850393700787,0.4094488188976378,0.3228346456692913,0.11023622047244094,0.49606299212598426,0.2808398950131234,0.34758155230596177,0.31548556430446195,2019-02-02,0.1732283464566929,22.0,69.20833333333333
2019-02-02,69.20833333333333,22,0.1732283464566929,0.25196850393700787,0.4094488188976378,0.3228346456692913,0.5039370078740157,0.32808398950131235,0.312710911136108,0.31522309711286084,2019-02-03,0.12598425196850394,16.0,53.833333333333336
2019-02-03,53.833333333333336,16,0.12598425196850394,0.1732283464566929,0.25196850393700787,0.4094488188976378,0.09448818897637795,0.2782152230971129,0.265466816647919,0.3167979002624672,2019-02-04,0.4251968503937008,54.0,157.95833333333334
2019-02-04,157.95833333333334,54,0.4251968503937008,0.12598425196850394,0.1732283464566929,0.25196850393700787,0.49606299212598426,0.1837270341207349,0.26996625421822273,0.320997375328084,2019-02-05,0.49606299212598426,63.0,183.91666666666663
2019-02-05,183.91666666666663,63,0.49606299212598426,0.4251968503937008,0.12598425196850394,0.1732283464566929,0.11023622047244094,0.2414698162729659,0.25984251968503935,0.32125984251968503,2019-02-06,0.4330708661417323,55.0,162.5
2019-02-06,162.5,55,0.4330708661417323,0.49606299212598426,0.4251968503937008,0.12598425196850394,0.3228346456692913,0.3490813648293963,0.3149606299212598,0.32362204724409444,2019-02-07,0.49606299212598426,63.0,184.41666666666663
2019-02-07,184.41666666666663,63,0.49606299212598426,0.4330708661417323,0.49606299212598426,0.4251968503937008,0.4094488188976378,0.45144356955380577,0.3307086614173228,0.32598425196850395,2019-02-08,0.3858267716535433,49.0,144.04166666666666
2019-02-08,144.04166666666666,49,0.3858267716535433,0.49606299212598426,0.4330708661417323,0.49606299212598426,0.25196850393700787,0.4750656167979003,0.3430821147356581,0.3304461942257218,2019-02-09,0.44881889763779526,57.0,165.5
2019-02-09,165.5,57,0.44881889763779526,0.3858267716535433,0.49606299212598426,0.4330708661417323,0.1732283464566929,0.43832020997375326,0.3622047244094488,0.3283464566929134,2019-02-10,0.23622047244094488,30.0,91.41666666666669
2019-02-10,91.41666666666669,30,0.23622047244094488,0.44881889763779526,0.3858267716535433,0.49606299212598426,0.12598425196850394,0.44356955380577423,0.4015748031496063,0.3288713910761155,2019-02-11,0.2677165354330709,34.0,102.45833333333331
2019-02-11,102.45833333333331,34,0.2677165354330709,0.23622047244094488,0.44881889763779526,0.3858267716535433,0.4251968503937008,0.35695538057742776,0.4173228346456693,0.3217847769028871,2019-02-12,0.3937007874015748,50.0,147.54166666666666
2019-02-12,147.54166666666666,50,0.3937007874015748,0.2677165354330709,0.23622047244094488,0.44881889763779526,0.49606299212598426,0.31758530183727035,0.3948256467941507,0.32572178477690283,2019-02-13,0.4251968503937008,54.0,159.0
2019-02-13,159.0,54,0.4251968503937008,0.3937007874015748,0.2677165354330709,0.23622047244094488,0.4330708661417323,0.2992125984251968,0.3802024746906637,0.3346456692913386,2019-02-14,0.5039370078740157,64.0,186.04166666666663
2019-02-14,186.04166666666663,64,0.5039370078740157,0.4251968503937008,0.3937007874015748,0.2677165354330709,0.49606299212598426,0.36220472440944884,0.3790776152980877,0.3464566929133858,2019-02-15,0.25196850393700787,32.0,98.79166666666669
2019-02-15,98.79166666666669,32,0.25196850393700787,0.5039370078740157,0.4251968503937008,0.3937007874015748,0.3858267716535433,0.44094488188976383,0.38020247469066365,0.3572178477690289,2019-02-16,0.13385826771653545,17.0,54.66666666666666
2019-02-16,54.66666666666666,17,0.13385826771653545,0.25196850393700787,0.5039370078740157,0.4251968503937008,0.44881889763779526,0.3937007874015748,0.3610798650168729,0.3506561679790026,2019-02-17,0.15748031496062992,20.0,65.16666666666667
2019-02-17,65.16666666666667,20,0.15748031496062992,0.13385826771653545,0.25196850393700787,0.5039370078740157,0.23622047244094488,0.29658792650918636,0.3160854893138358,0.34146981627296585,2019-02-18,0.13385826771653545,17.0,57.083333333333336
2019-02-18,57.083333333333336,17,0.13385826771653545,0.15748031496062992,0.13385826771653545,0.25196850393700787,0.2677165354330709,0.18110236220472442,0.3048368953880765,0.34094488188976374,2019-02-19,0.06299212598425197,8.0,31.20833333333333
2019-02-19,31.20833333333333,8,0.06299212598425197,0.13385826771653545,0.15748031496062992,0.13385826771653545,0.3937007874015748,0.14173228346456693,0.2857142857142857,0.3359580052493439,2019-02-20,0.13385826771653545,17.0,54.958333333333336
2019-02-20,54.958333333333336,17,0.13385826771653545,0.06299212598425197,0.13385826771653545,0.15748031496062992,0.4251968503937008,0.11811023622047245,0.23847019122609675,0.3288713910761155,2019-02-21,0.5354330708661418,68.0,196.875
2019-02-21,196.875,68,0.5354330708661418,0.13385826771653545,0.06299212598425197,0.13385826771653545,0.5039370078740157,0.11023622047244096,0.1968503937007874,0.3173228346456693,2019-02-22,0.5905511811023622,75.0,217.70833333333331
2019-02-22,217.70833333333331,75,0.5905511811023622,0.5354330708661418,0.13385826771653545,0.06299212598425197,0.25196850393700787,0.2440944881889764,0.20134983127109113,0.3196850393700787,2019-02-23,0.14960629921259844,19.0,61.833333333333336
2019-02-23,61.833333333333336,19,0.14960629921259844,0.5905511811023622,0.5354330708661418,0.13385826771653545,0.13385826771653545,0.4199475065616798,0.24971878515185603,0.3299212598425197,2019-02-24,0.25196850393700787,32.0,98.125
2019-02-24,98.125,32,0.25196850393700787,0.14960629921259844,0.5905511811023622,0.5354330708661418,0.15748031496062992,0.42519685039370075,0.25196850393700787,0.3215223097112861,2019-02-25,0.6614173228346457,84.0,241.625
2019-02-25,241.625,84,0.6614173228346457,0.25196850393700787,0.14960629921259844,0.5905511811023622,0.13385826771653545,0.33070866141732286,0.265466816647919,0.3133858267716535,2019-02-26,0.33858267716535434,43.0,129.29166666666666
2019-02-26,129.29166666666666,43,0.33858267716535434,0.6614173228346457,0.25196850393700787,0.14960629921259844,0.06299212598425197,0.3543307086614173,0.34083239595050624,0.3186351706036746,2019-02-27,0.31496062992125984,40.0,119.70833333333331
2019-02-27,119.70833333333331,40,0.31496062992125984,0.33858267716535434,0.6614173228346457,0.25196850393700787,0.13385826771653545,0.41732283464566927,0.3802024746906637,0.3267716535433071,2019-02-28,0.3464566929133858,44.0,131.29166666666666
2019-02-28,131.29166666666666,44,0.3464566929133858,0.31496062992125984,0.33858267716535434,0.6614173228346457,0.5354330708661418,0.4383202099737533,0.40607424071991005,0.320734908136483,2019-03-01,0.14960629921259844,19.0,61.875
2019-03-01,61.875,19,0.14960629921259844,0.3464566929133858,0.31496062992125984,0.33858267716535434,0.5905511811023622,0.3333333333333333,0.37907761529808776,0.32860892388451446,2019-03-02,0.2992125984251969,38.0,114.95833333333331
2019-03-02,114.95833333333331,38,0.2992125984251969,0.14960629921259844,0.3464566929133858,0.31496062992125984,0.14960629921259844,0.27034120734908135,0.3160854893138358,0.3228346456692914,2019-03-03,0.25984251968503935,33.0,100.5
2019-03-03,100.5,33,0.25984251968503935,0.2992125984251969,0.14960629921259844,0.3464566929133858,0.25196850393700787,0.2650918635170603,0.33745781777277845,0.3191601049868766,2019-03-04,0.5905511811023622,75.0,218.0
2019-03-04,218.0,75,0.5905511811023622,0.25984251968503935,0.2992125984251969,0.14960629921259844,0.6614173228346457,0.23622047244094482,0.33858267716535434,0.3194225721784777,2019-03-05,0.5118110236220472,65.0,188.125
2019-03-05,188.125,65,0.5118110236220472,0.5905511811023622,0.25984251968503935,0.2992125984251969,0.33858267716535434,0.3832020997375328,0.32845894263217096,0.3333333333333333,2019-03-06,0.7165354330708661,91.0,261.9583333333333
2019-03-06,261.9583333333333,91,0.7165354330708661,0.5118110236220472,0.5905511811023622,0.25984251968503935,0.31496062992125984,0.4540682414698162,0.3532058492688414,0.3461942257217848,2019-03-07,0.6929133858267716,88.0,253.70833333333331
2019-03-07,253.70833333333331,88,0.6929133858267716,0.7165354330708661,0.5118110236220472,0.5905511811023622,0.3464566929133858,0.6062992125984251,0.4105736782902137,0.3559055118110236,2019-03-08,0.4566929133858268,58.0,169.25
2019-03-08,169.25,58,0.4566929133858268,0.6929133858267716,0.7165354330708661,0.5118110236220472,0.14960629921259844,0.6404199475065616,0.4600674915635546,0.3624671916010499,2019-03-09,0.5433070866141733,69.0,199.41666666666663
2019-03-09,199.41666666666663,69,0.5433070866141733,0.4566929133858268,0.6929133858267716,0.7165354330708661,0.2992125984251969,0.6220472440944882,0.5039370078740157,0.363254593175853,2019-03-10,0.5590551181102362,71.0,204.875
2019-03-10,204.875,71,0.5590551181102362,0.5433070866141733,0.4566929133858268,0.6929133858267716,0.25984251968503935,0.5643044619422573,0.5388076490438695,0.3648293963254593,2019-03-11,0.3700787401574803,47.0,138.83333333333334
2019-03-11,138.83333333333334,47,0.3700787401574803,0.5590551181102362,0.5433070866141733,0.4566929133858268,0.5905511811023622,0.5196850393700787,0.5815523059617548,0.3706036745406824,2019-03-12,0.7165354330708661,91.0,260.3333333333333
2019-03-12,260.3333333333333,91,0.7165354330708661,0.3700787401574803,0.5590551181102362,0.5433070866141733,0.5118110236220472,0.4908136482939633,0.5500562429696289,0.3679790026246719,2019-03-13,0.5275590551181102,67.0,194.20833333333331
2019-03-13,194.20833333333331,67,0.5275590551181102,0.7165354330708661,0.3700787401574803,0.5590551181102362,0.7165354330708661,0.5485564304461942,0.5793025871766029,0.383989501312336,2019-03-14,0.5669291338582677,72.0,208.58333333333331
2019-03-14,208.58333333333331,72,0.5669291338582677,0.5275590551181102,0.7165354330708661,0.3700787401574803,0.6929133858267716,0.5380577427821521,0.5523059617547806,0.39265091863517054,2019-03-15,0.48031496062992124,61.0,178.20833333333334
2019-03-15,178.20833333333334,61,0.48031496062992124,0.5669291338582677,0.5275590551181102,0.7165354330708661,0.4566929133858268,0.6036745406824147,0.5343082114735658,0.3984251968503937,2019-03-16,0.28346456692913385,36.0,107.75
2019-03-16,107.75,36,0.28346456692913385,0.48031496062992124,0.5669291338582677,0.5275590551181102,0.5433070866141733,0.5249343832020997,0.5376827896512936,0.400262467191601,2019-03-17,0.33858267716535434,43.0,128.875
2019-03-17,128.875,43,0.33858267716535434,0.28346456692913385,0.48031496062992124,0.5669291338582677,0.5590551181102362,0.44356955380577423,0.500562429696288,0.39291338582677166,2019-03-18,0.6614173228346457,84.0,242.29166666666663
2019-03-18,242.29166666666663,84,0.6614173228346457,0.33858267716535434,0.28346456692913385,0.48031496062992124,0.3700787401574803,0.3674540682414698,0.46906636670416196,0.3958005249343832,2019-03-19,0.5354330708661418,68.0,198.70833333333331
2019-03-19,198.70833333333331,68,0.5354330708661418,0.6614173228346457,0.33858267716535434,0.28346456692913385,0.7165354330708661,0.42782152230971127,0.5106861642294713,0.4133858267716536,2019-03-20,0.7559055118110236,96.0,274.2083333333333
2019-03-20,274.2083333333333,96,0.7559055118110236,0.5354330708661418,0.6614173228346457,0.33858267716535434,0.5275590551181102,0.5118110236220472,0.484814398200225,0.4259842519685039,2019-03-21,0.6535433070866141,83.0,239.33333333333331
2019-03-21,239.33333333333331,83,0.6535433070866141,0.7559055118110236,0.5354330708661418,0.6614173228346457,0.5669291338582677,0.6509186351706037,0.5174353205849269,0.44671916010498686,2019-03-22,0.7952755905511811,101.0,289.3333333333333
2019-03-22,289.3333333333333,101,0.7952755905511811,0.6535433070866141,0.7559055118110236,0.5354330708661418,0.48031496062992124,0.6482939632545932,0.5298087739032621,0.4664041994750656,2019-03-23,0.7874015748031497,100.0,285.2916666666667
2019-03-23,285.2916666666667,100,0.7874015748031497,0.7952755905511811,0.6535433070866141,0.7559055118110236,0.28346456692913385,0.7349081364829396,0.5748031496062992,0.4884514435695538,2019-03-24,0.7086614173228346,90.0,257.2916666666667
2019-03-24,257.2916666666667,90,0.7086614173228346,0.7874015748031497,0.7952755905511811,0.6535433070866141,0.33858267716535434,0.7454068241469817,0.6467941507311586,0.49685039370078743,2019-03-25,0.6614173228346457,84.0,241.95833333333331
2019-03-25,241.95833333333331,84,0.6614173228346457,0.7086614173228346,0.7874015748031497,0.7952755905511811,0.6614173228346457,0.7637795275590551,0.6996625421822272,0.5007874015748032,2019-03-26,0.33858267716535434,43.0,126.875
2019-03-26,126.875,43,0.33858267716535434,0.6614173228346457,0.7086614173228346,0.7874015748031497,0.5354330708661418,0.7191601049868767,0.6996625421822272,0.5178477690288714,2019-03-27,0.8188976377952756,104.0,296.8333333333333
2019-03-27,296.8333333333333,104,0.8188976377952756,0.33858267716535434,0.6614173228346457,0.7086614173228346,0.7559055118110236,0.5695538057742783,0.6715410573678291,0.5207349081364829,2019-03-28,0.7952755905511811,101.0,287.9166666666667
2019-03-28,287.9166666666667,101,0.7952755905511811,0.8188976377952756,0.33858267716535434,0.6614173228346457,0.6535433070866141,0.6062992125984252,0.6805399325084365,0.525984251968504,2019-03-29,0.7480314960629921,95.0,272.0416666666667
2019-03-29,272.0416666666667,95,0.7480314960629921,0.7952755905511811,0.8188976377952756,0.33858267716535434,0.7952755905511811,0.6509186351706037,0.7007874015748031,0.5412073490813648,2019-03-30,0.5590551181102362,71.0,206.75
2019-03-30,206.75,71,0.5590551181102362,0.7480314960629921,0.7952755905511811,0.8188976377952756,0.7874015748031497,0.7874015748031497,0.6940382452193476,0.5556430446194226,2019-03-31,0.4409448818897638,56.0,163.91666666666666
2019-03-31,163.91666666666666,56,0.4409448818897638,0.5590551181102362,0.7480314960629921,0.7952755905511811,0.7086614173228346,0.7007874015748031,0.6614173228346456,0.5627296587926509,2019-04-01,0.3937007874015748,50.0,147.375
2019-04-01,147.375,50,0.3937007874015748,0.4409448818897638,0.5590551181102362,0.7480314960629921,0.6614173228346457,0.5826771653543307,0.6231721034870642,0.5724409448818898,2019-04-02,0.44881889763779526,57.0,165.875
2019-04-02,165.875,57,0.44881889763779526,0.3937007874015748,0.4409448818897638,0.5590551181102362,0.33858267716535434,0.4645669291338583,0.5849268841394826,0.5755905511811024,2019-04-03,0.8031496062992126,102.0,292.0
2019-04-03,292.0,102,0.8031496062992126,0.44881889763779526,0.3937007874015748,0.4409448818897638,0.8188976377952756,0.42782152230971127,0.6006749156355456,0.5818897637795276,2019-04-04,0.7322834645669292,93.0,265.75
2019-04-04,265.75,93,0.7322834645669292,0.8031496062992126,0.44881889763779526,0.3937007874015748,0.7952755905511811,0.5485564304461943,0.5984251968503936,0.5889763779527559,2019-04-05,0.5118110236220472,65.0,188.66666666666663
2019-04-05,188.66666666666663,65,0.5118110236220472,0.7322834645669292,0.8031496062992126,0.44881889763779526,0.7480314960629921,0.6614173228346457,0.5894263217097863,0.5963254593175853,2019-04-06,0.16535433070866143,21.0,66.45833333333333
2019-04-06,66.45833333333333,21,0.16535433070866143,0.5118110236220472,0.7322834645669292,0.8031496062992126,0.5590551181102362,0.6824146981627296,0.5556805399325084,0.589501312335958,2019-04-07,0.6614173228346457,84.0,241.16666666666663
2019-04-07,241.16666666666663,84,0.6614173228346457,0.16535433070866143,0.5118110236220472,0.7322834645669292,0.4409448818897638,0.4698162729658793,0.49943757030371205,0.5719160104986877,2019-04-08,0.5748031496062992,73.0,210.58333333333331
2019-04-08,210.58333333333331,73,0.5748031496062992,0.6614173228346457,0.16535433070866143,0.5118110236220472,0.3937007874015748,0.44619422572178485,0.530933633295838,0.578740157480315,2019-04-09,0.3858267716535433,49.0,145.45833333333334
2019-04-09,145.45833333333334,49,0.3858267716535433,0.5748031496062992,0.6614173228346457,0.16535433070866143,0.44881889763779526,0.46719160104986884,0.5568053993250844,0.5797900262467192,2019-04-10,0.7480314960629921,95.0,272.4583333333333
2019-04-10,272.4583333333333,95,0.7480314960629921,0.3858267716535433,0.5748031496062992,0.6614173228346457,0.8031496062992126,0.5406824146981628,0.547806524184477,0.574015748031496,2019-04-11,0.6929133858267716,88.0,252.5
2019-04-11,252.5,88,0.6929133858267716,0.7480314960629921,0.3858267716535433,0.5748031496062992,0.7322834645669292,0.5695538057742783,0.5399325084364455,0.5866141732283464,2019-04-12,0.5905511811023622,75.0,218.04166666666663
2019-04-12,218.04166666666663,75,0.5905511811023622,0.6929133858267716,0.7480314960629921,0.3858267716535433,0.5118110236220472,0.6089238845144358,0.5343082114735658,0.5858267716535434,2019-04-13,0.4881889763779528,62.0,180.70833333333331
2019-04-13,180.70833333333331,62,0.4881889763779528,0.5905511811023622,0.6929133858267716,0.7480314960629921,0.16535433070866143,0.6771653543307087,0.545556805399325,0.5879265091863517,2019-04-14,0.36220472440944884,46.0,137.70833333333334
2019-04-14,137.70833333333334,46,0.36220472440944884,0.4881889763779528,0.5905511811023622,0.6929133858267716,0.6614173228346457,0.5905511811023622,0.591676040494938,0.5853018372703412,2019-04-15,0.905511811023622,115.0,327.3333333333333
2019-04-15,327.3333333333333,115,0.905511811023622,0.36220472440944884,0.4881889763779528,0.5905511811023622,0.5748031496062992,0.4803149606299213,0.5489313835770528,0.5813648293963254,2019-04-16,0.905511811023622,115.0,326.4166666666667
2019-04-16,326.4166666666667,115,0.905511811023622,0.905511811023622,0.36220472440944884,0.4881889763779528,0.3858267716535433,0.5853018372703412,0.5961754780652418,0.6020997375328084,2019-04-17,0.6771653543307087,86.0,247.58333333333331
2019-04-17,247.58333333333331,86,0.6771653543307087,0.905511811023622,0.905511811023622,0.36220472440944884,0.7480314960629921,0.7244094488188977,0.6704161979752531,0.620997375328084,2019-04-18,0.6377952755905512,81.0,234.58333333333331
2019-04-18,234.58333333333331,81,0.6377952755905512,0.6771653543307087,0.905511811023622,0.905511811023622,0.6929133858267716,0.8293963254593176,0.6602924634420697,0.6215223097112862,2019-04-19,0.25196850393700787,32.0,96.20833333333331
2019-04-19,96.20833333333331,32,0.25196850393700787,0.6377952755905512,0.6771653543307087,0.905511811023622,0.5905511811023622,0.7401574803149606,0.6524184476940382,0.6249343832020997,2019-04-20,0.6062992125984252,77.0,223.29166666666663
2019-04-20,223.29166666666663,77,0.6062992125984252,0.25196850393700787,0.6377952755905512,0.6771653543307087,0.4881889763779528,0.5223097112860893,0.6040494938132733,0.6081364829396326,2019-04-21,0.905511811023622,115.0,326.7083333333333
2019-04-21,326.7083333333333,115,0.905511811023622,0.6062992125984252,0.25196850393700787,0.6377952755905512,0.36220472440944884,0.49868766404199477,0.6209223847019122,0.6065616797900262,2019-04-22,0.905511811023622,115.0,327.0833333333333
2019-04-22,327.0833333333333,115,0.905511811023622,0.905511811023622,0.6062992125984252,0.25196850393700787,0.905511811023622,0.5879265091863517,0.6985376827896513,0.6102362204724409,2019-04-23,0.8818897637795275,112.0,318.5416666666667
2019-04-23,318.5416666666667,112,0.8818897637795275,0.905511811023622,0.905511811023622,0.6062992125984252,0.905511811023622,0.8057742782152232,0.6985376827896513,0.6141732283464567,2019-04-24,0.8188976377952756,104.0,298.25
2019-04-24,298.25,104,0.8188976377952756,0.8818897637795275,0.905511811023622,0.905511811023622,0.6771653543307087,0.8976377952755906,0.6951631046119235,0.6199475065616799,2019-04-25,0.7637795275590551,97.0,277.7083333333333
2019-04-25,277.7083333333333,97,0.7637795275590551,0.8188976377952756,0.8818897637795275,0.905511811023622,0.6377952755905512,0.868766404199475,0.7154105736782901,0.6251968503937008,2019-04-26,0.7637795275590551,97.0,279.2083333333333
2019-04-26,279.2083333333333,97,0.7637795275590551,0.7637795275590551,0.8188976377952756,0.8818897637795275,0.25196850393700787,0.8215223097112861,0.7334083239595051,0.6393700787401575,2019-04-27,0.9448818897637795,120.0,341.625
2019-04-27,341.625,120,0.9448818897637795,0.7637795275590551,0.7637795275590551,0.8188976377952756,0.6062992125984252,0.7821522309711287,0.8065241844769403,0.6375328083989501,2019-04-28,0.8818897637795275,112.0,318.6666666666667
2019-04-28,318.6666666666667,112,0.8818897637795275,0.9448818897637795,0.7637795275590551,0.7637795275590551,0.905511811023622,0.8241469816272966,0.8548931383577053,0.64251968503937,2019-04-29,0.8346456692913385,106.0,303.7916666666667
2019-04-29,303.7916666666667,106,0.8346456692913385,0.8818897637795275,0.9448818897637795,0.7637795275590551,0.905511811023622,0.8635170603674541,0.8515185601799775,0.6469816272965879,2019-04-30,0.905511811023622,115.0,328.9583333333333
2019-04-30,328.9583333333333,115,0.905511811023622,0.8346456692913385,0.8818897637795275,0.9448818897637795,0.8818897637795275,0.8871391076115486,0.8413948256467941,0.6561679790026247,2019-05-01,0.8188976377952756,104.0,296.5
2019-05-01,296.5,104,0.8188976377952756,0.905511811023622,0.8346456692913385,0.8818897637795275,0.8188976377952756,0.874015748031496,0.8447694038245218,0.6716535433070866,2019-05-02,0.7165354330708661,91.0,260.5833333333333
2019-05-02,260.5833333333333,91,0.7165354330708661,0.8188976377952756,0.905511811023622,0.8346456692913385,0.7637795275590551,0.8530183727034121,0.8447694038245219,0.6858267716535433,2019-05-03,0.4409448818897638,56.0,165.33333333333334
2019-05-03,165.33333333333334,56,0.4409448818897638,0.7165354330708661,0.8188976377952756,0.905511811023622,0.7637795275590551,0.8136482939632547,0.8380202474690662,0.6947506561679789,2019-05-04,0.6535433070866141,83.0,240.125
2019-05-04,240.125,83,0.6535433070866141,0.4409448818897638,0.7165354330708661,0.8188976377952756,0.9448818897637795,0.6587926509186351,0.7919010123734533,0.6826771653543308,2019-05-05,0.5354330708661418,68.0,196.20833333333331
2019-05-05,196.20833333333331,68,0.5354330708661418,0.6535433070866141,0.4409448818897638,0.7165354330708661,0.8818897637795275,0.6036745406824147,0.7502812148481439,0.6800524934383201,2019-05-06,0.8818897637795275,112.0,320.5416666666667
2019-05-06,320.5416666666667,112,0.8818897637795275,0.5354330708661418,0.6535433070866141,0.4409448818897638,0.8346456692913385,0.5433070866141733,0.7007874015748031,0.6808398950131234,2019-05-07,0.7322834645669292,93.0,266.1666666666667
2019-05-07,266.1666666666667,93,0.7322834645669292,0.8818897637795275,0.5354330708661418,0.6535433070866141,0.905511811023622,0.6902887139107611,0.7075365579302586,0.7047244094488189,2019-05-08,0.8188976377952756,104.0,296.625
2019-05-08,296.625,104,0.8188976377952756,0.7322834645669292,0.8818897637795275,0.5354330708661418,0.8188976377952756,0.7165354330708662,0.6827896512935884,0.7070866141732283,2019-05-09,0.8346456692913385,106.0,303.7083333333333
2019-05-09,303.7083333333333,106,0.8346456692913385,0.8188976377952756,0.7322834645669292,0.8818897637795275,0.7165354330708661,0.8110236220472441,0.6827896512935884,0.7152230971128609,2019-05-10,0.7480314960629921,95.0,271.5833333333333
2019-05-10,271.5833333333333,95,0.7480314960629921,0.8346456692913385,0.8188976377952756,0.7322834645669292,0.4409448818897638,0.7952755905511811,0.6996625421822272,0.7301837270341207,2019-05-11,0.6614173228346457,84.0,242.125
2019-05-11,242.125,84,0.6614173228346457,0.7480314960629921,0.8346456692913385,0.8188976377952756,0.6535433070866141,0.8005249343832022,0.7435320584926884,0.7301837270341207,2019-05-12,0.49606299212598426,63.0,183.0
2019-05-12,183.0,63,0.49606299212598426,0.6614173228346457,0.7480314960629921,0.8346456692913385,0.5354330708661418,0.7480314960629921,0.7446569178852644,0.7291338582677166,2019-05-13,0.5354330708661418,68.0,197.125
2019-05-13,197.125,68,0.5354330708661418,0.49606299212598426,0.6614173228346457,0.7480314960629921,0.8818897637795275,0.6351706036745407,0.7390326209223846,0.7259842519685039,2019-05-14,0.968503937007874,123.0,349.9583333333333
2019-05-14,349.9583333333333,123,0.968503937007874,0.5354330708661418,0.49606299212598426,0.6614173228346457,0.7322834645669292,0.5643044619422574,0.689538807649044,0.7275590551181103,2019-05-15,0.889763779527559,113.0,323.4583333333333
2019-05-15,323.4583333333333,113,0.889763779527559,0.968503937007874,0.5354330708661418,0.49606299212598426,0.8188976377952756,0.6666666666666666,0.7232845894263217,0.7477690288713911,2019-05-16,0.9291338582677166,118.0,335.5
2019-05-16,335.5,118,0.9291338582677166,0.889763779527559,0.968503937007874,0.5354330708661418,0.8346456692913385,0.7979002624671917,0.7334083239595051,0.747244094488189,2019-05-17,0.889763779527559,113.0,321.375
2019-05-17,321.375,113,0.889763779527559,0.9291338582677166,0.889763779527559,0.968503937007874,0.7480314960629921,0.9291338582677167,0.7469066366704162,0.7480314960629921,2019-05-18,0.8188976377952756,104.0,298.0416666666667
2019-05-18,298.0416666666667,104,0.8188976377952756,0.889763779527559,0.9291338582677166,0.889763779527559,0.6614173228346457,0.9028871391076115,0.7671541057367828,0.7551181102362203,2019-05-19,0.8740157480314961,111.0,317.875
2019-05-19,317.875,111,0.8740157480314961,0.8188976377952756,0.889763779527559,0.9291338582677166,0.49606299212598426,0.8792650918635171,0.7896512935883014,0.7611548556430445,2019-05-20,0.8582677165354331,109.0,312.0416666666667
2019-05-20,312.0416666666667,109,0.8582677165354331,0.8740157480314961,0.8188976377952756,0.889763779527559,0.5354330708661418,0.8608923884514436,0.843644544431946,0.7818897637795276,2019-05-21,0.8582677165354331,109.0,310.7916666666667
2019-05-21,310.7916666666667,109,0.8582677165354331,0.8582677165354331,0.8740157480314961,0.8188976377952756,0.968503937007874,0.8503937007874017,0.889763779527559,0.7902887139107613,2019-05-22,0.9291338582677166,118.0,336.4166666666667
2019-05-22,336.4166666666667,118,0.9291338582677166,0.8582677165354331,0.8582677165354331,0.8740157480314961,0.889763779527559,0.8635170603674541,0.8740157480314961,0.7887139107611549,2019-05-23,0.9133858267716536,116.0,331.8333333333333
2019-05-23,331.8333333333333,116,0.9133858267716536,0.9291338582677166,0.8582677165354331,0.8582677165354331,0.9291338582677166,0.8818897637795277,0.8796400449943756,0.789501312335958,2019-05-24,0.937007874015748,119.0,338.7083333333333
2019-05-24,338.7083333333333,119,0.937007874015748,0.9133858267716536,0.9291338582677166,0.8582677165354331,0.889763779527559,0.9002624671916011,0.8773903262092239,0.7905511811023622,2019-05-25,0.8740157480314961,111.0,317.125
2019-05-25,317.125,111,0.8740157480314961,0.937007874015748,0.9133858267716536,0.9291338582677166,0.8188976377952756,0.9265091863517062,0.8841394825646794,0.7944881889763781,2019-05-26,0.8740157480314961,111.0,316.2083333333333
2019-05-26,316.2083333333333,111,0.8740157480314961,0.8740157480314961,0.937007874015748,0.9133858267716536,0.8740157480314961,0.9081364829396326,0.8920134983127109,0.7981627296587926,2019-05-27,0.8503937007874016,108.0,308.7083333333333
2019-05-27,308.7083333333333,108,0.8503937007874016,0.8740157480314961,0.8740157480314961,0.937007874015748,0.8582677165354331,0.89501312335958,0.8920134983127108,0.8018372703412073,2019-05-28,0.8188976377952756,104.0,297.8333333333333
2019-05-28,297.8333333333333,104,0.8188976377952756,0.8503937007874016,0.8740157480314961,0.8740157480314961,0.8582677165354331,0.8661417322834645,0.8908886389201349,0.7986876640419948,2019-05-29,0.7244094488188977,92.0,263.9583333333333
2019-05-29,263.9583333333333,92,0.7244094488188977,0.8188976377952756,0.8503937007874016,0.8740157480314961,0.9291338582677166,0.8477690288713912,0.8852643419572555,0.7965879265091863,2019-05-30,0.952755905511811,121.0,344.3333333333333
2019-05-30,344.3333333333333,121,0.952755905511811,0.7244094488188977,0.8188976377952756,0.8503937007874016,0.9133858267716536,0.7979002624671917,0.8560179977502812,0.7929133858267717,2019-05-31,0.6850393700787402,87.0,251.33333333333331
2019-05-31,251.33333333333331,87,0.6850393700787402,0.952755905511811,0.7244094488188977,0.8188976377952756,0.937007874015748,0.8320209973753281,0.8616422947131609,0.7944881889763781,2019-06-01,0.937007874015748,119.0,340.125
2019-06-01,340.125,119,0.937007874015748,0.6850393700787402,0.952755905511811,0.7244094488188977,0.8740157480314961,0.7874015748031497,0.8256467941507312,0.79002624671916,2019-06-02,0.9133858267716536,116.0,330.375
2019-06-02,330.375,116,0.9133858267716536,0.937007874015748,0.6850393700787402,0.952755905511811,0.8740157480314961,0.858267716535433,0.8346456692913385,0.7973753280839895,2019-06-03,0.8818897637795275,112.0,320.0416666666667
2019-06-03,320.0416666666667,112,0.8818897637795275,0.9133858267716536,0.937007874015748,0.6850393700787402,0.8503937007874016,0.8451443569553806,0.8402699662542182,0.8131233595800524,2019-06-04,0.6220472440944882,79.0,228.66666666666663
2019-06-04,228.66666666666663,79,0.6220472440944882,0.8818897637795275,0.9133858267716536,0.937007874015748,0.8188976377952756,0.910761154855643,0.8447694038245219,0.820734908136483,2019-06-05,0.6535433070866141,83.0,238.375
2019-06-05,238.375,83,0.6535433070866141,0.6220472440944882,0.8818897637795275,0.9133858267716536,0.7244094488188977,0.8057742782152232,0.8166479190101237,0.8236220472440945,2019-06-06,0.4251968503937008,54.0,159.41666666666666
2019-06-06,159.41666666666666,54,0.4251968503937008,0.6535433070866141,0.6220472440944882,0.8818897637795275,0.952755905511811,0.7191601049868767,0.8065241844769405,0.8160104986876641,2019-06-07,0.44881889763779526,57.0,167.95833333333334
2019-06-07,167.95833333333334,57,0.44881889763779526,0.4251968503937008,0.6535433070866141,0.6220472440944882,0.6850393700787402,0.5669291338582677,0.7311586051743532,0.8057742782152231,2019-06-08,0.5748031496062992,73.0,211.125
2019-06-08,211.125,73,0.5748031496062992,0.44881889763779526,0.4251968503937008,0.6535433070866141,0.937007874015748,0.5091863517060368,0.6974128233970752,0.7934383202099738,2019-06-09,0.5590551181102362,71.0,205.83333333333331
2019-06-09,205.83333333333331,71,0.5590551181102362,0.5748031496062992,0.44881889763779526,0.4251968503937008,0.9133858267716536,0.4829396325459318,0.6456692913385826,0.7847769028871391,2019-06-10,0.5669291338582677,72.0,209.625
2019-06-10,209.625,72,0.5669291338582677,0.5590551181102362,0.5748031496062992,0.44881889763779526,0.8818897637795275,0.5275590551181102,0.5950506186726658,0.7784776902887138,2019-06-11,0.4645669291338583,59.0,173.375
2019-06-11,173.375,59,0.4645669291338583,0.5669291338582677,0.5590551181102362,0.5748031496062992,0.6220472440944882,0.5669291338582677,0.5500562429696287,0.7753280839895014,2019-06-12,0.4409448818897638,56.0,164.08333333333334
2019-06-12,164.08333333333334,56,0.4409448818897638,0.4645669291338583,0.5669291338582677,0.5590551181102362,0.6535433070866141,0.5301837270341209,0.5275590551181102,0.774278215223097,2019-06-13,0.7165354330708661,91.0,261.5416666666667
2019-06-13,261.5416666666667,91,0.7165354330708661,0.4409448818897638,0.4645669291338583,0.5669291338582677,0.4251968503937008,0.4908136482939633,0.4971878515185602,0.7711286089238846,2019-06-14,1.0,127.0,361.0833333333333
2019-06-14,361.0833333333333,127,1.0,0.7165354330708661,0.4409448818897638,0.4645669291338583,0.44881889763779526,0.5406824146981628,0.5388076490438695,0.7627296587926509,2019-06-15,0.9291338582677166,118.0,337.4583333333333
2019-06-15,337.4583333333333,118,0.9291338582677166,1.0,0.7165354330708661,0.4409448818897638,0.5748031496062992,0.7191601049868767,0.6175478065241844,0.7664041994750657,2019-06-16,0.9133858267716536,116.0,331.0833333333333
2019-06-16,331.0833333333333,116,0.9133858267716536,0.9291338582677166,1.0,0.7165354330708661,0.5590551181102362,0.8818897637795277,0.6681664791901012,0.7664041994750657,2019-06-17,0.9133858267716536,116.0,329.2916666666667
2019-06-17,329.2916666666667,116,0.9133858267716536,0.9133858267716536,0.9291338582677166,1.0,0.5669291338582677,0.9475065616797901,0.718785151856018,0.7671916010498687,2019-06-18,0.8267716535433071,105.0,299.9583333333333
2019-06-18,299.9583333333333,105,0.8267716535433071,0.9133858267716536,0.9133858267716536,0.9291338582677166,0.4645669291338583,0.9186351706036747,0.7682789651293589,0.7703412073490814,2019-06-19,0.6456692913385826,82.0,237.58333333333331
2019-06-19,237.58333333333331,82,0.6456692913385826,0.8267716535433071,0.9133858267716536,0.9133858267716536,0.4409448818897638,0.8845144356955381,0.8200224971878516,0.7687664041994751,2019-06-20,0.8188976377952756,104.0,296.75
2019-06-20,296.75,104,0.8188976377952756,0.6456692913385826,0.8267716535433071,0.9133858267716536,0.7165354330708661,0.7952755905511811,0.8492688413948256,0.7616797900262466,2019-06-21,0.9291338582677166,118.0,336.9166666666667
2019-06-21,336.9166666666667,118,0.9291338582677166,0.8188976377952756,0.6456692913385826,0.8267716535433071,1.0,0.7637795275590551,0.8638920134983127,0.7603674540682415,2019-06-22,0.6141732283464567,78.0,225.5
2019-06-22,225.5,78,0.6141732283464567,0.9291338582677166,0.8188976377952756,0.6456692913385826,0.9291338582677166,0.7979002624671917,0.8537682789651294,0.7603674540682415,2019-06-23,0.8740157480314961,111.0,317.4166666666667
2019-06-23,317.4166666666667,111,0.8740157480314961,0.6141732283464567,0.9291338582677166,0.8188976377952756,0.9133858267716536,0.7874015748031497,0.8087739032620923,0.7503937007874015,2019-06-24,0.9212598425196851,117.0,333.5416666666667
2019-06-24,333.5416666666667,117,0.9212598425196851,0.8740157480314961,0.6141732283464567,0.9291338582677166,0.9133858267716536,0.8057742782152232,0.8031496062992126,0.7482939632545931,2019-06-25,0.9291338582677166,118.0,334.9583333333333
2019-06-25,334.9583333333333,118,0.9291338582677166,0.9212598425196851,0.8740157480314961,0.6141732283464567,0.8267716535433071,0.8031496062992126,0.8042744656917885,0.7498687664041995,2019-06-26,0.7952755905511811,101.0,287.875
2019-06-26,287.875,101,0.7952755905511811,0.9291338582677166,0.9212598425196851,0.8740157480314961,0.6456692913385826,0.9081364829396326,0.8188976377952757,0.7517060367454069,2019-06-27,0.889763779527559,113.0,321.5833333333333
2019-06-27,321.5833333333333,113,0.889763779527559,0.7952755905511811,0.9291338582677166,0.9212598425196851,0.8188976377952756,0.8818897637795277,0.8402699662542182,0.7498687664041995,2019-06-28,0.7322834645669292,93.0,265.7083333333333
2019-06-28,265.7083333333333,93,0.7322834645669292,0.889763779527559,0.7952755905511811,0.9291338582677166,0.9291338582677166,0.8713910761154855,0.8503937007874016,0.752230971128609,2019-06-29,0.48031496062992124,61.0,176.625
2019-06-29,176.625,61,0.48031496062992124,0.7322834645669292,0.889763779527559,0.7952755905511811,0.6141732283464567,0.8057742782152232,0.8222722159730035,0.7524934383202099,2019-06-30,0.905511811023622,115.0,329.0416666666667
2019-06-30,329.0416666666667,115,0.905511811023622,0.48031496062992124,0.7322834645669292,0.889763779527559,0.8740157480314961,0.7007874015748032,0.8031496062992126,0.7367454068241469,2019-07-01,0.9133858267716536,116.0,330.9583333333333
2019-07-01,330.9583333333333,116,0.9133858267716536,0.905511811023622,0.48031496062992124,0.7322834645669292,0.9212598425196851,0.706036745406824,0.8076490438695164,0.7440944881889764,2019-07-02,0.9133858267716536,116.0,331.8333333333333
2019-07-02,331.8333333333333,116,0.9133858267716536,0.9133858267716536,0.905511811023622,0.48031496062992124,0.9291338582677166,0.7664041994750656,0.8065241844769403,0.7433070866141733,2019-07-03,0.7007874015748031,89.0,256.2916666666667
2019-07-03,256.2916666666667,89,0.7007874015748031,0.9133858267716536,0.9133858267716536,0.905511811023622,0.7952755905511811,0.9107611548556432,0.8042744656917885,0.7433070866141732,2019-07-04,0.5984251968503937,76.0,220.83333333333331
2019-07-04,220.83333333333331,76,0.5984251968503937,0.7007874015748031,0.9133858267716536,0.9133858267716536,0.889763779527559,0.8425196850393702,0.7907761529808773,0.7372703412073491,2019-07-05,0.7322834645669292,93.0,268.0833333333333
2019-07-05,268.0833333333333,93,0.7322834645669292,0.5984251968503937,0.7007874015748031,0.9133858267716536,0.7322834645669292,0.7375328083989502,0.7491563554555681,0.736482939632546,2019-07-06,0.7165354330708661,91.0,260.7916666666667
2019-07-06,260.7916666666667,91,0.7165354330708661,0.7322834645669292,0.5984251968503937,0.7007874015748031,0.48031496062992124,0.6771653543307088,0.749156355455568,0.7391076115485564,2019-07-07,0.6929133858267716,88.0,251.83333333333331
2019-07-07,251.83333333333331,88,0.6929133858267716,0.7165354330708661,0.7322834645669292,0.5984251968503937,0.905511811023622,0.6824146981627296,0.7829021372328459,0.7488188976377953,2019-07-08,0.8503937007874016,108.0,307.6666666666667
2019-07-08,307.6666666666667,108,0.8503937007874016,0.6929133858267716,0.7165354330708661,0.7322834645669292,0.9133858267716536,0.7139107611548557,0.7525309336332959,0.7569553805774277,2019-07-09,0.3700787401574803,47.0,137.91666666666666
2019-07-09,137.91666666666666,47,0.3700787401574803,0.8503937007874016,0.6929133858267716,0.7165354330708661,0.9133858267716536,0.7532808398950133,0.7435320584926884,0.7661417322834646,2019-07-10,0.47244094488188976,60.0,176.29166666666666
2019-07-10,176.29166666666666,60,0.47244094488188976,0.3700787401574803,0.8503937007874016,0.6929133858267716,0.7007874015748031,0.6377952755905513,0.6659167604049495,0.7598425196850394,2019-07-11,0.8503937007874016,108.0,309.375
2019-07-11,309.375,108,0.8503937007874016,0.47244094488188976,0.3700787401574803,0.8503937007874016,0.5984251968503937,0.5643044619422573,0.6332958380202475,0.7566929133858268,2019-07-12,0.7401574803149606,94.0,269.5
2019-07-12,269.5,94,0.7401574803149606,0.8503937007874016,0.47244094488188976,0.3700787401574803,0.7322834645669292,0.5643044619422573,0.6692913385826771,0.7695538057742782,2019-07-13,0.5196850393700787,66.0,190.79166666666663
2019-07-13,190.79166666666663,66,0.5196850393700787,0.7401574803149606,0.8503937007874016,0.47244094488188976,0.7165354330708661,0.6876640419947507,0.6704161979752531,0.7795275590551181,2019-07-14,0.7637795275590551,97.0,277.0833333333333
2019-07-14,277.0833333333333,97,0.7637795275590551,0.5196850393700787,0.7401574803149606,0.8503937007874016,0.6929133858267716,0.7034120734908137,0.6422947131608548,0.7729658792650919,2019-07-15,0.8503937007874016,108.0,307.4166666666667
2019-07-15,307.4166666666667,108,0.8503937007874016,0.7637795275590551,0.5196850393700787,0.7401574803149606,0.8503937007874016,0.6745406824146981,0.6524184476940382,0.7650918635170603,2019-07-16,0.8503937007874016,108.0,308.6666666666667
2019-07-16,308.6666666666667,108,0.8503937007874016,0.8503937007874016,0.7637795275590551,0.5196850393700787,0.3700787401574803,0.7112860892388452,0.6524184476940382,0.7624671916010499,2019-07-17,0.8582677165354331,109.0,312.1666666666667
2019-07-17,312.1666666666667,109,0.8582677165354331,0.8503937007874016,0.8503937007874016,0.7637795275590551,0.47244094488188976,0.8215223097112861,0.7210348706411699,0.7603674540682415,2019-07-18,0.7480314960629921,95.0,272.125
2019-07-18,272.125,95,0.7480314960629921,0.8582677165354331,0.8503937007874016,0.8503937007874016,0.8503937007874016,0.8530183727034122,0.7761529808773903,0.7585301837270341,2019-07-19,0.7637795275590551,97.0,276.75
2019-07-19,276.75,97,0.7637795275590551,0.7480314960629921,0.8582677165354331,0.8503937007874016,0.7401574803149606,0.8188976377952756,0.7615298087739033,0.7559055118110236,2019-07-20,0.9133858267716536,116.0,331.7083333333333
2019-07-20,331.7083333333333,116,0.9133858267716536,0.7637795275590551,0.7480314960629921,0.8582677165354331,0.5196850393700787,0.7900262467191602,0.764904386951631,0.7598425196850394,2019-07-21,0.84251968503937,107.0,304.9166666666667
2019-07-21,304.9166666666667,107,0.84251968503937,0.9133858267716536,0.7637795275590551,0.7480314960629921,0.7637795275590551,0.8083989501312336,0.8211473565804274,0.7629921259842519,2019-07-22,0.8661417322834646,110.0,313.0
2019-07-22,313.0,110,0.8661417322834646,0.84251968503937,0.9133858267716536,0.7637795275590551,0.8503937007874016,0.8398950131233596,0.8323959505061868,0.7601049868766404,2019-07-23,0.8582677165354331,109.0,310.0416666666667
2019-07-23,310.0416666666667,109,0.8582677165354331,0.8661417322834646,0.84251968503937,0.9133858267716536,0.8503937007874016,0.8740157480314962,0.8346456692913387,0.7685039370078741,2019-07-24,0.6771653543307087,86.0,248.58333333333331
2019-07-24,248.58333333333331,86,0.6771653543307087,0.8582677165354331,0.8661417322834646,0.84251968503937,0.8582677165354331,0.8556430446194225,0.8357705286839145,0.767979002624672,2019-07-25,0.889763779527559,113.0,321.375
2019-07-25,321.375,113,0.889763779527559,0.6771653543307087,0.8582677165354331,0.8661417322834646,0.7480314960629921,0.8005249343832022,0.8098987626546681,0.7598425196850394,2019-07-26,0.6535433070866141,83.0,239.66666666666663
2019-07-26,239.66666666666663,83,0.6535433070866141,0.889763779527559,0.6771653543307087,0.8582677165354331,0.7637795275590551,0.8083989501312336,0.830146231721035,0.7585301837270341,2019-07-27,0.8188976377952756,104.0,298.0833333333333
2019-07-27,298.0833333333333,104,0.8188976377952756,0.6535433070866141,0.889763779527559,0.6771653543307087,0.9133858267716536,0.7401574803149606,0.8143982002249718,0.7538057742782152,2019-07-28,0.6614173228346457,84.0,243.16666666666663
2019-07-28,243.16666666666663,84,0.6614173228346457,0.8188976377952756,0.6535433070866141,0.889763779527559,0.84251968503937,0.7874015748031495,0.8008998875140608,0.7514435695538056,2019-07-29,0.8976377952755905,114.0,324.2083333333333
2019-07-29,324.2083333333333,114,0.8976377952755905,0.6614173228346457,0.8188976377952756,0.6535433070866141,0.8661417322834646,0.7112860892388452,0.7750281214848144,0.7490813648293965,2019-07-30,0.8818897637795275,112.0,319.75
2019-07-30,319.75,112,0.8818897637795275,0.8976377952755905,0.6614173228346457,0.8188976377952756,0.8582677165354331,0.7926509186351707,0.7795275590551182,0.7629921259842519,2019-07-31,0.7480314960629921,95.0,271.6666666666667
2019-07-31,271.6666666666667,95,0.7480314960629921,0.8818897637795275,0.8976377952755905,0.6614173228346457,0.6771653543307087,0.8136482939632547,0.7829021372328459,0.7622047244094489,2019-08-01,0.7637795275590551,97.0,277.3333333333333
2019-08-01,277.3333333333333,97,0.7637795275590551,0.7480314960629921,0.8818897637795275,0.8976377952755905,0.889763779527559,0.84251968503937,0.7930258717660292,0.7566929133858267,2019-08-02,0.3937007874015748,50.0,146.25
2019-08-02,146.25,50,0.3937007874015748,0.7637795275590551,0.7480314960629921,0.8818897637795275,0.6535433070866141,0.7979002624671917,0.7750281214848143,0.7517060367454068,2019-08-03,0.7952755905511811,101.0,288.8333333333333
2019-08-03,288.8333333333333,101,0.7952755905511811,0.3937007874015748,0.7637795275590551,0.7480314960629921,0.8188976377952756,0.6351706036745407,0.7379077615298087,0.7414698162729658,2019-08-04,0.5275590551181102,67.0,193.58333333333331
2019-08-04,193.58333333333331,67,0.5275590551181102,0.7952755905511811,0.3937007874015748,0.7637795275590551,0.6614173228346457,0.6509186351706038,0.734533183352081,0.7480314960629921,2019-08-05,0.6220472440944882,79.0,228.16666666666663
2019-08-05,228.16666666666663,79,0.6220472440944882,0.5275590551181102,0.7952755905511811,0.3937007874015748,0.8976377952755905,0.5721784776902887,0.7154105736782902,0.7412073490813648,2019-08-06,0.6535433070866141,83.0,239.54166666666663
2019-08-06,239.54166666666663,83,0.6535433070866141,0.6220472440944882,0.5275590551181102,0.7952755905511811,0.8818897637795275,0.6482939632545932,0.6760404949381327,0.7380577427821522,2019-08-07,0.8503937007874016,108.0,307.3333333333333
2019-08-07,307.3333333333333,108,0.8503937007874016,0.6535433070866141,0.6220472440944882,0.5275590551181102,0.7480314960629921,0.6010498687664042,0.6434195725534309,0.736745406824147,2019-08-08,0.8031496062992126,102.0,291.7083333333333
2019-08-08,291.7083333333333,102,0.8031496062992126,0.8503937007874016,0.6535433070866141,0.6220472440944882,0.7637795275590551,0.7086614173228347,0.6580427446569178,0.7367454068241469,2019-08-09,0.8582677165354331,109.0,311.0416666666667
2019-08-09,311.0416666666667,109,0.8582677165354331,0.8031496062992126,0.8503937007874016,0.6535433070866141,0.3937007874015748,0.7690288713910762,0.6636670416197975,0.7511811023622048,2019-08-10,0.7874015748031497,100.0,286.75
2019-08-10,286.75,100,0.7874015748031497,0.8582677165354331,0.8031496062992126,0.8503937007874016,0.7952755905511811,0.8372703412073492,0.7300337457817773,0.7640419947506562,2019-08-11,0.5984251968503937,76.0,220.58333333333331
2019-08-11,220.58333333333331,76,0.5984251968503937,0.7874015748031497,0.8582677165354331,0.8031496062992126,0.5275590551181102,0.8162729658792651,0.7289088863892014,0.7619422572178478,2019-08-12,0.7716535433070866,98.0,279.4583333333333
2019-08-12,279.4583333333333,98,0.7716535433070866,0.5984251968503937,0.7874015748031497,0.8582677165354331,0.6220472440944882,0.7480314960629922,0.7390326209223848,0.7572178477690289,2019-08-13,0.8346456692913385,106.0,302.875
2019-08-13,302.875,106,0.8346456692913385,0.7716535433070866,0.5984251968503937,0.7874015748031497,0.6535433070866141,0.7191601049868767,0.7604049493813274,0.7656167979002625,2019-08-14,0.5354330708661418,68.0,196.91666666666663
2019-08-14,196.91666666666663,68,0.5354330708661418,0.8346456692913385,0.7716535433070866,0.5984251968503937,0.8503937007874016,0.7349081364829396,0.7862767154105736,0.767979002624672,2019-08-15,0.5748031496062992,73.0,211.0
2019-08-15,211.0,73,0.5748031496062992,0.5354330708661418,0.8346456692913385,0.7716535433070866,0.8031496062992126,0.7139107611548557,0.7412823397075367,0.7574803149606298,2019-08-16,0.7086614173228346,90.0,259.7916666666667
2019-08-16,259.7916666666667,90,0.7086614173228346,0.5748031496062992,0.5354330708661418,0.8346456692913385,0.8582677165354331,0.6482939632545932,0.7086614173228346,0.7482939632545932,2019-08-17,0.3858267716535433,49.0,143.875
2019-08-17,143.875,49,0.3858267716535433,0.7086614173228346,0.5748031496062992,0.5354330708661418,0.7874015748031497,0.6062992125984253,0.6872890888638921,0.7433070866141732,2019-08-18,0.5984251968503937,76.0,219.66666666666663
2019-08-18,219.66666666666663,76,0.5984251968503937,0.3858267716535433,0.7086614173228346,0.5748031496062992,0.5984251968503937,0.5564304461942258,0.6299212598425196,0.7312335958005249,2019-08-19,0.4015748031496063,51.0,150.83333333333334
2019-08-19,150.83333333333334,51,0.4015748031496063,0.5984251968503937,0.3858267716535433,0.7086614173228346,0.7716535433070866,0.5643044619422574,0.6299212598425196,0.7257217847769029,2019-08-20,0.5905511811023622,75.0,218.04166666666663
2019-08-20,218.04166666666663,75,0.5905511811023622,0.4015748031496063,0.5984251968503937,0.3858267716535433,0.8346456692913385,0.4619422572178478,0.5770528683914511,0.7086614173228346,2019-08-21,0.6929133858267716,88.0,253.16666666666663
2019-08-21,253.16666666666663,88,0.6929133858267716,0.5905511811023622,0.4015748031496063,0.5984251968503937,0.5354330708661418,0.5301837270341209,0.5421822272215973,0.7002624671916011,2019-08-22,0.5748031496062992,73.0,212.08333333333331
2019-08-22,212.08333333333331,73,0.5748031496062992,0.6929133858267716,0.5905511811023622,0.4015748031496063,0.5748031496062992,0.5616797900262468,0.5646794150731159,0.6944881889763779,2019-08-23,0.7952755905511811,101.0,289.375
2019-08-23,289.375,101,0.7952755905511811,0.5748031496062992,0.6929133858267716,0.5905511811023622,0.7086614173228346,0.6194225721784777,0.5646794150731159,0.6850393700787402,2019-08-24,0.5196850393700787,66.0,190.83333333333331
2019-08-24,190.83333333333331,66,0.5196850393700787,0.7952755905511811,0.5748031496062992,0.6929133858267716,0.3858267716535433,0.6876640419947507,0.5770528683914511,0.6889763779527559,2019-08-25,0.5275590551181102,67.0,195.41666666666663
2019-08-25,195.41666666666663,67,0.5275590551181102,0.5196850393700787,0.7952755905511811,0.5748031496062992,0.5984251968503937,0.6299212598425198,0.5961754780652418,0.6766404199475066,2019-08-26,0.6377952755905512,81.0,232.29166666666663
2019-08-26,232.29166666666663,81,0.6377952755905512,0.5275590551181102,0.5196850393700787,0.7952755905511811,0.4015748031496063,0.6141732283464568,0.5860517435320585,0.6724409448818898,2019-08-27,0.4566929133858268,58.0,168.5
2019-08-27,168.5,58,0.4566929133858268,0.6377952755905512,0.5275590551181102,0.5196850393700787,0.5905511811023622,0.5616797900262468,0.6197975253093363,0.6664041994750657,2019-08-28,0.5905511811023622,75.0,215.5
2019-08-28,215.5,75,0.5905511811023622,0.4566929133858268,0.6377952755905512,0.5275590551181102,0.6929133858267716,0.5406824146981628,0.6006749156355455,0.6595800524934383,2019-08-29,0.84251968503937,107.0,306.25
2019-08-29,306.25,107,0.84251968503937,0.5905511811023622,0.4566929133858268,0.6377952755905512,0.5748031496062992,0.5616797900262468,0.5860517435320585,0.6493438320209974,2019-08-30,0.7716535433070866,98.0,280.625
2019-08-30,280.625,98,0.7716535433070866,0.84251968503937,0.5905511811023622,0.4566929133858268,0.7952755905511811,0.6299212598425198,0.6242969628796401,0.6480314960629922,2019-08-31,0.3779527559055118,48.0,141.66666666666666
2019-08-31,141.66666666666666,48,0.3779527559055118,0.7716535433070866,0.84251968503937,0.5905511811023622,0.5196850393700787,0.7349081364829396,0.6209223847019123,0.6488188976377953,2019-09-01,0.47244094488188976,60.0,174.875
2019-09-01,174.875,60,0.47244094488188976,0.3779527559055118,0.7716535433070866,0.84251968503937,0.5275590551181102,0.6640419947506562,0.6006749156355455,0.6359580052493439,2019-09-02,0.5826771653543307,74.0,213.95833333333331
2019-09-02,213.95833333333331,74,0.5826771653543307,0.47244094488188976,0.3779527559055118,0.7716535433070866,0.6377952755905512,0.5406824146981628,0.592800899887514,0.6385826771653544,2019-09-03,0.7401574803149606,94.0,268.2083333333333
2019-09-03,268.2083333333333,94,0.7401574803149606,0.5826771653543307,0.47244094488188976,0.3779527559055118,0.4566929133858268,0.4776902887139108,0.5849268841394826,0.631496062992126,2019-09-04,0.31496062992125984,40.0,119.58333333333331
2019-09-04,119.58333333333331,40,0.31496062992125984,0.7401574803149606,0.5826771653543307,0.47244094488188976,0.5905511811023622,0.5984251968503939,0.6254218222722159,0.6385826771653543,2019-09-05,0.4094488188976378,52.0,154.20833333333334
2019-09-05,154.20833333333334,52,0.4094488188976378,0.31496062992125984,0.7401574803149606,0.5826771653543307,0.84251968503937,0.5459317585301838,0.5860517435320585,0.6283464566929133,2019-09-06,0.7716535433070866,98.0,281.3333333333333
2019-09-06,281.3333333333333,98,0.7716535433070866,0.4094488188976378,0.31496062992125984,0.7401574803149606,0.7716535433070866,0.48818897637795283,0.5241844769403825,0.6202099737532809,2019-09-07,0.7874015748031497,100.0,286.5416666666667
2019-09-07,286.5416666666667,100,0.7874015748031497,0.7716535433070866,0.4094488188976378,0.31496062992125984,0.3779527559055118,0.4986876640419948,0.5241844769403825,0.6175853018372703,2019-09-08,0.7322834645669292,93.0,267.25
2019-09-08,267.25,93,0.7322834645669292,0.7874015748031497,0.7716535433070866,0.4094488188976378,0.47244094488188976,0.6561679790026247,0.5826771653543307,0.6170603674540681,2019-09-09,0.5275590551181102,67.0,195.70833333333331
2019-09-09,195.70833333333331,67,0.5275590551181102,0.7322834645669292,0.7874015748031497,0.7716535433070866,0.5826771653543307,0.7637795275590552,0.6197975253093364,0.6128608923884513,2019-09-10,0.6535433070866141,83.0,239.20833333333331
2019-09-10,239.20833333333331,83,0.6535433070866141,0.5275590551181102,0.7322834645669292,0.7874015748031497,0.7401574803149606,0.6824146981627298,0.6119235095613049,0.6041994750656168,2019-09-11,0.7401574803149606,94.0,270.5833333333333
2019-09-11,270.5833333333333,94,0.7401574803149606,0.6535433070866141,0.5275590551181102,0.7322834645669292,0.31496062992125984,0.6377952755905513,0.5995500562429695,0.6060367454068242,2019-09-12,0.7559055118110236,96.0,276.125
2019-09-12,276.125,96,0.7559055118110236,0.7401574803149606,0.6535433070866141,0.5275590551181102,0.4094488188976378,0.6404199475065617,0.6602924634420697,0.6049868766404198,2019-09-13,0.6456692913385826,82.0,236.95833333333331
2019-09-13,236.95833333333331,82,0.6456692913385826,0.7559055118110236,0.7401574803149606,0.6535433070866141,0.7716535433070866,0.7165354330708662,0.7097862767154106,0.6023622047244095,2019-09-14,0.5275590551181102,67.0,194.08333333333331
2019-09-14,194.08333333333331,67,0.5275590551181102,0.6456692913385826,0.7559055118110236,0.7401574803149606,0.7874015748031497,0.7139107611548557,0.6917885264341956,0.6060367454068242,2019-09-15,0.6377952755905512,81.0,233.375
2019-09-15,233.375,81,0.6377952755905512,0.5275590551181102,0.6456692913385826,0.7559055118110236,0.7322834645669292,0.6430446194225722,0.6546681664791901,0.6044619422572179,2019-09-16,0.7244094488188977,92.0,265.0416666666667
2019-09-16,265.0416666666667,92,0.7244094488188977,0.6377952755905512,0.5275590551181102,0.6456692913385826,0.5275590551181102,0.6036745406824147,0.641169853768279,0.6020997375328084,2019-09-17,0.7165354330708661,91.0,260.9166666666667
2019-09-17,260.9166666666667,91,0.7165354330708661,0.7244094488188977,0.6377952755905512,0.5275590551181102,0.6535433070866141,0.6299212598425198,0.6692913385826771,0.6133858267716535,2019-09-18,0.2677165354330709,34.0,102.75
2019-09-18,102.75,34,0.2677165354330709,0.7165354330708661,0.7244094488188977,0.6377952755905512,0.7401574803149606,0.6929133858267718,0.6782902137232847,0.6173228346456694,2019-09-19,0.7637795275590551,97.0,276.625
2019-09-19,276.625,97,0.7637795275590551,0.2677165354330709,0.7165354330708661,0.7244094488188977,0.7559055118110236,0.5695538057742783,0.6107986501687288,0.6128608923884514,2019-09-20,0.5590551181102362,71.0,204.375
2019-09-20,204.375,71,0.5590551181102362,0.7637795275590551,0.2677165354330709,0.7165354330708661,0.6456692913385826,0.5826771653543307,0.6119235095613048,0.6186351706036746,2019-09-21,0.7322834645669292,93.0,267.5833333333333
2019-09-21,267.5833333333333,93,0.7322834645669292,0.5590551181102362,0.7637795275590551,0.2677165354330709,0.5275590551181102,0.5301837270341208,0.5995500562429695,0.6141732283464567,2019-09-22,0.7401574803149606,94.0,269.625
2019-09-22,269.625,94,0.7401574803149606,0.7322834645669292,0.5590551181102362,0.7637795275590551,0.6377952755905512,0.6850393700787402,0.6287964004499438,0.6194225721784776,2019-09-23,0.7244094488188977,92.0,263.6666666666667
2019-09-23,263.6666666666667,92,0.7244094488188977,0.7401574803149606,0.7322834645669292,0.5590551181102362,0.7244094488188977,0.6771653543307087,0.6434195725534309,0.6175853018372703,2019-09-24,0.6850393700787402,87.0,251.16666666666663
2019-09-24,251.16666666666663,87,0.6850393700787402,0.7244094488188977,0.7401574803149606,0.7322834645669292,0.7165354330708661,0.7322834645669293,0.6434195725534309,0.6244094488188977,2019-09-25,0.6771653543307087,86.0,246.41666666666663
2019-09-25,246.41666666666663,86,0.6771653543307087,0.6850393700787402,0.7244094488188977,0.7401574803149606,0.2677165354330709,0.7165354330708662,0.6389201349831272,0.6296587926509186,2019-09-26,0.7007874015748031,89.0,254.625
2019-09-26,254.625,89,0.7007874015748031,0.6771653543307087,0.6850393700787402,0.7244094488188977,0.7637795275590551,0.6955380577427822,0.6974128233970754,0.6309711286089238,2019-09-27,0.6614173228346457,84.0,241.625
2019-09-27,241.625,84,0.6614173228346457,0.7007874015748031,0.6771653543307087,0.6850393700787402,0.5590551181102362,0.6876640419947507,0.688413948256468,0.6391076115485564,2019-09-28,0.6771653543307087,86.0,247.70833333333331
2019-09-28,247.70833333333331,86,0.6771653543307087,0.6614173228346457,0.7007874015748031,0.6771653543307087,0.7322834645669292,0.6797900262467191,0.703037120359955,0.6414698162729658,2019-09-29,0.6771653543307087,86.0,246.08333333333331
2019-09-29,246.08333333333331,86,0.6771653543307087,0.6771653543307087,0.6614173228346457,0.7007874015748031,0.7401574803149606,0.6797900262467191,0.6951631046119235,0.6359580052493439,2019-09-30,0.6377952755905512,81.0,234.33333333333331
2019-09-30,234.33333333333331,81,0.6377952755905512,0.6771653543307087,0.6771653543307087,0.6614173228346457,0.7244094488188977,0.6719160104986877,0.6861642294713162,0.6328083989501312,2019-10-01,0.5669291338582677,72.0,209.04166666666663
2019-10-01,209.04166666666663,72,0.5669291338582677,0.6377952755905512,0.6771653543307087,0.6771653543307087,0.6850393700787402,0.6640419947506562,0.6737907761529808,0.641469816272966,2019-10-02,0.6535433070866141,83.0,237.66666666666663
2019-10-02,237.66666666666663,83,0.6535433070866141,0.5669291338582677,0.6377952755905512,0.6771653543307087,0.6771653543307087,0.6272965879265092,0.656917885264342,0.6446194225721784,2019-10-03,0.6299212598425197,80.0,230.75
2019-10-03,230.75,80,0.6299212598425197,0.6535433070866141,0.5669291338582677,0.6377952755905512,0.7007874015748031,0.6194225721784776,0.6535433070866141,0.6469816272965879,2019-10-04,0.6299212598425197,80.0,229.70833333333331
2019-10-04,229.70833333333331,80,0.6299212598425197,0.6299212598425197,0.6535433070866141,0.5669291338582677,0.6614173228346457,0.6167979002624673,0.6434195725534309,0.6433070866141732,2019-10-05,0.2283464566929134,29.0,89.875
2019-10-05,89.875,29,0.2283464566929134,0.6299212598425197,0.6299212598425197,0.6535433070866141,0.6771653543307087,0.6377952755905513,0.6389201349831272,0.6538057742782153,2019-10-06,0.5196850393700787,66.0,192.58333333333331
2019-10-06,192.58333333333331,66,0.5196850393700787,0.2283464566929134,0.6299212598425197,0.6299212598425197,0.6771653543307087,0.49606299212598426,0.5748031496062992,0.647769028871391,2019-10-07,0.30708661417322836,39.0,115.91666666666669
2019-10-07,115.91666666666669,39,0.30708661417322836,0.5196850393700787,0.2283464566929134,0.6299212598425197,0.6377952755905512,0.45931758530183736,0.5523059617547806,0.6393700787401575,2019-10-08,0.6062992125984252,77.0,222.54166666666663
2019-10-08,222.54166666666663,77,0.6062992125984252,0.30708661417322836,0.5196850393700787,0.2283464566929134,0.5669291338582677,0.35170603674540685,0.5050618672665916,0.6233595800524935,2019-10-09,0.3937007874015748,50.0,148.45833333333334
2019-10-09,148.45833333333334,50,0.3937007874015748,0.6062992125984252,0.30708661417322836,0.5196850393700787,0.6535433070866141,0.4776902887139108,0.5106861642294713,0.6191601049868767,2019-10-10,0.6377952755905512,81.0,233.0
2019-10-10,233.0,81,0.6377952755905512,0.3937007874015748,0.6062992125984252,0.30708661417322836,0.6299212598425197,0.4356955380577428,0.47356580427446576,0.6146981627296587,2019-10-11,0.6299212598425197,80.0,230.125
2019-10-11,230.125,80,0.6299212598425197,0.6377952755905512,0.3937007874015748,0.6062992125984252,0.6299212598425197,0.5459317585301837,0.47469066366704166,0.6141732283464567,2019-10-12,0.6141732283464567,78.0,226.08333333333331
2019-10-12,226.08333333333331,78,0.6141732283464567,0.6299212598425197,0.6377952755905512,0.3937007874015748,0.2283464566929134,0.5538057742782152,0.47469066366704166,0.610498687664042,2019-10-13,0.4881889763779528,62.0,182.125
2019-10-13,182.125,62,0.4881889763779528,0.6141732283464567,0.6299212598425197,0.6377952755905512,0.5196850393700787,0.6272965879265092,0.5298087739032622,0.6057742782152231,2019-10-14,0.5196850393700787,66.0,191.91666666666663
2019-10-14,191.91666666666663,66,0.5196850393700787,0.4881889763779528,0.6141732283464567,0.6299212598425197,0.30708661417322836,0.5774278215223098,0.5253093363329585,0.6005249343832021,2019-10-15,0.08661417322834646,11.0,38.125
2019-10-15,38.125,11,0.08661417322834646,0.5196850393700787,0.4881889763779528,0.6141732283464567,0.6062992125984252,0.5406824146981627,0.5556805399325084,0.600262467191601,2019-10-16,0.3543307086614173,45.0,134.04166666666666
2019-10-16,134.04166666666666,45,0.3543307086614173,0.08661417322834646,0.5196850393700787,0.4881889763779528,0.3937007874015748,0.36482939632545935,0.48143982002249724,0.5818897637795276,2019-10-17,0.5511811023622047,70.0,203.45833333333331
2019-10-17,203.45833333333331,70,0.5511811023622047,0.3543307086614173,0.08661417322834646,0.5196850393700787,0.6377952755905512,0.3202099737532808,0.47581552305961755,0.5695538057742782,2019-10-18,0.41732283464566927,53.0,156.79166666666666
2019-10-18,156.79166666666666,53,0.41732283464566927,0.5511811023622047,0.3543307086614173,0.08661417322834646,0.6299212598425197,0.33070866141732286,0.46344206974128227,0.5640419947506562,2019-10-19,0.06299212598425197,8.0,29.875
2019-10-19,29.875,8,0.06299212598425197,0.41732283464566927,0.5511811023622047,0.3543307086614173,0.6141732283464567,0.44094488188976383,0.4330708661417323,0.569028871391076,2019-10-20,0.41732283464566927,53.0,156.66666666666666
2019-10-20,156.66666666666666,53,0.41732283464566927,0.06299212598425197,0.41732283464566927,0.5511811023622047,0.4881889763779528,0.3438320209973753,0.3543307086614173,0.5456692913385826,2019-10-21,0.4881889763779528,62.0,182.04166666666663
2019-10-21,182.04166666666663,62,0.4881889763779528,0.41732283464566927,0.06299212598425197,0.41732283464566927,0.5196850393700787,0.2992125984251968,0.344206974128234,0.5409448818897639,2019-10-22,0.36220472440944884,46.0,136.41666666666666
2019-10-22,136.41666666666666,46,0.36220472440944884,0.4881889763779528,0.41732283464566927,0.06299212598425197,0.08661417322834646,0.3228346456692914,0.3397075365579303,0.5328083989501312,2019-10-23,0.5669291338582677,72.0,208.29166666666663
2019-10-23,208.29166666666663,72,0.5669291338582677,0.36220472440944884,0.4881889763779528,0.41732283464566927,0.3543307086614173,0.4225721784776903,0.37907761529808776,0.5202099737532808,2019-10-24,0.4330708661417323,55.0,160.58333333333334
2019-10-24,160.58333333333334,55,0.4330708661417323,0.5669291338582677,0.36220472440944884,0.4881889763779528,0.5511811023622047,0.4724409448818898,0.4094488188976378,0.5149606299212599,2019-10-25,0.3228346456692913,41.0,121.375
2019-10-25,121.375,41,0.3228346456692913,0.4330708661417323,0.5669291338582677,0.36220472440944884,0.41732283464566927,0.45406824146981634,0.3925759280089989,0.5065616797900262,2019-10-26,0.2204724409448819,28.0,85.20833333333333
2019-10-26,85.20833333333333,28,0.2204724409448819,0.3228346456692913,0.4330708661417323,0.5669291338582677,0.06299212598425197,0.44094488188976383,0.3790776152980877,0.49475065616797903,2019-10-27,0.3779527559055118,48.0,143.08333333333334
2019-10-27,143.08333333333334,48,0.3779527559055118,0.2204724409448819,0.3228346456692913,0.4330708661417323,0.41732283464566927,0.32545931758530183,0.4015748031496063,0.478740157480315,2019-10-28,0.5275590551181102,67.0,194.875
2019-10-28,194.875,67,0.5275590551181102,0.3779527559055118,0.2204724409448819,0.3228346456692913,0.4881889763779528,0.3070866141732283,0.3959505061867267,0.4692913385826772,2019-10-29,0.03937007874015748,5.0,22.291666666666668
2019-10-29,22.291666666666668,5,0.03937007874015748,0.5275590551181102,0.3779527559055118,0.2204724409448819,0.36220472440944884,0.37532808398950124,0.40157480314960636,0.4643044619422572,2019-10-30,0.14173228346456693,18.0,59.54166666666666
2019-10-30,59.54166666666666,18,0.14173228346456693,0.03937007874015748,0.5275590551181102,0.3779527559055118,0.5669291338582677,0.3149606299212598,0.35545556805399325,0.4430446194225722,2019-10-31,0.4566929133858268,58.0,170.58333333333334
2019-10-31,170.58333333333334,58,0.4566929133858268,0.14173228346456693,0.03937007874015748,0.5275590551181102,0.4330708661417323,0.23622047244094482,0.29471316085489313,0.42650918635170604,2019-11-01,0.5669291338582677,72.0,208.54166666666663
2019-11-01,208.54166666666663,72,0.5669291338582677,0.4566929133858268,0.14173228346456693,0.03937007874015748,0.3228346456692913,0.21259842519685038,0.2980877390326209,0.42283464566929135,2019-11-02,0.4881889763779528,62.0,181.125
2019-11-02,181.125,62,0.4881889763779528,0.5669291338582677,0.4566929133858268,0.14173228346456693,0.2204724409448819,0.3884514435695537,0.33295838020247476,0.41994750656167984,2019-11-03,0.5511811023622047,70.0,202.375
2019-11-03,202.375,70,0.5511811023622047,0.4881889763779528,0.5669291338582677,0.4566929133858268,0.3779527559055118,0.5039370078740157,0.3712035995500562,0.4152230971128609,2019-11-04,0.33858267716535434,43.0,128.75
2019-11-04,128.75,43,0.33858267716535434,0.5511811023622047,0.4881889763779528,0.5669291338582677,0.5275590551181102,0.5354330708661417,0.39595050618672667,0.4125984251968504,2019-11-05,0.29133858267716534,37.0,112.0
2019-11-05,112.0,37,0.29133858267716534,0.33858267716535434,0.5511811023622047,0.4881889763779528,0.03937007874015748,0.45931758530183725,0.36895388076490443,0.4162729658792651,2019-11-06,0.47244094488188976,60.0,174.66666666666666
2019-11-06,174.66666666666666,60,0.47244094488188976,0.29133858267716534,0.33858267716535434,0.5511811023622047,0.14173228346456693,0.39370078740157477,0.40494938132733405,0.4086614173228346,2019-11-07,0.41732283464566927,53.0,156.29166666666666
2019-11-07,156.29166666666666,53,0.41732283464566927,0.47244094488188976,0.29133858267716534,0.33858267716535434,0.4566929133858268,0.36745406824146976,0.4521934758155231,0.4141732283464567,2019-11-08,0.23622047244094488,30.0,91.75
2019-11-08,91.75,30,0.23622047244094488,0.41732283464566927,0.47244094488188976,0.29133858267716534,0.5669291338582677,0.3937007874015747,0.44656917885264347,0.4078740157480315,2019-11-09,0.5275590551181102,67.0,193.91666666666663
2019-11-09,193.91666666666663,67,0.5275590551181102,0.23622047244094488,0.41732283464566927,0.47244094488188976,0.4881889763779528,0.37532808398950124,0.3993250843644544,0.4026246719160105,2019-11-10,0.5118110236220472,65.0,189.70833333333331
2019-11-10,189.70833333333331,65,0.5118110236220472,0.5275590551181102,0.23622047244094488,0.41732283464566927,0.5511811023622047,0.3937007874015747,0.4049493813273341,0.3989501312335958,2019-11-11,0.4566929133858268,58.0,170.29166666666666
2019-11-11,170.29166666666666,58,0.4566929133858268,0.5118110236220472,0.5275590551181102,0.23622047244094488,0.33858267716535434,0.42519685039370075,0.3993250843644544,0.39501312335958,2019-11-12,0.12598425196850394,16.0,52.04166666666666
2019-11-12,52.04166666666666,16,0.12598425196850394,0.4566929133858268,0.5118110236220472,0.5275590551181102,0.29133858267716534,0.49868766404199466,0.4161979752530934,0.3897637795275591,2019-11-13,0.5196850393700787,66.0,192.58333333333331
2019-11-13,192.58333333333331,66,0.5196850393700787,0.12598425196850394,0.4566929133858268,0.5118110236220472,0.47244094488188976,0.36482939632545924,0.3925759280089989,0.37769028871391075,2019-11-14,0.13385826771653545,17.0,55.875
2019-11-14,55.875,17,0.13385826771653545,0.5196850393700787,0.12598425196850394,0.4566929133858268,0.41732283464566927,0.36745406824146976,0.3993250843644544,0.37769028871391075,2019-11-15,0.03937007874015748,5.0,23.666666666666668
2019-11-15,23.666666666666668,5,0.03937007874015748,0.13385826771653545,0.5196850393700787,0.12598425196850394,0.23622047244094488,0.2598425196850393,0.35883014623172105,0.3792650918635171,2019-11-16,0.031496062992125984,4.0,20.0
2019-11-16,20.0,4,0.031496062992125984,0.03937007874015748,0.13385826771653545,0.5196850393700787,0.5275590551181102,0.2309711286089238,0.3307086614173228,0.36876640419947504,2019-11-17,0.4566929133858268,58.0,169.95833333333334
2019-11-17,169.95833333333334,58,0.4566929133858268,0.031496062992125984,0.03937007874015748,0.13385826771653545,0.5118110236220472,0.0682414698162729,0.25984251968503935,0.3514435695538058,2019-11-18,0.16535433070866143,21.0,67.91666666666667
2019-11-18,67.91666666666667,21,0.16535433070866143,0.4566929133858268,0.031496062992125984,0.03937007874015748,0.4566929133858268,0.17585301837270337,0.25196850393700787,0.35275590551181096,2019-11-19,0.3543307086614173,45.0,132.91666666666666
2019-11-19,132.91666666666666,45,0.3543307086614173,0.16535433070866143,0.4566929133858268,0.031496062992125984,0.12598425196850394,0.21784776902887135,0.21034870641169853,0.35616797900262465,2019-11-20,0.4645669291338583,59.0,171.45833333333334
2019-11-20,171.45833333333334,59,0.4645669291338583,0.3543307086614173,0.16535433070866143,0.4566929133858268,0.5196850393700787,0.3254593175853017,0.24296962879640047,0.3540682414698163,2019-11-21,0.4409448818897638,56.0,164.5
2019-11-21,164.5,56,0.4409448818897638,0.4645669291338583,0.3543307086614173,0.16535433070866143,0.13385826771653545,0.3280839895013123,0.23509561304836896,0.3532808398950131,2019-11-22,0.33858267716535434,43.0,128.58333333333334
2019-11-22,128.58333333333334,43,0.33858267716535434,0.4409448818897638,0.4645669291338583,0.3543307086614173,0.03937007874015748,0.41994750656167973,0.27896512935883017,0.35590551181102364,2019-11-23,0.33858267716535434,43.0,127.70833333333331
2019-11-23,127.70833333333331,43,0.33858267716535434,0.33858267716535434,0.4409448818897638,0.4645669291338583,0.031496062992125984,0.4146981627296587,0.3217097862767154,0.34829396325459316,2019-11-24,0.4566929133858268,58.0,169.75
2019-11-24,169.75,58,0.4566929133858268,0.33858267716535434,0.33858267716535434,0.4409448818897638,0.4566929133858268,0.3727034120734907,0.36557930258717664,0.34514435695538054,2019-11-25,0.33070866141732286,42.0,126.45833333333331
2019-11-25,126.45833333333331,42,0.33070866141732286,0.4566929133858268,0.33858267716535434,0.33858267716535434,0.16535433070866143,0.37795275590551175,0.3655793025871766,0.34960629921259845,2019-11-26,0.4251968503937008,54.0,157.79166666666666
2019-11-26,157.79166666666666,54,0.4251968503937008,0.33070866141732286,0.4566929133858268,0.33858267716535434,0.3543307086614173,0.37532808398950124,0.3892013498312711,0.3532808398950131,2019-11-27,0.30708661417322836,39.0,118.04166666666669
2019-11-27,118.04166666666669,39,0.30708661417322836,0.4251968503937008,0.33070866141732286,0.4566929133858268,0.4645669291338583,0.40419947506561676,0.3993250843644545,0.3548556430446194,2019-11-28,0.4409448818897638,56.0,164.125
2019-11-28,164.125,56,0.4409448818897638,0.30708661417322836,0.4251968503937008,0.33070866141732286,0.4409448818897638,0.3543307086614173,0.3768278965129359,0.34750656167979005,2019-11-29,0.4094488188976378,52.0,152.70833333333334
2019-11-29,152.70833333333334,52,0.4094488188976378,0.4409448818897638,0.30708661417322836,0.4251968503937008,0.33858267716535434,0.3910761154855642,0.3768278965129359,0.36089238845144356,2019-11-30,0.4094488188976378,52.0,153.08333333333334
2019-11-30,153.08333333333334,52,0.4094488188976378,0.4094488188976378,0.4409448818897638,0.30708661417322836,0.33858267716535434,0.38582677165354323,0.38695163104611924,0.36981627296587927,2019-12-01,0.1732283464566929,22.0,68.41666666666667
2019-12-01,68.41666666666667,22,0.1732283464566929,0.4094488188976378,0.4094488188976378,0.4409448818897638,0.4566929133858268,0.41994750656167973,0.39707536557930256,0.368241469816273,2019-12-02,0.4330708661417323,55.0,161.91666666666666
2019-12-02,161.91666666666666,55,0.4330708661417323,0.1732283464566929,0.4094488188976378,0.4094488188976378,0.33070866141732286,0.33070866141732275,0.35658042744656926,0.3551181102362204,2019-12-03,0.3779527559055118,48.0,141.45833333333334
2019-12-03,141.45833333333334,48,0.3779527559055118,0.4330708661417323,0.1732283464566929,0.4094488188976378,0.4251968503937008,0.33858267716535423,0.3712035995500562,0.35328083989501313,2019-12-04,0.4251968503937008,54.0,159.625
2019-12-04,159.625,54,0.4251968503937008,0.3779527559055118,0.4330708661417323,0.1732283464566929,0.30708661417322836,0.3280839895013123,0.3644544431946007,0.34750656167979,2019-12-05,0.4251968503937008,54.0,159.08333333333334
2019-12-05,159.08333333333334,54,0.4251968503937008,0.4251968503937008,0.3779527559055118,0.4330708661417323,0.4409448818897638,0.41207349081364825,0.38132733408323954,0.3503937007874016,2019-12-06,0.2283464566929134,29.0,89.41666666666667
2019-12-06,89.41666666666667,29,0.2283464566929134,0.4251968503937008,0.4251968503937008,0.3779527559055118,0.4094488188976378,0.40944881889763773,0.3790776152980877,0.3548556430446194,2019-12-07,0.29133858267716534,37.0,111.58333333333331
2019-12-07,111.58333333333331,37,0.29133858267716534,0.2283464566929134,0.4251968503937008,0.4251968503937008,0.4094488188976378,0.3595800524934383,0.3532058492688414,0.3467191601049869,2019-12-08,0.3543307086614173,45.0,133.125
2019-12-08,133.125,45,0.3543307086614173,0.29133858267716534,0.2283464566929134,0.4251968503937008,0.1732283464566929,0.3149606299212598,0.33633295838020244,0.3425196850393701,2019-12-09,0.2283464566929134,29.0,89.70833333333333
2019-12-09,89.70833333333333,29,0.2283464566929134,0.3543307086614173,0.29133858267716534,0.2283464566929134,0.4330708661417323,0.2913385826771653,0.3622047244094488,0.3464566929133859,2019-12-10,0.3700787401574803,47.0,140.375
2019-12-10,140.375,47,0.3700787401574803,0.2283464566929134,0.3543307086614173,0.29133858267716534,0.3779527559055118,0.2913385826771652,0.33295838020247476,0.33648293963254594,2019-12-11,0.1968503937007874,25.0,78.45833333333333
2019-12-11,78.45833333333333,25,0.1968503937007874,0.3700787401574803,0.2283464566929134,0.3543307086614173,0.4251968503937008,0.31758530183727024,0.33183352080989875,0.33175853018372703,2019-12-12,0.07874015748031496,10.0,35.333333333333336
2019-12-12,35.333333333333336,10,0.07874015748031496,0.1968503937007874,0.3700787401574803,0.2283464566929134,0.4251968503937008,0.2650918635170603,0.2992125984251968,0.32309711286089243,2019-12-13,0.015748031496062992,2.0,15.333333333333334
2019-12-13,15.333333333333334,2,0.015748031496062992,0.07874015748031496,0.1968503937007874,0.3700787401574803,0.2283464566929134,0.2152230971128608,0.249718785151856,0.3215223097112861,2019-12-14,0.29133858267716534,37.0,112.375
2019-12-14,112.375,37,0.29133858267716534,0.015748031496062992,0.07874015748031496,0.1968503937007874,0.29133858267716534,0.0971128608923884,0.21934758155230596,0.3047244094488189,2019-12-15,0.4015748031496063,51.0,149.625
2019-12-15,149.625,51,0.4015748031496063,0.29133858267716534,0.015748031496062992,0.07874015748031496,0.3543307086614173,0.12860892388451436,0.21934758155230596,0.30997375328083987,2019-12-16,0.3937007874015748,50.0,146.79166666666666
2019-12-16,146.79166666666666,50,0.3937007874015748,0.4015748031496063,0.29133858267716534,0.015748031496062992,0.2283464566929134,0.23622047244094482,0.22609673790776155,0.32204724409448815,2019-12-17,0.031496062992125984,4.0,19.125
2019-12-17,19.125,4,0.031496062992125984,0.3937007874015748,0.4015748031496063,0.29133858267716534,0.3700787401574803,0.3622047244094488,0.24971878515185603,0.3341207349081365,2019-12-18,0.4251968503937008,54.0,159.29166666666666
2019-12-18,159.29166666666666,54,0.4251968503937008,0.031496062992125984,0.3937007874015748,0.4015748031496063,0.1968503937007874,0.2755905511811023,0.2013498312710911,0.3199475065616798,2019-12-19,0.4251968503937008,54.0,158.95833333333334
2019-12-19,158.95833333333334,54,0.4251968503937008,0.4251968503937008,0.031496062992125984,0.3937007874015748,0.07874015748031496,0.2834645669291338,0.23397075365579303,0.32860892388451446,2019-12-20,0.3779527559055118,48.0,141.04166666666666
2019-12-20,141.04166666666666,48,0.3779527559055118,0.4251968503937008,0.4251968503937008,0.031496062992125984,0.015748031496062992,0.2939632545931758,0.28346456692913385,0.3309711286089239,2019-12-21,0.13385826771653545,17.0,55.708333333333336
2019-12-21,55.708333333333336,17,0.13385826771653545,0.3779527559055118,0.4251968503937008,0.4251968503937008,0.29133858267716534,0.40944881889763773,0.3352080989876266,0.32808398950131235,2019-12-22,0.0,0.0,8.75
2019-12-22,8.75,0,0.0,0.13385826771653545,0.3779527559055118,0.4251968503937008,0.4015748031496063,0.31233595800524927,0.312710911136108,0.31784776902887135,2019-12-23,0.015748031496062992,2.0,15.416666666666666
2019-12-23,15.416666666666666,2,0.015748031496062992,0.0,0.13385826771653545,0.3779527559055118,0.3937007874015748,0.17060367454068234,0.25534308211473566,0.30656167979002624,2019-12-24,0.3228346456692913,41.0,121.54166666666669
2019-12-24,121.54166666666669,41,0.3228346456692913,0.015748031496062992,0.0,0.13385826771653545,0.031496062992125984,0.049868766404199405,0.20134983127109113,0.2958005249343832,2019-12-25,0.41732283464566927,53.0,155.20833333333334
2019-12-25,155.20833333333334,53,0.41732283464566927,0.3228346456692913,0.015748031496062992,0.0,0.4251968503937008,0.11286089238845136,0.24296962879640047,0.29133858267716534,2019-12-26,0.3779527559055118,48.0,140.54166666666666
2019-12-26,140.54166666666666,48,0.3779527559055118,0.41732283464566927,0.3228346456692913,0.015748031496062992,0.4251968503937008,0.2519685039370078,0.24184476940382452,0.2942257217847769,2019-12-27,0.23622047244094488,30.0,90.83333333333331
2019-12-27,90.83333333333331,30,0.23622047244094488,0.3779527559055118,0.41732283464566927,0.3228346456692913,0.3779527559055118,0.3727034120734907,0.23509561304836896,0.29265091863517056,2019-12-28,0.14173228346456693,18.0,59.375
2019-12-28,59.375,18,0.14173228346456693,0.23622047244094488,0.3779527559055118,0.41732283464566927,0.13385826771653545,0.34383202099737525,0.21484814398200225,0.29028871391076116,2019-12-29,0.09448818897637795,12.0,41.91666666666666
2019-12-29,41.91666666666666,12,0.09448818897637795,0.14173228346456693,0.23622047244094488,0.3779527559055118,0.0,0.2519685039370078,0.21597300337457817,0.2803149606299213,2019-12-30,0.12598425196850394,16.0,52.66666666666666
2019-12-30,52.66666666666666,16,0.12598425196850394,0.09448818897637795,0.14173228346456693,0.23622047244094488,0.015748031496062992,0.15748031496062984,0.22947131608548932,0.26981627296587923,2019-12-31,0.4251968503937008,54.0,157.79166666666666
2019-12-31,157.79166666666666,54,0.4251968503937008,0.12598425196850394,0.09448818897637795,0.14173228346456693,0.3228346456692913,0.12073490813648287,0.24521934758155228,0.26036745406824147,2020-01-01,0.4094488188976378,52.0,151.79166666666666
2020-01-01,151.79166666666666,52,0.4094488188976378,0.4251968503937008,0.12598425196850394,0.09448818897637795,0.41732283464566927,0.21522309711286083,0.25984251968503935,0.26876640419947506,2020-01-02,0.13385826771653545,17.0,54.79166666666666
2020-01-02,54.79166666666666,17,0.13385826771653545,0.4094488188976378,0.4251968503937008,0.12598425196850394,0.3779527559055118,0.3202099737532808,0.25871766029246346,0.2679790026246719,2020-01-03,0.25196850393700787,32.0,97.91666666666669
2020-01-03,97.91666666666669,32,0.25196850393700787,0.13385826771653545,0.4094488188976378,0.4251968503937008,0.23622047244094488,0.3228346456692913,0.22384701912260968,0.2598425196850394,2020-01-04,0.2755905511811024,35.0,104.95833333333331
2020-01-04,104.95833333333331,35,0.2755905511811024,0.25196850393700787,0.13385826771653545,0.4094488188976378,0.14173228346456693,0.2650918635170603,0.22609673790776155,0.25406824146981627,2020-01-05,0.4330708661417323,55.0,161.83333333333334
2020-01-05,161.83333333333334,55,0.4330708661417323,0.2755905511811024,0.25196850393700787,0.13385826771653545,0.09448818897637795,0.22047244094488186,0.2452193475815523,0.24908136482939633,2020-01-06,0.4251968503937008,54.0,157.83333333333334
2020-01-06,157.83333333333334,54,0.4251968503937008,0.4330708661417323,0.2755905511811024,0.25196850393700787,0.12598425196850394,0.3202099737532808,0.2935883014623172,0.25590551181102367,2020-01-07,0.3858267716535433,49.0,143.375
2020-01-07,143.375,49,0.3858267716535433,0.4251968503937008,0.4330708661417323,0.2755905511811024,0.4251968503937008,0.3779527559055118,0.3363329583802025,0.26036745406824147,2020-01-08,0.4409448818897638,56.0,164.875
2020-01-08,164.875,56,0.4409448818897638,0.3858267716535433,0.4251968503937008,0.4330708661417323,0.4094488188976378,0.4146981627296588,0.3307086614173228,0.26141732283464564,2020-01-09,0.3779527559055118,48.0,141.08333333333334
2020-01-09,141.08333333333334,48,0.3779527559055118,0.4409448818897638,0.3858267716535433,0.4251968503937008,0.13385826771653545,0.4173228346456692,0.33520809898762655,0.268503937007874,2020-01-10,0.1732283464566929,22.0,68.54166666666667
2020-01-10,68.54166666666667,22,0.1732283464566929,0.3779527559055118,0.4409448818897638,0.3858267716535433,0.25196850393700787,0.40157480314960625,0.3700787401574804,0.26876640419947506,2020-01-11,0.11811023622047244,15.0,49.5
2020-01-11,49.5,15,0.11811023622047244,0.1732283464566929,0.3779527559055118,0.4409448818897638,0.2755905511811024,0.3307086614173228,0.3588301462317211,0.2679790026246719,2020-01-12,0.1968503937007874,25.0,77.5
2020-01-12,77.5,25,0.1968503937007874,0.11811023622047244,0.1732283464566929,0.3779527559055118,0.4330708661417323,0.22309711286089237,0.33633295838020244,0.2692913385826772,2020-01-13,0.2283464566929134,29.0,90.125
2020-01-13,90.125,29,0.2283464566929134,0.1968503937007874,0.11811023622047244,0.1732283464566929,0.4251968503937008,0.1627296587926509,0.3025871766029246,0.2753280839895013,2020-01-14,0.2755905511811024,35.0,105.95833333333331
2020-01-14,105.95833333333331,35,0.2755905511811024,0.2283464566929134,0.1968503937007874,0.11811023622047244,0.3858267716535433,0.1811023622047244,0.2744656917885265,0.2732283464566929,2020-01-15,0.31496062992125984,40.0,119.20833333333331
2020-01-15,119.20833333333331,40,0.31496062992125984,0.2755905511811024,0.2283464566929134,0.1968503937007874,0.4409448818897638,0.23359580052493434,0.25871766029246346,0.2690288713910761,2020-01-16,0.3543307086614173,45.0,133.375
2020-01-16,133.375,45,0.3543307086614173,0.31496062992125984,0.2755905511811024,0.2283464566929134,0.3779527559055118,0.2729658792650918,0.24071991001124862,0.26640419947506566,2020-01-17,0.4566929133858268,58.0,168.875
2020-01-17,168.875,58,0.4566929133858268,0.3543307086614173,0.31496062992125984,0.2755905511811024,0.1732283464566929,0.3149606299212598,0.2373453318335208,0.27716535433070866,2020-01-18,0.33858267716535434,43.0,127.79166666666669
2020-01-18,127.79166666666669,43,0.33858267716535434,0.4566929133858268,0.3543307086614173,0.31496062992125984,0.11811023622047244,0.37532808398950124,0.2778402699662542,0.2782152230971129,2020-01-19,0.10236220472440945,13.0,45.583333333333336
2020-01-19,45.583333333333336,13,0.10236220472440945,0.33858267716535434,0.4566929133858268,0.3543307086614173,0.1968503937007874,0.3832020997375327,0.3093363329583802,0.2753280839895013,2020-01-20,0.47244094488188976,60.0,174.20833333333334
2020-01-20,174.20833333333334,60,0.47244094488188976,0.10236220472440945,0.33858267716535434,0.4566929133858268,0.2283464566929134,0.2992125984251968,0.295838020247469,0.26614173228346455,2020-01-21,0.41732283464566927,53.0,154.41666666666666
2020-01-21,154.41666666666666,53,0.41732283464566927,0.47244094488188976,0.10236220472440945,0.33858267716535434,0.2755905511811024,0.3044619422572178,0.3307086614173228,0.27742782152230977,2020-01-22,0.4645669291338583,59.0,171.79166666666666
2020-01-22,171.79166666666666,59,0.4645669291338583,0.41732283464566927,0.47244094488188976,0.10236220472440945,0.31496062992125984,0.33070866141732275,0.35095613048368957,0.2913385826771654,2020-01-23,0.09448818897637795,12.0,42.91666666666666
2020-01-23,42.91666666666666,12,0.09448818897637795,0.4645669291338583,0.41732283464566927,0.47244094488188976,0.3543307086614173,0.4514435695538057,0.3723284589426322,0.3062992125984252,2020-01-24,0.1968503937007874,25.0,79.0
2020-01-24,79.0,25,0.1968503937007874,0.09448818897637795,0.4645669291338583,0.41732283464566927,0.4566929133858268,0.3254593175853018,0.33520809898762655,0.2986876640419947,2020-01-25,0.4881889763779528,62.0,181.29166666666663
2020-01-25,181.29166666666663,62,0.4881889763779528,0.1968503937007874,0.09448818897637795,0.4645669291338583,0.33858267716535434,0.2519685039370078,0.2980877390326209,0.2913385826771654,2020-01-26,0.44881889763779526,57.0,166.58333333333334
2020-01-26,166.58333333333334,57,0.44881889763779526,0.4881889763779528,0.1968503937007874,0.09448818897637795,0.10236220472440945,0.25984251968503935,0.3194600674915636,0.2950131233595801,2020-01-27,0.2677165354330709,34.0,104.25
2020-01-27,104.25,34,0.2677165354330709,0.44881889763779526,0.4881889763779528,0.1968503937007874,0.47244094488188976,0.37795275590551175,0.3689538807649044,0.3020997375328084,2020-01-28,0.49606299212598426,63.0,183.66666666666663
2020-01-28,183.66666666666663,63,0.49606299212598426,0.2677165354330709,0.44881889763779526,0.4881889763779528,0.41732283464566927,0.40157480314960625,0.3397075365579303,0.3062992125984252,2020-01-29,0.12598425196850394,16.0,51.958333333333336
2020-01-29,51.958333333333336,16,0.12598425196850394,0.49606299212598426,0.2677165354330709,0.44881889763779526,0.4645669291338583,0.40419947506561676,0.35095613048368957,0.3196850393700787,2020-01-30,0.4881889763779528,62.0,181.45833333333331
2020-01-30,181.45833333333331,62,0.4881889763779528,0.12598425196850394,0.49606299212598426,0.2677165354330709,0.09448818897637795,0.2965879265091863,0.30258717660292467,0.31968503937007875,2020-01-31,0.03937007874015748,5.0,23.916666666666668
2020-01-31,23.916666666666668,5,0.03937007874015748,0.4881889763779528,0.12598425196850394,0.49606299212598426,0.1968503937007874,0.37007874015748027,0.35883014623172105,0.32178477690288715,2020-02-01,0.023622047244094488,3.0,18.291666666666668
2020-02-01,18.291666666666668,3,0.023622047244094488,0.03937007874015748,0.4881889763779528,0.12598425196850394,0.4881889763779528,0.21784776902887135,0.3363329583802025,0.30944881889763776,2020-02-02,0.5196850393700787,66.0,191.41666666666663
2020-02-02,191.41666666666663,66,0.5196850393700787,0.023622047244094488,0.03937007874015748,0.4881889763779528,0.44881889763779526,0.18372703412073488,0.26996625421822273,0.30577427821522307,2020-02-03,0.5118110236220472,65.0,188.0
2020-02-03,188.0,65,0.5118110236220472,0.5196850393700787,0.023622047244094488,0.03937007874015748,0.2677165354330709,0.19422572178477684,0.28008998875140606,0.31469816272965884,2020-02-04,0.4015748031496063,51.0,151.125
2020-02-04,151.125,51,0.4015748031496063,0.5118110236220472,0.5196850393700787,0.023622047244094488,0.49606299212598426,0.3517060367454068,0.31496062992125984,0.3225721784776903,2020-02-05,0.2677165354330709,34.0,103.70833333333331
2020-02-05,103.70833333333331,34,0.2677165354330709,0.4015748031496063,0.5118110236220472,0.5196850393700787,0.12598425196850394,0.4776902887139107,0.3014623172103487,0.3215223097112861,2020-02-06,0.1889763779527559,24.0,74.25
2020-02-06,74.25,24,0.1889763779527559,0.2677165354330709,0.4015748031496063,0.5118110236220472,0.4881889763779528,0.39370078740157477,0.3217097862767154,0.3162729658792651,2020-02-07,0.5118110236220472,65.0,188.04166666666663
2020-02-07,188.04166666666663,65,0.5118110236220472,0.1889763779527559,0.2677165354330709,0.4015748031496063,0.03937007874015748,0.2860892388451443,0.27896512935883017,0.3097112860892388,2020-02-08,0.3858267716535433,49.0,144.04166666666666
2020-02-08,144.04166666666666,49,0.3858267716535433,0.5118110236220472,0.1889763779527559,0.2677165354330709,0.023622047244094488,0.32283464566929126,0.3464566929133858,0.31207349081364827,2020-02-09,0.5511811023622047,70.0,202.70833333333331
2020-02-09,202.70833333333331,70,0.5511811023622047,0.3858267716535433,0.5118110236220472,0.1889763779527559,0.5196850393700787,0.3622047244094488,0.3982002249718785,0.3123359580052494,2020-02-10,0.4094488188976378,52.0,153.08333333333334
2020-02-10,153.08333333333334,52,0.4094488188976378,0.5511811023622047,0.3858267716535433,0.5118110236220472,0.5118110236220472,0.48293963254593164,0.4026996625421822,0.3249343832020997,2020-02-11,0.23622047244094488,30.0,91.70833333333331
2020-02-11,91.70833333333331,30,0.23622047244094488,0.4094488188976378,0.5511811023622047,0.3858267716535433,0.4015748031496063,0.4488188976377952,0.3880764904386952,0.3346456692913386,2020-02-12,0.3779527559055118,48.0,142.79166666666666
2020-02-12,142.79166666666666,48,0.3779527559055118,0.23622047244094488,0.4094488188976378,0.5511811023622047,0.2677165354330709,0.39895013123359574,0.3644544431946007,0.3359580052493438,2020-02-13,0.36220472440944884,46.0,137.66666666666666
2020-02-13,137.66666666666666,46,0.36220472440944884,0.3779527559055118,0.23622047244094488,0.4094488188976378,0.1889763779527559,0.34120734908136474,0.38020247469066365,0.34094488188976374,2020-02-14,0.4409448818897638,56.0,165.125
2020-02-14,165.125,56,0.4409448818897638,0.36220472440944884,0.3779527559055118,0.23622047244094488,0.5118110236220472,0.3254593175853018,0.4049493813273341,0.34383202099737536,2020-02-15,0.5826771653543307,74.0,213.79166666666663
2020-02-15,213.79166666666663,74,0.5826771653543307,0.4409448818897638,0.36220472440944884,0.3779527559055118,0.3858267716535433,0.3937007874015747,0.3948256467941508,0.3480314960629921,2020-02-16,0.031496062992125984,4.0,19.416666666666668
2020-02-16,19.416666666666668,4,0.031496062992125984,0.5826771653543307,0.4409448818897638,0.36220472440944884,0.5511811023622047,0.4619422572178477,0.42294713160854897,0.3556430446194226,2020-02-17,0.2283464566929134,29.0,89.875
2020-02-17,89.875,29,0.2283464566929134,0.031496062992125984,0.5826771653543307,0.4409448818897638,0.4094488188976378,0.35170603674540674,0.3487064116985377,0.34146981627296585,2020-02-18,0.14960629921259844,19.0,62.583333333333336
2020-02-18,62.583333333333336,19,0.14960629921259844,0.2283464566929134,0.031496062992125984,0.5826771653543307,0.23622047244094488,0.2808398950131233,0.3228346456692913,0.33779527559055117,2020-02-19,0.16535433070866143,21.0,66.0
2020-02-19,66.0,21,0.16535433070866143,0.14960629921259844,0.2283464566929134,0.031496062992125984,0.3779527559055118,0.13648293963254587,0.3104611923509561,0.33937007874015745,2020-02-20,0.031496062992125984,4.0,19.33333333333333
2020-02-20,19.33333333333333,4,0.031496062992125984,0.16535433070866143,0.14960629921259844,0.2283464566929134,0.36220472440944884,0.18110236220472434,0.28008998875140606,0.32913385826771646,2020-02-21,0.5826771653543307,74.0,214.66666666666663
2020-02-21,214.66666666666663,74,0.5826771653543307,0.031496062992125984,0.16535433070866143,0.14960629921259844,0.4409448818897638,0.11548556430446187,0.23284589426321706,0.31627296587926507,2020-02-22,0.6535433070866141,83.0,239.375
2020-02-22,239.375,83,0.6535433070866141,0.5826771653543307,0.031496062992125984,0.16535433070866143,0.5826771653543307,0.2598425196850393,0.2530933633295838,0.32020997375328086,2020-02-23,0.5669291338582677,72.0,209.08333333333331
2020-02-23,209.08333333333331,72,0.5669291338582677,0.6535433070866141,0.5826771653543307,0.031496062992125984,0.031496062992125984,0.42257217847769013,0.26321709786276715,0.33884514435695545,2020-02-24,0.14960629921259844,19.0,61.0
2020-02-24,61.0,19,0.14960629921259844,0.5669291338582677,0.6535433070866141,0.5826771653543307,0.2283464566929134,0.6010498687664041,0.33970753655793023,0.3511811023622047,2020-02-25,0.15748031496062992,20.0,63.41666666666666
2020-02-25,63.41666666666666,20,0.15748031496062992,0.14960629921259844,0.5669291338582677,0.6535433070866141,0.14960629921259844,0.4566929133858266,0.32845894263217096,0.33989501312335957,2020-02-26,0.09448818897637795,12.0,42.625
2020-02-26,42.625,12,0.09448818897637795,0.15748031496062992,0.14960629921259844,0.5669291338582677,0.16535433070866143,0.2913385826771653,0.32958380202474696,0.33018372703412074,2020-02-27,0.6771653543307087,86.0,246.29166666666663
2020-02-27,246.29166666666663,86,0.6771653543307087,0.09448818897637795,0.15748031496062992,0.14960629921259844,0.031496062992125984,0.13385826771653536,0.3194600674915636,0.32440944881889766,2020-02-28,0.6692913385826772,85.0,245.33333333333331
2020-02-28,245.33333333333331,85,0.6692913385826772,0.6771653543307087,0.09448818897637795,0.15748031496062992,0.5826771653543307,0.30971128608923876,0.4116985376827897,0.3304461942257218,2020-02-29,0.6692913385826772,85.0,245.04166666666663
2020-02-29,245.04166666666663,85,0.6692913385826772,0.6692913385826772,0.6771653543307087,0.09448818897637795,0.6535433070866141,0.48031496062992113,0.42407199100112486,0.3485564304461942,2020-03-01,0.6377952755905512,81.0,232.66666666666663
2020-03-01,232.66666666666663,81,0.6377952755905512,0.6692913385826772,0.6692913385826772,0.6771653543307087,0.5669291338582677,0.6719160104986877,0.4263217097862767,0.3545931758530184,2020-03-02,0.4409448818897638,56.0,163.33333333333334
2020-03-02,163.33333333333334,56,0.4409448818897638,0.6377952755905512,0.6692913385826772,0.6692913385826772,0.14960629921259844,0.6587926509186351,0.43644544431946003,0.3745406824146981,2020-03-03,0.1732283464566929,22.0,69.79166666666667
2020-03-03,69.79166666666667,22,0.1732283464566929,0.4409448818897638,0.6377952755905512,0.6692913385826772,0.15748031496062992,0.5826771653543307,0.4780652418447694,0.3884514435695538,2020-03-04,0.03937007874015748,5.0,23.791666666666668
2020-03-04,23.791666666666668,5,0.03937007874015748,0.1732283464566929,0.4409448818897638,0.6377952755905512,0.09448818897637795,0.4173228346456692,0.48031496062992124,0.3769028871391076,2020-03-05,0.031496062992125984,4.0,19.791666666666668
2020-03-05,19.791666666666668,4,0.031496062992125984,0.03937007874015748,0.1732283464566929,0.4409448818897638,0.6771653543307087,0.2178477690288713,0.47244094488188976,0.3611548556430446,2020-03-06,0.6929133858267716,88.0,252.08333333333331
2020-03-06,252.08333333333331,88,0.6929133858267716,0.031496062992125984,0.03937007874015748,0.1732283464566929,0.6692913385826772,0.08136482939632539,0.38020247469066365,0.3488188976377952,2020-03-07,0.7244094488188977,92.0,262.7916666666667
2020-03-07,262.7916666666667,92,0.7244094488188977,0.6929133858267716,0.031496062992125984,0.03937007874015748,0.6692913385826772,0.25459317585301827,0.38357705286839144,0.36299212598425196,2020-03-08,0.5669291338582677,72.0,207.41666666666663
2020-03-08,207.41666666666663,72,0.5669291338582677,0.7244094488188977,0.6929133858267716,0.031496062992125984,0.6377952755905512,0.48293963254593164,0.3914510686164229,0.3808398950131233,2020-03-09,0.5669291338582677,72.0,208.83333333333331
2020-03-09,208.83333333333331,72,0.5669291338582677,0.5669291338582677,0.7244094488188977,0.6929133858267716,0.4409448818897638,0.6614173228346456,0.38132733408323954,0.38267716535433066,2020-03-10,0.3228346456692913,41.0,122.54166666666669
2020-03-10,122.54166666666669,41,0.3228346456692913,0.5669291338582677,0.5669291338582677,0.7244094488188977,0.1732283464566929,0.6194225721784776,0.3993250843644545,0.3887139107611548,2020-03-11,0.5590551181102362,71.0,205.70833333333331
2020-03-11,205.70833333333331,71,0.5590551181102362,0.3228346456692913,0.5669291338582677,0.5669291338582677,0.03937007874015748,0.4855643044619422,0.42069741282339707,0.38110236220472443,2020-03-12,0.5984251968503937,76.0,218.25
2020-03-12,218.25,76,0.5984251968503937,0.5590551181102362,0.3228346456692913,0.5669291338582677,0.031496062992125984,0.48293963254593164,0.4949381327334083,0.38608923884514434,2020-03-13,0.5748031496062992,73.0,211.75
2020-03-13,211.75,73,0.5748031496062992,0.5984251968503937,0.5590551181102362,0.3228346456692913,0.6929133858267716,0.4934383202099737,0.5759280089988751,0.3981627296587927,2020-03-14,0.5039370078740157,64.0,185.0
2020-03-14,185.0,64,0.5039370078740157,0.5748031496062992,0.5984251968503937,0.5590551181102362,0.7244094488188977,0.5774278215223095,0.5590551181102362,0.40472440944881893,2020-03-15,0.3543307086614173,45.0,133.25
2020-03-15,133.25,45,0.3543307086614173,0.5039370078740157,0.5748031496062992,0.5984251968503937,0.5669291338582677,0.5590551181102361,0.5275590551181103,0.4094488188976378,2020-03-16,0.30708661417322836,39.0,116.54166666666669
2020-03-16,116.54166666666669,39,0.30708661417322836,0.3543307086614173,0.5039370078740157,0.5748031496062992,0.5669291338582677,0.47769028871391067,0.4971878515185602,0.4065616797900262,2020-03-17,0.49606299212598426,63.0,183.875
2020-03-17,183.875,63,0.49606299212598426,0.30708661417322836,0.3543307086614173,0.5039370078740157,0.3228346456692913,0.3884514435695537,0.4600674915635546,0.3973753280839895,2020-03-18,0.6456692913385826,82.0,236.16666666666663
2020-03-18,236.16666666666663,82,0.6456692913385826,0.49606299212598426,0.30708661417322836,0.3543307086614173,0.5590551181102362,0.38582677165354323,0.4848143982002249,0.4128608923884514,2020-03-19,0.6850393700787402,87.0,250.54166666666663
2020-03-19,250.54166666666663,87,0.6850393700787402,0.6456692913385826,0.49606299212598426,0.30708661417322836,0.5984251968503937,0.48293963254593164,0.4971878515185602,0.4267716535433071,2020-03-20,0.6535433070866141,83.0,238.625
2020-03-20,238.625,83,0.6535433070866141,0.6850393700787402,0.6456692913385826,0.49606299212598426,0.5748031496062992,0.6089238845144357,0.5095613048368954,0.4446194225721785,2020-03-21,0.5669291338582677,72.0,207.83333333333331
2020-03-21,207.83333333333331,72,0.5669291338582677,0.6535433070866141,0.6850393700787402,0.6456692913385826,0.5039370078740157,0.6614173228346455,0.5208098987626546,0.4608923884514436,2020-03-22,0.16535433070866143,21.0,67.58333333333333
2020-03-22,67.58333333333333,21,0.16535433070866143,0.5669291338582677,0.6535433070866141,0.6850393700787402,0.3543307086614173,0.6351706036745406,0.5298087739032621,0.478740157480315,2020-03-23,0.2440944881889764,31.0,94.75
2020-03-23,94.75,31,0.2440944881889764,0.16535433070866143,0.5669291338582677,0.6535433070866141,0.30708661417322836,0.4619422572178476,0.5028121484814398,0.46482939632545933,2020-03-24,0.6062992125984252,77.0,222.91666666666663
2020-03-24,222.91666666666663,77,0.6062992125984252,0.2440944881889764,0.16535433070866143,0.5669291338582677,0.49606299212598426,0.3254593175853018,0.4938132733408324,0.4511811023622047,2020-03-25,0.6929133858267716,88.0,253.33333333333331
2020-03-25,253.33333333333331,88,0.6929133858267716,0.6062992125984252,0.2440944881889764,0.16535433070866143,0.6456692913385826,0.33858267716535434,0.5095613048368954,0.45249343832021,2020-03-26,0.6535433070866141,83.0,239.33333333333331
2020-03-26,239.33333333333331,83,0.6535433070866141,0.6929133858267716,0.6062992125984252,0.2440944881889764,0.6850393700787402,0.5144356955380577,0.5163104611923509,0.47060367454068247,2020-03-27,0.7244094488188977,92.0,263.9583333333333
2020-03-27,263.9583333333333,92,0.7244094488188977,0.6535433070866141,0.6929133858267716,0.6062992125984252,0.6535433070866141,0.6509186351706036,0.5118110236220472,0.4871391076115486,2020-03-28,0.7716535433070866,98.0,281.5
2020-03-28,281.5,98,0.7716535433070866,0.7244094488188977,0.6535433070866141,0.6929133858267716,0.5669291338582677,0.6902887139107611,0.5219347581552306,0.5081364829396325,2020-03-29,0.6850393700787402,87.0,250.91666666666663
2020-03-29,250.91666666666663,87,0.6850393700787402,0.7716535433070866,0.7244094488188977,0.6535433070866141,0.16535433070866143,0.7165354330708661,0.5511811023622047,0.5112860892388452,2020-03-30,0.6850393700787402,87.0,249.70833333333331
2020-03-30,249.70833333333331,87,0.6850393700787402,0.6850393700787402,0.7716535433070866,0.7244094488188977,0.2440944881889764,0.727034120734908,0.625421822272216,0.5118110236220472,2020-03-31,0.2204724409448819,28.0,86.125
2020-03-31,86.125,28,0.2204724409448819,0.6850393700787402,0.6850393700787402,0.7716535433070866,0.6062992125984252,0.7139107611548555,0.6884139482564678,0.5123359580052493,2020-04-01,0.6692913385826772,85.0,245.0
2020-04-01,245.0,85,0.6692913385826772,0.2204724409448819,0.6850393700787402,0.6850393700787402,0.6929133858267716,0.5301837270341206,0.6332958380202475,0.4984251968503937,2020-04-02,0.8267716535433071,105.0,299.5416666666667
2020-04-02,299.5416666666667,105,0.8267716535433071,0.6692913385826772,0.2204724409448819,0.6850393700787402,0.6535433070866141,0.5249343832020997,0.6299212598425197,0.5060367454068241,2020-04-03,0.7874015748031497,100.0,284.875
2020-04-03,284.875,100,0.7874015748031497,0.8267716535433071,0.6692913385826772,0.2204724409448819,0.7244094488188977,0.5721784776902886,0.6546681664791901,0.5278215223097112,2020-04-04,0.7480314960629921,95.0,273.6666666666667
2020-04-04,273.6666666666667,95,0.7480314960629921,0.7874015748031497,0.8267716535433071,0.6692913385826772,0.7716535433070866,0.7611548556430446,0.6636670416197975,0.552755905511811,2020-04-05,0.28346456692913385,36.0,108.5
2020-04-05,108.5,36,0.28346456692913385,0.7480314960629921,0.7874015748031497,0.8267716535433071,0.6850393700787402,0.7874015748031495,0.6602924634420697,0.5766404199475066,2020-04-06,0.8031496062992126,102.0,291.375
2020-04-06,291.375,102,0.8031496062992126,0.28346456692913385,0.7480314960629921,0.7874015748031497,0.6850393700787402,0.6062992125984252,0.6029246344206973,0.562992125984252,2020-04-07,0.5826771653543307,74.0,213.875
2020-04-07,213.875,74,0.5826771653543307,0.8031496062992126,0.28346456692913385,0.7480314960629921,0.2204724409448819,0.6115485564304461,0.6197975253093364,0.5656167979002624,2020-04-08,0.4645669291338583,59.0,172.79166666666666
2020-04-08,172.79166666666666,59,0.4645669291338583,0.5826771653543307,0.8031496062992126,0.28346456692913385,0.6692913385826772,0.5564304461942257,0.671541057367829,0.5661417322834645,2020-04-09,0.8110236220472441,103.0,293.2083333333333
2020-04-09,293.2083333333333,103,0.8110236220472441,0.4645669291338583,0.5826771653543307,0.8031496062992126,0.8267716535433071,0.6167979002624672,0.6422947131608548,0.562729658792651,2020-04-10,0.7559055118110236,96.0,274.4166666666667
2020-04-10,274.4166666666667,96,0.7559055118110236,0.8110236220472441,0.4645669291338583,0.5826771653543307,0.7874015748031497,0.6194225721784776,0.6400449943757031,0.5790026246719161,2020-04-11,0.8503937007874016,108.0,307.7916666666667
2020-04-11,307.7916666666667,108,0.8503937007874016,0.7559055118110236,0.8110236220472441,0.4645669291338583,0.7480314960629921,0.6771653543307087,0.6355455568053994,0.5855643044619422,2020-04-12,0.2047244094488189,26.0,81.375
2020-04-12,81.375,26,0.2047244094488189,0.8503937007874016,0.7559055118110236,0.8110236220472441,0.28346456692913385,0.8057742782152232,0.6501687289088866,0.5939632545931758,2020-04-13,0.6535433070866141,83.0,239.66666666666663
2020-04-13,239.66666666666663,83,0.6535433070866141,0.2047244094488189,0.8503937007874016,0.7559055118110236,0.8031496062992126,0.6036745406824147,0.6389201349831272,0.5816272965879266,2020-04-14,0.7322834645669292,93.0,268.0416666666667
2020-04-14,268.0416666666667,93,0.7322834645669292,0.6535433070866141,0.2047244094488189,0.8503937007874016,0.5826771653543307,0.569553805774278,0.6175478065241845,0.5866141732283464,2020-04-15,0.4566929133858268,58.0,169.91666666666666
2020-04-15,169.91666666666666,58,0.4566929133858268,0.7322834645669292,0.6535433070866141,0.2047244094488189,0.4645669291338583,0.5301837270341206,0.6389201349831272,0.5992125984251968,2020-04-16,0.8976377952755905,114.0,326.2083333333333
2020-04-16,326.2083333333333,114,0.8976377952755905,0.4566929133858268,0.7322834645669292,0.6535433070866141,0.8110236220472441,0.6141732283464566,0.6377952755905512,0.6041994750656168,2020-04-17,0.7244094488188977,92.0,265.0416666666667
2020-04-17,265.0416666666667,92,0.7244094488188977,0.8976377952755905,0.4566929133858268,0.7322834645669292,0.7559055118110236,0.6955380577427821,0.6501687289088863,0.6175853018372703,2020-04-18,0.7559055118110236,96.0,274.4583333333333
2020-04-18,274.4583333333333,96,0.7559055118110236,0.7244094488188977,0.8976377952755905,0.4566929133858268,0.8503937007874016,0.6929133858267716,0.6456692913385826,0.6202099737532809,2020-04-19,0.15748031496062992,20.0,63.04166666666666
2020-04-19,63.04166666666666,20,0.15748031496062992,0.7559055118110236,0.7244094488188977,0.8976377952755905,0.2047244094488189,0.7926509186351706,0.6321709786276716,0.6225721784776904,2020-04-20,0.7086614173228346,90.0,257.7916666666667
2020-04-20,257.7916666666667,90,0.7086614173228346,0.15748031496062992,0.7559055118110236,0.7244094488188977,0.6535433070866141,0.5459317585301836,0.625421822272216,0.6060367454068242,2020-04-21,0.8976377952755905,114.0,325.5
2020-04-21,325.5,114,0.8976377952755905,0.7086614173228346,0.15748031496062992,0.7559055118110236,0.7322834645669292,0.5406824146981627,0.6332958380202475,0.6107611548556431,2020-04-22,0.905511811023622,115.0,326.9166666666667
2020-04-22,326.9166666666667,115,0.905511811023622,0.8976377952755905,0.7086614173228346,0.15748031496062992,0.4566929133858268,0.5879265091863516,0.6569178852643419,0.6351706036745407,2020-04-23,0.12598425196850394,16.0,52.375
2020-04-23,52.375,16,0.12598425196850394,0.905511811023622,0.8976377952755905,0.7086614173228346,0.8976377952755905,0.8372703412073491,0.7210348706411699,0.6572178477690288,2020-04-24,0.6299212598425197,80.0,230.29166666666663
2020-04-24,230.29166666666663,80,0.6299212598425197,0.12598425196850394,0.905511811023622,0.8976377952755905,0.7244094488188977,0.6430446194225721,0.6107986501687288,0.6412073490813649,2020-04-25,0.8818897637795275,112.0,318.2916666666667
2020-04-25,318.2916666666667,112,0.8818897637795275,0.6299212598425197,0.12598425196850394,0.905511811023622,0.7559055118110236,0.5538057742782151,0.5973003374578177,0.6391076115485564,2020-04-26,0.8582677165354331,109.0,310.9583333333333
2020-04-26,310.9583333333333,109,0.8582677165354331,0.8818897637795275,0.6299212598425197,0.12598425196850394,0.15748031496062992,0.5459317585301836,0.6152980877390325,0.6467191601049868,2020-04-27,0.937007874015748,119.0,339.5416666666667
2020-04-27,339.5416666666667,119,0.937007874015748,0.8582677165354331,0.8818897637795275,0.6299212598425197,0.7086614173228346,0.79002624671916,0.7154105736782902,0.6511811023622047,2020-04-28,0.8582677165354331,109.0,312.2083333333333
2020-04-28,312.2083333333333,109,0.8582677165354331,0.937007874015748,0.8582677165354331,0.8818897637795275,0.8976377952755905,0.8923884514435695,0.748031496062992,0.6566929133858268,2020-04-29,0.8740157480314961,111.0,317.4583333333333
2020-04-29,317.4583333333333,111,0.8740157480314961,0.8582677165354331,0.937007874015748,0.8582677165354331,0.905511811023622,0.884514435695538,0.7424071991001125,0.6624671916010498,2020-04-30,0.7559055118110236,96.0,275.0
2020-04-30,275.0,96,0.7559055118110236,0.8740157480314961,0.8582677165354331,0.937007874015748,0.12598425196850394,0.8897637795275589,0.7379077615298087,0.6687664041994751,2020-05-01,0.952755905511811,121.0,343.5416666666667
2020-05-01,343.5416666666667,121,0.952755905511811,0.7559055118110236,0.8740157480314961,0.8582677165354331,0.6299212598425197,0.8293963254593174,0.8278965129358831,0.6866141732283464,2020-05-02,0.9212598425196851,117.0,334.625
2020-05-02,334.625,117,0.9212598425196851,0.952755905511811,0.7559055118110236,0.8740157480314961,0.8818897637795275,0.8608923884514436,0.8740157480314961,0.6960629921259842,2020-05-03,0.9133858267716536,116.0,331.5833333333333
2020-05-03,331.5833333333333,116,0.9133858267716536,0.9212598425196851,0.952755905511811,0.7559055118110236,0.8582677165354331,0.8766404199475065,0.8796400449943758,0.6992125984251968,2020-05-04,0.9133858267716536,116.0,329.3333333333333
2020-05-04,329.3333333333333,116,0.9133858267716536,0.9133858267716536,0.9212598425196851,0.952755905511811,0.937007874015748,0.9291338582677163,0.8875140607424071,0.7034120734908137,2020-05-05,0.8818897637795275,112.0,319.5833333333333
2020-05-05,319.5833333333333,112,0.8818897637795275,0.9133858267716536,0.9133858267716536,0.9212598425196851,0.8582677165354331,0.916010498687664,0.8841394825646793,0.7089238845144357,2020-05-06,0.8661417322834646,110.0,314.4583333333333
2020-05-06,314.4583333333333,110,0.8661417322834646,0.8818897637795275,0.9133858267716536,0.9133858267716536,0.8740157480314961,0.9028871391076114,0.8875140607424071,0.7288713910761155,2020-05-07,0.9606299212598425,122.0,348.1666666666667
2020-05-07,348.1666666666667,122,0.9606299212598425,0.8661417322834646,0.8818897637795275,0.9133858267716536,0.7559055118110236,0.8871391076115485,0.8863892013498313,0.7309711286089239,2020-05-08,0.7401574803149606,94.0,269.125
2020-05-08,269.125,94,0.7401574803149606,0.9606299212598425,0.8661417322834646,0.8818897637795275,0.952755905511811,0.9028871391076114,0.9156355455568054,0.7435695538057743,2020-05-09,0.937007874015748,119.0,338.625
2020-05-09,338.625,119,0.937007874015748,0.7401574803149606,0.9606299212598425,0.8661417322834646,0.9212598425196851,0.8556430446194225,0.8852643419572553,0.752755905511811,2020-05-10,0.8582677165354331,109.0,310.875
2020-05-10,310.875,109,0.8582677165354331,0.937007874015748,0.7401574803149606,0.9606299212598425,0.9133858267716536,0.879265091863517,0.8875140607424071,0.7569553805774277,2020-05-11,0.9606299212598425,122.0,346.4583333333333
2020-05-11,346.4583333333333,122,0.9606299212598425,0.8582677165354331,0.937007874015748,0.7401574803149606,0.9133858267716536,0.8451443569553806,0.8796400449943756,0.7603674540682415,2020-05-12,0.9291338582677166,118.0,335.25
2020-05-12,335.25,118,0.9291338582677166,0.9606299212598425,0.8582677165354331,0.937007874015748,0.8818897637795275,0.9186351706036744,0.8863892013498313,0.7640419947506562,2020-05-13,0.7874015748031497,100.0,285.25
2020-05-13,285.25,100,0.7874015748031497,0.9291338582677166,0.9606299212598425,0.8582677165354331,0.8661417322834646,0.9160104986876639,0.8931383577052869,0.7881889763779527,2020-05-14,0.8346456692913385,106.0,302.9166666666667
2020-05-14,302.9166666666667,106,0.8346456692913385,0.7874015748031497,0.9291338582677166,0.9606299212598425,0.9606299212598425,0.8923884514435695,0.8818897637795275,0.7926509186351706,2020-05-15,0.7874015748031497,100.0,285.1666666666667
2020-05-15,285.1666666666667,100,0.7874015748031497,0.8346456692913385,0.7874015748031497,0.9291338582677166,0.7401574803149606,0.8503937007874015,0.8638920134983127,0.7960629921259843,2020-05-16,0.8976377952755905,114.0,326.0
2020-05-16,326.0,114,0.8976377952755905,0.7874015748031497,0.8346456692913385,0.7874015748031497,0.937007874015748,0.8031496062992125,0.8706411698537683,0.8070866141732284,2020-05-17,0.6535433070866141,83.0,237.91666666666663
2020-05-17,237.91666666666663,83,0.6535433070866141,0.8976377952755905,0.7874015748031497,0.8346456692913385,0.8582677165354331,0.8398950131233596,0.8650168728908886,0.8070866141732284,2020-05-18,0.5354330708661418,68.0,197.70833333333331
2020-05-18,197.70833333333331,68,0.5354330708661418,0.6535433070866141,0.8976377952755905,0.7874015748031497,0.9606299212598425,0.7795275590551181,0.8357705286839145,0.8047244094488188,2020-05-19,0.6456692913385826,82.0,237.29166666666663
2020-05-19,237.29166666666663,82,0.6456692913385826,0.5354330708661418,0.6535433070866141,0.8976377952755905,0.9291338582677166,0.6955380577427821,0.7750281214848144,0.7973753280839895,2020-05-20,0.31496062992125984,40.0,120.83333333333331
2020-05-20,120.83333333333331,40,0.31496062992125984,0.6456692913385826,0.5354330708661418,0.6535433070866141,0.7874015748031497,0.6115485564304461,0.734533183352081,0.8136482939632546,2020-05-21,0.5196850393700787,66.0,192.20833333333331
2020-05-21,192.20833333333331,66,0.5196850393700787,0.31496062992125984,0.6456692913385826,0.5354330708661418,0.8346456692913385,0.49868766404199466,0.6670416197975254,0.800524934383202,2020-05-22,0.7952755905511811,101.0,289.7083333333333
2020-05-22,289.7083333333333,101,0.7952755905511811,0.5196850393700787,0.31496062992125984,0.6456692913385826,0.7874015748031497,0.49343832020997364,0.6220472440944881,0.7879265091863518,2020-05-23,0.8976377952755905,114.0,326.2083333333333
2020-05-23,326.2083333333333,114,0.8976377952755905,0.7952755905511811,0.5196850393700787,0.31496062992125984,0.8976377952755905,0.5433070866141732,0.6231721034870642,0.7842519685039371,2020-05-24,0.8582677165354331,109.0,312.5
2020-05-24,312.5,109,0.8582677165354331,0.8976377952755905,0.7952755905511811,0.5196850393700787,0.6535433070866141,0.73753280839895,0.623172103487064,0.80997375328084,2020-05-25,0.4645669291338583,59.0,172.58333333333334
2020-05-25,172.58333333333334,59,0.4645669291338583,0.8582677165354331,0.8976377952755905,0.7952755905511811,0.5354330708661418,0.8503937007874015,0.6524184476940382,0.8175853018372704,2020-05-26,0.2204724409448819,28.0,86.33333333333333
2020-05-26,86.33333333333333,28,0.2204724409448819,0.4645669291338583,0.8582677165354331,0.8976377952755905,0.6456692913385826,0.7401574803149605,0.6422947131608548,0.8036745406824147,2020-05-27,0.3779527559055118,48.0,140.875
2020-05-27,140.875,48,0.3779527559055118,0.2204724409448819,0.4645669291338583,0.8582677165354331,0.31496062992125984,0.5144356955380577,0.5815523059617548,0.7824146981627297,2020-05-28,0.7559055118110236,96.0,273.875
2020-05-28,273.875,96,0.7559055118110236,0.3779527559055118,0.2204724409448819,0.4645669291338583,0.5196850393700787,0.3543307086614173,0.5905511811023622,0.7637795275590552,2020-05-29,0.6456692913385826,82.0,235.91666666666663
2020-05-29,235.91666666666663,82,0.6456692913385826,0.7559055118110236,0.3779527559055118,0.2204724409448819,0.7952755905511811,0.4514435695538057,0.6242969628796401,0.7603674540682415,2020-05-30,0.7795275590551181,99.0,282.1666666666667
2020-05-30,282.1666666666667,99,0.7795275590551181,0.6456692913385826,0.7559055118110236,0.3779527559055118,0.8976377952755905,0.5931758530183725,0.6029246344206973,0.752755905511811,2020-05-31,0.8661417322834646,110.0,313.125
2020-05-31,313.125,110,0.8661417322834646,0.7795275590551181,0.6456692913385826,0.7559055118110236,0.8582677165354331,0.727034120734908,0.5860517435320585,0.7535433070866142,2020-06-01,0.952755905511811,121.0,343.25
2020-06-01,343.25,121,0.952755905511811,0.8661417322834646,0.7795275590551181,0.6456692913385826,0.4645669291338583,0.7637795275590551,0.5871766029246344,0.7506561679790027,2020-06-02,0.9291338582677166,118.0,337.125
2020-06-02,337.125,118,0.9291338582677166,0.952755905511811,0.8661417322834646,0.7795275590551181,0.2204724409448819,0.8661417322834645,0.6569178852643419,0.7517060367454069,2020-06-03,0.7637795275590551,97.0,277.7916666666667
2020-06-03,277.7916666666667,97,0.7637795275590551,0.9291338582677166,0.952755905511811,0.8661417322834646,0.3779527559055118,0.9160104986876639,0.7581552305961754,0.7522309711286089,2020-06-04,0.3228346456692913,41.0,123.875
2020-06-04,123.875,41,0.3228346456692913,0.7637795275590551,0.9291338582677166,0.952755905511811,0.7559055118110236,0.8818897637795274,0.813273340832396,0.747244094488189,2020-06-05,0.7637795275590551,97.0,279.0416666666667
2020-06-05,279.0416666666667,97,0.7637795275590551,0.3228346456692913,0.7637795275590551,0.9291338582677166,0.6456692913385826,0.6719160104986877,0.7514060742407198,0.7286089238845145,2020-06-06,0.5905511811023622,75.0,218.16666666666663
2020-06-06,218.16666666666663,75,0.5905511811023622,0.7637795275590551,0.3228346456692913,0.7637795275590551,0.7795275590551181,0.6167979002624671,0.7682789651293589,0.7251968503937007,2020-06-07,0.4015748031496063,51.0,151.45833333333334
2020-06-07,151.45833333333334,51,0.4015748031496063,0.5905511811023622,0.7637795275590551,0.3228346456692913,0.8661417322834646,0.5590551181102361,0.7412823397075367,0.7128608923884514,2020-06-08,0.4251968503937008,54.0,159.45833333333334
2020-06-08,159.45833333333334,54,0.4251968503937008,0.4015748031496063,0.5905511811023622,0.7637795275590551,0.952755905511811,0.5853018372703411,0.6749156355455569,0.7015748031496063,2020-06-09,0.7322834645669292,93.0,265.625
2020-06-09,265.625,93,0.7322834645669292,0.4251968503937008,0.4015748031496063,0.5905511811023622,0.9291338582677166,0.47244094488188965,0.5995500562429695,0.684514435695538,2020-06-10,0.8188976377952756,104.0,297.5416666666667
2020-06-10,297.5416666666667,104,0.8188976377952756,0.7322834645669292,0.4251968503937008,0.4015748031496063,0.7637795275590551,0.5196850393700787,0.5714285714285714,0.6803149606299213,2020-06-11,0.8740157480314961,111.0,317.4166666666667
2020-06-11,317.4166666666667,111,0.8740157480314961,0.8188976377952756,0.7322834645669292,0.4251968503937008,0.3228346456692913,0.6587926509186351,0.5793025871766029,0.6755905511811023,2020-06-12,0.36220472440944884,46.0,137.45833333333334
2020-06-12,137.45833333333334,46,0.36220472440944884,0.8740157480314961,0.8188976377952756,0.7322834645669292,0.7637795275590551,0.8083989501312335,0.6580427446569178,0.6737532808398949,2020-06-13,0.7637795275590551,97.0,277.25
2020-06-13,277.25,97,0.7637795275590551,0.36220472440944884,0.8740157480314961,0.8188976377952756,0.5905511811023622,0.6850393700787402,0.6006749156355456,0.6595800524934384,2020-06-14,0.9212598425196851,117.0,333.75
2020-06-14,333.75,117,0.9212598425196851,0.7637795275590551,0.36220472440944884,0.8740157480314961,0.4015748031496063,0.6666666666666666,0.625421822272216,0.6572178477690288,2020-06-15,0.6377952755905512,81.0,232.91666666666663
2020-06-15,232.91666666666663,81,0.6377952755905512,0.9212598425196851,0.7637795275590551,0.36220472440944884,0.4251968503937008,0.6824146981627296,0.6996625421822272,0.6616797900262467,2020-06-16,0.3858267716535433,49.0,145.25
2020-06-16,145.25,49,0.3858267716535433,0.6377952755905512,0.9212598425196851,0.7637795275590551,0.7322834645669292,0.7742782152230969,0.7300337457817773,0.653018372703412,2020-06-17,0.7086614173228346,90.0,259.6666666666667
2020-06-17,259.6666666666667,90,0.7086614173228346,0.3858267716535433,0.6377952755905512,0.9212598425196851,0.8188976377952756,0.6482939632545931,0.6805399325084364,0.6440944881889764,2020-06-18,0.8346456692913385,106.0,301.4583333333333
2020-06-18,301.4583333333333,106,0.8346456692913385,0.7086614173228346,0.3858267716535433,0.6377952755905512,0.8740157480314961,0.5774278215223095,0.6647919010123734,0.6498687664041994,2020-06-19,0.7007874015748031,89.0,254.58333333333331
2020-06-19,254.58333333333331,89,0.7007874015748031,0.8346456692913385,0.7086614173228346,0.3858267716535433,0.36220472440944884,0.6430446194225721,0.6591676040494938,0.6561679790026247,2020-06-20,0.8818897637795275,112.0,319.125
2020-06-20,319.125,112,0.8818897637795275,0.7007874015748031,0.8346456692913385,0.7086614173228346,0.7637795275590551,0.748031496062992,0.7075365579302586,0.6690288713910761,2020-06-21,0.7716535433070866,98.0,280.0833333333333
2020-06-21,280.0833333333333,98,0.7716535433070866,0.8818897637795275,0.7007874015748031,0.8346456692913385,0.9212598425196851,0.8057742782152229,0.7244094488188976,0.6811023622047244,2020-06-22,0.9133858267716536,116.0,331.0833333333333
2020-06-22,331.0833333333333,116,0.9133858267716536,0.7716535433070866,0.8818897637795275,0.7007874015748031,0.6377952755905512,0.7847769028871389,0.703037120359955,0.6803149606299213,2020-06-23,0.7716535433070866,98.0,281.9583333333333
2020-06-23,281.9583333333333,98,0.7716535433070866,0.9133858267716536,0.7716535433070866,0.8818897637795275,0.3858267716535433,0.8556430446194224,0.7424071991001124,0.6808398950131234,2020-06-24,0.84251968503937,107.0,304.625
2020-06-24,304.625,107,0.84251968503937,0.7716535433070866,0.9133858267716536,0.7716535433070866,0.7086614173228346,0.8188976377952755,0.7975253093363329,0.6779527559055117,2020-06-25,0.5118110236220472,65.0,189.91666666666663
2020-06-25,189.91666666666663,65,0.5118110236220472,0.84251968503937,0.7716535433070866,0.9133858267716536,0.8346456692913385,0.84251968503937,0.8166479190101238,0.6905511811023622,2020-06-26,0.7559055118110236,96.0,274.1666666666667
2020-06-26,274.1666666666667,96,0.7559055118110236,0.5118110236220472,0.84251968503937,0.7716535433070866,0.7007874015748031,0.7086614173228346,0.7705286839145107,0.7002624671916011,2020-06-27,0.6929133858267716,88.0,253.08333333333331
2020-06-27,253.08333333333331,88,0.6929133858267716,0.7559055118110236,0.5118110236220472,0.84251968503937,0.8818897637795275,0.7034120734908136,0.7784026996625422,0.7128608923884514,2020-06-28,0.6456692913385826,82.0,237.54166666666663
2020-06-28,237.54166666666663,82,0.6456692913385826,0.6929133858267716,0.7559055118110236,0.5118110236220472,0.7716535433070866,0.653543307086614,0.7514060742407198,0.7107611548556431,2020-06-29,0.9212598425196851,117.0,332.1666666666667
2020-06-29,332.1666666666667,117,0.9212598425196851,0.6456692913385826,0.6929133858267716,0.7559055118110236,0.9133858267716536,0.6981627296587926,0.7334083239595051,0.7107611548556431,2020-06-30,0.8188976377952756,104.0,298.2916666666667
2020-06-30,298.2916666666667,104,0.8188976377952756,0.9212598425196851,0.6456692913385826,0.6929133858267716,0.7716535433070866,0.7532808398950129,0.734533183352081,0.715485564304462,2020-07-01,0.7401574803149606,94.0,269.375
2020-07-01,269.375,94,0.7401574803149606,0.8188976377952756,0.9212598425196851,0.6456692913385826,0.84251968503937,0.795275590551181,0.7412823397075365,0.7139107611548555,2020-07-02,0.6692913385826772,85.0,244.29166666666663
2020-07-02,244.29166666666663,85,0.6692913385826772,0.7401574803149606,0.8188976377952756,0.9212598425196851,0.5118110236220472,0.826771653543307,0.7266591676040495,0.7068241469816273,2020-07-03,0.9212598425196851,117.0,332.2083333333333
2020-07-03,332.2083333333333,117,0.9212598425196851,0.6692913385826772,0.7401574803149606,0.8188976377952756,0.7559055118110236,0.742782152230971,0.749156355455568,0.6981627296587926,2020-07-04,0.937007874015748,119.0,339.25
2020-07-04,339.25,119,0.937007874015748,0.9212598425196851,0.6692913385826772,0.7401574803149606,0.6929133858267716,0.7769028871391076,0.7727784026996626,0.7034120734908136,2020-07-05,0.8346456692913385,106.0,303.75
2020-07-05,303.75,106,0.8346456692913385,0.937007874015748,0.9212598425196851,0.6692913385826772,0.6456692913385826,0.84251968503937,0.8076490438695164,0.7238845144356955,2020-07-06,0.3779527559055118,48.0,140.75
2020-07-06,140.75,48,0.3779527559055118,0.8346456692913385,0.937007874015748,0.9212598425196851,0.9212598425196851,0.8976377952755904,0.8346456692913387,0.7262467191601051,2020-07-07,0.47244094488188976,60.0,174.875
2020-07-07,174.875,60,0.47244094488188976,0.3779527559055118,0.8346456692913385,0.937007874015748,0.8188976377952756,0.7165354330708661,0.7570303712035995,0.7191601049868767,2020-07-08,0.6299212598425197,80.0,230.375
2020-07-08,230.375,80,0.6299212598425197,0.47244094488188976,0.3779527559055118,0.8346456692913385,0.7401574803149606,0.5616797900262466,0.7075365579302587,0.7215223097112861,2020-07-09,0.7401574803149606,94.0,270.4583333333333
2020-07-09,270.4583333333333,94,0.7401574803149606,0.6299212598425197,0.47244094488188976,0.3779527559055118,0.6692913385826772,0.49343832020997364,0.6917885264341957,0.7283464566929134,2020-07-10,0.9291338582677166,118.0,334.8333333333333
2020-07-10,334.8333333333333,118,0.9291338582677166,0.7401574803149606,0.6299212598425197,0.47244094488188976,0.9212598425196851,0.6141732283464566,0.7019122609673791,0.7286089238845145,2020-07-11,0.937007874015748,119.0,338.125
2020-07-11,338.125,119,0.937007874015748,0.9291338582677166,0.7401574803149606,0.6299212598425197,0.937007874015748,0.7664041994750654,0.703037120359955,0.7322834645669292,2020-07-12,0.8661417322834646,110.0,314.875
2020-07-12,314.875,110,0.8661417322834646,0.937007874015748,0.9291338582677166,0.7401574803149606,0.8346456692913385,0.868766404199475,0.703037120359955,0.7343832020997375,2020-07-13,0.905511811023622,115.0,326.75
2020-07-13,326.75,115,0.905511811023622,0.8661417322834646,0.937007874015748,0.9291338582677166,0.3779527559055118,0.9107611548556429,0.7075365579302587,0.7511811023622047,2020-07-14,0.9448818897637795,120.0,342.5
2020-07-14,342.5,120,0.9448818897637795,0.905511811023622,0.8661417322834646,0.937007874015748,0.47244094488188976,0.9028871391076114,0.7829021372328459,0.7559055118110237,2020-07-15,0.7952755905511811,101.0,290.25
2020-07-15,290.25,101,0.7952755905511811,0.9448818897637795,0.905511811023622,0.8661417322834646,0.6299212598425197,0.9055118110236219,0.8503937007874016,0.7566929133858268,2020-07-16,0.9291338582677166,118.0,335.0416666666667
2020-07-16,335.0416666666667,118,0.9291338582677166,0.7952755905511811,0.9448818897637795,0.905511811023622,0.7401574803149606,0.8818897637795274,0.8740157480314961,0.7619422572178478,2020-07-17,0.7874015748031497,100.0,287.5
2020-07-17,287.5,100,0.7874015748031497,0.9291338582677166,0.7952755905511811,0.9448818897637795,0.9291338582677166,0.8897637795275589,0.9010123734533184,0.7800524934383203,2020-07-18,0.889763779527559,113.0,321.0
2020-07-18,321.0,113,0.889763779527559,0.7874015748031497,0.9291338582677166,0.7952755905511811,0.937007874015748,0.8372703412073489,0.8807649043869515,0.7826771653543307,2020-07-19,0.9291338582677166,118.0,336.75
2020-07-19,336.75,118,0.9291338582677166,0.889763779527559,0.7874015748031497,0.9291338582677166,0.8661417322834646,0.868766404199475,0.8740157480314961,0.784514435695538,2020-07-20,0.8110236220472441,103.0,294.0
2020-07-20,294.0,103,0.8110236220472441,0.9291338582677166,0.889763779527559,0.7874015748031497,0.905511811023622,0.8687664041994748,0.8830146231721034,0.7921259842519685,2020-07-21,0.8582677165354331,109.0,310.125
2020-07-21,310.125,109,0.8582677165354331,0.8110236220472441,0.9291338582677166,0.889763779527559,0.9448818897637795,0.8766404199475065,0.8695163104611924,0.789763779527559,2020-07-22,0.84251968503937,107.0,305.8333333333333
2020-07-22,305.8333333333333,107,0.84251968503937,0.8582677165354331,0.8110236220472441,0.9291338582677166,0.7952755905511811,0.8661417322834645,0.8571428571428571,0.7926509186351706,2020-07-23,0.9133858267716536,116.0,329.4166666666667
2020-07-23,329.4166666666667,116,0.9133858267716536,0.84251968503937,0.8582677165354331,0.8110236220472441,0.9291338582677166,0.8372703412073489,0.8638920134983127,0.7902887139107612,2020-07-24,0.7086614173228346,90.0,257.5416666666667
2020-07-24,257.5416666666667,90,0.7086614173228346,0.9133858267716536,0.84251968503937,0.8582677165354331,0.7874015748031497,0.8713910761154855,0.8616422947131609,0.7950131233595801,2020-07-25,0.4566929133858268,58.0,170.875
2020-07-25,170.875,58,0.4566929133858268,0.7086614173228346,0.9133858267716536,0.84251968503937,0.889763779527559,0.8215223097112859,0.8503937007874016,0.7905511811023622,2020-07-26,0.6220472440944882,79.0,228.75
2020-07-26,228.75,79,0.6220472440944882,0.4566929133858268,0.7086614173228346,0.9133858267716536,0.9291338582677166,0.6929133858267716,0.7885264341957255,0.7887139107611548,2020-07-27,0.8188976377952756,104.0,297.0833333333333
2020-07-27,297.0833333333333,104,0.8188976377952756,0.6220472440944882,0.4566929133858268,0.7086614173228346,0.8110236220472441,0.5958005249343831,0.7446569178852643,0.7842519685039371,2020-07-28,0.6850393700787402,87.0,250.20833333333331
2020-07-28,250.20833333333331,87,0.6850393700787402,0.8188976377952756,0.6220472440944882,0.4566929133858268,0.8582677165354331,0.6325459317585299,0.7457817772778402,0.7884514435695537,2020-07-29,0.5196850393700787,66.0,191.16666666666663
2020-07-29,191.16666666666663,66,0.5196850393700787,0.6850393700787402,0.8188976377952756,0.6220472440944882,0.84251968503937,0.7086614173228346,0.7210348706411699,0.789763779527559,2020-07-30,0.44881889763779526,57.0,166.5
2020-07-30,166.5,57,0.44881889763779526,0.5196850393700787,0.6850393700787402,0.8188976377952756,0.9133858267716536,0.674540682414698,0.6749156355455568,0.7763779527559055,2020-07-31,0.8503937007874016,108.0,308.0
2020-07-31,308.0,108,0.8503937007874016,0.44881889763779526,0.5196850393700787,0.6850393700787402,0.7086614173228346,0.5511811023622046,0.608548931383577,0.7640419947506562,2020-08-01,0.8503937007874016,108.0,307.625
2020-08-01,307.625,108,0.8503937007874016,0.8503937007874016,0.44881889763779526,0.5196850393700787,0.4566929133858268,0.606299212598425,0.6287964004499438,0.7677165354330708,2020-08-02,0.8740157480314961,111.0,317.5833333333333
2020-08-02,317.5833333333333,111,0.8740157480314961,0.8503937007874016,0.8503937007874016,0.44881889763779526,0.6220472440944882,0.7165354330708661,0.6850393700787402,0.773753280839895,2020-08-03,0.6771653543307087,86.0,248.04166666666663
2020-08-03,248.04166666666663,86,0.6771653543307087,0.8740157480314961,0.8503937007874016,0.8503937007874016,0.8188976377952756,0.8582677165354329,0.7210348706411699,0.7721784776902888,2020-08-04,0.7007874015748031,89.0,255.0
2020-08-04,255.0,89,0.7007874015748031,0.6771653543307087,0.8740157480314961,0.8503937007874016,0.6850393700787402,0.800524934383202,0.7007874015748031,0.763517060367454,2020-08-05,0.84251968503937,107.0,305.125
2020-08-05,305.125,107,0.84251968503937,0.7007874015748031,0.6771653543307087,0.8740157480314961,0.5196850393700787,0.7506561679790025,0.703037120359955,0.7590551181102362,2020-08-06,0.6299212598425197,80.0,231.08333333333331
2020-08-06,231.08333333333331,80,0.6299212598425197,0.84251968503937,0.7007874015748031,0.6771653543307087,0.44881889763779526,0.7401574803149605,0.7491563554555681,0.7745406824146982,2020-08-07,0.5748031496062992,73.0,212.16666666666663
2020-08-07,212.16666666666663,73,0.5748031496062992,0.6299212598425197,0.84251968503937,0.7007874015748031,0.8503937007874016,0.7244094488188976,0.7750281214848144,0.7797900262467191,2020-08-08,0.7165354330708661,91.0,261.8333333333333
2020-08-08,261.8333333333333,91,0.7165354330708661,0.5748031496062992,0.6299212598425197,0.84251968503937,0.8503937007874016,0.6824146981627295,0.7356580427446568,0.7779527559055117,2020-08-09,0.44881889763779526,57.0,166.66666666666666
2020-08-09,166.66666666666666,57,0.44881889763779526,0.7165354330708661,0.5748031496062992,0.6299212598425197,0.8740157480314961,0.6404199475065615,0.7165354330708661,0.7771653543307087,2020-08-10,0.7952755905511811,101.0,288.3333333333333
2020-08-10,288.3333333333333,101,0.7952755905511811,0.44881889763779526,0.7165354330708661,0.5748031496062992,0.6771653543307087,0.5800524934383201,0.655793025871766,0.7611548556430446,2020-08-11,0.7637795275590551,97.0,277.7916666666667
2020-08-11,277.7916666666667,97,0.7637795275590551,0.7952755905511811,0.44881889763779526,0.7165354330708661,0.7007874015748031,0.653543307086614,0.6726659167604049,0.7564304461942258,2020-08-12,0.6141732283464567,78.0,224.0
2020-08-12,224.0,78,0.6141732283464567,0.7637795275590551,0.7952755905511811,0.44881889763779526,0.84251968503937,0.669291338582677,0.6816647919010125,0.7530183727034121,2020-08-13,0.6535433070866141,83.0,238.04166666666663
2020-08-13,238.04166666666663,83,0.6535433070866141,0.6141732283464567,0.7637795275590551,0.7952755905511811,0.6299212598425197,0.7244094488188976,0.6490438695163104,0.7433070866141732,2020-08-14,0.7165354330708661,91.0,261.0
2020-08-14,261.0,91,0.7165354330708661,0.6535433070866141,0.6141732283464567,0.7637795275590551,0.5748031496062992,0.6771653543307085,0.6524184476940382,0.7335958005249344,2020-08-15,0.6850393700787402,87.0,249.33333333333331
2020-08-15,249.33333333333331,87,0.6850393700787402,0.7165354330708661,0.6535433070866141,0.6141732283464567,0.7165354330708661,0.6614173228346455,0.6726659167604049,0.730971128608924,2020-08-16,0.8346456692913385,106.0,302.875
2020-08-16,302.875,106,0.8346456692913385,0.6850393700787402,0.7165354330708661,0.6535433070866141,0.44881889763779526,0.6850393700787399,0.6681664791901012,0.7228346456692912,2020-08-17,0.7952755905511811,101.0,288.0
2020-08-17,288.0,101,0.7952755905511811,0.8346456692913385,0.6850393700787402,0.7165354330708661,0.7952755905511811,0.7454068241469815,0.7232845894263217,0.7244094488188977,2020-08-18,0.6535433070866141,83.0,238.875
2020-08-18,238.875,83,0.6535433070866141,0.7952755905511811,0.8346456692913385,0.6850393700787402,0.7637795275590551,0.7716535433070865,0.7232845894263217,0.7212598425196851,2020-08-19,0.7244094488188977,92.0,263.9166666666667
2020-08-19,263.9166666666667,92,0.7244094488188977,0.6535433070866141,0.7952755905511811,0.8346456692913385,0.6141732283464567,0.7611548556430444,0.7075365579302587,0.7120734908136483,2020-08-20,0.5196850393700787,66.0,192.45833333333331
2020-08-20,192.45833333333331,66,0.5196850393700787,0.7244094488188977,0.6535433070866141,0.7952755905511811,0.6535433070866141,0.7244094488188976,0.7232845894263217,0.7091863517060368,2020-08-21,0.5984251968503937,76.0,218.70833333333331
2020-08-21,218.70833333333331,76,0.5984251968503937,0.5196850393700787,0.7244094488188977,0.6535433070866141,0.7165354330708661,0.63254593175853,0.7041619797525308,0.6979002624671916,2020-08-22,0.2283464566929134,29.0,89.75
2020-08-22,89.75,29,0.2283464566929134,0.5984251968503937,0.5196850393700787,0.7244094488188977,0.6850393700787402,0.6141732283464566,0.6872890888638921,0.689763779527559,2020-08-23,0.31496062992125984,40.0,120.875
2020-08-23,120.875,40,0.31496062992125984,0.2283464566929134,0.5984251968503937,0.5196850393700787,0.8346456692913385,0.44881889763779514,0.6220472440944882,0.6669291338582677,2020-08-24,0.3464566929133858,44.0,131.70833333333334
2020-08-24,131.70833333333334,44,0.3464566929133858,0.31496062992125984,0.2283464566929134,0.5984251968503937,0.7952755905511811,0.3805774278215222,0.547806524184477,0.6538057742782152,2020-08-25,0.4645669291338583,59.0,173.125
2020-08-25,173.125,59,0.4645669291338583,0.3464566929133858,0.31496062992125984,0.2283464566929134,0.6535433070866141,0.2965879265091862,0.4836895388076491,0.6501312335958005,2020-08-26,0.7165354330708661,91.0,260.8333333333333
2020-08-26,260.8333333333333,91,0.7165354330708661,0.4645669291338583,0.3464566929133858,0.31496062992125984,0.7244094488188977,0.3753280839895012,0.45669291338582685,0.6448818897637795,2020-08-27,0.7165354330708661,91.0,261.5833333333333
2020-08-27,261.5833333333333,91,0.7165354330708661,0.7165354330708661,0.4645669291338583,0.3464566929133858,0.5196850393700787,0.5091863517060365,0.4555680539932508,0.641469816272966,2020-08-28,0.6535433070866141,83.0,238.91666666666663
2020-08-28,238.91666666666663,83,0.6535433070866141,0.7165354330708661,0.7165354330708661,0.4645669291338583,0.5984251968503937,0.6325459317585299,0.48368953880764903,0.6425196850393701,2020-08-29,0.5826771653543307,74.0,213.125
2020-08-29,213.125,74,0.5826771653543307,0.6535433070866141,0.7165354330708661,0.7165354330708661,0.2283464566929134,0.695538057742782,0.49156355455568057,0.6469816272965879,2020-08-30,0.7086614173228346,90.0,259.1666666666667
2020-08-30,259.1666666666667,90,0.7086614173228346,0.5826771653543307,0.6535433070866141,0.7165354330708661,0.31496062992125984,0.6509186351706034,0.5421822272215973,0.6514435695538058,2020-08-31,0.7480314960629921,95.0,271.0416666666667
2020-08-31,271.0416666666667,95,0.7480314960629921,0.7086614173228346,0.5826771653543307,0.6535433070866141,0.3464566929133858,0.6482939632545931,0.5984251968503936,0.6467191601049868,2020-09-01,0.7795275590551181,99.0,282.0833333333333
2020-09-01,282.0833333333333,99,0.7795275590551181,0.7480314960629921,0.7086614173228346,0.5826771653543307,0.4645669291338583,0.679790026246719,0.655793025871766,0.6433070866141732,2020-09-02,0.7480314960629921,95.0,273.5833333333333
2020-09-02,273.5833333333333,95,0.7480314960629921,0.7795275590551181,0.7480314960629921,0.7086614173228346,0.7165354330708661,0.7454068241469815,0.700787401574803,0.6401574803149607,2020-09-03,0.7874015748031497,100.0,284.8333333333333
2020-09-03,284.8333333333333,100,0.7874015748031497,0.7480314960629921,0.7795275590551181,0.7480314960629921,0.7165354330708661,0.758530183727034,0.7052868391451069,0.6425196850393701,2020-09-04,0.7874015748031497,100.0,287.375
2020-09-04,287.375,100,0.7874015748031497,0.7874015748031497,0.7480314960629921,0.7795275590551181,0.6535433070866141,0.7716535433070865,0.7154105736782901,0.6454068241469816,2020-09-05,0.7637795275590551,97.0,277.5416666666667
2020-09-05,277.5416666666667,97,0.7637795275590551,0.7874015748031497,0.7874015748031497,0.7480314960629921,0.5826771653543307,0.7742782152230969,0.734533183352081,0.6435695538057743,2020-09-06,0.4094488188976378,52.0,153.16666666666666
2020-09-06,153.16666666666666,52,0.4094488188976378,0.7637795275590551,0.7874015748031497,0.7874015748031497,0.7086614173228346,0.779527559055118,0.7604049493813273,0.6480314960629923,2020-09-07,0.48031496062992124,61.0,177.75
2020-09-07,177.75,61,0.48031496062992124,0.4094488188976378,0.7637795275590551,0.7874015748031497,0.7480314960629921,0.653543307086614,0.7176602924634421,0.6425196850393701,2020-09-08,0.5039370078740157,64.0,186.125
2020-09-08,186.125,64,0.5039370078740157,0.48031496062992124,0.4094488188976378,0.7637795275590551,0.7795275590551181,0.5511811023622046,0.6794150731158605,0.6346456692913385,2020-09-09,0.3228346456692913,41.0,123.75
2020-09-09,123.75,41,0.3228346456692913,0.5039370078740157,0.48031496062992124,0.4094488188976378,0.7480314960629921,0.4645669291338581,0.6400449943757031,0.6364829396325459,2020-09-10,0.3700787401574803,47.0,139.125
2020-09-10,139.125,47,0.3700787401574803,0.3228346456692913,0.5039370078740157,0.48031496062992124,0.7874015748031497,0.4356955380577426,0.5793025871766029,0.6207349081364828,2020-09-11,0.3858267716535433,49.0,144.08333333333334
2020-09-11,144.08333333333334,49,0.3858267716535433,0.3700787401574803,0.3228346456692913,0.5039370078740157,0.7874015748031497,0.3989501312335957,0.5196850393700787,0.6076115485564304,2020-09-12,0.6535433070866141,83.0,239.875
2020-09-12,239.875,83,0.6535433070866141,0.3858267716535433,0.3700787401574803,0.3228346456692913,0.7637795275590551,0.3595800524934381,0.46231721034870643,0.6,2020-09-13,0.3779527559055118,48.0,141.375
2020-09-13,141.375,48,0.3779527559055118,0.6535433070866141,0.3858267716535433,0.3700787401574803,0.4094488188976378,0.4698162729658791,0.4465691788526434,0.6,2020-09-14,0.5826771653543307,74.0,214.125
2020-09-14,214.125,74,0.5826771653543307,0.3779527559055118,0.6535433070866141,0.3858267716535433,0.48031496062992124,0.4724409448818896,0.44206974128233967,0.5887139107611549,2020-09-15,0.2204724409448819,28.0,87.33333333333333
2020-09-15,87.33333333333333,28,0.2204724409448819,0.5826771653543307,0.3779527559055118,0.6535433070866141,0.5039370078740157,0.538057742782152,0.45669291338582674,0.5853018372703412,2020-09-16,0.12598425196850394,16.0,54.25
2020-09-16,54.25,16,0.12598425196850394,0.2204724409448819,0.5826771653543307,0.3779527559055118,0.3228346456692913,0.3937007874015746,0.4161979752530933,0.5648293963254593,2020-09-17,0.2992125984251969,38.0,113.83333333333331
2020-09-17,113.83333333333331,38,0.2992125984251969,0.12598425196850394,0.2204724409448819,0.5826771653543307,0.3700787401574803,0.30971128608923865,0.38807649043869513,0.54251968503937,2020-09-18,0.25984251968503935,33.0,100.33333333333331
2020-09-18,100.33333333333331,33,0.25984251968503935,0.2992125984251969,0.12598425196850394,0.2204724409448819,0.3858267716535433,0.21522309711286072,0.37795275590551186,0.5307086614173229,2020-09-19,0.4566929133858268,58.0,170.625
2020-09-19,170.625,58,0.4566929133858268,0.25984251968503935,0.2992125984251969,0.12598425196850394,0.6535433070866141,0.22834645669291323,0.35995500562429694,0.5152230971128609,2020-09-20,0.3779527559055118,48.0,141.54166666666666
2020-09-20,141.54166666666666,48,0.3779527559055118,0.4566929133858268,0.25984251968503935,0.2992125984251969,0.3779527559055118,0.3385826771653542,0.3318335208098988,0.5131233595800525,2020-09-21,0.7322834645669292,93.0,267.3333333333333
2020-09-21,267.3333333333333,93,0.7322834645669292,0.3779527559055118,0.4566929133858268,0.25984251968503935,0.5826771653543307,0.3648293963254592,0.33183352080989875,0.5057742782152231,2020-09-22,0.7559055118110236,96.0,274.8333333333333
2020-09-22,274.8333333333333,96,0.7559055118110236,0.7322834645669292,0.3779527559055118,0.4566929133858268,0.2204724409448819,0.5223097112860892,0.3532058492688414,0.5225721784776903,2020-09-23,0.49606299212598426,63.0,183.33333333333331
2020-09-23,183.33333333333331,63,0.49606299212598426,0.7559055118110236,0.7322834645669292,0.3779527559055118,0.12598425196850394,0.6220472440944881,0.4296962879640045,0.5372703412073492,2020-09-24,0.5590551181102362,71.0,205.20833333333331
2020-09-24,205.20833333333331,71,0.5590551181102362,0.49606299212598426,0.7559055118110236,0.7322834645669292,0.2992125984251969,0.6614173228346455,0.48256467941507314,0.542257217847769,2020-09-25,0.5196850393700787,66.0,191.75
2020-09-25,191.75,66,0.5196850393700787,0.5590551181102362,0.49606299212598426,0.7559055118110236,0.25984251968503935,0.6036745406824146,0.5196850393700787,0.5454068241469816,2020-09-26,0.5433070866141733,69.0,200.0
2020-09-26,200.0,69,0.5433070866141733,0.5196850393700787,0.5590551181102362,0.49606299212598426,0.4566929133858268,0.5249343832020995,0.5568053993250843,0.5388451443569553,2020-09-27,0.2204724409448819,28.0,85.79166666666667
2020-09-27,85.79166666666667,28,0.2204724409448819,0.5433070866141733,0.5196850393700787,0.5590551181102362,0.3779527559055118,0.5406824146981626,0.5691788526434196,0.5330708661417323,2020-09-28,0.36220472440944884,46.0,136.375
2020-09-28,136.375,46,0.36220472440944884,0.2204724409448819,0.5433070866141733,0.5196850393700787,0.7322834645669292,0.4278215223097111,0.546681664791901,0.5186351706036746,2020-09-29,0.36220472440944884,46.0,136.0
2020-09-29,136.0,46,0.36220472440944884,0.36220472440944884,0.2204724409448819,0.5433070866141733,0.7559055118110236,0.3753280839895012,0.4938132733408324,0.5112860892388451,2020-09-30,0.7086614173228346,90.0,258.7083333333333
2020-09-30,258.7083333333333,90,0.7086614173228346,0.36220472440944884,0.36220472440944884,0.2204724409448819,0.49606299212598426,0.3149606299212597,0.437570303712036,0.4997375328083989,2020-10-01,0.6850393700787402,87.0,251.45833333333331
2020-10-01,251.45833333333331,87,0.6850393700787402,0.7086614173228346,0.36220472440944884,0.36220472440944884,0.5590551181102362,0.47769028871391056,0.46794150731158607,0.4984251968503937,2020-10-02,0.6535433070866141,83.0,239.125
2020-10-02,239.125,83,0.6535433070866141,0.6850393700787402,0.7086614173228346,0.36220472440944884,0.5196850393700787,0.585301837270341,0.48593925759280093,0.4952755905511811,2020-10-03,0.4409448818897638,56.0,164.79166666666666
2020-10-03,164.79166666666666,56,0.4409448818897638,0.6535433070866141,0.6850393700787402,0.7086614173228346,0.5433070866141733,0.6824146981627295,0.5050618672665916,0.49212598425196846,2020-10-04,0.4645669291338583,59.0,172.79166666666666
2020-10-04,172.79166666666666,59,0.4645669291338583,0.4409448818897638,0.6535433070866141,0.6850393700787402,0.2204724409448819,0.5931758530183725,0.4904386951631046,0.4805774278215223,2020-10-05,0.47244094488188976,60.0,176.5
2020-10-05,176.5,60,0.47244094488188976,0.4645669291338583,0.4409448818897638,0.6535433070866141,0.36220472440944884,0.5196850393700786,0.5253093363329584,0.46981627296587924,2020-10-06,0.2204724409448819,28.0,86.66666666666667
2020-10-06,86.66666666666667,28,0.2204724409448819,0.47244094488188976,0.4645669291338583,0.4409448818897638,0.36220472440944884,0.45931758530183714,0.5410573678290214,0.4601049868766404,2020-10-07,0.6062992125984252,77.0,221.83333333333331
2020-10-07,221.83333333333331,77,0.6062992125984252,0.2204724409448819,0.47244094488188976,0.4645669291338583,0.7086614173228346,0.3858267716535431,0.5208098987626547,0.45380577427821517,2020-10-08,0.6141732283464567,78.0,225.66666666666663
2020-10-08,225.66666666666663,78,0.6141732283464567,0.6062992125984252,0.2204724409448819,0.47244094488188976,0.6850393700787402,0.4330708661417321,0.5061867266591676,0.458005249343832,2020-10-09,0.4881889763779528,62.0,182.08333333333331
2020-10-09,182.08333333333331,62,0.4881889763779528,0.6141732283464567,0.6062992125984252,0.2204724409448819,0.6535433070866141,0.48031496062992113,0.49606299212598426,0.46167979002624665,2020-10-10,0.36220472440944884,46.0,137.375
2020-10-10,137.375,46,0.36220472440944884,0.4881889763779528,0.6141732283464567,0.6062992125984252,0.4409448818897638,0.569553805774278,0.4724409448818898,0.4671916010498688,2020-10-11,0.5433070866141733,69.0,201.125
2020-10-11,201.125,69,0.5433070866141733,0.36220472440944884,0.4881889763779528,0.6141732283464567,0.4645669291338583,0.4881889763779526,0.4611923509561305,0.46692913385826773,2020-10-12,0.2755905511811024,35.0,106.66666666666669
2020-10-12,106.66666666666669,35,0.2755905511811024,0.5433070866141733,0.36220472440944884,0.4881889763779528,0.47244094488188976,0.4645669291338581,0.47244094488188976,0.4721784776902887,2020-10-13,0.5826771653543307,74.0,214.83333333333331
2020-10-13,214.83333333333331,74,0.5826771653543307,0.2755905511811024,0.5433070866141733,0.36220472440944884,0.2204724409448819,0.3937007874015746,0.4443194600674915,0.4595800524934383,2020-10-14,0.5039370078740157,64.0,187.5
2020-10-14,187.5,64,0.5039370078740157,0.5826771653543307,0.2755905511811024,0.5433070866141733,0.6062992125984252,0.4671916010498686,0.49606299212598426,0.46640419947506556,2020-10-15,0.36220472440944884,46.0,136.5
2020-10-15,136.5,46,0.36220472440944884,0.5039370078740157,0.5826771653543307,0.2755905511811024,0.6141732283464567,0.45406824146981606,0.48143982002249724,0.4637795275590551,2020-10-16,0.5905511811023622,75.0,216.29166666666663
2020-10-16,216.29166666666663,75,0.5905511811023622,0.36220472440944884,0.5039370078740157,0.5826771653543307,0.4881889763779528,0.48293963254593164,0.4454443194600675,0.468503937007874,2020-10-17,0.6062992125984252,77.0,221.20833333333331
2020-10-17,221.20833333333331,77,0.6062992125984252,0.5905511811023622,0.36220472440944884,0.5039370078740157,0.36220472440944884,0.48556430446194204,0.4600674915635545,0.483989501312336,2020-10-18,0.5669291338582677,72.0,208.16666666666663
2020-10-18,208.16666666666663,72,0.5669291338582677,0.6062992125984252,0.5905511811023622,0.36220472440944884,0.5433070866141733,0.5196850393700786,0.4949381327334083,0.4942257217847769,2020-10-19,0.5354330708661418,68.0,198.20833333333331
2020-10-19,198.20833333333331,68,0.5354330708661418,0.5669291338582677,0.6062992125984252,0.5905511811023622,0.2755905511811024,0.5879265091863516,0.4983127109111361,0.5044619422572179,2020-10-20,0.28346456692913385,36.0,108.0
2020-10-20,108.0,36,0.28346456692913385,0.5354330708661418,0.5669291338582677,0.6062992125984252,0.5826771653543307,0.569553805774278,0.5354330708661418,0.5070866141732283,2020-10-21,0.2125984251968504,27.0,82.83333333333333
2020-10-21,82.83333333333333,27,0.2125984251968504,0.28346456692913385,0.5354330708661418,0.5669291338582677,0.5039370078740157,0.46194225721784754,0.4926884139482564,0.5039370078740157,2020-10-22,0.4645669291338583,59.0,173.375
2020-10-22,173.375,59,0.4645669291338583,0.2125984251968504,0.28346456692913385,0.5354330708661418,0.36220472440944884,0.34383202099737514,0.45106861642294716,0.48661417322834644,2020-10-23,0.48031496062992124,61.0,176.875
2020-10-23,176.875,61,0.48031496062992124,0.4645669291338583,0.2125984251968504,0.28346456692913385,0.5905511811023622,0.32020997375328064,0.46569178852643417,0.47690288713910767,2020-10-24,0.5118110236220472,65.0,188.25
2020-10-24,188.25,65,0.5118110236220472,0.48031496062992124,0.4645669291338583,0.2125984251968504,0.6062992125984252,0.3858267716535431,0.4499437570303712,0.4763779527559055,2020-10-25,0.5039370078740157,64.0,186.08333333333331
2020-10-25,186.08333333333331,64,0.5039370078740157,0.5118110236220472,0.48031496062992124,0.4645669291338583,0.5669291338582677,0.48556430446194204,0.43644544431946003,0.47480314960629927,2020-10-26,0.2440944881889764,31.0,94.08333333333331
2020-10-26,94.08333333333331,31,0.2440944881889764,0.5039370078740157,0.5118110236220472,0.48031496062992124,0.5354330708661418,0.49868766404199455,0.42744656917885265,0.4742782152230971,2020-10-27,0.5118110236220472,65.0,189.83333333333331
2020-10-27,189.83333333333331,65,0.5118110236220472,0.2440944881889764,0.5039370078740157,0.5118110236220472,0.28346456692913385,0.4199475065616796,0.38582677165354334,0.4643044619422572,2020-10-28,0.4094488188976378,52.0,152.20833333333334
2020-10-28,152.20833333333334,52,0.4094488188976378,0.5118110236220472,0.2440944881889764,0.5039370078740157,0.2125984251968504,0.4199475065616796,0.4184476940382452,0.47401574803149604,2020-10-29,0.031496062992125984,4.0,19.83333333333333
2020-10-29,19.83333333333333,4,0.031496062992125984,0.4094488188976378,0.5118110236220472,0.2440944881889764,0.4645669291338583,0.38845144356955363,0.44656917885264347,0.47559055118110233,2020-10-30,0.5433070866141733,69.0,201.125
2020-10-30,201.125,69,0.5433070866141733,0.031496062992125984,0.4094488188976378,0.5118110236220472,0.48031496062992124,0.31758530183727013,0.3847019122609674,0.4645669291338583,2020-10-31,0.33070866141732286,42.0,124.79166666666669
2020-10-31,124.79166666666669,42,0.33070866141732286,0.5433070866141733,0.031496062992125984,0.4094488188976378,0.5118110236220472,0.3280839895013122,0.3937007874015748,0.45905511811023625,2020-11-01,0.3543307086614173,45.0,133.83333333333334
2020-11-01,133.83333333333334,45,0.3543307086614173,0.33070866141732286,0.5433070866141733,0.031496062992125984,0.5039370078740157,0.30183727034120716,0.3678290213723284,0.44724409448818897,2020-11-02,0.5590551181102362,71.0,207.04166666666663
2020-11-02,207.04166666666663,71,0.5590551181102362,0.3543307086614173,0.33070866141732286,0.5433070866141733,0.2440944881889764,0.4094488188976377,0.3464566929133858,0.43727034120734914,2020-11-03,0.5354330708661418,68.0,198.125
2020-11-03,198.125,68,0.5354330708661418,0.5590551181102362,0.3543307086614173,0.33070866141732286,0.5118110236220472,0.41469816272965865,0.3914510686164229,0.44120734908136483,2020-11-04,0.5196850393700787,66.0,191.875
2020-11-04,191.875,66,0.5196850393700787,0.5354330708661418,0.5590551181102362,0.3543307086614173,0.4094488188976378,0.4829396325459316,0.3948256467941507,0.44356955380577434,2020-11-05,0.47244094488188976,60.0,175.08333333333334
2020-11-05,175.08333333333334,60,0.47244094488188976,0.5196850393700787,0.5354330708661418,0.5590551181102362,0.031496062992125984,0.538057742782152,0.4105736782902137,0.44514435695538057,2020-11-06,0.3464566929133858,44.0,130.41666666666666
2020-11-06,130.41666666666666,44,0.3464566929133858,0.47244094488188976,0.5196850393700787,0.5354330708661418,0.5433070866141733,0.5091863517060365,0.47356580427446565,0.4535433070866142,2020-11-07,0.3228346456692913,41.0,121.20833333333331
2020-11-07,121.20833333333331,41,0.3228346456692913,0.3464566929133858,0.47244094488188976,0.5196850393700787,0.33070866141732286,0.4461942257217846,0.44544431946006746,0.4448818897637795,2020-11-08,0.1968503937007874,25.0,77.75
2020-11-08,77.75,25,0.1968503937007874,0.3228346456692913,0.3464566929133858,0.47244094488188976,0.3543307086614173,0.3805774278215221,0.4443194600674916,0.4351706036745407,2020-11-09,0.33070866141732286,42.0,126.125
2020-11-09,126.125,42,0.33070866141732286,0.1968503937007874,0.3228346456692913,0.3464566929133858,0.5590551181102362,0.28871391076115466,0.421822272215973,0.42545931758530187,2020-11-10,0.12598425196850394,16.0,53.41666666666666
2020-11-10,53.41666666666666,16,0.12598425196850394,0.33070866141732286,0.1968503937007874,0.3228346456692913,0.5354330708661418,0.2834645669291337,0.3892013498312711,0.42440944881889764,2020-11-11,0.2440944881889764,31.0,96.08333333333331
2020-11-11,96.08333333333331,31,0.2440944881889764,0.12598425196850394,0.33070866141732286,0.1968503937007874,0.5196850393700787,0.21784776902887124,0.33070866141732286,0.41049868766404196,2020-11-12,0.15748031496062992,20.0,63.54166666666666
2020-11-12,63.54166666666666,20,0.15748031496062992,0.2440944881889764,0.12598425196850394,0.33070866141732286,0.47244094488188976,0.23359580052493423,0.29133858267716534,0.4094488188976378,2020-11-13,0.3228346456692913,41.0,121.5
2020-11-13,121.5,41,0.3228346456692913,0.15748031496062992,0.2440944881889764,0.12598425196850394,0.3464566929133858,0.17585301837270326,0.24634420697412823,0.3952755905511811,2020-11-14,0.47244094488188976,60.0,176.25
2020-11-14,176.25,60,0.47244094488188976,0.3228346456692913,0.15748031496062992,0.2440944881889764,0.3228346456692913,0.24146981627296568,0.24296962879640047,0.38923884514435697,2020-11-15,0.41732283464566927,53.0,154.5
2020-11-15,154.5,53,0.41732283464566927,0.47244094488188976,0.3228346456692913,0.15748031496062992,0.1968503937007874,0.31758530183727013,0.2643419572553431,0.39291338582677166,2020-11-16,0.4881889763779528,62.0,181.125
2020-11-16,181.125,62,0.4881889763779528,0.41732283464566927,0.47244094488188976,0.3228346456692913,0.33070866141732286,0.4041994750656166,0.295838020247469,0.38713910761154857,2020-11-17,0.4881889763779528,62.0,179.91666666666666
2020-11-17,179.91666666666666,62,0.4881889763779528,0.4881889763779528,0.41732283464566927,0.47244094488188976,0.12598425196850394,0.45931758530183703,0.31833520809898763,0.3832020997375328,2020-11-18,0.48031496062992124,61.0,177.95833333333334
2020-11-18,177.95833333333334,61,0.48031496062992124,0.4881889763779528,0.4881889763779528,0.41732283464566927,0.2440944881889764,0.4645669291338581,0.37007874015748027,0.3805774278215223,2020-11-19,0.4094488188976378,52.0,153.875
2020-11-19,153.875,52,0.4094488188976378,0.48031496062992124,0.4881889763779528,0.4881889763779528,0.15748031496062992,0.48556430446194215,0.4038245219347582,0.3787401574803149,2020-11-20,0.4094488188976378,52.0,151.79166666666666
2020-11-20,151.79166666666666,52,0.4094488188976378,0.4094488188976378,0.48031496062992124,0.4881889763779528,0.3228346456692913,0.45931758530183714,0.4398200224971878,0.3829396325459317,2020-11-21,0.44881889763779526,57.0,167.95833333333334
2020-11-21,167.95833333333334,57,0.44881889763779526,0.4094488188976378,0.4094488188976378,0.48031496062992124,0.47244094488188976,0.4330708661417321,0.4521934758155231,0.389501312335958,2020-11-22,0.2047244094488189,26.0,80.33333333333333
2020-11-22,80.33333333333333,26,0.2047244094488189,0.44881889763779526,0.4094488188976378,0.4094488188976378,0.41732283464566927,0.42257217847769013,0.4488188976377953,0.38897637795275586,2020-11-23,0.44881889763779526,57.0,168.0
2020-11-23,168.0,57,0.44881889763779526,0.2047244094488189,0.44881889763779526,0.4094488188976378,0.4881889763779528,0.35433070866141714,0.4184476940382452,0.3797900262467192,2020-11-24,0.44881889763779526,57.0,166.08333333333334
2020-11-24,166.08333333333334,57,0.44881889763779526,0.44881889763779526,0.2047244094488189,0.44881889763779526,0.4881889763779528,0.3674540682414696,0.41282339707536553,0.37769028871391075,2020-11-25,0.3228346456692913,41.0,122.45833333333331
2020-11-25,122.45833333333331,41,0.3228346456692913,0.44881889763779526,0.44881889763779526,0.2047244094488189,0.48031496062992124,0.3674540682414696,0.4071991001124859,0.3758530183727034,2020-11-26,0.3937007874015748,50.0,146.75
2020-11-26,146.75,50,0.3937007874015748,0.3228346456692913,0.44881889763779526,0.44881889763779526,0.4094488188976378,0.4068241469816271,0.38470191226096734,0.378477690288714,2020-11-27,0.30708661417322836,39.0,117.91666666666669
2020-11-27,117.91666666666669,39,0.30708661417322836,0.3937007874015748,0.3228346456692913,0.44881889763779526,0.4094488188976378,0.38845144356955363,0.38245219347581555,0.3745406824146981,2020-11-28,0.05511811023622047,7.0,28.75
2020-11-28,28.75,7,0.05511811023622047,0.30708661417322836,0.3937007874015748,0.3228346456692913,0.44881889763779526,0.3412073490813647,0.3678290213723284,0.3711286089238845,2020-11-29,0.06299212598425197,8.0,30.5
2020-11-29,30.5,8,0.06299212598425197,0.05511811023622047,0.30708661417322836,0.3937007874015748,0.2047244094488189,0.2519685039370077,0.311586051743532,0.37191601049868767,2020-11-30,0.1732283464566929,22.0,69.41666666666667
2020-11-30,69.41666666666667,22,0.1732283464566929,0.06299212598425197,0.05511811023622047,0.30708661417322836,0.44881889763779526,0.14173228346456676,0.29133858267716534,0.35590551181102364,2020-12-01,0.4566929133858268,58.0,168.875
2020-12-01,168.875,58,0.4566929133858268,0.1732283464566929,0.06299212598425197,0.05511811023622047,0.44881889763779526,0.09711286089238826,0.25196850393700787,0.3506561679790027,2020-12-02,0.4566929133858268,58.0,169.79166666666666
2020-12-02,169.79166666666666,58,0.4566929133858268,0.4566929133858268,0.1732283464566929,0.06299212598425197,0.3228346456692913,0.2309711286089237,0.2530933633295838,0.35406824146981625,2020-12-03,0.33858267716535434,43.0,128.41666666666666
2020-12-03,128.41666666666666,43,0.33858267716535434,0.4566929133858268,0.4566929133858268,0.1732283464566929,0.3937007874015748,0.3622047244094486,0.2722159730033746,0.3506561679790027,2020-12-04,0.25196850393700787,32.0,98.66666666666669
2020-12-04,98.66666666666669,32,0.25196850393700787,0.33858267716535434,0.4566929133858268,0.4566929133858268,0.30708661417322836,0.41732283464566916,0.2643419572553431,0.34409448818897637,2020-12-05,0.4330708661417323,55.0,160.08333333333334
2020-12-05,160.08333333333334,55,0.4330708661417323,0.25196850393700787,0.33858267716535434,0.4566929133858268,0.05511811023622047,0.34908136482939617,0.2564679415073116,0.33517060367454066,2020-12-06,0.3779527559055118,48.0,141.25
2020-12-06,141.25,48,0.3779527559055118,0.4330708661417323,0.25196850393700787,0.33858267716535434,0.06299212598425197,0.3412073490813647,0.31046119235095615,0.33385826771653543,2020-12-07,0.33070866141732286,42.0,125.83333333333331
2020-12-07,125.83333333333331,42,0.33070866141732286,0.3779527559055118,0.4330708661417323,0.25196850393700787,0.1732283464566929,0.35433070866141714,0.35545556805399325,0.33490813648293966,2020-12-08,0.4251968503937008,54.0,158.20833333333334
2020-12-08,158.20833333333334,54,0.4251968503937008,0.33070866141732286,0.3779527559055118,0.4330708661417323,0.4566929133858268,0.38057742782152215,0.37795275590551175,0.33517060367454066,2020-12-09,0.4015748031496063,51.0,151.58333333333334
2020-12-09,151.58333333333334,51,0.4015748031496063,0.4251968503937008,0.33070866141732286,0.3779527559055118,0.4566929133858268,0.37795275590551164,0.37345331833520806,0.34278215223097114,2020-12-10,0.4094488188976378,52.0,152.20833333333334
2020-12-10,152.20833333333334,52,0.4094488188976378,0.4015748031496063,0.4251968503937008,0.33070866141732286,0.33858267716535434,0.3858267716535431,0.3655793025871766,0.34514435695538054,2020-12-11,0.4094488188976378,52.0,153.0
2020-12-11,153.0,52,0.4094488188976378,0.4094488188976378,0.4015748031496063,0.4251968503937008,0.25196850393700787,0.4120734908136481,0.3757030371203599,0.3545931758530184,2020-12-12,0.25984251968503935,33.0,100.54166666666669
2020-12-12,100.54166666666669,33,0.25984251968503935,0.4094488188976378,0.4094488188976378,0.4015748031496063,0.4330708661417323,0.40682414698162717,0.3982002249718785,0.36010498687664044,2020-12-13,0.3543307086614173,45.0,133.45833333333334
2020-12-13,133.45833333333334,45,0.3543307086614173,0.25984251968503935,0.4094488188976378,0.4094488188976378,0.3779527559055118,0.3595800524934381,0.37345331833520806,0.36351706036745407,2020-12-14,0.2677165354330709,34.0,103.375
2020-12-14,103.375,34,0.2677165354330709,0.3543307086614173,0.25984251968503935,0.4094488188976378,0.33070866141732286,0.3412073490813647,0.37007874015748027,0.3645669291338583,2020-12-15,0.16535433070866143,21.0,67.375
2020-12-15,67.375,21,0.16535433070866143,0.2677165354330709,0.3543307086614173,0.25984251968503935,0.4251968503937008,0.2939632545931757,0.3610798650168729,0.357742782152231,2020-12-16,0.0,0.0,9.958333333333334
2020-12-16,9.958333333333334,0,0.0,0.16535433070866143,0.2677165354330709,0.3543307086614173,0.4015748031496063,0.2624671916010497,0.32395950506186727,0.34934383202099734,2020-12-17,0.08661417322834646,11.0,38.41666666666666
2020-12-17,38.41666666666666,11,0.08661417322834646,0.0,0.16535433070866143,0.2677165354330709,0.4094488188976378,0.14435695538057725,0.26659167604049494,0.33307086614173226,2020-12-18,0.36220472440944884,46.0,137.33333333333334
2020-12-18,137.33333333333334,46,0.36220472440944884,0.08661417322834646,0.0,0.16535433070866143,0.4094488188976378,0.08398950131233578,0.2204724409448819,0.3196850393700787,2020-12-19,0.3228346456692913,41.0,122.95833333333331
2020-12-19,122.95833333333331,41,0.3228346456692913,0.36220472440944884,0.08661417322834646,0.0,0.25984251968503935,0.14960629921259824,0.21372328458942633,0.315748031496063,2020-12-20,0.14960629921259844,19.0,62.04166666666666
2020-12-20,62.04166666666666,19,0.14960629921259844,0.3228346456692913,0.36220472440944884,0.08661417322834646,0.3543307086614173,0.2572178477690287,0.22272215973003376,0.3128608923884515,2020-12-21,0.3779527559055118,48.0,141.91666666666666
2020-12-21,141.91666666666666,48,0.3779527559055118,0.14960629921259844,0.3228346456692913,0.36220472440944884,0.2677165354330709,0.27821522309711266,0.19347581552305962,0.3041994750656168,2020-12-22,0.41732283464566927,53.0,156.33333333333334
2020-12-22,156.33333333333334,53,0.41732283464566927,0.3779527559055118,0.14960629921259844,0.3228346456692913,0.16535433070866143,0.28346456692913363,0.2092238470191226,0.30183727034120733,2020-12-23,0.3700787401574803,47.0,139.29166666666666
2020-12-23,139.29166666666666,47,0.3700787401574803,0.41732283464566927,0.3779527559055118,0.14960629921259844,0.0,0.31496062992125967,0.24521934758155228,0.3089238845144357,2020-12-24,0.06299212598425197,8.0,31.33333333333333
2020-12-24,31.33333333333333,8,0.06299212598425197,0.3700787401574803,0.41732283464566927,0.3779527559055118,0.08661417322834646,0.38845144356955363,0.2980877390326209,0.3062992125984252,2020-12-25,0.4330708661417323,55.0,161.58333333333334
2020-12-25,161.58333333333334,55,0.4330708661417323,0.06299212598425197,0.3700787401574803,0.41732283464566927,0.36220472440944884,0.28346456692913363,0.29471316085489313,0.2934383202099738,2020-12-26,0.4251968503937008,54.0,157.70833333333334
2020-12-26,157.70833333333334,54,0.4251968503937008,0.4330708661417323,0.06299212598425197,0.3700787401574803,0.3228346456692913,0.28871391076115466,0.3048368953880765,0.2971128608923885,2020-12-27,0.4251968503937008,54.0,157.58333333333334
2020-12-27,157.58333333333334,54,0.4251968503937008,0.4251968503937008,0.4330708661417323,0.06299212598425197,0.14960629921259844,0.3070866141732282,0.3194600674915636,0.29816272965879265,2020-12-28,0.4094488188976378,52.0,152.45833333333334
2020-12-28,152.45833333333334,52,0.4094488188976378,0.4251968503937008,0.4251968503937008,0.4330708661417323,0.3779527559055118,0.4278215223097111,0.35883014623172105,0.30209973753280844,2020-12-29,0.4015748031496063,51.0,148.875
2020-12-29,148.875,51,0.4015748031496063,0.4094488188976378,0.4251968503937008,0.4251968503937008,0.41732283464566927,0.4199475065616796,0.36332958380202474,0.31391076115485567,2020-12-30,0.25984251968503935,33.0,101.16666666666669
2020-12-30,101.16666666666669,33,0.25984251968503935,0.4015748031496063,0.4094488188976378,0.4251968503937008,0.3700787401574803,0.4120734908136481,0.3610798650168729,0.3251968503937007,2020-12-31,0.07874015748031496,10.0,36.0
2020-12-31,36.0,10,0.07874015748031496,0.25984251968503935,0.4015748031496063,0.4094488188976378,0.06299212598425197,0.35695538057742765,0.3453318335208099,0.32808398950131235,2021-01-01,0.25984251968503935,33.0,101.625
2021-01-01,101.625,33,0.25984251968503935,0.07874015748031496,0.25984251968503935,0.4015748031496063,0.4330708661417323,0.2467191601049867,0.34758155230596177,0.31548556430446195,2021-01-02,0.023622047244094488,3.0,16.375
2021-01-02,16.375,3,0.023622047244094488,0.25984251968503935,0.07874015748031496,0.25984251968503935,0.4251968503937008,0.1994750656167977,0.3228346456692913,0.3089238845144357,2021-01-03,0.4251968503937008,54.0,159.54166666666666
2021-01-03,159.54166666666666,54,0.4251968503937008,0.023622047244094488,0.25984251968503935,0.07874015748031496,0.4251968503937008,0.12073490813648274,0.265466816647919,0.2984251968503937,2021-01-04,0.4251968503937008,54.0,158.45833333333334
2021-01-04,158.45833333333334,54,0.4251968503937008,0.4251968503937008,0.023622047244094488,0.25984251968503935,0.4094488188976378,0.23622047244094468,0.265466816647919,0.3041994750656168,2021-01-05,0.4094488188976378,52.0,153.125
2021-01-05,153.125,52,0.4094488188976378,0.4251968503937008,0.4251968503937008,0.023622047244094488,0.4015748031496063,0.29133858267716517,0.2677165354330709,0.30393700787401573,2021-01-06,0.3779527559055118,48.0,143.20833333333334
2021-01-06,143.20833333333334,48,0.3779527559055118,0.4094488188976378,0.4251968503937008,0.4251968503937008,0.25984251968503935,0.4199475065616796,0.2688413948256468,0.30498687664041996,2021-01-07,0.2204724409448819,28.0,87.33333333333333
2021-01-07,87.33333333333333,28,0.2204724409448819,0.3779527559055118,0.4094488188976378,0.4251968503937008,0.07874015748031496,0.4041994750656166,0.2857142857142857,0.3065616797900263,2021-01-08,0.015748031496062992,2.0,14.625
2021-01-08,14.625,2,0.015748031496062992,0.2204724409448819,0.3779527559055118,0.4094488188976378,0.25984251968503935,0.33595800524934366,0.30596175478065246,0.29973753280839893,2021-01-09,0.09448818897637795,12.0,41.708333333333336
2021-01-09,41.708333333333336,12,0.09448818897637795,0.015748031496062992,0.2204724409448819,0.3779527559055118,0.023622047244094488,0.20472440944881867,0.2710911136107987,0.28687664041994754,2021-01-10,0.41732283464566927,53.0,155.875
2021-01-10,155.875,53,0.41732283464566927,0.09448818897637795,0.015748031496062992,0.2204724409448819,0.4251968503937008,0.11023622047244075,0.281214848143982,0.2763779527559055,2021-01-11,0.07874015748031496,10.0,36.125
2021-01-11,36.125,10,0.07874015748031496,0.41732283464566927,0.09448818897637795,0.015748031496062992,0.4251968503937008,0.17585301837270317,0.28008998875140606,0.27664041994750654,2021-01-12,0.07086614173228346,9.0,34.083333333333336
2021-01-12,34.083333333333336,9,0.07086614173228346,0.07874015748031496,0.41732283464566927,0.09448818897637795,0.4094488188976378,0.1968503937007872,0.23059617547806524,0.2706036745406824,2021-01-13,0.07086614173228346,9.0,33.333333333333336
2021-01-13,33.333333333333336,9,0.07086614173228346,0.07086614173228346,0.07874015748031496,0.41732283464566927,0.3779527559055118,0.18897637795275568,0.18222722159730034,0.26115485564304464,2021-01-14,0.4566929133858268,58.0,169.75
2021-01-14,169.75,58,0.4566929133858268,0.07086614173228346,0.07086614173228346,0.07874015748031496,0.2204724409448819,0.07349081364829375,0.13835770528683916,0.2545931758530184,2021-01-15,0.09448818897637795,12.0,41.0
2021-01-15,41.0,12,0.09448818897637795,0.4566929133858268,0.07086614173228346,0.07086614173228346,0.015748031496062992,0.1994750656167977,0.172103487064117,0.2643044619422572,2021-01-16,0.44881889763779526,57.0,167.95833333333334
2021-01-16,167.95833333333334,57,0.44881889763779526,0.09448818897637795,0.4566929133858268,0.07086614173228346,0.09448818897637795,0.2073490813648292,0.18335208098987626,0.26745406824146983,2021-01-17,0.41732283464566927,53.0,155.41666666666666
2021-01-17,155.41666666666666,53,0.41732283464566927,0.44881889763779526,0.09448818897637795,0.4566929133858268,0.41732283464566927,0.33333333333333315,0.23397075365579303,0.27952755905511817,2021-01-18,0.4645669291338583,59.0,173.625
2021-01-18,173.625,59,0.4645669291338583,0.41732283464566927,0.44881889763779526,0.09448818897637795,0.07874015748031496,0.32020997375328064,0.23397075365579303,0.28136482939632546,2021-01-19,0.4566929133858268,58.0,170.70833333333334
2021-01-19,170.70833333333334,58,0.4566929133858268,0.4645669291338583,0.41732283464566927,0.44881889763779526,0.07086614173228346,0.44356955380577406,0.2890888638920135,0.2860892388451443,2021-01-20,0.41732283464566927,53.0,156.58333333333334
2021-01-20,156.58333333333334,53,0.41732283464566927,0.4566929133858268,0.4645669291338583,0.41732283464566927,0.07086614173228346,0.4461942257217846,0.344206974128234,0.2963254593175853,2021-01-21,0.14173228346456693,18.0,59.708333333333336
2021-01-21,59.708333333333336,18,0.14173228346456693,0.41732283464566927,0.4566929133858268,0.4645669291338583,0.4566929133858268,0.4461942257217846,0.3937007874015748,0.29763779527559053,2021-01-22,0.047244094488188976,6.0,24.916666666666668
2021-01-22,24.916666666666668,6,0.047244094488188976,0.14173228346456693,0.41732283464566927,0.4566929133858268,0.09448818897637795,0.3385826771653541,0.3487064116985377,0.28845144356955377,2021-01-23,0.48031496062992124,61.0,177.375
2021-01-23,177.375,61,0.48031496062992124,0.047244094488188976,0.14173228346456693,0.41732283464566927,0.44881889763779526,0.2020997375328082,0.3419572553430821,0.2776902887139108,2021-01-24,0.23622047244094488,30.0,91.875
2021-01-24,91.875,30,0.23622047244094488,0.48031496062992124,0.047244094488188976,0.14173228346456693,0.41732283464566927,0.22309711286089218,0.3464566929133858,0.2916010498687664,2021-01-25,0.3543307086614173,45.0,133.29166666666666
2021-01-25,133.29166666666666,45,0.3543307086614173,0.23622047244094488,0.48031496062992124,0.047244094488188976,0.4645669291338583,0.25459317585301816,0.3205849268841394,0.28503937007874014,2021-01-26,0.12598425196850394,16.0,53.66666666666666
2021-01-26,53.66666666666666,16,0.12598425196850394,0.3543307086614173,0.23622047244094488,0.48031496062992124,0.4566929133858268,0.35695538057742765,0.30483689538807646,0.28267716535433074,2021-01-27,0.047244094488188976,6.0,24.166666666666668
2021-01-27,24.166666666666668,6,0.047244094488188976,0.12598425196850394,0.3543307086614173,0.23622047244094488,0.41732283464566927,0.23884514435695514,0.2575928008998875,0.2727034120734908,2021-01-28,0.5118110236220472,65.0,188.70833333333331
2021-01-28,188.70833333333331,65,0.5118110236220472,0.047244094488188976,0.12598425196850394,0.3543307086614173,0.14173228346456693,0.1758530183727032,0.2047244094488189,0.2606299212598425,2021-01-29,0.5118110236220472,65.0,189.70833333333331
2021-01-29,189.70833333333331,65,0.5118110236220472,0.5118110236220472,0.047244094488188976,0.12598425196850394,0.047244094488188976,0.22834645669291317,0.2575928008998875,0.2643044619422572,2021-01-30,0.36220472440944884,46.0,135.70833333333334
2021-01-30,135.70833333333334,46,0.36220472440944884,0.5118110236220472,0.5118110236220472,0.047244094488188976,0.48031496062992124,0.35695538057742765,0.32395950506186727,0.2727034120734908,2021-01-31,0.10236220472440945,13.0,44.708333333333336
2021-01-31,44.708333333333336,13,0.10236220472440945,0.36220472440944884,0.5118110236220472,0.5118110236220472,0.23622047244094488,0.46194225721784754,0.3070866141732283,0.2821522309711286,2021-02-01,0.09448818897637795,12.0,40.958333333333336
2021-02-01,40.958333333333336,12,0.09448818897637795,0.10236220472440945,0.36220472440944884,0.5118110236220472,0.3543307086614173,0.3254593175853016,0.28796400449943754,0.27690288713910766,2021-02-02,0.48031496062992124,61.0,177.29166666666666
2021-02-02,177.29166666666666,61,0.48031496062992124,0.09448818897637795,0.10236220472440945,0.36220472440944884,0.12598425196850394,0.1863517060367452,0.250843644544432,0.2792650918635171,2021-02-03,0.5511811023622047,70.0,202.45833333333331
2021-02-03,202.45833333333331,70,0.5511811023622047,0.48031496062992124,0.09448818897637795,0.10236220472440945,0.047244094488188976,0.22572178477690263,0.3014623172103487,0.2811023622047244,2021-02-04,0.3779527559055118,48.0,142.20833333333334
2021-02-04,142.20833333333334,48,0.3779527559055118,0.5511811023622047,0.48031496062992124,0.09448818897637795,0.5118110236220472,0.37532808398950107,0.3734533183352081,0.28530183727034125,2021-02-05,0.05511811023622047,7.0,27.25
2021-02-05,27.25,7,0.05511811023622047,0.3779527559055118,0.5511811023622047,0.48031496062992124,0.5118110236220472,0.469816272965879,0.3543307086614173,0.28425196850393697,2021-02-06,0.07086614173228346,9.0,33.375
2021-02-06,33.375,9,0.07086614173228346,0.05511811023622047,0.3779527559055118,0.5511811023622047,0.36220472440944884,0.3280839895013122,0.2890888638920135,0.273490813648294,2021-02-07,0.25984251968503935,33.0,99.75
2021-02-07,99.75,33,0.25984251968503935,0.07086614173228346,0.05511811023622047,0.3779527559055118,0.10236220472440945,0.1679790026246717,0.24746906636670415,0.268503937007874,2021-02-08,0.5196850393700787,66.0,190.75
2021-02-08,190.75,66,0.5196850393700787,0.25984251968503935,0.07086614173228346,0.05511811023622047,0.09448818897637795,0.1286089238845142,0.26996625421822273,0.27664041994750654,2021-02-09,0.07086614173228346,9.0,33.041666666666664
2021-02-09,33.041666666666664,9,0.07086614173228346,0.5196850393700787,0.25984251968503935,0.07086614173228346,0.48031496062992124,0.28346456692913363,0.3307086614173228,0.2908136482939633,2021-02-10,0.07874015748031496,10.0,35.166666666666664
2021-02-10,35.166666666666664,10,0.07874015748031496,0.07086614173228346,0.5196850393700787,0.25984251968503935,0.5511811023622047,0.28346456692913363,0.2722159730033746,0.2792650918635171,2021-02-11,0.49606299212598426,63.0,183.29166666666663
2021-02-11,183.29166666666663,63,0.49606299212598426,0.07874015748031496,0.07086614173228346,0.5196850393700787,0.3779527559055118,0.22309711286089215,0.2047244094488189,0.2792650918635171,2021-02-12,0.09448818897637795,12.0,41.41666666666666
2021-02-12,41.41666666666666,12,0.09448818897637795,0.49606299212598426,0.07874015748031496,0.07086614173228346,0.05511811023622047,0.21522309711286067,0.2215973003374578,0.2934383202099737,2021-02-13,0.03937007874015748,5.0,22.83333333333333
2021-02-13,22.83333333333333,5,0.03937007874015748,0.09448818897637795,0.49606299212598426,0.07874015748031496,0.07086614173228346,0.22309711286089218,0.22722159730033747,0.29422572178477685,2021-02-14,0.023622047244094488,3.0,16.5
2021-02-14,16.5,3,0.023622047244094488,0.03937007874015748,0.09448818897637795,0.49606299212598426,0.25984251968503935,0.2099737532808397,0.22272215973003373,0.28031496062992123,2021-02-15,0.5039370078740157,64.0,187.08333333333331
2021-02-15,187.08333333333331,64,0.5039370078740157,0.023622047244094488,0.03937007874015748,0.09448818897637795,0.5196850393700787,0.05249343832020975,0.18897637795275588,0.2779527559055118,2021-02-16,0.5905511811023622,75.0,216.75
2021-02-16,216.75,75,0.5905511811023622,0.5039370078740157,0.023622047244094488,0.03937007874015748,0.07086614173228346,0.18897637795275568,0.18672665916760403,0.2797900262467191,2021-02-17,0.28346456692913385,36.0,107.95833333333331
2021-02-17,107.95833333333331,36,0.28346456692913385,0.5905511811023622,0.5039370078740157,0.023622047244094488,0.07874015748031496,0.3727034120734906,0.2609673790776153,0.2855643044619422,2021-02-18,0.11811023622047244,15.0,51.66666666666666
2021-02-18,51.66666666666666,15,0.11811023622047244,0.28346456692913385,0.5905511811023622,0.5039370078740157,0.49606299212598426,0.45931758530183703,0.29021372328458944,0.27952755905511817,2021-02-19,0.09448818897637795,12.0,41.583333333333336
2021-02-19,41.583333333333336,12,0.09448818897637795,0.11811023622047244,0.28346456692913385,0.5905511811023622,0.09448818897637795,0.3307086614173226,0.23622047244094488,0.26824146981627295,2021-02-20,0.6377952755905512,81.0,233.83333333333331
2021-02-20,233.83333333333331,81,0.6377952755905512,0.09448818897637795,0.11811023622047244,0.28346456692913385,0.03937007874015748,0.1653543307086612,0.23622047244094488,0.2574803149606299,2021-02-21,0.5748031496062992,73.0,210.70833333333331
2021-02-21,210.70833333333331,73,0.5748031496062992,0.6377952755905512,0.09448818897637795,0.11811023622047244,0.023622047244094488,0.28346456692913363,0.3217097862767154,0.27401574803149603,2021-02-22,0.2677165354330709,34.0,102.0
2021-02-22,102.0,34,0.2677165354330709,0.5748031496062992,0.6377952755905512,0.09448818897637795,0.5039370078740157,0.4356955380577426,0.40044994375703036,0.2916010498687664,2021-02-23,0.6456692913385826,82.0,235.54166666666663
2021-02-23,235.54166666666663,82,0.6456692913385826,0.2677165354330709,0.5748031496062992,0.6377952755905512,0.5905511811023622,0.4934383202099735,0.36670416197975253,0.284514435695538,2021-02-24,0.6377952755905512,81.0,234.125
2021-02-24,234.125,81,0.6377952755905512,0.6456692913385826,0.2677165354330709,0.5748031496062992,0.28346456692913385,0.4960629921259841,0.374578177727784,0.29816272965879265,2021-02-25,0.6220472440944882,79.0,227.45833333333331
2021-02-25,227.45833333333331,79,0.6220472440944882,0.6377952755905512,0.6456692913385826,0.2677165354330709,0.11811023622047244,0.517060367454068,0.4251968503937008,0.3076115485564304,2021-02-26,0.4645669291338583,59.0,173.29166666666666
2021-02-26,173.29166666666666,59,0.4645669291338583,0.6220472440944882,0.6377952755905512,0.6456692913385826,0.09448818897637795,0.6351706036745405,0.4971878515185602,0.3241469816272966,2021-02-27,0.4566929133858268,58.0,169.08333333333334
2021-02-27,169.08333333333334,58,0.4566929133858268,0.4645669291338583,0.6220472440944882,0.6377952755905512,0.6377952755905512,0.5748031496062991,0.5500562429696287,0.3380577427821522,2021-02-28,0.47244094488188976,60.0,176.58333333333334
2021-02-28,176.58333333333334,60,0.47244094488188976,0.4566929133858268,0.4645669291338583,0.6220472440944882,0.5748031496062992,0.5144356955380576,0.5241844769403824,0.3362204724409449,2021-03-01,0.29133858267716534,37.0,112.125
2021-03-01,112.125,37,0.29133858267716534,0.47244094488188976,0.4566929133858268,0.4645669291338583,0.2677165354330709,0.4645669291338581,0.5095613048368953,0.33490813648293966,2021-03-02,0.05511811023622047,7.0,27.75
2021-03-02,27.75,7,0.05511811023622047,0.29133858267716534,0.47244094488188976,0.4566929133858268,0.6456692913385826,0.40682414698162717,0.5129358830146231,0.3325459317585302,2021-03-03,0.5275590551181102,67.0,195.58333333333331
2021-03-03,195.58333333333331,67,0.5275590551181102,0.05511811023622047,0.29133858267716534,0.47244094488188976,0.6377952755905512,0.2729658792650917,0.42857142857142855,0.3309711286089239,2021-03-04,0.6850393700787402,87.0,250.625
2021-03-04,250.625,87,0.6850393700787402,0.5275590551181102,0.05511811023622047,0.29133858267716534,0.6220472440944882,0.2913385826771652,0.4128233970753656,0.3454068241469816,2021-03-05,0.6692913385826772,85.0,244.16666666666663
2021-03-05,244.16666666666663,85,0.6692913385826772,0.6850393700787402,0.5275590551181102,0.05511811023622047,0.4645669291338583,0.42257217847769013,0.421822272215973,0.35223097112860896,2021-03-06,0.2125984251968504,27.0,84.29166666666667
2021-03-06,84.29166666666667,27,0.2125984251968504,0.6692913385826772,0.6850393700787402,0.5275590551181102,0.4566929133858268,0.627296587926509,0.45106861642294716,0.3561679790026247,2021-03-07,0.7086614173228346,90.0,257.5
2021-03-07,257.5,90,0.7086614173228346,0.2125984251968504,0.6692913385826772,0.6850393700787402,0.47244094488188976,0.5223097112860892,0.4161979752530934,0.3506561679790027,2021-03-08,0.7244094488188977,92.0,263.1666666666667
2021-03-08,263.1666666666667,92,0.7244094488188977,0.7086614173228346,0.2125984251968504,0.6692913385826772,0.29133858267716534,0.5301837270341206,0.44994375703037115,0.3724409448818898,2021-03-09,0.7322834645669292,93.0,265.9166666666667
2021-03-09,265.9166666666667,93,0.7322834645669292,0.7244094488188977,0.7086614173228346,0.2125984251968504,0.05511811023622047,0.5485564304461942,0.5118110236220472,0.39422572178477694,2021-03-10,0.7086614173228346,90.0,258.5
2021-03-10,258.5,90,0.7086614173228346,0.7322834645669292,0.7244094488188977,0.7086614173228346,0.5275590551181102,0.721784776902887,0.6085489313835771,0.4099737532808399,2021-03-11,0.7007874015748031,89.0,255.45833333333331
2021-03-11,255.45833333333331,89,0.7007874015748031,0.7086614173228346,0.7322834645669292,0.7244094488188977,0.6850393700787402,0.721784776902887,0.6344206974128234,0.4162729658792651,2021-03-12,0.6771653543307087,86.0,247.54166666666663
2021-03-12,247.54166666666663,86,0.6771653543307087,0.7007874015748031,0.7086614173228346,0.7322834645669292,0.6692913385826772,0.7139107611548555,0.6366704161979753,0.4372703412073491,2021-03-13,0.6692913385826772,85.0,244.04166666666663
2021-03-13,244.04166666666663,85,0.6692913385826772,0.6771653543307087,0.7007874015748031,0.7086614173228346,0.2125984251968504,0.6955380577427821,0.6377952755905512,0.4572178477690289,2021-03-14,0.6220472440944882,79.0,229.20833333333331
2021-03-14,229.20833333333331,79,0.6220472440944882,0.6692913385826772,0.6771653543307087,0.7007874015748031,0.7086614173228346,0.6824146981627295,0.703037120359955,0.462992125984252,2021-03-15,0.4566929133858268,58.0,170.70833333333334
2021-03-15,170.70833333333334,58,0.4566929133858268,0.6220472440944882,0.6692913385826772,0.6771653543307087,0.7244094488188977,0.6561679790026246,0.6906636670416199,0.4805774278215223,2021-03-16,0.4015748031496063,51.0,150.95833333333334
2021-03-16,150.95833333333334,51,0.4015748031496063,0.4566929133858268,0.6220472440944882,0.6692913385826772,0.7322834645669292,0.5826771653543306,0.6524184476940382,0.494488188976378,2021-03-17,0.29133858267716534,37.0,111.79166666666669
2021-03-17,111.79166666666669,37,0.29133858267716534,0.4015748031496063,0.4566929133858268,0.6220472440944882,0.7086614173228346,0.49343832020997364,0.6051743532058492,0.5070866141732283,2021-03-18,0.2283464566929134,29.0,89.79166666666667
2021-03-18,89.79166666666667,29,0.2283464566929134,0.29133858267716534,0.4015748031496063,0.4566929133858268,0.7007874015748031,0.3832020997375327,0.5455568053993252,0.5,2021-03-19,0.6220472440944882,79.0,228.41666666666663
2021-03-19,228.41666666666663,79,0.6220472440944882,0.2283464566929134,0.29133858267716534,0.4015748031496063,0.6771653543307087,0.3070866141732282,0.47806524184476945,0.4879265091863517,2021-03-20,0.5984251968503937,76.0,220.25
2021-03-20,220.25,76,0.5984251968503937,0.6220472440944882,0.2283464566929134,0.29133858267716534,0.6692913385826772,0.3805774278215222,0.4701912260967379,0.49921259842519683,2021-03-21,0.11811023622047244,15.0,50.75
2021-03-21,50.75,15,0.11811023622047244,0.5984251968503937,0.6220472440944882,0.2283464566929134,0.6220472440944882,0.48293963254593164,0.4600674915635545,0.515223097112861,2021-03-22,0.7401574803149606,94.0,269.6666666666667
2021-03-22,269.6666666666667,94,0.7401574803149606,0.11811023622047244,0.5984251968503937,0.6220472440944882,0.4566929133858268,0.44619422572178463,0.3880764904386952,0.516010498687664,2021-03-23,0.6535433070866141,83.0,240.20833333333331
2021-03-23,240.20833333333331,83,0.6535433070866141,0.7401574803149606,0.11811023622047244,0.5984251968503937,0.4015748031496063,0.48556430446194215,0.42857142857142855,0.5194225721784778,2021-03-24,0.6062992125984252,77.0,222.25
2021-03-24,222.25,77,0.6062992125984252,0.6535433070866141,0.7401574803149606,0.11811023622047244,0.29133858267716534,0.5039370078740156,0.4645669291338582,0.5220472440944881,2021-03-25,0.6771653543307087,86.0,246.5
2021-03-25,246.5,86,0.6771653543307087,0.6062992125984252,0.6535433070866141,0.7401574803149606,0.2283464566929134,0.6666666666666665,0.5095613048368953,0.5333333333333333,2021-03-26,0.5748031496062992,73.0,210.70833333333331
2021-03-26,210.70833333333331,73,0.5748031496062992,0.6771653543307087,0.6062992125984252,0.6535433070866141,0.6220472440944882,0.6456692913385825,0.5736782902137233,0.5343832020997376,2021-03-27,0.6692913385826772,85.0,244.66666666666663
2021-03-27,244.66666666666663,85,0.6692913385826772,0.5748031496062992,0.6771653543307087,0.6062992125984252,0.5984251968503937,0.6194225721784776,0.5669291338582677,0.5322834645669291,2021-03-28,0.5590551181102362,71.0,205.04166666666663
2021-03-28,205.04166666666663,71,0.5590551181102362,0.6692913385826772,0.5748031496062992,0.6771653543307087,0.11811023622047244,0.6404199475065616,0.5770528683914511,0.5338582677165354,2021-03-29,0.8188976377952756,104.0,298.4166666666667
2021-03-29,298.4166666666667,104,0.8188976377952756,0.5590551181102362,0.6692913385826772,0.5748031496062992,0.7401574803149606,0.601049868766404,0.6400449943757031,0.537007874015748,2021-03-30,0.36220472440944884,46.0,135.75
2021-03-30,135.75,46,0.36220472440944884,0.8188976377952756,0.5590551181102362,0.6692913385826772,0.6535433070866141,0.6824146981627296,0.6512935883014623,0.5490813648293963,2021-03-31,0.6535433070866141,83.0,238.625
2021-03-31,238.625,83,0.6535433070866141,0.36220472440944884,0.8188976377952756,0.5590551181102362,0.6062992125984252,0.5800524934383201,0.609673790776153,0.5454068241469816,2021-04-01,0.8110236220472441,103.0,295.1666666666667
2021-04-01,295.1666666666667,103,0.8110236220472441,0.6535433070866141,0.36220472440944884,0.8188976377952756,0.6771653543307087,0.611548556430446,0.6164229471316086,0.5574803149606299,2021-04-02,0.8582677165354331,109.0,310.1666666666667
2021-04-02,310.1666666666667,109,0.8582677165354331,0.8110236220472441,0.6535433070866141,0.36220472440944884,0.5748031496062992,0.6089238845144355,0.6355455568053994,0.5826771653543308,2021-04-03,0.8503937007874016,108.0,308.9166666666667
2021-04-03,308.9166666666667,108,0.8503937007874016,0.8582677165354331,0.8110236220472441,0.6535433070866141,0.6692913385826772,0.774278215223097,0.6760404949381328,0.5937007874015748,2021-04-04,0.8503937007874016,108.0,308.625
2021-04-04,308.625,108,0.8503937007874016,0.8503937007874016,0.8582677165354331,0.8110236220472441,0.5590551181102362,0.8398950131233595,0.7019122609673791,0.5992125984251968,2021-04-05,0.84251968503937,107.0,304.75
2021-04-05,304.75,107,0.84251968503937,0.8503937007874016,0.8503937007874016,0.8582677165354331,0.8188976377952756,0.8530183727034121,0.7435320584926883,0.605249343832021,2021-04-06,0.7952755905511811,101.0,289.0
2021-04-06,289.0,101,0.7952755905511811,0.84251968503937,0.8503937007874016,0.8503937007874016,0.36220472440944884,0.847769028871391,0.7469066366704162,0.6262467191601051,2021-04-07,0.8188976377952756,104.0,296.2916666666667
2021-04-07,296.2916666666667,104,0.8188976377952756,0.7952755905511811,0.84251968503937,0.8503937007874016,0.6535433070866141,0.8293963254593174,0.8087739032620922,0.6291338582677165,2021-04-08,0.6614173228346457,84.0,242.75
2021-04-08,242.75,84,0.6614173228346457,0.8188976377952756,0.7952755905511811,0.84251968503937,0.8110236220472441,0.8188976377952755,0.8323959505061868,0.6322834645669292,2021-04-09,0.2440944881889764,31.0,95.16666666666669
2021-04-09,95.16666666666669,31,0.2440944881889764,0.6614173228346457,0.8188976377952756,0.7952755905511811,0.8582677165354331,0.7585301837270341,0.8110236220472441,0.6299212598425197,2021-04-10,0.4409448818897638,56.0,165.20833333333334
2021-04-10,165.20833333333334,56,0.4409448818897638,0.2440944881889764,0.6614173228346457,0.8188976377952756,0.8503937007874016,0.5748031496062991,0.7232845894263218,0.6144356955380578,2021-04-11,0.3937007874015748,50.0,146.95833333333334
2021-04-11,146.95833333333334,50,0.3937007874015748,0.4409448818897638,0.2440944881889764,0.6614173228346457,0.8503937007874016,0.4488188976377952,0.6647919010123735,0.6057742782152231,2021-04-12,0.8661417322834646,110.0,314.4583333333333
2021-04-12,314.4583333333333,110,0.8661417322834646,0.3937007874015748,0.4409448818897638,0.2440944881889764,0.84251968503937,0.3595800524934382,0.5995500562429695,0.5963254593175853,2021-04-13,0.8503937007874016,108.0,307.0
2021-04-13,307.0,108,0.8503937007874016,0.8661417322834646,0.3937007874015748,0.4409448818897638,0.7952755905511811,0.5669291338582676,0.6029246344206974,0.6028871391076116,2021-04-14,0.6929133858267716,88.0,253.83333333333331
2021-04-14,253.83333333333331,88,0.6929133858267716,0.8503937007874016,0.8661417322834646,0.3937007874015748,0.8188976377952756,0.7034120734908136,0.6107986501687288,0.610498687664042,2021-04-15,0.4015748031496063,51.0,149.70833333333334
2021-04-15,149.70833333333334,51,0.4015748031496063,0.6929133858267716,0.8503937007874016,0.8661417322834646,0.6614173228346457,0.8031496062992125,0.592800899887514,0.6183727034120736,2021-04-16,0.31496062992125984,40.0,118.54166666666669
2021-04-16,118.54166666666669,40,0.31496062992125984,0.4015748031496063,0.6929133858267716,0.8503937007874016,0.2440944881889764,0.6482939632545931,0.5556805399325084,0.6183727034120735,2021-04-17,0.7480314960629921,95.0,273.6666666666667
2021-04-17,273.6666666666667,95,0.7480314960629921,0.31496062992125984,0.4015748031496063,0.6929133858267716,0.4409448818897638,0.4698162729658791,0.5658042744656918,0.6191601049868767,2021-04-18,0.6220472440944882,79.0,228.08333333333331
2021-04-18,228.08333333333331,79,0.6220472440944882,0.7480314960629921,0.31496062992125984,0.4015748031496063,0.3937007874015748,0.4881889763779526,0.609673790776153,0.6364829396325459,2021-04-19,0.8976377952755905,114.0,325.625
2021-04-19,325.625,114,0.8976377952755905,0.6220472440944882,0.7480314960629921,0.31496062992125984,0.8661417322834646,0.5616797900262466,0.6422947131608548,0.6364829396325459,2021-04-20,0.5118110236220472,65.0,189.83333333333331
2021-04-20,189.83333333333331,65,0.5118110236220472,0.8976377952755905,0.6220472440944882,0.7480314960629921,0.8503937007874016,0.7559055118110235,0.6467941507311586,0.6464566929133859,2021-04-21,0.889763779527559,113.0,323.625
2021-04-21,323.625,113,0.889763779527559,0.5118110236220472,0.8976377952755905,0.6220472440944882,0.6929133858267716,0.6771653543307085,0.5984251968503936,0.6595800524934383,2021-04-22,0.9133858267716536,116.0,329.375
2021-04-22,329.375,116,0.9133858267716536,0.889763779527559,0.5118110236220472,0.8976377952755905,0.4015748031496063,0.7664041994750654,0.6265466816647918,0.6645669291338583,2021-04-23,0.7952755905511811,101.0,289.4166666666667
2021-04-23,289.4166666666667,101,0.7952755905511811,0.9133858267716536,0.889763779527559,0.5118110236220472,0.31496062992125984,0.7716535433070865,0.6996625421822272,0.6732283464566929,2021-04-24,0.07874015748031496,10.0,36.04166666666666
2021-04-24,36.04166666666666,10,0.07874015748031496,0.7952755905511811,0.9133858267716536,0.889763779527559,0.7480314960629921,0.8661417322834644,0.7682789651293588,0.6795275590551182,2021-04-25,0.7401574803149606,94.0,269.4166666666667
2021-04-25,269.4166666666667,94,0.7401574803149606,0.07874015748031496,0.7952755905511811,0.9133858267716536,0.6220472440944882,0.5958005249343831,0.672665916760405,0.6595800524934384,2021-04-26,0.8346456692913385,106.0,301.7083333333333
2021-04-26,301.7083333333333,106,0.8346456692913385,0.7401574803149606,0.07874015748031496,0.7952755905511811,0.8976377952755905,0.538057742782152,0.6895388076490437,0.6650918635170604,2021-04-27,0.8818897637795275,112.0,319.7916666666667
2021-04-27,319.7916666666667,112,0.8818897637795275,0.8346456692913385,0.7401574803149606,0.07874015748031496,0.5118110236220472,0.5511811023622045,0.6805399325084365,0.6706036745406825,2021-04-28,0.8582677165354331,109.0,310.125
2021-04-28,310.125,109,0.8582677165354331,0.8818897637795275,0.8346456692913385,0.7401574803149606,0.889763779527559,0.8188976377952754,0.7334083239595051,0.6813648293963255,2021-04-29,0.7322834645669292,93.0,267.75
2021-04-29,267.75,93,0.7322834645669292,0.8582677165354331,0.8818897637795275,0.8346456692913385,0.9133858267716536,0.8582677165354329,0.7289088863892014,0.6826771653543308,2021-04-30,0.8267716535433071,105.0,301.1666666666667
2021-04-30,301.1666666666667,105,0.8267716535433071,0.7322834645669292,0.8582677165354331,0.8818897637795275,0.7952755905511811,0.8241469816272965,0.703037120359955,0.6950131233595801,2021-05-01,0.8740157480314961,111.0,317.75
2021-05-01,317.75,111,0.8740157480314961,0.8267716535433071,0.7322834645669292,0.8582677165354331,0.07874015748031496,0.8057742782152229,0.7075365579302586,0.7007874015748032,2021-05-02,0.5826771653543307,74.0,213.125
2021-05-02,213.125,74,0.5826771653543307,0.8740157480314961,0.8267716535433071,0.7322834645669292,0.7401574803149606,0.8110236220472439,0.8211473565804274,0.7028871391076116,2021-05-03,0.7480314960629921,95.0,271.0833333333333
2021-05-03,271.0833333333333,95,0.7480314960629921,0.5826771653543307,0.8740157480314961,0.8267716535433071,0.8346456692913385,0.7611548556430444,0.7986501687289088,0.6937007874015748,2021-05-04,0.7716535433070866,98.0,280.0416666666667
2021-05-04,280.0416666666667,98,0.7716535433070866,0.7480314960629921,0.5826771653543307,0.8740157480314961,0.8818897637795275,0.7349081364829395,0.7862767154105736,0.6902887139107612,2021-05-05,0.5196850393700787,66.0,190.95833333333331
2021-05-05,190.95833333333331,66,0.5196850393700787,0.7716535433070866,0.7480314960629921,0.5826771653543307,0.8582677165354331,0.7007874015748029,0.7705286839145107,0.6876640419947506,2021-05-06,0.9212598425196851,117.0,332.25
2021-05-06,332.25,117,0.9212598425196851,0.5196850393700787,0.7716535433070866,0.7480314960629921,0.7322834645669292,0.679790026246719,0.7221597300337458,0.6769028871391075,2021-05-07,0.9606299212598425,122.0,347.2083333333333
2021-05-07,347.2083333333333,122,0.9606299212598425,0.9212598425196851,0.5196850393700787,0.7716535433070866,0.8267716535433071,0.73753280839895,0.749156355455568,0.6811023622047243,2021-05-08,0.937007874015748,119.0,340.1666666666667
2021-05-08,340.1666666666667,119,0.937007874015748,0.9606299212598425,0.9212598425196851,0.5196850393700787,0.8740157480314961,0.8005249343832018,0.7682789651293589,0.6858267716535433,2021-05-09,0.9212598425196851,117.0,334.0833333333333
2021-05-09,334.0833333333333,117,0.9212598425196851,0.937007874015748,0.9606299212598425,0.9212598425196851,0.5826771653543307,0.9396325459317584,0.7772778402699663,0.6950131233595801,2021-05-10,0.4645669291338583,59.0,171.91666666666666
2021-05-10,171.91666666666666,59,0.4645669291338583,0.9212598425196851,0.937007874015748,0.9606299212598425,0.7480314960629921,0.9396325459317584,0.8256467941507312,0.7175853018372703,2021-05-11,0.7637795275590551,97.0,279.0
2021-05-11,279.0,97,0.7637795275590551,0.4645669291338583,0.9212598425196851,0.937007874015748,0.7716535433070866,0.7742782152230969,0.7851518560179978,0.7183727034120736,2021-05-12,0.33070866141732286,42.0,125.79166666666669
2021-05-12,125.79166666666669,42,0.33070866141732286,0.7637795275590551,0.4645669291338583,0.9212598425196851,0.5196850393700787,0.7165354330708659,0.7840269966254219,0.7307086614173228,2021-05-13,0.8110236220472441,103.0,293.75
2021-05-13,293.75,103,0.8110236220472441,0.33070866141732286,0.7637795275590551,0.4645669291338583,0.9212598425196851,0.5196850393700786,0.7570303712035996,0.7128608923884515,2021-05-14,0.952755905511811,121.0,344.25
2021-05-14,344.25,121,0.952755905511811,0.8110236220472441,0.33070866141732286,0.7637795275590551,0.9606299212598425,0.6351706036745405,0.7412823397075365,0.7115485564304461,2021-05-15,0.9448818897637795,120.0,340.8333333333333
2021-05-15,340.8333333333333,120,0.9448818897637795,0.952755905511811,0.8110236220472441,0.33070866141732286,0.937007874015748,0.6981627296587924,0.7401574803149605,0.7202099737532808,2021-05-16,0.9448818897637795,120.0,340.5416666666667
2021-05-16,340.5416666666667,120,0.9448818897637795,0.9448818897637795,0.952755905511811,0.8110236220472441,0.9212598425196851,0.9028871391076113,0.7412823397075365,0.7383202099737534,2021-05-17,0.8661417322834646,110.0,312.6666666666667
2021-05-17,312.6666666666667,110,0.8661417322834646,0.9448818897637795,0.9448818897637795,0.952755905511811,0.4645669291338583,0.9475065616797899,0.7446569178852643,0.7593175853018371,2021-05-18,0.8503937007874016,108.0,308.5416666666667
2021-05-18,308.5416666666667,108,0.8503937007874016,0.8661417322834646,0.9448818897637795,0.9448818897637795,0.7637795275590551,0.9186351706036743,0.8020247469066366,0.7632545931758531,2021-05-19,0.7086614173228346,90.0,259.4583333333333
2021-05-19,259.4583333333333,90,0.7086614173228346,0.8503937007874016,0.8661417322834646,0.9448818897637795,0.33070866141732286,0.8871391076115483,0.814398200224972,0.7708661417322834,2021-05-20,0.968503937007874,123.0,350.5
2021-05-20,350.5,123,0.968503937007874,0.7086614173228346,0.8503937007874016,0.8661417322834646,0.8110236220472441,0.8083989501312333,0.8683914510686164,0.7645669291338583,2021-05-21,0.889763779527559,113.0,322.0833333333333
2021-05-21,322.0833333333333,113,0.889763779527559,0.968503937007874,0.7086614173228346,0.8503937007874016,0.952755905511811,0.8425196850393699,0.8908886389201349,0.7797900262467192,2021-05-22,0.8188976377952756,104.0,297.0833333333333
2021-05-22,297.0833333333333,104,0.8188976377952756,0.889763779527559,0.968503937007874,0.7086614173228346,0.9448818897637795,0.8556430446194222,0.8818897637795277,0.7797900262467192,2021-05-23,0.8661417322834646,110.0,313.9583333333333
2021-05-23,313.9583333333333,110,0.8661417322834646,0.8188976377952756,0.889763779527559,0.968503937007874,0.9448818897637795,0.8923884514435693,0.8638920134983127,0.7766404199475065,2021-05-24,0.8346456692913385,106.0,303.9166666666667
2021-05-24,303.9166666666667,106,0.8346456692913385,0.8661417322834646,0.8188976377952756,0.889763779527559,0.8661417322834646,0.8582677165354328,0.8526434195725534,0.7790026246719159,2021-05-25,0.8661417322834646,110.0,315.0416666666667
2021-05-25,315.0416666666667,110,0.8661417322834646,0.8346456692913385,0.8661417322834646,0.8188976377952756,0.8503937007874016,0.8398950131233595,0.8481439820022497,0.8041994750656168,2021-05-26,0.8267716535433071,105.0,301.2916666666667
2021-05-26,301.2916666666667,105,0.8267716535433071,0.8661417322834646,0.8346456692913385,0.8661417322834646,0.7086614173228346,0.8556430446194224,0.8503937007874015,0.8083989501312335,2021-05-27,0.8740157480314961,111.0,318.0
2021-05-27,318.0,111,0.8740157480314961,0.8267716535433071,0.8661417322834646,0.8346456692913385,0.968503937007874,0.8425196850393698,0.8672665916760405,0.8081364829396325,2021-05-28,0.9133858267716536,116.0,330.2916666666667
2021-05-28,330.2916666666667,116,0.9133858267716536,0.8740157480314961,0.8267716535433071,0.8661417322834646,0.889763779527559,0.8556430446194224,0.8537682789651294,0.8078740157480315,2021-05-29,0.6062992125984252,77.0,223.125
2021-05-29,223.125,77,0.6062992125984252,0.9133858267716536,0.8740157480314961,0.8267716535433071,0.8188976377952756,0.8713910761154854,0.8571428571428571,0.8097112860892389,2021-05-30,0.8740157480314961,111.0,317.7083333333333
2021-05-30,317.7083333333333,111,0.8740157480314961,0.6062992125984252,0.9133858267716536,0.8740157480314961,0.8661417322834646,0.7979002624671914,0.8267716535433072,0.805511811023622,2021-05-31,0.984251968503937,125.0,354.4583333333333
2021-05-31,354.4583333333333,125,0.984251968503937,0.8740157480314961,0.6062992125984252,0.9133858267716536,0.8346456692913385,0.7979002624671914,0.8278965129358831,0.8070866141732282,2021-06-01,0.7795275590551181,99.0,283.9583333333333
2021-06-01,283.9583333333333,99,0.7795275590551181,0.984251968503937,0.8740157480314961,0.6062992125984252,0.8661417322834646,0.8215223097112858,0.8492688413948256,0.8107611548556429,2021-06-02,0.5826771653543307,74.0,213.70833333333331
2021-06-02,213.70833333333331,74,0.5826771653543307,0.7795275590551181,0.984251968503937,0.8740157480314961,0.8267716535433071,0.8792650918635169,0.8368953880764904,0.8173228346456692,2021-06-03,0.5118110236220472,65.0,187.83333333333331
2021-06-03,187.83333333333331,65,0.5118110236220472,0.5826771653543307,0.7795275590551181,0.984251968503937,0.8740157480314961,0.7821522309711284,0.8020247469066366,0.8118110236220472,2021-06-04,0.7165354330708661,91.0,261.625
2021-06-04,261.625,91,0.7165354330708661,0.5118110236220472,0.5826771653543307,0.7795275590551181,0.9133858267716536,0.6246719160104984,0.7502812148481439,0.8031496062992126,2021-06-05,0.6062992125984252,77.0,222.08333333333331
2021-06-05,222.08333333333331,77,0.6062992125984252,0.7165354330708661,0.5118110236220472,0.5826771653543307,0.6062992125984252,0.6036745406824146,0.7221597300337458,0.8097112860892389,2021-06-06,0.4409448818897638,56.0,162.79166666666666
2021-06-06,162.79166666666666,56,0.4409448818897638,0.6062992125984252,0.7165354330708661,0.5118110236220472,0.8740157480314961,0.611548556430446,0.7221597300337458,0.7992125984251969,2021-06-07,0.3858267716535433,49.0,145.875
2021-06-07,145.875,49,0.3858267716535433,0.4409448818897638,0.6062992125984252,0.7165354330708661,0.984251968503937,0.5879265091863515,0.6602924634420697,0.7818897637795276,2021-06-08,0.84251968503937,107.0,306.2916666666667
2021-06-08,306.2916666666667,107,0.84251968503937,0.3858267716535433,0.4409448818897638,0.6062992125984252,0.7795275590551181,0.47769028871391056,0.5748031496062992,0.763517060367454,2021-06-09,0.6377952755905512,81.0,233.5
2021-06-09,233.5,81,0.6377952755905512,0.84251968503937,0.3858267716535433,0.4409448818897638,0.5826771653543307,0.5564304461942254,0.5838020247469066,0.7608923884514436,2021-06-10,0.7795275590551181,99.0,283.0
2021-06-10,283.0,99,0.7795275590551181,0.6377952755905512,0.84251968503937,0.3858267716535433,0.5118110236220472,0.6220472440944879,0.591676040494938,0.7666666666666665,2021-06-11,0.8188976377952756,104.0,296.5
2021-06-11,296.5,104,0.8188976377952756,0.7795275590551181,0.6377952755905512,0.84251968503937,0.7165354330708661,0.7532808398950128,0.6299212598425197,0.7671916010498687,2021-06-12,0.6771653543307087,86.0,246.875
2021-06-12,246.875,86,0.6771653543307087,0.8188976377952756,0.7795275590551181,0.6377952755905512,0.6062992125984252,0.7454068241469813,0.6445444319460067,0.7834645669291338,2021-06-13,0.5039370078740157,64.0,186.41666666666663
2021-06-13,186.41666666666663,64,0.5039370078740157,0.6771653543307087,0.8188976377952756,0.7795275590551181,0.4409448818897638,0.758530183727034,0.6546681664791901,0.7790026246719159,2021-06-14,0.8110236220472441,103.0,295.3333333333333
2021-06-14,295.3333333333333,103,0.8110236220472441,0.5039370078740157,0.6771653543307087,0.8188976377952756,0.3858267716535433,0.6666666666666664,0.6636670416197975,0.7640419947506562,2021-06-15,0.9291338582677166,118.0,335.0416666666667
2021-06-15,335.0416666666667,118,0.9291338582677166,0.8110236220472441,0.5039370078740157,0.6771653543307087,0.84251968503937,0.6640419947506558,0.7244094488188976,0.7595800524934383,2021-06-16,0.9448818897637795,120.0,340.375
2021-06-16,340.375,120,0.9448818897637795,0.9291338582677166,0.8110236220472441,0.5039370078740157,0.6377952755905512,0.748031496062992,0.7367829021372329,0.7590551181102363,2021-06-17,0.937007874015748,119.0,339.4166666666667
2021-06-17,339.4166666666667,119,0.937007874015748,0.9448818897637795,0.9291338582677166,0.8110236220472441,0.7795275590551181,0.8950131233595798,0.7806524184476941,0.7616797900262466,2021-06-18,0.7716535433070866,98.0,279.3333333333333
2021-06-18,279.3333333333333,98,0.7716535433070866,0.937007874015748,0.9448818897637795,0.9291338582677166,0.8188976377952756,0.9370078740157478,0.8031496062992126,0.7645669291338583,2021-06-19,0.4251968503937008,54.0,159.0
2021-06-19,159.0,54,0.4251968503937008,0.7716535433070866,0.937007874015748,0.9448818897637795,0.6771653543307087,0.8845144356955378,0.7964004499437571,0.7666666666666667,2021-06-20,0.5433070866141733,69.0,199.125
2021-06-20,199.125,69,0.5433070866141733,0.4251968503937008,0.7716535433070866,0.937007874015748,0.5039370078740157,0.711286089238845,0.7604049493813273,0.7485564304461942,2021-06-21,0.7874015748031497,100.0,287.2083333333333
2021-06-21,287.2083333333333,100,0.7874015748031497,0.5433070866141733,0.4251968503937008,0.7716535433070866,0.8110236220472441,0.58005249343832,0.766029246344207,0.7370078740157481,2021-06-22,0.28346456692913385,36.0,107.91666666666669
2021-06-22,107.91666666666669,36,0.28346456692913385,0.7874015748031497,0.5433070866141733,0.4251968503937008,0.9291338582677166,0.585301837270341,0.7626546681664792,0.7359580052493438,2021-06-23,0.952755905511811,121.0,345.375
2021-06-23,345.375,121,0.952755905511811,0.28346456692913385,0.7874015748031497,0.5433070866141733,0.9448818897637795,0.538057742782152,0.6704161979752532,0.7165354330708662,2021-06-24,0.4881889763779528,62.0,181.25
2021-06-24,181.25,62,0.4881889763779528,0.952755905511811,0.28346456692913385,0.7874015748031497,0.937007874015748,0.6745406824146979,0.6715410573678291,0.7204724409448818,2021-06-25,0.9133858267716536,116.0,330.9583333333333
2021-06-25,330.9583333333333,116,0.9133858267716536,0.4881889763779528,0.952755905511811,0.28346456692913385,0.7716535433070866,0.574803149606299,0.6074240719910012,0.7078740157480314,2021-06-26,0.7637795275590551,97.0,276.9166666666667
2021-06-26,276.9166666666667,97,0.7637795275590551,0.9133858267716536,0.4881889763779528,0.952755905511811,0.4251968503937008,0.7847769028871389,0.6276715410573679,0.7107611548556431,2021-06-27,0.8740157480314961,111.0,316.5
2021-06-27,316.5,111,0.8740157480314961,0.7637795275590551,0.9133858267716536,0.4881889763779528,0.5433070866141733,0.7217847769028869,0.6760404949381328,0.7070866141732284,2021-06-28,0.2204724409448819,28.0,87.25
2021-06-28,87.25,28,0.2204724409448819,0.8740157480314961,0.7637795275590551,0.9133858267716536,0.7874015748031497,0.8503937007874014,0.7232845894263217,0.7057742782152231,2021-06-29,0.8110236220472441,103.0,294.9583333333333
2021-06-29,294.9583333333333,103,0.8110236220472441,0.2204724409448819,0.8740157480314961,0.7637795275590551,0.28346456692913385,0.6194225721784774,0.6422947131608548,0.6929133858267718,2021-06-30,0.5039370078740157,64.0,184.95833333333331
2021-06-30,184.95833333333331,64,0.5039370078740157,0.8110236220472441,0.2204724409448819,0.8740157480314961,0.952755905511811,0.6351706036745405,0.7176602924634421,0.6908136482939633,2021-07-01,0.5354330708661418,68.0,198.58333333333331
2021-07-01,198.58333333333331,68,0.5354330708661418,0.5039370078740157,0.8110236220472441,0.2204724409448819,0.4881889763779528,0.5118110236220471,0.6535433070866142,0.6748031496062993,2021-07-02,0.4330708661417323,55.0,160.125
2021-07-02,160.125,55,0.4330708661417323,0.5354330708661418,0.5039370078740157,0.8110236220472441,0.9133858267716536,0.616797900262467,0.6602924634420698,0.6666666666666666,2021-07-03,0.5433070866141733,69.0,200.08333333333331
2021-07-03,200.08333333333331,69,0.5433070866141733,0.4330708661417323,0.5354330708661418,0.5039370078740157,0.7637795275590551,0.49081364829396307,0.591676040494938,0.6616797900262468,2021-07-04,0.7874015748031497,100.0,287.5
2021-07-04,287.5,100,0.7874015748031497,0.5433070866141733,0.4330708661417323,0.5354330708661418,0.8740157480314961,0.5039370078740156,0.5601799775028121,0.662729658792651,2021-07-05,0.7795275590551181,99.0,283.0
2021-07-05,283.0,99,0.7795275590551181,0.7874015748031497,0.5433070866141733,0.4330708661417323,0.2204724409448819,0.5879265091863516,0.547806524184477,0.6650918635170604,2021-07-06,0.6141732283464567,78.0,225.33333333333331
2021-07-06,225.33333333333331,78,0.6141732283464567,0.7795275590551181,0.7874015748031497,0.5433070866141733,0.8110236220472441,0.7034120734908135,0.6276715410573679,0.6708661417322834,2021-07-07,0.30708661417322836,39.0,116.25
2021-07-07,116.25,39,0.30708661417322836,0.6141732283464567,0.7795275590551181,0.7874015748031497,0.5039370078740157,0.7270341207349079,0.5995500562429695,0.6766404199475066,2021-07-08,0.5748031496062992,73.0,211.04166666666663
2021-07-08,211.04166666666663,73,0.5748031496062992,0.30708661417322836,0.6141732283464567,0.7795275590551181,0.5354330708661418,0.5669291338582675,0.5714285714285714,0.674015748031496,2021-07-09,0.8582677165354331,109.0,310.1666666666667
2021-07-09,310.1666666666667,109,0.8582677165354331,0.5748031496062992,0.30708661417322836,0.6141732283464567,0.4330708661417323,0.49868766404199455,0.5770528683914511,0.6650918635170604,2021-07-10,0.7637795275590551,97.0,276.625
2021-07-10,276.625,97,0.7637795275590551,0.8582677165354331,0.5748031496062992,0.30708661417322836,0.5433070866141733,0.58005249343832,0.6377952755905512,0.6724409448818899,2021-07-11,0.7480314960629921,95.0,273.2083333333333
2021-07-11,273.2083333333333,95,0.7480314960629921,0.7637795275590551,0.8582677165354331,0.5748031496062992,0.7874015748031497,0.7322834645669288,0.6692913385826772,0.6719160104986877,2021-07-12,0.8503937007874016,108.0,309.7083333333333
2021-07-12,309.7083333333333,108,0.8503937007874016,0.7480314960629921,0.7637795275590551,0.8582677165354331,0.7795275590551181,0.7900262467191599,0.6636670416197975,0.6695538057742781,2021-07-13,0.5511811023622047,70.0,203.91666666666663
2021-07-13,203.91666666666663,70,0.5511811023622047,0.8503937007874016,0.7480314960629921,0.7637795275590551,0.6141732283464567,0.7874015748031494,0.673790776152981,0.6753280839895014,2021-07-14,0.8110236220472441,103.0,294.4166666666667
2021-07-14,294.4166666666667,103,0.8110236220472441,0.5511811023622047,0.8503937007874016,0.7480314960629921,0.30708661417322836,0.7165354330708659,0.6647919010123734,0.6769028871391076,2021-07-15,0.7007874015748031,89.0,256.9166666666667
2021-07-15,256.9166666666667,89,0.7007874015748031,0.8110236220472441,0.5511811023622047,0.8503937007874016,0.5748031496062992,0.73753280839895,0.7367829021372329,0.6769028871391076,2021-07-16,0.7086614173228346,90.0,258.9166666666667
2021-07-16,258.9166666666667,90,0.7086614173228346,0.7007874015748031,0.8110236220472441,0.5511811023622047,0.8582677165354331,0.6876640419947505,0.7547806524184477,0.6692913385826772,2021-07-17,0.7244094488188977,92.0,265.125
2021-07-17,265.125,92,0.7244094488188977,0.7086614173228346,0.7007874015748031,0.8110236220472441,0.7637795275590551,0.7401574803149605,0.7334083239595051,0.6614173228346457,2021-07-18,0.5118110236220472,65.0,188.20833333333331
2021-07-18,188.20833333333331,65,0.5118110236220472,0.7244094488188977,0.7086614173228346,0.7007874015748031,0.7480314960629921,0.711286089238845,0.7277840269966254,0.6543307086614174,2021-07-19,0.5826771653543307,74.0,212.79166666666663
2021-07-19,212.79166666666663,74,0.5826771653543307,0.5118110236220472,0.7244094488188977,0.7086614173228346,0.8503937007874016,0.6482939632545929,0.6940382452193476,0.6456692913385826,2021-07-20,0.49606299212598426,63.0,183.75
2021-07-20,183.75,63,0.49606299212598426,0.5826771653543307,0.5118110236220472,0.7244094488188977,0.5511811023622047,0.606299212598425,0.655793025871766,0.6509186351706037,2021-07-21,0.6614173228346457,84.0,240.79166666666663
2021-07-21,240.79166666666663,84,0.6614173228346457,0.49606299212598426,0.5826771653543307,0.5118110236220472,0.8110236220472441,0.5301837270341205,0.6479190101237345,0.6493438320209973,2021-07-22,0.5511811023622047,70.0,203.16666666666663
2021-07-22,203.16666666666663,70,0.5511811023622047,0.6614173228346457,0.49606299212598426,0.5826771653543307,0.7007874015748031,0.58005249343832,0.6265466816647919,0.6451443569553806,2021-07-23,0.8110236220472441,103.0,295.0416666666667
2021-07-23,295.0416666666667,103,0.8110236220472441,0.5511811023622047,0.6614173228346457,0.49606299212598426,0.7086614173228346,0.5695538057742779,0.6051743532058492,0.6540682414698163,2021-07-24,0.8818897637795275,112.0,319.8333333333333
2021-07-24,319.8333333333333,112,0.8818897637795275,0.8110236220472441,0.5511811023622047,0.6614173228346457,0.7244094488188977,0.6745406824146979,0.6197975253093364,0.6493438320209974,2021-07-25,0.8188976377952756,104.0,296.4583333333333
2021-07-25,296.4583333333333,104,0.8188976377952756,0.8818897637795275,0.8110236220472441,0.5511811023622047,0.5118110236220472,0.748031496062992,0.6422947131608548,0.6624671916010498,2021-07-26,0.49606299212598426,63.0,184.375
2021-07-26,184.375,63,0.49606299212598426,0.8188976377952756,0.8818897637795275,0.8110236220472441,0.5826771653543307,0.8372703412073489,0.6861642294713161,0.6593175853018373,2021-07-27,0.5196850393700787,66.0,192.54166666666663
2021-07-27,192.54166666666663,66,0.5196850393700787,0.49606299212598426,0.8188976377952756,0.8818897637795275,0.49606299212598426,0.7322834645669288,0.6737907761529808,0.6503937007874014,2021-07-28,0.3937007874015748,50.0,148.5
2021-07-28,148.5,50,0.3937007874015748,0.5196850393700787,0.49606299212598426,0.8188976377952756,0.6614173228346457,0.611548556430446,0.6771653543307086,0.6385826771653543,2021-07-29,0.8740157480314961,111.0,315.9166666666667
2021-07-29,315.9166666666667,111,0.8740157480314961,0.3937007874015748,0.5196850393700787,0.49606299212598426,0.5511811023622047,0.4698162729658791,0.6389201349831272,0.6443569553805774,2021-07-30,0.7637795275590551,97.0,276.5
2021-07-30,276.5,97,0.7637795275590551,0.8740157480314961,0.3937007874015748,0.5196850393700787,0.8110236220472441,0.5958005249343831,0.6850393700787402,0.6464566929133858,2021-07-31,0.8267716535433071,105.0,301.4166666666667
2021-07-31,301.4166666666667,105,0.8267716535433071,0.7637795275590551,0.8740157480314961,0.3937007874015748,0.8818897637795275,0.6771653543307085,0.6782902137232847,0.6551181102362205,2021-08-01,0.7559055118110236,96.0,273.9583333333333
2021-08-01,273.9583333333333,96,0.7559055118110236,0.8267716535433071,0.7637795275590551,0.8740157480314961,0.8188976377952756,0.8215223097112858,0.6704161979752531,0.6648293963254593,2021-08-02,0.6850393700787402,87.0,249.08333333333331
2021-08-02,249.08333333333331,87,0.6850393700787402,0.7559055118110236,0.8267716535433071,0.7637795275590551,0.49606299212598426,0.7821522309711284,0.6614173228346456,0.6755905511811023,2021-08-03,0.5275590551181102,67.0,193.5
2021-08-03,193.5,67,0.5275590551181102,0.6850393700787402,0.7559055118110236,0.8267716535433071,0.5196850393700787,0.7559055118110235,0.688413948256468,0.6803149606299213,2021-08-04,0.6141732283464567,78.0,224.375
2021-08-04,224.375,78,0.6141732283464567,0.5275590551181102,0.6850393700787402,0.7559055118110236,0.3937007874015748,0.6561679790026246,0.689538807649044,0.6716535433070867,2021-08-05,0.3543307086614173,45.0,133.83333333333334
2021-08-05,133.83333333333334,45,0.3543307086614173,0.6141732283464567,0.5275590551181102,0.6850393700787402,0.8740157480314961,0.6089238845144355,0.7210348706411699,0.6661417322834645,2021-08-06,0.6141732283464567,78.0,224.83333333333331
2021-08-06,224.83333333333331,78,0.6141732283464567,0.3543307086614173,0.6141732283464567,0.5275590551181102,0.7637795275590551,0.49868766404199455,0.6467941507311584,0.65748031496063,2021-08-07,0.5118110236220472,65.0,188.41666666666663
2021-08-07,188.41666666666663,65,0.5118110236220472,0.6141732283464567,0.3543307086614173,0.6141732283464567,0.8267716535433071,0.5275590551181101,0.625421822272216,0.6677165354330709,2021-08-08,0.5984251968503937,76.0,220.5
2021-08-08,220.5,76,0.5984251968503937,0.5118110236220472,0.6141732283464567,0.3543307086614173,0.7559055118110236,0.4934383202099735,0.5804274465691789,0.6656167979002625,2021-08-09,0.6692913385826772,85.0,245.58333333333331
2021-08-09,245.58333333333331,85,0.6692913385826772,0.5984251968503937,0.5118110236220472,0.6141732283464567,0.6850393700787402,0.574803149606299,0.5579302587176603,0.6569553805774277,2021-08-10,0.7322834645669292,93.0,266.7083333333333
2021-08-10,266.7083333333333,93,0.7322834645669292,0.6692913385826772,0.5984251968503937,0.5118110236220472,0.5275590551181102,0.5931758530183725,0.5556805399325084,0.6538057742782152,2021-08-11,0.8267716535433071,105.0,300.2083333333333
2021-08-11,300.2083333333333,105,0.8267716535433071,0.7322834645669292,0.6692913385826772,0.5984251968503937,0.6141732283464567,0.6666666666666665,0.5849268841394826,0.6532808398950132,2021-08-12,0.7874015748031497,100.0,287.5416666666667
2021-08-12,287.5416666666667,100,0.7874015748031497,0.8267716535433071,0.7322834645669292,0.6692913385826772,0.3543307086614173,0.742782152230971,0.6152980877390327,0.65249343832021,2021-08-13,0.6850393700787402,87.0,251.08333333333331
2021-08-13,251.08333333333331,87,0.6850393700787402,0.7874015748031497,0.8267716535433071,0.7322834645669292,0.6141732283464567,0.7821522309711284,0.6771653543307087,0.6603674540682415,2021-08-14,0.47244094488188976,60.0,176.16666666666666
2021-08-14,176.16666666666666,60,0.47244094488188976,0.6850393700787402,0.7874015748031497,0.8267716535433071,0.5118110236220472,0.7664041994750654,0.6872890888638921,0.6561679790026247,2021-08-15,0.3543307086614173,45.0,133.08333333333334
2021-08-15,133.08333333333334,45,0.3543307086614173,0.47244094488188976,0.6850393700787402,0.7874015748031497,0.5984251968503937,0.648293963254593,0.6816647919010125,0.6485564304461942,2021-08-16,0.2992125984251969,38.0,113.45833333333331
2021-08-16,113.45833333333331,38,0.2992125984251969,0.3543307086614173,0.47244094488188976,0.6850393700787402,0.6692913385826772,0.5039370078740154,0.6467941507311586,0.636745406824147,2021-08-17,0.5275590551181102,67.0,195.16666666666663
2021-08-17,195.16666666666663,67,0.5275590551181102,0.2992125984251969,0.3543307086614173,0.47244094488188976,0.7322834645669292,0.37532808398950107,0.59392575928009,0.6225721784776902,2021-08-18,0.6929133858267716,88.0,251.58333333333331
2021-08-18,251.58333333333331,88,0.6929133858267716,0.5275590551181102,0.2992125984251969,0.3543307086614173,0.8267716535433071,0.39370078740157455,0.5646794150731159,0.6230971128608924,2021-08-19,0.8267716535433071,105.0,298.9583333333333
2021-08-19,298.9583333333333,105,0.8267716535433071,0.6929133858267716,0.5275590551181102,0.2992125984251969,0.7874015748031497,0.506561679790026,0.545556805399325,0.626771653543307,2021-08-20,0.5748031496062992,73.0,210.66666666666663
2021-08-20,210.66666666666663,73,0.5748031496062992,0.8267716535433071,0.6929133858267716,0.5275590551181102,0.6850393700787402,0.6824146981627294,0.5511811023622047,0.6377952755905513,2021-08-21,0.5984251968503937,76.0,218.58333333333331
2021-08-21,218.58333333333331,76,0.5984251968503937,0.5748031496062992,0.8267716535433071,0.6929133858267716,0.47244094488188976,0.6981627296587923,0.5354330708661418,0.6349081364829396,2021-08-22,0.33858267716535434,43.0,128.875
2021-08-22,128.875,43,0.33858267716535434,0.5984251968503937,0.5748031496062992,0.8267716535433071,0.3543307086614173,0.6666666666666664,0.5534308211473565,0.6364829396325459,2021-08-23,0.6299212598425197,80.0,231.70833333333331
2021-08-23,231.70833333333331,80,0.6299212598425197,0.33858267716535434,0.5984251968503937,0.5748031496062992,0.2992125984251969,0.5039370078740155,0.5511811023622047,0.6207349081364829,2021-08-24,0.7559055118110236,96.0,275.875
2021-08-24,275.875,96,0.7559055118110236,0.6299212598425197,0.33858267716535434,0.5984251968503937,0.5275590551181102,0.522309711286089,0.5984251968503936,0.6123359580052494,2021-08-25,0.5354330708661418,68.0,198.45833333333331
2021-08-25,198.45833333333331,68,0.5354330708661418,0.7559055118110236,0.6299212598425197,0.33858267716535434,0.6929133858267716,0.574803149606299,0.6310461192350955,0.6102362204724409,2021-08-26,0.6929133858267716,88.0,252.41666666666663
2021-08-26,252.41666666666663,88,0.6929133858267716,0.5354330708661418,0.7559055118110236,0.6299212598425197,0.8267716535433071,0.6404199475065614,0.6085489313835771,0.6115485564304463,2021-08-27,0.6850393700787402,87.0,250.20833333333331
2021-08-27,250.20833333333331,87,0.6850393700787402,0.6929133858267716,0.5354330708661418,0.7559055118110236,0.5748031496062992,0.6614173228346455,0.5894263217097863,0.6173228346456693,2021-08-28,0.44881889763779526,57.0,167.33333333333334
2021-08-28,167.33333333333334,57,0.44881889763779526,0.6850393700787402,0.6929133858267716,0.5354330708661418,0.5984251968503937,0.6377952755905509,0.6051743532058492,0.6270341207349082,2021-08-29,0.8110236220472441,103.0,293.6666666666667
2021-08-29,293.6666666666667,103,0.8110236220472441,0.44881889763779526,0.6850393700787402,0.6929133858267716,0.33858267716535434,0.6089238845144355,0.5838020247469066,0.6128608923884514,2021-08-30,0.7795275590551181,99.0,282.5833333333333
2021-08-30,282.5833333333333,99,0.7795275590551181,0.8110236220472441,0.44881889763779526,0.6850393700787402,0.6299212598425197,0.6482939632545929,0.6512935883014623,0.6144356955380577,2021-08-31,0.5984251968503937,76.0,218.45833333333331
2021-08-31,218.45833333333331,76,0.5984251968503937,0.7795275590551181,0.8110236220472441,0.44881889763779526,0.7559055118110236,0.6797900262467188,0.6726659167604049,0.6128608923884513,2021-09-01,0.6456692913385826,82.0,236.08333333333331
2021-09-01,236.08333333333331,82,0.6456692913385826,0.5984251968503937,0.7795275590551181,0.8110236220472441,0.5354330708661418,0.7296587926509184,0.6501687289088863,0.6076115485564305,2021-09-02,0.7007874015748031,89.0,254.375
2021-09-02,254.375,89,0.7007874015748031,0.6456692913385826,0.5984251968503937,0.7795275590551181,0.6929133858267716,0.674540682414698,0.6659167604049493,0.6062992125984252,2021-09-03,0.7795275590551181,99.0,283.4166666666667
2021-09-03,283.4166666666667,99,0.7795275590551181,0.7007874015748031,0.6456692913385826,0.5984251968503937,0.6850393700787402,0.648293963254593,0.6670416197975253,0.6120734908136483,2021-09-04,0.8110236220472441,103.0,295.625
2021-09-04,295.625,103,0.8110236220472441,0.7795275590551181,0.7007874015748031,0.6456692913385826,0.44881889763779526,0.7086614173228344,0.6805399325084364,0.6175853018372703,2021-09-05,0.6220472440944882,79.0,227.79166666666663
2021-09-05,227.79166666666663,79,0.6220472440944882,0.8110236220472441,0.7795275590551181,0.7007874015748031,0.8110236220472441,0.7637795275590548,0.732283464566929,0.6328083989501312,2021-09-06,0.7716535433070866,98.0,280.2916666666667
2021-09-06,280.2916666666667,98,0.7716535433070866,0.6220472440944882,0.8110236220472441,0.7795275590551181,0.7795275590551181,0.7375328083989499,0.7052868391451069,0.6330708661417322,2021-09-07,0.6771653543307087,86.0,247.41666666666663
2021-09-07,247.41666666666663,86,0.6771653543307087,0.7716535433070866,0.6220472440944882,0.8110236220472441,0.5984251968503937,0.7349081364829394,0.7041619797525309,0.6417322834645669,2021-09-08,0.5511811023622047,70.0,202.95833333333331
2021-09-08,202.95833333333331,70,0.5511811023622047,0.6771653543307087,0.7716535433070866,0.6220472440944882,0.6456692913385826,0.690288713910761,0.7154105736782902,0.6443569553805774,2021-09-09,0.5984251968503937,76.0,220.20833333333331
2021-09-09,220.20833333333331,76,0.5984251968503937,0.5511811023622047,0.6771653543307087,0.7716535433070866,0.7007874015748031,0.6666666666666664,0.7019122609673791,0.6404199475065616,2021-09-10,0.7165354330708661,91.0,262.0833333333333
2021-09-10,262.0833333333333,91,0.7165354330708661,0.5984251968503937,0.5511811023622047,0.6771653543307087,0.7795275590551181,0.6089238845144355,0.687289088863892,0.6359580052493439,2021-09-11,0.7322834645669292,93.0,266.2916666666667
2021-09-11,266.2916666666667,93,0.7322834645669292,0.7165354330708661,0.5984251968503937,0.5511811023622047,0.8110236220472441,0.622047244094488,0.6782902137232847,0.6322834645669292,2021-09-12,0.7401574803149606,94.0,268.9583333333333
2021-09-12,268.9583333333333,94,0.7401574803149606,0.7322834645669292,0.7165354330708661,0.5984251968503937,0.6220472440944882,0.6824146981627295,0.6670416197975253,0.6304461942257217,2021-09-13,0.6929133858267716,88.0,252.79166666666663
2021-09-13,252.79166666666663,88,0.6929133858267716,0.7401574803149606,0.7322834645669292,0.7165354330708661,0.7716535433070866,0.7296587926509184,0.6839145106861643,0.6322834645669292,2021-09-14,0.7244094488188977,92.0,265.3333333333333
2021-09-14,265.3333333333333,92,0.7244094488188977,0.6929133858267716,0.7401574803149606,0.7322834645669292,0.6771653543307087,0.7217847769028869,0.6726659167604049,0.6396325459317586,2021-09-15,0.4645669291338583,59.0,172.16666666666666
2021-09-15,172.16666666666666,59,0.4645669291338583,0.7244094488188977,0.6929133858267716,0.7401574803149606,0.5511811023622047,0.7191601049868764,0.6794150731158606,0.6519685039370079,2021-09-16,0.18110236220472442,23.0,73.75
2021-09-16,73.75,23,0.18110236220472442,0.4645669291338583,0.7244094488188977,0.6929133858267716,0.5984251968503937,0.627296587926509,0.6670416197975254,0.6574803149606299,2021-09-17,0.3543307086614173,45.0,133.70833333333334
2021-09-17,133.70833333333334,45,0.3543307086614173,0.18110236220472442,0.4645669291338583,0.7244094488188977,0.7165354330708661,0.45669291338582657,0.6074240719910012,0.6459317585301837,2021-09-18,0.4881889763779528,62.0,181.625
2021-09-18,181.625,62,0.4881889763779528,0.3543307086614173,0.18110236220472442,0.4645669291338583,0.7322834645669292,0.3333333333333331,0.5556805399325084,0.6346456692913386,2021-09-19,0.3700787401574803,47.0,137.91666666666666
2021-09-19,137.91666666666666,47,0.3700787401574803,0.4881889763779528,0.3543307086614173,0.18110236220472442,0.7401574803149606,0.3412073490813646,0.5208098987626546,0.6233595800524935,2021-09-20,0.14960629921259844,19.0,60.208333333333336
2021-09-20,60.208333333333336,19,0.14960629921259844,0.3700787401574803,0.4881889763779528,0.3543307086614173,0.6929133858267716,0.4041994750656166,0.4679415073115861,0.616535433070866,2021-09-21,0.49606299212598426,63.0,183.25
2021-09-21,183.25,63,0.49606299212598426,0.14960629921259844,0.3700787401574803,0.4881889763779528,0.7244094488188977,0.3359580052493436,0.39032620922384703,0.6015748031496063,2021-09-22,0.5905511811023622,75.0,215.5
2021-09-22,215.5,75,0.5905511811023622,0.49606299212598426,0.14960629921259844,0.3700787401574803,0.4645669291338583,0.3385826771653541,0.3577052868391451,0.6068241469816272,2021-09-23,0.7559055118110236,96.0,274.25
2021-09-23,274.25,96,0.7559055118110236,0.5905511811023622,0.49606299212598426,0.14960629921259844,0.18110236220472442,0.4120734908136481,0.3757030371203599,0.6055118110236221,2021-09-24,0.7480314960629921,95.0,272.25
2021-09-24,272.25,95,0.7480314960629921,0.7559055118110236,0.5905511811023622,0.49606299212598426,0.3543307086614173,0.6141732283464565,0.45781777277840263,0.6055118110236221,2021-09-25,0.7401574803149606,94.0,269.5
2021-09-25,269.5,94,0.7401574803149606,0.7480314960629921,0.7559055118110236,0.5905511811023622,0.4881889763779528,0.6981627296587924,0.5140607424071991,0.6125984251968504,2021-09-26,0.7086614173228346,90.0,259.75
2021-09-26,259.75,90,0.7086614173228346,0.7401574803149606,0.7480314960629921,0.7559055118110236,0.3700787401574803,0.748031496062992,0.5500562429696289,0.6141732283464567,2021-09-27,0.7007874015748031,89.0,255.625
2021-09-27,255.625,89,0.7007874015748031,0.7086614173228346,0.7401574803149606,0.7480314960629921,0.14960629921259844,0.7322834645669288,0.5984251968503936,0.6149606299212599,2021-09-28,0.6692913385826772,85.0,244.375
2021-09-28,244.375,85,0.6692913385826772,0.7007874015748031,0.7086614173228346,0.7401574803149606,0.49606299212598426,0.7165354330708659,0.6771653543307087,0.6233595800524934,2021-09-29,0.6850393700787402,87.0,250.83333333333331
2021-09-29,250.83333333333331,87,0.6850393700787402,0.6692913385826772,0.7007874015748031,0.7086614173228346,0.5905511811023622,0.6929133858267714,0.7019122609673791,0.6186351706036746,2021-09-30,0.4881889763779528,62.0,180.75
2021-09-30,180.75,62,0.4881889763779528,0.6850393700787402,0.6692913385826772,0.7007874015748031,0.7559055118110236,0.6850393700787398,0.7154105736782902,0.615485564304462,2021-10-01,0.5118110236220472,65.0,188.54166666666663
2021-10-01,188.54166666666663,65,0.5118110236220472,0.4881889763779528,0.6850393700787402,0.6692913385826772,0.7480314960629921,0.6141732283464565,0.6771653543307086,0.6118110236220472,2021-10-02,0.6535433070866141,83.0,238.45833333333331
2021-10-02,238.45833333333331,83,0.6535433070866141,0.5118110236220472,0.4881889763779528,0.6850393700787402,0.7401574803149606,0.5616797900262465,0.6434195725534309,0.6073490813648293,2021-10-03,0.5669291338582677,72.0,207.91666666666663
2021-10-03,207.91666666666663,72,0.5669291338582677,0.6535433070866141,0.5118110236220472,0.4881889763779528,0.7086614173228346,0.5511811023622045,0.6310461192350955,0.6057742782152231,2021-10-04,0.44881889763779526,57.0,167.95833333333334
2021-10-04,167.95833333333334,57,0.44881889763779526,0.5669291338582677,0.6535433070866141,0.5118110236220472,0.7007874015748031,0.5774278215223094,0.6107986501687289,0.5986876640419947,2021-10-05,0.3858267716535433,49.0,144.625
2021-10-05,144.625,49,0.3858267716535433,0.44881889763779526,0.5669291338582677,0.6535433070866141,0.6692913385826772,0.5564304461942254,0.5748031496062992,0.5866141732283464,2021-10-06,0.13385826771653545,17.0,56.083333333333336
2021-10-06,56.083333333333336,17,0.13385826771653545,0.3858267716535433,0.44881889763779526,0.5669291338582677,0.6850393700787402,0.4671916010498685,0.5343082114735658,0.578740157480315,2021-10-07,0.5039370078740157,64.0,185.33333333333331
2021-10-07,185.33333333333331,64,0.5039370078740157,0.13385826771653545,0.3858267716535433,0.44881889763779526,0.4881889763779528,0.3228346456692911,0.45556805399325084,0.5574803149606299,2021-10-08,0.11023622047244094,14.0,47.083333333333336
2021-10-08,47.083333333333336,14,0.11023622047244094,0.5039370078740157,0.13385826771653545,0.3858267716535433,0.5118110236220472,0.3412073490813646,0.45781777277840263,0.5517060367454067,2021-10-09,0.4881889763779528,62.0,181.45833333333331
2021-10-09,181.45833333333331,62,0.4881889763779528,0.11023622047244094,0.5039370078740157,0.13385826771653545,0.6535433070866141,0.24934383202099716,0.4004499437570303,0.537007874015748,2021-10-10,0.6220472440944882,79.0,229.16666666666663
2021-10-10,229.16666666666663,79,0.6220472440944882,0.4881889763779528,0.11023622047244094,0.5039370078740157,0.5669291338582677,0.3674540682414696,0.37682789651293586,0.5333333333333333,2021-10-11,0.47244094488188976,60.0,176.375
2021-10-11,176.375,60,0.47244094488188976,0.6220472440944882,0.4881889763779528,0.11023622047244094,0.44881889763779526,0.4068241469816271,0.3847019122609674,0.5301837270341208,2021-10-12,0.5905511811023622,75.0,217.95833333333331
2021-10-12,217.95833333333331,75,0.5905511811023622,0.47244094488188976,0.6220472440944882,0.4881889763779528,0.3858267716535433,0.5275590551181101,0.3880764904386952,0.5215223097112861,2021-10-13,0.6141732283464567,78.0,226.33333333333331
2021-10-13,226.33333333333331,78,0.6141732283464567,0.5905511811023622,0.47244094488188976,0.6220472440944882,0.13385826771653545,0.5616797900262465,0.4173228346456693,0.5165354330708661,2021-10-14,0.5669291338582677,72.0,208.16666666666663
2021-10-14,208.16666666666663,72,0.5669291338582677,0.6141732283464567,0.5905511811023622,0.47244094488188976,0.5039370078740157,0.559055118110236,0.48593925759280093,0.5139107611548557,2021-10-15,0.5826771653543307,74.0,214.25
2021-10-15,214.25,74,0.5826771653543307,0.5669291338582677,0.6141732283464567,0.5905511811023622,0.11023622047244094,0.5905511811023619,0.4949381327334083,0.5086614173228347,2021-10-16,0.49606299212598426,63.0,182.25
2021-10-16,182.25,63,0.49606299212598426,0.5826771653543307,0.5669291338582677,0.6141732283464567,0.4881889763779528,0.5879265091863515,0.562429696287964,0.5125984251968504,2021-10-17,0.6299212598425197,80.0,230.20833333333331
2021-10-17,230.20833333333331,80,0.6299212598425197,0.49606299212598426,0.5826771653543307,0.5669291338582677,0.6220472440944882,0.548556430446194,0.5635545556805399,0.5230971128608923,2021-10-18,0.6141732283464567,78.0,226.16666666666663
2021-10-18,226.16666666666663,78,0.6141732283464567,0.6299212598425197,0.49606299212598426,0.5826771653543307,0.47244094488188976,0.569553805774278,0.5646794150731159,0.5322834645669291,2021-10-19,0.5905511811023622,75.0,215.875
2021-10-19,215.875,75,0.5905511811023622,0.6141732283464567,0.6299212598425197,0.49606299212598426,0.5905511811023622,0.58005249343832,0.5849268841394826,0.5364829396325459,2021-10-20,0.5984251968503937,76.0,219.0
2021-10-20,219.0,76,0.5984251968503937,0.5905511811023622,0.6141732283464567,0.6299212598425197,0.6141732283464567,0.611548556430446,0.5849268841394826,0.5438320209973753,2021-10-21,0.5039370078740157,64.0,186.75
2021-10-21,186.75,64,0.5039370078740157,0.5984251968503937,0.5905511811023622,0.6141732283464567,0.5669291338582677,0.601049868766404,0.5826771653543307,0.5587926509186351,2021-10-22,0.48031496062992124,61.0,179.0
2021-10-22,179.0,61,0.48031496062992124,0.5039370078740157,0.5984251968503937,0.5905511811023622,0.5826771653543307,0.5643044619422569,0.5736782902137233,0.5590551181102363,2021-10-23,0.5905511811023622,75.0,216.375
2021-10-23,216.375,75,0.5905511811023622,0.48031496062992124,0.5039370078740157,0.5984251968503937,0.49606299212598426,0.5275590551181101,0.5590551181102362,0.5553805774278214,2021-10-24,0.4645669291338583,59.0,172.875
2021-10-24,172.875,59,0.4645669291338583,0.5905511811023622,0.48031496062992124,0.5039370078740157,0.6299212598425197,0.5249343832020995,0.5725534308211474,0.5498687664041995,2021-10-25,0.2992125984251969,38.0,112.83333333333331
2021-10-25,112.83333333333331,38,0.2992125984251969,0.4645669291338583,0.5905511811023622,0.48031496062992124,0.6141732283464567,0.511811023622047,0.548931383577053,0.5404199475065616,2021-10-26,0.5669291338582677,72.0,208.54166666666663
2021-10-26,208.54166666666663,72,0.5669291338582677,0.2992125984251969,0.4645669291338583,0.5905511811023622,0.5905511811023622,0.45144356955380555,0.5039370078740157,0.5257217847769029,2021-10-27,0.5590551181102362,71.0,204.83333333333331
2021-10-27,204.83333333333331,71,0.5590551181102362,0.5669291338582677,0.2992125984251969,0.4645669291338583,0.5984251968503937,0.44356955380577406,0.500562429696288,0.520997375328084,2021-10-28,0.047244094488188976,6.0,24.5
2021-10-28,24.5,6,0.047244094488188976,0.5590551181102362,0.5669291338582677,0.2992125984251969,0.5039370078740157,0.4750656167979,0.4949381327334083,0.5162729658792651,2021-10-29,0.5196850393700787,66.0,193.0
2021-10-29,193.0,66,0.5196850393700787,0.047244094488188976,0.5590551181102362,0.5669291338582677,0.48031496062992124,0.39107611548556415,0.4296962879640045,0.49553805774278215,2021-10-30,0.16535433070866143,21.0,66.54166666666667
2021-10-30,66.54166666666667,21,0.16535433070866143,0.5196850393700787,0.047244094488188976,0.5590551181102362,0.5905511811023622,0.37532808398950107,0.43532058492688414,0.4900262467191601,2021-10-31,0.5354330708661418,68.0,197.0
2021-10-31,197.0,68,0.5354330708661418,0.16535433070866143,0.5196850393700787,0.047244094488188976,0.4645669291338583,0.24409448818897617,0.37457817772778407,0.479265091863517,2021-11-01,0.5196850393700787,66.0,191.95833333333331
2021-11-01,191.95833333333331,66,0.5196850393700787,0.5354330708661418,0.16535433070866143,0.5196850393700787,0.2992125984251969,0.4068241469816271,0.3847019122609674,0.48005249343832024,2021-11-02,0.4566929133858268,58.0,170.45833333333334
2021-11-02,170.45833333333334,58,0.4566929133858268,0.5196850393700787,0.5354330708661418,0.16535433070866143,0.5669291338582677,0.4068241469816271,0.4161979752530934,0.47559055118110233,2021-11-03,0.48031496062992124,61.0,176.625
2021-11-03,176.625,61,0.48031496062992124,0.4566929133858268,0.5196850393700787,0.5354330708661418,0.5590551181102362,0.5039370078740156,0.4004499437570304,0.47191601049868764,2021-11-04,0.3858267716535433,49.0,145.95833333333334
2021-11-04,145.95833333333334,49,0.3858267716535433,0.48031496062992124,0.4566929133858268,0.5196850393700787,0.047244094488188976,0.485564304461942,0.3892013498312711,0.47296587926509187,2021-11-05,0.047244094488188976,6.0,24.25
2021-11-05,24.25,6,0.047244094488188976,0.3858267716535433,0.48031496062992124,0.4566929133858268,0.5196850393700787,0.4409448818897636,0.437570303712036,0.47296587926509187,2021-11-06,0.023622047244094488,3.0,17.583333333333332
2021-11-06,17.583333333333332,3,0.023622047244094488,0.047244094488188976,0.3858267716535433,0.48031496062992124,0.16535433070866143,0.3044619422572176,0.37007874015748027,0.4700787401574803,2021-11-07,0.30708661417322836,39.0,118.08333333333331
2021-11-07,118.08333333333331,39,0.30708661417322836,0.023622047244094488,0.047244094488188976,0.3858267716535433,0.5354330708661418,0.1522309711286087,0.3498312710911136,0.4540682414698162,2021-11-08,0.5196850393700787,66.0,192.54166666666663
2021-11-08,192.54166666666663,66,0.5196850393700787,0.30708661417322836,0.023622047244094488,0.047244094488188976,0.5196850393700787,0.1259842519685037,0.3172103487064117,0.46062992125984253,2021-11-09,0.5196850393700787,66.0,190.70833333333331
2021-11-09,190.70833333333331,66,0.5196850393700787,0.5196850393700787,0.30708661417322836,0.023622047244094488,0.4566929133858268,0.28346456692913363,0.3172103487064117,0.4616797900262467,2021-11-10,0.3858267716535433,49.0,144.08333333333334
2021-11-10,144.08333333333334,49,0.3858267716535433,0.5196850393700787,0.5196850393700787,0.30708661417322836,0.48031496062992124,0.4488188976377951,0.3262092238470191,0.4582677165354331,2021-11-11,0.3937007874015748,50.0,146.16666666666666
2021-11-11,146.16666666666666,50,0.3937007874015748,0.3858267716535433,0.5196850393700787,0.5196850393700787,0.3858267716535433,0.4750656167979,0.31271091113610794,0.45538057742782156,2021-11-12,0.47244094488188976,60.0,175.66666666666666
2021-11-12,175.66666666666666,60,0.47244094488188976,0.3937007874015748,0.3858267716535433,0.5196850393700787,0.047244094488188976,0.433070866141732,0.31383577052868394,0.44881889763779526,2021-11-13,0.44881889763779526,57.0,165.875
2021-11-13,165.875,57,0.44881889763779526,0.47244094488188976,0.3937007874015748,0.3858267716535433,0.023622047244094488,0.41732283464566905,0.37457817772778407,0.44409448818897634,2021-11-14,0.49606299212598426,63.0,182.375
2021-11-14,182.375,63,0.49606299212598426,0.44881889763779526,0.47244094488188976,0.3937007874015748,0.30708661417322836,0.4383202099737531,0.43532058492688414,0.4401574803149606,2021-11-15,0.48031496062992124,61.0,179.16666666666666
2021-11-15,179.16666666666666,61,0.48031496062992124,0.49606299212598426,0.44881889763779526,0.47244094488188976,0.5196850393700787,0.47244094488188954,0.4623172103487064,0.4372703412073491,2021-11-16,0.4645669291338583,59.0,173.0
2021-11-16,173.0,59,0.4645669291338583,0.48031496062992124,0.49606299212598426,0.44881889763779526,0.5196850393700787,0.4750656167979,0.45669291338582674,0.436745406824147,2021-11-17,0.4566929133858268,58.0,170.20833333333334
2021-11-17,170.20833333333334,58,0.4566929133858268,0.4645669291338583,0.48031496062992124,0.49606299212598426,0.3858267716535433,0.480314960629921,0.44881889763779526,0.43123359580052495,2021-11-18,0.29133858267716534,37.0,110.33333333333331
2021-11-18,110.33333333333331,37,0.29133858267716534,0.4566929133858268,0.4645669291338583,0.48031496062992124,0.3937007874015748,0.4671916010498685,0.45894263217097864,0.4259842519685039,2021-11-19,0.4645669291338583,59.0,171.95833333333334
2021-11-19,171.95833333333334,59,0.4645669291338583,0.29133858267716534,0.4566929133858268,0.4645669291338583,0.47244094488188976,0.40419947506561654,0.4443194600674915,0.4160104986876641,2021-11-20,0.4566929133858268,58.0,169.95833333333334
2021-11-20,169.95833333333334,58,0.4566929133858268,0.4645669291338583,0.29133858267716534,0.4566929133858268,0.44881889763779526,0.4041994750656166,0.4431946006749156,0.4115485564304462,2021-11-21,0.4409448818897638,56.0,163.66666666666666
2021-11-21,163.66666666666666,56,0.4409448818897638,0.4566929133858268,0.4645669291338583,0.29133858267716534,0.49606299212598426,0.40419947506561654,0.4443194600674915,0.4099737532808399,2021-11-22,0.2047244094488189,26.0,82.20833333333333
2021-11-22,82.20833333333333,26,0.2047244094488189,0.4409448818897638,0.4566929133858268,0.4645669291338583,0.48031496062992124,0.45406824146981606,0.43644544431946003,0.4086614173228346,2021-11-23,0.47244094488188976,60.0,174.5
2021-11-23,174.5,60,0.47244094488188976,0.2047244094488189,0.4409448818897638,0.4566929133858268,0.4645669291338583,0.3674540682414696,0.3970753655793026,0.3958005249343832,2021-11-24,0.4645669291338583,59.0,172.25
2021-11-24,172.25,59,0.4645669291338583,0.47244094488188976,0.2047244094488189,0.4409448818897638,0.4566929133858268,0.3727034120734906,0.39820022497187857,0.3960629921259843,2021-11-25,0.4094488188976378,52.0,153.54166666666666
2021-11-25,153.54166666666666,52,0.4094488188976378,0.4645669291338583,0.47244094488188976,0.2047244094488189,0.29133858267716534,0.3805774278215221,0.3993250843644544,0.4015748031496063,2021-11-26,0.4251968503937008,54.0,158.79166666666666
2021-11-26,158.79166666666666,54,0.4251968503937008,0.4094488188976378,0.4645669291338583,0.47244094488188976,0.4645669291338583,0.4488188976377951,0.4161979752530934,0.3963254593175853,2021-11-27,0.4409448818897638,56.0,165.20833333333334
2021-11-27,165.20833333333334,56,0.4409448818897638,0.4251968503937008,0.4094488188976378,0.4645669291338583,0.4566929133858268,0.4330708661417321,0.41057367829021374,0.3918635170603675,2021-11-28,0.2125984251968504,27.0,82.54166666666667
2021-11-28,82.54166666666667,27,0.2125984251968504,0.4409448818897638,0.4251968503937008,0.4094488188976378,0.4409448818897638,0.42519685039370053,0.4083239595050619,0.40498687664041993,2021-11-29,0.4409448818897638,56.0,163.5
2021-11-29,163.5,56,0.4409448818897638,0.2125984251968504,0.4409448818897638,0.4251968503937008,0.2047244094488189,0.3595800524934381,0.3757030371203599,0.394750656167979,2021-11-30,0.4330708661417323,55.0,160.08333333333334
2021-11-30,160.08333333333334,55,0.4330708661417323,0.4409448818897638,0.2125984251968504,0.4409448818897638,0.47244094488188976,0.36482939632545913,0.4094488188976378,0.40393700787401576,2021-12-01,0.3700787401574803,47.0,138.54166666666666
2021-12-01,138.54166666666666,47,0.3700787401574803,0.4330708661417323,0.4409448818897638,0.2125984251968504,0.4645669291338583,0.3622047244094486,0.4038245219347582,0.400524934383202,2021-12-02,0.4094488188976378,52.0,154.29166666666666
2021-12-02,154.29166666666666,52,0.4094488188976378,0.3700787401574803,0.4330708661417323,0.4409448818897638,0.4094488188976378,0.4146981627296586,0.39032620922384703,0.39553805774278217,2021-12-03,0.41732283464566927,53.0,156.91666666666666
2021-12-03,156.91666666666666,53,0.41732283464566927,0.4094488188976378,0.3700787401574803,0.4330708661417323,0.4251968503937008,0.4041994750656166,0.39032620922384703,0.3939632545931759,2021-12-04,0.33070866141732286,42.0,124.91666666666669
2021-12-04,124.91666666666669,42,0.33070866141732286,0.41732283464566927,0.4094488188976378,0.3700787401574803,0.4409448818897638,0.3989501312335955,0.3892013498312711,0.3918635170603675,2021-12-05,0.3700787401574803,47.0,138.33333333333334
2021-12-05,138.33333333333334,47,0.3700787401574803,0.33070866141732286,0.41732283464566927,0.4094488188976378,0.2125984251968504,0.38582677165354307,0.3734533183352081,0.39002624671916014,2021-12-06,0.2283464566929134,29.0,88.83333333333333
2021-12-06,88.83333333333333,29,0.2283464566929134,0.3700787401574803,0.33070866141732286,0.41732283464566927,0.4409448818897638,0.3727034120734906,0.3959505061867267,0.40078740157480314,2021-12-07,0.1732283464566929,22.0,69.16666666666667
2021-12-07,69.16666666666667,22,0.1732283464566929,0.2283464566929134,0.3700787401574803,0.33070866141732286,0.4330708661417323,0.30971128608923865,0.3655793025871766,0.4076115485564305,2021-12-08,0.11811023622047244,15.0,51.25
2021-12-08,51.25,15,0.11811023622047244,0.1732283464566929,0.2283464566929134,0.3700787401574803,0.3700787401574803,0.2572178477690286,0.32845894263217096,0.4031496062992126,2021-12-09,0.2047244094488189,26.0,79.875
2021-12-09,79.875,26,0.2047244094488189,0.11811023622047244,0.1732283464566929,0.2283464566929134,0.4094488188976378,0.1732283464566927,0.2924634420697413,0.3897637795275591,2021-12-10,0.1732283464566929,22.0,69.33333333333333
2021-12-10,69.33333333333333,22,0.1732283464566929,0.2047244094488189,0.11811023622047244,0.1732283464566929,0.41732283464566927,0.16535433070866118,0.26321709786276715,0.37926509186351703,2021-12-11,0.31496062992125984,40.0,119.5
2021-12-11,119.5,40,0.31496062992125984,0.1732283464566929,0.2047244094488189,0.11811023622047244,0.33070866141732286,0.1653543307086612,0.2283464566929134,0.3721784776902887,2021-12-12,0.31496062992125984,40.0,120.75
2021-12-12,120.75,40,0.31496062992125984,0.31496062992125984,0.1732283464566929,0.2047244094488189,0.3700787401574803,0.23097112860892366,0.2260967379077615,0.36955380577427827,2021-12-13,0.41732283464566927,53.0,155.20833333333334
2021-12-13,155.20833333333334,53,0.41732283464566927,0.31496062992125984,0.31496062992125984,0.1732283464566929,0.2283464566929134,0.26771653543307067,0.21822272215973001,0.36430446194225724,2021-12-14,0.4015748031496063,51.0,150.125
2021-12-14,150.125,51,0.4015748031496063,0.41732283464566927,0.31496062992125984,0.31496062992125984,0.1732283464566929,0.34908136482939606,0.24521934758155228,0.363254593175853,2021-12-15,0.23622047244094488,30.0,91.54166666666669
2021-12-15,91.54166666666669,30,0.23622047244094488,0.4015748031496063,0.41732283464566927,0.31496062992125984,0.11811023622047244,0.3779527559055116,0.2778402699662542,0.36010498687664044,2021-12-16,0.14173228346456693,18.0,58.125
2021-12-16,58.125,18,0.14173228346456693,0.23622047244094488,0.4015748031496063,0.41732283464566927,0.2047244094488189,0.35170603674540657,0.29471316085489313,0.3519685039370079,2021-12-17,0.28346456692913385,36.0,109.91666666666669
2021-12-17,109.91666666666669,36,0.28346456692913385,0.14173228346456693,0.23622047244094488,0.4015748031496063,0.1732283464566929,0.2598425196850392,0.2857142857142857,0.3412073490813648,2021-12-18,0.3228346456692913,41.0,121.95833333333331
2021-12-18,121.95833333333331,41,0.3228346456692913,0.28346456692913385,0.14173228346456693,0.23622047244094488,0.31496062992125984,0.22047244094488164,0.30146231721034866,0.3354330708661417,2021-12-19,0.09448818897637795,12.0,42.458333333333336
2021-12-19,42.458333333333336,12,0.09448818897637795,0.3228346456692913,0.28346456692913385,0.14173228346456693,0.31496062992125984,0.24934383202099716,0.30258717660292467,0.33648293963254594,2021-12-20,0.15748031496062992,20.0,63.125
2021-12-20,63.125,20,0.15748031496062992,0.09448818897637795,0.3228346456692913,0.28346456692913385,0.41732283464566927,0.23359580052493414,0.27109111361079863,0.3241469816272966,2021-12-21,0.03937007874015748,5.0,21.541666666666668
2021-12-21,21.541666666666668,5,0.03937007874015748,0.15748031496062992,0.09448818897637795,0.3228346456692913,0.4015748031496063,0.19160104986876617,0.23397075365579303,0.31417322834645667,2021-12-22,0.4094488188976378,52.0,152.66666666666666
2021-12-22,152.66666666666666,52,0.4094488188976378,0.03937007874015748,0.15748031496062992,0.09448818897637795,0.23622047244094488,0.09711286089238823,0.18222722159730037,0.30078740157480316,2021-12-23,0.41732283464566927,53.0,157.08333333333334
2021-12-23,157.08333333333334,53,0.41732283464566927,0.4094488188976378,0.03937007874015748,0.15748031496062992,0.14173228346456693,0.2020997375328082,0.20697412823397077,0.3076115485564304,2021-12-24,0.4015748031496063,51.0,151.45833333333334
2021-12-24,151.45833333333334,51,0.4015748031496063,0.41732283464566927,0.4094488188976378,0.03937007874015748,0.28346456692913385,0.28871391076115466,0.2463442069741282,0.30577427821522307,2021-12-25,0.3779527559055118,48.0,142.79166666666666
2021-12-25,142.79166666666666,48,0.3779527559055118,0.4015748031496063,0.41732283464566927,0.4094488188976378,0.3228346456692913,0.4094488188976375,0.26321709786276715,0.3036745406824147,2021-12-26,0.36220472440944884,46.0,137.54166666666666
2021-12-26,137.54166666666666,46,0.36220472440944884,0.3779527559055118,0.4015748031496063,0.41732283464566927,0.09448818897637795,0.3989501312335955,0.27109111361079863,0.30262467191601056,2021-12-27,0.3779527559055118,48.0,142.54166666666666
2021-12-27,142.54166666666666,48,0.3779527559055118,0.36220472440944884,0.3779527559055118,0.4015748031496063,0.15748031496062992,0.3805774278215221,0.3093363329583802,0.3005249343832021,2021-12-28,0.3937007874015748,50.0,146.70833333333334
2021-12-28,146.70833333333334,50,0.3937007874015748,0.3779527559055118,0.36220472440944884,0.3779527559055118,0.03937007874015748,0.3727034120734906,0.34083239595050613,0.2984251968503937,2021-12-29,0.3700787401574803,47.0,137.875
2021-12-29,137.875,47,0.3700787401574803,0.3937007874015748,0.3779527559055118,0.36220472440944884,0.4094488188976378,0.3779527559055116,0.3914510686164229,0.30446194225721784,2021-12-30,0.12598425196850394,16.0,52.0
2021-12-30,52.0,16,0.12598425196850394,0.3700787401574803,0.3937007874015748,0.3779527559055118,0.41732283464566927,0.3805774278215221,0.38582677165354334,0.3020997375328084,2021-12-31,0.2992125984251969,38.0,114.5
2021-12-31,114.5,38,0.2992125984251969,0.12598425196850394,0.3700787401574803,0.3937007874015748,0.4015748031496063,0.29658792650918614,0.344206974128234,0.29186351706036745,2022-01-01,0.3937007874015748,50.0,147.625
2022-01-01,147.625,50,0.3937007874015748,0.2992125984251969,0.12598425196850394,0.3700787401574803,0.3779527559055118,0.26509186351706016,0.3295838020247469,0.28950131233595805,2022-01-02,0.3464566929133858,44.0,129.79166666666666
2022-01-02,129.79166666666666,44,0.3464566929133858,0.3937007874015748,0.2992125984251969,0.12598425196850394,0.36220472440944884,0.2729658792650917,0.3318335208098988,0.28897637795275594,2022-01-03,0.3779527559055118,48.0,141.29166666666666
2022-01-03,141.29166666666666,48,0.3779527559055118,0.3464566929133858,0.3937007874015748,0.2992125984251969,0.3779527559055118,0.34645669291338566,0.32958380202474696,0.2866141732283464,2022-01-04,0.41732283464566927,53.0,155.58333333333334
2022-01-04,155.58333333333334,53,0.41732283464566927,0.3779527559055118,0.3464566929133858,0.3937007874015748,0.3937007874015748,0.3727034120734906,0.32958380202474696,0.28818897637795277,2022-01-05,0.3858267716535433,49.0,144.5
2022-01-05,144.5,49,0.3858267716535433,0.41732283464566927,0.3779527559055118,0.3464566929133858,0.3700787401574803,0.3805774278215221,0.33295838020247465,0.28976377952755905,2022-01-06,0.4094488188976378,52.0,152.41666666666666
2022-01-06,152.41666666666666,52,0.4094488188976378,0.3858267716535433,0.41732283464566927,0.3779527559055118,0.12598425196850394,0.39370078740157455,0.3352080989876266,0.29501312335958,2022-01-07,0.41732283464566927,53.0,155.125
2022-01-07,155.125,53,0.41732283464566927,0.4094488188976378,0.3858267716535433,0.41732283464566927,0.2992125984251969,0.40419947506561654,0.3757030371203599,0.30288713910761156,2022-01-08,0.31496062992125984,40.0,118.625
2022-01-08,118.625,40,0.31496062992125984,0.41732283464566927,0.4094488188976378,0.3858267716535433,0.3937007874015748,0.4041994750656166,0.3925759280089989,0.31286089238845144,2022-01-09,0.3779527559055118,48.0,140.83333333333334
2022-01-09,140.83333333333334,48,0.3779527559055118,0.31496062992125984,0.41732283464566927,0.4094488188976378,0.3464566929133858,0.3805774278215221,0.38132733408323954,0.3165354330708662,2022-01-10,0.2677165354330709,34.0,102.0
2022-01-10,102.0,34,0.2677165354330709,0.3779527559055118,0.31496062992125984,0.41732283464566927,0.3779527559055118,0.3700787401574801,0.38582677165354334,0.32335958005249343,2022-01-11,0.44881889763779526,57.0,167.5
2022-01-11,167.5,57,0.44881889763779526,0.2677165354330709,0.3779527559055118,0.31496062992125984,0.41732283464566927,0.32020997375328064,0.3700787401574804,0.3217847769028871,2022-01-12,0.3464566929133858,44.0,130.125
2022-01-12,130.125,44,0.3464566929133858,0.44881889763779526,0.2677165354330709,0.3779527559055118,0.3858267716535433,0.36482939632545913,0.374578177727784,0.326246719160105,2022-01-13,0.2677165354330709,34.0,102.70833333333331
2022-01-13,102.70833333333331,34,0.2677165354330709,0.3464566929133858,0.44881889763779526,0.2677165354330709,0.4094488188976378,0.3543307086614171,0.3689538807649044,0.32388451443569555,2022-01-14,0.4409448818897638,56.0,165.08333333333334
2022-01-14,165.08333333333334,56,0.4409448818897638,0.2677165354330709,0.3464566929133858,0.44881889763779526,0.41732283464566927,0.35433070866141714,0.3487064116985377,0.31942257217847764,2022-01-15,0.2125984251968504,27.0,84.5
2022-01-15,84.5,27,0.2125984251968504,0.4409448818897638,0.2677165354330709,0.3464566929133858,0.31496062992125984,0.3517060367454066,0.35208098987626546,0.326246719160105,2022-01-16,0.25984251968503935,33.0,101.45833333333331
2022-01-16,101.45833333333331,33,0.25984251968503935,0.2125984251968504,0.4409448818897638,0.2677165354330709,0.3779527559055118,0.3070866141732281,0.33745781777277845,0.32860892388451446,2022-01-17,0.4645669291338583,59.0,172.625
2022-01-17,172.625,59,0.4645669291338583,0.25984251968503935,0.2125984251968504,0.4409448818897638,0.2677165354330709,0.3044619422572176,0.3205849268841395,0.3278215223097113,2022-01-18,0.47244094488188976,60.0,174.0
2022-01-18,174.0,60,0.47244094488188976,0.4645669291338583,0.25984251968503935,0.2125984251968504,0.44881889763779526,0.3123359580052491,0.3487064116985377,0.3325459317585302,2022-01-19,0.4409448818897638,56.0,164.33333333333334
2022-01-19,164.33333333333334,56,0.4409448818897638,0.47244094488188976,0.4645669291338583,0.25984251968503935,0.3464566929133858,0.39895013123359563,0.35208098987626546,0.34514435695538054,2022-01-20,0.28346456692913385,36.0,109.5
2022-01-20,109.5,36,0.28346456692913385,0.4409448818897638,0.47244094488188976,0.4645669291338583,0.2677165354330709,0.45931758530183703,0.36557930258717664,0.3545931758530184,2022-01-21,0.015748031496062992,2.0,15.625
2022-01-21,15.625,2,0.015748031496062992,0.28346456692913385,0.4409448818897638,0.47244094488188976,0.4409448818897638,0.3989501312335955,0.3678290213723285,0.3627296587926509,2022-01-22,0.1732283464566929,22.0,71.08333333333333
2022-01-22,71.08333333333333,22,0.1732283464566929,0.015748031496062992,0.28346456692913385,0.4409448818897638,0.2125984251968504,0.24671916010498662,0.30708661417322836,0.34960629921259845,2022-01-23,0.49606299212598426,63.0,184.08333333333331
2022-01-23,184.08333333333331,63,0.49606299212598426,0.1732283464566929,0.015748031496062992,0.28346456692913385,0.25984251968503935,0.1574803149606297,0.30146231721034866,0.34146981627296585,2022-01-24,0.48031496062992124,61.0,177.95833333333334
2022-01-24,177.95833333333334,61,0.48031496062992124,0.49606299212598426,0.1732283464566929,0.015748031496062992,0.4645669291338583,0.22834645669291317,0.3352080989876266,0.34461942257217854,2022-01-25,0.15748031496062992,20.0,63.41666666666666
2022-01-25,63.41666666666666,20,0.15748031496062992,0.48031496062992124,0.49606299212598426,0.1732283464566929,0.47244094488188976,0.38320209973753255,0.3374578177727784,0.3480314960629921,2022-01-26,0.4251968503937008,54.0,158.29166666666666
2022-01-26,158.29166666666666,54,0.4251968503937008,0.15748031496062992,0.48031496062992124,0.49606299212598426,0.4409448818897638,0.3779527559055116,0.2924634420697413,0.3412073490813648,2022-01-27,0.49606299212598426,63.0,183.95833333333331
2022-01-27,183.95833333333331,63,0.49606299212598426,0.4251968503937008,0.15748031496062992,0.48031496062992124,0.28346456692913385,0.35433070866141714,0.29021372328458944,0.3427821522309712,2022-01-28,0.14960629921259844,19.0,61.583333333333336
2022-01-28,61.583333333333336,19,0.14960629921259844,0.49606299212598426,0.4251968503937008,0.15748031496062992,0.015748031496062992,0.3595800524934381,0.3205849268841395,0.34619422572178477,2022-01-29,0.5196850393700787,66.0,190.79166666666663
2022-01-29,190.79166666666663,66,0.5196850393700787,0.14960629921259844,0.49606299212598426,0.4251968503937008,0.1732283464566929,0.35695538057742765,0.3397075365579303,0.3388451443569554,2022-01-30,0.5196850393700787,66.0,191.33333333333331
2022-01-30,191.33333333333331,66,0.5196850393700787,0.5196850393700787,0.14960629921259844,0.49606299212598426,0.49606299212598426,0.3884514435695536,0.3892013498312711,0.3519685039370079,2022-01-31,0.44881889763779526,57.0,168.08333333333334
2022-01-31,168.08333333333334,57,0.44881889763779526,0.5196850393700787,0.5196850393700787,0.14960629921259844,0.48031496062992124,0.39632545931758506,0.3925759280089989,0.3593175853018373,2022-02-01,0.5118110236220472,65.0,189.66666666666663
2022-02-01,189.66666666666663,65,0.5118110236220472,0.44881889763779526,0.5196850393700787,0.5196850393700787,0.15748031496062992,0.49606299212598404,0.3880764904386952,0.3611548556430446,2022-02-02,0.30708661417322836,39.0,115.83333333333331
2022-02-02,115.83333333333331,39,0.30708661417322836,0.5118110236220472,0.44881889763779526,0.5196850393700787,0.4251968503937008,0.4934383202099735,0.43869516310461193,0.36666666666666664,2022-02-03,0.33070866141732286,42.0,125.66666666666669
2022-02-03,125.66666666666669,42,0.33070866141732286,0.30708661417322836,0.5118110236220472,0.44881889763779526,0.49606299212598426,0.42257217847769013,0.421822272215973,0.3643044619422572,2022-02-04,0.15748031496062992,20.0,64.04166666666667
2022-02-04,64.04166666666667,20,0.15748031496062992,0.33070866141732286,0.30708661417322836,0.5118110236220472,0.14960629921259844,0.38320209973753266,0.3982002249718785,0.36141732283464567,2022-02-05,0.5275590551181102,67.0,195.66666666666663
2022-02-05,195.66666666666663,67,0.5275590551181102,0.15748031496062992,0.33070866141732286,0.30708661417322836,0.5196850393700787,0.2650918635170602,0.3993250843644544,0.35380577427821525,2022-02-06,0.07086614173228346,9.0,33.416666666666664
2022-02-06,33.416666666666664,9,0.07086614173228346,0.5275590551181102,0.15748031496062992,0.33070866141732286,0.5196850393700787,0.3385826771653542,0.40044994375703036,0.357742782152231,2022-02-07,0.1732283464566929,22.0,70.20833333333333
2022-02-07,70.20833333333333,22,0.1732283464566929,0.07086614173228346,0.5275590551181102,0.15748031496062992,0.44881889763779526,0.25196850393700765,0.33633295838020244,0.3461942257217848,2022-02-08,0.2992125984251969,38.0,113.0
2022-02-08,113.0,38,0.2992125984251969,0.1732283464566929,0.07086614173228346,0.5275590551181102,0.5118110236220472,0.2572178477690287,0.296962879640045,0.34146981627296585,2022-02-09,0.5748031496062992,73.0,209.95833333333331
2022-02-09,209.95833333333331,73,0.5748031496062992,0.2992125984251969,0.1732283464566929,0.07086614173228346,0.30708661417322836,0.18110236220472423,0.2665916760404949,0.3388451443569554,2022-02-10,0.5669291338582677,72.0,208.16666666666663
2022-02-10,208.16666666666663,72,0.5669291338582677,0.5748031496062992,0.2992125984251969,0.1732283464566929,0.33070866141732286,0.34908136482939617,0.30483689538807646,0.34908136482939633,2022-02-11,0.4330708661417323,55.0,161.70833333333334
2022-02-11,161.70833333333334,55,0.4330708661417323,0.5669291338582677,0.5748031496062992,0.2992125984251969,0.15748031496062992,0.4803149606299211,0.3385826771653543,0.353018372703412,2022-02-12,0.2283464566929134,29.0,88.25
2022-02-12,88.25,29,0.2283464566929134,0.4330708661417323,0.5669291338582677,0.5748031496062992,0.5275590551181102,0.5249343832020995,0.37795275590551175,0.35590551181102364,2022-02-13,0.30708661417322836,39.0,117.54166666666669
2022-02-13,117.54166666666669,39,0.30708661417322836,0.2283464566929134,0.4330708661417323,0.5669291338582677,0.07086614173228346,0.40944881889763757,0.33520809898762655,0.3545931758530184,2022-02-14,0.5984251968503937,76.0,218.375
2022-02-14,218.375,76,0.5984251968503937,0.30708661417322836,0.2283464566929134,0.4330708661417323,0.1732283464566929,0.32283464566929115,0.3689538807649044,0.3501312335958005,2022-02-15,0.5669291338582677,72.0,207.95833333333331
2022-02-15,207.95833333333331,72,0.5669291338582677,0.5984251968503937,0.30708661417322836,0.2283464566929134,0.2992125984251969,0.37795275590551164,0.42969628796400455,0.36299212598425196,2022-02-16,0.5354330708661418,68.0,198.54166666666663
2022-02-16,198.54166666666663,68,0.5354330708661418,0.5669291338582677,0.5984251968503937,0.30708661417322836,0.5748031496062992,0.4908136482939631,0.46794150731158607,0.3732283464566929,2022-02-17,0.4251968503937008,54.0,158.875
2022-02-17,158.875,54,0.4251968503937008,0.5354330708661418,0.5669291338582677,0.5984251968503937,0.5669291338582677,0.5669291338582676,0.46231721034870643,0.37559055118110235,2022-02-18,0.4645669291338583,59.0,173.04166666666666
2022-02-18,173.04166666666666,59,0.4645669291338583,0.4251968503937008,0.5354330708661418,0.5669291338582677,0.4330708661417323,0.5091863517060365,0.4420697412823397,0.37401574803149606,2022-02-19,0.6299212598425197,80.0,232.0
2022-02-19,232.0,80,0.6299212598425197,0.4645669291338583,0.4251968503937008,0.5354330708661418,0.2283464566929134,0.4750656167979001,0.44656917885264347,0.3748031496062992,2022-02-20,0.6141732283464567,78.0,225.79166666666663
2022-02-20,225.79166666666663,78,0.6141732283464567,0.6299212598425197,0.4645669291338583,0.4251968503937008,0.30708661417322836,0.5065616797900261,0.5039370078740157,0.38635170603674546,2022-02-21,0.4015748031496063,51.0,151.375
2022-02-21,151.375,51,0.4015748031496063,0.6141732283464567,0.6299212598425197,0.4645669291338583,0.5984251968503937,0.5695538057742779,0.547806524184477,0.40629921259842516,2022-02-22,0.5826771653543307,74.0,214.0
2022-02-22,214.0,74,0.5826771653543307,0.4015748031496063,0.6141732283464567,0.6299212598425197,0.5669291338582677,0.5485564304461941,0.5196850393700788,0.4139107611548557,2022-02-23,0.5905511811023622,75.0,216.5
2022-02-23,216.5,75,0.5905511811023622,0.5826771653543307,0.4015748031496063,0.6141732283464567,0.5354330708661418,0.532808398950131,0.5219347581552306,0.41679790026246716,2022-02-24,0.5905511811023622,75.0,217.95833333333331
2022-02-24,217.95833333333331,75,0.5905511811023622,0.5905511811023622,0.5826771653543307,0.4015748031496063,0.4251968503937008,0.5249343832020995,0.5298087739032621,0.4204724409448819,2022-02-25,0.5984251968503937,76.0,219.25
2022-02-25,219.25,76,0.5984251968503937,0.5905511811023622,0.5905511811023622,0.5826771653543307,0.4645669291338583,0.5879265091863515,0.5534308211473566,0.43490813648293963,2022-02-26,0.5748031496062992,73.0,210.54166666666663
2022-02-26,210.54166666666663,73,0.5748031496062992,0.5984251968503937,0.5905511811023622,0.5905511811023622,0.6299212598425197,0.5931758530183725,0.5725534308211474,0.4406824146981627,2022-02-27,0.4330708661417323,55.0,160.08333333333334
2022-02-27,160.08333333333334,55,0.4330708661417323,0.5748031496062992,0.5984251968503937,0.5905511811023622,0.6141732283464567,0.5879265091863514,0.5646794150731159,0.44330708661417323,2022-02-28,0.3858267716535433,49.0,143.75
2022-02-28,143.75,49,0.3858267716535433,0.4330708661417323,0.5748031496062992,0.5984251968503937,0.4015748031496063,0.5354330708661416,0.5388076490438695,0.45275590551181105,2022-03-01,0.6141732283464567,78.0,225.75
2022-03-01,225.75,78,0.6141732283464567,0.3858267716535433,0.4330708661417323,0.5748031496062992,0.5826771653543307,0.46456692913385805,0.5365579302587176,0.44829396325459314,2022-03-02,0.6771653543307087,86.0,246.29166666666663
2022-03-02,246.29166666666663,86,0.6771653543307087,0.6141732283464567,0.3858267716535433,0.4330708661417323,0.5905511811023622,0.4776902887139105,0.5410573678290214,0.4514435695538058,2022-03-03,0.6692913385826772,85.0,244.125
2022-03-03,244.125,85,0.6692913385826772,0.6771653543307087,0.6141732283464567,0.3858267716535433,0.5905511811023622,0.559055118110236,0.5534308211473566,0.45905511811023625,2022-03-04,0.6456692913385826,82.0,237.08333333333331
2022-03-04,237.08333333333331,82,0.6456692913385826,0.6692913385826772,0.6771653543307087,0.6141732283464567,0.5984251968503937,0.653543307086614,0.5646794150731159,0.4643044619422572,2022-03-05,0.6456692913385826,82.0,235.625
2022-03-05,235.625,82,0.6456692913385826,0.6456692913385826,0.6692913385826772,0.6771653543307087,0.5748031496062992,0.664041994750656,0.5714285714285714,0.4755905511811024,2022-03-06,0.6456692913385826,82.0,236.45833333333331
2022-03-06,236.45833333333331,82,0.6456692913385826,0.6456692913385826,0.6456692913385826,0.6692913385826772,0.4330708661417323,0.653543307086614,0.5815523059617548,0.4860892388451443,2022-03-07,0.5511811023622047,70.0,203.45833333333331
2022-03-07,203.45833333333331,70,0.5511811023622047,0.6456692913385826,0.6456692913385826,0.6456692913385826,0.3858267716535433,0.6456692913385826,0.6119235095613048,0.5023622047244094,2022-03-08,0.5826771653543307,74.0,212.95833333333331
2022-03-08,212.95833333333331,74,0.5826771653543307,0.5511811023622047,0.6456692913385826,0.6456692913385826,0.6141732283464567,0.6141732283464565,0.6355455568053994,0.5031496062992127,2022-03-09,0.1889763779527559,24.0,75.625
2022-03-09,75.625,24,0.1889763779527559,0.5826771653543307,0.5511811023622047,0.6456692913385826,0.6771653543307087,0.5931758530183725,0.6310461192350957,0.5202099737532808,2022-03-10,0.25984251968503935,33.0,99.91666666666669
2022-03-10,99.91666666666669,33,0.25984251968503935,0.1889763779527559,0.5826771653543307,0.5511811023622047,0.6692913385826772,0.4409448818897636,0.561304836895388,0.5207349081364829,2022-03-11,0.07086614173228346,9.0,34.791666666666664
2022-03-11,34.791666666666664,9,0.07086614173228346,0.25984251968503935,0.1889763779527559,0.5826771653543307,0.6456692913385826,0.3438320209973751,0.5028121484814397,0.5194225721784778,2022-03-12,0.6299212598425197,80.0,230.33333333333331
2022-03-12,230.33333333333331,80,0.6299212598425197,0.07086614173228346,0.25984251968503935,0.1889763779527559,0.6456692913385826,0.1732283464566927,0.42069741282339707,0.5026246719160105,2022-03-13,0.7637795275590551,97.0,278.375
2022-03-13,278.375,97,0.7637795275590551,0.6299212598425197,0.07086614173228346,0.25984251968503935,0.6456692913385826,0.3202099737532806,0.4184476940382452,0.5047244094488189,2022-03-14,0.7165354330708661,91.0,262.125
2022-03-14,262.125,91,0.7165354330708661,0.7637795275590551,0.6299212598425197,0.07086614173228346,0.5511811023622047,0.4881889763779525,0.43532058492688414,0.515748031496063,2022-03-15,0.3937007874015748,50.0,146.66666666666666
2022-03-15,146.66666666666666,50,0.3937007874015748,0.7165354330708661,0.7637795275590551,0.6299212598425197,0.5826771653543307,0.7034120734908132,0.45894263217097864,0.532020997375328,2022-03-16,0.33070866141732286,42.0,124.45833333333331
2022-03-16,124.45833333333331,42,0.33070866141732286,0.3937007874015748,0.7165354330708661,0.7637795275590551,0.1889763779527559,0.6246719160104984,0.4319460067491563,0.5349081364829397,2022-03-17,0.7401574803149606,94.0,269.6666666666667
2022-03-17,269.6666666666667,94,0.7401574803149606,0.33070866141732286,0.3937007874015748,0.7165354330708661,0.25984251968503935,0.4803149606299211,0.4521934758155231,0.525984251968504,2022-03-18,0.4645669291338583,59.0,172.29166666666666
2022-03-18,172.29166666666666,59,0.4645669291338583,0.7401574803149606,0.33070866141732286,0.3937007874015748,0.07086614173228346,0.48818897637795255,0.5208098987626547,0.531758530183727,2022-03-19,0.31496062992125984,40.0,119.91666666666669
2022-03-19,119.91666666666669,40,0.31496062992125984,0.4645669291338583,0.7401574803149606,0.33070866141732286,0.6299212598425197,0.5118110236220471,0.5770528683914511,0.5293963254593176,2022-03-20,0.7874015748031497,100.0,286.7916666666667
2022-03-20,286.7916666666667,100,0.7874015748031497,0.31496062992125984,0.4645669291338583,0.7401574803149606,0.7637795275590551,0.506561679790026,0.532058492688414,0.5257217847769029,2022-03-21,0.7795275590551181,99.0,283.0833333333333
2022-03-21,283.0833333333333,99,0.7795275590551181,0.7874015748031497,0.31496062992125984,0.4645669291338583,0.7165354330708661,0.522309711286089,0.5354330708661418,0.5364829396325459,2022-03-22,0.48031496062992124,61.0,178.5
2022-03-22,178.5,61,0.48031496062992124,0.7795275590551181,0.7874015748031497,0.31496062992125984,0.3937007874015748,0.627296587926509,0.5444319460067492,0.541469816272966,2022-03-23,0.10236220472440945,13.0,44.29166666666666
2022-03-23,44.29166666666666,13,0.10236220472440945,0.48031496062992124,0.7795275590551181,0.7874015748031497,0.33070866141732286,0.6824146981627295,0.5568053993250844,0.537007874015748,2022-03-24,0.08661417322834646,11.0,39.66666666666666
2022-03-24,39.66666666666666,11,0.08661417322834646,0.10236220472440945,0.48031496062992124,0.7795275590551181,0.7401574803149606,0.45406824146981606,0.5241844769403824,0.5270341207349081,2022-03-25,0.7165354330708661,91.0,261.2916666666667
2022-03-25,261.2916666666667,91,0.7165354330708661,0.08661417322834646,0.10236220472440945,0.48031496062992124,0.4645669291338583,0.22309711286089215,0.43082114735658045,0.5104986876640419,2022-03-26,0.8031496062992126,102.0,291.9583333333333
2022-03-26,291.9583333333333,102,0.8031496062992126,0.7165354330708661,0.08661417322834646,0.10236220472440945,0.31496062992125984,0.3018372703412071,0.46681664791901006,0.5146981627296587,2022-03-27,0.7874015748031497,100.0,287.0416666666667
2022-03-27,287.0416666666667,100,0.7874015748031497,0.8031496062992126,0.7165354330708661,0.08661417322834646,0.7874015748031497,0.5354330708661416,0.5365579302587177,0.5217847769028872,2022-03-28,0.7637795275590551,97.0,278.6666666666667
2022-03-28,278.6666666666667,97,0.7637795275590551,0.7874015748031497,0.8031496062992126,0.7165354330708661,0.7795275590551181,0.7690288713910759,0.5365579302587177,0.5280839895013123,2022-03-29,0.7480314960629921,95.0,272.3333333333333
2022-03-29,272.3333333333333,95,0.7480314960629921,0.7637795275590551,0.7874015748031497,0.8031496062992126,0.48031496062992124,0.7847769028871389,0.5343082114735658,0.5343832020997376,2022-03-30,0.6692913385826772,85.0,244.04166666666663
2022-03-30,244.04166666666663,85,0.6692913385826772,0.7480314960629921,0.7637795275590551,0.7874015748031497,0.10236220472440945,0.7664041994750654,0.5725534308211474,0.5448818897637795,2022-03-31,0.18110236220472442,23.0,73.16666666666667
2022-03-31,73.16666666666667,23,0.18110236220472442,0.6692913385826772,0.7480314960629921,0.7637795275590551,0.08661417322834646,0.7270341207349079,0.6535433070866141,0.5543307086614173,2022-04-01,0.8110236220472441,103.0,294.125
2022-04-01,294.125,103,0.8110236220472441,0.18110236220472442,0.6692913385826772,0.7480314960629921,0.7165354330708661,0.532808398950131,0.6670416197975254,0.5398950131233596,2022-04-02,0.4566929133858268,58.0,169.54166666666666
2022-04-02,169.54166666666666,58,0.4566929133858268,0.8110236220472441,0.18110236220472442,0.6692913385826772,0.8031496062992126,0.553805774278215,0.6805399325084364,0.5443569553805774,2022-04-03,0.8346456692913385,106.0,301.9166666666667
2022-04-03,301.9166666666667,106,0.8346456692913385,0.4566929133858268,0.8110236220472441,0.18110236220472442,0.7874015748031497,0.4829396325459316,0.6310461192350957,0.5372703412073492,2022-04-04,0.7952755905511811,101.0,289.5
2022-04-04,289.5,101,0.7952755905511811,0.8346456692913385,0.4566929133858268,0.8110236220472441,0.7637795275590551,0.7007874015748029,0.6377952755905512,0.5435695538057743,2022-04-05,0.2125984251968504,27.0,84.5
2022-04-05,84.5,27,0.2125984251968504,0.7952755905511811,0.8346456692913385,0.4566929133858268,0.7480314960629921,0.695538057742782,0.6422947131608548,0.5485564304461942,2022-04-06,0.4251968503937008,54.0,159.83333333333334
2022-04-06,159.83333333333334,54,0.4251968503937008,0.2125984251968504,0.7952755905511811,0.8346456692913385,0.6692913385826772,0.6141732283464564,0.5658042744656918,0.5341207349081365,2022-04-07,0.7559055118110236,96.0,275.5833333333333
2022-04-07,275.5833333333333,96,0.7559055118110236,0.4251968503937008,0.2125984251968504,0.7952755905511811,0.18110236220472442,0.47769028871391056,0.530933633295838,0.5299212598425197,2022-04-08,0.8661417322834646,110.0,312.625
2022-04-08,312.625,110,0.8661417322834646,0.7559055118110236,0.4251968503937008,0.2125984251968504,0.8110236220472441,0.46456692913385805,0.6130483689538807,0.5356955380577428,2022-04-09,0.41732283464566927,53.0,156.125
2022-04-09,156.125,53,0.41732283464566927,0.8661417322834646,0.7559055118110236,0.4251968503937008,0.4566929133858268,0.6824146981627295,0.6209223847019123,0.5582677165354331,2022-04-10,0.8740157480314961,111.0,317.75
2022-04-10,317.75,111,0.8740157480314961,0.41732283464566927,0.8661417322834646,0.7559055118110236,0.8346456692913385,0.679790026246719,0.6152980877390327,0.5635170603674541,2022-04-11,0.8503937007874016,108.0,307.5833333333333
2022-04-11,307.5833333333333,108,0.8503937007874016,0.8740157480314961,0.41732283464566927,0.8661417322834646,0.7952755905511811,0.7191601049868765,0.6209223847019123,0.5902887139107612,2022-04-12,0.8346456692913385,106.0,302.0833333333333
2022-04-12,302.0833333333333,106,0.8346456692913385,0.8503937007874016,0.8740157480314961,0.41732283464566927,0.2125984251968504,0.7139107611548555,0.6287964004499438,0.5976377952755905,2022-04-13,0.6456692913385826,82.0,236.08333333333331
2022-04-13,236.08333333333331,82,0.6456692913385826,0.8346456692913385,0.8503937007874016,0.8740157480314961,0.4251968503937008,0.8530183727034119,0.7176602924634421,0.6,2022-04-14,0.4566929133858268,58.0,170.70833333333334
2022-04-14,170.70833333333334,58,0.4566929133858268,0.6456692913385826,0.8346456692913385,0.8503937007874016,0.7559055118110236,0.7769028871391074,0.7491563554555681,0.5976377952755906,2022-04-15,0.84251968503937,107.0,306.0
2022-04-15,306.0,107,0.84251968503937,0.4566929133858268,0.6456692913385826,0.8346456692913385,0.8661417322834646,0.6456692913385825,0.7064116985376828,0.5997375328083989,2022-04-16,0.3779527559055118,48.0,142.58333333333334
2022-04-16,142.58333333333334,48,0.3779527559055118,0.84251968503937,0.4566929133858268,0.6456692913385826,0.41732283464566927,0.648293963254593,0.703037120359955,0.6167979002624672,2022-04-17,0.7244094488188977,92.0,264.9166666666667
2022-04-17,264.9166666666667,92,0.7244094488188977,0.3779527559055118,0.84251968503937,0.4566929133858268,0.8740157480314961,0.559055118110236,0.6974128233970752,0.6047244094488189,2022-04-18,0.5433070866141733,69.0,198.875
2022-04-18,198.875,69,0.5433070866141733,0.7244094488188977,0.3779527559055118,0.84251968503937,0.8503937007874016,0.6482939632545931,0.6760404949381328,0.6133858267716535,2022-04-19,0.9212598425196851,117.0,333.9166666666667
2022-04-19,333.9166666666667,117,0.9212598425196851,0.5433070866141733,0.7244094488188977,0.3779527559055118,0.8346456692913385,0.5485564304461942,0.6321709786276716,0.620997375328084,2022-04-20,0.8661417322834646,110.0,314.2083333333333
2022-04-20,314.2083333333333,110,0.8661417322834646,0.9212598425196851,0.5433070866141733,0.7244094488188977,0.6456692913385826,0.7296587926509185,0.6445444319460067,0.6254593175853018,2022-04-21,0.6850393700787402,87.0,248.91666666666663
2022-04-21,248.91666666666663,87,0.6850393700787402,0.8661417322834646,0.9212598425196851,0.5433070866141733,0.4566929133858268,0.7769028871391074,0.6760404949381328,0.6283464566929134,2022-04-22,0.8818897637795275,112.0,319.5416666666667
2022-04-22,319.5416666666667,112,0.8818897637795275,0.6850393700787402,0.8661417322834646,0.9212598425196851,0.84251968503937,0.8241469816272965,0.7086614173228346,0.6351706036745407,2022-04-23,0.7559055118110236,96.0,274.0833333333333
2022-04-23,274.0833333333333,96,0.7559055118110236,0.8818897637795275,0.6850393700787402,0.8661417322834646,0.3779527559055118,0.811023622047244,0.7142857142857143,0.6611548556430445,2022-04-24,0.8740157480314961,111.0,316.7083333333333
2022-04-24,316.7083333333333,111,0.8740157480314961,0.7559055118110236,0.8818897637795275,0.6850393700787402,0.7244094488188977,0.7742782152230969,0.7682789651293589,0.6834645669291338,2022-04-25,0.7637795275590551,97.0,278.5
2022-04-25,278.5,97,0.7637795275590551,0.8740157480314961,0.7559055118110236,0.8818897637795275,0.5433070866141733,0.8372703412073489,0.7896512935883014,0.6887139107611548,2022-04-26,0.6771653543307087,86.0,247.375
2022-04-26,247.375,86,0.6771653543307087,0.7637795275590551,0.8740157480314961,0.7559055118110236,0.9212598425196851,0.7979002624671915,0.8211473565804274,0.6874015748031497,2022-04-27,0.889763779527559,113.0,323.2083333333333
2022-04-27,323.2083333333333,113,0.889763779527559,0.6771653543307087,0.7637795275590551,0.8740157480314961,0.8661417322834646,0.7716535433070865,0.7862767154105736,0.683727034120735,2022-04-28,0.905511811023622,115.0,328.3333333333333
2022-04-28,328.3333333333333,115,0.905511811023622,0.889763779527559,0.6771653543307087,0.7637795275590551,0.6850393700787402,0.7769028871391074,0.7896512935883016,0.6879265091863517,2022-04-29,0.8976377952755905,114.0,325.125
2022-04-29,325.125,114,0.8976377952755905,0.905511811023622,0.889763779527559,0.6771653543307087,0.8818897637795275,0.8241469816272963,0.8211473565804274,0.6931758530183726,2022-04-30,0.889763779527559,113.0,322.6666666666667
2022-04-30,322.6666666666667,113,0.889763779527559,0.8976377952755905,0.905511811023622,0.889763779527559,0.7559055118110236,0.8976377952755904,0.8233970753655793,0.7007874015748032,2022-05-01,0.6299212598425197,80.0,231.45833333333331
2022-05-01,231.45833333333331,80,0.6299212598425197,0.889763779527559,0.8976377952755905,0.905511811023622,0.8740157480314961,0.8976377952755904,0.8425196850393701,0.7244094488188977,2022-05-02,0.8503937007874016,108.0,307.3333333333333
2022-05-02,307.3333333333333,108,0.8503937007874016,0.6299212598425197,0.889763779527559,0.8976377952755905,0.7637795275590551,0.8057742782152229,0.8076490438695163,0.7183727034120735,2022-05-03,0.6535433070866141,83.0,237.95833333333331
2022-05-03,237.95833333333331,83,0.6535433070866141,0.8503937007874016,0.6299212598425197,0.889763779527559,0.6771653543307087,0.7900262467191599,0.8200224971878516,0.731496062992126,2022-05-04,0.7401574803149606,94.0,270.7083333333333
2022-05-04,270.7083333333333,94,0.7401574803149606,0.6535433070866141,0.8503937007874016,0.6299212598425197,0.889763779527559,0.7112860892388451,0.8166479190101237,0.7254593175853017,2022-05-05,0.8661417322834646,110.0,312.875
2022-05-05,312.875,110,0.8661417322834646,0.7401574803149606,0.6535433070866141,0.8503937007874016,0.905511811023622,0.748031496062992,0.7952755905511812,0.7236220472440945,2022-05-06,0.5275590551181102,67.0,194.70833333333331
2022-05-06,194.70833333333331,67,0.5275590551181102,0.8661417322834646,0.7401574803149606,0.6535433070866141,0.8976377952755905,0.7532808398950129,0.7896512935883014,0.7454068241469816,2022-05-07,0.8267716535433071,105.0,300.0833333333333
2022-05-07,300.0833333333333,105,0.8267716535433071,0.5275590551181102,0.8661417322834646,0.7401574803149606,0.889763779527559,0.7112860892388451,0.7367829021372329,0.7488188976377953,2022-05-08,0.4881889763779528,62.0,180.45833333333331
2022-05-08,180.45833333333331,62,0.4881889763779528,0.8267716535433071,0.5275590551181102,0.8661417322834646,0.6299212598425197,0.7401574803149605,0.7277840269966254,0.7511811023622047,2022-05-09,0.7874015748031497,100.0,285.7083333333333
2022-05-09,285.7083333333333,100,0.7874015748031497,0.4881889763779528,0.8267716535433071,0.5275590551181102,0.8503937007874016,0.6141732283464565,0.7075365579302587,0.7385826771653543,2022-05-10,0.968503937007874,123.0,350.7916666666667
2022-05-10,350.7916666666667,123,0.968503937007874,0.7874015748031497,0.4881889763779528,0.8267716535433071,0.6535433070866141,0.7007874015748031,0.6985376827896513,0.7509186351706038,2022-05-11,0.952755905511811,121.0,344.4583333333333
2022-05-11,344.4583333333333,121,0.952755905511811,0.968503937007874,0.7874015748031497,0.4881889763779528,0.7401574803149606,0.748031496062992,0.7435320584926883,0.7540682414698163,2022-05-12,0.7165354330708661,91.0,262.4166666666667
2022-05-12,262.4166666666667,91,0.7165354330708661,0.952755905511811,0.968503937007874,0.7874015748031497,0.8661417322834646,0.9028871391076114,0.7739032620922384,0.7574803149606298,2022-05-13,0.5590551181102362,71.0,206.08333333333331
2022-05-13,206.08333333333331,71,0.5590551181102362,0.7165354330708661,0.952755905511811,0.968503937007874,0.5275590551181102,0.8792650918635169,0.7525309336332959,0.7535433070866141,2022-05-14,0.8976377952755905,114.0,325.1666666666667
2022-05-14,325.1666666666667,114,0.8976377952755905,0.5590551181102362,0.7165354330708661,0.952755905511811,0.8267716535433071,0.742782152230971,0.7570303712035996,0.7506561679790026,2022-05-15,0.6220472440944882,79.0,227.5
2022-05-15,227.5,79,0.6220472440944882,0.8976377952755905,0.5590551181102362,0.7165354330708661,0.4881889763779528,0.7244094488188976,0.7671541057367828,0.7653543307086614,2022-05-16,0.9133858267716536,116.0,329.375
2022-05-16,329.375,116,0.9133858267716536,0.6220472440944882,0.8976377952755905,0.5590551181102362,0.7874015748031497,0.6929133858267714,0.7862767154105736,0.758005249343832,2022-05-17,0.9291338582677166,118.0,336.0416666666667
2022-05-17,336.0416666666667,118,0.9291338582677166,0.9133858267716536,0.6220472440944882,0.8976377952755905,0.968503937007874,0.811023622047244,0.8042744656917886,0.7758530183727035,2022-05-18,0.8818897637795275,112.0,319.6666666666667
2022-05-18,319.6666666666667,112,0.8818897637795275,0.9291338582677166,0.9133858267716536,0.6220472440944882,0.952755905511811,0.8215223097112859,0.798650168728909,0.7826771653543306,2022-05-19,0.889763779527559,113.0,321.625
2022-05-19,321.625,113,0.889763779527559,0.8818897637795275,0.9291338582677166,0.9133858267716536,0.7165354330708661,0.9081364829396325,0.7885264341957255,0.793963254593176,2022-05-20,0.8267716535433071,105.0,298.7083333333333
2022-05-20,298.7083333333333,105,0.8267716535433071,0.889763779527559,0.8818897637795275,0.9291338582677166,0.5590551181102362,0.900262467191601,0.8132733408323959,0.7929133858267717,2022-05-21,0.5826771653543307,74.0,215.0
2022-05-21,215.0,74,0.5826771653543307,0.8267716535433071,0.889763779527559,0.8818897637795275,0.8976377952755905,0.8661417322834644,0.8515185601799775,0.7916010498687664,2022-05-22,0.47244094488188976,60.0,174.20833333333334
2022-05-22,174.20833333333334,60,0.47244094488188976,0.5826771653543307,0.8267716535433071,0.889763779527559,0.6220472440944882,0.7664041994750654,0.8065241844769403,0.7881889763779527,2022-05-23,0.6614173228346457,84.0,240.79166666666663
2022-05-23,240.79166666666663,84,0.6614173228346457,0.47244094488188976,0.5826771653543307,0.8267716535433071,0.9133858267716536,0.627296587926509,0.7851518560179978,0.7745406824146982,2022-05-24,0.6850393700787402,87.0,249.25
2022-05-24,249.25,87,0.6850393700787402,0.6614173228346457,0.47244094488188976,0.5826771653543307,0.9291338582677166,0.5721784776902885,0.749156355455568,0.7713910761154855,2022-05-25,0.8503937007874016,108.0,308.125
2022-05-25,308.125,108,0.8503937007874016,0.6850393700787402,0.6614173228346457,0.47244094488188976,0.8818897637795275,0.606299212598425,0.7142857142857142,0.7650918635170604,2022-05-26,0.6850393700787402,87.0,249.45833333333331
2022-05-26,249.45833333333331,87,0.6850393700787402,0.8503937007874016,0.6850393700787402,0.6614173228346457,0.889763779527559,0.732283464566929,0.7097862767154106,0.767979002624672,2022-05-27,0.5826771653543307,74.0,213.04166666666663
2022-05-27,213.04166666666663,74,0.5826771653543307,0.6850393700787402,0.8503937007874016,0.6850393700787402,0.8267716535433071,0.7401574803149605,0.6805399325084365,0.768241469816273,2022-05-28,0.905511811023622,115.0,328.5
2022-05-28,328.5,115,0.905511811023622,0.5826771653543307,0.6850393700787402,0.8503937007874016,0.5826771653543307,0.7060367454068239,0.6456692913385826,0.758005249343832,2022-05-29,0.8503937007874016,108.0,308.4166666666667
2022-05-29,308.4166666666667,108,0.8503937007874016,0.905511811023622,0.5826771653543307,0.6850393700787402,0.47244094488188976,0.7244094488188976,0.6917885264341957,0.7580052493438321,2022-05-30,0.7401574803149606,94.0,270.7916666666667
2022-05-30,270.7916666666667,94,0.7401574803149606,0.8503937007874016,0.905511811023622,0.5826771653543307,0.6614173228346457,0.779527559055118,0.7457817772778403,0.7564304461942257,2022-05-31,0.5590551181102362,71.0,205.08333333333331
2022-05-31,205.08333333333331,71,0.5590551181102362,0.7401574803149606,0.8503937007874016,0.905511811023622,0.6850393700787402,0.832020997375328,0.7570303712035996,0.7514435695538058,2022-06-01,0.8661417322834646,110.0,313.8333333333333
2022-06-01,313.8333333333333,110,0.8661417322834646,0.5590551181102362,0.7401574803149606,0.8503937007874016,0.8503937007874016,0.7165354330708661,0.7390326209223846,0.7490813648293962,2022-06-02,0.7874015748031497,100.0,285.4583333333333
2022-06-02,285.4583333333333,100,0.7874015748031497,0.8661417322834646,0.5590551181102362,0.7401574803149606,0.6850393700787402,0.721784776902887,0.7412823397075365,0.7496062992125984,2022-06-03,0.6771653543307087,86.0,247.70833333333331
2022-06-03,247.70833333333331,86,0.6771653543307087,0.7874015748031497,0.8661417322834646,0.5590551181102362,0.5826771653543307,0.73753280839895,0.7559055118110237,0.7540682414698163,2022-06-04,0.7559055118110236,96.0,275.9583333333333
2022-06-04,275.9583333333333,96,0.7559055118110236,0.6771653543307087,0.7874015748031497,0.8661417322834646,0.905511811023622,0.7769028871391074,0.7694038245219348,0.7519685039370079,2022-06-05,0.7480314960629921,95.0,272.625
2022-06-05,272.625,95,0.7480314960629921,0.7559055118110236,0.6771653543307087,0.7874015748031497,0.8503937007874016,0.7401574803149605,0.748031496062992,0.7482939632545932,2022-06-06,0.6141732283464567,78.0,223.95833333333331
2022-06-06,223.95833333333331,78,0.6141732283464567,0.7480314960629921,0.7559055118110236,0.6771653543307087,0.7401574803149606,0.727034120734908,0.7334083239595051,0.7556430446194226,2022-06-07,0.8582677165354331,109.0,312.1666666666667
2022-06-07,312.1666666666667,109,0.8582677165354331,0.6141732283464567,0.7480314960629921,0.7559055118110236,0.5590551181102362,0.706036745406824,0.7154105736782902,0.7485564304461942,2022-06-08,0.7244094488188977,92.0,263.2916666666667
2022-06-08,263.2916666666667,92,0.7244094488188977,0.8582677165354331,0.6141732283464567,0.7480314960629921,0.8661417322834646,0.7401574803149605,0.7581552305961755,0.7608923884514436,2022-06-09,0.6141732283464567,78.0,224.375
2022-06-09,224.375,78,0.6141732283464567,0.7244094488188977,0.8582677165354331,0.6141732283464567,0.7874015748031497,0.732283464566929,0.7379077615298087,0.758792650918635,2022-06-10,0.8740157480314961,111.0,317.75
2022-06-10,317.75,111,0.8740157480314961,0.6141732283464567,0.7244094488188977,0.8582677165354331,0.6771653543307087,0.732283464566929,0.7131608548931384,0.7469816272965879,2022-06-11,0.6299212598425197,80.0,232.04166666666663
2022-06-11,232.04166666666663,80,0.6299212598425197,0.8740157480314961,0.6141732283464567,0.7244094488188977,0.7559055118110236,0.73753280839895,0.7412823397075365,0.7443569553805776,2022-06-12,0.8031496062992126,102.0,290.375
2022-06-12,290.375,102,0.8031496062992126,0.6299212598425197,0.8740157480314961,0.6141732283464567,0.7480314960629921,0.706036745406824,0.7232845894263217,0.7414698162729659,2022-06-13,0.8818897637795275,112.0,318.9583333333333
2022-06-13,318.9583333333333,112,0.8818897637795275,0.8031496062992126,0.6299212598425197,0.8740157480314961,0.6141732283464567,0.7690288713910759,0.7311586051743532,0.7496062992125984,2022-06-14,0.44881889763779526,57.0,167.625
2022-06-14,167.625,57,0.44881889763779526,0.8818897637795275,0.8031496062992126,0.6299212598425197,0.8582677165354331,0.7716535433070865,0.7694038245219348,0.7490813648293962,2022-06-15,0.7874015748031497,100.0,285.5
2022-06-15,285.5,100,0.7874015748031497,0.44881889763779526,0.8818897637795275,0.8031496062992126,0.7244094488188977,0.7112860892388451,0.7109111361079865,0.7433070866141733,2022-06-16,0.9291338582677166,118.0,335.5
2022-06-16,335.5,118,0.9291338582677166,0.7874015748031497,0.44881889763779526,0.8818897637795275,0.6141732283464567,0.706036745406824,0.7199100112485939,0.7391076115485564,2022-06-17,0.889763779527559,113.0,323.0
2022-06-17,323.0,113,0.889763779527559,0.9291338582677166,0.7874015748031497,0.44881889763779526,0.8740157480314961,0.721784776902887,0.764904386951631,0.7391076115485564,2022-06-18,0.889763779527559,113.0,322.0833333333333
2022-06-18,322.0833333333333,113,0.889763779527559,0.889763779527559,0.9291338582677166,0.7874015748031497,0.6299212598425197,0.868766404199475,0.7671541057367828,0.7393700787401574,2022-06-19,0.984251968503937,125.0,354.625
2022-06-19,354.625,125,0.984251968503937,0.889763779527559,0.889763779527559,0.9291338582677166,0.8031496062992126,0.9028871391076114,0.8042744656917885,0.7393700787401574,2022-06-20,0.968503937007874,123.0,348.875
2022-06-20,348.875,123,0.968503937007874,0.984251968503937,0.889763779527559,0.889763779527559,0.8818897637795275,0.9212598425196848,0.830146231721035,0.7446194225721784,2022-06-21,0.8740157480314961,111.0,316.2916666666667
2022-06-21,316.2916666666667,111,0.8740157480314961,0.968503937007874,0.984251968503937,0.889763779527559,0.44881889763779526,0.9475065616797899,0.8425196850393701,0.7574803149606298,2022-06-22,0.9763779527559056,124.0,351.875
2022-06-22,351.875,124,0.9763779527559056,0.8740157480314961,0.968503937007874,0.984251968503937,0.7874015748031497,0.9422572178477688,0.9032620922384702,0.7708661417322834,2022-06-23,0.8661417322834646,110.0,314.9583333333333
2022-06-23,314.9583333333333,110,0.8661417322834646,0.9763779527559056,0.8740157480314961,0.968503937007874,0.9291338582677166,0.9396325459317584,0.9302587176602924,0.7813648293963256,2022-06-24,0.8976377952755905,114.0,326.0
2022-06-24,326.0,114,0.8976377952755905,0.8661417322834646,0.9763779527559056,0.8740157480314961,0.889763779527559,0.9055118110236219,0.9212598425196851,0.7874015748031497,2022-06-25,0.9133858267716536,116.0,331.7916666666667
2022-06-25,331.7916666666667,116,0.9133858267716536,0.8976377952755905,0.8661417322834646,0.9763779527559056,0.889763779527559,0.9133858267716534,0.922384701912261,0.7889763779527559,2022-06-26,0.8267716535433071,105.0,301.0
2022-06-26,301.0,105,0.8267716535433071,0.9133858267716536,0.8976377952755905,0.8661417322834646,0.984251968503937,0.8923884514435695,0.9257592800899888,0.7965879265091863,2022-06-27,0.8818897637795275,112.0,319.75
2022-06-27,319.75,112,0.8818897637795275,0.8267716535433071,0.9133858267716536,0.8976377952755905,0.968503937007874,0.8792650918635169,0.9032620922384702,0.8047244094488188,2022-06-28,0.4409448818897638,56.0,162.95833333333334
2022-06-28,162.95833333333334,56,0.4409448818897638,0.8818897637795275,0.8267716535433071,0.9133858267716536,0.8740157480314961,0.874015748031496,0.8908886389201349,0.8039370078740157,2022-06-29,0.4094488188976378,52.0,152.875
2022-06-29,152.875,52,0.4094488188976378,0.4409448818897638,0.8818897637795275,0.8267716535433071,0.9763779527559056,0.7165354330708661,0.8290213723284588,0.7902887139107613,2022-06-30,0.7480314960629921,95.0,272.0
2022-06-30,272.0,95,0.7480314960629921,0.4094488188976378,0.4409448818897638,0.8818897637795275,0.8661417322834646,0.5774278215223095,0.748031496062992,0.779265091863517,2022-07-01,0.5590551181102362,71.0,206.79166666666663
2022-07-01,206.79166666666663,71,0.5590551181102362,0.7480314960629921,0.4094488188976378,0.4409448818897638,0.8976377952755905,0.532808398950131,0.7311586051743532,0.7855643044619424,2022-07-02,0.889763779527559,113.0,323.2916666666667
2022-07-02,323.2916666666667,113,0.889763779527559,0.5590551181102362,0.7480314960629921,0.4094488188976378,0.9133858267716536,0.5721784776902885,0.6827896512935884,0.7753280839895013,2022-07-03,0.889763779527559,113.0,321.2083333333333
2022-07-03,321.2083333333333,113,0.889763779527559,0.889763779527559,0.5590551181102362,0.7480314960629921,0.8267716535433071,0.732283464566929,0.6794150731158605,0.7787401574803149,2022-07-04,0.7322834645669292,93.0,266.5
2022-07-04,266.5,93,0.7322834645669292,0.889763779527559,0.889763779527559,0.5590551181102362,0.8818897637795275,0.779527559055118,0.688413948256468,0.7858267716535432,2022-07-05,0.8503937007874016,108.0,309.5833333333333
2022-07-05,309.5833333333333,108,0.8503937007874016,0.7322834645669292,0.889763779527559,0.889763779527559,0.4409448818897638,0.8372703412073489,0.6670416197975253,0.7850393700787401,2022-07-06,0.8267716535433071,105.0,301.3333333333333
2022-07-06,301.3333333333333,105,0.8267716535433071,0.8503937007874016,0.7322834645669292,0.889763779527559,0.4094488188976378,0.8241469816272963,0.7255343082114736,0.7884514435695539,2022-07-07,0.5826771653543307,74.0,214.33333333333331
2022-07-07,214.33333333333331,74,0.5826771653543307,0.8267716535433071,0.8503937007874016,0.7322834645669292,0.7480314960629921,0.8031496062992125,0.7851518560179976,0.7955380577427822,2022-07-08,0.5118110236220472,65.0,187.91666666666663
2022-07-08,187.91666666666663,65,0.5118110236220472,0.5826771653543307,0.8267716535433071,0.8503937007874016,0.5590551181102362,0.7532808398950129,0.7615298087739033,0.7863517060367454,2022-07-09,0.7007874015748031,89.0,255.54166666666663
2022-07-09,255.54166666666663,89,0.7007874015748031,0.5118110236220472,0.5826771653543307,0.8267716535433071,0.889763779527559,0.6404199475065614,0.7547806524184477,0.7792650918635171,2022-07-10,0.6377952755905512,81.0,233.0
2022-07-10,233.0,81,0.6377952755905512,0.7007874015748031,0.5118110236220472,0.5826771653543307,0.889763779527559,0.5984251968503935,0.7277840269966254,0.7821522309711285,2022-07-11,0.3543307086614173,45.0,134.83333333333334
2022-07-11,134.83333333333334,45,0.3543307086614173,0.6377952755905512,0.7007874015748031,0.5118110236220472,0.7322834645669292,0.616797900262467,0.6917885264341956,0.774278215223097,2022-07-12,0.6299212598425197,80.0,232.0
2022-07-12,232.0,80,0.6299212598425197,0.3543307086614173,0.6377952755905512,0.7007874015748031,0.8503937007874016,0.564304461942257,0.6377952755905512,0.7650918635170604,2022-07-13,0.6456692913385826,82.0,237.41666666666663
2022-07-13,237.41666666666663,82,0.6456692913385826,0.6299212598425197,0.3543307086614173,0.6377952755905512,0.8267716535433071,0.5406824146981625,0.6062992125984251,0.7593175853018372,2022-07-14,0.7401574803149606,94.0,268.5833333333333
2022-07-14,268.5833333333333,94,0.7401574803149606,0.6456692913385826,0.6299212598425197,0.3543307086614173,0.5826771653543307,0.543307086614173,0.5804274465691789,0.7514435695538058,2022-07-15,0.49606299212598426,63.0,182.54166666666663
2022-07-15,182.54166666666663,63,0.49606299212598426,0.7401574803149606,0.6456692913385826,0.6299212598425197,0.5118110236220472,0.6719160104986873,0.6029246344206973,0.7611548556430445,2022-07-16,0.4409448818897638,56.0,163.33333333333334
2022-07-16,163.33333333333334,56,0.4409448818897638,0.49606299212598426,0.7401574803149606,0.6456692913385826,0.7007874015748031,0.627296587926509,0.6006749156355455,0.7514435695538058,2022-07-17,0.6771653543307087,86.0,248.58333333333331
2022-07-17,248.58333333333331,86,0.6771653543307087,0.4409448818897638,0.49606299212598426,0.7401574803149606,0.6377952755905512,0.559055118110236,0.5635545556805399,0.7351706036745408,2022-07-18,0.7480314960629921,95.0,272.9583333333333
2022-07-18,272.9583333333333,95,0.7480314960629921,0.6771653543307087,0.4409448818897638,0.49606299212598426,0.3543307086614173,0.538057742782152,0.5691788526434196,0.7280839895013124,2022-07-19,0.5826771653543307,74.0,214.95833333333331
2022-07-19,214.95833333333331,74,0.5826771653543307,0.7480314960629921,0.6771653543307087,0.4409448818897638,0.6299212598425197,0.622047244094488,0.625421822272216,0.7233595800524935,2022-07-20,0.7480314960629921,95.0,273.6666666666667
2022-07-20,273.6666666666667,95,0.7480314960629921,0.5826771653543307,0.7480314960629921,0.6771653543307087,0.6456692913385826,0.6692913385826769,0.6186726659167604,0.7099737532808399,2022-07-21,0.4566929133858268,58.0,170.83333333333334
2022-07-21,170.83333333333334,58,0.4566929133858268,0.7480314960629921,0.5826771653543307,0.7480314960629921,0.7401574803149606,0.6929133858267714,0.6332958380202475,0.7026246719160105,2022-07-22,0.889763779527559,113.0,322.0833333333333
2022-07-22,322.0833333333333,113,0.889763779527559,0.4566929133858268,0.7480314960629921,0.5826771653543307,0.49606299212598426,0.595800524934383,0.592800899887514,0.688713910761155,2022-07-23,0.84251968503937,107.0,306.4166666666667
2022-07-23,306.4166666666667,107,0.84251968503937,0.889763779527559,0.4566929133858268,0.7480314960629921,0.4409448818897638,0.6981627296587923,0.6490438695163104,0.6858267716535432,2022-07-24,0.6535433070866141,83.0,238.33333333333331
2022-07-24,238.33333333333331,83,0.6535433070866141,0.84251968503937,0.889763779527559,0.4566929133858268,0.6771653543307087,0.7296587926509184,0.7064116985376828,0.6850393700787402,2022-07-25,0.7874015748031497,100.0,285.1666666666667
2022-07-25,285.1666666666667,100,0.7874015748031497,0.6535433070866141,0.84251968503937,0.889763779527559,0.7480314960629921,0.7952755905511809,0.703037120359955,0.6769028871391075,2022-07-26,0.8582677165354331,109.0,311.0833333333333
2022-07-26,311.0833333333333,109,0.8582677165354331,0.7874015748031497,0.6535433070866141,0.84251968503937,0.5826771653543307,0.7611548556430444,0.7086614173228346,0.6727034120734908,2022-07-27,0.8818897637795275,112.0,318.7916666666667
2022-07-27,318.7916666666667,112,0.8818897637795275,0.8582677165354331,0.7874015748031497,0.6535433070866141,0.7480314960629921,0.7664041994750654,0.748031496062992,0.673753280839895,2022-07-28,0.6850393700787402,87.0,250.66666666666663
2022-07-28,250.66666666666663,87,0.6850393700787402,0.8818897637795275,0.8582677165354331,0.7874015748031497,0.4566929133858268,0.8425196850393698,0.7671541057367829,0.673753280839895,2022-07-29,0.7637795275590551,97.0,278.375
2022-07-29,278.375,97,0.7637795275590551,0.6850393700787402,0.8818897637795275,0.8582677165354331,0.889763779527559,0.8083989501312333,0.7997750281214848,0.6818897637795275,2022-07-30,0.8188976377952756,104.0,297.7916666666667
2022-07-30,297.7916666666667,104,0.8188976377952756,0.7637795275590551,0.6850393700787402,0.8818897637795275,0.84251968503937,0.7769028871391074,0.78177727784027,0.6937007874015748,2022-07-31,0.8346456692913385,106.0,303.3333333333333
2022-07-31,303.3333333333333,106,0.8346456692913385,0.8188976377952756,0.7637795275590551,0.6850393700787402,0.6535433070866141,0.7559055118110235,0.778402699662542,0.6960629921259842,2022-08-01,0.7480314960629921,95.0,273.6666666666667
2022-08-01,273.6666666666667,95,0.7480314960629921,0.8346456692913385,0.8188976377952756,0.7637795275590551,0.7874015748031497,0.8057742782152229,0.8042744656917885,0.705249343832021,2022-08-02,0.6377952755905512,81.0,234.58333333333331
2022-08-02,234.58333333333331,81,0.6377952755905512,0.7480314960629921,0.8346456692913385,0.8188976377952756,0.8582677165354331,0.8005249343832018,0.798650168728909,0.7005249343832021,2022-08-03,0.3937007874015748,50.0,147.04166666666666
2022-08-03,147.04166666666666,50,0.3937007874015748,0.6377952755905512,0.7480314960629921,0.8346456692913385,0.8818897637795275,0.7401574803149603,0.7671541057367829,0.6921259842519685,2022-08-04,0.7952755905511811,101.0,289.4583333333333
2022-08-04,289.4583333333333,101,0.7952755905511811,0.3937007874015748,0.6377952755905512,0.7480314960629921,0.6850393700787402,0.5931758530183725,0.6974128233970754,0.6808398950131234,2022-08-05,0.6692913385826772,85.0,245.5
2022-08-05,245.5,85,0.6692913385826772,0.7952755905511811,0.3937007874015748,0.6377952755905512,0.7637795275590551,0.6089238845144355,0.7131608548931384,0.679002624671916,2022-08-06,0.7165354330708661,91.0,261.625
2022-08-06,261.625,91,0.7165354330708661,0.6692913385826772,0.7952755905511811,0.3937007874015748,0.8188976377952756,0.6194225721784775,0.6996625421822272,0.6737532808398949,2022-08-07,0.6771653543307087,86.0,246.91666666666663
2022-08-07,246.91666666666663,86,0.6771653543307087,0.7165354330708661,0.6692913385826772,0.7952755905511811,0.8346456692913385,0.7270341207349079,0.68503937007874,0.6782152230971128,2022-08-08,0.5748031496062992,73.0,211.83333333333331
2022-08-08,211.83333333333331,73,0.5748031496062992,0.6771653543307087,0.7165354330708661,0.6692913385826772,0.7480314960629921,0.6876640419947505,0.6625421822272216,0.6837270341207348,2022-08-09,0.7480314960629921,95.0,273.3333333333333
2022-08-09,273.3333333333333,95,0.7480314960629921,0.5748031496062992,0.6771653543307087,0.7165354330708661,0.6377952755905512,0.6561679790026244,0.6377952755905512,0.6795275590551182,2022-08-10,0.6535433070866141,83.0,238.58333333333331
2022-08-10,238.58333333333331,83,0.6535433070866141,0.7480314960629921,0.5748031496062992,0.6771653543307087,0.3937007874015748,0.6666666666666664,0.6535433070866141,0.6832020997375329,2022-08-11,0.4566929133858268,58.0,168.5
2022-08-11,168.5,58,0.4566929133858268,0.6535433070866141,0.7480314960629921,0.5748031496062992,0.7952755905511811,0.6587926509186349,0.6906636670416197,0.6931758530183727,2022-08-12,0.5196850393700787,66.0,193.08333333333331
2022-08-12,193.08333333333331,66,0.5196850393700787,0.4566929133858268,0.6535433070866141,0.7480314960629921,0.6692913385826772,0.6194225721784775,0.6422947131608548,0.6874015748031497,2022-08-13,0.8031496062992126,102.0,290.5
2022-08-13,290.5,102,0.8031496062992126,0.5196850393700787,0.4566929133858268,0.6535433070866141,0.7165354330708661,0.543307086614173,0.6209223847019123,0.6832020997375328,2022-08-14,0.905511811023622,115.0,327.25
2022-08-14,327.25,115,0.905511811023622,0.8031496062992126,0.5196850393700787,0.4566929133858268,0.6771653543307087,0.5931758530183725,0.6332958380202475,0.6853018372703412,2022-08-15,0.7322834645669292,93.0,266.0
2022-08-15,266.0,93,0.7322834645669292,0.905511811023622,0.8031496062992126,0.5196850393700787,0.5748031496062992,0.7427821522309709,0.6659167604049493,0.6989501312335958,2022-08-16,0.7637795275590551,97.0,277.125
2022-08-16,277.125,97,0.7637795275590551,0.7322834645669292,0.905511811023622,0.8031496062992126,0.7480314960629921,0.8136482939632543,0.688413948256468,0.7086614173228346,2022-08-17,0.6929133858267716,88.0,252.33333333333331
2022-08-17,252.33333333333331,88,0.6929133858267716,0.7637795275590551,0.7322834645669292,0.905511811023622,0.6535433070866141,0.8005249343832018,0.6906636670416197,0.7115485564304461,2022-08-18,0.3464566929133858,44.0,131.95833333333334
2022-08-18,131.95833333333334,44,0.3464566929133858,0.6929133858267716,0.7637795275590551,0.7322834645669292,0.4566929133858268,0.7296587926509184,0.6962879640044994,0.7097112860892388,2022-08-19,0.6535433070866141,83.0,238.70833333333331
2022-08-19,238.70833333333331,83,0.6535433070866141,0.3464566929133858,0.6929133858267716,0.7637795275590551,0.5196850393700787,0.601049868766404,0.6805399325084364,0.7018372703412074,2022-08-20,0.7637795275590551,97.0,277.5416666666667
2022-08-20,277.5416666666667,97,0.7637795275590551,0.6535433070866141,0.3464566929133858,0.6929133858267716,0.8031496062992126,0.564304461942257,0.6996625421822272,0.6986876640419948,2022-08-21,0.5590551181102362,71.0,204.66666666666663
2022-08-21,204.66666666666663,71,0.5590551181102362,0.7637795275590551,0.6535433070866141,0.3464566929133858,0.905511811023622,0.5879265091863515,0.6940382452193476,0.7089238845144357,2022-08-22,0.3700787401574803,47.0,139.33333333333334
2022-08-22,139.33333333333334,47,0.3700787401574803,0.5590551181102362,0.7637795275590551,0.6535433070866141,0.7322834645669292,0.6587926509186349,0.6445444319460067,0.6979002624671916,2022-08-23,0.5433070866141733,69.0,198.79166666666663
2022-08-23,198.79166666666663,69,0.5433070866141733,0.3700787401574803,0.5590551181102362,0.7637795275590551,0.7637795275590551,0.5643044619422569,0.592800899887514,0.6821522309711286,2022-08-24,0.4409448818897638,56.0,165.125
2022-08-24,165.125,56,0.4409448818897638,0.5433070866141733,0.3700787401574803,0.5590551181102362,0.6929133858267716,0.49081364829396307,0.5613048368953881,0.678477690288714,2022-08-25,0.4251968503937008,54.0,158.125
2022-08-25,158.125,54,0.4251968503937008,0.4409448818897638,0.5433070866141733,0.3700787401574803,0.3464566929133858,0.45144356955380555,0.5253093363329584,0.6669291338582677,2022-08-26,0.48031496062992124,61.0,178.70833333333334
2022-08-26,178.70833333333334,61,0.48031496062992124,0.4251968503937008,0.4409448818897638,0.5433070866141733,0.6535433070866141,0.469816272965879,0.5365579302587177,0.65249343832021,2022-08-27,0.6141732283464567,78.0,226.29166666666663
2022-08-27,226.29166666666663,78,0.6141732283464567,0.48031496062992124,0.4251968503937008,0.4409448818897638,0.7637795275590551,0.4488188976377951,0.5118110236220472,0.6391076115485564,2022-08-28,0.4645669291338583,59.0,173.0
2022-08-28,173.0,59,0.4645669291338583,0.6141732283464567,0.48031496062992124,0.4251968503937008,0.5590551181102362,0.5065616797900261,0.4904386951631046,0.6367454068241469,2022-08-29,0.4409448818897638,56.0,165.33333333333334
2022-08-29,165.33333333333334,56,0.4409448818897638,0.4645669291338583,0.6141732283464567,0.48031496062992124,0.3700787401574803,0.5196850393700785,0.4769403824521935,0.626771653543307,2022-08-30,0.5748031496062992,73.0,211.41666666666663
2022-08-30,211.41666666666663,73,0.5748031496062992,0.4409448818897638,0.4645669291338583,0.6141732283464567,0.5433070866141733,0.5065616797900261,0.4870641169853768,0.6141732283464567,2022-08-31,0.5826771653543307,74.0,213.29166666666663
2022-08-31,213.29166666666663,74,0.5826771653543307,0.5748031496062992,0.4409448818897638,0.4645669291338583,0.4409448818897638,0.4934383202099735,0.49156355455568057,0.6055118110236221,2022-09-01,0.28346456692913385,36.0,108.33333333333331
2022-09-01,108.33333333333331,36,0.28346456692913385,0.5826771653543307,0.5748031496062992,0.4409448818897638,0.4251968503937008,0.532808398950131,0.5118110236220472,0.6,2022-09-02,0.5354330708661418,68.0,197.66666666666663
2022-09-02,197.66666666666663,68,0.5354330708661418,0.28346456692913385,0.5826771653543307,0.5748031496062992,0.48031496062992124,0.4803149606299211,0.4915635545556805,0.5881889763779528,2022-09-03,0.41732283464566927,53.0,156.95833333333334
2022-09-03,156.95833333333334,53,0.41732283464566927,0.5354330708661418,0.28346456692913385,0.5826771653543307,0.6141732283464567,0.4671916010498685,0.49943757030371205,0.5929133858267718,2022-09-04,0.4251968503937008,54.0,158.70833333333334
2022-09-04,158.70833333333334,54,0.4251968503937008,0.41732283464566927,0.5354330708661418,0.28346456692913385,0.4645669291338583,0.4120734908136481,0.4713160854893138,0.5803149606299213,2022-09-05,0.4566929133858268,58.0,168.41666666666666
2022-09-05,168.41666666666666,58,0.4566929133858268,0.4251968503937008,0.41732283464566927,0.5354330708661418,0.4409448818897638,0.45931758530183703,0.46569178852643417,0.5721784776902887,2022-09-06,0.7480314960629921,95.0,272.875
2022-09-06,272.875,95,0.7480314960629921,0.4566929133858268,0.4251968503937008,0.41732283464566927,0.5748031496062992,0.433070866141732,0.46794150731158607,0.5635170603674541,2022-09-07,0.6377952755905512,81.0,234.04166666666663
2022-09-07,234.04166666666663,81,0.6377952755905512,0.7480314960629921,0.4566929133858268,0.4251968503937008,0.5826771653543307,0.543307086614173,0.49268841394825647,0.5658792650918636,2022-09-08,0.3779527559055118,48.0,140.75
2022-09-08,140.75,48,0.3779527559055118,0.6377952755905512,0.7480314960629921,0.4566929133858268,0.28346456692913385,0.6141732283464564,0.500562429696288,0.5679790026246719,2022-09-09,0.2047244094488189,26.0,80.75
2022-09-09,80.75,26,0.2047244094488189,0.3779527559055118,0.6377952755905512,0.7480314960629921,0.5354330708661418,0.5879265091863515,0.5140607424071991,0.5556430446194226,2022-09-10,0.4409448818897638,56.0,163.0
2022-09-10,163.0,56,0.4409448818897638,0.2047244094488189,0.3779527559055118,0.6377952755905512,0.41732283464566927,0.406824146981627,0.4668166479190101,0.5406824146981627,2022-09-11,0.5354330708661418,68.0,197.16666666666663
2022-09-11,197.16666666666663,68,0.5354330708661418,0.4409448818897638,0.2047244094488189,0.3779527559055118,0.4251968503937008,0.3412073490813645,0.4701912260967379,0.5401574803149606,2022-09-12,0.49606299212598426,63.0,184.75
2022-09-12,184.75,63,0.49606299212598426,0.5354330708661418,0.4409448818897638,0.2047244094488189,0.4566929133858268,0.39370078740157455,0.48593925759280093,0.5406824146981627,2022-09-13,0.5826771653543307,74.0,214.0
2022-09-13,214.0,74,0.5826771653543307,0.49606299212598426,0.5354330708661418,0.4409448818897638,0.7480314960629921,0.49081364829396296,0.49156355455568057,0.5304461942257218,2022-09-14,0.7716535433070866,98.0,279.9166666666667
2022-09-14,279.9166666666667,98,0.7716535433070866,0.5826771653543307,0.49606299212598426,0.5354330708661418,0.6377952755905512,0.5380577427821519,0.46794150731158607,0.5196850393700788,2022-09-15,0.7637795275590551,97.0,277.0833333333333
2022-09-15,277.0833333333333,97,0.7637795275590551,0.7716535433070866,0.5826771653543307,0.49606299212598426,0.3779527559055118,0.616797900262467,0.4870641169853768,0.520997375328084,2022-09-16,0.7401574803149606,94.0,268.8333333333333
2022-09-16,268.8333333333333,94,0.7401574803149606,0.7637795275590551,0.7716535433070866,0.5826771653543307,0.2047244094488189,0.7060367454068238,0.5421822272215973,0.520997375328084,2022-09-17,0.6771653543307087,86.0,246.875
2022-09-17,246.875,86,0.6771653543307087,0.7401574803149606,0.7637795275590551,0.7716535433070866,0.4409448818897638,0.758530183727034,0.6186726659167603,0.5225721784776903,2022-09-18,0.5984251968503937,76.0,220.0
2022-09-18,220.0,76,0.5984251968503937,0.6771653543307087,0.7401574803149606,0.7637795275590551,0.5354330708661418,0.7270341207349079,0.6524184476940382,0.5335958005249343,2022-09-19,0.6220472440944882,79.0,228.08333333333331
2022-09-19,228.08333333333331,79,0.6220472440944882,0.5984251968503937,0.6771653543307087,0.7401574803149606,0.49606299212598426,0.6719160104986875,0.6614173228346457,0.531758530183727,2022-09-20,0.7322834645669292,93.0,266.5416666666667
2022-09-20,266.5416666666667,93,0.7322834645669292,0.6220472440944882,0.5984251968503937,0.6771653543307087,0.5826771653543307,0.6325459317585299,0.6794150731158606,0.5270341207349082,2022-09-21,0.7007874015748031,89.0,255.375
2022-09-21,255.375,89,0.7007874015748031,0.7322834645669292,0.6220472440944882,0.5984251968503937,0.7716535433070866,0.6509186351706034,0.7007874015748031,0.5328083989501312,2022-09-22,0.7086614173228346,90.0,259.0833333333333
2022-09-22,259.0833333333333,90,0.7086614173228346,0.7007874015748031,0.7322834645669292,0.6220472440944882,0.7637795275590551,0.6850393700787398,0.6906636670416199,0.5438320209973753,2022-09-23,0.7480314960629921,95.0,273.5416666666667
2022-09-23,273.5416666666667,95,0.7480314960629921,0.7086614173228346,0.7007874015748031,0.7322834645669292,0.7401574803149606,0.7139107611548554,0.6827896512935884,0.5493438320209975,2022-09-24,0.7322834645669292,93.0,267.7916666666667
2022-09-24,267.7916666666667,93,0.7322834645669292,0.7480314960629921,0.7086614173228346,0.7007874015748031,0.6771653543307087,0.7191601049868764,0.6839145106861643,0.5595800524934382,2022-09-25,0.7086614173228346,90.0,258.625
2022-09-25,258.625,90,0.7086614173228346,0.7322834645669292,0.7480314960629921,0.7086614173228346,0.5984251968503937,0.7296587926509184,0.6917885264341957,0.5698162729658792,2022-09-26,0.6771653543307087,86.0,247.16666666666663
2022-09-26,247.16666666666663,86,0.6771653543307087,0.7086614173228346,0.7322834645669292,0.7480314960629921,0.6220472440944882,0.7296587926509184,0.7075365579302586,0.5774278215223098,2022-09-27,0.5196850393700787,66.0,192.125
2022-09-27,192.125,66,0.5196850393700787,0.6771653543307087,0.7086614173228346,0.7322834645669292,0.7322834645669292,0.7060367454068239,0.7154105736782902,0.5795275590551181,2022-09-28,0.3779527559055118,48.0,142.375
2022-09-28,142.375,48,0.3779527559055118,0.5196850393700787,0.6771653543307087,0.7086614173228346,0.7007874015748031,0.6351706036745405,0.6850393700787402,0.5813648293963254,2022-09-29,0.14173228346456693,18.0,57.458333333333336
2022-09-29,57.458333333333336,18,0.14173228346456693,0.3779527559055118,0.5196850393700787,0.6771653543307087,0.7086614173228346,0.5249343832020994,0.6389201349831269,0.579265091863517,2022-09-30,0.11023622047244094,14.0,48.958333333333336
2022-09-30,48.958333333333336,14,0.11023622047244094,0.14173228346456693,0.3779527559055118,0.5196850393700787,0.7480314960629921,0.3464566929133856,0.5579302587176603,0.5648293963254594,2022-10-01,0.6850393700787402,87.0,251.125
2022-10-01,251.125,87,0.6850393700787402,0.11023622047244094,0.14173228346456693,0.3779527559055118,0.7322834645669292,0.20997375328083964,0.4668166479190101,0.5490813648293964,2022-10-02,0.3464566929133858,44.0,129.45833333333334
2022-10-02,129.45833333333334,44,0.3464566929133858,0.6850393700787402,0.11023622047244094,0.14173228346456693,0.7086614173228346,0.3123359580052491,0.4600674915635546,0.5624671916010499,2022-10-03,0.1732283464566929,22.0,69.58333333333333
2022-10-03,69.58333333333333,22,0.1732283464566929,0.3464566929133858,0.6850393700787402,0.11023622047244094,0.6771653543307087,0.3805774278215221,0.40832395950506184,0.5561679790026247,2022-10-04,0.6929133858267716,88.0,253.54166666666663
2022-10-04,253.54166666666663,88,0.6929133858267716,0.1732283464566929,0.3464566929133858,0.6850393700787402,0.5196850393700787,0.40157480314960603,0.33633295838020244,0.5480314960629922,2022-10-05,0.6614173228346457,84.0,241.75
2022-10-05,241.75,84,0.6614173228346457,0.6929133858267716,0.1732283464566929,0.3464566929133858,0.3779527559055118,0.40419947506561654,0.3610798650168729,0.5569553805774278,2022-10-06,0.6771653543307087,86.0,247.41666666666663
2022-10-06,247.41666666666663,86,0.6771653543307087,0.6614173228346457,0.6929133858267716,0.1732283464566929,0.14173228346456693,0.5091863517060364,0.4015748031496063,0.563779527559055,2022-10-07,0.6535433070866141,83.0,239.08333333333331
2022-10-07,239.08333333333331,83,0.6535433070866141,0.6771653543307087,0.6614173228346457,0.6929133858267716,0.11023622047244094,0.6771653543307083,0.47806524184476945,0.5614173228346456,2022-10-08,0.5354330708661418,68.0,196.83333333333331
2022-10-08,196.83333333333331,68,0.5354330708661418,0.6535433070866141,0.6771653543307087,0.6614173228346457,0.6850393700787402,0.6640419947506558,0.5556805399325084,0.5619422572178476,2022-10-09,0.49606299212598426,63.0,183.58333333333331
2022-10-09,183.58333333333331,63,0.49606299212598426,0.5354330708661418,0.6535433070866141,0.6771653543307087,0.3464566929133858,0.622047244094488,0.5343082114735658,0.5671916010498688,2022-10-10,0.5905511811023622,75.0,217.54166666666663
2022-10-10,217.54166666666663,75,0.5905511811023622,0.49606299212598426,0.5354330708661418,0.6535433070866141,0.1732283464566929,0.5616797900262465,0.5556805399325084,0.5769028871391076,2022-10-11,0.5196850393700787,66.0,191.79166666666663
2022-10-11,191.79166666666663,66,0.5196850393700787,0.5905511811023622,0.49606299212598426,0.5354330708661418,0.6929133858267716,0.5406824146981625,0.6152980877390327,0.5818897637795275,2022-10-12,0.2204724409448819,28.0,85.20833333333333
2022-10-12,85.20833333333333,28,0.2204724409448819,0.5196850393700787,0.5905511811023622,0.49606299212598426,0.6614173228346457,0.5354330708661414,0.5905511811023622,0.5813648293963255,2022-10-13,0.5826771653543307,74.0,214.41666666666663
2022-10-13,214.41666666666663,74,0.5826771653543307,0.2204724409448819,0.5196850393700787,0.5905511811023622,0.6771653543307087,0.443569553805774,0.5275590551181102,0.5721784776902887,2022-10-14,0.6377952755905512,81.0,233.16666666666663
2022-10-14,233.16666666666663,81,0.6377952755905512,0.5826771653543307,0.2204724409448819,0.5196850393700787,0.6535433070866141,0.44094488188976344,0.5140607424071991,0.5721784776902887,2022-10-15,0.6299212598425197,80.0,229.91666666666663
2022-10-15,229.91666666666663,80,0.6299212598425197,0.6377952755905512,0.5826771653543307,0.2204724409448819,0.5354330708661418,0.480314960629921,0.5118110236220472,0.5677165354330709,2022-10-16,0.6062992125984252,77.0,223.5
2022-10-16,223.5,77,0.6062992125984252,0.6299212598425197,0.6377952755905512,0.5826771653543307,0.49606299212598426,0.6167979002624668,0.5253093363329583,0.5632545931758529,2022-10-17,0.3779527559055118,48.0,142.54166666666666
2022-10-17,142.54166666666666,48,0.3779527559055118,0.6062992125984252,0.6299212598425197,0.6377952755905512,0.5905511811023622,0.6246719160104984,0.5410573678290214,0.5587926509186352,2022-10-18,0.6220472440944882,79.0,228.5
2022-10-18,228.5,79,0.6220472440944882,0.3779527559055118,0.6062992125984252,0.6299212598425197,0.5196850393700787,0.538057742782152,0.5106861642294713,0.5488188976377953,2022-10-19,0.6299212598425197,80.0,231.33333333333331
2022-10-19,231.33333333333331,80,0.6299212598425197,0.6220472440944882,0.3779527559055118,0.6062992125984252,0.2204724409448819,0.5354330708661416,0.5253093363329583,0.5496062992125984,2022-10-20,0.6141732283464567,78.0,225.875
2022-10-20,225.875,78,0.6141732283464567,0.6299212598425197,0.6220472440944882,0.3779527559055118,0.5826771653543307,0.543307086614173,0.5838020247469066,0.5498687664041995,2022-10-21,0.5984251968503937,76.0,219.29166666666663
2022-10-21,219.29166666666663,76,0.5984251968503937,0.6141732283464567,0.6299212598425197,0.6220472440944882,0.6377952755905512,0.622047244094488,0.5883014623172104,0.5459317585301837,2022-10-22,0.5984251968503937,76.0,220.79166666666663
2022-10-22,220.79166666666663,76,0.5984251968503937,0.5984251968503937,0.6141732283464567,0.6299212598425197,0.6299212598425197,0.6141732283464565,0.5826771653543307,0.5425196850393701,2022-10-23,0.5826771653543307,74.0,213.625
2022-10-23,213.625,74,0.5826771653543307,0.5984251968503937,0.5984251968503937,0.6141732283464567,0.6062992125984252,0.6036745406824146,0.578177727784027,0.5388451443569554,2022-10-24,0.5826771653543307,74.0,213.45833333333331
2022-10-24,213.45833333333331,74,0.5826771653543307,0.5826771653543307,0.5984251968503937,0.5984251968503937,0.3779527559055118,0.5931758530183725,0.5748031496062992,0.5333333333333333,2022-10-25,0.5748031496062992,73.0,211.08333333333331
2022-10-25,211.08333333333331,73,0.5748031496062992,0.5826771653543307,0.5826771653543307,0.5984251968503937,0.6220472440944882,0.5879265091863514,0.6040494938132733,0.5283464566929134,2022-10-26,0.41732283464566927,53.0,155.875
2022-10-26,155.875,53,0.41732283464566927,0.5748031496062992,0.5826771653543307,0.5826771653543307,0.6299212598425197,0.5800524934383199,0.5973003374578177,0.5238845144356955,2022-10-27,0.5511811023622047,70.0,202.5
2022-10-27,202.5,70,0.5511811023622047,0.41732283464566927,0.5748031496062992,0.5826771653543307,0.6141732283464567,0.5249343832020995,0.5669291338582677,0.5152230971128609,2022-10-28,0.5196850393700787,66.0,192.04166666666663
2022-10-28,192.04166666666663,66,0.5196850393700787,0.5511811023622047,0.41732283464566927,0.5748031496062992,0.5984251968503937,0.5144356955380575,0.5579302587176603,0.5162729658792651,2022-10-29,0.23622047244094488,30.0,92.66666666666669
2022-10-29,92.66666666666669,30,0.23622047244094488,0.5196850393700787,0.5511811023622047,0.41732283464566927,0.5984251968503937,0.496062992125984,0.5466816647919011,0.520997375328084,2022-10-30,0.11811023622047244,15.0,51.375
2022-10-30,51.375,15,0.11811023622047244,0.23622047244094488,0.5196850393700787,0.5511811023622047,0.5826771653543307,0.4356955380577425,0.49493813273340825,0.5241469816272966,2022-10-31,0.41732283464566927,53.0,156.29166666666666
2022-10-31,156.29166666666666,53,0.41732283464566927,0.11811023622047244,0.23622047244094488,0.5196850393700787,0.5826771653543307,0.2913385826771651,0.42857142857142855,0.5244094488188976,2022-11-01,0.5039370078740157,64.0,185.0
2022-11-01,185.0,64,0.5039370078740157,0.41732283464566927,0.11811023622047244,0.23622047244094488,0.5748031496062992,0.2572178477690286,0.4049493813273341,0.5154855643044619,2022-11-02,0.4881889763779528,62.0,181.66666666666663
2022-11-02,181.66666666666663,62,0.4881889763779528,0.5039370078740157,0.41732283464566927,0.11811023622047244,0.41732283464566927,0.3464566929133855,0.39482564679415066,0.5207349081364829,2022-11-03,0.5118110236220472,65.0,189.25
2022-11-03,189.25,65,0.5118110236220472,0.4881889763779528,0.5039370078740157,0.41732283464566927,0.5511811023622047,0.469816272965879,0.4049493813273341,0.531233595800525,2022-11-04,0.5118110236220472,65.0,188.875
2022-11-04,188.875,65,0.5118110236220472,0.5118110236220472,0.4881889763779528,0.5039370078740157,0.5196850393700787,0.501312335958005,0.3993250843644545,0.5251968503937008,2022-11-05,0.3543307086614173,45.0,133.66666666666666
2022-11-05,133.66666666666666,45,0.3543307086614173,0.5118110236220472,0.5118110236220472,0.4881889763779528,0.23622047244094488,0.5039370078740154,0.39820022497187857,0.5202099737532808,2022-11-06,0.25196850393700787,32.0,97.41666666666669
2022-11-06,97.41666666666669,32,0.25196850393700787,0.3543307086614173,0.5118110236220472,0.5118110236220472,0.11811023622047244,0.459317585301837,0.4150731158605175,0.5094488188976378,2022-11-07,0.4645669291338583,59.0,173.375
2022-11-07,173.375,59,0.4645669291338583,0.25196850393700787,0.3543307086614173,0.5118110236220472,0.41732283464566927,0.3727034120734905,0.4341957255343082,0.49606299212598426,2022-11-08,0.5039370078740157,64.0,186.875
2022-11-08,186.875,64,0.5039370078740157,0.4645669291338583,0.25196850393700787,0.3543307086614173,0.5039370078740157,0.35695538057742754,0.4409448818897638,0.49370078740157475,2022-11-09,0.30708661417322836,39.0,117.25
2022-11-09,117.25,39,0.30708661417322836,0.5039370078740157,0.4645669291338583,0.25196850393700787,0.4881889763779528,0.406824146981627,0.4409448818897638,0.49396325459317586,2022-11-10,0.06299212598425197,8.0,29.875
2022-11-10,29.875,8,0.06299212598425197,0.30708661417322836,0.5039370078740157,0.4645669291338583,0.5118110236220472,0.4251968503937005,0.41507311586051737,0.48451443569553804,2022-11-11,0.07086614173228346,9.0,33.708333333333336
2022-11-11,33.708333333333336,9,0.07086614173228346,0.06299212598425197,0.30708661417322836,0.5039370078740157,0.5118110236220472,0.2913385826771651,0.35095613048368957,0.4692913385826772,2022-11-12,0.4330708661417323,55.0,161.75
2022-11-12,161.75,55,0.4330708661417323,0.07086614173228346,0.06299212598425197,0.30708661417322836,0.3543307086614173,0.14698162729658767,0.28796400449943754,0.4643044619422572,2022-11-13,0.4645669291338583,59.0,172.0
2022-11-13,172.0,59,0.4645669291338583,0.4330708661417323,0.07086614173228346,0.06299212598425197,0.25196850393700787,0.18897637795275565,0.2992125984251968,0.4593175853018373,2022-11-14,0.4251968503937008,54.0,158.04166666666666
2022-11-14,158.04166666666666,54,0.4251968503937008,0.4645669291338583,0.4330708661417323,0.07086614173228346,0.4645669291338583,0.32283464566929104,0.3295838020247469,0.4535433070866141,2022-11-15,0.3700787401574803,47.0,139.5
2022-11-15,139.5,47,0.3700787401574803,0.4251968503937008,0.4645669291338583,0.4330708661417323,0.5039370078740157,0.4409448818897635,0.32395950506186727,0.44671916010498686,2022-11-16,0.2204724409448819,28.0,86.625
2022-11-16,86.625,28,0.2204724409448819,0.3700787401574803,0.4251968503937008,0.4645669291338583,0.30708661417322836,0.41994750656167956,0.30483689538807646,0.4388451443569554,2022-11-17,0.23622047244094488,30.0,91.16666666666669
2022-11-17,91.16666666666669,30,0.23622047244094488,0.2204724409448819,0.3700787401574803,0.4251968503937008,0.06299212598425197,0.338582677165354,0.2924634420697413,0.4335958005249344,2022-11-18,0.48031496062992124,61.0,179.20833333333334
2022-11-18,179.20833333333334,61,0.48031496062992124,0.23622047244094488,0.2204724409448819,0.3700787401574803,0.07086614173228346,0.27559055118110215,0.3172103487064117,0.4207349081364829,2022-11-19,0.31496062992125984,40.0,120.25
2022-11-19,120.25,40,0.31496062992125984,0.48031496062992124,0.23622047244094488,0.2204724409448819,0.4330708661417323,0.3123359580052491,0.3757030371203599,0.41574803149606304,2022-11-20,0.09448818897637795,12.0,42.0
2022-11-20,42.0,12,0.09448818897637795,0.31496062992125984,0.48031496062992124,0.23622047244094488,0.4645669291338583,0.34383202099737503,0.35883014623172105,0.4057742782152231,2022-11-21,0.29133858267716534,37.0,110.33333333333331
2022-11-21,110.33333333333331,37,0.29133858267716534,0.09448818897637795,0.31496062992125984,0.48031496062992124,0.4251968503937008,0.2965879265091861,0.30596175478065246,0.38897637795275586,2022-11-22,0.2992125984251969,38.0,115.29166666666669
2022-11-22,115.29166666666669,38,0.2992125984251969,0.29133858267716534,0.09448818897637795,0.31496062992125984,0.3700787401574803,0.23359580052493412,0.28683914510686165,0.3787401574803149,2022-11-23,0.25196850393700787,32.0,98.29166666666669
2022-11-23,98.29166666666669,32,0.25196850393700787,0.2992125984251969,0.29133858267716534,0.09448818897637795,0.2204724409448819,0.22834645669291312,0.27671541057367827,0.36929133858267715,2022-11-24,0.1732283464566929,22.0,71.16666666666667
2022-11-24,71.16666666666667,22,0.1732283464566929,0.25196850393700787,0.2992125984251969,0.29133858267716534,0.23622047244094488,0.28083989501312306,0.281214848143982,0.3582677165354331,2022-11-25,0.10236220472440945,13.0,43.583333333333336
2022-11-25,43.583333333333336,13,0.10236220472440945,0.1732283464566929,0.25196850393700787,0.2992125984251969,0.48031496062992124,0.2414698162729656,0.2722159730033746,0.3448818897637795,2022-11-26,0.25196850393700787,32.0,97.20833333333331
2022-11-26,97.20833333333331,32,0.25196850393700787,0.10236220472440945,0.1732283464566929,0.25196850393700787,0.31496062992125984,0.17585301837270315,0.21822272215973001,0.33438320209973754,2022-11-27,0.25984251968503935,33.0,101.25
2022-11-27,101.25,33,0.25984251968503935,0.25196850393700787,0.10236220472440945,0.1732283464566929,0.09448818897637795,0.17585301837270315,0.2092238470191226,0.32440944881889766,2022-11-28,0.4330708661417323,55.0,160.16666666666666
2022-11-28,160.16666666666666,55,0.4330708661417323,0.25984251968503935,0.25196850393700787,0.10236220472440945,0.29133858267716534,0.20472440944881862,0.23284589426321708,0.315748031496063,2022-11-29,0.4330708661417323,55.0,161.875
2022-11-29,161.875,55,0.4330708661417323,0.4330708661417323,0.25984251968503935,0.25196850393700787,0.2992125984251969,0.31496062992125956,0.2530933633295838,0.3223097112860892,2022-11-30,0.07086614173228346,9.0,33.708333333333336
2022-11-30,33.708333333333336,9,0.07086614173228346,0.4330708661417323,0.4330708661417323,0.25984251968503935,0.25196850393700787,0.37532808398950107,0.2722159730033746,0.33280839895013126,2022-12-01,0.44881889763779526,57.0,168.08333333333334
2022-12-01,168.08333333333334,57,0.44881889763779526,0.07086614173228346,0.4330708661417323,0.4330708661417323,0.1732283464566929,0.3123359580052491,0.24634420697412823,0.32125984251968503,2022-12-02,0.4094488188976378,52.0,154.29166666666666
2022-12-02,154.29166666666666,52,0.4094488188976378,0.44881889763779526,0.07086614173228346,0.4330708661417323,0.10236220472440945,0.31758530183727,0.2857142857142857,0.31942257217847764,2022-12-03,0.3779527559055118,48.0,143.08333333333334
2022-12-03,143.08333333333334,48,0.3779527559055118,0.4094488188976378,0.44881889763779526,0.07086614173228346,0.25196850393700787,0.30971128608923854,0.3295838020247469,0.31679790026246724,2022-12-04,0.2125984251968504,27.0,83.08333333333333
2022-12-04,83.08333333333333,27,0.2125984251968504,0.3779527559055118,0.4094488188976378,0.44881889763779526,0.25984251968503935,0.412073490813648,0.34758155230596177,0.3123359580052493,2022-12-05,0.047244094488188976,6.0,26.625
2022-12-05,26.625,6,0.047244094488188976,0.2125984251968504,0.3779527559055118,0.4094488188976378,0.4330708661417323,0.3333333333333331,0.34083239595050624,0.30236220472440944,2022-12-06,0.1732283464566929,22.0,68.58333333333333
2022-12-06,68.58333333333333,22,0.1732283464566929,0.047244094488188976,0.2125984251968504,0.3779527559055118,0.4330708661417323,0.21259842519685013,0.2857142857142857,0.2921259842519685,2022-12-07,0.3858267716535433,49.0,144.5
2022-12-07,144.5,49,0.3858267716535433,0.1732283464566929,0.047244094488188976,0.2125984251968504,0.07086614173228346,0.14435695538057716,0.2485939257592801,0.28950131233595794,2022-12-08,0.33070866141732286,42.0,124.16666666666669
2022-12-08,124.16666666666669,42,0.33070866141732286,0.3858267716535433,0.1732283464566929,0.047244094488188976,0.44881889763779526,0.2020997375328081,0.2935883014623172,0.28687664041994754,2022-12-09,0.3543307086614173,45.0,132.875
2022-12-09,132.875,45,0.3543307086614173,0.33070866141732286,0.3858267716535433,0.1732283464566929,0.4094488188976378,0.29658792650918603,0.2767154105736783,0.2811023622047244,2022-12-10,0.2125984251968504,27.0,82.91666666666667
2022-12-10,82.91666666666667,27,0.2125984251968504,0.3543307086614173,0.33070866141732286,0.3858267716535433,0.3779527559055118,0.35695538057742754,0.2688413948256468,0.2826771653543307,2022-12-11,0.3464566929133858,44.0,130.375
2022-12-11,130.375,44,0.3464566929133858,0.2125984251968504,0.3543307086614173,0.33070866141732286,0.2125984251968504,0.2992125984251966,0.2452193475815523,0.28766404199475065,2022-12-12,0.14960629921259844,19.0,61.29166666666666
2022-12-12,61.29166666666666,19,0.14960629921259844,0.3464566929133858,0.2125984251968504,0.3543307086614173,0.047244094488188976,0.30446194225721757,0.2643419572553431,0.2968503937007874,2022-12-13,0.29133858267716534,37.0,111.625
2022-12-13,111.625,37,0.29133858267716534,0.14960629921259844,0.3464566929133858,0.2125984251968504,0.1732283464566929,0.2362204724409446,0.2789651293588301,0.2874015748031496,2022-12-14,0.07874015748031496,10.0,37.625
2022-12-14,37.625,10,0.07874015748031496,0.29133858267716534,0.14960629921259844,0.3464566929133858,0.3858267716535433,0.2624671916010496,0.295838020247469,0.28162729658792646,2022-12-15,0.16535433070866143,21.0,67.79166666666667
2022-12-15,67.79166666666667,21,0.16535433070866143,0.07874015748031496,0.29133858267716534,0.14960629921259844,0.33070866141732286,0.17322834645669263,0.25196850393700787,0.27007874015748035,2022-12-16,0.41732283464566927,53.0,155.20833333333334
2022-12-16,155.20833333333334,53,0.41732283464566927,0.16535433070866143,0.07874015748031496,0.29133858267716534,0.3543307086614173,0.17847769028871363,0.22834645669291337,0.263254593175853,2022-12-17,0.2677165354330709,34.0,104.0
2022-12-17,104.0,34,0.2677165354330709,0.41732283464566927,0.16535433070866143,0.07874015748031496,0.2125984251968504,0.2204724409448816,0.23734533183352083,0.26981627296587923,2022-12-18,0.4330708661417323,55.0,160.5
2022-12-18,160.5,55,0.4330708661417323,0.2677165354330709,0.41732283464566927,0.16535433070866143,0.3464566929133858,0.2834645669291336,0.2452193475815523,0.27086614173228346,2022-12-19,0.4015748031496063,51.0,150.625
2022-12-19,150.625,51,0.4015748031496063,0.4330708661417323,0.2677165354330709,0.41732283464566927,0.14960629921259844,0.3727034120734905,0.2575928008998875,0.2692913385826772,2022-12-20,0.03937007874015748,5.0,21.916666666666668
2022-12-20,21.916666666666668,5,0.03937007874015748,0.4015748031496063,0.4330708661417323,0.2677165354330709,0.29133858267716534,0.3674540682414696,0.2935883014623172,0.2721784776902887,2022-12-21,0.2047244094488189,26.0,82.20833333333333
2022-12-21,82.20833333333333,26,0.2047244094488189,0.03937007874015748,0.4015748031496063,0.4330708661417323,0.07874015748031496,0.2913385826771651,0.2575928008998875,0.27034120734908135,2022-12-22,0.12598425196850394,16.0,54.16666666666666
2022-12-22,54.16666666666666,16,0.12598425196850394,0.2047244094488189,0.03937007874015748,0.4015748031496063,0.16535433070866143,0.2152230971128606,0.2755905511811024,0.26745406824146983,2022-12-23,0.41732283464566927,53.0,156.875
2022-12-23,156.875,53,0.41732283464566927,0.12598425196850394,0.2047244094488189,0.03937007874015748,0.41732283464566927,0.12335958005249316,0.26996625421822273,0.26167979002624675,2022-12-24,0.3700787401574803,47.0,140.16666666666666
2022-12-24,140.16666666666666,47,0.3700787401574803,0.41732283464566927,0.12598425196850394,0.2047244094488189,0.2677165354330709,0.24934383202099708,0.26996625421822273,0.2671916010498688,2022-12-25,0.41732283464566927,53.0,156.79166666666666
2022-12-25,156.79166666666666,53,0.41732283464566927,0.3700787401574803,0.41732283464566927,0.12598425196850394,0.4330708661417323,0.3044619422572175,0.2845894263217098,0.273753280839895,2022-12-26,0.4330708661417323,55.0,160.16666666666666
2022-12-26,160.16666666666666,55,0.4330708661417323,0.41732283464566927,0.3700787401574803,0.41732283464566927,0.4015748031496063,0.40157480314960603,0.2823397075365579,0.284251968503937,2022-12-27,0.3779527559055118,48.0,142.75
2022-12-27,142.75,48,0.3779527559055118,0.4330708661417323,0.41732283464566927,0.3700787401574803,0.03937007874015748,0.406824146981627,0.28683914510686165,0.2902887139107611,2022-12-28,0.41732283464566927,53.0,156.75
2022-12-28,156.75,53,0.41732283464566927,0.3779527559055118,0.4330708661417323,0.41732283464566927,0.2047244094488189,0.4094488188976375,0.33520809898762655,0.2942257217847769,2022-12-29,0.3779527559055118,48.0,143.16666666666666
2022-12-29,143.16666666666666,48,0.3779527559055118,0.41732283464566927,0.3779527559055118,0.4330708661417323,0.12598425196850394,0.4094488188976375,0.3655793025871766,0.2937007874015748,2022-12-30,0.18110236220472442,23.0,72.125
2022-12-30,72.125,23,0.18110236220472442,0.3779527559055118,0.41732283464566927,0.3779527559055118,0.41732283464566927,0.391076115485564,0.40157480314960636,0.2918635170603674,2022-12-31,0.03937007874015748,5.0,22.75
2022-12-31,22.75,5,0.03937007874015748,0.18110236220472442,0.3779527559055118,0.41732283464566927,0.3700787401574803,0.32545931758530156,0.3678290213723284,0.29553805774278213,2023-01-01,0.3228346456692913,41.0,122.875
2023-01-01,122.875,41,0.3228346456692913,0.03937007874015748,0.18110236220472442,0.3779527559055118,0.41732283464566927,0.19947506561679762,0.3205849268841394,0.28188976377952757,2023-01-02,0.3937007874015748,50.0,148.08333333333334
2023-01-02,148.08333333333334,50,0.3937007874015748,0.3228346456692913,0.03937007874015748,0.18110236220472442,0.4330708661417323,0.18110236220472412,0.30708661417322836,0.279002624671916,2023-01-03,0.3464566929133858,44.0,131.16666666666666
2023-01-03,131.16666666666666,44,0.3464566929133858,0.3937007874015748,0.3228346456692913,0.03937007874015748,0.3779527559055118,0.2519685039370076,0.30146231721034866,0.2795275590551181,2023-01-04,0.031496062992125984,4.0,20.83333333333333
2023-01-04,20.83333333333333,4,0.031496062992125984,0.3464566929133858,0.3937007874015748,0.3228346456692913,0.41732283464566927,0.35433070866141697,0.296962879640045,0.28398950131233597,2023-01-05,0.33858267716535434,43.0,128.45833333333334
2023-01-05,128.45833333333334,43,0.33858267716535434,0.031496062992125984,0.3464566929133858,0.3937007874015748,0.3779527559055118,0.2572178477690286,0.24184476940382454,0.2834645669291339,2023-01-06,0.4330708661417323,55.0,161.25
2023-01-06,161.25,55,0.4330708661417323,0.33858267716535434,0.031496062992125984,0.3464566929133858,0.18110236220472442,0.2388451443569551,0.23622047244094488,0.28897637795275594,2023-01-07,0.4251968503937008,54.0,157.58333333333334
2023-01-07,157.58333333333334,54,0.4251968503937008,0.4330708661417323,0.33858267716535434,0.031496062992125984,0.03937007874015748,0.2677165354330706,0.2722159730033746,0.29055118110236217,2023-01-08,0.29133858267716534,37.0,110.5
2023-01-08,110.5,37,0.29133858267716534,0.4251968503937008,0.4330708661417323,0.33858267716535434,0.3228346456692913,0.3989501312335955,0.32733408323959506,0.2937007874015748,2023-01-09,0.4330708661417323,55.0,160.125
2023-01-09,160.125,55,0.4330708661417323,0.29133858267716534,0.4251968503937008,0.4330708661417323,0.3937007874015748,0.38320209973753255,0.3228346456692913,0.2916010498687664,2023-01-10,0.4330708661417323,55.0,162.45833333333334
2023-01-10,162.45833333333334,55,0.4330708661417323,0.4330708661417323,0.29133858267716534,0.4251968503937008,0.3464566929133858,0.38320209973753255,0.32845894263217096,0.2989501312335958,2023-01-11,0.3779527559055118,48.0,141.95833333333334
2023-01-11,141.95833333333334,48,0.3779527559055118,0.4330708661417323,0.4330708661417323,0.29133858267716534,0.031496062992125984,0.38582677165354307,0.34083239595050624,0.30183727034120733,2023-01-12,0.2125984251968504,27.0,82.29166666666667
2023-01-12,82.29166666666667,27,0.2125984251968504,0.3779527559055118,0.4330708661417323,0.4330708661417323,0.33858267716535434,0.4146981627296585,0.39032620922384703,0.30944881889763776,2023-01-13,0.2440944881889764,31.0,94.41666666666669
2023-01-13,94.41666666666669,31,0.2440944881889764,0.2125984251968504,0.3779527559055118,0.4330708661417323,0.4330708661417323,0.3412073490813645,0.37232845894263217,0.30682414698162735,2023-01-14,0.3937007874015748,50.0,147.375
2023-01-14,147.375,50,0.3937007874015748,0.2440944881889764,0.2125984251968504,0.3779527559055118,0.4251968503937008,0.2782152230971126,0.3453318335208099,0.3123359580052493,2023-01-15,0.47244094488188976,60.0,174.0
2023-01-15,174.0,60,0.47244094488188976,0.3937007874015748,0.2440944881889764,0.2125984251968504,0.29133858267716534,0.2834645669291336,0.34083239595050624,0.31994750656167975,2023-01-16,0.41732283464566927,53.0,156.08333333333334
2023-01-16,156.08333333333334,53,0.41732283464566927,0.47244094488188976,0.3937007874015748,0.2440944881889764,0.4330708661417323,0.37007874015748005,0.3667041619797526,0.32178477690288715,2023-01-17,0.3937007874015748,50.0,147.25
2023-01-17,147.25,50,0.3937007874015748,0.41732283464566927,0.47244094488188976,0.3937007874015748,0.4330708661417323,0.427821522309711,0.3644544431946007,0.3267716535433071,2023-01-18,0.15748031496062992,20.0,64.91666666666667
2023-01-18,64.91666666666667,20,0.15748031496062992,0.3937007874015748,0.41732283464566927,0.47244094488188976,0.3779527559055118,0.427821522309711,0.35883014623172105,0.32545931758530183,2023-01-19,0.2047244094488189,26.0,82.04166666666667
2023-01-19,82.04166666666667,26,0.2047244094488189,0.15748031496062992,0.3937007874015748,0.41732283464566927,0.2125984251968504,0.32283464566929104,0.3273340832395951,0.3173228346456693,2023-01-20,0.4251968503937008,54.0,158.16666666666666
2023-01-20,158.16666666666666,54,0.4251968503937008,0.2047244094488189,0.15748031496062992,0.3937007874015748,0.2440944881889764,0.2519685039370076,0.3262092238470191,0.3228346456692914,2023-01-21,0.12598425196850394,16.0,53.958333333333336
2023-01-21,53.958333333333336,16,0.12598425196850394,0.4251968503937008,0.2047244094488189,0.15748031496062992,0.3937007874015748,0.26246719160104964,0.35208098987626546,0.33018372703412074,2023-01-22,0.007874015748031496,1.0,11.791666666666666
2023-01-22,11.791666666666666,1,0.007874015748031496,0.12598425196850394,0.4251968503937008,0.2047244094488189,0.47244094488188976,0.25196850393700765,0.3138357705286839,0.33018372703412074,2023-01-23,0.48031496062992124,61.0,178.875
2023-01-23,178.875,61,0.48031496062992124,0.007874015748031496,0.12598425196850394,0.4251968503937008,0.41732283464566927,0.18635170603674514,0.24746906636670415,0.3165354330708662,2023-01-24,0.4881889763779528,62.0,181.375
2023-01-24,181.375,62,0.4881889763779528,0.48031496062992124,0.007874015748031496,0.12598425196850394,0.3937007874015748,0.20472440944881862,0.25646794150731156,0.32020997375328086,2023-01-25,0.11811023622047244,15.0,49.833333333333336
2023-01-25,49.833333333333336,15,0.11811023622047244,0.4881889763779528,0.48031496062992124,0.007874015748031496,0.15748031496062992,0.32545931758530156,0.26996625421822273,0.32257217847769026,2023-01-26,0.49606299212598426,63.0,184.20833333333331
2023-01-26,184.20833333333331,63,0.49606299212598426,0.11811023622047244,0.4881889763779528,0.48031496062992124,0.2047244094488189,0.36220472440944856,0.2643419572553431,0.3120734908136483,2023-01-27,0.48031496062992124,61.0,177.16666666666666
2023-01-27,177.16666666666666,61,0.48031496062992124,0.49606299212598426,0.11811023622047244,0.4881889763779528,0.4251968503937008,0.36745406824146953,0.3059617547806524,0.316010498687664,2023-01-28,0.4566929133858268,58.0,170.04166666666666
2023-01-28,170.04166666666666,58,0.4566929133858268,0.48031496062992124,0.49606299212598426,0.11811023622047244,0.12598425196850394,0.364829396325459,0.31383577052868394,0.31811023622047246,2023-01-29,0.06299212598425197,8.0,30.166666666666668
2023-01-29,30.166666666666668,8,0.06299212598425197,0.4566929133858268,0.48031496062992124,0.49606299212598426,0.007874015748031496,0.4776902887139105,0.3610798650168729,0.320734908136483,2023-01-30,0.2677165354330709,34.0,101.79166666666669
2023-01-30,101.79166666666669,34,0.2677165354330709,0.06299212598425197,0.4566929133858268,0.48031496062992124,0.48031496062992124,0.3333333333333331,0.3689538807649044,0.3167979002624672,2023-01-31,0.2677165354330709,34.0,102.125
2023-01-31,102.125,34,0.2677165354330709,0.2677165354330709,0.06299212598425197,0.4566929133858268,0.4881889763779528,0.26246719160104964,0.33858267716535434,0.3244094488188976,2023-02-01,0.44881889763779526,57.0,168.04166666666666
2023-02-01,168.04166666666666,57,0.44881889763779526,0.2677165354330709,0.2677165354330709,0.06299212598425197,0.11811023622047244,0.19947506561679762,0.30708661417322836,0.3225721784776903,2023-02-02,0.28346456692913385,36.0,108.79166666666669
2023-02-02,108.79166666666669,36,0.28346456692913385,0.44881889763779526,0.2677165354330709,0.2677165354330709,0.49606299212598426,0.32808398950131207,0.3543307086614173,0.32440944881889766,2023-02-03,0.2992125984251969,38.0,114.75
2023-02-03,114.75,38,0.2992125984251969,0.28346456692913385,0.44881889763779526,0.2677165354330709,0.48031496062992124,0.3333333333333331,0.32395950506186727,0.3223097112860892,2023-02-04,0.5433070866141733,69.0,199.45833333333331
2023-02-04,199.45833333333331,69,0.5433070866141733,0.2992125984251969,0.28346456692913385,0.44881889763779526,0.4566929133858268,0.34383202099737503,0.2980877390326209,0.3312335958005249,2023-02-05,0.31496062992125984,40.0,120.5
2023-02-05,120.5,40,0.31496062992125984,0.5433070866141733,0.2992125984251969,0.28346456692913385,0.06299212598425197,0.37532808398950107,0.31046119235095615,0.3380577427821522,2023-02-06,0.5511811023622047,70.0,203.45833333333331
2023-02-06,203.45833333333331,70,0.5511811023622047,0.31496062992125984,0.5433070866141733,0.2992125984251969,0.2677165354330709,0.38582677165354307,0.3464566929133858,0.33412073490813654,2023-02-07,0.5196850393700787,66.0,191.375
2023-02-07,191.375,66,0.5196850393700787,0.5511811023622047,0.31496062992125984,0.5433070866141733,0.2677165354330709,0.469816272965879,0.3869516310461192,0.3383202099737533,2023-02-08,0.44881889763779526,57.0,167.29166666666666
2023-02-08,167.29166666666666,57,0.44881889763779526,0.5196850393700787,0.5511811023622047,0.31496062992125984,0.44881889763779526,0.46194225721784754,0.42294713160854897,0.34593175853018376,2023-02-09,0.3937007874015748,50.0,146.58333333333334
2023-02-09,146.58333333333334,50,0.3937007874015748,0.44881889763779526,0.5196850393700787,0.5511811023622047,0.28346456692913385,0.506561679790026,0.42294713160854897,0.3464566929133858,2023-02-10,0.13385826771653545,17.0,55.375
2023-02-10,55.375,17,0.13385826771653545,0.3937007874015748,0.44881889763779526,0.5196850393700787,0.2992125984251969,0.454068241469816,0.43869516310461193,0.34514435695538054,2023-02-11,0.031496062992125984,4.0,20.08333333333333
2023-02-11,20.08333333333333,4,0.031496062992125984,0.13385826771653545,0.3937007874015748,0.44881889763779526,0.5433070866141733,0.3254593175853016,0.41507311586051737,0.3370078740157481,2023-02-12,0.16535433070866143,21.0,65.875
2023-02-12,65.875,21,0.16535433070866143,0.031496062992125984,0.13385826771653545,0.3937007874015748,0.31496062992125984,0.18635170603674514,0.34195725534308213,0.3309711286089239,2023-02-13,0.5905511811023622,75.0,217.33333333333331
2023-02-13,217.33333333333331,75,0.5905511811023622,0.16535433070866143,0.031496062992125984,0.13385826771653545,0.5511811023622047,0.1102362204724407,0.3205849268841395,0.3283464566929134,2023-02-14,0.5826771653543307,74.0,214.79166666666663
2023-02-14,214.79166666666663,74,0.5826771653543307,0.5905511811023622,0.16535433070866143,0.031496062992125984,0.5196850393700787,0.2624671916010496,0.3262092238470191,0.33490813648293966,2023-02-15,0.47244094488188976,60.0,174.45833333333334
2023-02-15,174.45833333333334,60,0.47244094488188976,0.5826771653543307,0.5905511811023622,0.16535433070866143,0.44881889763779526,0.4461942257217844,0.33520809898762655,0.33858267716535434,2023-02-16,0.5354330708661418,68.0,197.58333333333331
2023-02-16,197.58333333333331,68,0.5354330708661418,0.47244094488188976,0.5826771653543307,0.5905511811023622,0.3937007874015748,0.548556430446194,0.3385826771653543,0.3404199475065617,2023-02-17,0.2047244094488189,26.0,81.875
2023-02-17,81.875,26,0.2047244094488189,0.5354330708661418,0.47244094488188976,0.5826771653543307,0.13385826771653545,0.5301837270341204,0.35883014623172105,0.34514435695538054,2023-02-18,0.6299212598425197,80.0,232.0
2023-02-18,232.0,80,0.6299212598425197,0.2047244094488189,0.5354330708661418,0.47244094488188976,0.031496062992125984,0.4041994750656166,0.36895388076490443,0.3467191601049869,2023-02-19,0.44881889763779526,57.0,167.70833333333334
2023-02-19,167.70833333333334,57,0.44881889763779526,0.6299212598425197,0.2047244094488189,0.5354330708661418,0.16535433070866143,0.45669291338582657,0.4544431946006749,0.36089238845144356,2023-02-20,0.5039370078740157,64.0,187.08333333333331
2023-02-20,187.08333333333331,64,0.5039370078740157,0.44881889763779526,0.6299212598425197,0.2047244094488189,0.5905511811023622,0.42782152230971104,0.4949381327334083,0.36167979002624673,2023-02-21,0.3858267716535433,49.0,144.16666666666666
2023-02-21,144.16666666666666,49,0.3858267716535433,0.5039370078740157,0.44881889763779526,0.6299212598425197,0.5826771653543307,0.52755905511811,0.48256467941507314,0.3742782152230971,2023-02-22,0.5984251968503937,76.0,220.25
2023-02-22,220.25,76,0.5984251968503937,0.3858267716535433,0.5039370078740157,0.44881889763779526,0.47244094488188976,0.4461942257217846,0.4544431946006749,0.38687664041994746,2023-02-23,0.4409448818897638,56.0,164.25
2023-02-23,164.25,56,0.4409448818897638,0.5984251968503937,0.3858267716535433,0.5039370078740157,0.5354330708661418,0.49606299212598404,0.47244094488188976,0.39081364829396326,2023-02-24,0.4251968503937008,54.0,157.875
2023-02-24,157.875,54,0.4251968503937008,0.4409448818897638,0.5984251968503937,0.3858267716535433,0.2047244094488189,0.4750656167979,0.45894263217097864,0.38923884514435697,2023-02-25,0.4409448818897638,56.0,165.20833333333334
2023-02-25,165.20833333333334,56,0.4409448818897638,0.4251968503937008,0.4409448818897638,0.5984251968503937,0.6299212598425197,0.48818897637795255,0.4904386951631046,0.3994750656167979,2023-02-26,0.44881889763779526,57.0,166.79166666666666
2023-02-26,166.79166666666666,57,0.44881889763779526,0.4409448818897638,0.4251968503937008,0.4409448818897638,0.44881889763779526,0.4356955380577426,0.4634420697412823,0.39763779527559057,2023-02-27,0.5433070866141733,69.0,200.625
2023-02-27,200.625,69,0.5433070866141733,0.44881889763779526,0.4409448818897638,0.4251968503937008,0.5039370078740157,0.4383202099737531,0.4634420697412823,0.3965879265091863,2023-02-28,0.5118110236220472,65.0,189.41666666666663
2023-02-28,189.41666666666663,65,0.5118110236220472,0.5433070866141733,0.44881889763779526,0.4409448818897638,0.3858267716535433,0.4776902887139105,0.46906636670416196,0.3994750656167979,2023-03-01,0.3700787401574803,47.0,138.95833333333334
2023-03-01,138.95833333333334,47,0.3700787401574803,0.5118110236220472,0.5433070866141733,0.44881889763779526,0.5984251968503937,0.5013123359580051,0.4870641169853768,0.41443569553805776,2023-03-02,0.33070866141732286,42.0,125.79166666666669
2023-03-02,125.79166666666669,42,0.33070866141732286,0.3700787401574803,0.5118110236220472,0.5433070866141733,0.4409448818897638,0.4750656167979001,0.45444319460067495,0.41784776902887144,2023-03-03,0.3858267716535433,49.0,145.25
2023-03-03,145.25,49,0.3858267716535433,0.33070866141732286,0.3700787401574803,0.5118110236220472,0.4251968503937008,0.4041994750656166,0.43869516310461193,0.41994750656167973,2023-03-04,0.5984251968503937,76.0,218.29166666666663
2023-03-04,218.29166666666663,76,0.5984251968503937,0.3858267716535433,0.33070866141732286,0.3700787401574803,0.4409448818897638,0.3622047244094486,0.4330708661417323,0.41784776902887144,2023-03-05,0.6771653543307087,86.0,248.45833333333331
2023-03-05,248.45833333333331,86,0.6771653543307087,0.5984251968503937,0.3858267716535433,0.33070866141732286,0.44881889763779526,0.4383202099737531,0.45556805399325084,0.4283464566929134,2023-03-06,0.5118110236220472,65.0,189.375
2023-03-06,189.375,65,0.5118110236220472,0.6771653543307087,0.5984251968503937,0.3858267716535433,0.5433070866141733,0.553805774278215,0.4881889763779528,0.4409448818897638,2023-03-07,0.6456692913385826,82.0,237.54166666666663
2023-03-07,237.54166666666663,82,0.6456692913385826,0.5118110236220472,0.6771653543307087,0.5984251968503937,0.5118110236220472,0.5958005249343831,0.4836895388076491,0.43989501312335955,2023-03-08,0.7086614173228346,90.0,257.7083333333333
2023-03-08,257.7083333333333,90,0.7086614173228346,0.6456692913385826,0.5118110236220472,0.6771653543307087,0.3700787401574803,0.611548556430446,0.5028121484814398,0.45091863517060365,2023-03-09,0.4645669291338583,59.0,172.54166666666666
2023-03-09,172.54166666666666,59,0.4645669291338583,0.7086614173228346,0.6456692913385826,0.5118110236220472,0.33070866141732286,0.6220472440944879,0.5511811023622047,0.4561679790026247,2023-03-10,0.10236220472440945,13.0,45.583333333333336
2023-03-10,45.583333333333336,13,0.10236220472440945,0.4645669291338583,0.7086614173228346,0.6456692913385826,0.3858267716535433,0.606299212598425,0.5703037120359955,0.4543307086614173,2023-03-11,0.7086614173228346,90.0,258.3333333333333
2023-03-11,258.3333333333333,90,0.7086614173228346,0.10236220472440945,0.4645669291338583,0.7086614173228346,0.5984251968503937,0.42519685039370053,0.5298087739032621,0.4427821522309711,2023-03-12,0.1889763779527559,24.0,75.54166666666667
2023-03-12,75.54166666666667,24,0.1889763779527559,0.7086614173228346,0.10236220472440945,0.4645669291338583,0.6771653543307087,0.42519685039370053,0.545556805399325,0.45328083989501317,2023-03-13,0.4566929133858268,58.0,170.95833333333334
2023-03-13,170.95833333333334,58,0.4566929133858268,0.1889763779527559,0.7086614173228346,0.10236220472440945,0.5118110236220472,0.3333333333333331,0.47581552305961755,0.45511811023622045,2023-03-14,0.7480314960629921,95.0,272.5
2023-03-14,272.5,95,0.7480314960629921,0.4566929133858268,0.1889763779527559,0.7086614173228346,0.6456692913385826,0.45144356955380555,0.46794150731158607,0.4692913385826772,2023-03-15,0.7637795275590551,97.0,276.9583333333333
2023-03-15,276.9583333333333,97,0.7637795275590551,0.7480314960629921,0.4566929133858268,0.1889763779527559,0.7086614173228346,0.46456692913385805,0.48256467941507314,0.48871391076115483,2023-03-16,0.7559055118110236,96.0,273.75
2023-03-16,273.75,96,0.7559055118110236,0.7637795275590551,0.7480314960629921,0.4566929133858268,0.4645669291338583,0.6561679790026244,0.4904386951631046,0.494488188976378,2023-03-17,0.5118110236220472,65.0,188.25
2023-03-17,188.25,65,0.5118110236220472,0.7559055118110236,0.7637795275590551,0.7480314960629921,0.10236220472440945,0.7559055118110235,0.5320584926884139,0.5002624671916011,2023-03-18,0.3543307086614173,45.0,132.58333333333334
2023-03-18,132.58333333333334,45,0.3543307086614173,0.5118110236220472,0.7559055118110236,0.7637795275590551,0.7086614173228346,0.6771653543307085,0.5905511811023622,0.5015748031496063,2023-03-19,0.7244094488188977,92.0,263.0416666666667
2023-03-19,263.0416666666667,92,0.7244094488188977,0.3543307086614173,0.5118110236220472,0.7559055118110236,0.1889763779527559,0.5406824146981625,0.5399325084364455,0.49553805774278215,2023-03-20,0.7716535433070866,98.0,280.0833333333333
2023-03-20,280.0833333333333,98,0.7716535433070866,0.7244094488188977,0.3543307086614173,0.5118110236220472,0.4566929133858268,0.5301837270341205,0.6164229471316085,0.5128608923884515,2023-03-21,0.6614173228346457,84.0,242.66666666666663
2023-03-21,242.66666666666663,84,0.6614173228346457,0.7716535433070866,0.7244094488188977,0.3543307086614173,0.7480314960629921,0.616797900262467,0.6614173228346456,0.5175853018372704,2023-03-22,0.4330708661417323,55.0,161.25
2023-03-22,161.25,55,0.4330708661417323,0.6614173228346457,0.7716535433070866,0.7244094488188977,0.7637795275590551,0.7191601049868764,0.6490438695163104,0.5246719160104987,2023-03-23,0.7322834645669292,93.0,265.4583333333333
2023-03-23,265.4583333333333,93,0.7322834645669292,0.4330708661417323,0.6614173228346457,0.7716535433070866,0.7559055118110236,0.622047244094488,0.6017997750281214,0.5223097112860892,2023-03-24,0.7559055118110236,96.0,275.3333333333333
2023-03-24,275.3333333333333,96,0.7559055118110236,0.7322834645669292,0.4330708661417323,0.6614173228346457,0.5118110236220472,0.6089238845144355,0.5984251968503937,0.5338582677165354,2023-03-25,0.49606299212598426,63.0,184.125
2023-03-25,184.125,63,0.49606299212598426,0.7559055118110236,0.7322834645669292,0.4330708661417323,0.3543307086614173,0.6404199475065614,0.6332958380202475,0.5391076115485565,2023-03-26,0.4015748031496063,51.0,151.33333333333334
2023-03-26,151.33333333333334,51,0.4015748031496063,0.49606299212598426,0.7559055118110236,0.7322834645669292,0.7244094488188977,0.6614173228346455,0.6535433070866141,0.5409448818897639,2023-03-27,0.2992125984251969,38.0,114.75
2023-03-27,114.75,38,0.2992125984251969,0.4015748031496063,0.49606299212598426,0.7559055118110236,0.7716535433070866,0.5511811023622045,0.6074240719910012,0.5401574803149606,2023-03-28,0.2677165354330709,34.0,103.25
2023-03-28,103.25,34,0.2677165354330709,0.2992125984251969,0.4015748031496063,0.49606299212598426,0.6614173228346457,0.39895013123359563,0.5399325084364455,0.5354330708661418,2023-03-29,0.6692913385826772,85.0,243.54166666666663
2023-03-29,243.54166666666663,85,0.6692913385826772,0.2677165354330709,0.2992125984251969,0.4015748031496063,0.4330708661417323,0.32283464566929115,0.4836895388076491,0.5293963254593176,2023-03-30,0.8188976377952756,104.0,296.5
2023-03-30,296.5,104,0.8188976377952756,0.6692913385826772,0.2677165354330709,0.2992125984251969,0.7322834645669292,0.41207349081364814,0.5174353205849268,0.5335958005249345,2023-03-31,0.7401574803149606,94.0,268.625
2023-03-31,268.625,94,0.7401574803149606,0.8188976377952756,0.6692913385826772,0.2677165354330709,0.7559055118110236,0.585301837270341,0.5298087739032622,0.5438320209973753,2023-04-01,0.41732283464566927,53.0,156.5
2023-04-01,156.5,53,0.41732283464566927,0.7401574803149606,0.8188976377952756,0.6692913385826772,0.49606299212598426,0.742782152230971,0.5275590551181102,0.5561679790026247,2023-04-02,0.7637795275590551,97.0,276.625
2023-04-02,276.625,97,0.7637795275590551,0.41732283464566927,0.7401574803149606,0.8188976377952756,0.4015748031496063,0.6587926509186349,0.5163104611923509,0.5590551181102363,2023-04-03,0.2283464566929134,29.0,88.04166666666667
2023-04-03,88.04166666666667,29,0.2283464566929134,0.7637795275590551,0.41732283464566927,0.7401574803149606,0.2992125984251969,0.6404199475065614,0.5680539932508436,0.5716535433070865,2023-04-04,0.5433070866141733,69.0,200.5
2023-04-04,200.5,69,0.5433070866141733,0.2283464566929134,0.7637795275590551,0.41732283464566927,0.2677165354330709,0.469816272965879,0.5579302587176603,0.5593175853018373,2023-04-05,0.6850393700787402,87.0,250.75
2023-04-05,250.75,87,0.6850393700787402,0.5433070866141733,0.2283464566929134,0.7637795275590551,0.6692913385826772,0.5118110236220471,0.5973003374578177,0.5548556430446195,2023-04-06,0.6220472440944882,79.0,227.70833333333331
2023-04-06,227.70833333333331,79,0.6220472440944882,0.6850393700787402,0.5433070866141733,0.2283464566929134,0.8188976377952756,0.48556430446194204,0.5995500562429695,0.5606299212598426,2023-04-07,0.7322834645669292,93.0,267.2916666666667
2023-04-07,267.2916666666667,93,0.7322834645669292,0.6220472440944882,0.6850393700787402,0.5433070866141733,0.7401574803149606,0.616797900262467,0.5714285714285714,0.5598425196850393,2023-04-08,0.08661417322834646,11.0,38.79166666666666
2023-04-08,38.79166666666666,11,0.08661417322834646,0.7322834645669292,0.6220472440944882,0.6850393700787402,0.41732283464566927,0.679790026246719,0.5703037120359955,0.5606299212598425,2023-04-09,0.6062992125984252,77.0,223.41666666666663
2023-04-09,223.41666666666663,77,0.6062992125984252,0.08661417322834646,0.7322834645669292,0.6220472440944882,0.7637795275590551,0.4803149606299211,0.5230596175478065,0.5480314960629921,2023-04-10,0.7637795275590551,97.0,277.1666666666667
2023-04-10,277.1666666666667,97,0.7637795275590551,0.6062992125984252,0.08661417322834646,0.7322834645669292,0.2283464566929134,0.4750656167979,0.500562429696288,0.5648293963254594,2023-04-11,0.8661417322834646,110.0,314.9583333333333
2023-04-11,314.9583333333333,110,0.8661417322834646,0.7637795275590551,0.6062992125984252,0.08661417322834646,0.5433070866141733,0.485564304461942,0.5770528683914511,0.5666666666666668,2023-04-12,0.84251968503937,107.0,305.0
2023-04-12,305.0,107,0.84251968503937,0.8661417322834646,0.7637795275590551,0.6062992125984252,0.6850393700787402,0.7454068241469813,0.6231721034870642,0.5892388451443569,2023-04-13,0.33070866141732286,42.0,126.16666666666669
2023-04-13,126.16666666666669,42,0.33070866141732286,0.84251968503937,0.8661417322834646,0.7637795275590551,0.6220472440944882,0.8241469816272963,0.6456692913385826,0.6020997375328084,2023-04-14,0.6535433070866141,83.0,239.5
2023-04-14,239.5,83,0.6535433070866141,0.33070866141732286,0.84251968503937,0.8661417322834646,0.7322834645669292,0.679790026246719,0.6040494938132734,0.5881889763779528,2023-04-15,0.8582677165354331,109.0,309.9166666666667
2023-04-15,309.9166666666667,109,0.8582677165354331,0.6535433070866141,0.33070866141732286,0.84251968503937,0.08661417322834646,0.6089238845144355,0.592800899887514,0.5845144356955381,2023-04-16,0.6929133858267716,88.0,251.5
2023-04-16,251.5,88,0.6929133858267716,0.8582677165354331,0.6535433070866141,0.33070866141732286,0.6062992125984252,0.6141732283464565,0.703037120359955,0.5879265091863517,2023-04-17,0.8267716535433071,105.0,300.625
2023-04-17,300.625,105,0.8267716535433071,0.6929133858267716,0.8582677165354331,0.6535433070866141,0.7637795275590551,0.7349081364829394,0.7154105736782902,0.5939632545931758,2023-04-18,0.9133858267716536,116.0,330.625
2023-04-18,330.625,116,0.9133858267716536,0.8267716535433071,0.6929133858267716,0.8582677165354331,0.8661417322834646,0.7926509186351703,0.7244094488188976,0.6097112860892389,2023-04-19,0.8976377952755905,114.0,324.5
2023-04-19,324.5,114,0.8976377952755905,0.9133858267716536,0.8267716535433071,0.6929133858267716,0.84251968503937,0.8110236220472439,0.7311586051743533,0.6160104986876641,2023-04-20,0.8818897637795275,112.0,319.8333333333333
2023-04-20,319.8333333333333,112,0.8818897637795275,0.8976377952755905,0.9133858267716536,0.8267716535433071,0.33070866141732286,0.8792650918635169,0.7390326209223846,0.6202099737532809,2023-04-21,0.8818897637795275,112.0,319.875
2023-04-21,319.875,112,0.8818897637795275,0.8818897637795275,0.8976377952755905,0.9133858267716536,0.6535433070866141,0.8976377952755903,0.8177727784026996,0.6275590551181103,2023-04-22,0.7086614173228346,90.0,257.125
2023-04-22,257.125,90,0.7086614173228346,0.8818897637795275,0.8818897637795275,0.8976377952755905,0.8582677165354331,0.8871391076115483,0.8503937007874016,0.6425196850393701,2023-04-23,0.905511811023622,115.0,326.875
2023-04-23,326.875,115,0.905511811023622,0.7086614173228346,0.8818897637795275,0.8818897637795275,0.6929133858267716,0.8241469816272963,0.8290213723284588,0.6417322834645669,2023-04-24,0.5748031496062992,73.0,210.91666666666663
2023-04-24,210.91666666666663,73,0.5748031496062992,0.905511811023622,0.7086614173228346,0.8818897637795275,0.8267716535433071,0.8320209973753278,0.859392575928009,0.6467191601049869,2023-04-25,0.30708661417322836,39.0,117.625
2023-04-25,117.625,39,0.30708661417322836,0.5748031496062992,0.905511811023622,0.7086614173228346,0.9133858267716536,0.7296587926509184,0.8233970753655793,0.6493438320209974,2023-04-26,0.49606299212598426,63.0,184.41666666666663
2023-04-26,184.41666666666663,63,0.49606299212598426,0.30708661417322836,0.5748031496062992,0.905511811023622,0.8976377952755905,0.595800524934383,0.7367829021372329,0.6461942257217849,2023-04-27,0.4015748031496063,51.0,150.83333333333334
2023-04-27,150.83333333333334,51,0.4015748031496063,0.49606299212598426,0.30708661417322836,0.5748031496062992,0.8818897637795275,0.45931758530183703,0.6794150731158606,0.652755905511811,2023-04-28,0.6692913385826772,85.0,243.83333333333331
2023-04-28,243.83333333333331,85,0.6692913385826772,0.4015748031496063,0.49606299212598426,0.30708661417322836,0.8818897637795275,0.4015748031496061,0.6107986501687289,0.6572178477690289,2023-04-29,0.6692913385826772,85.0,245.91666666666663
2023-04-29,245.91666666666663,85,0.6692913385826772,0.6692913385826772,0.4015748031496063,0.49606299212598426,0.7086614173228346,0.522309711286089,0.5804274465691789,0.6572178477690289,2023-04-30,0.6850393700787402,87.0,250.125
2023-04-30,250.125,87,0.6850393700787402,0.6692913385826772,0.6692913385826772,0.4015748031496063,0.905511811023622,0.58005249343832,0.5748031496062992,0.6522309711286091,2023-05-01,0.889763779527559,113.0,321.25
2023-05-01,321.25,113,0.889763779527559,0.6850393700787402,0.6692913385826772,0.6692913385826772,0.5748031496062992,0.674540682414698,0.5433070866141733,0.6503937007874016,2023-05-02,0.952755905511811,121.0,344.5833333333333
2023-05-02,344.5833333333333,121,0.952755905511811,0.889763779527559,0.6850393700787402,0.6692913385826772,0.30708661417322836,0.7480314960629918,0.5883014623172104,0.6661417322834644,2023-05-03,0.9606299212598425,122.0,348.25
2023-05-03,348.25,122,0.9606299212598425,0.952755905511811,0.889763779527559,0.6850393700787402,0.49606299212598426,0.8425196850393698,0.6805399325084364,0.6724409448818898,2023-05-04,0.9212598425196851,117.0,332.375
2023-05-04,332.375,117,0.9212598425196851,0.9606299212598425,0.952755905511811,0.889763779527559,0.4015748031496063,0.9343832020997372,0.7469066366704161,0.6968503937007874,2023-05-05,0.31496062992125984,40.0,118.54166666666669
2023-05-05,118.54166666666669,40,0.31496062992125984,0.9212598425196851,0.9606299212598425,0.952755905511811,0.6692913385826772,0.9448818897637793,0.8211473565804274,0.7094488188976378,2023-05-06,0.2283464566929134,29.0,88.41666666666667
2023-05-06,88.41666666666667,29,0.2283464566929134,0.31496062992125984,0.9212598425196851,0.9606299212598425,0.6692913385826772,0.7322834645669288,0.7705286839145107,0.6971128608923884,2023-05-07,0.6850393700787402,87.0,248.91666666666663
2023-05-07,248.91666666666663,87,0.6850393700787402,0.2283464566929134,0.31496062992125984,0.9212598425196851,0.6850393700787402,0.4881889763779525,0.7075365579302587,0.683989501312336,2023-05-08,0.7952755905511811,101.0,289.4583333333333
2023-05-08,289.4583333333333,101,0.7952755905511811,0.6850393700787402,0.2283464566929134,0.31496062992125984,0.889763779527559,0.4094488188976375,0.7075365579302587,0.6824146981627297,2023-05-09,0.7874015748031497,100.0,286.3333333333333
2023-05-09,286.3333333333333,100,0.7874015748031497,0.7952755905511811,0.6850393700787402,0.2283464566929134,0.952755905511811,0.5695538057742779,0.6940382452193475,0.706036745406824,2023-05-10,0.5354330708661418,68.0,198.29166666666663
2023-05-10,198.29166666666663,68,0.5354330708661418,0.7874015748031497,0.7952755905511811,0.6850393700787402,0.9606299212598425,0.7559055118110235,0.6704161979752531,0.7120734908136482,2023-05-11,0.6692913385826772,85.0,244.375
2023-05-11,244.375,85,0.6692913385826772,0.5354330708661418,0.7874015748031497,0.7952755905511811,0.9212598425196851,0.7060367454068239,0.6096737907761529,0.7044619422572178,2023-05-12,0.7795275590551181,99.0,283.5
2023-05-12,283.5,99,0.7795275590551181,0.6692913385826772,0.5354330708661418,0.7874015748031497,0.31496062992125984,0.664041994750656,0.5736782902137233,0.6979002624671916,2023-05-13,0.5511811023622047,70.0,201.79166666666663
2023-05-13,201.79166666666663,70,0.5511811023622047,0.7795275590551181,0.6692913385826772,0.5354330708661418,0.2283464566929134,0.6614173228346454,0.6400449943757031,0.6958005249343832,2023-05-14,0.7795275590551181,99.0,282.125
2023-05-14,282.125,99,0.7795275590551181,0.5511811023622047,0.7795275590551181,0.6692913385826772,0.6850393700787402,0.6666666666666664,0.6861642294713162,0.7031496062992126,2023-05-15,0.47244094488188976,60.0,174.16666666666666
2023-05-15,174.16666666666666,60,0.47244094488188976,0.7795275590551181,0.5511811023622047,0.7795275590551181,0.7952755905511811,0.7034120734908132,0.6996625421822272,0.7073490813648294,2023-05-16,0.8110236220472441,103.0,295.7083333333333
2023-05-16,295.7083333333333,103,0.8110236220472441,0.47244094488188976,0.7795275590551181,0.5511811023622047,0.7874015748031497,0.6010498687664039,0.6535433070866141,0.6944881889763779,2023-05-17,0.8267716535433071,105.0,301.25
2023-05-17,301.25,105,0.8267716535433071,0.8110236220472441,0.47244094488188976,0.7795275590551181,0.5354330708661418,0.6876640419947503,0.6569178852643419,0.6984251968503937,2023-05-18,0.4094488188976378,52.0,151.75
2023-05-18,151.75,52,0.4094488188976378,0.8267716535433071,0.8110236220472441,0.47244094488188976,0.6692913385826772,0.7034120734908135,0.6985376827896513,0.6984251968503937,2023-05-19,0.4645669291338583,59.0,171.54166666666666
2023-05-19,171.54166666666666,59,0.4645669291338583,0.4094488188976378,0.8267716535433071,0.8110236220472441,0.7795275590551181,0.6824146981627294,0.6614173228346456,0.6816272965879264,2023-05-20,0.44881889763779526,57.0,168.0
2023-05-20,168.0,57,0.44881889763779526,0.4645669291338583,0.4094488188976378,0.8267716535433071,0.5511811023622047,0.5669291338582675,0.6164229471316085,0.6671916010498687,2023-05-21,0.3779527559055118,48.0,140.83333333333334
2023-05-21,140.83333333333334,48,0.3779527559055118,0.44881889763779526,0.4645669291338583,0.4094488188976378,0.7795275590551181,0.4409448818897636,0.6017997750281214,0.6527559055118111,2023-05-22,0.2992125984251969,38.0,115.16666666666669
2023-05-22,115.16666666666669,38,0.2992125984251969,0.3779527559055118,0.44881889763779526,0.4645669291338583,0.47244094488188976,0.4304461942257216,0.5444319460067492,0.6359580052493439,2023-05-23,0.49606299212598426,63.0,182.91666666666663
2023-05-23,182.91666666666663,63,0.49606299212598426,0.2992125984251969,0.3779527559055118,0.44881889763779526,0.8110236220472441,0.37532808398950107,0.5196850393700787,0.6223097112860893,2023-05-24,0.889763779527559,113.0,322.375
2023-05-24,322.375,113,0.889763779527559,0.49606299212598426,0.2992125984251969,0.3779527559055118,0.8267716535433071,0.39107611548556404,0.4746906636670416,0.6086614173228347,2023-05-25,0.8818897637795275,112.0,319.7916666666667
2023-05-25,319.7916666666667,112,0.8818897637795275,0.889763779527559,0.49606299212598426,0.2992125984251969,0.4094488188976378,0.5616797900262465,0.4836895388076491,0.6191601049868767,2023-05-26,0.3228346456692913,41.0,122.875
2023-05-26,122.875,41,0.3228346456692913,0.8818897637795275,0.889763779527559,0.49606299212598426,0.4645669291338583,0.7559055118110235,0.5511811023622047,0.6383202099737532,2023-05-27,0.13385826771653545,17.0,56.66666666666666
2023-05-27,56.66666666666666,17,0.13385826771653545,0.3228346456692913,0.8818897637795275,0.889763779527559,0.44881889763779526,0.6981627296587924,0.530933633295838,0.6325459317585302,2023-05-28,0.3464566929133858,44.0,130.91666666666666
2023-05-28,130.91666666666666,44,0.3464566929133858,0.13385826771653545,0.3228346456692913,0.8818897637795275,0.3779527559055118,0.4461942257217845,0.4859392575928009,0.6236220472440944,2023-05-29,0.5826771653543307,74.0,214.16666666666663
2023-05-29,214.16666666666663,74,0.5826771653543307,0.3464566929133858,0.13385826771653545,0.3228346456692913,0.2992125984251969,0.26771653543307067,0.48143982002249724,0.6128608923884514,2023-05-30,0.41732283464566927,53.0,157.125
2023-05-30,157.125,53,0.41732283464566927,0.5826771653543307,0.3464566929133858,0.13385826771653545,0.49606299212598426,0.35433070866141714,0.5219347581552306,0.6099737532808399,2023-05-31,0.7165354330708661,91.0,262.375
2023-05-31,262.375,91,0.7165354330708661,0.41732283464566927,0.5826771653543307,0.3464566929133858,0.889763779527559,0.4488188976377951,0.5106861642294713,0.6010498687664042,2023-06-01,0.6929133858267716,88.0,252.45833333333331
2023-06-01,252.45833333333331,88,0.6929133858267716,0.7165354330708661,0.41732283464566927,0.5826771653543307,0.8818897637795275,0.5721784776902884,0.4859392575928009,0.5952755905511811,2023-06-02,0.7244094488188977,92.0,264.0416666666667
2023-06-02,264.0416666666667,92,0.7244094488188977,0.6929133858267716,0.7165354330708661,0.41732283464566927,0.3228346456692913,0.6089238845144355,0.45894263217097864,0.5866141732283465,2023-06-03,0.5669291338582677,72.0,208.45833333333331
2023-06-03,208.45833333333331,72,0.5669291338582677,0.7244094488188977,0.6929133858267716,0.7165354330708661,0.13385826771653545,0.711286089238845,0.516310461192351,0.5787401574803149,2023-06-04,0.5905511811023622,75.0,217.25
2023-06-04,217.25,75,0.5905511811023622,0.5669291338582677,0.7244094488188977,0.6929133858267716,0.3464566929133858,0.6614173228346455,0.578177727784027,0.5669291338582677,2023-06-05,0.889763779527559,113.0,322.3333333333333
2023-06-05,322.3333333333333,113,0.889763779527559,0.5905511811023622,0.5669291338582677,0.7244094488188977,0.5826771653543307,0.627296587926509,0.6130483689538807,0.5761154855643045,2023-06-06,0.8818897637795275,112.0,319.2083333333333
2023-06-06,319.2083333333333,112,0.8818897637795275,0.889763779527559,0.5905511811023622,0.5669291338582677,0.41732283464566927,0.6824146981627295,0.6569178852643419,0.5981627296587926,2023-06-07,0.8346456692913385,106.0,304.125
2023-06-07,304.125,106,0.8346456692913385,0.8818897637795275,0.889763779527559,0.5905511811023622,0.7165354330708661,0.7874015748031494,0.7232845894263217,0.6047244094488189,2023-06-08,0.7007874015748031,89.0,254.83333333333331
2023-06-08,254.83333333333331,89,0.7007874015748031,0.8346456692913385,0.8818897637795275,0.889763779527559,0.6929133858267716,0.8687664041994748,0.7401574803149605,0.6060367454068242,2023-06-09,0.8346456692913385,106.0,301.6666666666667
2023-06-09,301.6666666666667,106,0.8346456692913385,0.7007874015748031,0.8346456692913385,0.8818897637795275,0.7244094488188977,0.8057742782152229,0.7412823397075367,0.6031496062992125,2023-06-10,0.905511811023622,115.0,329.0416666666667
2023-06-10,329.0416666666667,115,0.905511811023622,0.8346456692913385,0.7007874015748031,0.8346456692913385,0.5669291338582677,0.7900262467191599,0.7570303712035995,0.6131233595800525,2023-06-11,0.6771653543307087,86.0,248.33333333333331
2023-06-11,248.33333333333331,86,0.6771653543307087,0.905511811023622,0.8346456692913385,0.7007874015748031,0.5905511811023622,0.8136482939632543,0.8053993250843644,0.620997375328084,2023-06-12,0.7086614173228346,90.0,259.375
2023-06-12,259.375,90,0.7086614173228346,0.6771653543307087,0.905511811023622,0.8346456692913385,0.889763779527559,0.8057742782152229,0.8177727784026996,0.6175853018372702,2023-06-13,0.7480314960629921,95.0,271.125
2023-06-13,271.125,95,0.7480314960629921,0.7086614173228346,0.6771653543307087,0.905511811023622,0.8818897637795275,0.763779527559055,0.7919010123734533,0.6228346456692914,2023-06-14,0.30708661417322836,39.0,116.58333333333331
2023-06-14,116.58333333333331,39,0.30708661417322836,0.7480314960629921,0.7086614173228346,0.6771653543307087,0.8346456692913385,0.711286089238845,0.7727784026996625,0.6217847769028871,2023-06-15,0.2283464566929134,29.0,88.29166666666667
2023-06-15,88.29166666666667,29,0.2283464566929134,0.30708661417322836,0.7480314960629921,0.7086614173228346,0.7007874015748031,0.5879265091863514,0.6974128233970754,0.6162729658792651,2023-06-16,0.7401574803149606,94.0,268.8333333333333
2023-06-16,268.8333333333333,94,0.7401574803149606,0.2283464566929134,0.30708661417322836,0.7480314960629921,0.8346456692913385,0.42782152230971104,0.6299212598425196,0.5968503937007874,2023-06-17,0.7952755905511811,101.0,290.0833333333333
2023-06-17,290.0833333333333,101,0.7952755905511811,0.7401574803149606,0.2283464566929134,0.30708661417322836,0.905511811023622,0.42519685039370064,0.6164229471316086,0.5939632545931758,2023-06-18,0.8031496062992126,102.0,293.0
2023-06-18,293.0,102,0.8031496062992126,0.7952755905511811,0.7401574803149606,0.2283464566929134,0.6771653543307087,0.5879265091863516,0.6006749156355455,0.6068241469816272,2023-06-19,0.33070866141732286,42.0,125.41666666666669
2023-06-19,125.41666666666669,42,0.33070866141732286,0.8031496062992126,0.7952755905511811,0.7401574803149606,0.7086614173228346,0.779527559055118,0.6186726659167604,0.6181102362204725,2023-06-20,0.48031496062992124,61.0,179.04166666666666
2023-06-20,179.04166666666666,61,0.48031496062992124,0.33070866141732286,0.8031496062992126,0.7952755905511811,0.7480314960629921,0.643044619422572,0.5646794150731159,0.6141732283464567,2023-06-21,0.6692913385826772,85.0,244.33333333333331
2023-06-21,244.33333333333331,85,0.6692913385826772,0.48031496062992124,0.33070866141732286,0.8031496062992126,0.30708661417322836,0.538057742782152,0.5264341957255344,0.6175853018372703,2023-06-22,0.4645669291338583,59.0,173.41666666666666
2023-06-22,173.41666666666666,59,0.4645669291338583,0.6692913385826772,0.48031496062992124,0.33070866141732286,0.2283464566929134,0.4934383202099735,0.578177727784027,0.6299212598425197,2023-06-23,0.7480314960629921,95.0,271.125
2023-06-23,271.125,95,0.7480314960629921,0.4645669291338583,0.6692913385826772,0.48031496062992124,0.7401574803149606,0.538057742782152,0.6119235095613049,0.6288713910761154,2023-06-24,0.8110236220472441,103.0,294.1666666666667
2023-06-24,294.1666666666667,103,0.8110236220472441,0.7480314960629921,0.4645669291338583,0.6692913385826772,0.7952755905511811,0.627296587926509,0.6130483689538807,0.6241469816272965,2023-06-25,0.937007874015748,119.0,339.0
2023-06-25,339.0,119,0.937007874015748,0.8110236220472441,0.7480314960629921,0.4645669291338583,0.8031496062992126,0.674540682414698,0.6152980877390327,0.6217847769028871,2023-06-26,0.8031496062992126,102.0,293.0833333333333
2023-06-26,293.0833333333333,102,0.8031496062992126,0.937007874015748,0.8110236220472441,0.7480314960629921,0.33070866141732286,0.8320209973753278,0.6344206974128234,0.642257217847769,2023-06-27,0.9448818897637795,120.0,341.7083333333333
2023-06-27,341.7083333333333,120,0.9448818897637795,0.8031496062992126,0.937007874015748,0.8110236220472441,0.48031496062992124,0.8503937007874014,0.7019122609673791,0.6645669291338583,2023-06-28,0.952755905511811,121.0,343.3333333333333
2023-06-28,343.3333333333333,121,0.952755905511811,0.9448818897637795,0.8031496062992126,0.937007874015748,0.6692913385826772,0.8950131233595799,0.7682789651293588,0.684514435695538,2023-06-29,0.84251968503937,107.0,304.8333333333333
2023-06-29,304.8333333333333,107,0.84251968503937,0.952755905511811,0.9448818897637795,0.8031496062992126,0.4645669291338583,0.9002624671916007,0.8087739032620922,0.6968503937007874,2023-06-30,0.7952755905511811,101.0,289.6666666666667
2023-06-30,289.6666666666667,101,0.7952755905511811,0.84251968503937,0.952755905511811,0.9448818897637795,0.7480314960629921,0.9133858267716534,0.8627671541057368,0.7110236220472441,2023-07-01,0.8661417322834646,110.0,313.0
2023-07-01,313.0,110,0.8661417322834646,0.7952755905511811,0.84251968503937,0.952755905511811,0.8110236220472441,0.8635170603674539,0.8695163104611924,0.7136482939632547,2023-07-02,0.7874015748031497,100.0,286.2083333333333
2023-07-02,286.2083333333333,100,0.7874015748031497,0.8661417322834646,0.7952755905511811,0.84251968503937,0.937007874015748,0.8346456692913383,0.8773903262092239,0.7194225721784776,2023-07-03,0.6141732283464567,78.0,224.75
2023-07-03,224.75,78,0.6141732283464567,0.7874015748031497,0.8661417322834646,0.7952755905511811,0.8031496062992126,0.8162729658792648,0.8560179977502812,0.7215223097112861,2023-07-04,0.7086614173228346,90.0,257.0833333333333
2023-07-04,257.0833333333333,90,0.7086614173228346,0.6141732283464567,0.7874015748031497,0.8661417322834646,0.9448818897637795,0.7559055118110235,0.8290213723284588,0.7230971128608925,2023-07-05,0.7086614173228346,90.0,257.75
2023-07-05,257.75,90,0.7086614173228346,0.7086614173228346,0.6141732283464567,0.7874015748031497,0.952755905511811,0.7034120734908135,0.7952755905511812,0.7270341207349081,2023-07-06,0.8661417322834646,110.0,313.9583333333333
2023-07-06,313.9583333333333,110,0.8661417322834646,0.7086614173228346,0.7086614173228346,0.6141732283464567,0.84251968503937,0.6771653543307083,0.7604049493813274,0.720997375328084,2023-07-07,0.905511811023622,115.0,327.3333333333333
2023-07-07,327.3333333333333,115,0.905511811023622,0.8661417322834646,0.7086614173228346,0.7086614173228346,0.7952755905511811,0.7611548556430444,0.7637795275590552,0.7204724409448818,2023-07-08,0.8346456692913385,106.0,302.5833333333333
2023-07-08,302.5833333333333,106,0.8346456692913385,0.905511811023622,0.8661417322834646,0.7086614173228346,0.8661417322834646,0.8267716535433068,0.779527559055118,0.7228346456692913,2023-07-09,0.9133858267716536,116.0,330.5416666666667
2023-07-09,330.5416666666667,116,0.9133858267716536,0.8346456692913385,0.905511811023622,0.8661417322834646,0.7874015748031497,0.8687664041994748,0.7750281214848144,0.7272965879265091,2023-07-10,0.41732283464566927,53.0,155.45833333333334
2023-07-10,155.45833333333334,53,0.41732283464566927,0.9133858267716536,0.8346456692913385,0.905511811023622,0.6141732283464567,0.8845144356955378,0.7930258717660292,0.7299212598425198,2023-07-11,0.9212598425196851,117.0,333.3333333333333
2023-07-11,333.3333333333333,117,0.9212598425196851,0.41732283464566927,0.9133858267716536,0.8346456692913385,0.7086614173228346,0.7217847769028869,0.7649043869516311,0.7136482939632546,2023-07-12,0.8031496062992126,102.0,291.9166666666667
2023-07-12,291.9166666666667,102,0.8031496062992126,0.9212598425196851,0.41732283464566927,0.9133858267716536,0.7086614173228346,0.7506561679790025,0.7952755905511811,0.7217847769028871,2023-07-13,0.6220472440944882,79.0,227.95833333333331
2023-07-13,227.95833333333331,79,0.6220472440944882,0.8031496062992126,0.9212598425196851,0.41732283464566927,0.8661417322834646,0.7139107611548554,0.8087739032620922,0.7249343832020998,2023-07-14,0.7637795275590551,97.0,278.375
2023-07-14,278.375,97,0.7637795275590551,0.6220472440944882,0.8031496062992126,0.9212598425196851,0.905511811023622,0.7821522309711284,0.7739032620922385,0.720734908136483,2023-07-15,0.7480314960629921,95.0,271.3333333333333
2023-07-15,271.3333333333333,95,0.7480314960629921,0.7637795275590551,0.6220472440944882,0.8031496062992126,0.8346456692913385,0.7296587926509184,0.7536557930258718,0.7359580052493438,2023-07-16,0.8661417322834646,110.0,312.75
2023-07-16,312.75,110,0.8661417322834646,0.7480314960629921,0.7637795275590551,0.6220472440944882,0.9133858267716536,0.711286089238845,0.7412823397075367,0.753280839895013,2023-07-17,0.6220472440944882,79.0,227.16666666666663
2023-07-17,227.16666666666663,79,0.6220472440944882,0.8661417322834646,0.7480314960629921,0.7637795275590551,0.41732283464566927,0.7926509186351703,0.734533183352081,0.75748031496063,2023-07-18,0.8582677165354331,109.0,310.2083333333333
2023-07-18,310.2083333333333,109,0.8582677165354331,0.6220472440944882,0.8661417322834646,0.7480314960629921,0.9212598425196851,0.7454068241469813,0.7637795275590552,0.7517060367454069,2023-07-19,0.7716535433070866,98.0,281.2083333333333
2023-07-19,281.2083333333333,98,0.7716535433070866,0.8582677165354331,0.6220472440944882,0.8661417322834646,0.8031496062992126,0.7821522309711284,0.7547806524184476,0.7535433070866141,2023-07-20,0.7795275590551181,99.0,282.0833333333333
2023-07-20,282.0833333333333,99,0.7795275590551181,0.7716535433070866,0.8582677165354331,0.6220472440944882,0.6220472440944882,0.7506561679790025,0.750281214848144,0.768241469816273,2023-07-21,0.8188976377952756,104.0,296.7916666666667
2023-07-21,296.7916666666667,104,0.8188976377952756,0.7795275590551181,0.7716535433070866,0.8582677165354331,0.7637795275590551,0.8031496062992124,0.7727784026996625,0.7782152230971129,2023-07-22,0.6220472440944882,79.0,227.95833333333331
2023-07-22,227.95833333333331,79,0.6220472440944882,0.8188976377952756,0.7795275590551181,0.7716535433070866,0.7480314960629921,0.7900262467191599,0.7806524184476941,0.7832020997375329,2023-07-23,0.5118110236220472,65.0,188.95833333333331
2023-07-23,188.95833333333331,65,0.5118110236220472,0.6220472440944882,0.8188976377952756,0.7795275590551181,0.8661417322834646,0.7401574803149605,0.7626546681664791,0.7884514435695539,2023-07-24,0.7874015748031497,100.0,285.7083333333333
2023-07-24,285.7083333333333,100,0.7874015748031497,0.5118110236220472,0.6220472440944882,0.8188976377952756,0.6220472440944882,0.6509186351706034,0.7120359955005624,0.7805774278215224,2023-07-25,0.6614173228346457,84.0,240.41666666666663
2023-07-25,240.41666666666663,84,0.6614173228346457,0.7874015748031497,0.5118110236220472,0.6220472440944882,0.8582677165354331,0.6404199475065614,0.7356580427446568,0.7797900262467191,2023-07-26,0.84251968503937,107.0,306.8333333333333
2023-07-26,306.8333333333333,107,0.84251968503937,0.6614173228346457,0.7874015748031497,0.5118110236220472,0.7716535433070866,0.653543307086614,0.7075365579302587,0.7706036745406823,2023-07-27,0.7874015748031497,100.0,284.9583333333333
2023-07-27,284.9583333333333,100,0.7874015748031497,0.84251968503937,0.6614173228346457,0.7874015748031497,0.7795275590551181,0.763779527559055,0.7176602924634421,0.7719160104986876,2023-07-28,0.2992125984251969,38.0,113.66666666666669
2023-07-28,113.66666666666669,38,0.2992125984251969,0.7874015748031497,0.84251968503937,0.6614173228346457,0.8188976377952756,0.763779527559055,0.718785151856018,0.7666666666666667,2023-07-29,0.4330708661417323,55.0,162.25
2023-07-29,162.25,55,0.4330708661417323,0.2992125984251969,0.7874015748031497,0.84251968503937,0.6220472440944882,0.643044619422572,0.6445444319460067,0.7448818897637796,2023-07-30,0.7165354330708661,91.0,261.4583333333333
2023-07-30,261.4583333333333,91,0.7165354330708661,0.4330708661417323,0.2992125984251969,0.7874015748031497,0.5118110236220472,0.5065616797900261,0.6175478065241845,0.7312335958005249,2023-07-31,0.7244094488188977,92.0,264.125
2023-07-31,264.125,92,0.7244094488188977,0.7165354330708661,0.4330708661417323,0.2992125984251969,0.7874015748031497,0.4829396325459315,0.6467941507311586,0.7286089238845144,2023-08-01,0.7480314960629921,95.0,273.2083333333333
2023-08-01,273.2083333333333,95,0.7480314960629921,0.7244094488188977,0.7165354330708661,0.4330708661417323,0.6614173228346457,0.6246719160104984,0.6377952755905512,0.7238845144356956,2023-08-02,0.5826771653543307,74.0,214.54166666666663
2023-08-02,214.54166666666663,74,0.5826771653543307,0.7480314960629921,0.7244094488188977,0.7165354330708661,0.84251968503937,0.7296587926509184,0.6501687289088863,0.7225721784776904,2023-08-03,0.5196850393700787,66.0,192.29166666666663
2023-08-03,192.29166666666663,66,0.5196850393700787,0.5826771653543307,0.7480314960629921,0.7244094488188977,0.7874015748031497,0.6850393700787398,0.6130483689538807,0.7215223097112861,2023-08-04,0.4645669291338583,59.0,173.0
2023-08-04,173.0,59,0.4645669291338583,0.5196850393700787,0.5826771653543307,0.7480314960629921,0.2992125984251969,0.616797900262467,0.5748031496062992,0.7152230971128609,2023-08-05,0.5984251968503937,76.0,219.04166666666663
2023-08-05,219.04166666666663,76,0.5984251968503937,0.4645669291338583,0.5196850393700787,0.5826771653543307,0.4330708661417323,0.522309711286089,0.5984251968503936,0.7070866141732284,2023-08-06,0.8582677165354331,109.0,311.375
2023-08-06,311.375,109,0.8582677165354331,0.5984251968503937,0.4645669291338583,0.5196850393700787,0.7165354330708661,0.5275590551181101,0.6220472440944882,0.6981627296587926,2023-08-07,0.8661417322834646,110.0,313.5416666666667
2023-08-07,313.5416666666667,110,0.8661417322834646,0.8582677165354331,0.5984251968503937,0.4645669291338583,0.7244094488188977,0.6404199475065615,0.6422947131608548,0.6965879265091863,2023-08-08,0.7401574803149606,94.0,269.9583333333333
2023-08-08,269.9583333333333,94,0.7401574803149606,0.8661417322834646,0.8582677165354331,0.5984251968503937,0.7480314960629921,0.7742782152230969,0.6625421822272216,0.6976377952755907,2023-08-09,0.8110236220472441,103.0,294.3333333333333
2023-08-09,294.3333333333333,103,0.8110236220472441,0.7401574803149606,0.8661417322834646,0.8582677165354331,0.5826771653543307,0.8215223097112858,0.6614173228346456,0.6918635170603674,2023-08-10,0.6614173228346457,84.0,242.375
2023-08-10,242.375,84,0.6614173228346457,0.8110236220472441,0.7401574803149606,0.8661417322834646,0.5196850393700787,0.8057742782152229,0.6940382452193476,0.70498687664042,2023-08-11,0.5748031496062992,73.0,210.20833333333331
2023-08-11,210.20833333333331,73,0.5748031496062992,0.6614173228346457,0.8110236220472441,0.7401574803149606,0.4645669291338583,0.73753280839895,0.7142857142857143,0.6963254593175853,2023-08-12,0.8582677165354331,109.0,312.4166666666667
2023-08-12,312.4166666666667,109,0.8582677165354331,0.5748031496062992,0.6614173228346457,0.8110236220472441,0.5984251968503937,0.6824146981627295,0.7300337457817773,0.6887139107611548,2023-08-13,0.8031496062992126,102.0,290.75
2023-08-13,290.75,102,0.8031496062992126,0.8582677165354331,0.5748031496062992,0.6614173228346457,0.8582677165354331,0.6981627296587924,0.7671541057367829,0.6965879265091863,2023-08-14,0.8188976377952756,104.0,297.7916666666667
2023-08-14,297.7916666666667,104,0.8188976377952756,0.8031496062992126,0.8582677165354331,0.5748031496062992,0.8661417322834646,0.7454068241469815,0.7592800899887514,0.6979002624671916,2023-08-15,0.6850393700787402,87.0,249.5
2023-08-15,249.5,87,0.6850393700787402,0.8188976377952756,0.8031496062992126,0.8582677165354331,0.7401574803149606,0.826771653543307,0.7525309336332958,0.7002624671916011,2023-08-16,0.49606299212598426,63.0,183.875
2023-08-16,183.875,63,0.49606299212598426,0.6850393700787402,0.8188976377952756,0.8031496062992126,0.8110236220472441,0.7690288713910759,0.7446569178852644,0.6942257217847769,2023-08-17,0.6771653543307087,86.0,247.0
2023-08-17,247.0,86,0.6771653543307087,0.49606299212598426,0.6850393700787402,0.8188976377952756,0.6614173228346457,0.6666666666666664,0.6996625421822272,0.69002624671916,2023-08-18,0.8503937007874016,108.0,308.9166666666667
2023-08-18,308.9166666666667,108,0.8503937007874016,0.6771653543307087,0.49606299212598426,0.6850393700787402,0.5748031496062992,0.6194225721784775,0.7019122609673791,0.683989501312336,2023-08-19,0.6929133858267716,88.0,252.79166666666663
2023-08-19,252.79166666666663,88,0.6929133858267716,0.8503937007874016,0.6771653543307087,0.49606299212598426,0.8582677165354331,0.674540682414698,0.7412823397075367,0.6866141732283464,2023-08-20,0.6062992125984252,77.0,222.95833333333331
2023-08-20,222.95833333333331,77,0.6062992125984252,0.6929133858267716,0.8503937007874016,0.6771653543307087,0.8031496062992126,0.7401574803149605,0.7176602924634421,0.683727034120735,2023-08-21,0.7322834645669292,93.0,266.4583333333333
2023-08-21,266.4583333333333,93,0.7322834645669292,0.6062992125984252,0.6929133858267716,0.8503937007874016,0.8188976377952756,0.7165354330708659,0.689538807649044,0.6766404199475066,2023-08-22,0.7322834645669292,93.0,265.625
2023-08-22,265.625,93,0.7322834645669292,0.7322834645669292,0.6062992125984252,0.6929133858267716,0.6850393700787402,0.6771653543307085,0.6771653543307087,0.6803149606299213,2023-08-23,0.6141732283464567,78.0,225.79166666666663
2023-08-23,225.79166666666663,78,0.6141732283464567,0.7322834645669292,0.7322834645669292,0.6062992125984252,0.49606299212598426,0.690288713910761,0.6839145106861643,0.6876640419947506,2023-08-24,0.7637795275590551,97.0,278.4166666666667
2023-08-24,278.4166666666667,97,0.7637795275590551,0.6141732283464567,0.7322834645669292,0.7322834645669292,0.6771653543307087,0.6929133858267714,0.7007874015748031,0.6818897637795275,2023-08-25,0.6456692913385826,82.0,237.33333333333331
2023-08-25,237.33333333333331,82,0.6456692913385826,0.7637795275590551,0.6141732283464567,0.7322834645669292,0.8503937007874016,0.7034120734908135,0.7131608548931384,0.6853018372703412,2023-08-26,0.8031496062992126,102.0,291.125
2023-08-26,291.125,102,0.8031496062992126,0.6456692913385826,0.7637795275590551,0.6141732283464567,0.6929133858267716,0.6745406824146979,0.6839145106861643,0.678740157480315,2023-08-27,0.8031496062992126,102.0,291.125
2023-08-27,291.125,102,0.8031496062992126,0.8031496062992126,0.6456692913385826,0.7637795275590551,0.6062992125984252,0.7375328083989499,0.6996625421822272,0.679265091863517,2023-08-28,0.6771653543307087,86.0,246.54166666666663
2023-08-28,246.54166666666663,86,0.6771653543307087,0.8031496062992126,0.8031496062992126,0.6456692913385826,0.7322834645669292,0.7506561679790025,0.7277840269966254,0.6960629921259842,2023-08-29,0.4645669291338583,59.0,172.625
2023-08-29,172.625,59,0.4645669291338583,0.6771653543307087,0.8031496062992126,0.8031496062992126,0.7322834645669292,0.7611548556430444,0.7199100112485939,0.7041994750656168,2023-08-30,0.06299212598425197,8.0,29.875
2023-08-30,29.875,8,0.06299212598425197,0.4645669291338583,0.6771653543307087,0.8031496062992126,0.6141732283464567,0.648293963254593,0.6816647919010123,0.6958005249343834,2023-08-31,0.7637795275590551,97.0,279.0416666666667
2023-08-31,279.0416666666667,97,0.7637795275590551,0.06299212598425197,0.4645669291338583,0.6771653543307087,0.7637795275590551,0.4015748031496061,0.6029246344206973,0.673753280839895,2023-09-01,0.5511811023622047,70.0,201.79166666666663
2023-09-01,201.79166666666663,70,0.5511811023622047,0.7637795275590551,0.06299212598425197,0.4645669291338583,0.6456692913385826,0.4304461942257216,0.6029246344206974,0.674278215223097,2023-09-02,0.7244094488188977,92.0,263.4583333333333
2023-09-02,263.4583333333333,92,0.7244094488188977,0.5511811023622047,0.7637795275590551,0.06299212598425197,0.8031496062992126,0.45931758530183703,0.5894263217097863,0.6732283464566929,2023-09-03,0.8188976377952756,104.0,296.625
2023-09-03,296.625,104,0.8188976377952756,0.7244094488188977,0.5511811023622047,0.7637795275590551,0.8031496062992126,0.679790026246719,0.578177727784027,0.6800524934383202,2023-09-04,0.8110236220472441,103.0,294.5833333333333
2023-09-04,294.5833333333333,103,0.8110236220472441,0.8188976377952756,0.7244094488188977,0.5511811023622047,0.6771653543307087,0.6981627296587924,0.5804274465691789,0.6918635170603674,2023-09-05,0.6771653543307087,86.0,246.5
2023-09-05,246.5,86,0.6771653543307087,0.8110236220472441,0.8188976377952756,0.7244094488188977,0.4645669291338583,0.7847769028871389,0.5995500562429698,0.6989501312335958,2023-09-06,0.7637795275590551,97.0,276.75
2023-09-06,276.75,97,0.7637795275590551,0.6771653543307087,0.8110236220472441,0.8188976377952756,0.06299212598425197,0.7690288713910759,0.6299212598425197,0.6929133858267718,2023-09-07,0.5590551181102362,71.0,205.91666666666663
2023-09-07,205.91666666666663,71,0.5590551181102362,0.7637795275590551,0.6771653543307087,0.8110236220472441,0.7637795275590551,0.7506561679790025,0.7300337457817773,0.689501312335958,2023-09-08,0.7244094488188977,92.0,262.8333333333333
2023-09-08,262.8333333333333,92,0.7244094488188977,0.5590551181102362,0.7637795275590551,0.6771653543307087,0.5511811023622047,0.6666666666666665,0.7007874015748031,0.6834645669291338,2023-09-09,0.6456692913385826,82.0,236.66666666666663
2023-09-09,236.66666666666663,82,0.6456692913385826,0.7244094488188977,0.5590551181102362,0.7637795275590551,0.7244094488188977,0.6824146981627295,0.7255343082114736,0.6805774278215223,2023-09-10,0.6141732283464567,78.0,226.125
2023-09-10,226.125,78,0.6141732283464567,0.6456692913385826,0.7244094488188977,0.5590551181102362,0.8188976377952756,0.643044619422572,0.7142857142857143,0.6800524934383202,2023-09-11,0.44881889763779526,57.0,168.25
2023-09-11,168.25,57,0.44881889763779526,0.6141732283464567,0.6456692913385826,0.7244094488188977,0.8110236220472441,0.6614173228346455,0.6850393700787402,0.6813648293963255,2023-09-12,0.6299212598425197,80.0,230.83333333333331
2023-09-12,230.83333333333331,80,0.6299212598425197,0.44881889763779526,0.6141732283464567,0.6456692913385826,0.6771653543307087,0.569553805774278,0.6332958380202475,0.6677165354330709,2023-09-13,0.6456692913385826,82.0,236.41666666666663
2023-09-13,236.41666666666663,82,0.6456692913385826,0.6299212598425197,0.44881889763779526,0.6141732283464567,0.7637795275590551,0.5643044619422569,0.6265466816647919,0.6619422572178478,2023-09-14,0.5196850393700787,66.0,191.0
2023-09-14,191.0,66,0.5196850393700787,0.6456692913385826,0.6299212598425197,0.44881889763779526,0.5590551181102362,0.5748031496062991,0.6096737907761529,0.6561679790026247,2023-09-15,0.47244094488188976,60.0,174.08333333333334
2023-09-15,174.08333333333334,60,0.47244094488188976,0.5196850393700787,0.6456692913385826,0.6299212598425197,0.7244094488188977,0.5984251968503935,0.6040494938132733,0.6506561679790026,2023-09-16,0.6929133858267716,88.0,253.95833333333331
2023-09-16,253.95833333333331,88,0.6929133858267716,0.47244094488188976,0.5196850393700787,0.6456692913385826,0.6456692913385826,0.5459317585301835,0.5680539932508436,0.6498687664041995,2023-09-17,0.25196850393700787,32.0,98.375
2023-09-17,98.375,32,0.25196850393700787,0.6929133858267716,0.47244094488188976,0.5196850393700787,0.6141732283464567,0.5616797900262466,0.5748031496062992,0.6503937007874016,2023-09-18,0.7637795275590551,97.0,277.7083333333333
2023-09-18,277.7083333333333,97,0.7637795275590551,0.25196850393700787,0.6929133858267716,0.47244094488188976,0.44881889763779526,0.4724409448818896,0.5230596175478065,0.6304461942257219,2023-09-19,0.7480314960629921,95.0,272.1666666666667
2023-09-19,272.1666666666667,95,0.7480314960629921,0.7637795275590551,0.25196850393700787,0.6929133858267716,0.6299212598425197,0.569553805774278,0.5680539932508436,0.6328083989501312,2023-09-20,0.5748031496062992,73.0,211.625
2023-09-20,211.625,73,0.5748031496062992,0.7480314960629921,0.7637795275590551,0.25196850393700787,0.6456692913385826,0.5879265091863516,0.5849268841394826,0.6375328083989501,2023-09-21,0.5275590551181102,67.0,193.5
2023-09-21,193.5,67,0.5275590551181102,0.5748031496062992,0.7480314960629921,0.7637795275590551,0.5196850393700787,0.695538057742782,0.5748031496062992,0.6322834645669292,2023-09-22,0.7007874015748031,89.0,256.6666666666667
2023-09-22,256.6666666666667,89,0.7007874015748031,0.5275590551181102,0.5748031496062992,0.7480314960629921,0.47244094488188976,0.616797900262467,0.5759280089988751,0.6254593175853018,2023-09-23,0.5984251968503937,76.0,220.0
2023-09-23,220.0,76,0.5984251968503937,0.7007874015748031,0.5275590551181102,0.5748031496062992,0.6929133858267716,0.601049868766404,0.608548931383577,0.6283464566929134,2023-09-24,0.7244094488188977,92.0,263.25
2023-09-24,263.25,92,0.7244094488188977,0.5984251968503937,0.7007874015748031,0.5275590551181102,0.25196850393700787,0.6089238845144356,0.5950506186726658,0.6228346456692914,2023-09-25,0.6220472440944882,79.0,228.16666666666663
2023-09-25,228.16666666666663,79,0.6220472440944882,0.7244094488188977,0.5984251968503937,0.7007874015748031,0.7637795275590551,0.674540682414698,0.6625421822272216,0.6254593175853017,2023-09-26,0.14173228346456693,18.0,58.66666666666666
2023-09-26,58.66666666666666,18,0.14173228346456693,0.6220472440944882,0.7244094488188977,0.5984251968503937,0.7480314960629921,0.6482939632545931,0.6422947131608548,0.6194225721784776,2023-09-27,0.25196850393700787,32.0,96.95833333333331
2023-09-27,96.95833333333331,32,0.25196850393700787,0.14173228346456693,0.6220472440944882,0.7244094488188977,0.5748031496062992,0.4960629921259841,0.5556805399325084,0.5973753280839895,2023-09-28,0.3700787401574803,47.0,140.5
2023-09-28,140.5,47,0.3700787401574803,0.25196850393700787,0.14173228346456693,0.6220472440944882,0.5275590551181102,0.3385826771653542,0.5095613048368953,0.5832020997375328,2023-09-29,0.6456692913385826,82.0,237.54166666666663
2023-09-29,237.54166666666663,82,0.6456692913385826,0.3700787401574803,0.25196850393700787,0.14173228346456693,0.7007874015748031,0.2545931758530182,0.4870641169853768,0.5800524934383201,2023-09-30,0.5826771653543307,74.0,213.83333333333331
2023-09-30,213.83333333333331,74,0.5826771653543307,0.6456692913385826,0.3700787401574803,0.25196850393700787,0.5984251968503937,0.42257217847769013,0.47919010123734535,0.5994750656167978,2023-10-01,0.6850393700787402,87.0,250.08333333333331
2023-10-01,250.08333333333331,87,0.6850393700787402,0.5826771653543307,0.6456692913385826,0.3700787401574803,0.7244094488188977,0.532808398950131,0.47694038245219345,0.5934383202099738,2023-10-02,0.6377952755905512,81.0,232.08333333333331
2023-10-02,232.08333333333331,81,0.6377952755905512,0.6850393700787402,0.5826771653543307,0.6456692913385826,0.6220472440944882,0.637795275590551,0.4713160854893138,0.5979002624671916,2023-10-03,0.6377952755905512,81.0,234.83333333333331
2023-10-03,234.83333333333331,81,0.6377952755905512,0.6377952755905512,0.6850393700787402,0.5826771653543307,0.14173228346456693,0.6351706036745405,0.4735658042744656,0.59501312335958,2023-10-04,0.6692913385826772,85.0,243.66666666666663
2023-10-04,243.66666666666663,85,0.6692913385826772,0.6377952755905512,0.6377952755905512,0.6850393700787402,0.25196850393700787,0.653543307086614,0.5444319460067492,0.5889763779527559,2023-10-05,0.49606299212598426,63.0,183.20833333333331
2023-10-05,183.20833333333331,63,0.49606299212598426,0.6692913385826772,0.6377952755905512,0.6377952755905512,0.3700787401574803,0.6482939632545931,0.6040494938132733,0.584251968503937,2023-10-06,0.3937007874015748,50.0,148.45833333333334
2023-10-06,148.45833333333334,50,0.3937007874015748,0.49606299212598426,0.6692913385826772,0.6377952755905512,0.6456692913385826,0.601049868766404,0.6220472440944881,0.5782152230971128,2023-10-07,0.6299212598425197,80.0,229.66666666666663
2023-10-07,229.66666666666663,80,0.6299212598425197,0.3937007874015748,0.49606299212598426,0.6692913385826772,0.5826771653543307,0.5196850393700786,0.5860517435320585,0.5658792650918635,2023-10-08,0.6456692913385826,82.0,235.75
2023-10-08,235.75,82,0.6456692913385826,0.6299212598425197,0.3937007874015748,0.49606299212598426,0.6850393700787402,0.5065616797900261,0.592800899887514,0.568241469816273,2023-10-09,0.6692913385826772,85.0,243.5
2023-10-09,243.5,85,0.6692913385826772,0.6456692913385826,0.6299212598425197,0.3937007874015748,0.6377952755905512,0.5564304461942257,0.5871766029246344,0.5656167979002624,2023-10-10,0.5196850393700787,66.0,190.58333333333331
2023-10-10,190.58333333333331,66,0.5196850393700787,0.6692913385826772,0.6456692913385826,0.6299212598425197,0.6377952755905512,0.6482939632545931,0.5916760404949383,0.5664041994750657,2023-10-11,0.15748031496062992,20.0,64.20833333333333
2023-10-11,64.20833333333333,20,0.15748031496062992,0.5196850393700787,0.6692913385826772,0.6456692913385826,0.6692913385826772,0.611548556430446,0.5748031496062992,0.5632545931758531,2023-10-12,0.2283464566929134,29.0,89.375
2023-10-12,89.375,29,0.2283464566929134,0.15748031496062992,0.5196850393700787,0.6692913385826772,0.49606299212598426,0.44881889763779514,0.5016872890888638,0.5535433070866141,2023-10-13,0.2204724409448819,28.0,86.5
2023-10-13,86.5,28,0.2204724409448819,0.2283464566929134,0.15748031496062992,0.5196850393700787,0.3937007874015748,0.3018372703412072,0.4634420697412823,0.5401574803149606,2023-10-14,0.3228346456692913,41.0,121.25
2023-10-14,121.25,41,0.3228346456692913,0.2204724409448819,0.2283464566929134,0.15748031496062992,0.6299212598425197,0.2020997375328083,0.438695163104612,0.525984251968504,2023-10-15,0.44881889763779526,57.0,167.5
2023-10-15,167.5,57,0.44881889763779526,0.3228346456692913,0.2204724409448819,0.2283464566929134,0.6456692913385826,0.2572178477690288,0.3948256467941507,0.5194225721784776,2023-10-16,0.3779527559055118,48.0,141.33333333333334
2023-10-16,141.33333333333334,48,0.3779527559055118,0.44881889763779526,0.3228346456692913,0.2204724409448819,0.6692913385826772,0.3307086614173227,0.36670416197975253,0.5186351706036746,2023-10-17,0.6141732283464567,78.0,225.91666666666663
2023-10-17,225.91666666666663,78,0.6141732283464567,0.3779527559055118,0.44881889763779526,0.3228346456692913,0.5196850393700787,0.3832020997375327,0.32508436445444316,0.5081364829396325,2023-10-18,0.6141732283464567,78.0,224.16666666666663
2023-10-18,224.16666666666663,78,0.6141732283464567,0.6141732283464567,0.3779527559055118,0.44881889763779526,0.15748031496062992,0.48031496062992113,0.33858267716535434,0.5202099737532808,2023-10-19,0.5905511811023622,75.0,216.5
2023-10-19,216.5,75,0.5905511811023622,0.6141732283464567,0.6141732283464567,0.3779527559055118,0.2283464566929134,0.5354330708661417,0.40382452193475815,0.515223097112861,2023-10-20,0.3858267716535433,49.0,143.95833333333334
2023-10-20,143.95833333333334,49,0.3858267716535433,0.5905511811023622,0.6141732283464567,0.6141732283464567,0.2204724409448819,0.6062992125984251,0.4555680539932508,0.5099737532808398,2023-10-21,0.6141732283464567,78.0,224.875
2023-10-21,224.875,78,0.6141732283464567,0.3858267716535433,0.5905511811023622,0.6141732283464567,0.3228346456692913,0.5301837270341206,0.4791901012373453,0.5036745406824147,2023-10-22,0.5118110236220472,65.0,190.08333333333331
2023-10-22,190.08333333333331,65,0.5118110236220472,0.6141732283464567,0.3858267716535433,0.5905511811023622,0.44881889763779526,0.5301837270341206,0.5208098987626546,0.5065616797900262,2023-10-23,0.5354330708661418,68.0,197.75
2023-10-23,197.75,68,0.5354330708661418,0.5118110236220472,0.6141732283464567,0.3858267716535433,0.3779527559055118,0.5039370078740156,0.5298087739032621,0.5002624671916011,2023-10-24,0.5590551181102362,71.0,205.625
2023-10-24,205.625,71,0.5590551181102362,0.5354330708661418,0.5118110236220472,0.6141732283464567,0.6141732283464567,0.5538057742782151,0.5523059617547806,0.49816272965879266,2023-10-25,0.33070866141732286,42.0,123.95833333333331
2023-10-25,123.95833333333331,42,0.33070866141732286,0.5590551181102362,0.5354330708661418,0.5118110236220472,0.6141732283464567,0.5354330708661417,0.5444319460067492,0.49265091863517063,2023-10-26,0.3937007874015748,50.0,147.875
2023-10-26,147.875,50,0.3937007874015748,0.33070866141732286,0.5590551181102362,0.5354330708661418,0.5905511811023622,0.4750656167979002,0.5039370078740157,0.48293963254593175,2023-10-27,0.3543307086614173,45.0,132.91666666666666
2023-10-27,132.91666666666666,45,0.3543307086614173,0.3937007874015748,0.33070866141732286,0.5590551181102362,0.3858267716535433,0.42782152230971127,0.4758155230596176,0.4913385826771653,2023-10-28,0.5275590551181102,67.0,194.75
2023-10-28,194.75,67,0.5275590551181102,0.3543307086614173,0.3937007874015748,0.33070866141732286,0.6141732283464567,0.3595800524934383,0.4713160854893138,0.49475065616797903,2023-10-29,0.5511811023622047,70.0,201.83333333333331
2023-10-29,201.83333333333331,70,0.5511811023622047,0.5275590551181102,0.3543307086614173,0.3937007874015748,0.5118110236220472,0.4251968503937007,0.4589426321709786,0.5,2023-10-30,0.5511811023622047,70.0,201.83333333333331
2023-10-30,201.83333333333331,70,0.5511811023622047,0.5511811023622047,0.5275590551181102,0.3543307086614173,0.5354330708661418,0.47769028871391067,0.4645669291338583,0.49685039370078743,2023-10-31,0.48031496062992124,61.0,177.125
2023-10-31,177.125,61,0.48031496062992124,0.5511811023622047,0.5511811023622047,0.5275590551181102,0.5590551181102362,0.5433070866141732,0.4668166479190101,0.4958005249343832,2023-11-01,0.5590551181102362,71.0,206.95833333333331
2023-11-01,206.95833333333331,71,0.5590551181102362,0.48031496062992124,0.5511811023622047,0.5511811023622047,0.33070866141732286,0.5275590551181102,0.45556805399325084,0.48897637795275595,2023-11-02,0.5590551181102362,71.0,207.0
2023-11-02,207.0,71,0.5590551181102362,0.5590551181102362,0.48031496062992124,0.5511811023622047,0.3937007874015748,0.5301837270341206,0.4881889763779528,0.48635170603674543,2023-11-03,0.3700787401574803,47.0,138.33333333333334
2023-11-03,138.33333333333334,47,0.3700787401574803,0.5590551181102362,0.5590551181102362,0.48031496062992124,0.3543307086614173,0.5328083989501312,0.5118110236220472,0.48372703412073487,2023-11-04,0.5354330708661418,68.0,198.0
2023-11-04,198.0,68,0.5354330708661418,0.3700787401574803,0.5590551181102362,0.5590551181102362,0.5275590551181102,0.4960629921259841,0.5140607424071991,0.473753280839895,2023-11-05,0.5275590551181102,67.0,195.04166666666663
2023-11-05,195.04166666666663,67,0.5275590551181102,0.5354330708661418,0.3700787401574803,0.5590551181102362,0.5511811023622047,0.4881889763779527,0.515185601799775,0.47506561679790027,2023-11-06,0.5196850393700787,66.0,190.75
2023-11-06,190.75,66,0.5196850393700787,0.5275590551181102,0.5354330708661418,0.3700787401574803,0.5511811023622047,0.47769028871391067,0.5118110236220472,0.4795275590551181,2023-11-07,0.5039370078740157,64.0,186.83333333333331
2023-11-07,186.83333333333331,64,0.5039370078740157,0.5196850393700787,0.5275590551181102,0.5354330708661418,0.48031496062992124,0.5275590551181102,0.5073115860517435,0.4758530183727034,2023-11-08,0.5039370078740157,64.0,185.04166666666663
2023-11-08,185.04166666666663,64,0.5039370078740157,0.5039370078740157,0.5196850393700787,0.5275590551181102,0.5590551181102362,0.5170603674540682,0.5106861642294713,0.4711286089238846,2023-11-09,0.4094488188976378,52.0,152.33333333333334
2023-11-09,152.33333333333334,52,0.4094488188976378,0.5039370078740157,0.5039370078740157,0.5196850393700787,0.5590551181102362,0.5091863517060368,0.5028121484814398,0.46561679790026245,2023-11-10,0.4015748031496063,51.0,151.29166666666666
2023-11-10,151.29166666666666,51,0.4015748031496063,0.4094488188976378,0.5039370078740157,0.5039370078740157,0.3700787401574803,0.47244094488188976,0.48143982002249724,0.4619422572178477,2023-11-11,0.06299212598425197,8.0,29.95833333333333
2023-11-11,29.95833333333333,8,0.06299212598425197,0.4015748031496063,0.4094488188976378,0.5039370078740157,0.5354330708661418,0.43832020997375326,0.4859392575928009,0.4700787401574803,2023-11-12,0.07874015748031496,10.0,35.625
2023-11-12,35.625,10,0.07874015748031496,0.06299212598425197,0.4015748031496063,0.4094488188976378,0.5275590551181102,0.2913385826771653,0.4184476940382452,0.4645669291338583,2023-11-13,0.2047244094488189,26.0,80.25
2023-11-13,80.25,26,0.2047244094488189,0.07874015748031496,0.06299212598425197,0.4015748031496063,0.5196850393700787,0.18110236220472434,0.3543307086614173,0.45984251968503936,2023-11-14,0.2755905511811024,35.0,106.16666666666669
2023-11-14,106.16666666666669,35,0.2755905511811024,0.2047244094488189,0.07874015748031496,0.06299212598425197,0.5039370078740157,0.11548556430446187,0.3093363329583802,0.45590551181102357,2023-11-15,0.09448818897637795,12.0,43.29166666666666
2023-11-15,43.29166666666666,12,0.09448818897637795,0.2755905511811024,0.2047244094488189,0.07874015748031496,0.5039370078740157,0.18635170603674533,0.2767154105736783,0.4501312335958005,2023-11-16,0.15748031496062992,20.0,64.0
2023-11-16,64.0,20,0.15748031496062992,0.09448818897637795,0.2755905511811024,0.2047244094488189,0.4094488188976378,0.19160104986876636,0.21822272215973001,0.44068241469816277,2023-11-17,0.2283464566929134,29.0,88.625
2023-11-17,88.625,29,0.2283464566929134,0.15748031496062992,0.09448818897637795,0.2755905511811024,0.4015748031496063,0.1758530183727033,0.18222722159730034,0.42545931758530187,2023-11-18,0.4409448818897638,56.0,163.20833333333334
2023-11-18,163.20833333333334,56,0.4409448818897638,0.2283464566929134,0.15748031496062992,0.09448818897637795,0.06299212598425197,0.16010498687664035,0.15748031496062992,0.41259842519685036,2023-11-19,0.4409448818897638,56.0,164.875
2023-11-19,164.875,56,0.4409448818897638,0.4409448818897638,0.2283464566929134,0.15748031496062992,0.07874015748031496,0.2755905511811023,0.21147356580427448,0.40761154855643045,2023-11-20,0.15748031496062992,20.0,64.0
2023-11-20,64.0,20,0.15748031496062992,0.4409448818897638,0.4409448818897638,0.2283464566929134,0.2047244094488189,0.37007874015748027,0.26321709786276715,0.40944881889763785,2023-11-21,0.12598425196850394,16.0,54.5
2023-11-21,54.5,16,0.12598425196850394,0.15748031496062992,0.4409448818897638,0.4409448818897638,0.2755905511811024,0.3464566929133858,0.25646794150731156,0.39422572178477694,2023-11-22,0.2125984251968504,27.0,83.5
2023-11-22,83.5,27,0.2125984251968504,0.12598425196850394,0.15748031496062992,0.4409448818897638,0.09448818897637795,0.24146981627296582,0.23509561304836896,0.38136482939632543,2023-11-23,0.4015748031496063,51.0,151.04166666666666
2023-11-23,151.04166666666666,51,0.4015748031496063,0.2125984251968504,0.12598425196850394,0.15748031496062992,0.15748031496062992,0.16535433070866137,0.25196850393700787,0.3706036745406824,2023-11-24,0.28346456692913385,36.0,108.375
2023-11-24,108.375,36,0.28346456692913385,0.4015748031496063,0.2125984251968504,0.12598425196850394,0.2283464566929134,0.24671916010498682,0.28683914510686165,0.3653543307086614,2023-11-25,0.3464566929133858,44.0,130.08333333333334
2023-11-25,130.08333333333334,44,0.3464566929133858,0.28346456692913385,0.4015748031496063,0.2125984251968504,0.4409448818897638,0.2992125984251968,0.29471316085489313,0.3637795275590551,2023-11-26,0.023622047244094488,3.0,16.5
2023-11-26,16.5,3,0.023622047244094488,0.3464566929133858,0.28346456692913385,0.4015748031496063,0.4409448818897638,0.3438320209973753,0.28121484814398195,0.3622047244094488,2023-11-27,0.4251968503937008,54.0,157.375
2023-11-27,157.375,54,0.4251968503937008,0.023622047244094488,0.3464566929133858,0.28346456692913385,0.15748031496062992,0.21784776902887135,0.2215973003374578,0.3511811023622047,2023-11-28,0.3700787401574803,47.0,138.70833333333334
2023-11-28,138.70833333333334,47,0.3700787401574803,0.4251968503937008,0.023622047244094488,0.3464566929133858,0.12598425196850394,0.2650918635170603,0.2598425196850394,0.3477690288713911,2023-11-29,0.44881889763779526,57.0,168.0
2023-11-29,168.0,57,0.44881889763779526,0.3700787401574803,0.4251968503937008,0.023622047244094488,0.2125984251968504,0.2729658792650918,0.29471316085489313,0.3417322834645669,2023-11-30,0.3464566929133858,44.0,130.0
2023-11-30,130.0,44,0.3464566929133858,0.44881889763779526,0.3700787401574803,0.4251968503937008,0.4015748031496063,0.4146981627296588,0.32845894263217096,0.33832020997375334,2023-12-01,0.2047244094488189,26.0,81.83333333333333
2023-12-01,81.83333333333333,26,0.2047244094488189,0.3464566929133858,0.44881889763779526,0.3700787401574803,0.28346456692913385,0.3884514435695537,0.3205849268841395,0.33385826771653543,2023-12-02,0.03937007874015748,5.0,23.45833333333333
2023-12-02,23.45833333333333,5,0.03937007874015748,0.2047244094488189,0.3464566929133858,0.44881889763779526,0.3464566929133858,0.33333333333333326,0.3093363329583802,0.32204724409448815,2023-12-03,0.07874015748031496,10.0,37.625
2023-12-03,37.625,10,0.07874015748031496,0.03937007874015748,0.2047244094488189,0.3464566929133858,0.023622047244094488,0.19685039370078736,0.265466816647919,0.3047244094488189,2023-12-04,0.2125984251968504,27.0,84.70833333333333
2023-12-04,84.70833333333333,27,0.2125984251968504,0.07874015748031496,0.03937007874015748,0.2047244094488189,0.4251968503937008,0.10761154855643039,0.27334083239595053,0.2950131233595801,2023-12-05,0.4094488188976378,52.0,152.29166666666666
2023-12-05,152.29166666666666,52,0.4094488188976378,0.2125984251968504,0.07874015748031496,0.03937007874015748,0.3700787401574803,0.1102362204724409,0.24296962879640047,0.284251968503937,2023-12-06,0.4015748031496063,51.0,150.875
2023-12-06,150.875,51,0.4015748031496063,0.4094488188976378,0.2125984251968504,0.07874015748031496,0.44881889763779526,0.23359580052493434,0.2485939257592801,0.28031496062992123,2023-12-07,0.4251968503937008,54.0,159.58333333333334
2023-12-07,159.58333333333334,54,0.4251968503937008,0.4015748031496063,0.4094488188976378,0.2125984251968504,0.3464566929133858,0.3412073490813648,0.24184476940382452,0.2763779527559055,2023-12-08,0.23622047244094488,30.0,91.29166666666669
2023-12-08,91.29166666666669,30,0.23622047244094488,0.4251968503937008,0.4015748031496063,0.4094488188976378,0.2047244094488189,0.41207349081364825,0.2530933633295838,0.273753280839895,2023-12-09,0.3700787401574803,47.0,138.45833333333334
2023-12-09,138.45833333333334,47,0.3700787401574803,0.23622047244094488,0.4251968503937008,0.4015748031496063,0.03937007874015748,0.3543307086614173,0.2575928008998875,0.2648293963254593,2023-12-10,0.07874015748031496,10.0,36.958333333333336
2023-12-10,36.958333333333336,10,0.07874015748031496,0.3700787401574803,0.23622047244094488,0.4251968503937008,0.07874015748031496,0.3438320209973753,0.3048368953880765,0.2635170603674541,2023-12-11,0.4251968503937008,54.0,157.625
2023-12-11,157.625,54,0.4251968503937008,0.07874015748031496,0.3700787401574803,0.23622047244094488,0.2125984251968504,0.2283464566929133,0.3048368953880765,0.25275590551181104,2023-12-12,0.4015748031496063,51.0,150.70833333333334
2023-12-12,150.70833333333334,51,0.4015748031496063,0.4251968503937008,0.07874015748031496,0.3700787401574803,0.4094488188976378,0.2913385826771653,0.3352080989876266,0.2648293963254593,2023-12-13,0.33070866141732286,42.0,125.91666666666669
2023-12-13,125.91666666666669,42,0.33070866141732286,0.4015748031496063,0.4251968503937008,0.07874015748031496,0.4015748031496063,0.3018372703412073,0.3340832395950506,0.2755905511811024,2023-12-14,0.2992125984251969,38.0,114.16666666666669
2023-12-14,114.16666666666669,38,0.2992125984251969,0.33070866141732286,0.4015748031496063,0.4251968503937008,0.4251968503937008,0.38582677165354323,0.32395950506186727,0.27979002624671917,2023-12-15,0.4015748031496063,51.0,150.70833333333334
2023-12-15,150.70833333333334,51,0.4015748031496063,0.2992125984251969,0.33070866141732286,0.4015748031496063,0.23622047244094488,0.3438320209973753,0.3059617547806524,0.28057742782152234,2023-12-16,0.13385826771653545,17.0,55.208333333333336
2023-12-16,55.208333333333336,17,0.13385826771653545,0.4015748031496063,0.2992125984251969,0.33070866141732286,0.3700787401574803,0.3438320209973753,0.32958380202474696,0.2908136482939632,2023-12-17,0.023622047244094488,3.0,16.5
2023-12-17,16.5,3,0.023622047244094488,0.13385826771653545,0.4015748031496063,0.2992125984251969,0.07874015748031496,0.27821522309711283,0.295838020247469,0.29002624671916005,2023-12-18,0.4094488188976378,52.0,154.33333333333334
2023-12-18,154.33333333333334,52,0.4094488188976378,0.023622047244094488,0.13385826771653545,0.4015748031496063,0.4251968503937008,0.18635170603674533,0.28796400449943754,0.28320209973753285,2023-12-19,0.4330708661417323,55.0,159.95833333333334
2023-12-19,159.95833333333334,55,0.4330708661417323,0.4094488188976378,0.023622047244094488,0.13385826771653545,0.4015748031496063,0.18897637795275582,0.2857142857142857,0.2821522309711286,2023-12-20,0.3543307086614173,45.0,133.16666666666666
2023-12-20,133.16666666666666,45,0.3543307086614173,0.4330708661417323,0.4094488188976378,0.023622047244094488,0.33070866141732286,0.28871391076115477,0.29021372328458944,0.2818897637795275,2023-12-21,0.3937007874015748,50.0,148.375
2023-12-21,148.375,50,0.3937007874015748,0.3543307086614173,0.4330708661417323,0.4094488188976378,0.2992125984251969,0.3989501312335957,0.2935883014623172,0.2884514435695538,2023-12-22,0.23622047244094488,30.0,92.375
2023-12-22,92.375,30,0.23622047244094488,0.3937007874015748,0.3543307086614173,0.4330708661417323,0.4015748031496063,0.3937007874015747,0.30708661417322836,0.29737532808398953,2023-12-23,0.3858267716535433,49.0,144.70833333333334
2023-12-23,144.70833333333334,49,0.3858267716535433,0.23622047244094488,0.3937007874015748,0.3543307086614173,0.13385826771653545,0.3280839895013123,0.28346456692913385,0.29816272965879265,2023-12-24,0.2125984251968504,27.0,85.0
2023-12-24,85.0,27,0.2125984251968504,0.3858267716535433,0.23622047244094488,0.3937007874015748,0.023622047244094488,0.33858267716535423,0.3194600674915636,0.29763779527559053,2023-12-25,0.015748031496062992,2.0,13.25
2023-12-25,13.25,2,0.015748031496062992,0.2125984251968504,0.3858267716535433,0.23622047244094488,0.4094488188976378,0.27821522309711283,0.3464566929133858,0.29527559055118113,2023-12-26,0.08661417322834646,11.0,38.16666666666666
2023-12-26,38.16666666666666,11,0.08661417322834646,0.015748031496062992,0.2125984251968504,0.3858267716535433,0.4330708661417323,0.20472440944881884,0.29021372328458944,0.284251968503937,2023-12-27,0.2677165354330709,34.0,104.20833333333331
2023-12-27,104.20833333333331,34,0.2677165354330709,0.08661417322834646,0.015748031496062992,0.2125984251968504,0.3543307086614173,0.10498687664041988,0.24071991001124862,0.2863517060367454,2023-12-28,0.25984251968503935,33.0,100.20833333333331
2023-12-28,100.20833333333331,33,0.25984251968503935,0.2677165354330709,0.08661417322834646,0.015748031496062992,0.3937007874015748,0.12335958005249337,0.2283464566929134,0.2811023622047244,2023-12-29,0.3937007874015748,50.0,147.29166666666666
2023-12-29,147.29166666666666,50,0.3937007874015748,0.25984251968503935,0.2677165354330709,0.08661417322834646,0.23622047244094488,0.20472440944881884,0.2092238470191226,0.27742782152230977,2023-12-30,0.3779527559055118,48.0,141.45833333333334
2023-12-30,141.45833333333334,48,0.3779527559055118,0.3937007874015748,0.25984251968503935,0.2677165354330709,0.3858267716535433,0.30708661417322825,0.23172103487064116,0.2755905511811024,2023-12-31,0.41732283464566927,53.0,156.95833333333334
2023-12-31,156.95833333333334,53,0.41732283464566927,0.3779527559055118,0.3937007874015748,0.25984251968503935,0.2125984251968504,0.34383202099737525,0.23059617547806524,0.27664041994750654,2024-01-01,0.4015748031496063,51.0,149.16666666666666
2024-01-01,149.16666666666666,51,0.4015748031496063,0.41732283464566927,0.3779527559055118,0.3937007874015748,0.015748031496062992,0.39632545931758517,0.25984251968503935,0.2837270341207349,2024-01-02,0.4251968503937008,54.0,159.41666666666666
2024-01-02,159.41666666666666,54,0.4251968503937008,0.4015748031496063,0.41732283464566927,0.3779527559055118,0.08661417322834646,0.39895013123359574,0.31496062992125984,0.2958005249343832,2024-01-03,0.1889763779527559,24.0,75.95833333333333
2024-01-03,75.95833333333333,24,0.1889763779527559,0.4251968503937008,0.4015748031496063,0.41732283464566927,0.2677165354330709,0.4146981627296587,0.36332958380202474,0.30734908136482947,2024-01-04,0.4251968503937008,54.0,159.04166666666666
2024-01-04,159.04166666666666,54,0.4251968503937008,0.1889763779527559,0.4251968503937008,0.4015748031496063,0.25984251968503935,0.33858267716535423,0.35208098987626546,0.3065616797900263,2024-01-05,0.4015748031496063,51.0,149.20833333333334
2024-01-05,149.20833333333334,51,0.4015748031496063,0.4251968503937008,0.1889763779527559,0.4251968503937008,0.3937007874015748,0.3464566929133858,0.37570303712035996,0.30708661417322836,2024-01-06,0.2992125984251969,38.0,113.875
2024-01-06,113.875,38,0.2992125984251969,0.4015748031496063,0.4251968503937008,0.1889763779527559,0.3779527559055118,0.33858267716535423,0.3768278965129359,0.3070866141732284,2024-01-07,0.3464566929133858,44.0,131.83333333333334
2024-01-07,131.83333333333334,44,0.3464566929133858,0.2992125984251969,0.4015748031496063,0.4251968503937008,0.41732283464566927,0.37532808398950124,0.36557930258717664,0.30288713910761156,2024-01-08,0.18110236220472442,23.0,72.20833333333333
2024-01-08,72.20833333333333,23,0.18110236220472442,0.3464566929133858,0.2992125984251969,0.4015748031496063,0.4015748031496063,0.3490813648293962,0.35545556805399325,0.30656167979002624,2024-01-09,0.0,0.0,7.541666666666667
2024-01-09,7.541666666666667,0,0.0,0.18110236220472442,0.3464566929133858,0.2992125984251969,0.4251968503937008,0.2755905511811023,0.32395950506186727,0.30026246719160105,2024-01-10,0.44881889763779526,57.0,165.91666666666666
2024-01-10,165.91666666666666,57,0.44881889763779526,0.0,0.18110236220472442,0.3464566929133858,0.1889763779527559,0.1758530183727033,0.26321709786276715,0.29763779527559053,2024-01-11,0.1889763779527559,24.0,76.29166666666667
2024-01-11,76.29166666666667,24,0.1889763779527559,0.44881889763779526,0.0,0.18110236220472442,0.4251968503937008,0.2099737532808398,0.3003374578177728,0.2984251968503937,2024-01-12,0.10236220472440945,13.0,45.333333333333336
2024-01-12,45.333333333333336,13,0.10236220472440945,0.1889763779527559,0.44881889763779526,0.0,0.4015748031496063,0.21259842519685032,0.26659167604049494,0.2913385826771654,2024-01-13,0.33858267716535434,43.0,129.41666666666666
2024-01-13,129.41666666666666,43,0.33858267716535434,0.10236220472440945,0.1889763779527559,0.44881889763779526,0.2992125984251969,0.24671916010498682,0.22384701912260968,0.28372703412073486,2024-01-14,0.4094488188976378,52.0,153.875
2024-01-14,153.875,52,0.4094488188976378,0.33858267716535434,0.10236220472440945,0.1889763779527559,0.3464566929133858,0.2099737532808398,0.2294713160854893,0.28503937007874014,2024-01-15,0.4015748031496063,51.0,151.625
2024-01-15,151.625,51,0.4015748031496063,0.4094488188976378,0.33858267716535434,0.10236220472440945,0.18110236220472442,0.2834645669291338,0.23847019122609675,0.28530183727034125,2024-01-16,0.11811023622047244,15.0,49.91666666666666
2024-01-16,49.91666666666666,15,0.11811023622047244,0.4015748031496063,0.4094488188976378,0.33858267716535434,0.0,0.3832020997375327,0.26996625421822273,0.2942257217847769,2024-01-17,0.47244094488188976,60.0,174.91666666666666
2024-01-17,174.91666666666666,60,0.47244094488188976,0.11811023622047244,0.4015748031496063,0.4094488188976378,0.44881889763779526,0.30971128608923876,0.28683914510686165,0.2973753280839894,2024-01-18,0.41732283464566927,53.0,154.58333333333334
2024-01-18,154.58333333333334,53,0.41732283464566927,0.47244094488188976,0.11811023622047244,0.4015748031496063,0.1889763779527559,0.33070866141732275,0.29021372328458944,0.2994750656167979,2024-01-19,0.4645669291338583,59.0,171.79166666666666
2024-01-19,171.79166666666666,59,0.4645669291338583,0.41732283464566927,0.47244094488188976,0.11811023622047244,0.10236220472440945,0.33595800524934377,0.3228346456692913,0.2989501312335958,2024-01-20,0.48031496062992124,61.0,177.33333333333334
2024-01-20,177.33333333333334,61,0.48031496062992124,0.4645669291338583,0.41732283464566927,0.47244094488188976,0.33858267716535434,0.4514435695538057,0.37457817772778407,0.3026246719160105,2024-01-21,0.4645669291338583,59.0,171.45833333333334
2024-01-21,171.45833333333334,59,0.4645669291338583,0.48031496062992124,0.4645669291338583,0.41732283464566927,0.4094488188976378,0.4540682414698162,0.3948256467941507,0.305511811023622,2024-01-22,0.3464566929133858,44.0,130.41666666666666
2024-01-22,130.41666666666666,44,0.3464566929133858,0.4645669291338583,0.48031496062992124,0.4645669291338583,0.4015748031496063,0.4698162729658792,0.40269966254218226,0.31312335958005255,2024-01-23,0.07874015748031496,10.0,37.625
2024-01-23,37.625,10,0.07874015748031496,0.3464566929133858,0.4645669291338583,0.48031496062992124,0.11811023622047244,0.43044619422572167,0.3948256467941507,0.3118110236220472,2024-01-24,0.2204724409448819,28.0,86.29166666666667
2024-01-24,86.29166666666667,28,0.2204724409448819,0.07874015748031496,0.3464566929133858,0.4645669291338583,0.47244094488188976,0.29658792650918625,0.3892013498312711,0.30734908136482936,2024-01-25,0.3858267716535433,49.0,144.08333333333334
2024-01-25,144.08333333333334,49,0.3858267716535433,0.2204724409448819,0.07874015748031496,0.3464566929133858,0.41732283464566927,0.2152230971128608,0.3532058492688414,0.31417322834645667,2024-01-26,0.31496062992125984,40.0,119.16666666666669
2024-01-26,119.16666666666669,40,0.31496062992125984,0.3858267716535433,0.2204724409448819,0.07874015748031496,0.4645669291338583,0.22834645669291329,0.3487064116985377,0.3241469816272966,2024-01-27,0.31496062992125984,40.0,118.79166666666669
2024-01-27,118.79166666666669,40,0.31496062992125984,0.31496062992125984,0.3858267716535433,0.2204724409448819,0.48031496062992124,0.30708661417322825,0.32733408323959506,0.3257217847769029,2024-01-28,0.49606299212598426,63.0,182.20833333333331
2024-01-28,182.20833333333331,63,0.49606299212598426,0.31496062992125984,0.31496062992125984,0.3858267716535433,0.4645669291338583,0.33858267716535423,0.3037120359955005,0.3275590551181102,2024-01-29,0.49606299212598426,63.0,184.91666666666663
2024-01-29,184.91666666666663,63,0.49606299212598426,0.49606299212598426,0.31496062992125984,0.31496062992125984,0.3464566929133858,0.37532808398950124,0.3082114735658043,0.3309711286089239,2024-01-30,0.5118110236220472,65.0,189.29166666666663
2024-01-30,189.29166666666663,65,0.5118110236220472,0.49606299212598426,0.49606299212598426,0.31496062992125984,0.07874015748031496,0.4356955380577427,0.3295838020247469,0.33490813648293966,2024-01-31,0.3858267716535433,49.0,144.79166666666666
2024-01-31,144.79166666666666,49,0.3858267716535433,0.5118110236220472,0.49606299212598426,0.49606299212598426,0.2204724409448819,0.5013123359580051,0.3914510686164229,0.3380577427821522,2024-02-01,0.49606299212598426,63.0,183.04166666666663
2024-02-01,183.04166666666663,63,0.49606299212598426,0.3858267716535433,0.5118110236220472,0.49606299212598426,0.3858267716535433,0.46456692913385816,0.4150731158605175,0.3375328083989501,2024-02-02,0.4566929133858268,58.0,169.625
2024-02-02,169.625,58,0.4566929133858268,0.49606299212598426,0.3858267716535433,0.5118110236220472,0.31496062992125984,0.46456692913385816,0.43082114735658045,0.33989501312335957,2024-02-03,0.4645669291338583,59.0,173.58333333333334
2024-02-03,173.58333333333334,59,0.4645669291338583,0.4566929133858268,0.49606299212598426,0.3858267716535433,0.31496062992125984,0.44619422572178463,0.45106861642294716,0.3488188976377952,2024-02-04,0.031496062992125984,4.0,21.041666666666668
2024-02-04,21.041666666666668,4,0.031496062992125984,0.4645669291338583,0.4566929133858268,0.49606299212598426,0.49606299212598426,0.47244094488188965,0.4724409448818898,0.35013123359580056,2024-02-05,0.08661417322834646,11.0,39.79166666666666
2024-02-05,39.79166666666666,11,0.08661417322834646,0.031496062992125984,0.4645669291338583,0.4566929133858268,0.49606299212598426,0.31758530183727024,0.40607424071991005,0.33779527559055117,2024-02-06,0.5433070866141733,69.0,200.16666666666663
2024-02-06,200.16666666666663,69,0.5433070866141733,0.08661417322834646,0.031496062992125984,0.4645669291338583,0.5118110236220472,0.1942257217847768,0.34758155230596177,0.33070866141732286,2024-02-07,0.5590551181102362,71.0,205.875
2024-02-07,205.875,71,0.5590551181102362,0.5433070866141733,0.08661417322834646,0.031496062992125984,0.3858267716535433,0.2204724409448818,0.35208098987626546,0.33727034120734906,2024-02-08,0.47244094488188976,60.0,174.66666666666666
2024-02-08,174.66666666666666,60,0.47244094488188976,0.5590551181102362,0.5433070866141733,0.08661417322834646,0.49606299212598426,0.39632545931758517,0.37682789651293586,0.3498687664041995,2024-02-09,0.3464566929133858,44.0,131.75
2024-02-09,131.75,44,0.3464566929133858,0.47244094488188976,0.5590551181102362,0.5433070866141733,0.4566929133858268,0.5249343832020996,0.37345331833520806,0.36561679790026247,2024-02-10,0.33858267716535434,43.0,127.91666666666669
2024-02-10,127.91666666666669,43,0.33858267716535434,0.3464566929133858,0.47244094488188976,0.5590551181102362,0.4645669291338583,0.45931758530183703,0.3577052868391451,0.36220472440944884,2024-02-11,0.1732283464566929,22.0,68.79166666666667
2024-02-11,68.79166666666667,22,0.1732283464566929,0.33858267716535434,0.3464566929133858,0.47244094488188976,0.031496062992125984,0.3858267716535431,0.33970753655793023,0.36719160104986875,2024-02-12,0.015748031496062992,2.0,14.625
2024-02-12,14.625,2,0.015748031496062992,0.1732283464566929,0.33858267716535434,0.3464566929133858,0.08661417322834646,0.2860892388451442,0.35995500562429694,0.3695538057742782,2024-02-13,0.5511811023622047,70.0,204.16666666666663
2024-02-13,204.16666666666663,70,0.5511811023622047,0.015748031496062992,0.1732283464566929,0.33858267716535434,0.5433070866141733,0.17585301837270326,0.3498312710911136,0.35879265091863516,2024-02-14,0.5905511811023622,75.0,217.41666666666663
2024-02-14,217.41666666666663,75,0.5905511811023622,0.5511811023622047,0.015748031496062992,0.1732283464566929,0.5590551181102362,0.24671916010498673,0.35095613048368957,0.36351706036745407,2024-02-15,0.5275590551181102,67.0,193.54166666666663
2024-02-15,193.54166666666663,67,0.5275590551181102,0.5905511811023622,0.5511811023622047,0.015748031496062992,0.47244094488188976,0.3858267716535431,0.35545556805399325,0.36981627296587927,2024-02-16,0.33858267716535434,43.0,127.33333333333331
2024-02-16,127.33333333333331,43,0.33858267716535434,0.5275590551181102,0.5905511811023622,0.5511811023622047,0.3464566929133858,0.5564304461942255,0.36332958380202474,0.3834645669291339,2024-02-17,0.1732283464566929,22.0,68.66666666666667
2024-02-17,68.66666666666667,22,0.1732283464566929,0.33858267716535434,0.5275590551181102,0.5905511811023622,0.33858267716535434,0.48556430446194204,0.3622047244094488,0.379002624671916,2024-02-18,0.12598425196850394,16.0,52.0
2024-02-18,52.0,16,0.12598425196850394,0.1732283464566929,0.33858267716535434,0.5275590551181102,0.1732283464566929,0.34645669291338566,0.3385826771653543,0.37086614173228344,2024-02-19,0.5275590551181102,67.0,194.33333333333331
2024-02-19,194.33333333333331,67,0.5275590551181102,0.12598425196850394,0.1732283464566929,0.33858267716535434,0.015748031496062992,0.21259842519685024,0.33183352080989875,0.35958005249343833,2024-02-20,0.6062992125984252,77.0,222.45833333333331
2024-02-20,222.45833333333331,77,0.6062992125984252,0.5275590551181102,0.12598425196850394,0.1732283464566929,0.5511811023622047,0.27559055118110215,0.40494938132733405,0.3611548556430446,2024-02-21,0.6220472440944882,79.0,227.33333333333331
2024-02-21,227.33333333333331,79,0.6220472440944882,0.6062992125984252,0.5275590551181102,0.12598425196850394,0.5905511811023622,0.4199475065616796,0.41282339707536553,0.3658792650918635,2024-02-22,0.5905511811023622,75.0,215.875
2024-02-22,215.875,75,0.5905511811023622,0.6220472440944882,0.6062992125984252,0.5275590551181102,0.5275590551181102,0.585301837270341,0.41732283464566927,0.37506561679790024,2024-02-23,0.25196850393700787,32.0,97.58333333333331
2024-02-23,97.58333333333331,32,0.25196850393700787,0.5905511811023622,0.6220472440944882,0.6062992125984252,0.33858267716535434,0.606299212598425,0.4263217097862767,0.39212598425196854,2024-02-24,0.4881889763779528,62.0,182.08333333333331
2024-02-24,182.08333333333331,62,0.4881889763779528,0.25196850393700787,0.5905511811023622,0.6220472440944882,0.1732283464566929,0.48818897637795255,0.41394825646794153,0.3931758530183727,2024-02-25,0.6377952755905512,81.0,234.79166666666663
2024-02-25,234.79166666666663,81,0.6377952755905512,0.4881889763779528,0.25196850393700787,0.5905511811023622,0.12598425196850394,0.44356955380577406,0.4589426321709786,0.39658792650918634,2024-02-26,0.6377952755905512,81.0,234.0
2024-02-26,234.0,81,0.6377952755905512,0.6377952755905512,0.4881889763779528,0.25196850393700787,0.5275590551181102,0.45931758530183703,0.532058492688414,0.4073490813648294,2024-02-27,0.4881889763779528,62.0,180.58333333333331
2024-02-27,180.58333333333331,62,0.4881889763779528,0.6377952755905512,0.6377952755905512,0.4881889763779528,0.6062992125984252,0.5879265091863516,0.547806524184477,0.41811023622047244,2024-02-28,0.4409448818897638,56.0,165.375
2024-02-28,165.375,56,0.4409448818897638,0.4881889763779528,0.6377952755905512,0.6377952755905512,0.6220472440944882,0.5879265091863516,0.530933633295838,0.4178477690288714,2024-02-29,0.3464566929133858,44.0,130.5
2024-02-29,130.5,44,0.3464566929133858,0.4409448818897638,0.4881889763779528,0.6377952755905512,0.5905511811023622,0.522309711286089,0.5050618672665916,0.4160104986876641,2024-03-01,0.03937007874015748,5.0,22.33333333333333
2024-03-01,22.33333333333333,5,0.03937007874015748,0.3464566929133858,0.4409448818897638,0.4881889763779528,0.25196850393700787,0.42519685039370064,0.47019122609673797,0.41049868766404196,2024-03-02,0.15748031496062992,20.0,65.20833333333333
2024-03-02,65.20833333333333,20,0.15748031496062992,0.03937007874015748,0.3464566929133858,0.4409448818897638,0.4881889763779528,0.27559055118110215,0.4398200224971878,0.3989501312335958,2024-03-03,0.16535433070866143,21.0,67.70833333333333
2024-03-03,67.70833333333333,21,0.16535433070866143,0.15748031496062992,0.03937007874015748,0.3464566929133858,0.6377952755905512,0.18110236220472423,0.3925759280089988,0.38766404199475063,2024-03-04,0.4566929133858268,58.0,168.83333333333334
2024-03-04,168.83333333333334,58,0.4566929133858268,0.16535433070866143,0.15748031496062992,0.03937007874015748,0.6377952755905512,0.12073490813648276,0.32508436445444316,0.37795275590551186,2024-03-05,0.2283464566929134,29.0,89.125
2024-03-05,89.125,29,0.2283464566929134,0.4566929133858268,0.16535433070866143,0.15748031496062992,0.4881889763779528,0.2598425196850392,0.2992125984251968,0.37769028871391075,2024-03-06,0.48031496062992124,61.0,178.0
2024-03-06,178.0,61,0.48031496062992124,0.2283464566929134,0.4566929133858268,0.16535433070866143,0.4409448818897638,0.2834645669291337,0.26209223847019125,0.384251968503937,2024-03-07,0.5984251968503937,76.0,219.91666666666663
2024-03-07,219.91666666666663,76,0.5984251968503937,0.48031496062992124,0.2283464566929134,0.4566929133858268,0.3464566929133858,0.38845144356955363,0.2677165354330709,0.3973753280839895,2024-03-08,0.4015748031496063,51.0,149.95833333333334
2024-03-08,149.95833333333334,51,0.4015748031496063,0.5984251968503937,0.48031496062992124,0.2283464566929134,0.03937007874015748,0.4356955380577426,0.3037120359955006,0.39921259842519685,2024-03-09,0.13385826771653545,17.0,56.208333333333336
2024-03-09,56.208333333333336,17,0.13385826771653545,0.4015748031496063,0.5984251968503937,0.48031496062992124,0.15748031496062992,0.4934383202099735,0.35545556805399325,0.3939632545931759,2024-03-10,0.6929133858267716,88.0,253.95833333333331
2024-03-10,253.95833333333331,88,0.6929133858267716,0.13385826771653545,0.4015748031496063,0.5984251968503937,0.16535433070866143,0.37795275590551164,0.35208098987626546,0.3826771653543307,2024-03-11,0.5590551181102362,71.0,204.79166666666663
2024-03-11,204.79166666666663,71,0.5590551181102362,0.6929133858267716,0.13385826771653545,0.4015748031496063,0.4566929133858268,0.4094488188976377,0.42744656917885265,0.39422572178477694,2024-03-12,0.7086614173228346,90.0,259.4166666666667
2024-03-12,259.4166666666667,90,0.7086614173228346,0.5590551181102362,0.6929133858267716,0.13385826771653545,0.2283464566929134,0.4619422572178476,0.44206974128233967,0.4015748031496063,2024-03-13,0.6220472440944882,79.0,226.70833333333331
2024-03-13,226.70833333333331,79,0.6220472440944882,0.7086614173228346,0.5590551181102362,0.6929133858267716,0.48031496062992124,0.653543307086614,0.5106861642294713,0.4194225721784777,2024-03-14,0.7086614173228346,90.0,258.875
2024-03-14,258.875,90,0.7086614173228346,0.6220472440944882,0.7086614173228346,0.5590551181102362,0.5984251968503937,0.6299212598425195,0.530933633295838,0.43963254593175854,2024-03-15,0.5275590551181102,67.0,194.83333333333331
2024-03-15,194.83333333333331,67,0.5275590551181102,0.7086614173228346,0.6220472440944882,0.7086614173228346,0.4015748031496063,0.679790026246719,0.546681664791901,0.4448818897637795,2024-03-16,0.6614173228346457,84.0,242.125
2024-03-16,242.125,84,0.6614173228346457,0.5275590551181102,0.7086614173228346,0.6220472440944882,0.13385826771653545,0.6194225721784775,0.5646794150731159,0.44278215223097117,2024-03-17,0.5275590551181102,67.0,195.58333333333331
2024-03-17,195.58333333333331,67,0.5275590551181102,0.6614173228346457,0.5275590551181102,0.7086614173228346,0.6929133858267716,0.6325459317585299,0.6400449943757031,0.44724409448818897,2024-03-18,0.6062992125984252,77.0,222.04166666666663
2024-03-18,222.04166666666663,77,0.6062992125984252,0.5275590551181102,0.6614173228346457,0.5275590551181102,0.5590551181102362,0.5721784776902884,0.6164229471316085,0.4535433070866142,2024-03-19,0.7952755905511811,101.0,288.375
2024-03-19,288.375,101,0.7952755905511811,0.6062992125984252,0.5275590551181102,0.6614173228346457,0.7086614173228346,0.5984251968503935,0.6231721034870642,0.4679790026246719,2024-03-20,0.7716535433070866,98.0,279.875
2024-03-20,279.875,98,0.7716535433070866,0.7952755905511811,0.6062992125984252,0.5275590551181102,0.6220472440944882,0.643044619422572,0.6355455568053994,0.4902887139107611,2024-03-21,0.7165354330708661,91.0,261.2083333333333
2024-03-21,261.2083333333333,91,0.7165354330708661,0.7716535433070866,0.7952755905511811,0.6062992125984252,0.7086614173228346,0.7244094488188976,0.6569178852643419,0.4984251968503937,2024-03-22,0.12598425196850394,16.0,52.833333333333336
2024-03-22,52.833333333333336,16,0.12598425196850394,0.7165354330708661,0.7716535433070866,0.7952755905511811,0.5275590551181102,0.7611548556430444,0.6580427446569178,0.5020997375328083,2024-03-23,0.5196850393700787,66.0,192.33333333333331
2024-03-23,192.33333333333331,66,0.5196850393700787,0.12598425196850394,0.7165354330708661,0.7716535433070866,0.6614173228346457,0.538057742782152,0.6006749156355455,0.48556430446194226,2024-03-24,0.8031496062992126,102.0,290.9583333333333
2024-03-24,290.9583333333333,102,0.8031496062992126,0.5196850393700787,0.12598425196850394,0.7165354330708661,0.5275590551181102,0.45406824146981606,0.5804274465691789,0.48320209973753275,2024-03-25,0.3700787401574803,47.0,139.16666666666666
2024-03-25,139.16666666666666,47,0.3700787401574803,0.8031496062992126,0.5196850393700787,0.12598425196850394,0.6062992125984252,0.4829396325459316,0.6197975253093363,0.5015748031496063,2024-03-26,0.4094488188976378,52.0,153.16666666666666
2024-03-26,153.16666666666666,52,0.4094488188976378,0.3700787401574803,0.8031496062992126,0.5196850393700787,0.7952755905511811,0.564304461942257,0.5860517435320585,0.4976377952755905,2024-03-27,0.25984251968503935,33.0,99.04166666666669
2024-03-27,99.04166666666669,33,0.25984251968503935,0.4094488188976378,0.3700787401574803,0.8031496062992126,0.7716535433070866,0.5275590551181101,0.530933633295838,0.4900262467191601,2024-03-28,0.44881889763779526,57.0,166.75
2024-03-28,166.75,57,0.44881889763779526,0.25984251968503935,0.4094488188976378,0.3700787401574803,0.7165354330708661,0.34645669291338566,0.4578177727784027,0.47742782152230967,2024-03-29,0.8267716535433071,105.0,301.0
2024-03-29,301.0,105,0.8267716535433071,0.44881889763779526,0.25984251968503935,0.4094488188976378,0.12598425196850394,0.3727034120734906,0.41957255343082117,0.4761154855643045,2024-03-30,0.8110236220472441,103.0,294.875
2024-03-30,294.875,103,0.8110236220472441,0.8267716535433071,0.44881889763779526,0.25984251968503935,0.5196850393700787,0.5118110236220471,0.5196850393700787,0.4889763779527559,2024-03-31,0.6220472440944882,79.0,228.83333333333331
2024-03-31,228.83333333333331,79,0.6220472440944882,0.8110236220472441,0.8267716535433071,0.44881889763779526,0.8031496062992126,0.695538057742782,0.561304836895388,0.5044619422572179,2024-04-01,0.5196850393700787,66.0,193.04166666666663
2024-04-01,193.04166666666663,66,0.5196850393700787,0.6220472440944882,0.8110236220472441,0.8267716535433071,0.3700787401574803,0.7532808398950129,0.5354330708661418,0.5238845144356955,2024-04-02,0.5511811023622047,70.0,203.875
2024-04-02,203.875,70,0.5511811023622047,0.5196850393700787,0.6220472440944882,0.8110236220472441,0.4094488188976378,0.6509186351706036,0.5568053993250844,0.5359580052493438,2024-04-03,0.1889763779527559,24.0,76.70833333333333
2024-04-03,76.70833333333333,24,0.1889763779527559,0.5511811023622047,0.5196850393700787,0.6220472440944882,0.25984251968503935,0.5643044619422571,0.5770528683914511,0.5488188976377952,2024-04-04,0.8582677165354331,109.0,311.0
2024-04-04,311.0,109,0.8582677165354331,0.1889763779527559,0.5511811023622047,0.5196850393700787,0.44881889763779526,0.4199475065616796,0.5669291338582677,0.5398950131233596,2024-04-05,0.8582677165354331,109.0,311.5416666666667
2024-04-05,311.5416666666667,109,0.8582677165354331,0.8582677165354331,0.1889763779527559,0.5511811023622047,0.8267716535433071,0.5328083989501311,0.625421822272216,0.5608923884514436,2024-04-06,0.84251968503937,107.0,305.8333333333333
2024-04-06,305.8333333333333,107,0.84251968503937,0.8582677165354331,0.8582677165354331,0.1889763779527559,0.8110236220472441,0.6351706036745405,0.6299212598425197,0.5734908136482939,2024-04-07,0.8346456692913385,106.0,302.0833333333333
2024-04-07,302.0833333333333,106,0.8346456692913385,0.84251968503937,0.8582677165354331,0.8582677165354331,0.6220472440944882,0.8530183727034119,0.6344206974128234,0.5816272965879266,2024-04-08,0.8267716535433071,105.0,299.4166666666667
2024-04-08,299.4166666666667,105,0.8267716535433071,0.8346456692913385,0.84251968503937,0.8582677165354331,0.5196850393700787,0.8451443569553804,0.6647919010123734,0.5960629921259842,2024-04-09,0.5669291338582677,72.0,207.95833333333331
2024-04-09,207.95833333333331,72,0.5669291338582677,0.8267716535433071,0.8346456692913385,0.84251968503937,0.5511811023622047,0.8346456692913384,0.7086614173228346,0.6191601049868767,2024-04-10,0.5275590551181102,67.0,194.83333333333331
2024-04-10,194.83333333333331,67,0.5275590551181102,0.5669291338582677,0.8267716535433071,0.8346456692913385,0.1889763779527559,0.742782152230971,0.7109111361079865,0.6149606299212598,2024-04-11,0.49606299212598426,63.0,184.5
2024-04-11,184.5,63,0.49606299212598426,0.5275590551181102,0.5669291338582677,0.8267716535433071,0.8582677165354331,0.6404199475065615,0.7592800899887514,0.6139107611548555,2024-04-12,0.8818897637795275,112.0,319.3333333333333
2024-04-12,319.3333333333333,112,0.8818897637795275,0.49606299212598426,0.5275590551181102,0.5669291338582677,0.8582677165354331,0.5301837270341205,0.7075365579302587,0.6068241469816272,2024-04-13,0.889763779527559,113.0,323.0416666666667
2024-04-13,323.0416666666667,113,0.889763779527559,0.8818897637795275,0.49606299212598426,0.5275590551181102,0.84251968503937,0.6351706036745405,0.7109111361079865,0.6154855643044619,2024-04-14,0.8740157480314961,111.0,316.8333333333333
2024-04-14,316.8333333333333,111,0.8740157480314961,0.889763779527559,0.8818897637795275,0.49606299212598426,0.8346456692913385,0.7559055118110235,0.717660292463442,0.6215223097112861,2024-04-15,0.8582677165354331,109.0,311.25
2024-04-15,311.25,109,0.8582677165354331,0.8740157480314961,0.889763779527559,0.8818897637795275,0.8267716535433071,0.8818897637795274,0.7232845894263217,0.6330708661417322,2024-04-16,0.6377952755905512,81.0,233.625
2024-04-16,233.625,81,0.6377952755905512,0.8582677165354331,0.8740157480314961,0.889763779527559,0.5669291338582677,0.874015748031496,0.7277840269966254,0.6396325459317586,2024-04-17,0.6299212598425197,80.0,229.33333333333331
2024-04-17,229.33333333333331,80,0.6299212598425197,0.6377952755905512,0.8582677165354331,0.8740157480314961,0.5275590551181102,0.7900262467191599,0.7379077615298087,0.6433070866141732,2024-04-18,0.8267716535433071,105.0,299.3333333333333
2024-04-18,299.3333333333333,105,0.8267716535433071,0.6299212598425197,0.6377952755905512,0.8582677165354331,0.49606299212598426,0.7086614173228346,0.7525309336332958,0.6440944881889763,2024-04-19,0.7637795275590551,97.0,278.5416666666667
2024-04-19,278.5416666666667,97,0.7637795275590551,0.8267716535433071,0.6299212598425197,0.6377952755905512,0.8818897637795275,0.6981627296587924,0.7997750281214848,0.6451443569553805,2024-04-20,0.7165354330708661,91.0,260.75
2024-04-20,260.75,91,0.7165354330708661,0.7637795275590551,0.8267716535433071,0.6299212598425197,0.889763779527559,0.7401574803149605,0.7829021372328457,0.6448818897637795,2024-04-21,0.3464566929133858,44.0,129.91666666666666
2024-04-21,129.91666666666666,44,0.3464566929133858,0.7165354330708661,0.7637795275590551,0.8267716535433071,0.8740157480314961,0.7690288713910759,0.7581552305961755,0.6448818897637795,2024-04-22,0.8110236220472441,103.0,293.5833333333333
2024-04-22,293.5833333333333,103,0.8110236220472441,0.3464566929133858,0.7165354330708661,0.7637795275590551,0.8582677165354331,0.6089238845144356,0.6827896512935884,0.6522309711286088,2024-04-23,0.937007874015748,119.0,337.6666666666667
2024-04-23,337.6666666666667,119,0.937007874015748,0.8110236220472441,0.3464566929133858,0.7165354330708661,0.6377952755905512,0.6246719160104984,0.6760404949381327,0.6619422572178478,2024-04-24,0.905511811023622,115.0,326.6666666666667
2024-04-24,326.6666666666667,115,0.905511811023622,0.937007874015748,0.8110236220472441,0.3464566929133858,0.6299212598425197,0.6981627296587924,0.718785151856018,0.6664041994750656,2024-04-25,0.8503937007874016,108.0,308.2916666666667
2024-04-25,308.2916666666667,108,0.8503937007874016,0.905511811023622,0.937007874015748,0.8110236220472441,0.8267716535433071,0.8845144356955378,0.7581552305961755,0.684251968503937,2024-04-26,0.8582677165354331,109.0,312.1666666666667
2024-04-26,312.1666666666667,109,0.8582677165354331,0.8503937007874016,0.905511811023622,0.937007874015748,0.7637795275590551,0.8976377952755904,0.7615298087739033,0.6989501312335958,2024-04-27,0.6299212598425197,80.0,231.70833333333331
2024-04-27,231.70833333333331,80,0.6299212598425197,0.8582677165354331,0.8503937007874016,0.905511811023622,0.7165354330708661,0.8713910761154854,0.7750281214848144,0.7188976377952756,2024-04-28,0.7322834645669292,93.0,266.125
2024-04-28,266.125,93,0.7322834645669292,0.6299212598425197,0.8582677165354331,0.8503937007874016,0.3464566929133858,0.7795275590551181,0.7626546681664792,0.7249343832020998,2024-04-29,0.8188976377952756,104.0,296.2083333333333
2024-04-29,296.2083333333333,104,0.8188976377952756,0.7322834645669292,0.6299212598425197,0.8582677165354331,0.8110236220472441,0.7401574803149605,0.8177727784026996,0.721784776902887,2024-04-30,0.6299212598425197,80.0,230.875
2024-04-30,230.875,80,0.6299212598425197,0.8188976377952756,0.7322834645669292,0.6299212598425197,0.937007874015748,0.727034120734908,0.8188976377952757,0.7220472440944882,2024-05-01,0.8346456692913385,106.0,303.9583333333333
2024-05-01,303.9583333333333,106,0.8346456692913385,0.6299212598425197,0.8188976377952756,0.7322834645669292,0.905511811023622,0.727034120734908,0.7750281214848144,0.7223097112860892,2024-05-02,0.8582677165354331,109.0,312.2083333333333
2024-05-02,312.2083333333333,109,0.8582677165354331,0.8346456692913385,0.6299212598425197,0.8188976377952756,0.8503937007874016,0.7611548556430444,0.7649043869516311,0.7328083989501313,2024-05-03,0.8267716535433071,105.0,298.7916666666667
2024-05-03,298.7916666666667,105,0.8267716535433071,0.8582677165354331,0.8346456692913385,0.6299212598425197,0.8582677165354331,0.7742782152230969,0.7660292463442069,0.7430446194225723,2024-05-04,0.6062992125984252,77.0,223.33333333333331
2024-05-04,223.33333333333331,77,0.6062992125984252,0.8267716535433071,0.8582677165354331,0.8346456692913385,0.6299212598425197,0.8398950131233595,0.7615298087739033,0.7643044619422572,2024-05-05,0.5669291338582677,72.0,209.08333333333331
2024-05-05,209.08333333333331,72,0.5669291338582677,0.6062992125984252,0.8267716535433071,0.8582677165354331,0.7322834645669292,0.763779527559055,0.7581552305961754,0.7559055118110236,2024-05-06,0.5905511811023622,75.0,215.75
2024-05-06,215.75,75,0.5905511811023622,0.5669291338582677,0.6062992125984252,0.8267716535433071,0.8188976377952756,0.6666666666666665,0.734533183352081,0.7461942257217848,2024-05-07,0.8582677165354331,109.0,312.0833333333333
2024-05-07,312.0833333333333,109,0.8582677165354331,0.5905511811023622,0.5669291338582677,0.6062992125984252,0.6299212598425197,0.5879265091863516,0.7019122609673791,0.7377952755905511,2024-05-08,0.8818897637795275,112.0,319.3333333333333
2024-05-08,319.3333333333333,112,0.8818897637795275,0.8582677165354331,0.5905511811023622,0.5669291338582677,0.8346456692913385,0.6719160104986875,0.734533183352081,0.7385826771653543,2024-05-09,0.3779527559055118,48.0,142.20833333333334
2024-05-09,142.20833333333334,48,0.3779527559055118,0.8818897637795275,0.8582677165354331,0.5905511811023622,0.8582677165354331,0.7769028871391074,0.7412823397075365,0.7404199475065617,2024-05-10,0.5433070866141733,69.0,198.79166666666663
2024-05-10,198.79166666666663,69,0.5433070866141733,0.3779527559055118,0.8818897637795275,0.8582677165354331,0.8267716535433071,0.706036745406824,0.672665916760405,0.7341207349081366,2024-05-11,0.937007874015748,119.0,338.375
2024-05-11,338.375,119,0.937007874015748,0.5433070866141733,0.3779527559055118,0.8818897637795275,0.6062992125984252,0.601049868766404,0.6321709786276716,0.7346456692913387,2024-05-12,0.6771653543307087,86.0,247.16666666666663
2024-05-12,247.16666666666663,86,0.6771653543307087,0.937007874015748,0.5433070866141733,0.3779527559055118,0.5669291338582677,0.6194225721784775,0.6794150731158606,0.7493438320209974,2024-05-13,0.1968503937007874,25.0,77.45833333333333
2024-05-13,77.45833333333333,25,0.1968503937007874,0.6771653543307087,0.937007874015748,0.5433070866141733,0.5905511811023622,0.7191601049868765,0.6951631046119235,0.7425196850393702,2024-05-14,0.5354330708661418,68.0,196.5
2024-05-14,196.5,68,0.5354330708661418,0.1968503937007874,0.6771653543307087,0.937007874015748,0.8582677165354331,0.6036745406824146,0.6389201349831272,0.7194225721784778,2024-05-15,0.8661417322834646,110.0,314.7916666666667
2024-05-15,314.7916666666667,110,0.8661417322834646,0.5354330708661418,0.1968503937007874,0.6771653543307087,0.8818897637795275,0.4698162729658792,0.5928008998875142,0.7081364829396326,2024-05-16,0.937007874015748,119.0,340.25
2024-05-16,340.25,119,0.937007874015748,0.8661417322834646,0.5354330708661418,0.1968503937007874,0.3779527559055118,0.5328083989501311,0.5905511811023622,0.7083989501312336,2024-05-17,0.2677165354330709,34.0,101.875
2024-05-17,101.875,34,0.2677165354330709,0.937007874015748,0.8661417322834646,0.5354330708661418,0.5433070866141733,0.779527559055118,0.6704161979752531,0.7183727034120735,2024-05-18,0.2125984251968504,27.0,84.25
2024-05-18,84.25,27,0.2125984251968504,0.2677165354330709,0.937007874015748,0.8661417322834646,0.937007874015748,0.690288713910761,0.6310461192350957,0.7062992125984252,2024-05-19,0.5275590551181102,67.0,195.04166666666663
2024-05-19,195.04166666666663,67,0.5275590551181102,0.2125984251968504,0.2677165354330709,0.937007874015748,0.6771653543307087,0.47244094488188965,0.5275590551181102,0.6858267716535433,2024-05-20,0.6535433070866141,83.0,238.20833333333331
2024-05-20,238.20833333333331,83,0.6535433070866141,0.5275590551181102,0.2125984251968504,0.2677165354330709,0.1968503937007874,0.33595800524934366,0.5061867266591676,0.6779527559055119,2024-05-21,0.937007874015748,119.0,340.0
2024-05-21,340.0,119,0.937007874015748,0.6535433070866141,0.5275590551181102,0.2125984251968504,0.5354330708661418,0.4645669291338581,0.5714285714285714,0.6758530183727035,2024-05-22,0.8976377952755905,114.0,324.75
2024-05-22,324.75,114,0.8976377952755905,0.937007874015748,0.6535433070866141,0.5275590551181102,0.8661417322834646,0.7060367454068239,0.6287964004499438,0.6955380577427822,2024-05-23,0.7716535433070866,98.0,280.0
2024-05-23,280.0,98,0.7716535433070866,0.8976377952755905,0.937007874015748,0.6535433070866141,0.937007874015748,0.8293963254593174,0.6332958380202475,0.6984251968503937,2024-05-24,0.6141732283464567,78.0,225.45833333333331
2024-05-24,225.45833333333331,78,0.6141732283464567,0.7716535433070866,0.8976377952755905,0.937007874015748,0.2677165354330709,0.8687664041994748,0.6096737907761529,0.6929133858267716,2024-05-25,0.6220472440944882,79.0,228.875
2024-05-25,228.875,79,0.6220472440944882,0.6141732283464567,0.7716535433070866,0.8976377952755905,0.2125984251968504,0.7611548556430444,0.6591676040494938,0.6832020997375329,2024-05-26,0.905511811023622,115.0,327.7916666666667
2024-05-26,327.7916666666667,115,0.905511811023622,0.6220472440944882,0.6141732283464567,0.7716535433070866,0.5275590551181102,0.669291338582677,0.7176602924634421,0.6755905511811023,2024-05-27,0.6535433070866141,83.0,238.66666666666663
2024-05-27,238.66666666666663,83,0.6535433070866141,0.905511811023622,0.6220472440944882,0.6141732283464567,0.6535433070866141,0.7139107611548555,0.7716535433070867,0.6771653543307087,2024-05-28,0.905511811023622,115.0,328.875
2024-05-28,328.875,115,0.905511811023622,0.6535433070866141,0.905511811023622,0.6220472440944882,0.937007874015748,0.7270341207349079,0.7716535433070867,0.6779527559055117,2024-05-29,0.952755905511811,121.0,344.7916666666667
2024-05-29,344.7916666666667,121,0.952755905511811,0.905511811023622,0.6535433070866141,0.905511811023622,0.8976377952755905,0.8215223097112859,0.7671541057367829,0.683727034120735,2024-05-30,0.9291338582677166,118.0,337.2916666666667
2024-05-30,337.2916666666667,118,0.9291338582677166,0.952755905511811,0.905511811023622,0.6535433070866141,0.7716535433070866,0.8372703412073488,0.7750281214848144,0.6881889763779527,2024-05-31,0.9212598425196851,117.0,333.25
2024-05-31,333.25,117,0.9212598425196851,0.9291338582677166,0.952755905511811,0.905511811023622,0.6141732283464567,0.9291338582677163,0.7975253093363329,0.6981627296587927,2024-06-01,0.8267716535433071,105.0,298.7916666666667
2024-06-01,298.7916666666667,105,0.8267716535433071,0.9212598425196851,0.9291338582677166,0.952755905511811,0.6220472440944882,0.9343832020997374,0.8413948256467941,0.7010498687664042,2024-06-02,0.5826771653543307,74.0,214.70833333333331
2024-06-02,214.70833333333331,74,0.5826771653543307,0.8267716535433071,0.9212598425196851,0.9291338582677166,0.905511811023622,0.8923884514435695,0.8706411698537683,0.6999999999999998,2024-06-03,0.8031496062992126,102.0,291.5416666666667
2024-06-03,291.5416666666667,102,0.8031496062992126,0.5826771653543307,0.8267716535433071,0.9212598425196851,0.6535433070866141,0.7769028871391074,0.8245219347581552,0.6918635170603675,2024-06-04,0.8503937007874016,108.0,307.7916666666667
2024-06-04,307.7916666666667,108,0.8503937007874016,0.8031496062992126,0.5826771653543307,0.8267716535433071,0.905511811023622,0.73753280839895,0.8458942632170979,0.6984251968503937,2024-06-05,0.6692913385826772,85.0,244.25
2024-06-05,244.25,85,0.6692913385826772,0.8503937007874016,0.8031496062992126,0.5826771653543307,0.952755905511811,0.7454068241469815,0.8380202474690664,0.7078740157480314,2024-06-06,0.8976377952755905,114.0,325.75
2024-06-06,325.75,114,0.8976377952755905,0.6692913385826772,0.8503937007874016,0.8031496062992126,0.9291338582677166,0.7742782152230969,0.7975253093363329,0.710498687664042,2024-06-07,0.8661417322834646,110.0,313.7916666666667
2024-06-07,313.7916666666667,110,0.8661417322834646,0.8976377952755905,0.6692913385826772,0.8503937007874016,0.9212598425196851,0.805774278215223,0.7930258717660292,0.7118110236220473,2024-06-08,0.9291338582677166,118.0,337.0833333333333
2024-06-08,337.0833333333333,118,0.9291338582677166,0.8661417322834646,0.8976377952755905,0.6692913385826772,0.8267716535433071,0.8110236220472439,0.7851518560179979,0.7112860892388451,2024-06-09,0.9448818897637795,120.0,341.3333333333333
2024-06-09,341.3333333333333,120,0.9448818897637795,0.9291338582677166,0.8661417322834646,0.8976377952755905,0.5826771653543307,0.8976377952755904,0.7997750281214848,0.7296587926509186,2024-06-10,0.5590551181102362,71.0,205.91666666666663
2024-06-10,205.91666666666663,71,0.5590551181102362,0.9448818897637795,0.9291338582677166,0.8661417322834646,0.8031496062992126,0.9133858267716534,0.8515185601799775,0.743044619422572,2024-06-11,0.7401574803149606,94.0,268.8333333333333
2024-06-11,268.8333333333333,94,0.7401574803149606,0.5590551181102362,0.9448818897637795,0.9291338582677166,0.8503937007874016,0.811023622047244,0.8166479190101237,0.7304461942257218,2024-06-12,0.8582677165354331,109.0,310.4166666666667
2024-06-12,310.4166666666667,109,0.8582677165354331,0.7401574803149606,0.5590551181102362,0.9448818897637795,0.6692913385826772,0.748031496062992,0.8008998875140607,0.7325459317585301,2024-06-13,0.8346456692913385,106.0,303.0
2024-06-13,303.0,106,0.8346456692913385,0.8582677165354331,0.7401574803149606,0.5590551181102362,0.8976377952755905,0.7191601049868765,0.8278965129358831,0.7545931758530183,2024-06-14,0.968503937007874,123.0,350.5
2024-06-14,350.5,123,0.968503937007874,0.8346456692913385,0.8582677165354331,0.7401574803149606,0.8661417322834646,0.811023622047244,0.8188976377952756,0.7645669291338583,2024-06-15,0.937007874015748,119.0,340.0833333333333
2024-06-15,340.0833333333333,119,0.937007874015748,0.968503937007874,0.8346456692913385,0.8582677165354331,0.9291338582677166,0.8871391076115485,0.8335208098987626,0.767979002624672,2024-06-16,0.9291338582677166,118.0,336.6666666666667
2024-06-16,336.6666666666667,118,0.9291338582677166,0.937007874015748,0.968503937007874,0.8346456692913385,0.9448818897637795,0.9133858267716534,0.8346456692913387,0.767979002624672,2024-06-17,0.7795275590551181,99.0,284.0416666666667
2024-06-17,284.0416666666667,99,0.7795275590551181,0.9291338582677166,0.937007874015748,0.968503937007874,0.5590551181102362,0.9448818897637793,0.8323959505061868,0.7900262467191601,2024-06-18,0.6929133858267716,88.0,252.66666666666663
2024-06-18,252.66666666666663,88,0.6929133858267716,0.7795275590551181,0.9291338582677166,0.937007874015748,0.7401574803149606,0.8818897637795273,0.8638920134983127,0.8089238845144356,2024-06-19,0.8346456692913385,106.0,302.75
2024-06-19,302.75,106,0.8346456692913385,0.6929133858267716,0.7795275590551181,0.9291338582677166,0.8582677165354331,0.8005249343832018,0.8571428571428571,0.8144356955380576,2024-06-20,0.7952755905511811,101.0,289.25
2024-06-20,289.25,101,0.7952755905511811,0.8346456692913385,0.6929133858267716,0.7795275590551181,0.8346456692913385,0.7690288713910759,0.8537682789651292,0.8204724409448818,2024-06-21,0.6377952755905512,81.0,234.83333333333331
2024-06-21,234.83333333333331,81,0.6377952755905512,0.7952755905511811,0.8346456692913385,0.6929133858267716,0.968503937007874,0.7742782152230969,0.8481439820022497,0.815748031496063,2024-06-22,0.5590551181102362,71.0,205.75
2024-06-22,205.75,71,0.5590551181102362,0.6377952755905512,0.7952755905511811,0.8346456692913385,0.937007874015748,0.7559055118110235,0.8008998875140607,0.8070866141732284,2024-06-23,0.8267716535433071,105.0,299.1666666666667
2024-06-23,299.1666666666667,105,0.8267716535433071,0.5590551181102362,0.6377952755905512,0.7952755905511811,0.9291338582677166,0.6640419947506561,0.7469066366704161,0.8,2024-06-24,0.6614173228346457,84.0,242.95833333333331
2024-06-24,242.95833333333331,84,0.6614173228346457,0.8267716535433071,0.5590551181102362,0.6377952755905512,0.7795275590551181,0.674540682414698,0.732283464566929,0.8070866141732282,2024-06-25,0.7952755905511811,101.0,290.25
2024-06-25,290.25,101,0.7952755905511811,0.6614173228346457,0.8267716535433071,0.5590551181102362,0.6929133858267716,0.6824146981627295,0.7154105736782902,0.8083989501312338,2024-06-26,0.7637795275590551,97.0,278.25
2024-06-26,278.25,97,0.7637795275590551,0.7952755905511811,0.6614173228346457,0.8267716535433071,0.8346456692913385,0.7611548556430444,0.7300337457817773,0.8047244094488188,2024-06-27,0.6220472440944882,79.0,226.66666666666663
2024-06-27,226.66666666666663,79,0.6220472440944882,0.7637795275590551,0.7952755905511811,0.6614173228346457,0.7952755905511811,0.7401574803149605,0.7199100112485939,0.8083989501312335,2024-06-28,0.5826771653543307,74.0,214.95833333333331
2024-06-28,214.95833333333331,74,0.5826771653543307,0.6220472440944882,0.7637795275590551,0.7952755905511811,0.6377952755905512,0.727034120734908,0.6951631046119235,0.7989501312335958,2024-06-29,0.8661417322834646,110.0,313.0833333333333
2024-06-29,313.0833333333333,110,0.8661417322834646,0.5826771653543307,0.6220472440944882,0.7637795275590551,0.5590551181102362,0.6561679790026246,0.6872890888638921,0.7866141732283464,2024-06-30,0.7401574803149606,94.0,270.7083333333333
2024-06-30,270.7083333333333,94,0.7401574803149606,0.8661417322834646,0.5826771653543307,0.6220472440944882,0.8267716535433071,0.690288713910761,0.7311586051743533,0.784514435695538,2024-07-01,0.7086614173228346,90.0,259.5
2024-07-01,259.5,90,0.7086614173228346,0.7401574803149606,0.8661417322834646,0.5826771653543307,0.6614173228346457,0.7296587926509185,0.718785151856018,0.7784776902887138,2024-07-02,0.33070866141732286,42.0,125.79166666666669
2024-07-02,125.79166666666669,42,0.33070866141732286,0.7086614173228346,0.7401574803149606,0.8661417322834646,0.7952755905511811,0.7716535433070865,0.7255343082114736,0.7745406824146983,2024-07-03,0.5590551181102362,71.0,206.75
2024-07-03,206.75,71,0.5590551181102362,0.33070866141732286,0.7086614173228346,0.7401574803149606,0.7637795275590551,0.5931758530183725,0.6591676040494938,0.7661417322834646,2024-07-04,0.7559055118110236,96.0,275.2916666666667
2024-07-04,275.2916666666667,96,0.7559055118110236,0.5590551181102362,0.33070866141732286,0.7086614173228346,0.6220472440944882,0.532808398950131,0.6299212598425197,0.7580052493438321,2024-07-05,0.8267716535433071,105.0,300.8333333333333
2024-07-05,300.8333333333333,105,0.8267716535433071,0.7559055118110236,0.5590551181102362,0.33070866141732286,0.5826771653543307,0.5485564304461941,0.6490438695163104,0.7548556430446194,2024-07-06,0.6850393700787402,87.0,249.70833333333331
2024-07-06,249.70833333333331,87,0.6850393700787402,0.8267716535433071,0.7559055118110236,0.5590551181102362,0.8661417322834646,0.7139107611548554,0.6839145106861642,0.7601049868766405,2024-07-07,0.7559055118110236,96.0,276.125
2024-07-07,276.125,96,0.7559055118110236,0.6850393700787402,0.8267716535433071,0.7559055118110236,0.7401574803149606,0.7559055118110235,0.6580427446569178,0.7530183727034121,2024-07-08,0.48031496062992124,61.0,177.125
2024-07-08,177.125,61,0.48031496062992124,0.7559055118110236,0.6850393700787402,0.8267716535433071,0.7086614173228346,0.7559055118110235,0.6602924634420697,0.7493438320209974,2024-07-09,0.8267716535433071,105.0,299.0
2024-07-09,299.0,105,0.8267716535433071,0.48031496062992124,0.7559055118110236,0.6850393700787402,0.33070866141732286,0.6404199475065616,0.6276715410573679,0.7343832020997375,2024-07-10,0.7086614173228346,90.0,257.7083333333333
2024-07-10,257.7083333333333,90,0.7086614173228346,0.8267716535433071,0.48031496062992124,0.7559055118110236,0.5590551181102362,0.6876640419947505,0.6985376827896512,0.7304461942257219,2024-07-11,0.8267716535433071,105.0,299.3333333333333
2024-07-11,299.3333333333333,105,0.8267716535433071,0.7086614173228346,0.8267716535433071,0.48031496062992124,0.7559055118110236,0.6719160104986875,0.7199100112485939,0.7354330708661417,2024-07-12,0.6220472440944882,79.0,227.33333333333331
2024-07-12,227.33333333333331,79,0.6220472440944882,0.8267716535433071,0.7086614173228346,0.8267716535433071,0.8267716535433071,0.7874015748031494,0.7300337457817773,0.7383202099737534,2024-07-13,0.3937007874015748,50.0,148.58333333333334
2024-07-13,148.58333333333334,50,0.3937007874015748,0.6220472440944882,0.8267716535433071,0.7086614173228346,0.6850393700787402,0.7191601049868765,0.7007874015748031,0.7304461942257219,2024-07-14,0.6220472440944882,79.0,228.66666666666663
2024-07-14,228.66666666666663,79,0.6220472440944882,0.3937007874015748,0.6220472440944882,0.8267716535433071,0.7559055118110236,0.6141732283464565,0.6591676040494938,0.7157480314960629,2024-07-15,0.5511811023622047,70.0,203.125
2024-07-15,203.125,70,0.5511811023622047,0.6220472440944882,0.3937007874015748,0.6220472440944882,0.48031496062992124,0.5459317585301836,0.640044994375703,0.7041994750656168,2024-07-16,0.8503937007874016,108.0,307.7083333333333
2024-07-16,307.7083333333333,108,0.8503937007874016,0.5511811023622047,0.6220472440944882,0.3937007874015748,0.8267716535433071,0.522309711286089,0.6501687289088863,0.6913385826771653,2024-07-17,0.6929133858267716,88.0,253.66666666666663
2024-07-17,253.66666666666663,88,0.6929133858267716,0.8503937007874016,0.5511811023622047,0.6220472440944882,0.7086614173228346,0.674540682414698,0.6535433070866141,0.6887139107611548,2024-07-18,0.5669291338582677,72.0,208.33333333333331
2024-07-18,208.33333333333331,72,0.5669291338582677,0.6929133858267716,0.8503937007874016,0.5511811023622047,0.8267716535433071,0.6981627296587926,0.6512935883014623,0.6858267716535433,2024-07-19,0.6692913385826772,85.0,244.16666666666663
2024-07-19,244.16666666666663,85,0.6692913385826772,0.5669291338582677,0.6929133858267716,0.8503937007874016,0.6220472440944882,0.7034120734908136,0.6141732283464566,0.6816272965879265,2024-07-20,0.6299212598425197,80.0,230.70833333333331
2024-07-20,230.70833333333331,80,0.6299212598425197,0.6692913385826772,0.5669291338582677,0.6929133858267716,0.3937007874015748,0.643044619422572,0.6209223847019123,0.6761154855643045,2024-07-21,0.6850393700787402,87.0,250.25
2024-07-21,250.25,87,0.6850393700787402,0.6299212598425197,0.6692913385826772,0.5669291338582677,0.6220472440944882,0.6220472440944881,0.6546681664791901,0.6706036745406824,2024-07-22,0.7401574803149606,94.0,268.4583333333333
2024-07-22,268.4583333333333,94,0.7401574803149606,0.6850393700787402,0.6299212598425197,0.6692913385826772,0.5511811023622047,0.6614173228346455,0.6636670416197975,0.6721784776902886,2024-07-23,0.7559055118110236,96.0,275.5
2024-07-23,275.5,96,0.7559055118110236,0.7401574803149606,0.6850393700787402,0.6299212598425197,0.8503937007874016,0.6850393700787399,0.6906636670416199,0.6782152230971128,2024-07-24,0.7007874015748031,89.0,255.5
2024-07-24,255.5,89,0.7007874015748031,0.7559055118110236,0.7401574803149606,0.6850393700787402,0.6929133858267716,0.727034120734908,0.6771653543307086,0.6758530183727035,2024-07-25,0.6062992125984252,77.0,221.0
2024-07-25,221.0,77,0.6062992125984252,0.7007874015748031,0.7559055118110236,0.7401574803149606,0.5669291338582677,0.732283464566929,0.6782902137232847,0.6771653543307087,2024-07-26,0.6929133858267716,88.0,254.20833333333331
2024-07-26,254.20833333333331,88,0.6929133858267716,0.6062992125984252,0.7007874015748031,0.7559055118110236,0.6692913385826772,0.6876640419947505,0.6839145106861643,0.6708661417322834,2024-07-27,0.7716535433070866,98.0,282.0
2024-07-27,282.0,98,0.7716535433070866,0.6929133858267716,0.6062992125984252,0.7007874015748031,0.6299212598425197,0.6666666666666665,0.687289088863892,0.668503937007874,2024-07-28,0.6929133858267716,88.0,253.08333333333331
2024-07-28,253.08333333333331,88,0.6929133858267716,0.7716535433070866,0.6929133858267716,0.6062992125984252,0.6850393700787402,0.690288713910761,0.7075365579302587,0.673490813648294,2024-07-29,0.6062992125984252,77.0,222.91666666666663
2024-07-29,222.91666666666663,77,0.6062992125984252,0.6929133858267716,0.7716535433070866,0.6929133858267716,0.7401574803149606,0.7191601049868765,0.7086614173228346,0.6771653543307087,2024-07-30,0.8346456692913385,106.0,302.2083333333333
2024-07-30,302.2083333333333,106,0.8346456692913385,0.6062992125984252,0.6929133858267716,0.7716535433070866,0.7559055118110236,0.690288713910761,0.689538807649044,0.6685039370078739,2024-07-31,0.6535433070866141,83.0,237.875
2024-07-31,237.875,83,0.6535433070866141,0.8346456692913385,0.6062992125984252,0.6929133858267716,0.7007874015748031,0.711286089238845,0.7007874015748031,0.6716535433070867,2024-08-01,0.8031496062992126,102.0,291.2916666666667
2024-08-01,291.2916666666667,102,0.8031496062992126,0.6535433070866141,0.8346456692913385,0.6062992125984252,0.6062992125984252,0.6981627296587924,0.6940382452193475,0.6698162729658793,2024-08-02,0.4015748031496063,51.0,150.08333333333334
2024-08-02,150.08333333333334,51,0.4015748031496063,0.8031496062992126,0.6535433070866141,0.8346456692913385,0.6929133858267716,0.763779527559055,0.7221597300337458,0.6855643044619423,2024-08-03,0.7874015748031497,100.0,286.9583333333333
2024-08-03,286.9583333333333,100,0.7874015748031497,0.4015748031496063,0.8031496062992126,0.6535433070866141,0.7716535433070866,0.6194225721784775,0.6805399325084365,0.6803149606299213,2024-08-04,0.33070866141732286,42.0,125.33333333333331
2024-08-04,125.33333333333331,42,0.33070866141732286,0.7874015748031497,0.4015748031496063,0.8031496062992126,0.6929133858267716,0.6640419947506561,0.6827896512935884,0.6813648293963255,2024-08-05,0.08661417322834646,11.0,38.04166666666666
2024-08-05,38.04166666666666,11,0.08661417322834646,0.33070866141732286,0.7874015748031497,0.4015748031496063,0.6062992125984252,0.5065616797900262,0.6310461192350957,0.6648293963254592,2024-08-06,0.13385826771653545,17.0,57.125
2024-08-06,57.125,17,0.13385826771653545,0.08661417322834646,0.33070866141732286,0.7874015748031497,0.8346456692913385,0.4015748031496062,0.5568053993250844,0.6448818897637795,2024-08-07,0.31496062992125984,40.0,119.45833333333331
2024-08-07,119.45833333333331,40,0.31496062992125984,0.13385826771653545,0.08661417322834646,0.33070866141732286,0.6535433070866141,0.18372703412073477,0.4566929133858268,0.6241469816272965,2024-08-08,0.8740157480314961,111.0,317.0
2024-08-08,317.0,111,0.8740157480314961,0.31496062992125984,0.13385826771653545,0.08661417322834646,0.8031496062992126,0.17847769028871374,0.4083239595050619,0.6186351706036746,2024-08-09,0.7559055118110236,96.0,275.375
2024-08-09,275.375,96,0.7559055118110236,0.8740157480314961,0.31496062992125984,0.13385826771653545,0.4015748031496063,0.4409448818897636,0.4184476940382452,0.6202099737532808,2024-08-10,0.8267716535433071,105.0,299.3333333333333
2024-08-10,299.3333333333333,105,0.8267716535433071,0.7559055118110236,0.8740157480314961,0.31496062992125984,0.7874015748031497,0.648293963254593,0.46906636670416196,0.6217847769028871,2024-08-11,0.5118110236220472,65.0,188.66666666666663
2024-08-11,188.66666666666663,65,0.5118110236220472,0.8267716535433071,0.7559055118110236,0.8740157480314961,0.33070866141732286,0.8188976377952754,0.4746906636670416,0.6217847769028871,2024-08-12,0.8110236220472441,103.0,294.4583333333333
2024-08-12,294.4583333333333,103,0.8110236220472441,0.5118110236220472,0.8267716535433071,0.7559055118110236,0.08661417322834646,0.6981627296587924,0.500562429696288,0.6181102362204723,2024-08-13,0.7874015748031497,100.0,287.5416666666667
2024-08-13,287.5416666666667,100,0.7874015748031497,0.8110236220472441,0.5118110236220472,0.8267716535433071,0.13385826771653545,0.7165354330708661,0.6040494938132733,0.632020997375328,2024-08-14,0.41732283464566927,53.0,156.375
2024-08-14,156.375,53,0.41732283464566927,0.7874015748031497,0.8110236220472441,0.5118110236220472,0.31496062992125984,0.7034120734908135,0.6974128233970754,0.6375328083989501,2024-08-15,0.8188976377952756,104.0,297.0
2024-08-15,297.0,104,0.8188976377952756,0.41732283464566927,0.7874015748031497,0.8110236220472441,0.8740157480314961,0.6719160104986875,0.7120359955005624,0.6330708661417322,2024-08-16,0.8346456692913385,106.0,303.375
2024-08-16,303.375,106,0.8346456692913385,0.8188976377952756,0.41732283464566927,0.7874015748031497,0.7559055118110236,0.674540682414698,0.7041619797525308,0.6320209973753281,2024-08-17,0.7401574803149606,94.0,269.0
2024-08-17,269.0,94,0.7401574803149606,0.8346456692913385,0.8188976377952756,0.41732283464566927,0.8267716535433071,0.690288713910761,0.7154105736782902,0.6367454068241469,2024-08-18,0.7480314960629921,95.0,273.5
2024-08-18,273.5,95,0.7480314960629921,0.7401574803149606,0.8346456692913385,0.8188976377952756,0.5118110236220472,0.7979002624671914,0.7030371203599549,0.6425196850393701,2024-08-19,0.8031496062992126,102.0,291.0
2024-08-19,291.0,102,0.8031496062992126,0.7480314960629921,0.7401574803149606,0.8346456692913385,0.8110236220472441,0.7742782152230969,0.7367829021372329,0.6451443569553806,2024-08-20,0.8346456692913385,106.0,301.875
2024-08-20,301.875,106,0.8346456692913385,0.8031496062992126,0.7480314960629921,0.7401574803149606,0.7874015748031497,0.763779527559055,0.7356580427446568,0.6509186351706037,2024-08-21,0.5748031496062992,73.0,210.20833333333331
2024-08-21,210.20833333333331,73,0.5748031496062992,0.8346456692913385,0.8031496062992126,0.7480314960629921,0.41732283464566927,0.7952755905511809,0.7424071991001124,0.6559055118110236,2024-08-22,0.6771653543307087,86.0,246.83333333333331
2024-08-22,246.83333333333331,86,0.6771653543307087,0.5748031496062992,0.8346456692913385,0.8031496062992126,0.8188976377952756,0.73753280839895,0.764904386951631,0.6503937007874016,2024-08-23,0.5039370078740157,64.0,187.58333333333331
2024-08-23,187.58333333333331,64,0.5039370078740157,0.6771653543307087,0.5748031496062992,0.8346456692913385,0.8346456692913385,0.695538057742782,0.7446569178852644,0.647769028871391,2024-08-24,0.4881889763779528,62.0,179.75
2024-08-24,179.75,62,0.4881889763779528,0.5039370078740157,0.6771653543307087,0.5748031496062992,0.7401574803149606,0.585301837270341,0.6974128233970754,0.6412073490813648,2024-08-25,0.6377952755905512,81.0,234.66666666666663
2024-08-25,234.66666666666663,81,0.6377952755905512,0.4881889763779528,0.5039370078740157,0.6771653543307087,0.7480314960629921,0.5564304461942254,0.6614173228346457,0.6372703412073492,2024-08-26,0.5984251968503937,76.0,220.70833333333331
2024-08-26,220.70833333333331,76,0.5984251968503937,0.6377952755905512,0.4881889763779528,0.5039370078740157,0.8031496062992126,0.543307086614173,0.6456692913385826,0.6354330708661418,2024-08-27,0.7795275590551181,99.0,284.4583333333333
2024-08-27,284.4583333333333,99,0.7795275590551181,0.5984251968503937,0.6377952755905512,0.4881889763779528,0.8346456692913385,0.574803149606299,0.6164229471316086,0.6296587926509186,2024-08-28,0.8031496062992126,102.0,291.7083333333333
2024-08-28,291.7083333333333,102,0.8031496062992126,0.7795275590551181,0.5984251968503937,0.6377952755905512,0.5748031496062992,0.6719160104986873,0.6085489313835771,0.6325459317585301,2024-08-29,0.7716535433070866,98.0,279.6666666666667
2024-08-29,279.6666666666667,98,0.7716535433070866,0.8031496062992126,0.7795275590551181,0.5984251968503937,0.6771653543307087,0.7270341207349079,0.641169853768279,0.6391076115485564,2024-08-30,0.7322834645669292,93.0,265.4583333333333
2024-08-30,265.4583333333333,93,0.7322834645669292,0.7716535433070866,0.8031496062992126,0.7795275590551181,0.5039370078740157,0.7847769028871389,0.6546681664791901,0.637007874015748,2024-08-31,0.7165354330708661,91.0,260.9166666666667
2024-08-31,260.9166666666667,91,0.7165354330708661,0.7322834645669292,0.7716535433070866,0.8031496062992126,0.4881889763779528,0.7690288713910759,0.6872890888638921,0.6396325459317586,2024-09-01,0.6614173228346457,84.0,242.79166666666663
2024-09-01,242.79166666666663,84,0.6614173228346457,0.7165354330708661,0.7322834645669292,0.7716535433070866,0.6377952755905512,0.7401574803149605,0.7199100112485939,0.6367454068241469,2024-09-02,0.7322834645669292,93.0,266.7916666666667
2024-09-02,266.7916666666667,93,0.7322834645669292,0.6614173228346457,0.7165354330708661,0.7322834645669292,0.5984251968503937,0.7034120734908135,0.7232845894263217,0.6454068241469816,2024-09-03,0.6299212598425197,80.0,230.45833333333331
2024-09-03,230.45833333333331,80,0.6299212598425197,0.7322834645669292,0.6614173228346457,0.7165354330708661,0.7795275590551181,0.7034120734908135,0.7424071991001124,0.6435695538057743,2024-09-04,0.6614173228346457,84.0,242.375
2024-09-04,242.375,84,0.6614173228346457,0.6299212598425197,0.7322834645669292,0.6614173228346457,0.8031496062992126,0.674540682414698,0.7210348706411699,0.6535433070866142,2024-09-05,0.3464566929133858,44.0,129.5
2024-09-05,129.5,44,0.3464566929133858,0.6614173228346457,0.6299212598425197,0.7322834645669292,0.7716535433070866,0.6745406824146979,0.7007874015748031,0.6727034120734907,2024-09-06,0.29133858267716534,37.0,111.25
2024-09-06,111.25,37,0.29133858267716534,0.3464566929133858,0.6614173228346457,0.6299212598425197,0.7322834645669292,0.5459317585301835,0.6400449943757031,0.6797900262467192,2024-09-07,0.25984251968503935,33.0,101.20833333333331
2024-09-07,101.20833333333331,33,0.25984251968503935,0.29133858267716534,0.3464566929133858,0.6614173228346457,0.7165354330708661,0.4330708661417321,0.5770528683914511,0.6790026246719161,2024-09-08,0.11811023622047244,15.0,49.16666666666666
2024-09-08,49.16666666666666,15,0.11811023622047244,0.25984251968503935,0.29133858267716534,0.3464566929133858,0.6614173228346457,0.2992125984251966,0.5118110236220473,0.6585301837270342,2024-09-09,0.4015748031496063,51.0,150.04166666666666
2024-09-09,150.04166666666666,51,0.4015748031496063,0.11811023622047244,0.25984251968503935,0.29133858267716534,0.7322834645669292,0.22309711286089215,0.4341957255343082,0.637270341207349,2024-09-10,0.6929133858267716,88.0,253.25
2024-09-10,253.25,88,0.6929133858267716,0.4015748031496063,0.11811023622047244,0.25984251968503935,0.6299212598425197,0.25984251968503913,0.38695163104611924,0.6230971128608923,2024-09-11,0.3858267716535433,49.0,143.41666666666666
2024-09-11,143.41666666666666,49,0.3858267716535433,0.6929133858267716,0.4015748031496063,0.11811023622047244,0.6614173228346457,0.4041994750656166,0.3959505061867266,0.6291338582677165,2024-09-12,0.18110236220472442,23.0,73.08333333333333
2024-09-12,73.08333333333333,23,0.18110236220472442,0.3858267716535433,0.6929133858267716,0.4015748031496063,0.3464566929133858,0.4934383202099735,0.3565804274465692,0.6149606299212599,2024-09-13,0.3543307086614173,45.0,134.45833333333334
2024-09-13,134.45833333333334,45,0.3543307086614173,0.18110236220472442,0.3858267716535433,0.6929133858267716,0.29133858267716534,0.4199475065616796,0.33295838020247465,0.5947506561679791,2024-09-14,0.25196850393700787,32.0,98.875
2024-09-14,98.875,32,0.25196850393700787,0.3543307086614173,0.18110236220472442,0.3858267716535433,0.25984251968503935,0.3070866141732281,0.3419572553430821,0.5926509186351706,2024-09-15,0.29133858267716534,37.0,112.45833333333331
2024-09-15,112.45833333333331,37,0.29133858267716534,0.25196850393700787,0.3543307086614173,0.18110236220472442,0.11811023622047244,0.26246719160104964,0.34083239595050613,0.573753280839895,2024-09-16,0.3228346456692913,41.0,123.29166666666669
2024-09-16,123.29166666666669,41,0.3228346456692913,0.29133858267716534,0.25196850393700787,0.3543307086614173,0.4015748031496063,0.2992125984251966,0.3655793025871766,0.5556430446194226,2024-09-17,0.7322834645669292,93.0,267.125
2024-09-17,267.125,93,0.7322834645669292,0.3228346456692913,0.29133858267716534,0.25196850393700787,0.6929133858267716,0.2887139107611546,0.3543307086614173,0.5417322834645669,2024-09-18,0.3937007874015748,50.0,148.41666666666666
2024-09-18,148.41666666666666,50,0.3937007874015748,0.7322834645669292,0.3228346456692913,0.29133858267716534,0.3858267716535433,0.4488188976377951,0.35995500562429694,0.5412073490813648,2024-09-19,0.5275590551181102,67.0,194.91666666666663
2024-09-19,194.91666666666663,67,0.5275590551181102,0.3937007874015748,0.7322834645669292,0.3228346456692913,0.18110236220472442,0.4829396325459316,0.3610798650168729,0.5275590551181103,2024-09-20,0.6929133858267716,88.0,253.75
2024-09-20,253.75,88,0.6929133858267716,0.5275590551181102,0.3937007874015748,0.7322834645669292,0.3543307086614173,0.5511811023622045,0.41057367829021374,0.5173228346456693,2024-09-21,0.6771653543307087,86.0,246.29166666666663
2024-09-21,246.29166666666663,86,0.6771653543307087,0.6929133858267716,0.5275590551181102,0.3937007874015748,0.25196850393700787,0.538057742782152,0.4589426321709786,0.521259842519685,2024-09-22,0.6929133858267716,88.0,252.41666666666663
2024-09-22,252.41666666666663,88,0.6929133858267716,0.6771653543307087,0.6929133858267716,0.5275590551181102,0.29133858267716534,0.6325459317585299,0.5196850393700787,0.521259842519685,2024-09-23,0.6771653543307087,86.0,247.91666666666663
2024-09-23,247.91666666666663,86,0.6771653543307087,0.6929133858267716,0.6771653543307087,0.6929133858267716,0.3228346456692913,0.6876640419947505,0.5770528683914511,0.5275590551181103,2024-09-24,0.6850393700787402,87.0,250.625
2024-09-24,250.625,87,0.6850393700787402,0.6771653543307087,0.6929133858267716,0.6771653543307087,0.7322834645669292,0.6824146981627294,0.6276715410573679,0.5338582677165354,2024-09-25,0.3858267716535433,49.0,144.33333333333334
2024-09-25,144.33333333333334,49,0.3858267716535433,0.6850393700787402,0.6771653543307087,0.6929133858267716,0.3937007874015748,0.6850393700787399,0.6209223847019123,0.5354330708661418,2024-09-26,0.11023622047244094,14.0,47.208333333333336
2024-09-26,47.208333333333336,14,0.11023622047244094,0.3858267716535433,0.6850393700787402,0.6771653543307087,0.5275590551181102,0.5826771653543305,0.6197975253093363,0.5283464566929134,2024-09-27,0.6141732283464567,78.0,224.125
2024-09-27,224.125,78,0.6141732283464567,0.11023622047244094,0.3858267716535433,0.6850393700787402,0.6929133858267716,0.39370078740157455,0.5601799775028121,0.5060367454068241,2024-09-28,0.6535433070866141,83.0,239.41666666666663
2024-09-28,239.41666666666663,83,0.6535433070866141,0.6141732283464567,0.11023622047244094,0.3858267716535433,0.6771653543307087,0.3700787401574801,0.548931383577053,0.49973753280839894,2024-09-29,0.6141732283464567,78.0,226.04166666666663
2024-09-29,226.04166666666663,78,0.6141732283464567,0.6535433070866141,0.6141732283464567,0.11023622047244094,0.6929133858267716,0.45931758530183703,0.545556805399325,0.49580052493438315,2024-09-30,0.6377952755905512,81.0,233.375
2024-09-30,233.375,81,0.6377952755905512,0.6141732283464567,0.6535433070866141,0.6141732283464567,0.6771653543307087,0.627296587926509,0.5343082114735658,0.49186351706036746,2024-10-01,0.2755905511811024,35.0,106.25
2024-10-01,106.25,35,0.2755905511811024,0.6377952755905512,0.6141732283464567,0.6535433070866141,0.6850393700787402,0.6351706036745405,0.5286839145106861,0.48923884514435695,2024-10-02,0.6062992125984252,77.0,222.5
2024-10-02,222.5,77,0.6062992125984252,0.2755905511811024,0.6377952755905512,0.6141732283464567,0.3858267716535433,0.5091863517060365,0.4701912260967379,0.4763779527559055,2024-10-03,0.5984251968503937,76.0,218.375
2024-10-03,218.375,76,0.5984251968503937,0.6062992125984252,0.2755905511811024,0.6377952755905512,0.11023622047244094,0.506561679790026,0.5016872890888638,0.47217847769028876,2024-10-04,0.28346456692913385,36.0,109.41666666666669
2024-10-04,109.41666666666669,36,0.28346456692913385,0.5984251968503937,0.6062992125984252,0.2755905511811024,0.6141732283464567,0.4934383202099735,0.5714285714285714,0.47112860892388453,2024-10-05,0.2992125984251969,38.0,114.75
2024-10-05,114.75,38,0.2992125984251969,0.28346456692913385,0.5984251968503937,0.6062992125984252,0.6535433070866141,0.49606299212598404,0.5241844769403825,0.4585301837270341,2024-10-06,0.1732283464566929,22.0,68.70833333333333
2024-10-06,68.70833333333333,22,0.1732283464566929,0.2992125984251969,0.28346456692913385,0.5984251968503937,0.6141732283464567,0.3937007874015746,0.47356580427446576,0.45695538057742785,2024-10-07,0.6220472440944882,79.0,226.75
2024-10-07,226.75,79,0.6220472440944882,0.1732283464566929,0.2992125984251969,0.28346456692913385,0.6377952755905512,0.25196850393700765,0.41057367829021374,0.4530183727034121,2024-10-08,0.6141732283464567,78.0,223.91666666666663
2024-10-08,223.91666666666663,78,0.6141732283464567,0.6220472440944882,0.1732283464566929,0.2992125984251969,0.2755905511811024,0.36482939632545913,0.4083239595050619,0.4650918635170604,2024-10-09,0.18110236220472442,23.0,71.70833333333333
2024-10-09,71.70833333333333,23,0.18110236220472442,0.6141732283464567,0.6220472440944882,0.1732283464566929,0.6062992125984252,0.469816272965879,0.45669291338582685,0.48162729658792647,2024-10-10,0.6220472440944882,79.0,228.875
2024-10-10,228.875,79,0.6220472440944882,0.18110236220472442,0.6141732283464567,0.6220472440944882,0.5984251968503937,0.4724409448818896,0.39595050618672667,0.4742782152230971,2024-10-11,0.6692913385826772,85.0,244.45833333333331
2024-10-11,244.45833333333331,85,0.6692913385826772,0.6220472440944882,0.18110236220472442,0.6141732283464567,0.28346456692913385,0.47244094488188954,0.3993250843644544,0.47191601049868764,2024-10-12,0.6377952755905512,81.0,234.70833333333331
2024-10-12,234.70833333333331,81,0.6377952755905512,0.6692913385826772,0.6220472440944882,0.18110236220472442,0.2992125984251969,0.49081364829396307,0.4544431946006749,0.48136482939632547,2024-10-13,0.6377952755905512,81.0,234.20833333333331
2024-10-13,234.20833333333331,81,0.6377952755905512,0.6377952755905512,0.6692913385826772,0.6220472440944882,0.1732283464566929,0.643044619422572,0.5028121484814398,0.4965879265091864,2024-10-14,0.5826771653543307,74.0,214.66666666666663
2024-10-14,214.66666666666663,74,0.5826771653543307,0.6377952755905512,0.6377952755905512,0.6692913385826772,0.6220472440944882,0.648293963254593,0.5691788526434196,0.5060367454068241,2024-10-15,0.5984251968503937,76.0,219.875
2024-10-15,219.875,76,0.5984251968503937,0.5826771653543307,0.6377952755905512,0.6377952755905512,0.6141732283464567,0.6194225721784775,0.5635545556805399,0.5170603674540682,2024-10-16,0.6220472440944882,79.0,227.45833333333331
2024-10-16,227.45833333333331,79,0.6220472440944882,0.5984251968503937,0.5826771653543307,0.6377952755905512,0.18110236220472442,0.606299212598425,0.5613048368953881,0.5272965879265092,2024-10-17,0.6299212598425197,80.0,230.125
2024-10-17,230.125,80,0.6299212598425197,0.6220472440944882,0.5984251968503937,0.5826771653543307,0.6220472440944882,0.601049868766404,0.6242969628796401,0.5372703412073492,2024-10-18,0.6141732283464567,78.0,224.54166666666663
2024-10-18,224.54166666666663,78,0.6141732283464567,0.6299212598425197,0.6220472440944882,0.5984251968503937,0.6692913385826772,0.616797900262467,0.625421822272216,0.5338582677165354,2024-10-19,0.6141732283464567,78.0,225.125
2024-10-19,225.125,78,0.6141732283464567,0.6141732283464567,0.6299212598425197,0.6220472440944882,0.6377952755905512,0.622047244094488,0.6175478065241845,0.5412073490813648,2024-10-20,0.6062992125984252,77.0,222.08333333333331
2024-10-20,222.08333333333331,77,0.6062992125984252,0.6141732283464567,0.6141732283464567,0.6299212598425197,0.6377952755905512,0.6194225721784775,0.6141732283464567,0.5440944881889764,2024-10-21,0.5748031496062992,73.0,212.04166666666663
2024-10-21,212.04166666666663,73,0.5748031496062992,0.6062992125984252,0.6141732283464567,0.6141732283464567,0.5826771653543307,0.611548556430446,0.609673790776153,0.5412073490813648,2024-10-22,0.5669291338582677,72.0,207.20833333333331
2024-10-22,207.20833333333331,72,0.5669291338582677,0.5748031496062992,0.6062992125984252,0.6141732283464567,0.5984251968503937,0.5984251968503935,0.608548931383577,0.5377952755905512,2024-10-23,0.5669291338582677,72.0,208.91666666666663
2024-10-23,208.91666666666663,72,0.5669291338582677,0.5669291338582677,0.5748031496062992,0.6062992125984252,0.6220472440944882,0.5826771653543305,0.6040494938132734,0.5335958005249345,2024-10-24,0.5511811023622047,70.0,203.29166666666663
2024-10-24,203.29166666666663,70,0.5511811023622047,0.5669291338582677,0.5669291338582677,0.5748031496062992,0.6299212598425197,0.569553805774278,0.5961754780652418,0.5299212598425197,2024-10-25,0.5511811023622047,70.0,203.41666666666663
2024-10-25,203.41666666666663,70,0.5511811023622047,0.5511811023622047,0.5669291338582677,0.5669291338582677,0.6141732283464567,0.5616797900262465,0.5849268841394826,0.5254593175853018,2024-10-26,0.5354330708661418,68.0,198.33333333333331
2024-10-26,198.33333333333331,68,0.5354330708661418,0.5511811023622047,0.5511811023622047,0.5669291338582677,0.6141732283464567,0.5564304461942255,0.5759280089988751,0.5309711286089239,2024-10-27,0.5039370078740157,64.0,186.41666666666663
2024-10-27,186.41666666666663,64,0.5039370078740157,0.5354330708661418,0.5511811023622047,0.5511811023622047,0.6062992125984252,0.5459317585301835,0.5646794150731159,0.5451443569553807,2024-10-28,0.4409448818897638,56.0,164.125
2024-10-28,164.125,56,0.4409448818897638,0.5039370078740157,0.5354330708661418,0.5511811023622047,0.5748031496062992,0.5301837270341205,0.5500562429696287,0.541469816272966,2024-10-29,0.3464566929133858,44.0,129.66666666666666
2024-10-29,129.66666666666666,44,0.3464566929133858,0.4409448818897638,0.5039370078740157,0.5354330708661418,0.5669291338582677,0.4934383202099735,0.530933633295838,0.5343832020997376,2024-10-30,0.5118110236220472,65.0,188.375
2024-10-30,188.375,65,0.5118110236220472,0.3464566929133858,0.4409448818897638,0.5039370078740157,0.5669291338582677,0.43044619422572156,0.49943757030371205,0.5254593175853018,2024-10-31,0.47244094488188976,60.0,174.33333333333334
2024-10-31,174.33333333333334,60,0.47244094488188976,0.5118110236220472,0.3464566929133858,0.4409448818897638,0.5511811023622047,0.433070866141732,0.49156355455568057,0.521259842519685,2024-11-01,0.47244094488188976,60.0,174.41666666666666
2024-11-01,174.41666666666666,60,0.47244094488188976,0.47244094488188976,0.5118110236220472,0.3464566929133858,0.5511811023622047,0.443569553805774,0.48031496062992124,0.5278215223097112,2024-11-02,0.47244094488188976,60.0,174.79166666666666
2024-11-02,174.79166666666666,60,0.47244094488188976,0.47244094488188976,0.47244094488188976,0.5118110236220472,0.5354330708661418,0.485564304461942,0.46906636670416196,0.5233595800524935,2024-11-03,0.41732283464566927,53.0,156.95833333333334
2024-11-03,156.95833333333334,53,0.41732283464566927,0.47244094488188976,0.47244094488188976,0.47244094488188976,0.5039370078740157,0.47244094488188976,0.4600674915635546,0.5191601049868767,2024-11-04,0.15748031496062992,20.0,63.458333333333336
2024-11-04,63.458333333333336,20,0.15748031496062992,0.41732283464566927,0.47244094488188976,0.47244094488188976,0.4409448818897638,0.454068241469816,0.44769403824521936,0.5236220472440946,2024-11-05,0.4330708661417323,55.0,161.625
2024-11-05,161.625,55,0.4330708661417323,0.15748031496062992,0.41732283464566927,0.47244094488188976,0.3464566929133858,0.34908136482939606,0.4071991001124859,0.5188976377952755,2024-11-06,0.18110236220472442,23.0,72.83333333333333
2024-11-06,72.83333333333333,23,0.18110236220472442,0.4330708661417323,0.15748031496062992,0.41732283464566927,0.5118110236220472,0.33595800524934355,0.41957255343082117,0.5275590551181103,2024-11-07,0.015748031496062992,2.0,14.25
2024-11-07,14.25,2,0.015748031496062992,0.18110236220472442,0.4330708661417323,0.15748031496062992,0.47244094488188976,0.2572178477690286,0.3723284589426322,0.5128608923884515,2024-11-08,0.2047244094488189,26.0,81.70833333333333
2024-11-08,81.70833333333333,26,0.2047244094488189,0.015748031496062992,0.18110236220472442,0.4330708661417323,0.47244094488188976,0.20997375328083967,0.30708661417322836,0.4929133858267717,2024-11-09,0.29133858267716534,37.0,111.91666666666669
2024-11-09,111.91666666666669,37,0.29133858267716534,0.2047244094488189,0.015748031496062992,0.18110236220472442,0.47244094488188976,0.13385826771653517,0.26884139482564684,0.4937007874015748,2024-11-10,0.16535433070866143,21.0,67.16666666666667
2024-11-10,67.16666666666667,21,0.16535433070866143,0.29133858267716534,0.2047244094488189,0.015748031496062992,0.41732283464566927,0.17060367454068215,0.24296962879640047,0.4826771653543307,2024-11-11,0.3779527559055118,48.0,141.08333333333334
2024-11-11,141.08333333333334,48,0.3779527559055118,0.16535433070866143,0.29133858267716534,0.2047244094488189,0.15748031496062992,0.22047244094488164,0.20697412823397074,0.4658792650918635,2024-11-12,0.4409448818897638,56.0,165.16666666666666
2024-11-12,165.16666666666666,56,0.4409448818897638,0.3779527559055118,0.16535433070866143,0.29133858267716534,0.4330708661417323,0.2782152230971126,0.23847019122609672,0.4572178477690289,2024-11-13,0.47244094488188976,60.0,175.79166666666666
2024-11-13,175.79166666666666,60,0.47244094488188976,0.4409448818897638,0.3779527559055118,0.16535433070866143,0.18110236220472442,0.3280839895013121,0.23959505061867267,0.4506561679790026,2024-11-14,0.14960629921259844,19.0,61.41666666666666
2024-11-14,61.41666666666666,19,0.14960629921259844,0.47244094488188976,0.4409448818897638,0.3779527559055118,0.015748031496062992,0.43044619422572156,0.28121484814398195,0.44698162729658797,2024-11-15,0.48031496062992124,61.0,176.95833333333334
2024-11-15,176.95833333333334,61,0.48031496062992124,0.14960629921259844,0.47244094488188976,0.4409448818897638,0.2047244094488189,0.3543307086614171,0.30033745781777277,0.43202099737532806,2024-11-16,0.48031496062992124,61.0,177.0
2024-11-16,177.0,61,0.48031496062992124,0.48031496062992124,0.14960629921259844,0.47244094488188976,0.29133858267716534,0.3674540682414696,0.33970753655793023,0.4272965879265092,2024-11-17,0.4566929133858268,58.0,169.75
2024-11-17,169.75,58,0.4566929133858268,0.48031496062992124,0.48031496062992124,0.14960629921259844,0.16535433070866143,0.37007874015748005,0.36670416197975253,0.42230971128608924,2024-11-18,0.4566929133858268,58.0,168.83333333333334
2024-11-18,168.83333333333334,58,0.4566929133858268,0.4566929133858268,0.48031496062992124,0.48031496062992124,0.3779527559055118,0.47244094488188954,0.40832395950506184,0.4170603674540682,2024-11-19,0.2992125984251969,38.0,115.5
2024-11-19,115.5,38,0.2992125984251969,0.4566929133858268,0.4566929133858268,0.48031496062992124,0.4409448818897638,0.46456692913385805,0.41957255343082117,0.41181102362204725,2024-11-20,0.1732283464566929,22.0,71.125
2024-11-20,71.125,22,0.1732283464566929,0.2992125984251969,0.4566929133858268,0.4566929133858268,0.47244094488188976,0.4041994750656166,0.3993250843644544,0.4015748031496063,2024-11-21,0.48031496062992124,61.0,176.83333333333334
2024-11-21,176.83333333333334,61,0.48031496062992124,0.1732283464566929,0.2992125984251969,0.4566929133858268,0.14960629921259844,0.3097112860892386,0.3565804274465692,0.38818897637795274,2024-11-22,0.4645669291338583,59.0,173.29166666666666
2024-11-22,173.29166666666666,59,0.4645669291338583,0.48031496062992124,0.1732283464566929,0.2992125984251969,0.48031496062992124,0.31758530183727013,0.4038245219347582,0.38530183727034123,2024-11-23,0.4566929133858268,58.0,169.875
2024-11-23,169.875,58,0.4566929133858268,0.4645669291338583,0.48031496062992124,0.1732283464566929,0.48031496062992124,0.3727034120734906,0.4015748031496063,0.38188976377952755,2024-11-24,0.4566929133858268,58.0,169.375
2024-11-24,169.375,58,0.4566929133858268,0.4566929133858268,0.4645669291338583,0.48031496062992124,0.4566929133858268,0.4671916010498685,0.3982002249718785,0.378740157480315,2024-11-25,0.4409448818897638,56.0,164.41666666666666
2024-11-25,164.41666666666666,56,0.4409448818897638,0.4566929133858268,0.4566929133858268,0.4645669291338583,0.4566929133858268,0.45931758530183703,0.3982002249718785,0.37559055118110235,2024-11-26,0.1889763779527559,24.0,76.29166666666667
2024-11-26,76.29166666666667,24,0.1889763779527559,0.4409448818897638,0.4566929133858268,0.4566929133858268,0.2992125984251969,0.45144356955380555,0.39595050618672667,0.3724409448818898,2024-11-27,0.3543307086614173,45.0,133.16666666666666
2024-11-27,133.16666666666666,45,0.3543307086614173,0.1889763779527559,0.4409448818897638,0.4566929133858268,0.1732283464566929,0.3622047244094486,0.3802024746906637,0.3619422572178478,2024-11-28,0.18110236220472442,23.0,73.79166666666667
2024-11-28,73.79166666666667,23,0.18110236220472442,0.3543307086614173,0.1889763779527559,0.4409448818897638,0.48031496062992124,0.32808398950131207,0.40607424071991,0.3590551181102362,2024-11-29,0.12598425196850394,16.0,52.083333333333336
2024-11-29,52.083333333333336,16,0.12598425196850394,0.18110236220472442,0.3543307086614173,0.1889763779527559,0.4645669291338583,0.24146981627296563,0.3633295838020248,0.35354330708661413,2024-11-30,0.4330708661417323,55.0,160.79166666666666
2024-11-30,160.79166666666666,55,0.4330708661417323,0.12598425196850394,0.18110236220472442,0.3543307086614173,0.4566929133858268,0.22047244094488164,0.31496062992125984,0.3406824146981628,2024-12-01,0.4330708661417323,55.0,162.58333333333334
2024-12-01,162.58333333333334,55,0.4330708661417323,0.4330708661417323,0.12598425196850394,0.18110236220472442,0.4566929133858268,0.24671916010498665,0.3115860517435321,0.33937007874015745,2024-12-02,0.4409448818897638,56.0,162.875
2024-12-02,162.875,56,0.4409448818897638,0.4330708661417323,0.4330708661417323,0.12598425196850394,0.4409448818897638,0.33070866141732264,0.3082114735658043,0.3380577427821522,2024-12-03,0.4330708661417323,55.0,161.16666666666666
2024-12-03,161.16666666666666,55,0.4330708661417323,0.4409448818897638,0.4330708661417323,0.4330708661417323,0.1889763779527559,0.4356955380577426,0.30821147356580425,0.337007874015748,2024-12-04,0.4251968503937008,54.0,158.66666666666666
2024-12-04,158.66666666666666,54,0.4251968503937008,0.4330708661417323,0.4409448818897638,0.4330708661417323,0.3543307086614173,0.4356955380577426,0.3430821147356581,0.3375328083989501,2024-12-05,0.25984251968503935,33.0,100.91666666666669
2024-12-05,100.91666666666669,33,0.25984251968503935,0.4251968503937008,0.4330708661417323,0.4409448818897638,0.18110236220472442,0.4330708661417321,0.3532058492688414,0.3464566929133859,2024-12-06,0.4330708661417323,55.0,162.58333333333334
2024-12-06,162.58333333333334,55,0.4330708661417323,0.25984251968503935,0.4251968503937008,0.4330708661417323,0.12598425196850394,0.3727034120734906,0.3644544431946007,0.34068241469816274,2024-12-07,0.4330708661417323,55.0,160.0
2024-12-07,160.0,55,0.4330708661417323,0.4330708661417323,0.25984251968503935,0.4251968503937008,0.4330708661417323,0.3727034120734906,0.40832395950506184,0.3490813648293963,2024-12-08,0.28346456692913385,36.0,109.79166666666669
2024-12-08,109.79166666666669,36,0.28346456692913385,0.4330708661417323,0.4330708661417323,0.25984251968503935,0.4330708661417323,0.37532808398950107,0.4083239595050619,0.36299212598425196,2024-12-09,0.13385826771653545,17.0,56.375
2024-12-09,56.375,17,0.13385826771653545,0.28346456692913385,0.4330708661417323,0.4330708661417323,0.4409448818897638,0.38320209973753255,0.38695163104611924,0.36561679790026247,2024-12-10,0.25984251968503935,33.0,100.83333333333331
2024-12-10,100.83333333333331,33,0.25984251968503935,0.13385826771653545,0.28346456692913385,0.4330708661417323,0.4330708661417323,0.28346456692913363,0.3430821147356581,0.3603674540682415,2024-12-11,0.14173228346456693,18.0,59.79166666666666
2024-12-11,59.79166666666666,18,0.14173228346456693,0.25984251968503935,0.13385826771653545,0.28346456692913385,0.4251968503937008,0.22572178477690266,0.31833520809898763,0.36351706036745407,2024-12-12,0.4251968503937008,54.0,157.875
2024-12-12,157.875,54,0.4251968503937008,0.14173228346456693,0.25984251968503935,0.13385826771653545,0.25984251968503935,0.17847769028871371,0.2778402699662542,0.3556430446194226,2024-12-13,0.3779527559055118,48.0,141.58333333333334
2024-12-13,141.58333333333334,48,0.3779527559055118,0.4251968503937008,0.14173228346456693,0.25984251968503935,0.4330708661417323,0.27559055118110215,0.30146231721034866,0.3551181102362205,2024-12-14,0.3464566929133858,44.0,129.95833333333334
2024-12-14,129.95833333333334,44,0.3464566929133858,0.3779527559055118,0.4251968503937008,0.14173228346456693,0.4330708661417323,0.31496062992125967,0.2935883014623172,0.3519685039370079,2024-12-15,0.2283464566929134,29.0,88.75
2024-12-15,88.75,29,0.2283464566929134,0.3464566929133858,0.3779527559055118,0.4251968503937008,0.28346456692913385,0.38320209973753266,0.281214848143982,0.35853018372703416,2024-12-16,0.3858267716535433,49.0,145.5
2024-12-16,145.5,49,0.3858267716535433,0.2283464566929134,0.3464566929133858,0.3779527559055118,0.13385826771653545,0.31758530183727013,0.27334083239595053,0.3501312335958005,2024-12-17,0.36220472440944884,46.0,135.75
2024-12-17,135.75,46,0.36220472440944884,0.3858267716535433,0.2283464566929134,0.3464566929133858,0.25984251968503935,0.32020997375328064,0.3093363329583802,0.3469816272965879,2024-12-18,0.30708661417322836,39.0,115.75
2024-12-18,115.75,39,0.30708661417322836,0.36220472440944884,0.3858267716535433,0.2283464566929134,0.14173228346456693,0.3254593175853016,0.32395950506186727,0.34383202099737536,2024-12-19,0.3858267716535433,49.0,144.70833333333334
2024-12-19,144.70833333333334,49,0.3858267716535433,0.30708661417322836,0.36220472440944884,0.3858267716535433,0.4251968503937008,0.3517060367454066,0.34758155230596177,0.3388451443569554,2024-12-20,0.41732283464566927,53.0,154.75
2024-12-20,154.75,53,0.41732283464566927,0.3858267716535433,0.30708661417322836,0.36220472440944884,0.3779527559055118,0.3517060367454066,0.3419572553430821,0.3417322834645669,2024-12-21,0.4094488188976378,52.0,153.16666666666666
2024-12-21,153.16666666666666,52,0.4094488188976378,0.41732283464566927,0.3858267716535433,0.30708661417322836,0.3464566929133858,0.3700787401574801,0.34758155230596177,0.3498687664041995,2024-12-22,0.41732283464566927,53.0,155.54166666666666
2024-12-22,155.54166666666666,53,0.41732283464566927,0.4094488188976378,0.41732283464566927,0.3858267716535433,0.2283464566929134,0.4041994750656166,0.3565804274465692,0.34750656167979,2024-12-23,0.2992125984251969,38.0,114.95833333333331
2024-12-23,114.95833333333331,38,0.2992125984251969,0.41732283464566927,0.4094488188976378,0.41732283464566927,0.3858267716535433,0.4146981627296586,0.38357705286839144,0.34593175853018376,2024-12-24,0.3937007874015748,50.0,147.54166666666666
2024-12-24,147.54166666666666,50,0.3937007874015748,0.2992125984251969,0.41732283464566927,0.4094488188976378,0.36220472440944884,0.3753280839895012,0.3712035995500562,0.34068241469816274,2024-12-25,0.28346456692913385,36.0,108.33333333333331
2024-12-25,108.33333333333331,36,0.28346456692913385,0.3937007874015748,0.2992125984251969,0.41732283464566927,0.30708661417322836,0.3700787401574801,0.37570303712035996,0.33858267716535434,2024-12-26,0.09448818897637795,12.0,41.375
2024-12-26,41.375,12,0.09448818897637795,0.28346456692913385,0.3937007874015748,0.2992125984251969,0.3858267716535433,0.3254593175853017,0.3723284589426322,0.3333333333333333,2024-12-27,0.3228346456692913,41.0,122.875
2024-12-27,122.875,41,0.3228346456692913,0.09448818897637795,0.28346456692913385,0.3937007874015748,0.41732283464566927,0.2572178477690287,0.3307086614173228,0.33018372703412074,2024-12-28,0.2125984251968504,27.0,84.375
2024-12-28,84.375,27,0.2125984251968504,0.3228346456692913,0.09448818897637795,0.28346456692913385,0.4094488188976378,0.2335958005249342,0.3172103487064117,0.3291338582677165,2024-12-29,0.06299212598425197,8.0,32.166666666666664
2024-12-29,32.166666666666664,8,0.06299212598425197,0.2125984251968504,0.3228346456692913,0.09448818897637795,0.41732283464566927,0.2099737532808397,0.2890888638920135,0.33018372703412074,2024-12-30,0.3858267716535433,49.0,144.875
2024-12-30,144.875,49,0.3858267716535433,0.06299212598425197,0.2125984251968504,0.3228346456692913,0.2992125984251969,0.19947506561679773,0.23847019122609672,0.3280839895013123,2024-12-31,0.4015748031496063,51.0,151.5
