data,ghi,ghi_quantizado,ghi_normalizado,ghi_t-1,ghi_t-2,ghi_t-3,ghi_t-7,ghi_media_movel_3d,ghi_media_movel_7d,ghi_media_movel_30d,data_alvo,ghi_alvo,ghi_alvo_quantizado,ghi_alvo_original
2019-01-30,114.91666666666669,37,0.29133858267716534,0.29133858267716534,0.5039370078740157,0.5039370078740157,0.5039370078740157,0.43307086614173224,0.42182227221597296,0.3199475065616798,2019-01-31,0.07086614173228346,9.0,37.208333333333336
2019-01-31,37.208333333333336,9,0.07086614173228346,0.07086614173228346,0.29133858267716534,0.5039370078740157,0.2755905511811024,0.2887139107611549,0.35995500562429694,0.31968503937007875,2019-02-01,0.14960629921259844,19.0,66.70833333333333
2019-02-01,66.70833333333333,19,0.14960629921259844,0.14960629921259844,0.07086614173228346,0.29133858267716534,0.3700787401574803,0.1706036745406824,0.3419572553430821,0.32440944881889766,2019-02-02,0.06299212598425197,8.0,35.375
2019-02-02,35.375,8,0.06299212598425197,0.06299212598425197,0.14960629921259844,0.07086614173228346,0.5039370078740157,0.09448818897637795,0.2980877390326209,0.31811023622047246,2019-02-03,0.1968503937007874,25.0,82.125
2019-02-03,82.125,25,0.1968503937007874,0.1968503937007874,0.06299212598425197,0.14960629921259844,0.5039370078740157,0.13648293963254596,0.2542182227221597,0.30997375328083987,2019-02-04,0.16535433070866143,21.0,71.95833333333333
2019-02-04,71.95833333333333,21,0.16535433070866143,0.16535433070866143,0.1968503937007874,0.06299212598425197,0.5039370078740157,0.14173228346456693,0.20584926884139484,0.30026246719160105,2019-02-05,0.2125984251968504,27.0,87.20833333333333
2019-02-05,87.20833333333333,27,0.2125984251968504,0.2125984251968504,0.16535433070866143,0.1968503937007874,0.29133858267716534,0.19160104986876644,0.16422947131608548,0.29895013123359576,2019-02-06,0.10236220472440945,13.0,48.79166666666666
2019-02-06,48.79166666666666,13,0.10236220472440945,0.10236220472440945,0.2125984251968504,0.16535433070866143,0.07086614173228346,0.16010498687664043,0.13723284589426324,0.29396325459317585,2019-02-07,0.07874015748031496,10.0,39.625
2019-02-07,39.625,10,0.07874015748031496,0.07874015748031496,0.10236220472440945,0.2125984251968504,0.14960629921259844,0.13123359580052493,0.13835770528683913,0.28398950131233597,2019-02-08,0.05511811023622047,7.0,31.25
2019-02-08,31.25,7,0.05511811023622047,0.05511811023622047,0.07874015748031496,0.10236220472440945,0.06299212598425197,0.07874015748031496,0.12485939257592801,0.27244094488188975,2019-02-09,0.05511811023622047,7.0,31.666666666666668
2019-02-09,31.666666666666668,7,0.05511811023622047,0.05511811023622047,0.05511811023622047,0.07874015748031496,0.1968503937007874,0.06299212598425197,0.12373453318335208,0.2679790026246719,2019-02-10,0.05511811023622047,7.0,30.70833333333333
2019-02-10,30.70833333333333,7,0.05511811023622047,0.05511811023622047,0.05511811023622047,0.05511811023622047,0.16535433070866143,0.05511811023622047,0.10348706411698538,0.26745406824146983,2019-02-11,0.07086614173228346,9.0,38.625
2019-02-11,38.625,9,0.07086614173228346,0.07086614173228346,0.05511811023622047,0.05511811023622047,0.2125984251968504,0.060367454068241476,0.08998875140607424,0.2543307086614173,2019-02-12,0.5984251968503937,76.0,225.375
2019-02-12,225.375,76,0.5984251968503937,0.5984251968503937,0.07086614173228346,0.05511811023622047,0.10236220472440945,0.2414698162729659,0.14510686164229472,0.2587926509186352,2019-02-13,0.5275590551181102,67.0,199.20833333333331
2019-02-13,199.20833333333331,67,0.5275590551181102,0.5275590551181102,0.5984251968503937,0.07086614173228346,0.07874015748031496,0.39895013123359585,0.20584926884139482,0.2658792650918635,2019-02-14,0.4566929133858268,58.0,173.0
2019-02-14,173.0,58,0.4566929133858268,0.4566929133858268,0.5275590551181102,0.5984251968503937,0.05511811023622047,0.5275590551181103,0.2598425196850394,0.27874015748031494,2019-02-15,0.44881889763779526,57.0,171.875
2019-02-15,171.875,57,0.44881889763779526,0.44881889763779526,0.4566929133858268,0.5275590551181102,0.05511811023622047,0.4776902887139107,0.3160854893138358,0.29028871391076116,2019-02-16,0.2283464566929134,29.0,92.33333333333331
2019-02-16,92.33333333333331,29,0.2283464566929134,0.2283464566929134,0.44881889763779526,0.4566929133858268,0.05511811023622047,0.3779527559055118,0.34083239595050624,0.2832020997375328,2019-02-17,0.5433070866141733,69.0,204.83333333333331
2019-02-17,204.83333333333331,69,0.5433070866141733,0.5433070866141733,0.2283464566929134,0.44881889763779526,0.07086614173228346,0.40682414698162733,0.41057367829021374,0.3005249343832021,2019-02-18,0.5433070866141733,69.0,205.08333333333331
2019-02-18,205.08333333333331,69,0.5433070866141733,0.5433070866141733,0.5433070866141733,0.2283464566929134,0.5984251968503937,0.4383202099737533,0.4780652418447694,0.30236220472440944,2019-02-19,0.031496062992125984,4.0,22.5
2019-02-19,22.5,4,0.031496062992125984,0.031496062992125984,0.5433070866141733,0.5433070866141733,0.5275590551181102,0.37270341207349084,0.39707536557930256,0.2874015748031496,2019-02-20,0.6377952755905512,81.0,237.45833333333331
2019-02-20,237.45833333333331,81,0.6377952755905512,0.6377952755905512,0.031496062992125984,0.5433070866141733,0.4566929133858268,0.4041994750656168,0.4128233970753656,0.2929133858267717,2019-02-21,0.09448818897637795,12.0,44.958333333333336
2019-02-21,44.958333333333336,12,0.09448818897637795,0.09448818897637795,0.6377952755905512,0.031496062992125984,0.44881889763779526,0.2545931758530184,0.3610798650168729,0.2942257217847769,2019-02-22,0.11811023622047244,15.0,54.29166666666666
2019-02-22,54.29166666666666,15,0.11811023622047244,0.11811023622047244,0.09448818897637795,0.6377952755905512,0.2283464566929134,0.28346456692913385,0.3138357705286839,0.2818897637795275,2019-02-23,0.5669291338582677,72.0,214.25
2019-02-23,214.25,72,0.5669291338582677,0.5669291338582677,0.11811023622047244,0.09448818897637795,0.5433070866141733,0.25984251968503935,0.3622047244094488,0.28398950131233597,2019-02-24,0.6771653543307087,86.0,251.83333333333331
2019-02-24,251.83333333333331,86,0.6771653543307087,0.6771653543307087,0.5669291338582677,0.11811023622047244,0.5433070866141733,0.4540682414698162,0.38132733408323954,0.29737532808398953,2019-02-25,0.4881889763779528,62.0,184.45833333333331
2019-02-25,184.45833333333331,62,0.4881889763779528,0.4881889763779528,0.6771653543307087,0.5669291338582677,0.031496062992125984,0.5774278215223098,0.37345331833520806,0.3013123359580053,2019-02-26,0.1968503937007874,25.0,81.375
2019-02-26,81.375,25,0.1968503937007874,0.1968503937007874,0.4881889763779528,0.6771653543307087,0.6377952755905512,0.4540682414698163,0.39707536557930256,0.29107611548556434,2019-02-27,0.33858267716535434,43.0,131.75
2019-02-27,131.75,43,0.33858267716535434,0.33858267716535434,0.1968503937007874,0.4881889763779528,0.09448818897637795,0.3412073490813648,0.3543307086614173,0.2855643044619422,2019-02-28,0.06299212598425197,8.0,33.333333333333336
2019-02-28,33.333333333333336,8,0.06299212598425197,0.06299212598425197,0.33858267716535434,0.1968503937007874,0.11811023622047244,0.19947506561679793,0.3498312710911136,0.27086614173228346,2019-03-01,0.14960629921259844,19.0,64.375
2019-03-01,64.375,19,0.14960629921259844,0.14960629921259844,0.06299212598425197,0.33858267716535434,0.5669291338582677,0.18372703412073496,0.35433070866141725,0.26614173228346455,2019-03-02,0.07086614173228346,9.0,38.29166666666666
2019-03-02,38.29166666666666,9,0.07086614173228346,0.07086614173228346,0.14960629921259844,0.06299212598425197,0.6771653543307087,0.09448818897637795,0.28346456692913385,0.26614173228346455,2019-03-03,0.14960629921259844,19.0,64.125
2019-03-03,64.125,19,0.14960629921259844,0.14960629921259844,0.07086614173228346,0.14960629921259844,0.4881889763779528,0.12335958005249344,0.2080989876265467,0.2661417322834646,2019-03-04,0.28346456692913385,36.0,113.875
2019-03-04,113.875,36,0.28346456692913385,0.28346456692913385,0.14960629921259844,0.07086614173228346,0.1968503937007874,0.1679790026246719,0.17885264341957252,0.273490813648294,2019-03-05,0.6141732283464567,78.0,230.20833333333331
2019-03-05,230.20833333333331,78,0.6141732283464567,0.6141732283464567,0.28346456692913385,0.14960629921259844,0.33858267716535434,0.3490813648293963,0.2384701912260967,0.28740157480314965,2019-03-06,0.6141732283464567,78.0,229.75
2019-03-06,229.75,78,0.6141732283464567,0.6141732283464567,0.6141732283464567,0.28346456692913385,0.06299212598425197,0.5039370078740157,0.2778402699662542,0.30236220472440944,2019-03-07,0.4094488188976378,52.0,157.41666666666666
2019-03-07,157.41666666666666,52,0.4094488188976378,0.4094488188976378,0.6141732283464567,0.6141732283464567,0.14960629921259844,0.5459317585301838,0.32733408323959506,0.30892388451443575,2019-03-08,0.2677165354330709,34.0,106.20833333333331
2019-03-08,106.20833333333331,34,0.2677165354330709,0.2677165354330709,0.4094488188976378,0.6141732283464567,0.07086614173228346,0.4304461942257218,0.3442069741282339,0.3144356955380577,2019-03-09,0.5669291338582677,72.0,214.125
2019-03-09,214.125,72,0.5669291338582677,0.5669291338582677,0.2677165354330709,0.4094488188976378,0.14960629921259844,0.4146981627296588,0.41507311586051737,0.33070866141732286,2019-03-10,0.25196850393700787,32.0,101.91666666666669
2019-03-10,101.91666666666669,32,0.25196850393700787,0.25196850393700787,0.5669291338582677,0.2677165354330709,0.28346456692913385,0.36220472440944884,0.42969628796400444,0.33727034120734906,2019-03-11,0.11811023622047244,15.0,55.458333333333336
2019-03-11,55.458333333333336,15,0.11811023622047244,0.11811023622047244,0.25196850393700787,0.5669291338582677,0.6141732283464567,0.3123359580052493,0.40607424071990994,0.33937007874015745,2019-03-12,0.2440944881889764,31.0,97.54166666666669
2019-03-12,97.54166666666669,31,0.2440944881889764,0.2440944881889764,0.11811023622047244,0.25196850393700787,0.6141732283464567,0.2047244094488189,0.3532058492688414,0.34566929133858265,2019-03-13,0.5748031496062992,73.0,216.41666666666663
2019-03-13,216.41666666666663,73,0.5748031496062992,0.5748031496062992,0.2440944881889764,0.11811023622047244,0.4094488188976378,0.3123359580052493,0.3475815523059617,0.3624671916010499,2019-03-14,0.7165354330708661,91.0,267.8333333333333
2019-03-14,267.8333333333333,91,0.7165354330708661,0.7165354330708661,0.5748031496062992,0.2440944881889764,0.2677165354330709,0.5118110236220472,0.39145106861642287,0.3664041994750657,2019-03-15,0.47244094488188976,60.0,179.66666666666666
2019-03-15,179.66666666666666,60,0.47244094488188976,0.47244094488188976,0.7165354330708661,0.5748031496062992,0.5669291338582677,0.5879265091863517,0.420697412823397,0.3645669291338583,2019-03-16,0.4566929133858268,58.0,173.66666666666666
2019-03-16,173.66666666666666,58,0.4566929133858268,0.4566929133858268,0.47244094488188976,0.7165354330708661,0.25196850393700787,0.5485564304461943,0.40494938132733405,0.3645669291338583,2019-03-17,0.6614173228346457,84.0,246.0
2019-03-17,246.0,84,0.6614173228346457,0.6614173228346457,0.4566929133858268,0.47244094488188976,0.11811023622047244,0.5301837270341208,0.46344206974128227,0.3716535433070866,2019-03-18,0.7165354330708661,91.0,265.8333333333333
2019-03-18,265.8333333333333,91,0.7165354330708661,0.7165354330708661,0.6614173228346457,0.4566929133858268,0.2440944881889764,0.6115485564304461,0.5489313835770528,0.38792650918635174,2019-03-19,0.4251968503937008,54.0,163.875
2019-03-19,163.875,54,0.4251968503937008,0.4251968503937008,0.7165354330708661,0.6614173228346457,0.5748031496062992,0.6010498687664042,0.5748031496062992,0.38398950131233595,2019-03-20,0.5984251968503937,76.0,223.5
2019-03-20,223.5,76,0.5984251968503937,0.5984251968503937,0.4251968503937008,0.7165354330708661,0.7165354330708661,0.5800524934383202,0.578177727784027,0.38582677165354334,2019-03-21,0.7795275590551181,99.0,289.0
2019-03-21,289.0,99,0.7795275590551181,0.7795275590551181,0.5984251968503937,0.4251968503937008,0.47244094488188976,0.6010498687664042,0.5871766029246344,0.4107611548556431,2019-03-22,0.7086614173228346,90.0,263.9583333333333
2019-03-22,263.9583333333333,90,0.7086614173228346,0.7086614173228346,0.7795275590551181,0.5984251968503937,0.4566929133858268,0.6955380577427821,0.6209223847019123,0.4131233595800525,2019-03-23,0.2125984251968504,27.0,87.08333333333333
2019-03-23,87.08333333333333,27,0.2125984251968504,0.2125984251968504,0.7086614173228346,0.7795275590551181,0.6614173228346457,0.5669291338582677,0.5860517435320585,0.41706036745406827,2019-03-24,0.44881889763779526,57.0,171.66666666666666
2019-03-24,171.66666666666666,57,0.44881889763779526,0.44881889763779526,0.2125984251968504,0.7086614173228346,0.7165354330708661,0.4566929133858268,0.5556805399325084,0.4280839895013123,2019-03-25,0.5354330708661418,68.0,203.08333333333331
2019-03-25,203.08333333333331,68,0.5354330708661418,0.5354330708661418,0.44881889763779526,0.2125984251968504,0.4251968503937008,0.39895013123359585,0.5298087739032621,0.42703412073490815,2019-03-26,0.7952755905511811,101.0,295.2083333333333
2019-03-26,295.2083333333333,101,0.7952755905511811,0.7952755905511811,0.5354330708661418,0.44881889763779526,0.5984251968503937,0.5931758530183727,0.5826771653543307,0.4309711286089239,2019-03-27,0.7322834645669292,93.0,272.5833333333333
2019-03-27,272.5833333333333,93,0.7322834645669292,0.7322834645669292,0.7952755905511811,0.5354330708661418,0.7795275590551181,0.6876640419947506,0.6017997750281214,0.43910761154855643,2019-03-28,0.6220472440944882,79.0,234.04166666666663
2019-03-28,234.04166666666663,79,0.6220472440944882,0.6220472440944882,0.7322834645669292,0.7952755905511811,0.7086614173228346,0.7165354330708661,0.5793025871766029,0.45328083989501317,2019-03-29,0.3937007874015748,50.0,152.625
2019-03-29,152.625,50,0.3937007874015748,0.3937007874015748,0.6220472440944882,0.7322834645669292,0.2125984251968504,0.5826771653543307,0.5343082114735658,0.4551181102362205,2019-03-30,0.29133858267716534,37.0,116.54166666666669
2019-03-30,116.54166666666669,37,0.29133858267716534,0.29133858267716534,0.3937007874015748,0.6220472440944882,0.44881889763779526,0.43569553805774275,0.545556805399325,0.46272965879265093,2019-03-31,0.44881889763779526,57.0,172.875
2019-03-31,172.875,57,0.44881889763779526,0.44881889763779526,0.29133858267716534,0.3937007874015748,0.5354330708661418,0.37795275590551175,0.545556805399325,0.4727034120734908,2019-04-01,0.49606299212598426,63.0,188.54166666666663
2019-04-01,188.54166666666663,63,0.49606299212598426,0.49606299212598426,0.44881889763779526,0.29133858267716534,0.7952755905511811,0.4120734908136483,0.5399325084364454,0.4868766404199475,2019-04-02,0.7401574803149606,94.0,276.2083333333333
2019-04-02,276.2083333333333,94,0.7401574803149606,0.7401574803149606,0.49606299212598426,0.44881889763779526,0.7322834645669292,0.5616797900262467,0.5320584926884139,0.5065616797900262,2019-04-03,0.25196850393700787,32.0,100.58333333333331
2019-04-03,100.58333333333331,32,0.25196850393700787,0.25196850393700787,0.7401574803149606,0.49606299212598426,0.6220472440944882,0.49606299212598426,0.46344206974128227,0.5055118110236221,2019-04-04,0.7952755905511811,101.0,293.7916666666667
2019-04-04,293.7916666666667,101,0.7952755905511811,0.7952755905511811,0.25196850393700787,0.7401574803149606,0.3937007874015748,0.5958005249343832,0.4881889763779528,0.5115485564304462,2019-04-05,0.48031496062992124,61.0,181.83333333333331
2019-04-05,181.83333333333331,61,0.48031496062992124,0.48031496062992124,0.7952755905511811,0.25196850393700787,0.29133858267716534,0.5091863517060368,0.500562429696288,0.5070866141732284,2019-04-06,0.05511811023622047,7.0,31.916666666666668
2019-04-06,31.916666666666668,7,0.05511811023622047,0.05511811023622047,0.48031496062992124,0.7952755905511811,0.44881889763779526,0.44356955380577423,0.4668166479190101,0.4952755905511811,2019-04-07,0.2283464566929134,29.0,92.75
2019-04-07,92.75,29,0.2283464566929134,0.2283464566929134,0.05511811023622047,0.48031496062992124,0.49606299212598426,0.2545931758530183,0.43532058492688414,0.49396325459317586,2019-04-08,0.8267716535433071,105.0,306.25
2019-04-08,306.25,105,0.8267716535433071,0.8267716535433071,0.2283464566929134,0.05511811023622047,0.7401574803149606,0.37007874015748027,0.4825646794150731,0.5026246719160105,2019-04-09,0.84251968503937,107.0,311.625
2019-04-09,311.625,107,0.84251968503937,0.84251968503937,0.8267716535433071,0.2283464566929134,0.25196850393700787,0.6325459317585301,0.4971878515185601,0.5223097112860893,2019-04-10,0.84251968503937,107.0,312.0416666666667
2019-04-10,312.0416666666667,107,0.84251968503937,0.84251968503937,0.84251968503937,0.8267716535433071,0.7952755905511811,0.8372703412073491,0.5815523059617548,0.5464566929133858,2019-04-11,0.6929133858267716,88.0,258.5
2019-04-11,258.5,88,0.6929133858267716,0.6929133858267716,0.84251968503937,0.84251968503937,0.48031496062992124,0.7926509186351706,0.5669291338582677,0.5614173228346456,2019-04-12,0.8110236220472441,103.0,300.0416666666667
2019-04-12,300.0416666666667,103,0.8110236220472441,0.8110236220472441,0.6929133858267716,0.84251968503937,0.05511811023622047,0.7821522309711285,0.6141732283464566,0.5692913385826771,2019-04-13,0.4881889763779528,62.0,185.20833333333331
2019-04-13,185.20833333333331,62,0.4881889763779528,0.4881889763779528,0.8110236220472441,0.6929133858267716,0.2283464566929134,0.6640419947506562,0.6760404949381327,0.5616797900262468,2019-04-14,0.889763779527559,113.0,328.375
2019-04-14,328.375,113,0.889763779527559,0.889763779527559,0.4881889763779528,0.8110236220472441,0.8267716535433071,0.7296587926509185,0.7705286839145106,0.5755905511811025,2019-04-15,0.8740157480314961,111.0,323.7083333333333
2019-04-15,323.7083333333333,111,0.8740157480314961,0.8740157480314961,0.889763779527559,0.4881889763779528,0.84251968503937,0.7506561679790026,0.7772778402699663,0.589501312335958,2019-04-16,0.5748031496062992,73.0,217.16666666666663
2019-04-16,217.16666666666663,73,0.5748031496062992,0.5748031496062992,0.8740157480314961,0.889763779527559,0.84251968503937,0.7795275590551181,0.7390326209223846,0.5866141732283464,2019-04-17,0.3543307086614173,45.0,139.25
2019-04-17,139.25,45,0.3543307086614173,0.3543307086614173,0.5748031496062992,0.8740157480314961,0.6929133858267716,0.6010498687664042,0.6692913385826771,0.5745406824146981,2019-04-18,0.6535433070866141,83.0,245.58333333333331
2019-04-18,245.58333333333331,83,0.6535433070866141,0.6535433070866141,0.3543307086614173,0.5748031496062992,0.8110236220472441,0.5275590551181102,0.6636670416197975,0.5821522309711287,2019-04-19,0.9133858267716536,116.0,335.25
2019-04-19,335.25,116,0.9133858267716536,0.9133858267716536,0.6535433070866141,0.3543307086614173,0.4881889763779528,0.6404199475065617,0.6782902137232846,0.5926509186351706,2019-04-20,0.905511811023622,115.0,332.4166666666667
2019-04-20,332.4166666666667,115,0.905511811023622,0.905511811023622,0.9133858267716536,0.6535433070866141,0.889763779527559,0.8241469816272966,0.7379077615298087,0.5968503937007874,2019-04-21,0.8582677165354331,109.0,316.375
2019-04-21,316.375,109,0.8582677165354331,0.8582677165354331,0.905511811023622,0.9133858267716536,0.8740157480314961,0.8923884514435696,0.7334083239595051,0.6018372703412073,2019-04-22,0.6141732283464567,78.0,231.0
2019-04-22,231.0,78,0.6141732283464567,0.6141732283464567,0.8582677165354331,0.905511811023622,0.5748031496062992,0.7926509186351706,0.6962879640044994,0.6152230971128608,2019-04-23,0.3228346456692913,41.0,126.54166666666669
2019-04-23,126.54166666666669,41,0.3228346456692913,0.3228346456692913,0.6141732283464567,0.8582677165354331,0.3543307086614173,0.5984251968503937,0.6602924634420696,0.611023622047244,2019-04-24,0.10236220472440945,13.0,49.958333333333336
2019-04-24,49.958333333333336,13,0.10236220472440945,0.10236220472440945,0.3228346456692913,0.6141732283464567,0.6535433070866141,0.3464566929133858,0.6242969628796401,0.5965879265091865,2019-04-25,0.905511811023622,115.0,333.0416666666667
2019-04-25,333.0416666666667,115,0.905511811023622,0.905511811023622,0.10236220472440945,0.3228346456692913,0.9133858267716536,0.44356955380577423,0.6602924634420697,0.6002624671916011,2019-04-26,0.905511811023622,115.0,332.5
2019-04-26,332.5,115,0.905511811023622,0.905511811023622,0.905511811023622,0.10236220472440945,0.905511811023622,0.6377952755905513,0.6591676040494938,0.6060367454068242,2019-04-27,0.8976377952755905,114.0,331.125
2019-04-27,331.125,114,0.8976377952755905,0.8976377952755905,0.905511811023622,0.905511811023622,0.8582677165354331,0.9028871391076115,0.6580427446569178,0.6152230971128608,2019-04-28,0.8503937007874016,108.0,314.4166666666667
2019-04-28,314.4166666666667,108,0.8503937007874016,0.8503937007874016,0.8976377952755905,0.905511811023622,0.6141732283464567,0.884514435695538,0.6569178852643419,0.6304461942257217,2019-04-29,0.5511811023622047,70.0,207.70833333333331
2019-04-29,207.70833333333331,70,0.5511811023622047,0.5511811023622047,0.8503937007874016,0.8976377952755905,0.3228346456692913,0.7664041994750658,0.6479190101237345,0.6391076115485564,2019-04-30,0.36220472440944884,46.0,142.125
2019-04-30,142.125,46,0.36220472440944884,0.36220472440944884,0.5511811023622047,0.8503937007874016,0.10236220472440945,0.5879265091863517,0.6535433070866141,0.6362204724409449,2019-05-01,0.3779527559055118,48.0,147.5
2019-05-01,147.5,48,0.3779527559055118,0.3779527559055118,0.36220472440944884,0.5511811023622047,0.905511811023622,0.4304461942257218,0.6929133858267715,0.6322834645669292,2019-05-02,0.44881889763779526,57.0,170.33333333333334
2019-05-02,170.33333333333334,57,0.44881889763779526,0.44881889763779526,0.3779527559055118,0.36220472440944884,0.905511811023622,0.39632545931758534,0.6276715410573678,0.6225721784776902,2019-05-03,0.44881889763779526,57.0,171.83333333333334
2019-05-03,171.83333333333334,57,0.44881889763779526,0.44881889763779526,0.44881889763779526,0.3779527559055118,0.8976377952755905,0.42519685039370075,0.5624296962879639,0.6291338582677165,2019-05-04,0.905511811023622,115.0,332.75
2019-05-04,332.75,115,0.905511811023622,0.905511811023622,0.44881889763779526,0.44881889763779526,0.8503937007874016,0.6010498687664042,0.5635545556805399,0.6328083989501311,2019-05-05,0.889763779527559,113.0,327.3333333333333
2019-05-05,327.3333333333333,113,0.889763779527559,0.889763779527559,0.905511811023622,0.44881889763779526,0.5511811023622047,0.748031496062992,0.5691788526434195,0.6464566929133858,2019-05-06,0.23622047244094488,30.0,97.04166666666669
2019-05-06,97.04166666666669,30,0.23622047244094488,0.23622047244094488,0.889763779527559,0.905511811023622,0.36220472440944884,0.6771653543307087,0.5241844769403824,0.65249343832021,2019-05-07,0.5118110236220472,65.0,194.625
2019-05-07,194.625,65,0.5118110236220472,0.5118110236220472,0.23622047244094488,0.889763779527559,0.3779527559055118,0.5459317585301837,0.545556805399325,0.6619422572178478,2019-05-08,0.16535433070866143,21.0,71.375
2019-05-08,71.375,21,0.16535433070866143,0.16535433070866143,0.5118110236220472,0.23622047244094488,0.44881889763779526,0.30446194225721784,0.515185601799775,0.6398950131233596,2019-05-09,0.4330708661417323,55.0,165.04166666666666
2019-05-09,165.04166666666666,55,0.4330708661417323,0.4330708661417323,0.16535433070866143,0.5118110236220472,0.44881889763779526,0.3700787401574803,0.5129358830146231,0.6262467191601051,2019-05-10,0.3543307086614173,45.0,137.25
2019-05-10,137.25,45,0.3543307086614173,0.3543307086614173,0.4330708661417323,0.16535433070866143,0.905511811023622,0.31758530183727035,0.499437570303712,0.6099737532808399,2019-05-11,0.2440944881889764,31.0,99.5
2019-05-11,99.5,31,0.2440944881889764,0.2440944881889764,0.3543307086614173,0.4330708661417323,0.889763779527559,0.3438320209973753,0.40494938132733405,0.59501312335958,2019-05-12,0.8661417322834646,110.0,320.7083333333333
2019-05-12,320.7083333333333,110,0.8661417322834646,0.8661417322834646,0.2440944881889764,0.3543307086614173,0.23622047244094488,0.4881889763779528,0.4015748031496062,0.5968503937007874,2019-05-13,0.9291338582677166,118.0,341.125
2019-05-13,341.125,118,0.9291338582677166,0.9291338582677166,0.8661417322834646,0.2440944881889764,0.5118110236220472,0.6797900262467191,0.500562429696288,0.6115485564304461,2019-05-14,0.6692913385826772,85.0,251.08333333333331
2019-05-14,251.08333333333331,85,0.6692913385826772,0.6692913385826772,0.9291338582677166,0.8661417322834646,0.16535433070866143,0.8215223097112861,0.5230596175478065,0.6041994750656168,2019-05-15,0.8582677165354331,109.0,316.125
2019-05-15,316.125,109,0.8582677165354331,0.8582677165354331,0.6692913385826772,0.9291338582677166,0.4330708661417323,0.8188976377952756,0.6220472440944882,0.6036745406824147,2019-05-16,0.8976377952755905,114.0,329.4583333333333
2019-05-16,329.4583333333333,114,0.8976377952755905,0.8976377952755905,0.8582677165354331,0.6692913385826772,0.3543307086614173,0.8083989501312335,0.688413948256468,0.6144356955380578,2019-05-17,0.7559055118110236,96.0,281.4583333333333
2019-05-17,281.4583333333333,96,0.7559055118110236,0.7559055118110236,0.8976377952755905,0.8582677165354331,0.2440944881889764,0.8372703412073491,0.7457817772778402,0.6278215223097112,2019-05-18,0.33858267716535434,43.0,131.66666666666666
2019-05-18,131.66666666666666,43,0.33858267716535434,0.33858267716535434,0.7559055118110236,0.8976377952755905,0.8661417322834646,0.6640419947506561,0.7592800899887514,0.6173228346456693,2019-05-19,0.6692913385826772,85.0,249.875
2019-05-19,249.875,85,0.6692913385826772,0.6692913385826772,0.33858267716535434,0.7559055118110236,0.9291338582677166,0.5879265091863517,0.7311586051743532,0.6091863517060367,2019-05-20,0.6692913385826772,85.0,249.08333333333331
2019-05-20,249.08333333333331,85,0.6692913385826772,0.6692913385826772,0.6692913385826772,0.33858267716535434,0.6692913385826772,0.5590551181102362,0.6940382452193475,0.6013123359580053,2019-05-21,0.6929133858267716,88.0,256.7916666666667
2019-05-21,256.7916666666667,88,0.6929133858267716,0.6929133858267716,0.6692913385826772,0.6692913385826772,0.8582677165354331,0.6771653543307087,0.6974128233970754,0.5958005249343832,2019-05-22,0.8582677165354331,109.0,315.9166666666667
2019-05-22,315.9166666666667,109,0.8582677165354331,0.8582677165354331,0.6929133858267716,0.6692913385826772,0.8976377952755905,0.7401574803149606,0.6974128233970754,0.6039370078740158,2019-05-23,0.8582677165354331,109.0,315.6666666666667
2019-05-23,315.6666666666667,109,0.8582677165354331,0.8582677165354331,0.8582677165354331,0.6929133858267716,0.7559055118110236,0.8031496062992126,0.6917885264341956,0.6217847769028871,2019-05-24,0.7007874015748031,89.0,260.9583333333333
2019-05-24,260.9583333333333,89,0.7007874015748031,0.7007874015748031,0.8582677165354331,0.8582677165354331,0.33858267716535434,0.8057742782152232,0.6839145106861643,0.6417322834645669,2019-05-25,0.8346456692913385,106.0,308.2916666666667
2019-05-25,308.2916666666667,106,0.8346456692913385,0.8346456692913385,0.7007874015748031,0.8582677165354331,0.6692913385826772,0.7979002624671917,0.7547806524184476,0.6393700787401574,2019-05-26,0.84251968503937,107.0,312.25
2019-05-26,312.25,107,0.84251968503937,0.84251968503937,0.8346456692913385,0.7007874015748031,0.6692913385826772,0.7926509186351706,0.7795275590551182,0.637270341207349,2019-05-27,0.6692913385826772,85.0,248.75
2019-05-27,248.75,85,0.6692913385826772,0.6692913385826772,0.84251968503937,0.8346456692913385,0.6929133858267716,0.7821522309711285,0.779527559055118,0.6296587926509186,2019-05-28,0.41732283464566927,53.0,160.75
2019-05-28,160.75,53,0.41732283464566927,0.41732283464566927,0.6692913385826772,0.84251968503937,0.8582677165354331,0.6430446194225722,0.7401574803149605,0.6152230971128609,2019-05-29,0.6456692913385826,82.0,242.29166666666663
2019-05-29,242.29166666666663,82,0.6456692913385826,0.6456692913385826,0.41732283464566927,0.6692913385826772,0.8582677165354331,0.5774278215223096,0.7097862767154105,0.6183727034120735,2019-05-30,0.6850393700787402,87.0,255.04166666666663
2019-05-30,255.04166666666663,87,0.6850393700787402,0.6850393700787402,0.6456692913385826,0.41732283464566927,0.7007874015748031,0.5826771653543307,0.6850393700787402,0.6291338582677165,2019-05-31,0.7874015748031497,100.0,291.625
2019-05-31,291.625,100,0.7874015748031497,0.7874015748031497,0.6850393700787402,0.6456692913385826,0.8346456692913385,0.706036745406824,0.6974128233970752,0.6427821522309711,2019-06-01,0.7322834645669292,93.0,271.4166666666667
2019-06-01,271.4166666666667,93,0.7322834645669292,0.7322834645669292,0.7874015748031497,0.6850393700787402,0.84251968503937,0.7349081364829396,0.6827896512935884,0.6522309711286088,2019-06-02,0.8582677165354331,109.0,316.8333333333333
2019-06-02,316.8333333333333,109,0.8582677165354331,0.8582677165354331,0.7322834645669292,0.7874015748031497,0.6692913385826772,0.7926509186351707,0.6850393700787402,0.6658792650918635,2019-06-03,0.6771653543307087,86.0,252.33333333333331
2019-06-03,252.33333333333331,86,0.6771653543307087,0.6771653543307087,0.8582677165354331,0.7322834645669292,0.41732283464566927,0.7559055118110236,0.6861642294713161,0.658267716535433,2019-06-04,0.2047244094488189,26.0,83.79166666666667
2019-06-04,83.79166666666667,26,0.2047244094488189,0.2047244094488189,0.6771653543307087,0.8582677165354331,0.6456692913385826,0.5800524934383202,0.655793025871766,0.6354330708661418,2019-06-05,0.7244094488188977,92.0,270.5416666666667
2019-06-05,270.5416666666667,92,0.7244094488188977,0.7244094488188977,0.2047244094488189,0.6771653543307087,0.6850393700787402,0.5354330708661418,0.6670416197975253,0.6517060367454068,2019-06-06,0.6850393700787402,87.0,255.125
2019-06-06,255.125,87,0.6850393700787402,0.6850393700787402,0.7244094488188977,0.2047244094488189,0.7874015748031497,0.5380577427821522,0.6670416197975253,0.65748031496063,2019-06-07,0.9448818897637795,120.0,348.6666666666667
2019-06-07,348.6666666666667,120,0.9448818897637795,0.9448818897637795,0.6850393700787402,0.7244094488188977,0.7322834645669292,0.7847769028871391,0.689538807649044,0.6834645669291338,2019-06-08,0.9448818897637795,120.0,348.7916666666667
2019-06-08,348.7916666666667,120,0.9448818897637795,0.9448818897637795,0.9448818897637795,0.6850393700787402,0.8582677165354331,0.858267716535433,0.7199100112485938,0.7005249343832021,2019-06-09,0.8740157480314961,111.0,322.875
2019-06-09,322.875,111,0.8740157480314961,0.8740157480314961,0.9448818897637795,0.9448818897637795,0.6771653543307087,0.9212598425196851,0.7221597300337458,0.7178477690288715,2019-06-10,0.8110236220472441,103.0,299.7916666666667
2019-06-10,299.7916666666667,103,0.8110236220472441,0.8110236220472441,0.8740157480314961,0.9448818897637795,0.2047244094488189,0.8766404199475065,0.7412823397075365,0.7367454068241469,2019-06-11,0.2283464566929134,29.0,94.08333333333331
2019-06-11,94.08333333333331,29,0.2283464566929134,0.2283464566929134,0.8110236220472441,0.8740157480314961,0.7244094488188977,0.6377952755905512,0.7446569178852643,0.715485564304462,2019-06-12,0.9133858267716536,116.0,337.2916666666667
2019-06-12,337.2916666666667,116,0.9133858267716536,0.9133858267716536,0.2283464566929134,0.8110236220472441,0.6850393700787402,0.6509186351706037,0.7716535433070865,0.7149606299212599,2019-06-13,0.952755905511811,121.0,350.5833333333333
2019-06-13,350.5833333333333,121,0.952755905511811,0.952755905511811,0.9133858267716536,0.2283464566929134,0.9448818897637795,0.6981627296587928,0.8098987626546681,0.7244094488188976,2019-06-14,0.905511811023622,115.0,332.25
2019-06-14,332.25,115,0.905511811023622,0.905511811023622,0.952755905511811,0.9133858267716536,0.9448818897637795,0.9238845144356955,0.8042744656917885,0.7259842519685038,2019-06-15,0.905511811023622,115.0,333.5833333333333
2019-06-15,333.5833333333333,115,0.905511811023622,0.905511811023622,0.905511811023622,0.952755905511811,0.8740157480314961,0.9212598425196851,0.7986501687289087,0.726246719160105,2019-06-16,0.8267716535433071,105.0,304.875
2019-06-16,304.875,105,0.8267716535433071,0.8267716535433071,0.905511811023622,0.905511811023622,0.8110236220472441,0.879265091863517,0.7919010123734533,0.7286089238845145,2019-06-17,0.5984251968503937,76.0,225.29166666666663
2019-06-17,225.29166666666663,76,0.5984251968503937,0.5984251968503937,0.8267716535433071,0.905511811023622,0.2283464566929134,0.7769028871391077,0.7615298087739032,0.7372703412073491,2019-06-18,0.8346456692913385,106.0,308.0833333333333
2019-06-18,308.0833333333333,106,0.8346456692913385,0.8346456692913385,0.5984251968503937,0.8267716535433071,0.9133858267716536,0.7532808398950132,0.8481439820022497,0.7427821522309711,2019-06-19,0.9212598425196851,117.0,339.4166666666667
2019-06-19,339.4166666666667,117,0.9212598425196851,0.9212598425196851,0.8346456692913385,0.5984251968503937,0.952755905511811,0.7847769028871392,0.8492688413948256,0.7511811023622047,2019-06-20,0.84251968503937,107.0,310.375
2019-06-20,310.375,107,0.84251968503937,0.84251968503937,0.9212598425196851,0.8346456692913385,0.905511811023622,0.8661417322834645,0.8335208098987626,0.7561679790026247,2019-06-21,0.7637795275590551,97.0,282.1666666666667
2019-06-21,282.1666666666667,97,0.7637795275590551,0.7637795275590551,0.84251968503937,0.9212598425196851,0.905511811023622,0.84251968503937,0.8132733408323959,0.7530183727034121,2019-06-22,0.5433070866141733,69.0,203.83333333333331
2019-06-22,203.83333333333331,69,0.5433070866141733,0.5433070866141733,0.7637795275590551,0.84251968503937,0.8267716535433071,0.7165354330708661,0.7615298087739032,0.7425196850393702,2019-06-23,0.7007874015748031,89.0,261.9583333333333
2019-06-23,261.9583333333333,89,0.7007874015748031,0.7007874015748031,0.5433070866141733,0.7637795275590551,0.5984251968503937,0.6692913385826772,0.7435320584926883,0.74251968503937,2019-06-24,0.12598425196850394,16.0,57.29166666666666
2019-06-24,57.29166666666666,16,0.12598425196850394,0.12598425196850394,0.7007874015748031,0.5433070866141733,0.8346456692913385,0.45669291338582685,0.6760404949381327,0.7188976377952756,2019-06-25,0.8740157480314961,111.0,322.0
2019-06-25,322.0,111,0.8740157480314961,0.8740157480314961,0.12598425196850394,0.7007874015748031,0.9212598425196851,0.5669291338582677,0.6816647919010125,0.7199475065616797,2019-06-26,0.6456692913385826,82.0,240.5
2019-06-26,240.5,82,0.6456692913385826,0.6456692913385826,0.8740157480314961,0.12598425196850394,0.84251968503937,0.5485564304461942,0.6422947131608548,0.7191601049868767,2019-06-27,0.7874015748031497,100.0,290.4583333333333
2019-06-27,290.4583333333333,100,0.7874015748031497,0.7874015748031497,0.6456692913385826,0.8740157480314961,0.7637795275590551,0.7690288713910762,0.6344206974128233,0.7314960629921259,2019-06-28,0.9133858267716536,116.0,336.125
2019-06-28,336.125,116,0.9133858267716536,0.9133858267716536,0.7874015748031497,0.6456692913385826,0.5433070866141733,0.7821522309711285,0.655793025871766,0.7404199475065617,2019-06-29,0.8503937007874016,108.0,313.8333333333333
2019-06-29,313.8333333333333,108,0.8503937007874016,0.8503937007874016,0.9133858267716536,0.7874015748031497,0.7007874015748031,0.8503937007874017,0.6996625421822272,0.7459317585301837,2019-06-30,0.5118110236220472,65.0,193.45833333333331
2019-06-30,193.45833333333331,65,0.5118110236220472,0.5118110236220472,0.8503937007874016,0.9133858267716536,0.12598425196850394,0.7585301837270341,0.6726659167604049,0.736745406824147,2019-07-01,0.8818897637795275,112.0,325.1666666666667
2019-07-01,325.1666666666667,112,0.8818897637795275,0.8818897637795275,0.5118110236220472,0.8503937007874016,0.8740157480314961,0.7480314960629921,0.7806524184476941,0.7417322834645669,2019-07-02,0.8503937007874016,108.0,315.0
2019-07-02,315.0,108,0.8503937007874016,0.8503937007874016,0.8818897637795275,0.5118110236220472,0.6456692913385826,0.7480314960629921,0.7772778402699662,0.7414698162729659,2019-07-03,0.5905511811023622,75.0,222.375
2019-07-03,222.375,75,0.5905511811023622,0.5905511811023622,0.8503937007874016,0.8818897637795275,0.7874015748031497,0.7742782152230973,0.7694038245219348,0.7385826771653543,2019-07-04,0.8503937007874016,108.0,315.375
2019-07-04,315.375,108,0.8503937007874016,0.8503937007874016,0.5905511811023622,0.8503937007874016,0.9133858267716536,0.7637795275590551,0.778402699662542,0.7601049868766405,2019-07-05,0.8818897637795275,112.0,324.4583333333333
2019-07-05,324.4583333333333,112,0.8818897637795275,0.8818897637795275,0.8503937007874016,0.5905511811023622,0.8503937007874016,0.7742782152230973,0.7739032620922384,0.7653543307086613,2019-07-06,0.9133858267716536,116.0,337.4166666666667
2019-07-06,337.4166666666667,116,0.9133858267716536,0.9133858267716536,0.8818897637795275,0.8503937007874016,0.5118110236220472,0.8818897637795277,0.7829021372328459,0.7729658792650919,2019-07-07,0.905511811023622,115.0,334.7083333333333
2019-07-07,334.7083333333333,115,0.905511811023622,0.905511811023622,0.9133858267716536,0.8818897637795275,0.8818897637795275,0.9002624671916011,0.8391451068616423,0.7716535433070867,2019-07-08,0.8976377952755905,114.0,331.375
2019-07-08,331.375,114,0.8976377952755905,0.8976377952755905,0.905511811023622,0.9133858267716536,0.8503937007874016,0.9055118110236221,0.8413948256467941,0.7700787401574802,2019-07-09,0.8818897637795275,112.0,324.0833333333333
2019-07-09,324.0833333333333,112,0.8818897637795275,0.8818897637795275,0.8976377952755905,0.905511811023622,0.5905511811023622,0.8950131233595799,0.8458942632170977,0.7703412073490814,2019-07-10,0.9133858267716536,116.0,337.6666666666667
2019-07-10,337.6666666666667,116,0.9133858267716536,0.9133858267716536,0.8818897637795275,0.8976377952755905,0.8503937007874016,0.8976377952755906,0.8920134983127108,0.773753280839895,2019-07-11,0.8582677165354331,109.0,317.625
2019-07-11,317.625,109,0.8582677165354331,0.8582677165354331,0.9133858267716536,0.8818897637795275,0.8818897637795275,0.884514435695538,0.8931383577052868,0.794750656167979,2019-07-12,0.7795275590551181,99.0,287.625
2019-07-12,287.625,99,0.7795275590551181,0.7795275590551181,0.8582677165354331,0.9133858267716536,0.9133858267716536,0.8503937007874015,0.8785151856017998,0.7902887139107612,2019-07-13,0.7244094488188977,92.0,269.3333333333333
2019-07-13,269.3333333333333,92,0.7244094488188977,0.7244094488188977,0.7795275590551181,0.8582677165354331,0.905511811023622,0.7874015748031497,0.8515185601799775,0.7826771653543306,2019-07-14,0.905511811023622,115.0,332.5416666666667
2019-07-14,332.5416666666667,115,0.905511811023622,0.905511811023622,0.7244094488188977,0.7795275590551181,0.8976377952755905,0.8031496062992126,0.8515185601799775,0.7826771653543307,2019-07-15,0.7401574803149606,94.0,275.125
2019-07-15,275.125,94,0.7401574803149606,0.7401574803149606,0.905511811023622,0.7244094488188977,0.8818897637795275,0.7900262467191602,0.8290213723284588,0.7771653543307088,2019-07-16,0.905511811023622,115.0,334.8333333333333
2019-07-16,334.8333333333333,115,0.905511811023622,0.905511811023622,0.7401574803149606,0.905511811023622,0.9133858267716536,0.8503937007874015,0.8323959505061868,0.7797900262467191,2019-07-17,0.8661417322834646,110.0,319.1666666666667
2019-07-17,319.1666666666667,110,0.8661417322834646,0.8661417322834646,0.905511811023622,0.7401574803149606,0.8582677165354331,0.8372703412073491,0.8256467941507312,0.7887139107611548,2019-07-18,0.9133858267716536,116.0,337.7916666666667
2019-07-18,337.7916666666667,116,0.9133858267716536,0.9133858267716536,0.8661417322834646,0.905511811023622,0.7795275590551181,0.89501312335958,0.8335208098987626,0.7913385826771653,2019-07-19,0.9291338582677166,118.0,341.7083333333333
2019-07-19,341.7083333333333,118,0.9291338582677166,0.9291338582677166,0.9133858267716536,0.8661417322834646,0.7244094488188977,0.9028871391076115,0.8548931383577052,0.7916010498687664,2019-07-20,0.9212598425196851,117.0,338.1666666666667
2019-07-20,338.1666666666667,117,0.9212598425196851,0.9212598425196851,0.9291338582677166,0.9133858267716536,0.905511811023622,0.9212598425196851,0.8830146231721034,0.7942257217847769,2019-07-21,0.889763779527559,113.0,327.5
2019-07-21,327.5,113,0.889763779527559,0.889763779527559,0.9212598425196851,0.9291338582677166,0.7401574803149606,0.9133858267716536,0.8807649043869515,0.7984251968503937,2019-07-22,0.7322834645669292,93.0,272.0
2019-07-22,272.0,93,0.7322834645669292,0.7322834645669292,0.889763779527559,0.9212598425196851,0.905511811023622,0.847769028871391,0.8796400449943756,0.8047244094488188,2019-07-23,0.8740157480314961,111.0,323.3333333333333
2019-07-23,323.3333333333333,111,0.8740157480314961,0.8740157480314961,0.7322834645669292,0.889763779527559,0.8661417322834646,0.8320209973753281,0.875140607424072,0.8104986876640421,2019-07-24,0.952755905511811,121.0,351.25
2019-07-24,351.25,121,0.952755905511811,0.952755905511811,0.8740157480314961,0.7322834645669292,0.9133858267716536,0.8530183727034121,0.8875140607424071,0.8380577427821524,2019-07-25,0.9291338582677166,118.0,342.0833333333333
2019-07-25,342.0833333333333,118,0.9291338582677166,0.9291338582677166,0.952755905511811,0.8740157480314961,0.9291338582677166,0.9186351706036745,0.889763779527559,0.8398950131233597,2019-07-26,0.905511811023622,115.0,332.8333333333333
2019-07-26,332.8333333333333,115,0.905511811023622,0.905511811023622,0.9291338582677166,0.952755905511811,0.9212598425196851,0.9291338582677166,0.8863892013498312,0.8485564304461942,2019-07-27,0.8818897637795275,112.0,326.0
2019-07-27,326.0,112,0.8818897637795275,0.8818897637795275,0.905511811023622,0.9291338582677166,0.889763779527559,0.9055118110236221,0.8807649043869515,0.8517060367454068,2019-07-28,0.8503937007874016,108.0,313.25
2019-07-28,313.25,108,0.8503937007874016,0.8503937007874016,0.8818897637795275,0.905511811023622,0.7322834645669292,0.879265091863517,0.875140607424072,0.8496062992125984,2019-07-29,0.889763779527559,113.0,326.7916666666667
2019-07-29,326.7916666666667,113,0.889763779527559,0.889763779527559,0.8503937007874016,0.8818897637795275,0.8740157480314961,0.8740157480314962,0.8976377952755905,0.8509186351706037,2019-07-30,0.8818897637795275,112.0,325.4583333333333
2019-07-30,325.4583333333333,112,0.8818897637795275,0.8818897637795275,0.889763779527559,0.8503937007874016,0.952755905511811,0.874015748031496,0.8987626546681664,0.863254593175853,2019-07-31,0.8740157480314961,111.0,321.9583333333333
2019-07-31,321.9583333333333,111,0.8740157480314961,0.8740157480314961,0.8818897637795275,0.889763779527559,0.9291338582677166,0.8818897637795277,0.8875140607424071,0.862992125984252,2019-08-01,0.8661417322834646,110.0,318.9166666666667
2019-08-01,318.9166666666667,110,0.8661417322834646,0.8661417322834646,0.8740157480314961,0.8818897637795275,0.905511811023622,0.874015748031496,0.8785151856017998,0.8635170603674541,2019-08-02,0.8503937007874016,108.0,313.7083333333333
2019-08-02,313.7083333333333,108,0.8503937007874016,0.8503937007874016,0.8661417322834646,0.8740157480314961,0.8818897637795275,0.8635170603674541,0.8706411698537683,0.8721784776902888,2019-08-03,0.4566929133858268,58.0,175.04166666666666
2019-08-03,175.04166666666666,58,0.4566929133858268,0.4566929133858268,0.8503937007874016,0.8661417322834646,0.8503937007874016,0.7244094488188977,0.8098987626546681,0.8590551181102362,2019-08-04,0.5275590551181102,67.0,199.91666666666663
2019-08-04,199.91666666666663,67,0.5275590551181102,0.5275590551181102,0.4566929133858268,0.8503937007874016,0.889763779527559,0.6115485564304463,0.7637795275590552,0.847244094488189,2019-08-05,0.84251968503937,107.0,311.7916666666667
2019-08-05,311.7916666666667,107,0.84251968503937,0.84251968503937,0.5275590551181102,0.4566929133858268,0.8818897637795275,0.6089238845144357,0.7570303712035996,0.8448818897637795,2019-08-06,0.8582677165354331,109.0,318.2083333333333
2019-08-06,318.2083333333333,109,0.8582677165354331,0.8582677165354331,0.84251968503937,0.5275590551181102,0.8740157480314961,0.742782152230971,0.7536557930258717,0.8433070866141732,2019-08-07,0.8267716535433071,105.0,305.375
2019-08-07,305.375,105,0.8267716535433071,0.8267716535433071,0.8582677165354331,0.84251968503937,0.8661417322834646,0.84251968503937,0.7469066366704161,0.8409448818897638,2019-08-08,0.8031496062992126,102.0,298.0
2019-08-08,298.0,102,0.8031496062992126,0.8031496062992126,0.8267716535433071,0.8582677165354331,0.8503937007874016,0.8293963254593176,0.7379077615298087,0.8383202099737532,2019-08-09,0.8188976377952756,104.0,302.25
2019-08-09,302.25,104,0.8188976377952756,0.8188976377952756,0.8031496062992126,0.8267716535433071,0.4566929133858268,0.816272965879265,0.7334083239595051,0.8351706036745408,2019-08-10,0.8346456692913385,106.0,309.2083333333333
2019-08-10,309.2083333333333,106,0.8346456692913385,0.8346456692913385,0.8188976377952756,0.8031496062992126,0.5275590551181102,0.8188976377952756,0.7874015748031497,0.8343832020997375,2019-08-11,0.8661417322834646,110.0,318.75
2019-08-11,318.75,110,0.8661417322834646,0.8661417322834646,0.8346456692913385,0.8188976377952756,0.84251968503937,0.8398950131233596,0.8357705286839145,0.837270341207349,2019-08-12,0.8661417322834646,110.0,320.2083333333333
2019-08-12,320.2083333333333,110,0.8661417322834646,0.8661417322834646,0.8661417322834646,0.8346456692913385,0.8582677165354331,0.8556430446194225,0.8391451068616422,0.841994750656168,2019-08-13,0.8740157480314961,111.0,322.5833333333333
2019-08-13,322.5833333333333,111,0.8740157480314961,0.8740157480314961,0.8661417322834646,0.8661417322834646,0.8267716535433071,0.868766404199475,0.841394825646794,0.8409448818897638,2019-08-14,0.8267716535433071,105.0,306.0
2019-08-14,306.0,105,0.8267716535433071,0.8267716535433071,0.8740157480314961,0.8661417322834646,0.8031496062992126,0.8556430446194225,0.8413948256467941,0.8438320209973753,2019-08-15,0.7874015748031497,100.0,291.4583333333333
2019-08-15,291.4583333333333,100,0.7874015748031497,0.7874015748031497,0.8267716535433071,0.8740157480314961,0.8188976377952756,0.8293963254593176,0.8391451068616422,0.8398950131233597,2019-08-16,0.84251968503937,107.0,312.375
2019-08-16,312.375,107,0.84251968503937,0.84251968503937,0.7874015748031497,0.8267716535433071,0.8346456692913385,0.8188976377952755,0.8425196850393701,0.8391076115485564,2019-08-17,0.84251968503937,107.0,310.8333333333333
2019-08-17,310.8333333333333,107,0.84251968503937,0.84251968503937,0.84251968503937,0.7874015748031497,0.8661417322834646,0.8241469816272966,0.843644544431946,0.836745406824147,2019-08-18,0.84251968503937,107.0,311.1666666666667
2019-08-18,311.1666666666667,107,0.84251968503937,0.84251968503937,0.84251968503937,0.84251968503937,0.8661417322834646,0.84251968503937,0.8402699662542181,0.8338582677165355,2019-08-19,0.8267716535433071,105.0,305.2083333333333
2019-08-19,305.2083333333333,105,0.8267716535433071,0.8267716535433071,0.84251968503937,0.84251968503937,0.8740157480314961,0.8372703412073491,0.8346456692913385,0.8307086614173228,2019-08-20,0.8110236220472441,103.0,300.875
2019-08-20,300.875,103,0.8110236220472441,0.8110236220472441,0.8267716535433071,0.84251968503937,0.8267716535433071,0.8267716535433071,0.8256467941507312,0.8280839895013123,2019-08-21,0.7716535433070866,98.0,284.75
2019-08-21,284.75,98,0.7716535433070866,0.7716535433070866,0.8110236220472441,0.8267716535433071,0.7874015748031497,0.8031496062992125,0.8177727784026996,0.8293963254593175,2019-08-22,0.7874015748031497,100.0,291.625
2019-08-22,291.625,100,0.7874015748031497,0.7874015748031497,0.7716535433070866,0.8110236220472441,0.84251968503937,0.7900262467191602,0.8177727784026996,0.8265091863517059,2019-08-23,0.6771653543307087,86.0,253.375
2019-08-23,253.375,86,0.6771653543307087,0.6771653543307087,0.7874015748031497,0.7716535433070866,0.84251968503937,0.7454068241469817,0.7941507311586051,0.8173228346456692,2019-08-24,0.5590551181102362,71.0,211.875
2019-08-24,211.875,71,0.5590551181102362,0.5590551181102362,0.6771653543307087,0.7874015748031497,0.84251968503937,0.6745406824146981,0.7536557930258717,0.80498687664042,2019-08-25,0.8031496062992126,102.0,298.125
2019-08-25,298.125,102,0.8031496062992126,0.8031496062992126,0.5590551181102362,0.6771653543307087,0.8267716535433071,0.6797900262467191,0.748031496062992,0.8015748031496063,2019-08-26,0.8031496062992126,102.0,296.3333333333333
2019-08-26,296.3333333333333,102,0.8031496062992126,0.8031496062992126,0.8031496062992126,0.5590551181102362,0.8110236220472441,0.721784776902887,0.7446569178852643,0.7989501312335958,2019-08-27,0.4330708661417323,55.0,164.70833333333334
2019-08-27,164.70833333333334,55,0.4330708661417323,0.4330708661417323,0.8031496062992126,0.8031496062992126,0.7716535433070866,0.6797900262467191,0.6906636670416197,0.7850393700787401,2019-08-28,0.7165354330708661,91.0,267.2916666666667
2019-08-28,267.2916666666667,91,0.7165354330708661,0.7165354330708661,0.4330708661417323,0.8031496062992126,0.7874015748031497,0.6509186351706037,0.6827896512935884,0.779265091863517,2019-08-29,0.7716535433070866,98.0,285.0
2019-08-29,285.0,98,0.7716535433070866,0.7716535433070866,0.7165354330708661,0.4330708661417323,0.6771653543307087,0.6404199475065616,0.6805399325084364,0.7755905511811023,2019-08-30,0.6614173228346457,84.0,248.125
2019-08-30,248.125,84,0.6614173228346457,0.6614173228346457,0.7716535433070866,0.7165354330708661,0.5590551181102362,0.7165354330708661,0.6782902137232847,0.7685039370078741,2019-08-31,0.8031496062992126,102.0,297.9583333333333
2019-08-31,297.9583333333333,102,0.8031496062992126,0.8031496062992126,0.6614173228346457,0.7716535433070866,0.8031496062992126,0.7454068241469815,0.7131608548931384,0.7664041994750656,2019-09-01,0.7165354330708661,91.0,265.8333333333333
2019-09-01,265.8333333333333,91,0.7165354330708661,0.7165354330708661,0.8031496062992126,0.6614173228346457,0.8031496062992126,0.727034120734908,0.7007874015748031,0.7619422572178478,2019-09-02,0.8031496062992126,102.0,297.4166666666667
2019-09-02,297.4166666666667,102,0.8031496062992126,0.8031496062992126,0.7165354330708661,0.8031496062992126,0.4330708661417323,0.774278215223097,0.700787401574803,0.773490813648294,2019-09-03,0.7480314960629921,95.0,278.9583333333333
2019-09-03,278.9583333333333,95,0.7480314960629921,0.7480314960629921,0.8031496062992126,0.7165354330708661,0.7165354330708661,0.7559055118110236,0.7457817772778402,0.7808398950131233,2019-09-04,0.7007874015748031,89.0,262.2916666666667
2019-09-04,262.2916666666667,89,0.7007874015748031,0.7007874015748031,0.7480314960629921,0.8031496062992126,0.7716535433070866,0.7506561679790026,0.7435320584926883,0.7761154855643044,2019-09-05,0.7952755905511811,101.0,293.9583333333333
2019-09-05,293.9583333333333,101,0.7952755905511811,0.7952755905511811,0.7007874015748031,0.7480314960629921,0.6614173228346457,0.7480314960629921,0.7469066366704162,0.7740157480314961,2019-09-06,0.7637795275590551,97.0,282.0416666666667
2019-09-06,282.0416666666667,97,0.7637795275590551,0.7637795275590551,0.7952755905511811,0.7007874015748031,0.8031496062992126,0.7532808398950132,0.7615298087739032,0.7719160104986876,2019-09-07,0.7952755905511811,101.0,295.6666666666667
2019-09-07,295.6666666666667,101,0.7952755905511811,0.7952755905511811,0.7637795275590551,0.7952755905511811,0.7165354330708661,0.7847769028871391,0.7604049493813274,0.7716535433070867,2019-09-08,0.7559055118110236,96.0,280.5
2019-09-08,280.5,96,0.7559055118110236,0.7559055118110236,0.7952755905511811,0.7637795275590551,0.8031496062992126,0.7716535433070866,0.7660292463442069,0.7695538057742781,2019-09-09,0.7007874015748031,89.0,259.8333333333333
2019-09-09,259.8333333333333,89,0.7007874015748031,0.7007874015748031,0.7559055118110236,0.7952755905511811,0.7480314960629921,0.7506561679790026,0.7514060742407199,0.7650918635170604,2019-09-10,0.5984251968503937,76.0,223.41666666666663
2019-09-10,223.41666666666663,76,0.5984251968503937,0.5984251968503937,0.7007874015748031,0.7559055118110236,0.7007874015748031,0.6850393700787402,0.7300337457817773,0.7561679790026247,2019-09-11,0.5433070866141733,69.0,205.625
2019-09-11,205.625,69,0.5433070866141733,0.5433070866141733,0.5984251968503937,0.7007874015748031,0.7952755905511811,0.6141732283464566,0.7075365579302587,0.7454068241469816,2019-09-12,0.6771653543307087,86.0,253.375
2019-09-12,253.375,86,0.6771653543307087,0.6771653543307087,0.5433070866141733,0.5984251968503937,0.7637795275590551,0.6062992125984251,0.6906636670416197,0.7388451443569554,2019-09-13,0.7480314960629921,95.0,276.8333333333333
2019-09-13,276.8333333333333,95,0.7480314960629921,0.7480314960629921,0.6771653543307087,0.5433070866141733,0.7952755905511811,0.6561679790026247,0.688413948256468,0.7362204724409448,2019-09-14,0.7165354330708661,91.0,266.5
2019-09-14,266.5,91,0.7165354330708661,0.7165354330708661,0.7480314960629921,0.6771653543307087,0.7559055118110236,0.7139107611548555,0.6771653543307086,0.7338582677165354,2019-09-15,0.7401574803149606,94.0,274.9583333333333
2019-09-15,274.9583333333333,94,0.7401574803149606,0.7401574803149606,0.7165354330708661,0.7480314960629921,0.7007874015748031,0.7349081364829395,0.6749156355455568,0.7304461942257218,2019-09-16,0.6850393700787402,87.0,254.45833333333331
2019-09-16,254.45833333333331,87,0.6850393700787402,0.6850393700787402,0.7401574803149606,0.7165354330708661,0.5984251968503937,0.7139107611548555,0.672665916760405,0.7251968503937007,2019-09-17,0.4881889763779528,62.0,184.54166666666663
2019-09-17,184.54166666666663,62,0.4881889763779528,0.4881889763779528,0.6850393700787402,0.7401574803149606,0.5433070866141733,0.6377952755905512,0.6569178852643419,0.7133858267716536,2019-09-18,0.7244094488188977,92.0,270.25
2019-09-18,270.25,92,0.7244094488188977,0.7244094488188977,0.4881889763779528,0.6850393700787402,0.6771653543307087,0.6325459317585301,0.6827896512935883,0.7099737532808399,2019-09-19,0.4330708661417323,55.0,165.75
2019-09-19,165.75,55,0.4330708661417323,0.4330708661417323,0.7244094488188977,0.4881889763779528,0.7480314960629921,0.5485564304461943,0.6479190101237345,0.6973753280839895,2019-09-20,0.6929133858267716,88.0,256.9166666666667
2019-09-20,256.9166666666667,88,0.6929133858267716,0.6929133858267716,0.4330708661417323,0.7244094488188977,0.7165354330708661,0.6167979002624672,0.6400449943757031,0.694750656167979,2019-09-21,0.7007874015748031,89.0,260.7916666666667
2019-09-21,260.7916666666667,89,0.7007874015748031,0.7007874015748031,0.6929133858267716,0.4330708661417323,0.7401574803149606,0.6089238845144357,0.6377952755905512,0.6918635170603675,2019-09-22,0.6692913385826772,85.0,248.75
2019-09-22,248.75,85,0.6692913385826772,0.6692913385826772,0.7007874015748031,0.6929133858267716,0.6850393700787402,0.6876640419947506,0.6276715410573679,0.6916010498687665,2019-09-23,0.7086614173228346,90.0,263.1666666666667
2019-09-23,263.1666666666667,90,0.7086614173228346,0.7086614173228346,0.6692913385826772,0.7007874015748031,0.4881889763779528,0.6929133858267716,0.6310461192350955,0.6965879265091863,2019-09-24,0.5748031496062992,73.0,215.375
2019-09-24,215.375,73,0.5748031496062992,0.5748031496062992,0.7086614173228346,0.6692913385826772,0.7244094488188977,0.6509186351706037,0.6434195725534309,0.6889763779527559,2019-09-25,0.7007874015748031,89.0,261.1666666666667
2019-09-25,261.1666666666667,89,0.7007874015748031,0.7007874015748031,0.5748031496062992,0.7086614173228346,0.4330708661417323,0.6614173228346457,0.640044994375703,0.6855643044619424,2019-09-26,0.7007874015748031,89.0,261.8333333333333
2019-09-26,261.8333333333333,89,0.7007874015748031,0.7007874015748031,0.7007874015748031,0.5748031496062992,0.6929133858267716,0.6587926509186351,0.6782902137232846,0.6944881889763779,2019-09-27,0.7007874015748031,89.0,261.5416666666667
2019-09-27,261.5416666666667,89,0.7007874015748031,0.7007874015748031,0.7007874015748031,0.7007874015748031,0.7007874015748031,0.7007874015748031,0.6794150731158605,0.6939632545931758,2019-09-28,0.48031496062992124,61.0,182.33333333333331
2019-09-28,182.33333333333331,61,0.48031496062992124,0.48031496062992124,0.7007874015748031,0.7007874015748031,0.6692913385826772,0.6272965879265091,0.6479190101237345,0.684251968503937,2019-09-29,0.5669291338582677,72.0,213.08333333333331
2019-09-29,213.08333333333331,72,0.5669291338582677,0.5669291338582677,0.48031496062992124,0.7007874015748031,0.7086614173228346,0.5826771653543307,0.6332958380202474,0.6811023622047243,2019-09-30,0.5039370078740157,64.0,191.375
2019-09-30,191.375,64,0.5039370078740157,0.5039370078740157,0.5669291338582677,0.48031496062992124,0.5748031496062992,0.5170603674540682,0.6040494938132733,0.6711286089238846,2019-10-01,0.6535433070866141,83.0,245.08333333333331
2019-10-01,245.08333333333331,83,0.6535433070866141,0.6535433070866141,0.5039370078740157,0.5669291338582677,0.7007874015748031,0.5748031496062992,0.6152980877390325,0.669028871391076,2019-10-02,0.6535433070866141,83.0,244.375
2019-10-02,244.375,83,0.6535433070866141,0.6535433070866141,0.6535433070866141,0.5039370078740157,0.7007874015748031,0.6036745406824147,0.608548931383577,0.6640419947506562,2019-10-03,0.6614173228346457,84.0,246.16666666666663
2019-10-03,246.16666666666663,84,0.6614173228346457,0.6614173228346457,0.6535433070866141,0.6535433070866141,0.7007874015748031,0.6561679790026247,0.6029246344206973,0.6611548556430447,2019-10-04,0.6299212598425197,80.0,236.125
2019-10-04,236.125,80,0.6299212598425197,0.6299212598425197,0.6614173228346457,0.6535433070866141,0.48031496062992124,0.6482939632545932,0.592800899887514,0.6587926509186351,2019-10-05,0.6535433070866141,83.0,245.125
2019-10-05,245.125,83,0.6535433070866141,0.6535433070866141,0.6299212598425197,0.6614173228346457,0.5669291338582677,0.6482939632545932,0.6175478065241844,0.6540682414698163,2019-10-06,0.6456692913385826,82.0,241.125
2019-10-06,241.125,82,0.6456692913385826,0.6456692913385826,0.6535433070866141,0.6299212598425197,0.5039370078740157,0.6430446194225721,0.6287964004499437,0.6501312335958005,2019-10-07,0.6299212598425197,80.0,235.41666666666663
2019-10-07,235.41666666666663,80,0.6299212598425197,0.6299212598425197,0.6456692913385826,0.6535433070866141,0.6535433070866141,0.6430446194225722,0.6467941507311586,0.6446194225721784,2019-10-08,0.6771653543307087,86.0,252.0
2019-10-08,252.0,86,0.6771653543307087,0.6771653543307087,0.6299212598425197,0.6456692913385826,0.6535433070866141,0.6509186351706037,0.6501687289088863,0.6419947506561681,2019-10-09,0.5984251968503937,76.0,223.66666666666663
2019-10-09,223.66666666666663,76,0.5984251968503937,0.5984251968503937,0.6771653543307087,0.6299212598425197,0.6614173228346457,0.6351706036745407,0.6422947131608548,0.6385826771653543,2019-10-10,0.5354330708661418,68.0,202.41666666666663
2019-10-10,202.41666666666663,68,0.5354330708661418,0.5354330708661418,0.5984251968503937,0.6771653543307087,0.6299212598425197,0.6036745406824147,0.62429696287964,0.6364829396325459,2019-10-11,0.12598425196850394,16.0,58.0
2019-10-11,58.0,16,0.12598425196850394,0.12598425196850394,0.5354330708661418,0.5984251968503937,0.6535433070866141,0.4199475065616798,0.5523059617547806,0.6225721784776902,2019-10-12,0.2440944881889764,31.0,99.33333333333331
2019-10-12,99.33333333333331,31,0.2440944881889764,0.2440944881889764,0.12598425196850394,0.5354330708661418,0.6456692913385826,0.3018372703412074,0.49381327334083236,0.6081364829396326,2019-10-13,0.3228346456692913,41.0,126.875
2019-10-13,126.875,41,0.3228346456692913,0.3228346456692913,0.2440944881889764,0.12598425196850394,0.6299212598425197,0.23097112860892388,0.4476940382452193,0.5939632545931759,2019-10-14,0.29133858267716534,37.0,115.66666666666669
2019-10-14,115.66666666666669,37,0.29133858267716534,0.29133858267716534,0.3228346456692913,0.2440944881889764,0.6771653543307087,0.28608923884514437,0.3993250843644544,0.5797900262467192,2019-10-15,0.4251968503937008,54.0,163.66666666666666
2019-10-15,163.66666666666666,54,0.4251968503937008,0.4251968503937008,0.29133858267716534,0.3228346456692913,0.5984251968503937,0.3464566929133858,0.3633295838020247,0.5692913385826771,2019-10-16,0.18110236220472442,23.0,75.375
2019-10-16,75.375,23,0.18110236220472442,0.18110236220472442,0.4251968503937008,0.29133858267716534,0.5354330708661418,0.2992125984251968,0.3037120359955005,0.55249343832021,2019-10-17,0.4409448818897638,56.0,167.95833333333334
2019-10-17,167.95833333333334,56,0.4409448818897638,0.4409448818897638,0.18110236220472442,0.4251968503937008,0.12598425196850394,0.3490813648293964,0.29021372328458944,0.5509186351706036,2019-10-18,0.6220472440944882,79.0,233.5
2019-10-18,233.5,79,0.6220472440944882,0.6220472440944882,0.4409448818897638,0.18110236220472442,0.2440944881889764,0.4146981627296588,0.3610798650168729,0.54750656167979,2019-10-19,0.5748031496062992,73.0,215.91666666666663
2019-10-19,215.91666666666663,73,0.5748031496062992,0.5748031496062992,0.6220472440944882,0.4409448818897638,0.3228346456692913,0.5459317585301838,0.40832395950506184,0.5522309711286089,2019-10-20,0.36220472440944884,46.0,141.70833333333334
2019-10-20,141.70833333333334,46,0.36220472440944884,0.36220472440944884,0.5748031496062992,0.6220472440944882,0.29133858267716534,0.5196850393700787,0.4139482564679415,0.5412073490813648,2019-10-21,0.6377952755905512,81.0,237.625
2019-10-21,237.625,81,0.6377952755905512,0.6377952755905512,0.36220472440944884,0.5748031496062992,0.4251968503937008,0.5249343832020997,0.4634420697412823,0.5391076115485565,2019-10-22,0.6220472440944882,79.0,232.95833333333331
2019-10-22,232.95833333333331,79,0.6220472440944882,0.6220472440944882,0.6377952755905512,0.36220472440944884,0.18110236220472442,0.5406824146981627,0.4915635545556805,0.5375328083989501,2019-10-23,0.5905511811023622,75.0,220.875
2019-10-23,220.875,75,0.5905511811023622,0.5905511811023622,0.6220472440944882,0.6377952755905512,0.4409448818897638,0.6167979002624672,0.5500562429696287,0.5335958005249343,2019-10-24,0.3858267716535433,49.0,148.83333333333334
2019-10-24,148.83333333333334,49,0.3858267716535433,0.3858267716535433,0.5905511811023622,0.6220472440944882,0.6220472440944882,0.5328083989501312,0.5421822272215973,0.5272965879265091,2019-10-25,0.5669291338582677,72.0,213.41666666666663
2019-10-25,213.41666666666663,72,0.5669291338582677,0.5669291338582677,0.3858267716535433,0.5905511811023622,0.5748031496062992,0.5144356955380577,0.5343082114735658,0.5228346456692914,2019-10-26,0.5905511811023622,75.0,222.91666666666663
2019-10-26,222.91666666666663,75,0.5905511811023622,0.5905511811023622,0.5669291338582677,0.3858267716535433,0.36220472440944884,0.5144356955380577,0.5365579302587176,0.5191601049868766,2019-10-27,0.6062992125984252,77.0,227.33333333333331
2019-10-27,227.33333333333331,77,0.6062992125984252,0.6062992125984252,0.5905511811023622,0.5669291338582677,0.6377952755905512,0.5879265091863517,0.5714285714285714,0.516010498687664,2019-10-28,0.25984251968503935,33.0,103.41666666666669
2019-10-28,103.41666666666669,33,0.25984251968503935,0.25984251968503935,0.6062992125984252,0.5905511811023622,0.6220472440944882,0.48556430446194226,0.5174353205849268,0.5086614173228347,2019-10-29,0.05511811023622047,7.0,33.208333333333336
2019-10-29,33.208333333333336,7,0.05511811023622047,0.05511811023622047,0.25984251968503935,0.6062992125984252,0.5905511811023622,0.30708661417322836,0.43644544431946,0.49160104986876635,2019-10-30,0.08661417322834646,11.0,43.16666666666666
2019-10-30,43.16666666666666,11,0.08661417322834646,0.08661417322834646,0.05511811023622047,0.25984251968503935,0.3858267716535433,0.13385826771653542,0.3644544431946007,0.4776902887139107,2019-10-31,0.5905511811023622,75.0,223.0
2019-10-31,223.0,75,0.5905511811023622,0.5905511811023622,0.08661417322834646,0.05511811023622047,0.5669291338582677,0.24409448818897636,0.3937007874015747,0.47559055118110233,2019-11-01,0.5511811023622047,70.0,206.83333333333331
2019-11-01,206.83333333333331,70,0.5511811023622047,0.5511811023622047,0.5905511811023622,0.08661417322834646,0.5905511811023622,0.4094488188976378,0.39145106861642287,0.47217847769028876,2019-11-02,0.5118110236220472,65.0,192.79166666666663
2019-11-02,192.79166666666663,65,0.5118110236220472,0.5118110236220472,0.5511811023622047,0.5905511811023622,0.6062992125984252,0.5511811023622046,0.38020247469066365,0.4671916010498688,2019-11-03,0.5039370078740157,64.0,189.75
2019-11-03,189.75,64,0.5039370078740157,0.5039370078740157,0.5118110236220472,0.5511811023622047,0.25984251968503935,0.5223097112860892,0.3655793025871766,0.462992125984252,2019-11-04,0.5039370078740157,64.0,191.45833333333331
2019-11-04,191.45833333333331,64,0.5039370078740157,0.5039370078740157,0.5039370078740157,0.5118110236220472,0.05511811023622047,0.5065616797900262,0.4004499437570303,0.458005249343832,2019-11-05,0.2677165354330709,34.0,107.20833333333331
2019-11-05,107.20833333333331,34,0.2677165354330709,0.2677165354330709,0.5039370078740157,0.5039370078740157,0.08661417322834646,0.42519685039370086,0.43082114735658034,0.44540682414698163,2019-11-06,0.33070866141732286,42.0,128.375
2019-11-06,128.375,42,0.33070866141732286,0.33070866141732286,0.2677165354330709,0.5039370078740157,0.5905511811023622,0.3674540682414698,0.4656917885264341,0.43543307086614175,2019-11-07,0.015748031496062992,2.0,18.625
2019-11-07,18.625,2,0.015748031496062992,0.015748031496062992,0.33070866141732286,0.2677165354330709,0.5511811023622047,0.2047244094488189,0.38357705286839144,0.4133858267716536,2019-11-08,0.06299212598425197,8.0,34.833333333333336
2019-11-08,34.833333333333336,8,0.06299212598425197,0.06299212598425197,0.015748031496062992,0.33070866141732286,0.5118110236220472,0.13648293963254596,0.3138357705286839,0.39553805774278217,2019-11-09,0.5275590551181102,67.0,198.875
2019-11-09,198.875,67,0.5275590551181102,0.5275590551181102,0.06299212598425197,0.015748031496062992,0.5039370078740157,0.2020997375328084,0.31608548931383573,0.3952755905511811,2019-11-10,0.4645669291338583,59.0,177.25
2019-11-10,177.25,59,0.4645669291338583,0.4645669291338583,0.5275590551181102,0.06299212598425197,0.5039370078740157,0.35170603674540685,0.3104611923509561,0.4065616797900262,2019-11-11,0.07874015748031496,10.0,39.875
2019-11-11,39.875,10,0.07874015748031496,0.07874015748031496,0.4645669291338583,0.5275590551181102,0.2677165354330709,0.35695538057742787,0.249718785151856,0.4010498687664042,2019-11-12,0.36220472440944884,46.0,139.45833333333334
2019-11-12,139.45833333333334,46,0.36220472440944884,0.36220472440944884,0.07874015748031496,0.4645669291338583,0.33070866141732286,0.3018372703412074,0.26321709786276715,0.4023622047244094,2019-11-13,0.08661417322834646,11.0,43.25
2019-11-13,43.25,11,0.08661417322834646,0.08661417322834646,0.36220472440944884,0.07874015748031496,0.015748031496062992,0.17585301837270348,0.22834645669291337,0.39553805774278217,2019-11-14,0.031496062992125984,4.0,22.75
2019-11-14,22.75,4,0.031496062992125984,0.031496062992125984,0.08661417322834646,0.36220472440944884,0.06299212598425197,0.1601049868766405,0.2305961754780652,0.3824146981627296,2019-11-15,0.5196850393700787,66.0,196.125
2019-11-15,196.125,66,0.5196850393700787,0.5196850393700787,0.031496062992125984,0.08661417322834646,0.5275590551181102,0.21259842519685046,0.295838020247469,0.3937007874015748,2019-11-16,0.44881889763779526,57.0,171.79166666666666
2019-11-16,171.79166666666666,57,0.44881889763779526,0.44881889763779526,0.5196850393700787,0.031496062992125984,0.4645669291338583,0.3333333333333334,0.28458942632170975,0.3939632545931759,2019-11-17,0.4566929133858268,58.0,174.25
2019-11-17,174.25,58,0.4566929133858268,0.4566929133858268,0.44881889763779526,0.5196850393700787,0.07874015748031496,0.4750656167979003,0.28346456692913385,0.3884514435695538,2019-11-18,0.4881889763779528,62.0,185.16666666666663
2019-11-18,185.16666666666663,62,0.4881889763779528,0.4881889763779528,0.4566929133858268,0.44881889763779526,0.36220472440944884,0.46456692913385833,0.3419572553430821,0.38556430446194223,2019-11-19,0.41732283464566927,53.0,159.375
2019-11-19,159.375,53,0.41732283464566927,0.41732283464566927,0.4881889763779528,0.4566929133858268,0.08661417322834646,0.45406824146981634,0.3498312710911136,0.38740157480314963,2019-11-20,0.07086614173228346,9.0,38.583333333333336
2019-11-20,38.583333333333336,9,0.07086614173228346,0.07086614173228346,0.41732283464566927,0.4881889763779528,0.031496062992125984,0.3254593175853019,0.3475815523059617,0.36850393700787404,2019-11-21,0.12598425196850394,16.0,58.0
2019-11-21,58.0,16,0.12598425196850394,0.12598425196850394,0.07086614173228346,0.41732283464566927,0.5196850393700787,0.20472440944881898,0.3610798650168729,0.3519685039370079,2019-11-22,0.07086614173228346,9.0,36.625
2019-11-22,36.625,9,0.07086614173228346,0.07086614173228346,0.12598425196850394,0.07086614173228346,0.44881889763779526,0.08923884514435702,0.296962879640045,0.3346456692913386,2019-11-23,0.47244094488188976,60.0,179.33333333333334
2019-11-23,179.33333333333334,60,0.47244094488188976,0.47244094488188976,0.07086614173228346,0.12598425196850394,0.4566929133858268,0.22309711286089243,0.30033745781777277,0.3375328083989501,2019-11-24,0.47244094488188976,60.0,179.625
2019-11-24,179.625,60,0.47244094488188976,0.47244094488188976,0.47244094488188976,0.07086614173228346,0.4881889763779528,0.3385826771653544,0.3025871766029246,0.33438320209973754,2019-11-25,0.4566929133858268,58.0,175.5
2019-11-25,175.5,58,0.4566929133858268,0.4566929133858268,0.47244094488188976,0.47244094488188976,0.41732283464566927,0.46719160104986884,0.2980877390326209,0.3299212598425197,2019-11-26,0.05511811023622047,7.0,32.041666666666664
2019-11-26,32.041666666666664,7,0.05511811023622047,0.05511811023622047,0.4566929133858268,0.47244094488188976,0.07086614173228346,0.3280839895013124,0.24634420697412818,0.31154855643044616,2019-11-27,0.2204724409448819,28.0,91.45833333333331
2019-11-27,91.45833333333331,28,0.2204724409448819,0.2204724409448819,0.05511811023622047,0.4566929133858268,0.12598425196850394,0.24409448818897647,0.26771653543307083,0.310236220472441,2019-11-28,0.05511811023622047,7.0,31.95833333333333
2019-11-28,31.95833333333333,7,0.05511811023622047,0.05511811023622047,0.2204724409448819,0.05511811023622047,0.07086614173228346,0.11023622047244103,0.25759280089988745,0.310236220472441,2019-11-29,0.03937007874015748,5.0,27.375
2019-11-29,27.375,5,0.03937007874015748,0.03937007874015748,0.05511811023622047,0.2204724409448819,0.47244094488188976,0.10498687664042002,0.25309336332958376,0.3086614173228347,2019-11-30,0.31496062992125984,40.0,124.0
2019-11-30,124.0,40,0.31496062992125984,0.31496062992125984,0.03937007874015748,0.05511811023622047,0.47244094488188976,0.136482939632546,0.2305961754780652,0.2994750656167979,2019-12-01,0.4645669291338583,59.0,176.58333333333334
2019-12-01,176.58333333333334,59,0.4645669291338583,0.4645669291338583,0.31496062992125984,0.03937007874015748,0.4566929133858268,0.2729658792650919,0.2294713160854893,0.29658792650918636,2019-12-02,0.44881889763779526,57.0,172.75
2019-12-02,172.75,57,0.44881889763779526,0.44881889763779526,0.4645669291338583,0.31496062992125984,0.05511811023622047,0.4094488188976378,0.22834645669291337,0.29448818897637796,2019-12-03,0.44881889763779526,57.0,171.70833333333334
2019-12-03,171.70833333333334,57,0.44881889763779526,0.44881889763779526,0.44881889763779526,0.4645669291338583,0.2204724409448819,0.45406824146981634,0.28458942632170975,0.29265091863517056,2019-12-04,0.4330708661417323,55.0,166.5
2019-12-04,166.5,55,0.4330708661417323,0.4330708661417323,0.44881889763779526,0.44881889763779526,0.05511811023622047,0.4435695538057744,0.3149606299212598,0.29028871391076116,2019-12-05,0.2204724409448819,28.0,89.20833333333333
2019-12-05,89.20833333333333,28,0.2204724409448819,0.2204724409448819,0.4330708661417323,0.44881889763779526,0.03937007874015748,0.3674540682414699,0.3385826771653543,0.2887139107611549,2019-12-06,0.4409448818897638,56.0,169.29166666666666
2019-12-06,169.29166666666666,56,0.4409448818897638,0.4409448818897638,0.2204724409448819,0.4330708661417323,0.31496062992125984,0.3648293963254594,0.39595050618672667,0.2923884514435695,2019-12-07,0.4330708661417323,55.0,165.41666666666666
2019-12-07,165.41666666666666,55,0.4330708661417323,0.4330708661417323,0.4409448818897638,0.2204724409448819,0.4645669291338583,0.3648293963254594,0.41282339707536553,0.3062992125984252,2019-12-08,0.3464566929133858,44.0,135.41666666666666
2019-12-08,135.41666666666666,44,0.3464566929133858,0.3464566929133858,0.4330708661417323,0.4409448818897638,0.44881889763779526,0.40682414698162733,0.39595050618672667,0.31574803149606295,2019-12-09,0.3228346456692913,41.0,125.54166666666669
2019-12-09,125.54166666666669,41,0.3228346456692913,0.3228346456692913,0.3464566929133858,0.4330708661417323,0.44881889763779526,0.3674540682414699,0.37795275590551175,0.3089238845144357,2019-12-10,0.031496062992125984,4.0,24.416666666666668
2019-12-10,24.416666666666668,4,0.031496062992125984,0.031496062992125984,0.3228346456692913,0.3464566929133858,0.4330708661417323,0.23359580052493442,0.3183352080989876,0.2944881889763779,2019-12-11,0.4094488188976378,52.0,157.20833333333334
2019-12-11,157.20833333333334,52,0.4094488188976378,0.4094488188976378,0.031496062992125984,0.3228346456692913,0.2204724409448819,0.25459317585301844,0.3149606299212598,0.305511811023622,2019-12-12,0.31496062992125984,40.0,125.08333333333331
2019-12-12,125.08333333333331,40,0.31496062992125984,0.31496062992125984,0.4094488188976378,0.031496062992125984,0.4409448818897638,0.2519685039370079,0.32845894263217096,0.30393700787401573,2019-12-13,0.41732283464566927,53.0,159.41666666666666
2019-12-13,159.41666666666666,53,0.41732283464566927,0.41732283464566927,0.31496062992125984,0.4094488188976378,0.4330708661417323,0.3805774278215224,0.3250843644544431,0.3149606299212599,2019-12-14,0.4251968503937008,54.0,163.91666666666666
2019-12-14,163.91666666666666,54,0.4251968503937008,0.4251968503937008,0.41732283464566927,0.31496062992125984,0.3464566929133858,0.38582677165354334,0.32395950506186727,0.32808398950131235,2019-12-15,0.3464566929133858,44.0,135.41666666666666
2019-12-15,135.41666666666666,44,0.3464566929133858,0.3464566929133858,0.4251968503937008,0.41732283464566927,0.3228346456692913,0.39632545931758534,0.3239595050618672,0.3223097112860892,2019-12-16,0.2440944881889764,31.0,98.20833333333331
2019-12-16,98.20833333333331,31,0.2440944881889764,0.2440944881889764,0.3464566929133858,0.4251968503937008,0.031496062992125984,0.33858267716535445,0.31271091113610794,0.31548556430446195,2019-12-17,0.4330708661417323,55.0,165.33333333333334
2019-12-17,165.33333333333334,55,0.4330708661417323,0.4330708661417323,0.2440944881889764,0.3464566929133858,0.4094488188976378,0.3412073490813649,0.37007874015748027,0.3146981627296588,2019-12-18,0.4566929133858268,58.0,173.20833333333334
2019-12-18,173.20833333333334,58,0.4566929133858268,0.4566929133858268,0.4330708661417323,0.2440944881889764,0.31496062992125984,0.37795275590551186,0.37682789651293586,0.3136482939632546,2019-12-19,0.4094488188976378,52.0,158.45833333333334
2019-12-19,158.45833333333334,52,0.4094488188976378,0.4094488188976378,0.4566929133858268,0.4330708661417323,0.41732283464566927,0.4330708661417324,0.39032620922384703,0.3133858267716535,2019-12-20,0.0,0.0,12.875
2019-12-20,12.875,0,0.0,0.0,0.4094488188976378,0.4566929133858268,0.4251968503937008,0.28871391076115493,0.3307086614173228,0.3110236220472441,2019-12-21,0.28346456692913385,36.0,112.75
2019-12-21,112.75,36,0.28346456692913385,0.28346456692913385,0.0,0.4094488188976378,0.3464566929133858,0.23097112860892396,0.3104611923509561,0.31627296587926507,2019-12-22,0.3779527559055118,48.0,146.25
2019-12-22,146.25,48,0.3779527559055118,0.3779527559055118,0.28346456692913385,0.0,0.2440944881889764,0.22047244094488194,0.3149606299212598,0.32650918635170606,2019-12-23,0.4094488188976378,52.0,156.75
2019-12-23,156.75,52,0.4094488188976378,0.4094488188976378,0.3779527559055118,0.28346456692913385,0.4330708661417323,0.3569553805774279,0.3385826771653543,0.32440944881889766,2019-12-24,0.4409448818897638,56.0,169.375
2019-12-24,169.375,56,0.4409448818897638,0.4409448818897638,0.4094488188976378,0.3779527559055118,0.4566929133858268,0.4094488188976379,0.33970753655793023,0.3233595800524934,2019-12-25,0.16535433070866143,21.0,72.25
2019-12-25,72.25,21,0.16535433070866143,0.16535433070866143,0.4409448818897638,0.4094488188976378,0.4094488188976378,0.3385826771653544,0.2980877390326209,0.3136482939632546,2019-12-26,0.07874015748031496,10.0,39.625
2019-12-26,39.625,10,0.07874015748031496,0.07874015748031496,0.16535433070866143,0.4409448818897638,0.0,0.22834645669291345,0.25084364454443187,0.3144356955380578,2019-12-27,0.25196850393700787,32.0,100.41666666666669
2019-12-27,100.41666666666669,32,0.25196850393700787,0.25196850393700787,0.07874015748031496,0.16535433070866143,0.28346456692913385,0.16535433070866148,0.2868391451068616,0.31548556430446195,2019-12-28,0.007874015748031496,1.0,16.416666666666668
2019-12-28,16.416666666666668,1,0.007874015748031496,0.007874015748031496,0.25196850393700787,0.07874015748031496,0.3779527559055118,0.1128608923884515,0.24746906636670413,0.3139107611548556,2019-12-29,0.4330708661417323,55.0,164.91666666666666
2019-12-29,164.91666666666666,55,0.4330708661417323,0.4330708661417323,0.007874015748031496,0.25196850393700787,0.4094488188976378,0.23097112860892396,0.2553430821147356,0.32703412073490806,2019-12-30,0.4409448818897638,56.0,169.54166666666666
2019-12-30,169.54166666666666,56,0.4409448818897638,0.4409448818897638,0.4330708661417323,0.007874015748031496,0.4409448818897638,0.2939632545931759,0.25984251968503935,0.3312335958005249,2019-12-31,0.4251968503937008,54.0,163.0
2019-12-31,163.0,54,0.4251968503937008,0.4251968503937008,0.4409448818897638,0.4330708661417323,0.16535433070866143,0.4330708661417324,0.25759280089988745,0.3299212598425197,2020-01-01,0.031496062992125984,4.0,24.08333333333333
2020-01-01,24.08333333333333,4,0.031496062992125984,0.031496062992125984,0.4251968503937008,0.4409448818897638,0.07874015748031496,0.29921259842519693,0.2384701912260967,0.316010498687664,2020-01-02,0.023622047244094488,3.0,21.916666666666668
2020-01-02,21.916666666666668,3,0.023622047244094488,0.023622047244094488,0.031496062992125984,0.4251968503937008,0.25196850393700787,0.16010498687664051,0.2305961754780652,0.30183727034120733,2020-01-03,0.4251968503937008,54.0,163.91666666666666
2020-01-03,163.91666666666666,54,0.4251968503937008,0.4251968503937008,0.023622047244094488,0.031496062992125984,0.007874015748031496,0.16010498687664051,0.25534308211473566,0.3015748031496063,2020-01-04,0.44881889763779526,57.0,170.29166666666666
2020-01-04,170.29166666666666,57,0.44881889763779526,0.44881889763779526,0.4251968503937008,0.023622047244094488,0.4330708661417323,0.29921259842519693,0.3183352080989876,0.30918635170603675,2020-01-05,0.44881889763779526,57.0,171.95833333333334
2020-01-05,171.95833333333334,57,0.44881889763779526,0.44881889763779526,0.44881889763779526,0.4251968503937008,0.4409448818897638,0.4409448818897639,0.3205849268841394,0.3094488188976378,2020-01-06,0.4409448818897638,56.0,168.16666666666666
2020-01-06,168.16666666666666,56,0.4409448818897638,0.4409448818897638,0.44881889763779526,0.44881889763779526,0.4251968503937008,0.4461942257217848,0.3205849268841394,0.3097112860892388,2020-01-07,0.47244094488188976,60.0,179.375
2020-01-07,179.375,60,0.47244094488188976,0.47244094488188976,0.4409448818897638,0.44881889763779526,0.031496062992125984,0.45406824146981634,0.32733408323959506,0.31391076115485567,2020-01-08,0.4409448818897638,56.0,169.58333333333334
2020-01-08,169.58333333333334,56,0.4409448818897638,0.4409448818897638,0.47244094488188976,0.4409448818897638,0.023622047244094488,0.4514435695538059,0.38582677165354323,0.3178477690288714,2020-01-09,0.11811023622047244,15.0,53.083333333333336
2020-01-09,53.083333333333336,15,0.11811023622047244,0.11811023622047244,0.4409448818897638,0.47244094488188976,0.4251968503937008,0.34383202099737536,0.3993250843644544,0.320734908136483,2020-01-10,0.08661417322834646,11.0,41.833333333333336
2020-01-10,41.833333333333336,11,0.08661417322834646,0.08661417322834646,0.11811023622047244,0.4409448818897638,0.44881889763779526,0.21522309711286094,0.3509561304836895,0.30997375328083987,2020-01-11,0.44881889763779526,57.0,170.66666666666666
2020-01-11,170.66666666666666,57,0.44881889763779526,0.44881889763779526,0.08661417322834646,0.11811023622047244,0.44881889763779526,0.21784776902887146,0.3509561304836895,0.3144356955380578,2020-01-12,0.3228346456692913,41.0,127.33333333333331
2020-01-12,127.33333333333331,41,0.3228346456692913,0.3228346456692913,0.44881889763779526,0.08661417322834646,0.4409448818897638,0.2860892388451444,0.33295838020247465,0.3112860892388451,2020-01-13,0.07874015748031496,10.0,38.875
2020-01-13,38.875,10,0.07874015748031496,0.07874015748031496,0.3228346456692913,0.44881889763779526,0.47244094488188976,0.2834645669291339,0.28121484814398195,0.29973753280839893,2020-01-14,0.1968503937007874,25.0,81.75
2020-01-14,81.75,25,0.1968503937007874,0.1968503937007874,0.07874015748031496,0.3228346456692913,0.4409448818897638,0.19947506561679798,0.24184476940382452,0.294750656167979,2020-01-15,0.25196850393700787,32.0,101.29166666666669
2020-01-15,101.29166666666669,32,0.25196850393700787,0.25196850393700787,0.1968503937007874,0.07874015748031496,0.11811023622047244,0.17585301837270348,0.21484814398200222,0.29501312335958,2020-01-16,0.031496062992125984,4.0,23.541666666666668
2020-01-16,23.541666666666668,4,0.031496062992125984,0.031496062992125984,0.25196850393700787,0.1968503937007874,0.08661417322834646,0.16010498687664051,0.202474690663667,0.28162729658792657,2020-01-17,0.06299212598425197,8.0,34.541666666666664
2020-01-17,34.541666666666664,8,0.06299212598425197,0.06299212598425197,0.031496062992125984,0.25196850393700787,0.44881889763779526,0.11548556430446201,0.19910011248593923,0.268503937007874,2020-01-18,0.2755905511811024,35.0,109.04166666666669
2020-01-18,109.04166666666669,35,0.2755905511811024,0.2755905511811024,0.06299212598425197,0.031496062992125984,0.3228346456692913,0.12335958005249352,0.1743532058492688,0.26404199475065615,2020-01-19,0.49606299212598426,63.0,187.95833333333331
2020-01-19,187.95833333333331,63,0.49606299212598426,0.49606299212598426,0.2755905511811024,0.06299212598425197,0.07874015748031496,0.27821522309711294,0.19910011248593923,0.2805774278215223,2020-01-20,0.48031496062992124,61.0,183.95833333333331
2020-01-20,183.95833333333331,61,0.48031496062992124,0.48031496062992124,0.49606299212598426,0.2755905511811024,0.1968503937007874,0.4173228346456694,0.25646794150731156,0.2871391076115486,2020-01-21,0.33858267716535434,43.0,132.58333333333334
2020-01-21,132.58333333333334,43,0.33858267716535434,0.33858267716535434,0.48031496062992124,0.49606299212598426,0.25196850393700787,0.43832020997375337,0.27671541057367827,0.28582677165354325,2020-01-22,0.015748031496062992,2.0,17.083333333333332
2020-01-22,17.083333333333332,2,0.015748031496062992,0.015748031496062992,0.33858267716535434,0.48031496062992124,0.031496062992125984,0.27821522309711294,0.24296962879640044,0.2727034120734908,2020-01-23,0.47244094488188976,60.0,179.16666666666666
2020-01-23,179.16666666666666,60,0.47244094488188976,0.47244094488188976,0.015748031496062992,0.33858267716535434,0.06299212598425197,0.27559055118110243,0.3059617547806524,0.273753280839895,2020-01-24,0.49606299212598426,63.0,188.70833333333331
2020-01-24,188.70833333333331,63,0.49606299212598426,0.49606299212598426,0.47244094488188976,0.015748031496062992,0.2755905511811024,0.3280839895013124,0.3678290213723284,0.28477690288713914,2020-01-25,0.2204724409448819,28.0,89.29166666666667
2020-01-25,89.29166666666667,28,0.2204724409448819,0.2204724409448819,0.49606299212598426,0.47244094488188976,0.49606299212598426,0.39632545931758534,0.35995500562429694,0.28950131233595805,2020-01-26,0.5118110236220472,65.0,192.75
2020-01-26,192.75,65,0.5118110236220472,0.5118110236220472,0.2204724409448819,0.49606299212598426,0.48031496062992124,0.4094488188976378,0.3622047244094488,0.29816272965879265,2020-01-27,0.33070866141732286,42.0,128.70833333333334
2020-01-27,128.70833333333334,42,0.33070866141732286,0.33070866141732286,0.5118110236220472,0.2204724409448819,0.33858267716535434,0.35433070866141736,0.34083239595050613,0.30892388451443575,2020-01-28,0.4094488188976378,52.0,156.75
2020-01-28,156.75,52,0.4094488188976378,0.4094488188976378,0.33070866141732286,0.5118110236220472,0.015748031496062992,0.41732283464566927,0.35095613048368957,0.30813648293963253,2020-01-29,0.5275590551181102,67.0,199.25
2020-01-29,199.25,67,0.5275590551181102,0.5275590551181102,0.4094488188976378,0.33070866141732286,0.47244094488188976,0.4225721784776903,0.42407199100112486,0.31102362204724415,2020-01-30,0.08661417322834646,11.0,43.66666666666666
2020-01-30,43.66666666666666,11,0.08661417322834646,0.08661417322834646,0.5275590551181102,0.4094488188976378,0.49606299212598426,0.3412073490813648,0.3689538807649044,0.29973753280839893,2020-01-31,0.4409448818897638,56.0,169.375
2020-01-31,169.375,56,0.4409448818897638,0.4409448818897638,0.08661417322834646,0.5275590551181102,0.2204724409448819,0.35170603674540685,0.3610798650168729,0.3133858267716535,2020-02-01,0.5433070866141733,69.0,205.70833333333331
2020-02-01,205.70833333333331,69,0.5433070866141733,0.5433070866141733,0.4409448818897638,0.08661417322834646,0.5118110236220472,0.35695538057742787,0.4071991001124859,0.33070866141732286,2020-02-02,0.5354330708661418,68.0,201.29166666666663
2020-02-02,201.29166666666663,68,0.5354330708661418,0.5354330708661418,0.5433070866141733,0.4409448818897638,0.33070866141732286,0.5065616797900263,0.4105736782902137,0.33438320209973754,2020-02-03,0.14960629921259844,19.0,65.70833333333333
2020-02-03,65.70833333333333,19,0.14960629921259844,0.14960629921259844,0.5354330708661418,0.5433070866141733,0.4094488188976378,0.4094488188976378,0.3847019122609674,0.3244094488188976,2020-02-04,0.3228346456692913,41.0,127.29166666666669
2020-02-04,127.29166666666669,41,0.3228346456692913,0.3228346456692913,0.14960629921259844,0.5354330708661418,0.5275590551181102,0.3359580052493439,0.37232845894263217,0.32020997375328086,2020-02-05,0.12598425196850394,16.0,56.41666666666666
2020-02-05,56.41666666666666,16,0.12598425196850394,0.12598425196850394,0.3228346456692913,0.14960629921259844,0.08661417322834646,0.19947506561679793,0.31496062992125984,0.3097112860892388,2020-02-06,0.5748031496062992,73.0,216.83333333333331
2020-02-06,216.83333333333331,73,0.5748031496062992,0.5748031496062992,0.12598425196850394,0.3228346456692913,0.4409448818897638,0.3412073490813649,0.3847019122609674,0.3131233595800525,2020-02-07,0.5275590551181102,67.0,198.95833333333331
2020-02-07,198.95833333333331,67,0.5275590551181102,0.5275590551181102,0.5748031496062992,0.12598425196850394,0.5433070866141733,0.4094488188976378,0.39707536557930256,0.31601049868766407,2020-02-08,0.28346456692913385,36.0,113.5
2020-02-08,113.5,36,0.28346456692913385,0.28346456692913385,0.5275590551181102,0.5748031496062992,0.5354330708661418,0.4619422572178478,0.3599550056242969,0.32152230971128604,2020-02-09,0.08661417322834646,11.0,41.66666666666666
2020-02-09,41.66666666666666,11,0.08661417322834646,0.08661417322834646,0.28346456692913385,0.5275590551181102,0.14960629921259844,0.29921259842519693,0.29583802024746897,0.32152230971128604,2020-02-10,0.015748031496062992,2.0,18.45833333333333
2020-02-10,18.45833333333333,2,0.015748031496062992,0.015748031496062992,0.08661417322834646,0.28346456692913385,0.3228346456692913,0.1286089238845145,0.27671541057367827,0.30708661417322836,2020-02-11,0.007874015748031496,1.0,13.666666666666666
2020-02-11,13.666666666666666,1,0.007874015748031496,0.007874015748031496,0.015748031496062992,0.08661417322834646,0.12598425196850394,0.03674540682414706,0.23172103487064113,0.29658792650918636,2020-02-12,0.25984251968503935,33.0,104.70833333333331
2020-02-12,104.70833333333331,33,0.25984251968503935,0.25984251968503935,0.007874015748031496,0.015748031496062992,0.5748031496062992,0.09448818897637802,0.2508436445444319,0.3026246719160105,2020-02-13,0.6062992125984252,77.0,227.29166666666663
2020-02-13,227.29166666666663,77,0.6062992125984252,0.6062992125984252,0.25984251968503935,0.007874015748031496,0.5275590551181102,0.29133858267716545,0.2553430821147356,0.31627296587926507,2020-02-14,0.6062992125984252,77.0,227.33333333333331
2020-02-14,227.33333333333331,77,0.6062992125984252,0.6062992125984252,0.6062992125984252,0.25984251968503935,0.28346456692913385,0.49081364829396334,0.2665916760404949,0.32808398950131235,2020-02-15,0.25984251968503935,33.0,103.16666666666669
2020-02-15,103.16666666666669,33,0.25984251968503935,0.25984251968503935,0.6062992125984252,0.6062992125984252,0.08661417322834646,0.49081364829396334,0.26321709786276715,0.33569553805774277,2020-02-16,0.3464566929133858,44.0,134.70833333333334
2020-02-16,134.70833333333334,44,0.3464566929133858,0.3464566929133858,0.25984251968503935,0.6062992125984252,0.015748031496062992,0.4041994750656169,0.30033745781777277,0.34514435695538054,2020-02-17,0.25196850393700787,32.0,102.20833333333331
2020-02-17,102.20833333333331,32,0.25196850393700787,0.25196850393700787,0.3464566929133858,0.25984251968503935,0.007874015748031496,0.2860892388451444,0.3340832395950506,0.3443569553805775,2020-02-18,0.047244094488188976,6.0,27.70833333333333
2020-02-18,27.70833333333333,6,0.047244094488188976,0.047244094488188976,0.25196850393700787,0.3464566929133858,0.25984251968503935,0.21522309711286094,0.33970753655793023,0.3293963254593176,2020-02-19,0.031496062992125984,4.0,22.541666666666668
2020-02-19,22.541666666666668,4,0.031496062992125984,0.031496062992125984,0.047244094488188976,0.25196850393700787,0.6062992125984252,0.11023622047244101,0.3070866141732283,0.3144356955380578,2020-02-20,0.047244094488188976,6.0,30.041666666666668
2020-02-20,30.041666666666668,6,0.047244094488188976,0.047244094488188976,0.031496062992125984,0.047244094488188976,0.6062992125984252,0.041994750656168055,0.22722159730033745,0.3047244094488189,2020-02-21,0.6220472440944882,79.0,232.91666666666663
2020-02-21,232.91666666666663,79,0.6220472440944882,0.6220472440944882,0.047244094488188976,0.031496062992125984,0.25984251968503935,0.23359580052493445,0.2294713160854893,0.3249343832020998,2020-02-22,0.5354330708661418,68.0,201.04166666666663
2020-02-22,201.04166666666663,68,0.5354330708661418,0.5354330708661418,0.6220472440944882,0.047244094488188976,0.3464566929133858,0.4015748031496063,0.2688413948256468,0.3270341207349082,2020-02-23,0.10236220472440945,13.0,47.458333333333336
2020-02-23,47.458333333333336,13,0.10236220472440945,0.10236220472440945,0.5354330708661418,0.6220472440944882,0.25196850393700787,0.41994750656167984,0.23397075365579298,0.3139107611548556,2020-02-24,0.33070866141732286,42.0,130.0
2020-02-24,130.0,42,0.33070866141732286,0.33070866141732286,0.10236220472440945,0.5354330708661418,0.047244094488188976,0.32283464566929143,0.24521934758155228,0.31758530183727035,2020-02-25,0.6377952755905512,81.0,238.0
2020-02-25,238.0,81,0.6377952755905512,0.6377952755905512,0.33070866141732286,0.10236220472440945,0.031496062992125984,0.3569553805774279,0.3295838020247469,0.32178477690288715,2020-02-26,0.6535433070866141,83.0,244.79166666666663
2020-02-26,244.79166666666663,83,0.6535433070866141,0.6535433070866141,0.6377952755905512,0.33070866141732286,0.047244094488188976,0.5406824146981628,0.4184476940382452,0.3325459317585302,2020-02-27,0.6929133858267716,88.0,258.6666666666667
2020-02-27,258.6666666666667,88,0.6929133858267716,0.6929133858267716,0.6535433070866141,0.6377952755905512,0.6220472440944882,0.6614173228346457,0.5106861642294713,0.34199475065616797,2020-02-28,0.6614173228346457,84.0,245.83333333333331
2020-02-28,245.83333333333331,84,0.6614173228346457,0.6614173228346457,0.6929133858267716,0.6535433070866141,0.5354330708661418,0.6692913385826773,0.5163104611923509,0.3464566929133858,2020-02-29,0.6220472440944882,79.0,233.375
2020-02-29,233.375,79,0.6220472440944882,0.6220472440944882,0.6614173228346457,0.6929133858267716,0.10236220472440945,0.6587926509186351,0.5286839145106861,0.36430446194225724,2020-03-01,0.30708661417322836,39.0,122.20833333333331
2020-03-01,122.20833333333331,39,0.30708661417322836,0.30708661417322836,0.6220472440944882,0.6614173228346457,0.33070866141732286,0.5301837270341209,0.5579302587176602,0.3598425196850394,2020-03-02,0.2125984251968504,27.0,87.75
2020-03-02,87.75,27,0.2125984251968504,0.2125984251968504,0.30708661417322836,0.6220472440944882,0.6377952755905512,0.3805774278215224,0.5410573678290214,0.3488188976377952,2020-03-03,0.15748031496062992,20.0,66.91666666666667
2020-03-03,66.91666666666667,20,0.15748031496062992,0.15748031496062992,0.2125984251968504,0.30708661417322836,0.6535433070866141,0.22572178477690297,0.4724409448818897,0.3362204724409449,2020-03-04,0.12598425196850394,16.0,57.66666666666666
2020-03-04,57.66666666666666,16,0.12598425196850394,0.12598425196850394,0.15748031496062992,0.2125984251968504,0.6929133858267716,0.16535433070866148,0.39707536557930256,0.33543307086614177,2020-03-05,0.7165354330708661,91.0,266.125
2020-03-05,266.125,91,0.7165354330708661,0.7165354330708661,0.12598425196850394,0.15748031496062992,0.6614173228346457,0.3333333333333334,0.4004499437570303,0.3485564304461942,2020-03-06,0.7322834645669292,93.0,271.0416666666667
2020-03-06,271.0416666666667,93,0.7322834645669292,0.7322834645669292,0.7165354330708661,0.12598425196850394,0.6220472440944882,0.5249343832020998,0.41057367829021374,0.36876640419947504,2020-03-07,0.14960629921259844,19.0,65.625
2020-03-07,65.625,19,0.14960629921259844,0.14960629921259844,0.7322834645669292,0.7165354330708661,0.30708661417322836,0.5328083989501313,0.34308211473565803,0.35459317585301836,2020-03-08,0.3700787401574803,47.0,144.58333333333334
2020-03-08,144.58333333333334,47,0.3700787401574803,0.3700787401574803,0.14960629921259844,0.7322834645669292,0.2125984251968504,0.4173228346456694,0.35208098987626546,0.3493438320209974,2020-03-09,0.047244094488188976,6.0,30.041666666666668
2020-03-09,30.041666666666668,6,0.047244094488188976,0.047244094488188976,0.3700787401574803,0.14960629921259844,0.15748031496062992,0.18897637795275593,0.32845894263217096,0.3414698162729659,2020-03-10,0.5118110236220472,65.0,193.58333333333331
2020-03-10,193.58333333333331,65,0.5118110236220472,0.5118110236220472,0.047244094488188976,0.3700787401574803,0.12598425196850394,0.30971128608923887,0.3790776152980877,0.3556430446194226,2020-03-11,0.5275590551181102,67.0,200.5
2020-03-11,200.5,67,0.5275590551181102,0.5275590551181102,0.5118110236220472,0.047244094488188976,0.7165354330708661,0.36220472440944884,0.43644544431946003,0.37270341207349084,2020-03-12,0.6141732283464567,78.0,230.91666666666663
2020-03-12,230.91666666666663,78,0.6141732283464567,0.6141732283464567,0.5275590551181102,0.5118110236220472,0.7322834645669292,0.5511811023622047,0.42182227221597296,0.39291338582677166,2020-03-13,0.3937007874015748,50.0,150.70833333333334
2020-03-13,150.70833333333334,50,0.3937007874015748,0.3937007874015748,0.6141732283464567,0.5275590551181102,0.14960629921259844,0.5118110236220473,0.37345331833520806,0.3973753280839895,2020-03-14,0.3779527559055118,48.0,145.25
2020-03-14,145.25,48,0.3779527559055118,0.3779527559055118,0.3937007874015748,0.6141732283464567,0.3700787401574803,0.46194225721784776,0.40607424071990994,0.3897637795275591,2020-03-15,0.11023622047244094,14.0,50.41666666666666
2020-03-15,50.41666666666666,14,0.11023622047244094,0.11023622047244094,0.3779527559055118,0.3937007874015748,0.047244094488188976,0.2939632545931759,0.3689538807649044,0.3732283464566929,2020-03-16,0.23622047244094488,30.0,95.58333333333331
2020-03-16,95.58333333333331,30,0.23622047244094488,0.23622047244094488,0.11023622047244094,0.3779527559055118,0.5118110236220472,0.2414698162729659,0.39595050618672667,0.3724409448818898,2020-03-17,0.2677165354330709,34.0,108.58333333333331
2020-03-17,108.58333333333331,34,0.2677165354330709,0.2677165354330709,0.23622047244094488,0.11023622047244094,0.5275590551181102,0.20472440944881895,0.3610798650168729,0.3698162729658793,2020-03-18,0.3700787401574803,47.0,143.41666666666666
2020-03-18,143.41666666666666,47,0.3700787401574803,0.3700787401574803,0.2677165354330709,0.23622047244094488,0.6141732283464567,0.2913385826771654,0.3385826771653543,0.373753280839895,2020-03-19,0.33070866141732286,42.0,130.83333333333334
2020-03-19,130.83333333333334,42,0.33070866141732286,0.33070866141732286,0.3700787401574803,0.2677165354330709,0.3937007874015748,0.32283464566929143,0.2980877390326209,0.3832020997375328,2020-03-20,0.13385826771653545,17.0,59.083333333333336
2020-03-20,59.083333333333336,17,0.13385826771653545,0.13385826771653545,0.33070866141732286,0.3700787401574803,0.3779527559055118,0.27821522309711294,0.2609673790776153,0.3866141732283464,2020-03-21,0.15748031496062992,20.0,67.29166666666667
2020-03-21,67.29166666666667,20,0.15748031496062992,0.15748031496062992,0.13385826771653545,0.33070866141732286,0.11023622047244094,0.20734908136482944,0.2294713160854893,0.3902887139107612,2020-03-22,0.14173228346456693,18.0,63.79166666666666
2020-03-22,63.79166666666666,18,0.14173228346456693,0.14173228346456693,0.15748031496062992,0.13385826771653545,0.23622047244094488,0.14435695538057747,0.23397075365579298,0.3742782152230972,2020-03-23,0.44881889763779526,57.0,170.33333333333334
2020-03-23,170.33333333333334,57,0.44881889763779526,0.44881889763779526,0.14173228346456693,0.15748031496062992,0.2677165354330709,0.2493438320209974,0.26434195725534304,0.37139107611548555,2020-03-24,0.7007874015748031,89.0,259.625
2020-03-24,259.625,89,0.7007874015748031,0.7007874015748031,0.44881889763779526,0.14173228346456693,0.3700787401574803,0.4304461942257218,0.32620922384701906,0.39133858267716537,2020-03-25,0.7480314960629921,95.0,276.625
2020-03-25,276.625,95,0.7480314960629921,0.7480314960629921,0.7007874015748031,0.44881889763779526,0.33070866141732286,0.6325459317585302,0.38020247469066365,0.405249343832021,2020-03-26,0.5905511811023622,75.0,223.16666666666663
2020-03-26,223.16666666666663,75,0.5905511811023622,0.5905511811023622,0.7480314960629921,0.7007874015748031,0.13385826771653545,0.6797900262467191,0.41732283464566927,0.4036745406824147,2020-03-27,0.5196850393700787,66.0,196.625
2020-03-27,196.625,66,0.5196850393700787,0.5196850393700787,0.5905511811023622,0.7480314960629921,0.15748031496062992,0.6194225721784777,0.4724409448818897,0.39921259842519685,2020-03-28,0.3464566929133858,44.0,134.75
2020-03-28,134.75,44,0.3464566929133858,0.3464566929133858,0.5196850393700787,0.5905511811023622,0.14173228346456693,0.48556430446194226,0.49943757030371205,0.3876640419947507,2020-03-29,0.5511811023622047,70.0,206.5
2020-03-29,206.5,70,0.5511811023622047,0.5511811023622047,0.3464566929133858,0.5196850393700787,0.44881889763779526,0.4724409448818898,0.5579302587176602,0.383989501312336,2020-03-30,0.047244094488188976,6.0,30.375
2020-03-30,30.375,6,0.047244094488188976,0.047244094488188976,0.5511811023622047,0.3464566929133858,0.7007874015748031,0.3149606299212599,0.500562429696288,0.3648293963254593,2020-03-31,0.7165354330708661,91.0,266.2083333333333
2020-03-31,266.2083333333333,91,0.7165354330708661,0.7165354330708661,0.047244094488188976,0.5511811023622047,0.7480314960629921,0.43832020997375326,0.5028121484814397,0.37847769028871386,2020-04-01,0.7952755905511811,101.0,293.125
2020-04-01,293.125,101,0.7952755905511811,0.7952755905511811,0.7165354330708661,0.047244094488188976,0.5905511811023622,0.5196850393700788,0.5095613048368953,0.3979002624671916,2020-04-02,0.11023622047244094,14.0,50.29166666666666
2020-04-02,50.29166666666666,14,0.11023622047244094,0.11023622047244094,0.7952755905511811,0.7165354330708661,0.5196850393700787,0.5406824146981628,0.4409448818897638,0.3963254593175853,2020-04-03,0.12598425196850394,16.0,55.708333333333336
2020-04-03,55.708333333333336,16,0.12598425196850394,0.12598425196850394,0.11023622047244094,0.7952755905511811,0.3464566929133858,0.34383202099737536,0.38470191226096734,0.3963254593175852,2020-04-04,0.06299212598425197,8.0,35.916666666666664
2020-04-04,35.916666666666664,8,0.06299212598425197,0.06299212598425197,0.12598425196850394,0.11023622047244094,0.5511811023622047,0.09973753280839899,0.3442069741282339,0.3745406824146981,2020-04-05,0.2992125984251969,38.0,119.20833333333331
2020-04-05,119.20833333333331,38,0.2992125984251969,0.2992125984251969,0.06299212598425197,0.12598425196850394,0.047244094488188976,0.16272965879265097,0.30821147356580425,0.36010498687664044,2020-04-06,0.4251968503937008,54.0,164.0
2020-04-06,164.0,54,0.4251968503937008,0.4251968503937008,0.2992125984251969,0.06299212598425197,0.7165354330708661,0.2624671916010499,0.3622047244094488,0.36929133858267715,2020-04-07,0.6377952755905512,81.0,238.54166666666663
2020-04-07,238.54166666666663,81,0.6377952755905512,0.6377952755905512,0.4251968503937008,0.2992125984251969,0.7952755905511811,0.45406824146981634,0.35095613048368957,0.37821522309711286,2020-04-08,0.6692913385826772,85.0,250.875
2020-04-08,250.875,85,0.6692913385826772,0.6692913385826772,0.6377952755905512,0.4251968503937008,0.11023622047244094,0.5774278215223098,0.33295838020247465,0.3989501312335958,2020-04-09,0.4251968503937008,54.0,162.83333333333334
2020-04-09,162.83333333333334,54,0.4251968503937008,0.4251968503937008,0.6692913385826772,0.6377952755905512,0.12598425196850394,0.5774278215223098,0.37795275590551175,0.3960629921259843,2020-04-10,0.5511811023622047,70.0,208.20833333333331
2020-04-10,208.20833333333331,70,0.5511811023622047,0.5511811023622047,0.4251968503937008,0.6692913385826772,0.06299212598425197,0.5485564304461943,0.43869516310461193,0.3968503937007874,2020-04-11,0.23622047244094488,30.0,95.25
2020-04-11,95.25,30,0.23622047244094488,0.23622047244094488,0.5511811023622047,0.4251968503937008,0.2992125984251969,0.4041994750656168,0.4634420697412823,0.38425196850393706,2020-04-12,0.8582677165354331,109.0,315.9583333333333
2020-04-12,315.9583333333333,109,0.8582677165354331,0.8582677165354331,0.23622047244094488,0.5511811023622047,0.4251968503937008,0.5485564304461943,0.5433070866141733,0.39973753280839897,2020-04-13,0.8740157480314961,111.0,323.3333333333333
2020-04-13,323.3333333333333,111,0.8740157480314961,0.8740157480314961,0.8582677165354331,0.23622047244094488,0.6377952755905512,0.6561679790026248,0.6074240719910012,0.4162729658792651,2020-04-14,0.8031496062992126,102.0,297.8333333333333
2020-04-14,297.8333333333333,102,0.8031496062992126,0.8031496062992126,0.8740157480314961,0.8582677165354331,0.6692913385826772,0.8451443569553807,0.6310461192350957,0.4393700787401575,2020-04-15,0.8740157480314961,111.0,322.3333333333333
2020-04-15,322.3333333333333,111,0.8740157480314961,0.8740157480314961,0.8031496062992126,0.8740157480314961,0.4251968503937008,0.8503937007874015,0.6602924634420697,0.46062992125984253,2020-04-16,0.8503937007874016,108.0,315.1666666666667
2020-04-16,315.1666666666667,108,0.8503937007874016,0.8503937007874016,0.8740157480314961,0.8031496062992126,0.5511811023622047,0.8425196850393702,0.7210348706411699,0.4800524934383202,2020-04-17,0.14960629921259844,19.0,65.45833333333333
2020-04-17,65.45833333333333,19,0.14960629921259844,0.14960629921259844,0.8503937007874016,0.8740157480314961,0.23622047244094488,0.6246719160104988,0.6636670416197975,0.4727034120734908,2020-04-18,0.1968503937007874,25.0,83.29166666666667
2020-04-18,83.29166666666667,25,0.1968503937007874,0.1968503937007874,0.14960629921259844,0.8503937007874016,0.8582677165354331,0.39895013123359585,0.6580427446569178,0.46824146981627296,2020-04-19,0.6299212598425197,80.0,236.41666666666663
2020-04-19,236.41666666666663,80,0.6299212598425197,0.6299212598425197,0.1968503937007874,0.14960629921259844,0.8740157480314961,0.3254593175853019,0.625421822272216,0.48477690288713915,2020-04-20,0.7007874015748031,89.0,261.9166666666667
2020-04-20,261.9166666666667,89,0.7007874015748031,0.7007874015748031,0.6299212598425197,0.1968503937007874,0.8031496062992126,0.5091863517060368,0.6006749156355455,0.5028871391076115,2020-04-21,0.6771653543307087,86.0,253.70833333333331
2020-04-21,253.70833333333331,86,0.6771653543307087,0.6771653543307087,0.7007874015748031,0.6299212598425197,0.8740157480314961,0.6692913385826772,0.5826771653543307,0.5207349081364829,2020-04-22,0.16535433070866143,21.0,70.29166666666667
2020-04-22,70.29166666666667,21,0.16535433070866143,0.16535433070866143,0.6771653543307087,0.7007874015748031,0.8503937007874016,0.5144356955380577,0.48143982002249713,0.5112860892388452,2020-04-23,0.905511811023622,115.0,333.0
2020-04-23,333.0,115,0.905511811023622,0.905511811023622,0.16535433070866143,0.6771653543307087,0.14960629921259844,0.5826771653543307,0.4893138357705286,0.5181102362204725,2020-04-24,0.8740157480314961,111.0,322.5833333333333
2020-04-24,322.5833333333333,111,0.8740157480314961,0.8740157480314961,0.905511811023622,0.16535433070866143,0.1968503937007874,0.6482939632545932,0.592800899887514,0.5223097112860892,2020-04-25,0.6535433070866141,83.0,243.08333333333331
2020-04-25,243.08333333333331,83,0.6535433070866141,0.6535433070866141,0.8740157480314961,0.905511811023622,0.6299212598425197,0.8110236220472441,0.6580427446569178,0.5244094488188976,2020-04-26,0.9133858267716536,116.0,337.2083333333333
2020-04-26,337.2083333333333,116,0.9133858267716536,0.9133858267716536,0.6535433070866141,0.8740157480314961,0.7007874015748031,0.8136482939632547,0.6985376827896513,0.5375328083989501,2020-04-27,0.8740157480314961,111.0,322.4166666666667
2020-04-27,322.4166666666667,111,0.8740157480314961,0.8740157480314961,0.9133858267716536,0.6535433070866141,0.6771653543307087,0.8136482939632547,0.7232845894263217,0.5551181102362205,2020-04-28,0.6377952755905512,81.0,238.83333333333331
2020-04-28,238.83333333333331,81,0.6377952755905512,0.6377952755905512,0.8740157480314961,0.9133858267716536,0.16535433070866143,0.8083989501312336,0.7176602924634421,0.5580052493438321,2020-04-29,0.8110236220472441,103.0,301.0
2020-04-29,301.0,103,0.8110236220472441,0.8110236220472441,0.6377952755905512,0.8740157480314961,0.905511811023622,0.774278215223097,0.8098987626546681,0.583464566929134,2020-04-30,0.937007874015748,119.0,344.375
2020-04-30,344.375,119,0.937007874015748,0.937007874015748,0.8110236220472441,0.6377952755905512,0.8740157480314961,0.7952755905511811,0.8143982002249718,0.5908136482939633,2020-05-01,0.8582677165354331,109.0,315.625
2020-05-01,315.625,109,0.8582677165354331,0.8582677165354331,0.937007874015748,0.8110236220472441,0.6535433070866141,0.868766404199475,0.81214848143982,0.5929133858267718,2020-05-02,0.8740157480314961,111.0,322.5
2020-05-02,322.5,111,0.8740157480314961,0.8740157480314961,0.8582677165354331,0.937007874015748,0.9133858267716536,0.8897637795275591,0.843644544431946,0.6183727034120736,2020-05-03,0.8503937007874016,108.0,314.9583333333333
2020-05-03,314.9583333333333,108,0.8503937007874016,0.8503937007874016,0.8740157480314961,0.8582677165354331,0.8740157480314961,0.8608923884514436,0.8346456692913385,0.6425196850393701,2020-05-04,0.9212598425196851,117.0,338.0416666666667
2020-05-04,338.0416666666667,117,0.9212598425196851,0.9212598425196851,0.8503937007874016,0.8740157480314961,0.6377952755905512,0.8818897637795277,0.8413948256467941,0.6711286089238846,2020-05-05,0.41732283464566927,53.0,160.70833333333334
2020-05-05,160.70833333333334,53,0.41732283464566927,0.41732283464566927,0.9212598425196851,0.8503937007874016,0.8110236220472441,0.7296587926509187,0.8098987626546681,0.6750656167979003,2020-05-06,0.8740157480314961,111.0,323.2916666666667
2020-05-06,323.2916666666667,111,0.8740157480314961,0.8740157480314961,0.41732283464566927,0.9212598425196851,0.937007874015748,0.7375328083989503,0.8188976377952757,0.6900262467191601,2020-05-07,0.5984251968503937,76.0,224.95833333333331
2020-05-07,224.95833333333331,76,0.5984251968503937,0.5984251968503937,0.8740157480314961,0.41732283464566927,0.8582677165354331,0.6299212598425198,0.7705286839145107,0.688713910761155,2020-05-08,0.6141732283464567,78.0,231.5
2020-05-08,231.5,78,0.6141732283464567,0.6141732283464567,0.5984251968503937,0.8740157480314961,0.8740157480314961,0.6955380577427822,0.7356580427446568,0.6868766404199476,2020-05-09,0.7952755905511811,101.0,293.2083333333333
2020-05-09,293.2083333333333,101,0.7952755905511811,0.7952755905511811,0.6141732283464567,0.5984251968503937,0.8503937007874016,0.6692913385826773,0.7244094488188976,0.6992125984251969,2020-05-10,0.9212598425196851,117.0,340.2916666666667
2020-05-10,340.2916666666667,117,0.9212598425196851,0.9212598425196851,0.7952755905511811,0.6141732283464567,0.9212598425196851,0.7769028871391077,0.734533183352081,0.7115485564304461,2020-05-11,0.8031496062992126,102.0,297.5416666666667
2020-05-11,297.5416666666667,102,0.8031496062992126,0.8031496062992126,0.9212598425196851,0.7952755905511811,0.41732283464566927,0.8398950131233597,0.7176602924634421,0.7304461942257218,2020-05-12,0.06299212598425197,8.0,35.833333333333336
2020-05-12,35.833333333333336,8,0.06299212598425197,0.06299212598425197,0.8031496062992126,0.9212598425196851,0.8740157480314961,0.5958005249343833,0.6670416197975254,0.7039370078740158,2020-05-13,0.7165354330708661,91.0,265.375
2020-05-13,265.375,91,0.7165354330708661,0.7165354330708661,0.06299212598425197,0.8031496062992126,0.5984251968503937,0.5275590551181103,0.6445444319460067,0.6986876640419947,2020-05-14,0.8346456692913385,106.0,307.7083333333333
2020-05-14,307.7083333333333,106,0.8346456692913385,0.8346456692913385,0.7165354330708661,0.06299212598425197,0.6141732283464567,0.5380577427821523,0.6782902137232847,0.699737532808399,2020-05-15,0.6377952755905512,81.0,237.41666666666663
2020-05-15,237.41666666666663,81,0.6377952755905512,0.6377952755905512,0.8346456692913385,0.7165354330708661,0.7952755905511811,0.7296587926509187,0.6816647919010123,0.6918635170603675,2020-05-16,0.7401574803149606,94.0,276.0
2020-05-16,276.0,94,0.7401574803149606,0.7401574803149606,0.6377952755905512,0.8346456692913385,0.9212598425196851,0.7375328083989502,0.6737907761529808,0.6881889763779527,2020-05-17,0.7559055118110236,96.0,281.125
2020-05-17,281.125,96,0.7559055118110236,0.7559055118110236,0.7401574803149606,0.6377952755905512,0.8031496062992126,0.7112860892388452,0.6501687289088863,0.7083989501312336,2020-05-18,0.9291338582677166,118.0,341.875
2020-05-18,341.875,118,0.9291338582677166,0.9291338582677166,0.7559055118110236,0.7401574803149606,0.06299212598425197,0.8083989501312336,0.6681664791901012,0.7328083989501313,2020-05-19,0.9212598425196851,117.0,340.0833333333333
2020-05-19,340.0833333333333,117,0.9212598425196851,0.9212598425196851,0.9291338582677166,0.7559055118110236,0.7165354330708661,0.8687664041994752,0.7907761529808773,0.7425196850393702,2020-05-20,0.9291338582677166,118.0,340.9166666666667
2020-05-20,340.9166666666667,118,0.9291338582677166,0.9291338582677166,0.9212598425196851,0.9291338582677166,0.8346456692913385,0.9265091863517062,0.8211473565804274,0.7501312335958005,2020-05-21,0.7165354330708661,91.0,266.6666666666667
2020-05-21,266.6666666666667,91,0.7165354330708661,0.7165354330708661,0.9291338582677166,0.9212598425196851,0.6377952755905512,0.8556430446194226,0.8042744656917885,0.7514435695538058,2020-05-22,0.8267716535433071,105.0,306.5416666666667
2020-05-22,306.5416666666667,105,0.8267716535433071,0.8267716535433071,0.7165354330708661,0.9291338582677166,0.7401574803149606,0.8241469816272966,0.8312710911136109,0.773490813648294,2020-05-23,0.8267716535433071,105.0,304.75
2020-05-23,304.75,105,0.8267716535433071,0.8267716535433071,0.8267716535433071,0.7165354330708661,0.7559055118110236,0.7900262467191602,0.843644544431946,0.7708661417322834,2020-05-24,0.6692913385826772,85.0,248.5
2020-05-24,248.5,85,0.6692913385826772,0.6692913385826772,0.8267716535433071,0.8267716535433071,0.9291338582677166,0.7742782152230973,0.8312710911136107,0.7640419947506562,2020-05-25,0.3779527559055118,48.0,147.58333333333334
2020-05-25,147.58333333333334,48,0.3779527559055118,0.3779527559055118,0.6692913385826772,0.8267716535433071,0.9212598425196851,0.6246719160104988,0.7525309336332959,0.7548556430446194,2020-05-26,0.8582677165354331,109.0,317.7083333333333
2020-05-26,317.7083333333333,109,0.8582677165354331,0.8582677165354331,0.3779527559055118,0.6692913385826772,0.9291338582677166,0.6351706036745408,0.7435320584926883,0.7530183727034121,2020-05-27,0.8740157480314961,111.0,323.75
2020-05-27,323.75,111,0.8740157480314961,0.8740157480314961,0.8582677165354331,0.3779527559055118,0.7165354330708661,0.7034120734908137,0.7356580427446568,0.7530183727034121,2020-05-28,0.7086614173228346,90.0,263.4583333333333
2020-05-28,263.4583333333333,90,0.7086614173228346,0.7086614173228346,0.8740157480314961,0.8582677165354331,0.8267716535433071,0.8136482939632547,0.734533183352081,0.7553805774278215,2020-05-29,0.8188976377952756,104.0,303.9166666666667
2020-05-29,303.9166666666667,104,0.8188976377952756,0.8188976377952756,0.7086614173228346,0.8740157480314961,0.8267716535433071,0.8005249343832022,0.7334083239595051,0.7556430446194226,2020-05-30,0.8818897637795275,112.0,324.2916666666667
2020-05-30,324.2916666666667,112,0.8818897637795275,0.8818897637795275,0.8188976377952756,0.7086614173228346,0.6692913385826772,0.8031496062992126,0.7412823397075365,0.7538057742782152,2020-05-31,0.44881889763779526,57.0,172.75
2020-05-31,172.75,57,0.44881889763779526,0.44881889763779526,0.8818897637795275,0.8188976377952756,0.3779527559055118,0.7165354330708662,0.7097862767154106,0.7401574803149606,2020-06-01,0.5196850393700787,66.0,197.95833333333331
2020-06-01,197.95833333333331,66,0.5196850393700787,0.5196850393700787,0.44881889763779526,0.8818897637795275,0.8582677165354331,0.6167979002624673,0.7300337457817773,0.7283464566929134,2020-06-02,0.6929133858267716,88.0,257.75
2020-06-02,257.75,88,0.6929133858267716,0.6929133858267716,0.5196850393700787,0.44881889763779526,0.8740157480314961,0.5538057742782153,0.7064116985376827,0.7230971128608924,2020-06-03,0.9212598425196851,117.0,339.7083333333333
2020-06-03,339.7083333333333,117,0.9212598425196851,0.9212598425196851,0.6929133858267716,0.5196850393700787,0.7086614173228346,0.7112860892388452,0.7131608548931384,0.7230971128608924,2020-06-04,0.9291338582677166,118.0,341.9583333333333
2020-06-04,341.9583333333333,118,0.9291338582677166,0.9291338582677166,0.9212598425196851,0.6929133858267716,0.8188976377952756,0.847769028871391,0.7446569178852643,0.7401574803149606,2020-06-05,0.937007874015748,119.0,346.0416666666667
2020-06-05,346.0416666666667,119,0.937007874015748,0.937007874015748,0.9291338582677166,0.9212598425196851,0.8818897637795275,0.9291338582677167,0.7615298087739033,0.742257217847769,2020-06-06,0.9212598425196851,117.0,340.25
2020-06-06,340.25,117,0.9212598425196851,0.9212598425196851,0.937007874015748,0.9291338582677166,0.44881889763779526,0.9291338582677167,0.7671541057367829,0.7530183727034121,2020-06-07,0.937007874015748,119.0,345.4583333333333
2020-06-07,345.4583333333333,119,0.937007874015748,0.937007874015748,0.9212598425196851,0.937007874015748,0.5196850393700787,0.9317585301837271,0.8368953880764904,0.7637795275590552,2020-06-08,0.9291338582677166,118.0,342.5416666666667
2020-06-08,342.5416666666667,118,0.9291338582677166,0.9291338582677166,0.937007874015748,0.9212598425196851,0.6929133858267716,0.9291338582677167,0.8953880764904386,0.768241469816273,2020-06-09,0.8582677165354331,109.0,315.8333333333333
2020-06-09,315.8333333333333,109,0.8582677165354331,0.8582677165354331,0.9291338582677166,0.937007874015748,0.9212598425196851,0.9081364829396327,0.9190101237345332,0.7661417322834646,2020-06-10,1.0,127.0,367.1666666666667
2020-06-10,367.1666666666667,127,1.0,1.0,0.8582677165354331,0.9291338582677166,0.9291338582677166,0.9291338582677167,0.9302587176602924,0.7727034120734909,2020-06-11,0.9921259842519685,126.0,365.625
2020-06-11,365.625,126,0.9921259842519685,0.9921259842519685,1.0,0.8582677165354331,0.937007874015748,0.9501312335958007,0.9392575928008998,0.8036745406824148,2020-06-12,0.9763779527559056,124.0,357.625
2020-06-12,357.625,124,0.9763779527559056,0.9763779527559056,0.9921259842519685,1.0,0.9212598425196851,0.9895013123359581,0.9448818897637795,0.8123359580052494,2020-06-13,0.968503937007874,123.0,355.25
2020-06-13,355.25,123,0.968503937007874,0.968503937007874,0.9763779527559056,0.9921259842519685,0.937007874015748,0.979002624671916,0.9516310461192351,0.8167979002624671,2020-06-14,0.889763779527559,113.0,328.5833333333333
2020-06-14,328.5833333333333,113,0.889763779527559,0.889763779527559,0.968503937007874,0.9763779527559056,0.9291338582677166,0.9448818897637796,0.9448818897637795,0.8251968503937007,2020-06-15,0.8346456692913385,106.0,308.2916666666667
2020-06-15,308.2916666666667,106,0.8346456692913385,0.8346456692913385,0.889763779527559,0.968503937007874,0.8582677165354331,0.8976377952755906,0.9313835770528682,0.8283464566929133,2020-06-16,0.9133858267716536,116.0,336.4583333333333
2020-06-16,336.4583333333333,116,0.9133858267716536,0.9133858267716536,0.8346456692913385,0.889763779527559,1.0,0.8792650918635171,0.9392575928008998,0.8335958005249344,2020-06-17,0.952755905511811,121.0,349.6666666666667
2020-06-17,349.6666666666667,121,0.952755905511811,0.952755905511811,0.9133858267716536,0.8346456692913385,0.9921259842519685,0.9002624671916012,0.9325084364454442,0.8343832020997375,2020-06-18,0.8031496062992126,102.0,296.4166666666667
2020-06-18,296.4166666666667,102,0.8031496062992126,0.8031496062992126,0.952755905511811,0.9133858267716536,0.9763779527559056,0.8897637795275591,0.905511811023622,0.8304461942257217,2020-06-19,0.8976377952755905,114.0,330.5
2020-06-19,330.5,114,0.8976377952755905,0.8976377952755905,0.8031496062992126,0.952755905511811,0.968503937007874,0.8845144356955381,0.8942632170978626,0.8293963254593176,2020-06-20,0.7401574803149606,94.0,274.25
2020-06-20,274.25,94,0.7401574803149606,0.7401574803149606,0.8976377952755905,0.8031496062992126,0.889763779527559,0.8136482939632547,0.8616422947131609,0.8301837270341207,2020-06-21,0.7874015748031497,100.0,290.5833333333333
2020-06-21,290.5833333333333,100,0.7874015748031497,0.7874015748031497,0.7401574803149606,0.8976377952755905,0.8346456692913385,0.8083989501312336,0.8470191226096738,0.8288713910761154,2020-06-22,0.5984251968503937,76.0,223.875
2020-06-22,223.875,76,0.5984251968503937,0.5984251968503937,0.7874015748031497,0.7401574803149606,0.9133858267716536,0.7086614173228347,0.8132733408323959,0.8212598425196851,2020-06-23,0.6062992125984252,77.0,227.5
2020-06-23,227.5,77,0.6062992125984252,0.6062992125984252,0.5984251968503937,0.7874015748031497,0.952755905511811,0.6640419947506563,0.7694038245219347,0.8191601049868765,2020-06-24,0.49606299212598426,63.0,189.70833333333331
2020-06-24,189.70833333333331,63,0.49606299212598426,0.49606299212598426,0.6062992125984252,0.5984251968503937,0.8031496062992126,0.5669291338582678,0.7041619797525308,0.8230971128608924,2020-06-25,0.8031496062992126,102.0,298.625
2020-06-25,298.625,102,0.8031496062992126,0.8031496062992126,0.49606299212598426,0.6062992125984252,0.8976377952755905,0.6351706036745407,0.7041619797525309,0.8212598425196851,2020-06-26,0.4094488188976378,52.0,157.75
2020-06-26,157.75,52,0.4094488188976378,0.4094488188976378,0.8031496062992126,0.49606299212598426,0.7401574803149606,0.5695538057742783,0.6344206974128233,0.8057742782152231,2020-06-27,0.7244094488188977,92.0,270.25
2020-06-27,270.25,92,0.7244094488188977,0.7244094488188977,0.4094488188976378,0.8031496062992126,0.7874015748031497,0.6456692913385828,0.6321709786276715,0.8062992125984252,2020-06-28,0.3228346456692913,41.0,125.54166666666669
2020-06-28,125.54166666666669,41,0.3228346456692913,0.3228346456692913,0.7244094488188977,0.4094488188976378,0.5984251968503937,0.48556430446194226,0.5658042744656917,0.789763779527559,2020-06-29,0.5826771653543307,74.0,217.66666666666663
2020-06-29,217.66666666666663,74,0.5826771653543307,0.5826771653543307,0.3228346456692913,0.7244094488188977,0.6062992125984252,0.5433070866141733,0.5635545556805398,0.7797900262467191,2020-06-30,0.4645669291338583,59.0,177.66666666666666
2020-06-30,177.66666666666666,59,0.4645669291338583,0.4645669291338583,0.5826771653543307,0.3228346456692913,0.49606299212598426,0.45669291338582685,0.5433070866141732,0.7803149606299212,2020-07-01,0.6141732283464567,78.0,230.33333333333331
2020-07-01,230.33333333333331,78,0.6141732283464567,0.6141732283464567,0.4645669291338583,0.5826771653543307,0.8031496062992126,0.5538057742782153,0.5601799775028121,0.7834645669291338,2020-07-02,0.8503937007874016,108.0,314.9166666666667
2020-07-02,314.9166666666667,108,0.8503937007874016,0.8503937007874016,0.6141732283464567,0.4645669291338583,0.4094488188976378,0.6430446194225723,0.5669291338582677,0.7887139107611549,2020-07-03,0.9133858267716536,116.0,335.5833333333333
2020-07-03,335.5833333333333,116,0.9133858267716536,0.9133858267716536,0.8503937007874016,0.6141732283464567,0.7244094488188977,0.7926509186351707,0.6389201349831272,0.7884514435695539,2020-07-04,0.889763779527559,113.0,328.4166666666667
2020-07-04,328.4166666666667,113,0.889763779527559,0.889763779527559,0.9133858267716536,0.8503937007874016,0.3228346456692913,0.8845144356955381,0.6625421822272216,0.7871391076115485,2020-07-05,0.8661417322834646,110.0,320.0416666666667
2020-07-05,320.0416666666667,110,0.8661417322834646,0.8661417322834646,0.889763779527559,0.9133858267716536,0.5826771653543307,0.8897637795275591,0.7401574803149605,0.7847769028871391,2020-07-06,0.6220472440944882,79.0,232.54166666666663
2020-07-06,232.54166666666663,79,0.6220472440944882,0.6220472440944882,0.8661417322834646,0.889763779527559,0.4645669291338583,0.7926509186351707,0.7457817772778402,0.7748031496062991,2020-07-07,0.7086614173228346,90.0,263.7916666666667
2020-07-07,263.7916666666667,90,0.7086614173228346,0.7086614173228346,0.6220472440944882,0.8661417322834646,0.6141732283464567,0.7322834645669293,0.780652418447694,0.7671916010498687,2020-07-08,0.8031496062992126,102.0,297.625
2020-07-08,297.625,102,0.8031496062992126,0.8031496062992126,0.7086614173228346,0.6220472440944882,0.8503937007874016,0.7112860892388452,0.8076490438695163,0.7629921259842519,2020-07-09,0.905511811023622,115.0,334.0833333333333
2020-07-09,334.0833333333333,115,0.905511811023622,0.905511811023622,0.8031496062992126,0.7086614173228346,0.9133858267716536,0.8057742782152232,0.8155230596175478,0.7645669291338583,2020-07-10,0.9291338582677166,118.0,341.9166666666667
2020-07-10,341.9166666666667,118,0.9291338582677166,0.9291338582677166,0.905511811023622,0.8031496062992126,0.889763779527559,0.8792650918635171,0.8177727784026995,0.7622047244094489,2020-07-11,0.9291338582677166,118.0,342.9583333333333
2020-07-11,342.9583333333333,118,0.9291338582677166,0.9291338582677166,0.9291338582677166,0.905511811023622,0.8661417322834646,0.9212598425196852,0.8233970753655793,0.7601049868766404,2020-07-12,0.8346456692913385,106.0,307.2083333333333
2020-07-12,307.2083333333333,106,0.8346456692913385,0.8346456692913385,0.9291338582677166,0.9291338582677166,0.6220472440944882,0.8976377952755906,0.8188976377952756,0.7553805774278215,2020-07-13,0.9212598425196851,117.0,340.5416666666667
2020-07-13,340.5416666666667,117,0.9212598425196851,0.9212598425196851,0.8346456692913385,0.9291338582677166,0.7086614173228346,0.89501312335958,0.8616422947131609,0.7538057742782152,2020-07-14,0.9212598425196851,117.0,340.5
2020-07-14,340.5,117,0.9212598425196851,0.9212598425196851,0.9212598425196851,0.8346456692913385,0.8031496062992126,0.8923884514435696,0.8920134983127108,0.7548556430446194,2020-07-15,0.8818897637795275,112.0,325.2916666666667
2020-07-15,325.2916666666667,112,0.8818897637795275,0.8818897637795275,0.9212598425196851,0.9212598425196851,0.905511811023622,0.9081364829396327,0.9032620922384701,0.7564304461942258,2020-07-16,0.8818897637795275,112.0,325.7916666666667
2020-07-16,325.7916666666667,112,0.8818897637795275,0.8818897637795275,0.8818897637795275,0.9212598425196851,0.9291338582677166,0.89501312335958,0.8998875140607423,0.7553805774278215,2020-07-17,0.8661417322834646,110.0,318.875
2020-07-17,318.875,110,0.8661417322834646,0.8661417322834646,0.8818897637795275,0.8818897637795275,0.9291338582677166,0.8766404199475066,0.8908886389201349,0.75249343832021,2020-07-18,0.7480314960629921,95.0,277.0833333333333
2020-07-18,277.0833333333333,95,0.7480314960629921,0.7480314960629921,0.8661417322834646,0.8818897637795275,0.8346456692913385,0.8320209973753281,0.8650168728908886,0.7506561679790027,2020-07-19,0.8582677165354331,109.0,316.125
2020-07-19,316.125,109,0.8582677165354331,0.8582677165354331,0.7480314960629921,0.8661417322834646,0.9212598425196851,0.8241469816272966,0.8683914510686163,0.7493438320209973,2020-07-20,0.889763779527559,113.0,327.2916666666667
2020-07-20,327.2916666666667,113,0.889763779527559,0.889763779527559,0.8582677165354331,0.7480314960629921,0.9212598425196851,0.8320209973753281,0.8638920134983127,0.7543307086614173,2020-07-21,0.6771653543307087,86.0,252.75
2020-07-21,252.75,86,0.6771653543307087,0.6771653543307087,0.889763779527559,0.8582677165354331,0.8818897637795275,0.8083989501312336,0.8290213723284588,0.7506561679790027,2020-07-22,0.6614173228346457,84.0,246.79166666666663
2020-07-22,246.79166666666663,84,0.6614173228346457,0.6614173228346457,0.6771653543307087,0.889763779527559,0.8818897637795275,0.7427821522309713,0.7975253093363329,0.752755905511811,2020-07-23,0.8661417322834646,110.0,320.375
2020-07-23,320.375,110,0.8661417322834646,0.8661417322834646,0.6614173228346457,0.6771653543307087,0.8661417322834646,0.7349081364829398,0.7952755905511809,0.7614173228346457,2020-07-24,0.7165354330708661,91.0,267.4583333333333
2020-07-24,267.4583333333333,91,0.7165354330708661,0.7165354330708661,0.8661417322834646,0.6614173228346457,0.7480314960629921,0.7480314960629921,0.7739032620922384,0.7687664041994751,2020-07-25,0.5984251968503937,76.0,223.95833333333331
2020-07-25,223.95833333333331,76,0.5984251968503937,0.5984251968503937,0.7165354330708661,0.8661417322834646,0.8582677165354331,0.7270341207349081,0.7525309336332958,0.7619422572178478,2020-07-26,0.49606299212598426,63.0,189.0
2020-07-26,189.0,63,0.49606299212598426,0.49606299212598426,0.5984251968503937,0.7165354330708661,0.889763779527559,0.6036745406824148,0.700787401574803,0.7648293963254592,2020-07-27,0.8031496062992126,102.0,298.5833333333333
2020-07-27,298.5833333333333,102,0.8031496062992126,0.8031496062992126,0.49606299212598426,0.5984251968503937,0.6771653543307087,0.6325459317585302,0.688413948256468,0.7674540682414699,2020-07-28,0.7716535433070866,98.0,285.1666666666667
2020-07-28,285.1666666666667,98,0.7716535433070866,0.7716535433070866,0.8031496062992126,0.49606299212598426,0.6614173228346457,0.6902887139107613,0.701912260967379,0.7824146981627297,2020-07-29,0.7007874015748031,89.0,260.5833333333333
2020-07-29,260.5833333333333,89,0.7007874015748031,0.7007874015748031,0.7716535433070866,0.8031496062992126,0.8661417322834646,0.7585301837270343,0.7075365579302587,0.7863517060367454,2020-07-30,0.7874015748031497,100.0,292.8333333333333
2020-07-30,292.8333333333333,100,0.7874015748031497,0.7874015748031497,0.7007874015748031,0.7716535433070866,0.7165354330708661,0.7532808398950133,0.6962879640044993,0.7971128608923884,2020-07-31,0.6062992125984252,77.0,226.54166666666663
2020-07-31,226.54166666666663,77,0.6062992125984252,0.6062992125984252,0.7874015748031497,0.7007874015748031,0.5984251968503937,0.6981627296587928,0.6805399325084365,0.7968503937007874,2020-08-01,0.8503937007874016,108.0,314.875
2020-08-01,314.875,108,0.8503937007874016,0.8503937007874016,0.6062992125984252,0.7874015748031497,0.49606299212598426,0.7480314960629922,0.716535433070866,0.7968503937007874,2020-08-02,0.7165354330708661,91.0,265.875
2020-08-02,265.875,91,0.7165354330708661,0.7165354330708661,0.8503937007874016,0.6062992125984252,0.8031496062992126,0.7244094488188977,0.748031496062992,0.7902887139107613,2020-08-03,0.7795275590551181,99.0,289.375
2020-08-03,289.375,99,0.7795275590551181,0.7795275590551181,0.7165354330708661,0.8503937007874016,0.7716535433070866,0.7821522309711287,0.7446569178852643,0.7866141732283464,2020-08-04,0.8267716535433071,105.0,306.375
2020-08-04,306.375,105,0.8267716535433071,0.8267716535433071,0.7795275590551181,0.7165354330708661,0.7007874015748031,0.7742782152230973,0.7525309336332958,0.7853018372703411,2020-08-05,0.8740157480314961,111.0,323.2083333333333
2020-08-05,323.2083333333333,111,0.8740157480314961,0.8740157480314961,0.8267716535433071,0.7795275590551181,0.7874015748031497,0.8267716535433071,0.7772778402699662,0.7937007874015748,2020-08-06,0.8818897637795275,112.0,325.0416666666667
2020-08-06,325.0416666666667,112,0.8818897637795275,0.8818897637795275,0.8740157480314961,0.8267716535433071,0.6062992125984252,0.8608923884514436,0.7907761529808772,0.7994750656167979,2020-08-07,0.8661417322834646,110.0,318.5833333333333
2020-08-07,318.5833333333333,110,0.8661417322834646,0.8661417322834646,0.8818897637795275,0.8740157480314961,0.8503937007874016,0.8740157480314962,0.827896512935883,0.8015748031496063,2020-08-08,0.8503937007874016,108.0,314.9166666666667
2020-08-08,314.9166666666667,108,0.8503937007874016,0.8503937007874016,0.8661417322834646,0.8818897637795275,0.7165354330708661,0.8661417322834647,0.827896512935883,0.799737532808399,2020-08-09,0.84251968503937,107.0,312.0833333333333
2020-08-09,312.0833333333333,107,0.84251968503937,0.84251968503937,0.8503937007874016,0.8661417322834646,0.7795275590551181,0.8530183727034122,0.8458942632170977,0.7968503937007873,2020-08-10,0.8582677165354331,109.0,317.3333333333333
2020-08-10,317.3333333333333,109,0.8582677165354331,0.8582677165354331,0.84251968503937,0.8503937007874016,0.8267716535433071,0.8503937007874017,0.857142857142857,0.7944881889763779,2020-08-11,0.8503937007874016,108.0,313.9583333333333
2020-08-11,313.9583333333333,108,0.8503937007874016,0.8503937007874016,0.8582677165354331,0.84251968503937,0.8740157480314961,0.8503937007874017,0.8605174353205849,0.7950131233595801,2020-08-12,0.8661417322834646,110.0,318.75
2020-08-12,318.75,110,0.8661417322834646,0.8661417322834646,0.8503937007874016,0.8582677165354331,0.8818897637795275,0.8582677165354332,0.859392575928009,0.7931758530183727,2020-08-13,0.8740157480314961,111.0,323.2083333333333
2020-08-13,323.2083333333333,111,0.8740157480314961,0.8740157480314961,0.8661417322834646,0.8503937007874016,0.8661417322834646,0.8635170603674541,0.858267716535433,0.7916010498687664,2020-08-14,0.8740157480314961,111.0,321.125
2020-08-14,321.125,111,0.8740157480314961,0.8740157480314961,0.8740157480314961,0.8661417322834646,0.8503937007874016,0.8713910761154856,0.859392575928009,0.7913385826771653,2020-08-15,0.8503937007874016,108.0,314.7916666666667
2020-08-15,314.7916666666667,108,0.8503937007874016,0.8503937007874016,0.8740157480314961,0.8740157480314961,0.84251968503937,0.8661417322834647,0.859392575928009,0.7902887139107613,2020-08-16,0.8031496062992126,102.0,297.5833333333333
2020-08-16,297.5833333333333,102,0.8031496062992126,0.8031496062992126,0.8503937007874016,0.8740157480314961,0.8582677165354331,0.8425196850393702,0.8537682789651294,0.7881889763779527,2020-08-17,0.6299212598425197,80.0,236.45833333333331
2020-08-17,236.45833333333331,80,0.6299212598425197,0.6299212598425197,0.8031496062992126,0.8503937007874016,0.8503937007874016,0.7611548556430447,0.8211473565804274,0.7842519685039371,2020-08-18,0.8031496062992126,102.0,297.625
2020-08-18,297.625,102,0.8031496062992126,0.8031496062992126,0.6299212598425197,0.8031496062992126,0.8661417322834646,0.7454068241469818,0.8143982002249718,0.7824146981627298,2020-08-19,0.84251968503937,107.0,310.4166666666667
2020-08-19,310.4166666666667,107,0.84251968503937,0.84251968503937,0.8031496062992126,0.6299212598425197,0.8740157480314961,0.7585301837270343,0.8110236220472441,0.7808398950131235,2020-08-20,0.7716535433070866,98.0,286.375
2020-08-20,286.375,98,0.7716535433070866,0.7716535433070866,0.84251968503937,0.8031496062992126,0.8740157480314961,0.8057742782152232,0.7964004499437569,0.7839895013123359,2020-08-21,0.8188976377952756,104.0,303.5
2020-08-21,303.5,104,0.8188976377952756,0.8188976377952756,0.7716535433070866,0.84251968503937,0.8503937007874016,0.8110236220472441,0.7885264341957254,0.7892388451443569,2020-08-22,0.5905511811023622,75.0,223.16666666666663
2020-08-22,223.16666666666663,75,0.5905511811023622,0.5905511811023622,0.8188976377952756,0.7716535433070866,0.8031496062992126,0.7270341207349081,0.7514060742407198,0.7800524934383203,2020-08-23,0.8110236220472441,103.0,300.5833333333333
2020-08-23,300.5833333333333,103,0.8110236220472441,0.8110236220472441,0.5905511811023622,0.8188976377952756,0.6299212598425197,0.7401574803149606,0.7525309336332958,0.7832020997375329,2020-08-24,0.7322834645669292,93.0,273.2083333333333
2020-08-24,273.2083333333333,93,0.7322834645669292,0.7322834645669292,0.8110236220472441,0.5905511811023622,0.8031496062992126,0.7112860892388452,0.7671541057367828,0.7876640419947506,2020-08-25,0.8031496062992126,102.0,297.0416666666667
2020-08-25,297.0416666666667,102,0.8031496062992126,0.8031496062992126,0.7322834645669292,0.8110236220472441,0.84251968503937,0.7821522309711287,0.7671541057367828,0.7979002624671916,2020-08-26,0.6299212598425197,80.0,236.16666666666663
2020-08-26,236.16666666666663,80,0.6299212598425197,0.6299212598425197,0.8031496062992126,0.7322834645669292,0.7716535433070866,0.7217847769028873,0.7367829021372326,0.7921259842519686,2020-08-27,0.8031496062992126,102.0,298.4166666666667
2020-08-27,298.4166666666667,102,0.8031496062992126,0.8031496062992126,0.6299212598425197,0.8031496062992126,0.8188976377952756,0.7454068241469818,0.7412823397075365,0.7931758530183727,2020-08-28,0.8031496062992126,102.0,296.0833333333333
2020-08-28,296.0833333333333,102,0.8031496062992126,0.8031496062992126,0.8031496062992126,0.6299212598425197,0.5905511811023622,0.7454068241469818,0.7390326209223846,0.7965879265091864,2020-08-29,0.8188976377952756,104.0,302.9583333333333
2020-08-29,302.9583333333333,104,0.8188976377952756,0.8188976377952756,0.8031496062992126,0.8031496062992126,0.8110236220472441,0.8083989501312336,0.7716535433070865,0.7976377952755906,2020-08-30,0.8031496062992126,102.0,296.3333333333333
2020-08-30,296.3333333333333,102,0.8031496062992126,0.8031496062992126,0.8188976377952756,0.8031496062992126,0.7322834645669292,0.8083989501312336,0.7705286839145107,0.8041994750656168,2020-08-31,0.7165354330708661,91.0,267.3333333333333
2020-08-31,267.3333333333333,91,0.7165354330708661,0.7165354330708661,0.8031496062992126,0.8188976377952756,0.8031496062992126,0.7795275590551182,0.7682789651293588,0.7997375328083989,2020-09-01,0.5039370078740157,64.0,189.95833333333331
2020-09-01,189.95833333333331,64,0.5039370078740157,0.5039370078740157,0.7165354330708661,0.8031496062992126,0.6299212598425197,0.6745406824146983,0.7255343082114735,0.7926509186351705,2020-09-02,0.2992125984251969,38.0,117.79166666666669
2020-09-02,117.79166666666669,38,0.2992125984251969,0.2992125984251969,0.5039370078740157,0.7165354330708661,0.8031496062992126,0.5065616797900263,0.6782902137232846,0.7766404199475067,2020-09-03,0.4409448818897638,56.0,168.0
2020-09-03,168.0,56,0.4409448818897638,0.4409448818897638,0.2992125984251969,0.5039370078740157,0.8031496062992126,0.41469816272965887,0.6265466816647918,0.7637795275590552,2020-09-04,0.18110236220472442,23.0,76.58333333333333
2020-09-04,76.58333333333333,23,0.18110236220472442,0.18110236220472442,0.4409448818897638,0.2992125984251969,0.8188976377952756,0.3070866141732284,0.5376827896512936,0.7406824146981628,2020-09-05,0.48031496062992124,61.0,181.66666666666663
2020-09-05,181.66666666666663,61,0.48031496062992124,0.48031496062992124,0.18110236220472442,0.4409448818897638,0.8031496062992126,0.3674540682414699,0.4893138357705286,0.7272965879265091,2020-09-06,0.7165354330708661,91.0,266.4166666666667
2020-09-06,266.4166666666667,91,0.7165354330708661,0.7165354330708661,0.48031496062992124,0.18110236220472442,0.7165354330708661,0.45931758530183736,0.4769403824521934,0.7223097112860892,2020-09-07,0.7795275590551181,99.0,287.8333333333333
2020-09-07,287.8333333333333,99,0.7795275590551181,0.7795275590551181,0.7165354330708661,0.48031496062992124,0.5039370078740157,0.6587926509186351,0.4859392575928008,0.7199475065616797,2020-09-08,0.28346456692913385,36.0,113.16666666666669
2020-09-08,113.16666666666669,36,0.28346456692913385,0.28346456692913385,0.7795275590551181,0.7165354330708661,0.2992125984251969,0.5931758530183727,0.4544431946006749,0.7013123359580054,2020-09-09,0.12598425196850394,16.0,55.66666666666666
2020-09-09,55.66666666666666,16,0.12598425196850394,0.12598425196850394,0.28346456692913385,0.7795275590551181,0.4409448818897638,0.39632545931758534,0.4296962879640044,0.6769028871391076,2020-09-10,0.23622047244094488,30.0,95.41666666666669
2020-09-10,95.41666666666669,30,0.23622047244094488,0.23622047244094488,0.12598425196850394,0.28346456692913385,0.18110236220472442,0.21522309711286092,0.4004499437570303,0.6564304461942256,2020-09-11,0.5669291338582677,72.0,214.20833333333331
2020-09-11,214.20833333333331,72,0.5669291338582677,0.5669291338582677,0.23622047244094488,0.12598425196850394,0.48031496062992124,0.30971128608923887,0.45556805399325073,0.6464566929133858,2020-09-12,0.7322834645669292,93.0,271.2083333333333
2020-09-12,271.2083333333333,93,0.7322834645669292,0.7322834645669292,0.5669291338582677,0.23622047244094488,0.7165354330708661,0.5118110236220472,0.4915635545556804,0.6417322834645669,2020-09-13,0.7244094488188977,92.0,269.8333333333333
2020-09-13,269.8333333333333,92,0.7244094488188977,0.7244094488188977,0.7322834645669292,0.5669291338582677,0.7795275590551181,0.6745406824146981,0.4926884139482564,0.636745406824147,2020-09-14,0.6614173228346457,84.0,247.83333333333331
2020-09-14,247.83333333333331,84,0.6614173228346457,0.6614173228346457,0.7244094488188977,0.7322834645669292,0.28346456692913385,0.7060367454068243,0.47581552305961755,0.6304461942257217,2020-09-15,0.5590551181102362,71.0,210.58333333333331
2020-09-15,210.58333333333331,71,0.5590551181102362,0.5590551181102362,0.6614173228346457,0.7244094488188977,0.12598425196850394,0.6482939632545932,0.5151856017997749,0.6223097112860893,2020-09-16,0.4881889763779528,62.0,185.5
2020-09-16,185.5,62,0.4881889763779528,0.4881889763779528,0.5590551181102362,0.6614173228346457,0.23622047244094488,0.5695538057742783,0.5669291338582677,0.6175853018372703,2020-09-17,0.4330708661417323,55.0,165.83333333333334
2020-09-17,165.83333333333334,55,0.4330708661417323,0.4330708661417323,0.4881889763779528,0.5590551181102362,0.5669291338582677,0.49343832020997375,0.5950506186726658,0.605249343832021,2020-09-18,0.7007874015748031,89.0,260.9583333333333
2020-09-18,260.9583333333333,89,0.7007874015748031,0.7007874015748031,0.4330708661417323,0.4881889763779528,0.7322834645669292,0.5406824146981627,0.6141732283464566,0.6005249343832021,2020-09-19,0.6692913385826772,85.0,250.375
2020-09-19,250.375,85,0.6692913385826772,0.6692913385826772,0.7007874015748031,0.4330708661417323,0.7244094488188977,0.6010498687664042,0.6051743532058492,0.5971128608923884,2020-09-20,0.6614173228346457,84.0,246.33333333333331
2020-09-20,246.33333333333331,84,0.6614173228346457,0.6614173228346457,0.6692913385826772,0.7007874015748031,0.6614173228346457,0.6771653543307087,0.5961754780652418,0.5918635170603675,2020-09-21,0.09448818897637795,12.0,47.04166666666666
2020-09-21,47.04166666666666,12,0.09448818897637795,0.09448818897637795,0.6614173228346457,0.6692913385826772,0.5590551181102362,0.4750656167979003,0.515185601799775,0.5753280839895013,2020-09-22,0.1732283464566929,22.0,74.66666666666667
2020-09-22,74.66666666666667,22,0.1732283464566929,0.1732283464566929,0.09448818897637795,0.6614173228346457,0.4881889763779528,0.30971128608923887,0.4600674915635545,0.5540682414698163,2020-09-23,0.2047244094488189,26.0,85.83333333333333
2020-09-23,85.83333333333333,26,0.2047244094488189,0.2047244094488189,0.1732283464566929,0.09448818897637795,0.4330708661417323,0.15748031496062992,0.4195725534308211,0.5364829396325459,2020-09-24,0.3858267716535433,49.0,150.54166666666666
2020-09-24,150.54166666666666,49,0.3858267716535433,0.3858267716535433,0.2047244094488189,0.1732283464566929,0.7007874015748031,0.2545931758530184,0.41282339707536553,0.5225721784776902,2020-09-25,0.7086614173228346,90.0,264.75
2020-09-25,264.75,90,0.7086614173228346,0.7086614173228346,0.3858267716535433,0.2047244094488189,0.6692913385826772,0.43307086614173224,0.4139482564679414,0.5251968503937008,2020-09-26,0.6141732283464567,78.0,231.45833333333331
2020-09-26,231.45833333333331,78,0.6141732283464567,0.6141732283464567,0.7086614173228346,0.3858267716535433,0.6614173228346457,0.5695538057742782,0.40607424071991,0.5188976377952756,2020-09-27,0.47244094488188976,60.0,179.83333333333334
2020-09-27,179.83333333333334,60,0.47244094488188976,0.47244094488188976,0.6141732283464567,0.7086614173228346,0.09448818897637795,0.5984251968503936,0.3790776152980877,0.5078740157480315,2020-09-28,0.5511811023622047,70.0,207.04166666666663
2020-09-28,207.04166666666663,70,0.5511811023622047,0.5511811023622047,0.47244094488188976,0.6141732283464567,0.1732283464566929,0.5459317585301837,0.44431946006749146,0.49895013123359583,2020-09-29,0.7401574803149606,94.0,274.5416666666667
2020-09-29,274.5416666666667,94,0.7401574803149606,0.7401574803149606,0.5511811023622047,0.47244094488188976,0.2047244094488189,0.5879265091863517,0.5253093363329583,0.49685039370078743,2020-09-30,0.7244094488188977,92.0,269.1666666666667
2020-09-30,269.1666666666667,92,0.7244094488188977,0.7244094488188977,0.7401574803149606,0.5511811023622047,0.3858267716535433,0.6719160104986877,0.5995500562429695,0.49711286089238843,2020-10-01,0.6929133858267716,88.0,259.0
2020-10-01,259.0,88,0.6929133858267716,0.6929133858267716,0.7244094488188977,0.7401574803149606,0.7086614173228346,0.7191601049868767,0.6434195725534307,0.5034120734908136,2020-10-02,0.6850393700787402,87.0,254.20833333333331
2020-10-02,254.20833333333331,87,0.6850393700787402,0.6850393700787402,0.6929133858267716,0.7244094488188977,0.6141732283464567,0.7007874015748031,0.6400449943757031,0.5162729658792651,2020-10-03,0.6771653543307087,86.0,251.75
2020-10-03,251.75,86,0.6771653543307087,0.6771653543307087,0.6850393700787402,0.6929133858267716,0.47244094488188976,0.6850393700787402,0.6490438695163104,0.5241469816272966,2020-10-04,0.6456692913385826,82.0,240.95833333333331
2020-10-04,240.95833333333331,82,0.6456692913385826,0.6456692913385826,0.6771653543307087,0.6850393700787402,0.5511811023622047,0.6692913385826772,0.6737907761529808,0.5396325459317585,2020-10-05,0.6535433070866141,83.0,243.95833333333331
2020-10-05,243.95833333333331,83,0.6535433070866141,0.6535433070866141,0.6456692913385826,0.6771653543307087,0.7401574803149606,0.6587926509186351,0.6884139482564678,0.5454068241469816,2020-10-06,0.5669291338582677,72.0,213.70833333333331
2020-10-06,213.70833333333331,72,0.5669291338582677,0.5669291338582677,0.6535433070866141,0.6456692913385826,0.7244094488188977,0.6220472440944881,0.6636670416197975,0.5404199475065617,2020-10-07,0.6377952755905512,81.0,239.875
2020-10-07,239.875,81,0.6377952755905512,0.6377952755905512,0.5669291338582677,0.6535433070866141,0.6929133858267716,0.6194225721784777,0.6512935883014622,0.5356955380577427,2020-10-08,0.4251968503937008,54.0,161.79166666666666
2020-10-08,161.79166666666666,54,0.4251968503937008,0.4251968503937008,0.6377952755905512,0.5669291338582677,0.6850393700787402,0.5433070866141733,0.6130483689538807,0.5404199475065617,2020-10-09,0.4015748031496063,51.0,155.20833333333334
2020-10-09,155.20833333333334,51,0.4015748031496063,0.4015748031496063,0.4251968503937008,0.6377952755905512,0.6771653543307087,0.4881889763779528,0.5725534308211474,0.5496062992125984,2020-10-10,0.6299212598425197,80.0,235.95833333333331
2020-10-10,235.95833333333331,80,0.6299212598425197,0.6299212598425197,0.4015748031496063,0.4251968503937008,0.6456692913385826,0.48556430446194226,0.5658042744656917,0.562729658792651,2020-10-11,0.6377952755905512,81.0,237.5
2020-10-11,237.5,81,0.6377952755905512,0.6377952755905512,0.6299212598425197,0.4015748031496063,0.6535433070866141,0.5564304461942257,0.5646794150731157,0.5650918635170604,2020-10-12,0.6141732283464567,78.0,229.66666666666663
2020-10-12,229.66666666666663,78,0.6141732283464567,0.6141732283464567,0.6377952755905512,0.6299212598425197,0.5669291338582677,0.6272965879265092,0.5590551181102362,0.5611548556430447,2020-10-13,0.6299212598425197,80.0,235.41666666666663
2020-10-13,235.41666666666663,80,0.6299212598425197,0.6299212598425197,0.6141732283464567,0.6377952755905512,0.6377952755905512,0.6272965879265092,0.5680539932508435,0.558005249343832,2020-10-14,0.6141732283464567,78.0,230.58333333333331
2020-10-14,230.58333333333331,78,0.6141732283464567,0.6141732283464567,0.6299212598425197,0.6141732283464567,0.4251968503937008,0.6194225721784777,0.5646794150731158,0.5564304461942257,2020-10-15,0.3464566929133858,44.0,135.125
2020-10-15,135.125,44,0.3464566929133858,0.3464566929133858,0.6141732283464567,0.6299212598425197,0.4015748031496063,0.5301837270341208,0.5534308211473565,0.5493438320209975,2020-10-16,0.5826771653543307,74.0,220.29166666666663
2020-10-16,220.29166666666663,74,0.5826771653543307,0.5826771653543307,0.3464566929133858,0.6141732283464567,0.6299212598425197,0.5144356955380577,0.5793025871766029,0.55249343832021,2020-10-17,0.33858267716535434,43.0,132.08333333333334
2020-10-17,132.08333333333334,43,0.33858267716535434,0.33858267716535434,0.5826771653543307,0.3464566929133858,0.6377952755905512,0.4225721784776903,0.5376827896512936,0.5493438320209972,2020-10-18,0.5984251968503937,76.0,225.04166666666663
2020-10-18,225.04166666666663,76,0.5984251968503937,0.5984251968503937,0.33858267716535434,0.5826771653543307,0.6141732283464567,0.5065616797900262,0.5320584926884139,0.5459317585301837,2020-10-19,0.5039370078740157,64.0,192.41666666666663
2020-10-19,192.41666666666663,64,0.5039370078740157,0.5039370078740157,0.5984251968503937,0.33858267716535434,0.6299212598425197,0.4803149606299213,0.5163104611923509,0.5404199475065617,2020-10-20,0.4881889763779528,62.0,185.58333333333331
2020-10-20,185.58333333333331,62,0.4881889763779528,0.4881889763779528,0.5039370078740157,0.5984251968503937,0.6141732283464567,0.5301837270341208,0.49606299212598426,0.5346456692913385,2020-10-21,0.4566929133858268,58.0,174.08333333333334
2020-10-21,174.08333333333334,58,0.4566929133858268,0.4566929133858268,0.4881889763779528,0.5039370078740157,0.3464566929133858,0.4829396325459318,0.4735658042744656,0.5467191601049869,2020-10-22,0.49606299212598426,63.0,189.54166666666663
2020-10-22,189.54166666666663,63,0.49606299212598426,0.49606299212598426,0.4566929133858268,0.4881889763779528,0.5826771653543307,0.4803149606299213,0.49493813273340825,0.5574803149606299,2020-10-23,0.30708661417322836,39.0,121.41666666666669
2020-10-23,121.41666666666669,39,0.30708661417322836,0.30708661417322836,0.49606299212598426,0.4566929133858268,0.33858267716535434,0.4199475065616798,0.4555680539932508,0.5608923884514436,2020-10-24,0.4094488188976378,52.0,157.20833333333334
2020-10-24,157.20833333333334,52,0.4094488188976378,0.4094488188976378,0.30708661417322836,0.49606299212598426,0.5984251968503937,0.4041994750656168,0.4656917885264341,0.5616797900262467,2020-10-25,0.33070866141732286,42.0,128.29166666666666
2020-10-25,128.29166666666666,42,0.33070866141732286,0.33070866141732286,0.4094488188976378,0.30708661417322836,0.5039370078740157,0.3490813648293963,0.42744656917885265,0.5490813648293963,2020-10-26,0.11811023622047244,15.0,54.625
2020-10-26,54.625,15,0.11811023622047244,0.11811023622047244,0.33070866141732286,0.4094488188976378,0.4881889763779528,0.28608923884514437,0.37232845894263217,0.5325459317585302,2020-10-27,0.09448818897637795,12.0,44.583333333333336
2020-10-27,44.583333333333336,12,0.09448818897637795,0.09448818897637795,0.11811023622047244,0.33070866141732286,0.4566929133858268,0.18110236220472442,0.31608548931383573,0.5199475065616798,2020-10-28,0.47244094488188976,60.0,181.20833333333331
2020-10-28,181.20833333333331,60,0.47244094488188976,0.47244094488188976,0.09448818897637795,0.11811023622047244,0.49606299212598426,0.2283464566929134,0.3183352080989876,0.5173228346456693,2020-10-29,0.5669291338582677,72.0,214.20833333333331
2020-10-29,214.20833333333331,72,0.5669291338582677,0.5669291338582677,0.47244094488188976,0.09448818897637795,0.30708661417322836,0.3779527559055118,0.3284589426321709,0.5115485564304463,2020-10-30,0.5748031496062992,73.0,217.625
2020-10-30,217.625,73,0.5748031496062992,0.5748031496062992,0.5669291338582677,0.47244094488188976,0.4094488188976378,0.5380577427821521,0.3667041619797525,0.5065616797900262,2020-10-31,0.5669291338582677,72.0,214.375
2020-10-31,214.375,72,0.5669291338582677,0.5669291338582677,0.5748031496062992,0.5669291338582677,0.33070866141732286,0.5695538057742782,0.389201349831271,0.5023622047244094,2020-11-01,0.5354330708661418,68.0,202.0
2020-11-01,202.0,68,0.5354330708661418,0.5354330708661418,0.5669291338582677,0.5748031496062992,0.11811023622047244,0.5590551181102362,0.41844769403824517,0.4973753280839895,2020-11-02,0.5669291338582677,72.0,212.83333333333331
2020-11-02,212.83333333333331,72,0.5669291338582677,0.5669291338582677,0.5354330708661418,0.5669291338582677,0.09448818897637795,0.5564304461942258,0.48256467941507303,0.4937007874015748,2020-11-03,0.5511811023622047,70.0,208.08333333333331
2020-11-03,208.08333333333331,70,0.5511811023622047,0.5511811023622047,0.5669291338582677,0.5354330708661418,0.47244094488188976,0.5511811023622047,0.5478065241844768,0.49055118110236223,2020-11-04,0.5433070866141733,69.0,205.45833333333331
2020-11-04,205.45833333333331,69,0.5433070866141733,0.5433070866141733,0.5511811023622047,0.5669291338582677,0.5669291338582677,0.5538057742782153,0.5579302587176602,0.4868766404199475,2020-11-05,0.4645669291338583,59.0,177.04166666666666
2020-11-05,177.04166666666666,59,0.4645669291338583,0.4645669291338583,0.5433070866141733,0.5511811023622047,0.5748031496062992,0.5196850393700788,0.5433070866141732,0.48346456692913387,2020-11-06,0.3858267716535433,49.0,149.0
2020-11-06,149.0,49,0.3858267716535433,0.3858267716535433,0.4645669291338583,0.5433070866141733,0.5669291338582677,0.4645669291338583,0.5163104611923509,0.47506561679790027,2020-11-07,0.5196850393700787,66.0,197.375
2020-11-07,197.375,66,0.5196850393700787,0.5196850393700787,0.3858267716535433,0.4645669291338583,0.5354330708661418,0.4566929133858268,0.5095613048368953,0.4782152230971129,2020-11-08,0.41732283464566927,53.0,161.125
2020-11-08,161.125,53,0.41732283464566927,0.41732283464566927,0.5196850393700787,0.3858267716535433,0.5669291338582677,0.4409448818897637,0.4926884139482564,0.47874015748031495,2020-11-09,0.4645669291338583,59.0,176.29166666666666
2020-11-09,176.29166666666666,59,0.4645669291338583,0.4645669291338583,0.41732283464566927,0.5196850393700787,0.5511811023622047,0.46719160104986873,0.47806524184476934,0.473228346456693,2020-11-10,0.31496062992125984,40.0,124.75
2020-11-10,124.75,40,0.31496062992125984,0.31496062992125984,0.4645669291338583,0.41732283464566927,0.5433070866141733,0.39895013123359585,0.4443194600674915,0.4624671916010499,2020-11-11,0.5039370078740157,64.0,190.5
2020-11-11,190.5,64,0.5039370078740157,0.5039370078740157,0.31496062992125984,0.4645669291338583,0.4645669291338583,0.42782152230971127,0.43869516310461193,0.4587926509186352,2020-11-12,0.3937007874015748,50.0,152.20833333333334
2020-11-12,152.20833333333334,50,0.3937007874015748,0.3937007874015748,0.5039370078740157,0.31496062992125984,0.3858267716535433,0.4041994750656168,0.4285714285714285,0.4509186351706037,2020-11-13,0.2992125984251969,38.0,117.08333333333331
2020-11-13,117.08333333333331,38,0.2992125984251969,0.2992125984251969,0.3937007874015748,0.5039370078740157,0.5196850393700787,0.39895013123359585,0.4161979752530933,0.44041994750656166,2020-11-14,0.3543307086614173,45.0,137.29166666666666
2020-11-14,137.29166666666666,45,0.3543307086614173,0.3543307086614173,0.2992125984251969,0.3937007874015748,0.41732283464566927,0.3490813648293963,0.3925759280089988,0.4406824146981627,2020-11-15,0.5196850393700787,66.0,196.04166666666663
2020-11-15,196.04166666666663,66,0.5196850393700787,0.5196850393700787,0.3543307086614173,0.2992125984251969,0.4645669291338583,0.39107611548556437,0.40719910011248583,0.4385826771653543,2020-11-16,0.5118110236220472,65.0,193.83333333333331
2020-11-16,193.83333333333331,65,0.5118110236220472,0.5118110236220472,0.5196850393700787,0.3543307086614173,0.31496062992125984,0.4619422572178477,0.4139482564679414,0.4443569553805774,2020-11-17,0.5039370078740157,64.0,191.25
2020-11-17,191.25,64,0.5039370078740157,0.5039370078740157,0.5118110236220472,0.5196850393700787,0.5039370078740157,0.5118110236220472,0.4409448818897637,0.44120734908136483,2020-11-18,0.48031496062992124,61.0,182.70833333333331
2020-11-18,182.70833333333331,61,0.48031496062992124,0.48031496062992124,0.5039370078740157,0.5118110236220472,0.3937007874015748,0.49868766404199477,0.4375703037120359,0.44041994750656166,2020-11-19,0.4566929133858268,58.0,174.375
2020-11-19,174.375,58,0.4566929133858268,0.4566929133858268,0.48031496062992124,0.5039370078740157,0.2992125984251969,0.4803149606299213,0.4465691788526434,0.4393700787401575,2020-11-20,0.41732283464566927,53.0,159.95833333333334
2020-11-20,159.95833333333334,53,0.41732283464566927,0.41732283464566927,0.4566929133858268,0.48031496062992124,0.3543307086614173,0.45144356955380577,0.4634420697412822,0.4380577427821522,2020-11-21,0.2677165354330709,34.0,108.08333333333331
2020-11-21,108.08333333333331,34,0.2677165354330709,0.2677165354330709,0.41732283464566927,0.4566929133858268,0.5196850393700787,0.3805774278215223,0.4510686164229471,0.4304461942257217,2020-11-22,0.25984251968503935,33.0,104.625
2020-11-22,104.625,33,0.25984251968503935,0.25984251968503935,0.2677165354330709,0.41732283464566927,0.5118110236220472,0.31496062992125984,0.4139482564679414,0.4288713910761155,2020-11-23,0.2992125984251969,38.0,118.79166666666669
2020-11-23,118.79166666666669,38,0.2992125984251969,0.2992125984251969,0.25984251968503935,0.2677165354330709,0.5039370078740157,0.2755905511811024,0.3835770528683914,0.4251968503937008,2020-11-24,0.25196850393700787,32.0,100.54166666666669
2020-11-24,100.54166666666669,32,0.25196850393700787,0.25196850393700787,0.2992125984251969,0.25984251968503935,0.48031496062992124,0.27034120734908135,0.3475815523059617,0.42257217847769024,2020-11-25,0.44881889763779526,57.0,171.375
2020-11-25,171.375,57,0.44881889763779526,0.44881889763779526,0.25196850393700787,0.2992125984251969,0.4566929133858268,0.3333333333333333,0.3430821147356579,0.4335958005249344,2020-11-26,0.3228346456692913,41.0,126.16666666666669
2020-11-26,126.16666666666669,41,0.3228346456692913,0.3228346456692913,0.44881889763779526,0.25196850393700787,0.41732283464566927,0.3412073490813648,0.3239595050618672,0.44120734908136483,2020-11-27,0.031496062992125984,4.0,24.45833333333333
2020-11-27,24.45833333333333,4,0.031496062992125984,0.031496062992125984,0.3228346456692913,0.44881889763779526,0.2677165354330709,0.26771653543307083,0.26884139482564673,0.42650918635170604,2020-11-28,0.007874015748031496,1.0,14.333333333333334
2020-11-28,14.333333333333334,1,0.007874015748031496,0.007874015748031496,0.031496062992125984,0.3228346456692913,0.25984251968503935,0.12073490813648292,0.2317210348706411,0.4078740157480315,2020-11-29,0.29133858267716534,37.0,115.20833333333331
2020-11-29,115.20833333333331,37,0.29133858267716534,0.29133858267716534,0.007874015748031496,0.031496062992125984,0.2992125984251969,0.11023622047244093,0.23622047244094482,0.3984251968503937,2020-11-30,0.4881889763779528,62.0,185.45833333333331
2020-11-30,185.45833333333331,62,0.4881889763779528,0.4881889763779528,0.29133858267716534,0.007874015748031496,0.25196850393700787,0.26246719160104987,0.2632170978627671,0.3958005249343832,2020-12-01,0.4645669291338583,59.0,177.41666666666666
2020-12-01,177.41666666666666,59,0.4645669291338583,0.4645669291338583,0.4881889763779528,0.29133858267716534,0.44881889763779526,0.4146981627296588,0.2935883014623171,0.3934383202099737,2020-12-02,0.16535433070866143,21.0,71.08333333333333
2020-12-02,71.08333333333333,21,0.16535433070866143,0.16535433070866143,0.4645669291338583,0.4881889763779528,0.3228346456692913,0.37270341207349084,0.2530933633295837,0.38005249343832026,2020-12-03,0.4015748031496063,51.0,154.0
2020-12-03,154.0,51,0.4015748031496063,0.4015748031496063,0.16535433070866143,0.4645669291338583,0.031496062992125984,0.3438320209973753,0.26434195725534304,0.37506561679790024,2020-12-04,0.44881889763779526,57.0,170.16666666666666
2020-12-04,170.16666666666666,57,0.44881889763779526,0.44881889763779526,0.4015748031496063,0.16535433070866143,0.007874015748031496,0.33858267716535434,0.3239595050618672,0.37191601049868767,2020-12-05,0.031496062992125984,4.0,24.25
2020-12-05,24.25,4,0.031496062992125984,0.031496062992125984,0.44881889763779526,0.4015748031496063,0.29133858267716534,0.29396325459317585,0.32733408323959495,0.3574803149606299,2020-12-06,0.4409448818897638,56.0,167.45833333333334
2020-12-06,167.45833333333334,56,0.4409448818897638,0.4409448818897638,0.031496062992125984,0.44881889763779526,0.4881889763779528,0.3070866141732283,0.3487064116985376,0.3593175853018373,2020-12-07,0.44881889763779526,57.0,170.20833333333334
2020-12-07,170.20833333333334,57,0.44881889763779526,0.44881889763779526,0.4409448818897638,0.031496062992125984,0.4645669291338583,0.3070866141732283,0.34308211473565803,0.35695538057742776,2020-12-08,0.44881889763779526,57.0,170.79166666666666
2020-12-08,170.79166666666666,57,0.44881889763779526,0.44881889763779526,0.44881889763779526,0.4409448818897638,0.16535433070866143,0.4461942257217848,0.3408323959505061,0.35800524934383204,2020-12-09,0.44881889763779526,57.0,172.375
2020-12-09,172.375,57,0.44881889763779526,0.44881889763779526,0.44881889763779526,0.44881889763779526,0.4015748031496063,0.44881889763779526,0.3813273340832395,0.35748031496062993,2020-12-10,0.4330708661417323,55.0,164.79166666666666
2020-12-10,164.79166666666666,55,0.4330708661417323,0.4330708661417323,0.44881889763779526,0.44881889763779526,0.44881889763779526,0.4435695538057743,0.38582677165354323,0.36141732283464567,2020-12-11,0.07086614173228346,9.0,37.79166666666666
2020-12-11,37.79166666666666,9,0.07086614173228346,0.07086614173228346,0.4330708661417323,0.44881889763779526,0.031496062992125984,0.31758530183727035,0.3318335208098987,0.34698162729658794,2020-12-12,0.41732283464566927,53.0,159.16666666666666
2020-12-12,159.16666666666666,53,0.41732283464566927,0.41732283464566927,0.07086614173228346,0.4330708661417323,0.4409448818897638,0.3070866141732283,0.3869516310461192,0.34776902887139105,2020-12-13,0.13385826771653545,17.0,59.04166666666666
2020-12-13,59.04166666666666,17,0.13385826771653545,0.13385826771653545,0.41732283464566927,0.07086614173228346,0.44881889763779526,0.2073490813648294,0.3430821147356579,0.342257217847769,2020-12-14,0.2755905511811024,35.0,110.45833333333331
2020-12-14,110.45833333333331,35,0.2755905511811024,0.2755905511811024,0.13385826771653545,0.41732283464566927,0.44881889763779526,0.2755905511811024,0.3183352080989876,0.3396325459317585,2020-12-15,0.2125984251968504,27.0,87.58333333333333
2020-12-15,87.58333333333333,27,0.2125984251968504,0.2125984251968504,0.2755905511811024,0.13385826771653545,0.44881889763779526,0.2073490813648294,0.28458942632170975,0.3293963254593176,2020-12-16,0.4409448818897638,56.0,168.16666666666666
2020-12-16,168.16666666666666,56,0.4409448818897638,0.4409448818897638,0.2125984251968504,0.2755905511811024,0.4330708661417323,0.30971128608923887,0.2834645669291338,0.3270341207349082,2020-12-17,0.4409448818897638,56.0,169.16666666666666
2020-12-17,169.16666666666666,56,0.4409448818897638,0.4409448818897638,0.4409448818897638,0.2125984251968504,0.07086614173228346,0.36482939632545924,0.28458942632170975,0.3249343832020998,2020-12-18,0.1889763779527559,24.0,78.04166666666667
2020-12-18,78.04166666666667,24,0.1889763779527559,0.1889763779527559,0.4409448818897638,0.4409448818897638,0.41732283464566927,0.35695538057742776,0.30146231721034866,0.31522309711286095,2020-12-19,0.16535433070866143,21.0,70.08333333333333
2020-12-19,70.08333333333333,21,0.16535433070866143,0.16535433070866143,0.1889763779527559,0.4409448818897638,0.13385826771653545,0.2650918635170604,0.26546681664791894,0.305511811023622,2020-12-20,0.4409448818897638,56.0,167.95833333333334
2020-12-20,167.95833333333334,56,0.4409448818897638,0.4409448818897638,0.16535433070866143,0.1889763779527559,0.2755905511811024,0.2650918635170603,0.30933633295838014,0.3062992125984252,2020-12-21,0.3779527559055118,48.0,146.33333333333334
2020-12-21,146.33333333333334,48,0.3779527559055118,0.3779527559055118,0.4409448818897638,0.16535433070866143,0.2125984251968504,0.32808398950131235,0.3239595050618672,0.3099737532808399,2020-12-22,0.3858267716535433,49.0,147.91666666666666
2020-12-22,147.91666666666666,49,0.3858267716535433,0.3858267716535433,0.3779527559055118,0.4409448818897638,0.4409448818897638,0.40157480314960625,0.34870641169853756,0.31417322834645667,2020-12-23,0.3228346456692913,41.0,126.16666666666669
2020-12-23,126.16666666666669,41,0.3228346456692913,0.3228346456692913,0.3858267716535433,0.3779527559055118,0.4409448818897638,0.3622047244094488,0.3318335208098987,0.31496062992125984,2020-12-24,0.44881889763779526,57.0,172.375
2020-12-24,172.375,57,0.44881889763779526,0.44881889763779526,0.3228346456692913,0.3858267716535433,0.1889763779527559,0.3858267716535433,0.3329583802024746,0.3215223097112861,2020-12-25,0.4251968503937008,54.0,164.20833333333334
2020-12-25,164.20833333333334,54,0.4251968503937008,0.4251968503937008,0.44881889763779526,0.3228346456692913,0.16535433070866143,0.39895013123359574,0.3667041619797525,0.3207349081364829,2020-12-26,0.4330708661417323,55.0,165.91666666666666
2020-12-26,165.91666666666666,55,0.4330708661417323,0.4330708661417323,0.4251968503937008,0.44881889763779526,0.4409448818897638,0.43569553805774275,0.404949381327334,0.32440944881889766,2020-12-27,0.4251968503937008,54.0,163.75
2020-12-27,163.75,54,0.4251968503937008,0.4251968503937008,0.4330708661417323,0.4251968503937008,0.3779527559055118,0.42782152230971127,0.40269966254218215,0.3375328083989501,2020-12-28,0.14960629921259844,19.0,64.79166666666667
2020-12-28,64.79166666666667,19,0.14960629921259844,0.14960629921259844,0.4251968503937008,0.4330708661417323,0.3858267716535433,0.3359580052493438,0.3700787401574802,0.342257217847769,2020-12-29,0.16535433070866143,21.0,71.08333333333333
2020-12-29,71.08333333333333,21,0.16535433070866143,0.16535433070866143,0.14960629921259844,0.4251968503937008,0.3228346456692913,0.24671916010498687,0.3385826771653543,0.3380577427821523,2020-12-30,0.09448818897637795,12.0,45.375
2020-12-30,45.375,12,0.09448818897637795,0.09448818897637795,0.16535433070866143,0.14960629921259844,0.44881889763779526,0.1364829396325459,0.3059617547806524,0.3249343832020998,2020-12-31,0.007874015748031496,1.0,15.666666666666666
2020-12-31,15.666666666666666,1,0.007874015748031496,0.007874015748031496,0.09448818897637795,0.16535433070866143,0.4251968503937008,0.08923884514435694,0.2429696287964004,0.30971128608923887,2021-01-01,0.4330708661417323,55.0,165.91666666666666
2021-01-01,165.91666666666666,55,0.4330708661417323,0.4330708661417323,0.007874015748031496,0.09448818897637795,0.4330708661417323,0.17847769028871388,0.24409448818897633,0.3186351706036745,2021-01-02,0.4409448818897638,56.0,170.0
2021-01-02,170.0,56,0.4409448818897638,0.4409448818897638,0.4330708661417323,0.007874015748031496,0.4251968503937008,0.29396325459317585,0.24521934758155225,0.31994750656167975,2021-01-03,0.44881889763779526,57.0,171.125
2021-01-03,171.125,57,0.44881889763779526,0.44881889763779526,0.4409448818897638,0.4330708661417323,0.14960629921259844,0.4409448818897637,0.24859392575928002,0.3199475065616798,2021-01-04,0.44881889763779526,57.0,170.25
2021-01-04,170.25,57,0.44881889763779526,0.44881889763779526,0.44881889763779526,0.4409448818897638,0.16535433070866143,0.44619422572178474,0.2913385826771653,0.33385826771653543,2021-01-05,0.41732283464566927,53.0,159.45833333333334
2021-01-05,159.45833333333334,53,0.41732283464566927,0.41732283464566927,0.44881889763779526,0.44881889763779526,0.09448818897637795,0.43832020997375326,0.32733408323959495,0.33307086614173226,2021-01-06,0.1968503937007874,25.0,80.83333333333333
2021-01-06,80.83333333333333,25,0.1968503937007874,0.1968503937007874,0.41732283464566927,0.44881889763779526,0.007874015748031496,0.3543307086614173,0.3419572553430821,0.3246719160104987,2021-01-07,0.4645669291338583,59.0,176.125
2021-01-07,176.125,59,0.4645669291338583,0.4645669291338583,0.1968503937007874,0.41732283464566927,0.4330708661417323,0.3595800524934383,0.4071991001124859,0.3251968503937007,2021-01-08,0.3700787401574803,47.0,144.54166666666666
2021-01-08,144.54166666666666,47,0.3700787401574803,0.3700787401574803,0.4645669291338583,0.1968503937007874,0.4409448818897638,0.3438320209973753,0.39820022497187846,0.3225721784776903,2021-01-09,0.41732283464566927,53.0,160.83333333333334
2021-01-09,160.83333333333334,53,0.41732283464566927,0.41732283464566927,0.3700787401574803,0.4645669291338583,0.44881889763779526,0.41732283464566927,0.39482564679415066,0.32204724409448815,2021-01-10,0.007874015748031496,1.0,16.333333333333332
2021-01-10,16.333333333333332,1,0.007874015748031496,0.007874015748031496,0.41732283464566927,0.3700787401574803,0.44881889763779526,0.2650918635170604,0.3318335208098987,0.31994750656167975,2021-01-11,0.4566929133858268,58.0,175.08333333333334
2021-01-11,175.08333333333334,58,0.4566929133858268,0.4566929133858268,0.007874015748031496,0.41732283464566927,0.41732283464566927,0.29396325459317585,0.3329583802024746,0.32125984251968503,2021-01-12,0.33070866141732286,42.0,130.25
2021-01-12,130.25,42,0.33070866141732286,0.33070866141732286,0.4566929133858268,0.007874015748031496,0.1968503937007874,0.2650918635170604,0.3205849268841394,0.3278215223097113,2021-01-13,0.48031496062992124,61.0,181.45833333333331
2021-01-13,181.45833333333331,61,0.48031496062992124,0.48031496062992124,0.33070866141732286,0.4566929133858268,0.4645669291338583,0.4225721784776903,0.36107986501687284,0.33464566929133865,2021-01-14,0.4645669291338583,59.0,176.875
2021-01-14,176.875,59,0.4645669291338583,0.4645669291338583,0.48031496062992124,0.33070866141732286,0.3700787401574803,0.42519685039370075,0.36107986501687284,0.34304461942257214,2021-01-15,0.4881889763779528,62.0,186.16666666666663
2021-01-15,186.16666666666663,62,0.4881889763779528,0.4881889763779528,0.4645669291338583,0.48031496062992124,0.41732283464566927,0.4776902887139108,0.37795275590551175,0.3446194225721785,2021-01-16,0.4881889763779528,62.0,184.70833333333331
2021-01-16,184.70833333333331,62,0.4881889763779528,0.4881889763779528,0.4881889763779528,0.4645669291338583,0.007874015748031496,0.4803149606299213,0.38807649043869513,0.34619422572178477,2021-01-17,0.47244094488188976,60.0,179.875
2021-01-17,179.875,60,0.47244094488188976,0.47244094488188976,0.4881889763779528,0.4881889763779528,0.4566929133858268,0.4829396325459318,0.4544431946006749,0.35564304461942253,2021-01-18,0.44881889763779526,57.0,170.79166666666666
2021-01-18,170.79166666666666,57,0.44881889763779526,0.44881889763779526,0.47244094488188976,0.4881889763779528,0.33070866141732286,0.46981627296587924,0.45331833520809894,0.36509186351706036,2021-01-19,0.08661417322834646,11.0,42.833333333333336
2021-01-19,42.833333333333336,11,0.08661417322834646,0.08661417322834646,0.44881889763779526,0.47244094488188976,0.48031496062992124,0.3359580052493438,0.41844769403824517,0.35328083989501313,2021-01-20,0.14960629921259844,19.0,64.125
2021-01-20,64.125,19,0.14960629921259844,0.14960629921259844,0.08661417322834646,0.44881889763779526,0.4645669291338583,0.22834645669291334,0.3712035995500562,0.34566929133858265,2021-01-21,0.11023622047244094,14.0,50.458333333333336
2021-01-21,50.458333333333336,14,0.11023622047244094,0.11023622047244094,0.14960629921259844,0.08661417322834646,0.4881889763779528,0.11548556430446195,0.3205849268841394,0.33648293963254594,2021-01-22,0.3937007874015748,50.0,150.625
2021-01-22,150.625,50,0.3937007874015748,0.3937007874015748,0.11023622047244094,0.14960629921259844,0.4881889763779528,0.21784776902887137,0.3070866141732283,0.33884514435695545,2021-01-23,0.1889763779527559,24.0,80.29166666666667
2021-01-23,80.29166666666667,24,0.1889763779527559,0.1889763779527559,0.3937007874015748,0.11023622047244094,0.47244094488188976,0.2309711286089239,0.264341957255343,0.33018372703412074,2021-01-24,0.047244094488188976,6.0,28.291666666666668
2021-01-24,28.291666666666668,6,0.047244094488188976,0.047244094488188976,0.1889763779527559,0.3937007874015748,0.44881889763779526,0.2099737532808399,0.2035995500562429,0.31758530183727035,2021-01-25,0.3464566929133858,44.0,134.70833333333334
2021-01-25,134.70833333333334,44,0.3464566929133858,0.3464566929133858,0.047244094488188976,0.1889763779527559,0.08661417322834646,0.1942257217847769,0.18897637795275582,0.3146981627296588,2021-01-26,0.4881889763779528,62.0,184.375
2021-01-26,184.375,62,0.4881889763779528,0.4881889763779528,0.3464566929133858,0.047244094488188976,0.14960629921259844,0.29396325459317585,0.24634420697412818,0.31679790026246724,2021-01-27,0.44881889763779526,57.0,171.20833333333334
2021-01-27,171.20833333333334,57,0.44881889763779526,0.44881889763779526,0.4881889763779528,0.3464566929133858,0.11023622047244094,0.42782152230971127,0.28908886389201344,0.3267716535433071,2021-01-28,0.3779527559055118,48.0,146.45833333333334
2021-01-28,146.45833333333334,48,0.3779527559055118,0.3779527559055118,0.44881889763779526,0.4881889763779528,0.3937007874015748,0.43832020997375326,0.32733408323959495,0.33385826771653543,2021-01-29,0.4566929133858268,58.0,175.04166666666666
2021-01-29,175.04166666666666,58,0.4566929133858268,0.4566929133858268,0.3779527559055118,0.44881889763779526,0.1889763779527559,0.42782152230971127,0.3363329583802024,0.3459317585301837,2021-01-30,0.25984251968503935,33.0,105.41666666666669
2021-01-30,105.41666666666669,33,0.25984251968503935,0.25984251968503935,0.4566929133858268,0.3779527559055118,0.047244094488188976,0.36482939632545935,0.3464566929133857,0.3543307086614173,2021-01-31,0.5354330708661418,68.0,203.66666666666663
2021-01-31,203.66666666666663,68,0.5354330708661418,0.5354330708661418,0.25984251968503935,0.4566929133858268,0.3464566929133858,0.41732283464566927,0.41619797525309327,0.357742782152231,2021-02-01,0.5511811023622047,70.0,208.625
2021-02-01,208.625,70,0.5511811023622047,0.5511811023622047,0.5354330708661418,0.25984251968503935,0.4881889763779528,0.4488188976377952,0.44544431946006746,0.36141732283464567,2021-02-02,0.5354330708661418,68.0,202.04166666666663
2021-02-02,202.04166666666663,68,0.5354330708661418,0.5354330708661418,0.5511811023622047,0.5354330708661418,0.44881889763779526,0.5406824146981627,0.452193475815523,0.36430446194225724,2021-02-03,0.5196850393700787,66.0,197.33333333333331
2021-02-03,197.33333333333331,66,0.5196850393700787,0.5196850393700787,0.5354330708661418,0.5511811023622047,0.3779527559055118,0.5354330708661418,0.4623172103487064,0.36666666666666664,2021-02-04,0.41732283464566927,53.0,160.58333333333334
2021-02-04,160.58333333333334,53,0.41732283464566927,0.41732283464566927,0.5196850393700787,0.5354330708661418,0.4566929133858268,0.4908136482939632,0.46794150731158596,0.36666666666666664,2021-02-05,0.30708661417322836,39.0,120.875
2021-02-05,120.875,39,0.30708661417322836,0.30708661417322836,0.41732283464566927,0.5196850393700787,0.25984251968503935,0.4146981627296588,0.4465691788526434,0.3703412073490814,2021-02-06,0.5039370078740157,64.0,190.375
2021-02-06,190.375,64,0.5039370078740157,0.5039370078740157,0.30708661417322836,0.41732283464566927,0.5354330708661418,0.4094488188976378,0.48143982002249713,0.37165354330708666,2021-02-07,0.5748031496062992,73.0,216.95833333333331
2021-02-07,216.95833333333331,73,0.5748031496062992,0.5748031496062992,0.5039370078740157,0.30708661417322836,0.5511811023622047,0.4619422572178478,0.4870641169853767,0.37847769028871386,2021-02-08,0.33070866141732286,42.0,129.08333333333334
2021-02-08,129.08333333333334,42,0.33070866141732286,0.33070866141732286,0.5748031496062992,0.5039370078740157,0.5354330708661418,0.46981627296587924,0.4555680539932508,0.3755905511811024,2021-02-09,0.4015748031496063,51.0,153.58333333333334
2021-02-09,153.58333333333334,51,0.4015748031496063,0.4015748031496063,0.33070866141732286,0.5748031496062992,0.5196850393700787,0.43569553805774275,0.43644544431946,0.38871391076115486,2021-02-10,0.2992125984251969,38.0,119.41666666666669
2021-02-10,119.41666666666669,38,0.2992125984251969,0.2992125984251969,0.4015748031496063,0.33070866141732286,0.41732283464566927,0.3438320209973753,0.404949381327334,0.38346456692913383,2021-02-11,0.023622047244094488,3.0,20.70833333333333
2021-02-11,20.70833333333333,3,0.023622047244094488,0.023622047244094488,0.2992125984251969,0.4015748031496063,0.30708661417322836,0.24146981627296585,0.3487064116985376,0.3732283464566929,2021-02-12,0.2204724409448819,28.0,90.95833333333331
2021-02-12,90.95833333333331,28,0.2204724409448819,0.2204724409448819,0.023622047244094488,0.2992125984251969,0.5039370078740157,0.18110236220472442,0.3363329583802024,0.3645669291338583,2021-02-13,0.14960629921259844,19.0,64.875
2021-02-13,64.875,19,0.14960629921259844,0.14960629921259844,0.2204724409448819,0.023622047244094488,0.5748031496062992,0.13123359580052493,0.28571428571428564,0.3540682414698163,2021-02-14,0.07086614173228346,9.0,36.625
2021-02-14,36.625,9,0.07086614173228346,0.07086614173228346,0.14960629921259844,0.2204724409448819,0.33070866141732286,0.14698162729658792,0.2137232845894263,0.3401574803149607,2021-02-15,0.5748031496062992,73.0,214.875
2021-02-15,214.875,73,0.5748031496062992,0.5748031496062992,0.07086614173228346,0.14960629921259844,0.4015748031496063,0.2650918635170603,0.24859392575928002,0.34304461942257214,2021-02-16,0.5905511811023622,75.0,222.16666666666663
2021-02-16,222.16666666666663,75,0.5905511811023622,0.5905511811023622,0.5748031496062992,0.07086614173228346,0.2992125984251969,0.4120734908136483,0.27559055118110226,0.34698162729658794,2021-02-17,0.30708661417322836,39.0,121.375
2021-02-17,121.375,39,0.30708661417322836,0.30708661417322836,0.5905511811023622,0.5748031496062992,0.023622047244094488,0.4908136482939633,0.27671541057367827,0.342257217847769,2021-02-18,0.4566929133858268,58.0,172.95833333333334
2021-02-18,172.95833333333334,58,0.4566929133858268,0.4566929133858268,0.30708661417322836,0.5905511811023622,0.2204724409448819,0.45144356955380577,0.3385826771653543,0.3545931758530184,2021-02-19,0.6692913385826772,85.0,249.16666666666663
2021-02-19,249.16666666666663,85,0.6692913385826772,0.6692913385826772,0.4566929133858268,0.30708661417322836,0.14960629921259844,0.4776902887139108,0.40269966254218215,0.37191601049868767,2021-02-20,0.6377952755905512,81.0,239.0
2021-02-20,239.0,81,0.6377952755905512,0.6377952755905512,0.6692913385826772,0.4566929133858268,0.07086614173228346,0.5879265091863517,0.4724409448818897,0.389501312335958,2021-02-21,0.48031496062992124,61.0,183.125
2021-02-21,183.125,61,0.48031496062992124,0.48031496062992124,0.6377952755905512,0.6692913385826772,0.5748031496062992,0.5958005249343832,0.530933633295838,0.3923884514435695,2021-02-22,0.6614173228346457,84.0,246.54166666666663
2021-02-22,246.54166666666663,84,0.6614173228346457,0.6614173228346457,0.48031496062992124,0.6377952755905512,0.5905511811023622,0.5931758530183727,0.5433070866141732,0.4081364829396325,2021-02-23,0.6377952755905512,81.0,237.70833333333331
2021-02-23,237.70833333333331,81,0.6377952755905512,0.6377952755905512,0.6614173228346457,0.48031496062992124,0.30708661417322836,0.5931758530183727,0.5500562429696287,0.4278215223097113,2021-02-24,0.48031496062992124,61.0,182.625
2021-02-24,182.625,61,0.48031496062992124,0.48031496062992124,0.6377952755905512,0.6614173228346457,0.4566929133858268,0.5931758530183727,0.5748031496062991,0.4322834645669291,2021-02-25,0.11811023622047244,15.0,52.833333333333336
2021-02-25,52.833333333333336,15,0.11811023622047244,0.11811023622047244,0.48031496062992124,0.6377952755905512,0.6692913385826772,0.4120734908136483,0.5264341957255342,0.41994750656167973,2021-02-26,0.2440944881889764,31.0,99.29166666666669
2021-02-26,99.29166666666669,31,0.2440944881889764,0.2440944881889764,0.11811023622047244,0.48031496062992124,0.6377952755905512,0.2808398950131234,0.46569178852643406,0.41312335958005253,2021-02-27,0.23622047244094488,30.0,94.79166666666669
2021-02-27,94.79166666666669,30,0.23622047244094488,0.23622047244094488,0.2440944881889764,0.11811023622047244,0.48031496062992124,0.19947506561679793,0.4083239595050618,0.40839895013123356,2021-02-28,0.11023622047244094,14.0,51.5
2021-02-28,51.5,14,0.11023622047244094,0.11023622047244094,0.23622047244094488,0.2440944881889764,0.6614173228346457,0.1968503937007874,0.3554555680539932,0.3968503937007874,2021-03-01,0.11023622047244094,14.0,50.29166666666666
2021-03-01,50.29166666666666,14,0.11023622047244094,0.11023622047244094,0.11023622047244094,0.23622047244094488,0.6377952755905512,0.15223097112860892,0.2767154105736782,0.3918635170603675,2021-03-02,0.6929133858267716,88.0,259.3333333333333
2021-03-02,259.3333333333333,88,0.6929133858267716,0.6929133858267716,0.11023622047244094,0.11023622047244094,0.48031496062992124,0.30446194225721784,0.28458942632170975,0.39711286089238845,2021-03-03,0.6929133858267716,88.0,256.7916666666667
2021-03-03,256.7916666666667,88,0.6929133858267716,0.6929133858267716,0.6929133858267716,0.11023622047244094,0.11811023622047244,0.49868766404199477,0.3149606299212598,0.40183727034120736,2021-03-04,0.6614173228346457,84.0,248.25
2021-03-04,248.25,84,0.6614173228346457,0.6614173228346457,0.6929133858267716,0.6929133858267716,0.2440944881889764,0.6824146981627296,0.3925759280089988,0.40603674540682416,2021-03-05,0.6456692913385826,82.0,241.91666666666663
2021-03-05,241.91666666666663,82,0.6456692913385826,0.6456692913385826,0.6614173228346457,0.6929133858267716,0.23622047244094488,0.6666666666666666,0.44994375703037115,0.41023622047244096,2021-03-06,0.6929133858267716,88.0,257.9583333333333
2021-03-06,257.9583333333333,88,0.6929133858267716,0.6929133858267716,0.6456692913385826,0.6614173228346457,0.11023622047244094,0.6666666666666666,0.515185601799775,0.41942257217847767,2021-03-07,0.7244094488188977,92.0,268.75
2021-03-07,268.75,92,0.7244094488188977,0.7244094488188977,0.6929133858267716,0.6456692913385826,0.11023622047244094,0.6876640419947506,0.6029246344206973,0.43333333333333335,2021-03-08,0.4645669291338583,59.0,178.33333333333334
2021-03-08,178.33333333333334,59,0.4645669291338583,0.4645669291338583,0.7244094488188977,0.6929133858267716,0.6929133858267716,0.6272965879265092,0.6535433070866141,0.43202099737532806,2021-03-09,0.31496062992125984,40.0,123.70833333333331
2021-03-09,123.70833333333331,40,0.31496062992125984,0.31496062992125984,0.4645669291338583,0.7244094488188977,0.6929133858267716,0.5013123359580053,0.5995500562429695,0.42335958005249347,2021-03-10,0.4330708661417323,55.0,165.91666666666666
2021-03-10,165.91666666666666,55,0.4330708661417323,0.4330708661417323,0.31496062992125984,0.4645669291338583,0.6614173228346457,0.4041994750656168,0.5624296962879639,0.42677165354330704,2021-03-11,0.33858267716535434,43.0,131.91666666666666
2021-03-11,131.91666666666666,43,0.33858267716535434,0.33858267716535434,0.4330708661417323,0.31496062992125984,0.6456692913385826,0.3622047244094488,0.5163104611923509,0.4246719160104987,2021-03-12,0.2283464566929134,29.0,93.29166666666669
2021-03-12,93.29166666666669,29,0.2283464566929134,0.2283464566929134,0.33858267716535434,0.4330708661417323,0.6929133858267716,0.3333333333333333,0.45669291338582674,0.42230971128608924,2021-03-13,0.2125984251968504,27.0,87.20833333333333
2021-03-13,87.20833333333333,27,0.2125984251968504,0.2125984251968504,0.2283464566929134,0.33858267716535434,0.7244094488188977,0.25984251968503935,0.38807649043869513,0.42860892388451444,2021-03-14,0.2755905511811024,35.0,110.41666666666669
2021-03-14,110.41666666666669,35,0.2755905511811024,0.2755905511811024,0.2125984251968504,0.2283464566929134,0.4645669291338583,0.2388451443569554,0.3239595050618672,0.43044619422572183,2021-03-15,0.7165354330708661,91.0,265.25
2021-03-15,265.25,91,0.7165354330708661,0.7165354330708661,0.2755905511811024,0.2125984251968504,0.31496062992125984,0.4015748031496063,0.3599550056242969,0.44934383202099737,2021-03-16,0.30708661417322836,39.0,119.875
2021-03-16,119.875,39,0.30708661417322836,0.30708661417322836,0.7165354330708661,0.2755905511811024,0.4330708661417323,0.43307086614173224,0.35883014623172105,0.4572178477690289,2021-03-17,0.6850393700787402,87.0,254.58333333333331
2021-03-17,254.58333333333331,87,0.6850393700787402,0.6850393700787402,0.30708661417322836,0.7165354330708661,0.33858267716535434,0.5695538057742783,0.39482564679415066,0.4608923884514436,2021-03-18,0.7874015748031497,100.0,291.5833333333333
2021-03-18,291.5833333333333,100,0.7874015748031497,0.7874015748031497,0.6850393700787402,0.30708661417322836,0.2283464566929134,0.5931758530183727,0.4589426321709786,0.4674540682414698,2021-03-19,0.7795275590551181,99.0,288.2916666666667
2021-03-19,288.2916666666667,99,0.7795275590551181,0.7795275590551181,0.7874015748031497,0.6850393700787402,0.2125984251968504,0.7506561679790026,0.5376827896512936,0.48320209973753286,2021-03-20,0.7716535433070866,98.0,287.0833333333333
2021-03-20,287.0833333333333,98,0.7716535433070866,0.7716535433070866,0.7795275590551181,0.7874015748031497,0.2755905511811024,0.7795275590551181,0.6175478065241844,0.4937007874015748,2021-03-21,0.7401574803149606,94.0,275.75
2021-03-21,275.75,94,0.7401574803149606,0.7401574803149606,0.7716535433070866,0.7795275590551181,0.7165354330708661,0.7637795275590551,0.6839145106861642,0.49606299212598426,2021-03-22,0.11023622047244094,14.0,52.208333333333336
2021-03-22,52.208333333333336,14,0.11023622047244094,0.11023622047244094,0.7401574803149606,0.7716535433070866,0.30708661417322836,0.5406824146981627,0.5973003374578177,0.4784776902887139,2021-03-23,0.7952755905511811,101.0,295.2083333333333
2021-03-23,295.2083333333333,101,0.7952755905511811,0.7952755905511811,0.11023622047244094,0.7401574803149606,0.6850393700787402,0.5485564304461943,0.6670416197975253,0.48897637795275595,2021-03-24,0.4015748031496063,51.0,156.125
2021-03-24,156.125,51,0.4015748031496063,0.4015748031496063,0.7952755905511811,0.11023622047244094,0.7874015748031497,0.4356955380577428,0.6265466816647918,0.4803149606299213,2021-03-25,0.8031496062992126,102.0,298.25
2021-03-25,298.25,102,0.8031496062992126,0.8031496062992126,0.4015748031496063,0.7952755905511811,0.7795275590551181,0.6666666666666666,0.6287964004499437,0.48582677165354327,2021-03-26,0.7874015748031497,100.0,293.0833333333333
2021-03-26,293.0833333333333,100,0.7874015748031497,0.7874015748031497,0.8031496062992126,0.4015748031496063,0.7716535433070866,0.6640419947506562,0.6299212598425197,0.49606299212598426,2021-03-27,0.4251968503937008,54.0,162.375
2021-03-27,162.375,54,0.4251968503937008,0.4251968503937008,0.7874015748031497,0.8031496062992126,0.7401574803149606,0.6719160104986877,0.5804274465691789,0.5062992125984253,2021-03-28,0.5433070866141733,69.0,203.875
2021-03-28,203.875,69,0.5433070866141733,0.5433070866141733,0.4251968503937008,0.7874015748031497,0.11023622047244094,0.5853018372703412,0.5523059617547806,0.5162729658792651,2021-03-29,0.8110236220472441,103.0,298.8333333333333
2021-03-29,298.8333333333333,103,0.8110236220472441,0.8110236220472441,0.5433070866141733,0.4251968503937008,0.7952755905511811,0.5931758530183727,0.6524184476940382,0.5354330708661418,2021-03-30,0.33070866141732286,42.0,128.58333333333334
2021-03-30,128.58333333333334,42,0.33070866141732286,0.33070866141732286,0.8110236220472441,0.5433070866141733,0.4015748031496063,0.5616797900262467,0.5860517435320585,0.5427821522309711,2021-03-31,0.5354330708661418,68.0,201.33333333333331
2021-03-31,201.33333333333331,68,0.5354330708661418,0.5354330708661418,0.33070866141732286,0.8110236220472441,0.8031496062992126,0.5590551181102362,0.6051743532058492,0.5569553805774278,2021-04-01,0.84251968503937,107.0,312.5416666666667
2021-04-01,312.5416666666667,107,0.84251968503937,0.84251968503937,0.5354330708661418,0.33070866141732286,0.7874015748031497,0.5695538057742783,0.6107986501687288,0.5619422572178477,2021-04-02,0.7007874015748031,89.0,261.0833333333333
2021-04-02,261.0833333333333,89,0.7007874015748031,0.7007874015748031,0.84251968503937,0.5354330708661418,0.4251968503937008,0.6929133858267716,0.5984251968503936,0.5622047244094488,2021-04-03,0.2440944881889764,31.0,99.58333333333331
2021-04-03,99.58333333333331,31,0.2440944881889764,0.2440944881889764,0.7007874015748031,0.84251968503937,0.5433070866141733,0.5958005249343832,0.5725534308211474,0.5482939632545932,2021-04-04,0.48031496062992124,61.0,181.5
2021-04-04,181.5,61,0.48031496062992124,0.48031496062992124,0.2440944881889764,0.7007874015748031,0.8110236220472441,0.4750656167979003,0.5635545556805399,0.5427821522309711,2021-04-05,0.7165354330708661,91.0,267.25
2021-04-05,267.25,91,0.7165354330708661,0.7165354330708661,0.48031496062992124,0.2440944881889764,0.33070866141732286,0.4803149606299213,0.5500562429696287,0.5435695538057743,2021-04-06,0.6456692913385826,82.0,240.625
2021-04-06,240.625,82,0.6456692913385826,0.6456692913385826,0.7165354330708661,0.48031496062992124,0.5354330708661418,0.6141732283464566,0.5950506186726658,0.5409448818897639,2021-04-07,0.5275590551181102,67.0,199.20833333333331
2021-04-07,199.20833333333331,67,0.5275590551181102,0.5275590551181102,0.6456692913385826,0.7165354330708661,0.84251968503937,0.6299212598425196,0.59392575928009,0.5430446194225721,2021-04-08,0.7322834645669292,93.0,271.125
2021-04-08,271.125,93,0.7322834645669292,0.7322834645669292,0.5275590551181102,0.6456692913385826,0.7007874015748031,0.6351706036745407,0.578177727784027,0.5569553805774278,2021-04-09,0.6850393700787402,87.0,255.33333333333331
2021-04-09,255.33333333333331,87,0.6850393700787402,0.6850393700787402,0.7322834645669292,0.5275590551181102,0.2440944881889764,0.6482939632545932,0.575928008998875,0.5653543307086614,2021-04-10,0.8818897637795275,112.0,324.125
2021-04-10,324.125,112,0.8818897637795275,0.8818897637795275,0.6850393700787402,0.7322834645669292,0.48031496062992124,0.7664041994750658,0.6670416197975253,0.583464566929134,2021-04-11,0.8661417322834646,110.0,318.7916666666667
2021-04-11,318.7916666666667,110,0.8661417322834646,0.8661417322834646,0.8818897637795275,0.6850393700787402,0.7165354330708661,0.8110236220472441,0.7221597300337457,0.6047244094488189,2021-04-12,0.7007874015748031,89.0,259.7916666666667
2021-04-12,259.7916666666667,89,0.7007874015748031,0.7007874015748031,0.8661417322834646,0.8818897637795275,0.6456692913385826,0.8162729658792651,0.7199100112485939,0.620997375328084,2021-04-13,0.41732283464566927,53.0,159.875
2021-04-13,159.875,53,0.41732283464566927,0.41732283464566927,0.7007874015748031,0.8661417322834646,0.5275590551181102,0.6614173228346457,0.687289088863892,0.625721784776903,2021-04-14,0.5826771653543307,74.0,219.04166666666663
2021-04-14,219.04166666666663,74,0.5826771653543307,0.5826771653543307,0.41732283464566927,0.7007874015748031,0.7322834645669292,0.5669291338582677,0.6951631046119234,0.621259842519685,2021-04-15,0.08661417322834646,11.0,43.458333333333336
2021-04-15,43.458333333333336,11,0.08661417322834646,0.08661417322834646,0.5826771653543307,0.41732283464566927,0.6850393700787402,0.36220472440944884,0.6029246344206973,0.6139107611548555,2021-04-16,0.12598425196850394,16.0,57.333333333333336
2021-04-16,57.333333333333336,16,0.12598425196850394,0.12598425196850394,0.08661417322834646,0.5826771653543307,0.8818897637795275,0.26509186351706043,0.5230596175478064,0.595275590551181,2021-04-17,0.6141732283464567,78.0,231.33333333333331
2021-04-17,231.33333333333331,78,0.6141732283464567,0.6141732283464567,0.12598425196850394,0.08661417322834646,0.8661417322834646,0.2755905511811024,0.4848143982002249,0.589501312335958,2021-04-18,0.5748031496062992,73.0,216.5
2021-04-18,216.5,73,0.5748031496062992,0.5748031496062992,0.6141732283464567,0.12598425196850394,0.7007874015748031,0.4383202099737533,0.44319460067491556,0.5826771653543308,2021-04-19,0.7559055118110236,96.0,280.0
2021-04-19,280.0,96,0.7559055118110236,0.7559055118110236,0.5748031496062992,0.6141732283464567,0.41732283464566927,0.6482939632545932,0.45106861642294704,0.5821522309711287,2021-04-20,0.8818897637795275,112.0,325.8333333333333
2021-04-20,325.8333333333333,112,0.8818897637795275,0.8818897637795275,0.7559055118110236,0.5748031496062992,0.5826771653543307,0.7375328083989502,0.5174353205849268,0.5868766404199474,2021-04-21,0.7401574803149606,94.0,274.0
2021-04-21,274.0,94,0.7401574803149606,0.7401574803149606,0.8818897637795275,0.7559055118110236,0.08661417322834646,0.7926509186351707,0.5399325084364455,0.6078740157480315,2021-04-22,0.1732283464566929,22.0,73.58333333333333
2021-04-22,73.58333333333333,22,0.1732283464566929,0.1732283464566929,0.7401574803149606,0.8818897637795275,0.12598425196850394,0.5984251968503937,0.5523059617547805,0.5871391076115485,2021-04-23,0.16535433070866143,21.0,70.16666666666667
2021-04-23,70.16666666666667,21,0.16535433070866143,0.16535433070866143,0.1732283464566929,0.7401574803149606,0.6141732283464567,0.35958005249343833,0.5579302587176602,0.579265091863517,2021-04-24,0.9133858267716536,116.0,335.9583333333333
2021-04-24,335.9583333333333,116,0.9133858267716536,0.9133858267716536,0.16535433070866143,0.1732283464566929,0.5748031496062992,0.4173228346456694,0.6006749156355455,0.5829396325459317,2021-04-25,0.905511811023622,115.0,332.25
2021-04-25,332.25,115,0.905511811023622,0.905511811023622,0.9133858267716536,0.16535433070866143,0.7559055118110236,0.6614173228346457,0.6479190101237345,0.5868766404199476,2021-04-26,0.6062992125984252,77.0,228.08333333333331
2021-04-26,228.08333333333331,77,0.6062992125984252,0.6062992125984252,0.905511811023622,0.9133858267716536,0.8818897637795275,0.8083989501312336,0.6265466816647918,0.5929133858267718,2021-04-27,0.1889763779527559,24.0,78.125
2021-04-27,78.125,24,0.1889763779527559,0.1889763779527559,0.6062992125984252,0.905511811023622,0.7401574803149606,0.5669291338582677,0.5275590551181102,0.5811023622047244,2021-04-28,0.4645669291338583,59.0,178.125
2021-04-28,178.125,59,0.4645669291338583,0.4645669291338583,0.1889763779527559,0.6062992125984252,0.1732283464566929,0.41994750656167984,0.4881889763779527,0.5695538057742783,2021-04-29,0.10236220472440945,13.0,48.75
2021-04-29,48.75,13,0.10236220472440945,0.10236220472440945,0.4645669291338583,0.1889763779527559,0.16535433070866143,0.2519685039370079,0.4780652418447694,0.5619422572178477,2021-04-30,0.2125984251968504,27.0,88.16666666666667
2021-04-30,88.16666666666667,27,0.2125984251968504,0.2125984251968504,0.10236220472440945,0.4645669291338583,0.9133858267716536,0.2598425196850394,0.4848143982002249,0.5511811023622049,2021-05-01,0.25984251968503935,33.0,105.20833333333331
2021-05-01,105.20833333333331,33,0.25984251968503935,0.25984251968503935,0.2125984251968504,0.10236220472440945,0.905511811023622,0.19160104986876647,0.39145106861642287,0.531758530183727,2021-05-02,0.8818897637795275,112.0,323.9583333333333
2021-05-02,323.9583333333333,112,0.8818897637795275,0.8818897637795275,0.25984251968503935,0.2125984251968504,0.6062992125984252,0.4514435695538059,0.38807649043869513,0.5377952755905512,2021-05-03,0.8740157480314961,111.0,323.1666666666667
2021-05-03,323.1666666666667,111,0.8740157480314961,0.8740157480314961,0.8818897637795275,0.25984251968503935,0.1889763779527559,0.6719160104986877,0.4263217097862767,0.5587926509186352,2021-05-04,0.49606299212598426,63.0,187.66666666666663
2021-05-04,187.66666666666663,63,0.49606299212598426,0.49606299212598426,0.8740157480314961,0.8818897637795275,0.4645669291338583,0.7506561679790028,0.47019122609673786,0.5593175853018372,2021-05-05,0.9448818897637795,120.0,348.0
2021-05-05,348.0,120,0.9448818897637795,0.9448818897637795,0.49606299212598426,0.8740157480314961,0.10236220472440945,0.7716535433070867,0.5388076490438695,0.5669291338582678,2021-05-06,0.937007874015748,119.0,343.6666666666667
2021-05-06,343.6666666666667,119,0.937007874015748,0.937007874015748,0.9448818897637795,0.49606299212598426,0.2125984251968504,0.7926509186351707,0.6580427446569177,0.5766404199475066,2021-05-07,0.7637795275590551,97.0,282.6666666666667
2021-05-07,282.6666666666667,97,0.7637795275590551,0.7637795275590551,0.937007874015748,0.9448818897637795,0.25984251968503935,0.8818897637795277,0.7367829021372329,0.5845144356955382,2021-05-08,0.7480314960629921,95.0,276.9166666666667
2021-05-08,276.9166666666667,95,0.7480314960629921,0.7480314960629921,0.7637795275590551,0.937007874015748,0.8818897637795275,0.8162729658792651,0.8065241844769402,0.5850393700787403,2021-05-09,0.5669291338582677,72.0,212.83333333333331
2021-05-09,212.83333333333331,72,0.5669291338582677,0.5669291338582677,0.7480314960629921,0.7637795275590551,0.8740157480314961,0.6929133858267718,0.7615298087739032,0.5811023622047244,2021-05-10,0.5748031496062992,73.0,214.95833333333331
2021-05-10,214.95833333333331,73,0.5748031496062992,0.5748031496062992,0.5669291338582677,0.7480314960629921,0.49606299212598426,0.6299212598425198,0.718785151856018,0.5708661417322834,2021-05-11,0.4566929133858268,58.0,174.375
2021-05-11,174.375,58,0.4566929133858268,0.4566929133858268,0.5748031496062992,0.5669291338582677,0.9448818897637795,0.5328083989501313,0.7131608548931384,0.5572178477690289,2021-05-12,0.5196850393700787,66.0,197.58333333333331
2021-05-12,197.58333333333331,66,0.5196850393700787,0.5196850393700787,0.4566929133858268,0.5748031496062992,0.937007874015748,0.5170603674540684,0.6524184476940382,0.5511811023622047,2021-05-13,0.4251968503937008,54.0,163.125
2021-05-13,163.125,54,0.4251968503937008,0.4251968503937008,0.5196850393700787,0.4566929133858268,0.7637795275590551,0.46719160104986884,0.5793025871766029,0.5514435695538057,2021-05-14,0.7401574803149606,94.0,276.0833333333333
2021-05-14,276.0833333333333,94,0.7401574803149606,0.7401574803149606,0.4251968503937008,0.5196850393700787,0.7480314960629921,0.5616797900262468,0.5759280089988751,0.5566929133858268,2021-05-15,0.3464566929133858,44.0,135.16666666666666
2021-05-15,135.16666666666666,44,0.3464566929133858,0.3464566929133858,0.7401574803149606,0.4251968503937008,0.5669291338582677,0.5039370078740159,0.5185601799775028,0.5653543307086615,2021-05-16,0.6141732283464567,78.0,229.625
2021-05-16,229.625,78,0.6141732283464567,0.6141732283464567,0.3464566929133858,0.7401574803149606,0.5748031496062992,0.5669291338582678,0.5253093363329583,0.5816272965879266,2021-05-17,0.3858267716535433,49.0,149.0
2021-05-17,149.0,49,0.3858267716535433,0.3858267716535433,0.6141732283464567,0.3464566929133858,0.4566929133858268,0.44881889763779537,0.4983127109111361,0.574015748031496,2021-05-18,0.3937007874015748,50.0,151.125
2021-05-18,151.125,50,0.3937007874015748,0.3937007874015748,0.3858267716535433,0.6141732283464567,0.5196850393700787,0.46456692913385833,0.4893138357705286,0.5679790026246718,2021-05-19,0.16535433070866143,21.0,70.83333333333333
2021-05-19,70.83333333333333,21,0.16535433070866143,0.16535433070866143,0.3937007874015748,0.3858267716535433,0.4251968503937008,0.3149606299212599,0.4386951631046118,0.5482939632545932,2021-05-20,0.8740157480314961,111.0,323.4166666666667
2021-05-20,323.4166666666667,111,0.8740157480314961,0.8740157480314961,0.16535433070866143,0.3937007874015748,0.7401574803149606,0.4776902887139108,0.5028121484814397,0.5480314960629921,2021-05-21,0.7086614173228346,90.0,263.0
2021-05-21,263.0,90,0.7086614173228346,0.7086614173228346,0.8740157480314961,0.16535433070866143,0.3464566929133858,0.5826771653543307,0.49831271091113605,0.546981627296588,2021-05-22,0.3937007874015748,50.0,152.83333333333334
2021-05-22,152.83333333333334,50,0.3937007874015748,0.3937007874015748,0.7086614173228346,0.8740157480314961,0.6141732283464567,0.6587926509186351,0.5050618672665916,0.5543307086614173,2021-05-23,0.1968503937007874,25.0,81.29166666666667
2021-05-23,81.29166666666667,25,0.1968503937007874,0.1968503937007874,0.3937007874015748,0.7086614173228346,0.3858267716535433,0.43307086614173235,0.4454443194600674,0.5553805774278217,2021-05-24,0.5433070866141733,69.0,205.08333333333331
2021-05-24,205.08333333333331,69,0.5433070866141733,0.5433070866141733,0.1968503937007874,0.3937007874015748,0.3937007874015748,0.37795275590551186,0.46794150731158607,0.5430446194225722,2021-05-25,0.7401574803149606,94.0,276.0416666666667
2021-05-25,276.0416666666667,94,0.7401574803149606,0.7401574803149606,0.5433070866141733,0.1968503937007874,0.16535433070866143,0.49343832020997386,0.5174353205849268,0.5375328083989501,2021-05-26,0.6771653543307087,86.0,252.54166666666663
2021-05-26,252.54166666666663,86,0.6771653543307087,0.6771653543307087,0.7401574803149606,0.5433070866141733,0.8740157480314961,0.6535433070866142,0.5905511811023622,0.5398950131233596,2021-05-27,0.8818897637795275,112.0,326.2916666666667
2021-05-27,326.2916666666667,112,0.8818897637795275,0.8818897637795275,0.6771653543307087,0.7401574803149606,0.7086614173228346,0.7664041994750658,0.591676040494938,0.562992125984252,2021-05-28,0.5433070866141733,69.0,206.125
2021-05-28,206.125,69,0.5433070866141733,0.5433070866141733,0.8818897637795275,0.6771653543307087,0.3937007874015748,0.7007874015748032,0.5680539932508436,0.5656167979002624,2021-05-29,0.7716535433070866,98.0,287.2916666666667
2021-05-29,287.2916666666667,98,0.7716535433070866,0.7716535433070866,0.5433070866141733,0.8818897637795275,0.1968503937007874,0.7322834645669292,0.6220472440944881,0.5879265091863516,2021-05-30,0.5748031496062992,73.0,216.66666666666663
2021-05-30,216.66666666666663,73,0.5748031496062992,0.5748031496062992,0.7716535433070866,0.5433070866141733,0.5433070866141733,0.6299212598425198,0.6760404949381327,0.6,2021-05-31,0.5196850393700787,66.0,196.5
2021-05-31,196.5,66,0.5196850393700787,0.5196850393700787,0.5748031496062992,0.7716535433070866,0.7401574803149606,0.6220472440944883,0.6726659167604049,0.6086614173228345,2021-06-01,0.5748031496062992,73.0,216.58333333333331
2021-06-01,216.58333333333331,73,0.5748031496062992,0.5748031496062992,0.5196850393700787,0.5748031496062992,0.6771653543307087,0.5564304461942258,0.6490438695163103,0.5984251968503937,2021-06-02,0.8503937007874016,108.0,313.5416666666667
2021-06-02,313.5416666666667,108,0.8503937007874016,0.8503937007874016,0.5748031496062992,0.5196850393700787,0.8818897637795275,0.6482939632545932,0.6737907761529808,0.5976377952755906,2021-06-03,0.11023622047244094,14.0,51.958333333333336
2021-06-03,51.958333333333336,14,0.11023622047244094,0.11023622047244094,0.8503937007874016,0.5748031496062992,0.5433070866141733,0.5118110236220473,0.5635545556805399,0.5847769028871391,2021-06-04,0.6062992125984252,77.0,226.29166666666663
2021-06-04,226.29166666666663,77,0.6062992125984252,0.6062992125984252,0.11023622047244094,0.8503937007874016,0.7716535433070866,0.5223097112860894,0.5725534308211474,0.573490813648294,2021-06-05,0.6299212598425197,80.0,236.25
2021-06-05,236.25,80,0.6299212598425197,0.6299212598425197,0.6062992125984252,0.11023622047244094,0.5748031496062992,0.44881889763779537,0.5523059617547806,0.5632545931758531,2021-06-06,0.8818897637795275,112.0,324.0416666666667
2021-06-06,324.0416666666667,112,0.8818897637795275,0.8818897637795275,0.6299212598425197,0.6062992125984252,0.5196850393700787,0.7060367454068243,0.5961754780652418,0.5671916010498688,2021-06-07,0.4566929133858268,58.0,173.41666666666666
2021-06-07,173.41666666666666,58,0.4566929133858268,0.4566929133858268,0.8818897637795275,0.6299212598425197,0.5748031496062992,0.6561679790026247,0.5871766029246344,0.55748031496063,2021-06-08,0.6220472440944882,79.0,232.95833333333331
2021-06-08,232.95833333333331,79,0.6220472440944882,0.6220472440944882,0.4566929133858268,0.8818897637795275,0.8503937007874016,0.6535433070866142,0.59392575928009,0.5593175853018373,2021-06-09,0.8267716535433071,105.0,305.9166666666667
2021-06-09,305.9166666666667,105,0.8267716535433071,0.8267716535433071,0.6220472440944882,0.4566929133858268,0.11023622047244094,0.6351706036745407,0.5905511811023622,0.5677165354330709,2021-06-10,0.889763779527559,113.0,328.75
2021-06-10,328.75,113,0.889763779527559,0.889763779527559,0.8267716535433071,0.6220472440944882,0.6062992125984252,0.7795275590551181,0.7019122609673791,0.5821522309711287,2021-06-11,0.8503937007874016,108.0,313.1666666666667
2021-06-11,313.1666666666667,108,0.8503937007874016,0.8503937007874016,0.889763779527559,0.8267716535433071,0.6299212598425197,0.8556430446194225,0.7367829021372326,0.5931758530183727,2021-06-12,0.8267716535433071,105.0,305.125
2021-06-12,305.125,105,0.8267716535433071,0.8267716535433071,0.8503937007874016,0.889763779527559,0.8818897637795275,0.8556430446194225,0.764904386951631,0.6065616797900262,2021-06-13,0.9212598425196851,117.0,338.0833333333333
2021-06-13,338.0833333333333,117,0.9212598425196851,0.9212598425196851,0.8267716535433071,0.8503937007874016,0.4566929133858268,0.8661417322834645,0.7705286839145106,0.6125984251968504,2021-06-14,0.8818897637795275,112.0,325.7083333333333
2021-06-14,325.7083333333333,112,0.8818897637795275,0.8818897637795275,0.9212598425196851,0.8267716535433071,0.6220472440944882,0.8766404199475066,0.8312710911136107,0.6304461942257219,2021-06-15,0.9212598425196851,117.0,339.375
2021-06-15,339.375,117,0.9212598425196851,0.9212598425196851,0.8818897637795275,0.9212598425196851,0.8267716535433071,0.9081364829396326,0.8740157480314961,0.6406824146981627,2021-06-16,0.937007874015748,119.0,344.125
2021-06-16,344.125,119,0.937007874015748,0.937007874015748,0.9212598425196851,0.8818897637795275,0.889763779527559,0.9133858267716536,0.889763779527559,0.6590551181102363,2021-06-17,0.9133858267716536,116.0,336.5833333333333
2021-06-17,336.5833333333333,116,0.9133858267716536,0.9133858267716536,0.937007874015748,0.9212598425196851,0.8503937007874016,0.9238845144356956,0.8931383577052868,0.6763779527559054,2021-06-18,0.9133858267716536,116.0,337.7916666666667
2021-06-18,337.7916666666667,116,0.9133858267716536,0.9133858267716536,0.9133858267716536,0.937007874015748,0.8267716535433071,0.9212598425196851,0.9021372328458942,0.7013123359580054,2021-06-19,0.937007874015748,119.0,345.25
2021-06-19,345.25,119,0.937007874015748,0.937007874015748,0.9133858267716536,0.9133858267716536,0.9212598425196851,0.9212598425196851,0.9178852643419572,0.7034120734908137,2021-06-20,0.7874015748031497,100.0,290.5
2021-06-20,290.5,100,0.7874015748031497,0.7874015748031497,0.937007874015748,0.9133858267716536,0.8818897637795275,0.8792650918635171,0.8987626546681665,0.7060367454068242,2021-06-21,0.8976377952755905,114.0,332.1666666666667
2021-06-21,332.1666666666667,114,0.8976377952755905,0.8976377952755905,0.7874015748031497,0.937007874015748,0.9212598425196851,0.874015748031496,0.9010123734533183,0.7228346456692913,2021-06-22,0.6377952755905512,81.0,239.33333333333331
2021-06-22,239.33333333333331,81,0.6377952755905512,0.6377952755905512,0.8976377952755905,0.7874015748031497,0.937007874015748,0.774278215223097,0.8605174353205849,0.7375328083989501,2021-06-23,0.905511811023622,115.0,334.75
2021-06-23,334.75,115,0.905511811023622,0.905511811023622,0.6377952755905512,0.8976377952755905,0.9133858267716536,0.8136482939632547,0.8560179977502811,0.7496062992125984,2021-06-24,0.905511811023622,115.0,332.5833333333333
2021-06-24,332.5833333333333,115,0.905511811023622,0.905511811023622,0.905511811023622,0.6377952755905512,0.9133858267716536,0.816272965879265,0.8548931383577052,0.7551181102362204,2021-06-25,0.8976377952755905,114.0,330.875
2021-06-25,330.875,114,0.8976377952755905,0.8976377952755905,0.905511811023622,0.905511811023622,0.937007874015748,0.9028871391076115,0.8526434195725533,0.7624671916010499,2021-06-26,0.9291338582677166,118.0,343.0
2021-06-26,343.0,118,0.9291338582677166,0.9291338582677166,0.8976377952755905,0.905511811023622,0.7874015748031497,0.9107611548556429,0.8515185601799775,0.7640419947506562,2021-06-27,0.5984251968503937,76.0,223.58333333333331
2021-06-27,223.58333333333331,76,0.5984251968503937,0.5984251968503937,0.9291338582677166,0.8976377952755905,0.8976377952755905,0.8083989501312336,0.8245219347581552,0.7658792650918634,2021-06-28,0.44881889763779526,57.0,171.25
2021-06-28,171.25,57,0.44881889763779526,0.44881889763779526,0.5984251968503937,0.9291338582677166,0.6377952755905512,0.6587926509186351,0.7604049493813273,0.7551181102362204,2021-06-29,0.5748031496062992,73.0,216.33333333333331
2021-06-29,216.33333333333331,73,0.5748031496062992,0.5748031496062992,0.44881889763779526,0.5984251968503937,0.905511811023622,0.5406824146981627,0.7514060742407198,0.7551181102362204,2021-06-30,0.8582677165354331,109.0,315.7083333333333
2021-06-30,315.7083333333333,109,0.8582677165354331,0.8582677165354331,0.5748031496062992,0.44881889763779526,0.905511811023622,0.6272965879265092,0.7446569178852643,0.7664041994750657,2021-07-01,0.8582677165354331,109.0,316.875
2021-07-01,316.875,109,0.8582677165354331,0.8582677165354331,0.8582677165354331,0.5748031496062992,0.8976377952755905,0.7637795275590552,0.7379077615298087,0.7758530183727035,2021-07-02,0.7952755905511811,101.0,293.4583333333333
2021-07-02,293.4583333333333,101,0.7952755905511811,0.7952755905511811,0.8582677165354331,0.8582677165354331,0.9291338582677166,0.8372703412073491,0.7232845894263217,0.7740157480314961,2021-07-03,0.5511811023622047,70.0,207.25
2021-07-03,207.25,70,0.5511811023622047,0.5511811023622047,0.7952755905511811,0.8582677165354331,0.5984251968503937,0.7349081364829396,0.6692913385826771,0.7887139107611548,2021-07-04,0.3464566929133858,44.0,134.20833333333334
2021-07-04,134.20833333333334,44,0.3464566929133858,0.3464566929133858,0.5511811023622047,0.7952755905511811,0.44881889763779526,0.5643044619422573,0.6332958380202475,0.7800524934383202,2021-07-05,0.4251968503937008,54.0,164.45833333333334
2021-07-05,164.45833333333334,54,0.4251968503937008,0.4251968503937008,0.3464566929133858,0.5511811023622047,0.5748031496062992,0.44094488188976383,0.6299212598425196,0.7732283464566928,2021-07-06,0.7637795275590551,97.0,283.6666666666667
2021-07-06,283.6666666666667,97,0.7637795275590551,0.7637795275590551,0.4251968503937008,0.3464566929133858,0.8582677165354331,0.5118110236220472,0.6569178852643419,0.7692913385826772,2021-07-07,0.6535433070866141,83.0,243.0
2021-07-07,243.0,83,0.6535433070866141,0.6535433070866141,0.7637795275590551,0.4251968503937008,0.8582677165354331,0.6141732283464566,0.6276715410573678,0.7758530183727034,2021-07-08,0.6141732283464567,78.0,230.125
2021-07-08,230.125,78,0.6141732283464567,0.6141732283464567,0.6535433070866141,0.7637795275590551,0.7952755905511811,0.6771653543307087,0.592800899887514,0.7755905511811023,2021-07-09,0.2992125984251969,38.0,118.08333333333331
2021-07-09,118.08333333333331,38,0.2992125984251969,0.2992125984251969,0.6141732283464567,0.6535433070866141,0.5511811023622047,0.5223097112860893,0.5219347581552306,0.7580052493438321,2021-07-10,0.6771653543307087,86.0,252.20833333333331
2021-07-10,252.20833333333331,86,0.6771653543307087,0.6771653543307087,0.2992125984251969,0.6141732283464567,0.3464566929133858,0.5301837270341209,0.5399325084364454,0.7509186351706038,2021-07-11,0.6456692913385826,82.0,242.375
2021-07-11,242.375,82,0.6456692913385826,0.6456692913385826,0.6771653543307087,0.2992125984251969,0.4251968503937008,0.5406824146981628,0.5826771653543307,0.7440944881889763,2021-07-12,0.5196850393700787,66.0,197.04166666666663
2021-07-12,197.04166666666663,66,0.5196850393700787,0.5196850393700787,0.6456692913385826,0.6771653543307087,0.7637795275590551,0.6141732283464568,0.5961754780652418,0.7338582677165355,2021-07-13,0.6377952755905512,81.0,239.875
2021-07-13,239.875,81,0.6377952755905512,0.6377952755905512,0.5196850393700787,0.6456692913385826,0.6535433070866141,0.6010498687664042,0.578177727784027,0.7244094488188977,2021-07-14,0.5433070866141733,69.0,204.625
2021-07-14,204.625,69,0.5433070866141733,0.5433070866141733,0.6377952755905512,0.5196850393700787,0.6141732283464567,0.5669291338582677,0.5624296962879639,0.7131233595800525,2021-07-15,0.8582677165354331,109.0,316.75
2021-07-15,316.75,109,0.8582677165354331,0.8582677165354331,0.5433070866141733,0.6377952755905512,0.2992125984251969,0.6797900262467191,0.5973003374578177,0.7110236220472441,2021-07-16,0.7795275590551181,99.0,290.125
2021-07-16,290.125,99,0.7795275590551181,0.7795275590551181,0.8582677165354331,0.5433070866141733,0.6771653543307087,0.7270341207349081,0.6659167604049493,0.7057742782152231,2021-07-17,0.889763779527559,113.0,328.0833333333333
2021-07-17,328.0833333333333,113,0.889763779527559,0.889763779527559,0.7795275590551181,0.8582677165354331,0.6456692913385826,0.84251968503937,0.6962879640044993,0.70498687664042,2021-07-18,0.7716535433070866,98.0,286.2083333333333
2021-07-18,286.2083333333333,98,0.7716535433070866,0.7716535433070866,0.889763779527559,0.7795275590551181,0.5196850393700787,0.8136482939632547,0.7142857142857143,0.700262467191601,2021-07-19,0.6062992125984252,77.0,227.58333333333331
2021-07-19,227.58333333333331,77,0.6062992125984252,0.6062992125984252,0.7716535433070866,0.889763779527559,0.6377952755905512,0.7559055118110236,0.7266591676040494,0.689238845144357,2021-07-20,0.7559055118110236,96.0,279.375
2021-07-20,279.375,96,0.7559055118110236,0.7559055118110236,0.6062992125984252,0.7716535433070866,0.5433070866141733,0.7112860892388452,0.7435320584926883,0.6881889763779527,2021-07-21,0.7480314960629921,95.0,276.5416666666667
2021-07-21,276.5416666666667,95,0.7480314960629921,0.7480314960629921,0.7559055118110236,0.6062992125984252,0.8582677165354331,0.7034120734908137,0.7727784026996625,0.6832020997375328,2021-07-22,0.6929133858267716,88.0,258.0833333333333
2021-07-22,258.0833333333333,88,0.6929133858267716,0.6929133858267716,0.7480314960629921,0.7559055118110236,0.7795275590551181,0.7322834645669292,0.749156355455568,0.6850393700787403,2021-07-23,0.8740157480314961,111.0,323.0
2021-07-23,323.0,111,0.8740157480314961,0.8740157480314961,0.6929133858267716,0.7480314960629921,0.889763779527559,0.7716535433070866,0.7626546681664791,0.683989501312336,2021-07-24,0.9133858267716536,116.0,335.625
2021-07-24,335.625,116,0.9133858267716536,0.9133858267716536,0.8740157480314961,0.6929133858267716,0.7716535433070866,0.8267716535433071,0.7660292463442069,0.684251968503937,2021-07-25,0.9291338582677166,118.0,342.2083333333333
2021-07-25,342.2083333333333,118,0.9291338582677166,0.9291338582677166,0.9133858267716536,0.8740157480314961,0.6062992125984252,0.9055118110236221,0.7885264341957255,0.6853018372703412,2021-07-26,0.905511811023622,115.0,334.0
2021-07-26,334.0,115,0.905511811023622,0.905511811023622,0.9291338582677166,0.9133858267716536,0.7559055118110236,0.916010498687664,0.8312710911136107,0.684514435695538,2021-07-27,0.7480314960629921,95.0,278.8333333333333
2021-07-27,278.8333333333333,95,0.7480314960629921,0.7480314960629921,0.905511811023622,0.9291338582677166,0.7480314960629921,0.8608923884514436,0.8301462317210347,0.689501312335958,2021-07-28,0.8346456692913385,106.0,308.375
2021-07-28,308.375,106,0.8346456692913385,0.8346456692913385,0.7480314960629921,0.905511811023622,0.6929133858267716,0.8293963254593176,0.84251968503937,0.7023622047244095,2021-07-29,0.7559055118110236,96.0,279.6666666666667
2021-07-29,279.6666666666667,96,0.7559055118110236,0.7559055118110236,0.8346456692913385,0.7480314960629921,0.8740157480314961,0.7795275590551182,0.8515185601799774,0.7083989501312336,2021-07-30,0.8818897637795275,112.0,323.9583333333333
2021-07-30,323.9583333333333,112,0.8818897637795275,0.8818897637795275,0.7559055118110236,0.8346456692913385,0.9133858267716536,0.8241469816272966,0.8526434195725533,0.7091863517060368,2021-07-31,0.8503937007874016,108.0,315.2083333333333
2021-07-31,315.2083333333333,108,0.8503937007874016,0.8503937007874016,0.8818897637795275,0.7559055118110236,0.9291338582677166,0.8293963254593176,0.8436445444319459,0.7089238845144357,2021-08-01,0.7952755905511811,101.0,293.8333333333333
2021-08-01,293.8333333333333,101,0.7952755905511811,0.7952755905511811,0.8503937007874016,0.8818897637795275,0.905511811023622,0.8425196850393702,0.8245219347581553,0.7089238845144357,2021-08-02,0.30708661417322836,39.0,122.25
2021-08-02,122.25,39,0.30708661417322836,0.30708661417322836,0.7952755905511811,0.8503937007874016,0.7480314960629921,0.6509186351706037,0.7390326209223846,0.7007874015748032,2021-08-03,0.7007874015748031,89.0,260.1666666666667
2021-08-03,260.1666666666667,89,0.7007874015748031,0.7007874015748031,0.30708661417322836,0.7952755905511811,0.8346456692913385,0.6010498687664043,0.732283464566929,0.7125984251968503,2021-08-04,0.7480314960629921,95.0,277.125
2021-08-04,277.125,95,0.7480314960629921,0.7480314960629921,0.7007874015748031,0.30708661417322836,0.7559055118110236,0.5853018372703412,0.7199100112485939,0.7233595800524935,2021-08-05,0.2755905511811024,35.0,109.16666666666669
2021-08-05,109.16666666666669,35,0.2755905511811024,0.2755905511811024,0.7480314960629921,0.7007874015748031,0.8818897637795275,0.5748031496062993,0.6512935883014623,0.7070866141732284,2021-08-06,0.7637795275590551,97.0,282.8333333333333
2021-08-06,282.8333333333333,97,0.7637795275590551,0.7637795275590551,0.2755905511811024,0.7480314960629921,0.8503937007874016,0.5958005249343833,0.6344206974128233,0.7107611548556431,2021-08-07,0.8661417322834646,110.0,318.2916666666667
2021-08-07,318.2916666666667,110,0.8661417322834646,0.8661417322834646,0.7637795275590551,0.2755905511811024,0.7952755905511811,0.6351706036745407,0.6366704161979752,0.7191601049868767,2021-08-08,0.8582677165354331,109.0,318.125
2021-08-08,318.125,109,0.8582677165354331,0.8582677165354331,0.8661417322834646,0.7637795275590551,0.30708661417322836,0.8293963254593176,0.6456692913385825,0.7377952755905511,2021-08-09,0.8110236220472441,103.0,300.6666666666667
2021-08-09,300.6666666666667,103,0.8110236220472441,0.8110236220472441,0.8582677165354331,0.8661417322834646,0.7007874015748031,0.8451443569553807,0.717660292463442,0.742257217847769,2021-08-10,0.8740157480314961,111.0,321.0833333333333
2021-08-10,321.0833333333333,111,0.8740157480314961,0.8740157480314961,0.8110236220472441,0.8582677165354331,0.7480314960629921,0.8477690288713912,0.7424071991001124,0.7498687664041995,2021-08-11,0.8661417322834646,110.0,319.2916666666667
2021-08-11,319.2916666666667,110,0.8661417322834646,0.8661417322834646,0.8740157480314961,0.8110236220472441,0.2755905511811024,0.8503937007874017,0.7592800899887513,0.7614173228346456,2021-08-12,0.8188976377952756,104.0,303.9583333333333
2021-08-12,303.9583333333333,104,0.8188976377952756,0.8188976377952756,0.8661417322834646,0.8740157480314961,0.7637795275590551,0.8530183727034122,0.8368953880764903,0.7674540682414699,2021-08-13,0.8188976377952756,104.0,304.0833333333333
2021-08-13,304.0833333333333,104,0.8188976377952756,0.8188976377952756,0.8188976377952756,0.8661417322834646,0.8661417322834646,0.8346456692913385,0.8447694038245219,0.7766404199475065,2021-08-14,0.8031496062992126,102.0,297.1666666666667
2021-08-14,297.1666666666667,102,0.8031496062992126,0.8031496062992126,0.8188976377952756,0.8188976377952756,0.8582677165354331,0.8136482939632547,0.8357705286839145,0.7748031496062993,2021-08-15,0.36220472440944884,46.0,140.91666666666666
2021-08-15,140.91666666666666,46,0.36220472440944884,0.36220472440944884,0.8031496062992126,0.8188976377952756,0.8110236220472441,0.6614173228346457,0.764904386951631,0.7608923884514436,2021-08-16,0.8110236220472441,103.0,300.5
2021-08-16,300.5,103,0.8110236220472441,0.8110236220472441,0.36220472440944884,0.8031496062992126,0.8740157480314961,0.6587926509186351,0.764904386951631,0.7582677165354331,2021-08-17,0.6929133858267716,88.0,258.6666666666667
2021-08-17,258.6666666666667,88,0.6929133858267716,0.6929133858267716,0.8110236220472441,0.36220472440944884,0.8661417322834646,0.6220472440944883,0.7390326209223846,0.7556430446194226,2021-08-18,0.4881889763779528,62.0,185.45833333333331
2021-08-18,185.45833333333331,62,0.4881889763779528,0.4881889763779528,0.6929133858267716,0.8110236220472441,0.8188976377952756,0.6640419947506563,0.68503937007874,0.7517060367454068,2021-08-19,0.8267716535433071,105.0,304.625
2021-08-19,304.625,105,0.8267716535433071,0.8267716535433071,0.4881889763779528,0.6929133858267716,0.8188976377952756,0.6692913385826772,0.6861642294713161,0.7540682414698163,2021-08-20,0.8267716535433071,105.0,306.5
2021-08-20,306.5,105,0.8267716535433071,0.8267716535433071,0.8267716535433071,0.4881889763779528,0.8031496062992126,0.7139107611548557,0.687289088863892,0.7566929133858268,2021-08-21,0.8188976377952756,104.0,304.1666666666667
2021-08-21,304.1666666666667,104,0.8188976377952756,0.8188976377952756,0.8267716535433071,0.8267716535433071,0.36220472440944884,0.8241469816272966,0.689538807649044,0.7608923884514436,2021-08-22,0.84251968503937,107.0,311.25
2021-08-22,311.25,107,0.84251968503937,0.84251968503937,0.8188976377952756,0.8267716535433071,0.8110236220472441,0.8293963254593176,0.7581552305961754,0.7598425196850392,2021-08-23,0.84251968503937,107.0,311.625
2021-08-23,311.625,107,0.84251968503937,0.84251968503937,0.84251968503937,0.8188976377952756,0.6929133858267716,0.8346456692913385,0.7626546681664791,0.7574803149606298,2021-08-24,0.8267716535433071,105.0,306.75
2021-08-24,306.75,105,0.8267716535433071,0.8267716535433071,0.84251968503937,0.84251968503937,0.4881889763779528,0.8372703412073491,0.7817772778402698,0.7540682414698162,2021-08-25,0.8110236220472441,103.0,301.0416666666667
2021-08-25,301.0416666666667,103,0.8110236220472441,0.8110236220472441,0.8267716535433071,0.84251968503937,0.8267716535433071,0.8267716535433071,0.827896512935883,0.7509186351706038,2021-08-26,0.6850393700787402,87.0,254.08333333333331
2021-08-26,254.08333333333331,87,0.6850393700787402,0.6850393700787402,0.8110236220472441,0.8267716535433071,0.8267716535433071,0.7742782152230973,0.8076490438695162,0.7488188976377953,2021-08-27,0.4015748031496063,51.0,154.41666666666666
2021-08-27,154.41666666666666,51,0.4015748031496063,0.4015748031496063,0.6850393700787402,0.8110236220472441,0.8188976377952756,0.6325459317585302,0.746906636670416,0.7343832020997375,2021-08-28,0.7007874015748031,89.0,260.0416666666667
2021-08-28,260.0416666666667,89,0.7007874015748031,0.7007874015748031,0.4015748031496063,0.6850393700787402,0.84251968503937,0.5958005249343833,0.7300337457817773,0.7325459317585302,2021-08-29,0.7637795275590551,97.0,283.3333333333333
2021-08-29,283.3333333333333,97,0.7637795275590551,0.7637795275590551,0.7007874015748031,0.4015748031496063,0.84251968503937,0.6220472440944883,0.7187851518560179,0.7286089238845144,2021-08-30,0.5433070866141733,69.0,205.625
2021-08-30,205.625,69,0.5433070866141733,0.5433070866141733,0.7637795275590551,0.7007874015748031,0.8267716535433071,0.6692913385826773,0.6760404949381327,0.7183727034120735,2021-08-31,0.7716535433070866,98.0,287.3333333333333
2021-08-31,287.3333333333333,98,0.7716535433070866,0.7716535433070866,0.5433070866141733,0.7637795275590551,0.8110236220472441,0.6929133858267718,0.6681664791901012,0.7175853018372703,2021-09-01,0.7637795275590551,97.0,282.0
2021-09-01,282.0,97,0.7637795275590551,0.7637795275590551,0.7716535433070866,0.5433070866141733,0.6850393700787402,0.6929133858267718,0.6614173228346456,0.7328083989501312,2021-09-02,0.7086614173228346,90.0,263.4166666666667
2021-09-02,263.4166666666667,90,0.7086614173228346,0.7086614173228346,0.7637795275590551,0.7716535433070866,0.4015748031496063,0.7480314960629922,0.6647919010123734,0.7330708661417323,2021-09-03,0.7086614173228346,90.0,263.6666666666667
2021-09-03,263.6666666666667,90,0.7086614173228346,0.7086614173228346,0.7086614173228346,0.7637795275590551,0.7007874015748031,0.7270341207349081,0.7086614173228345,0.731758530183727,2021-09-04,0.7637795275590551,97.0,283.5
2021-09-04,283.5,97,0.7637795275590551,0.7637795275590551,0.7086614173228346,0.7086614173228346,0.7637795275590551,0.7270341207349081,0.7176602924634421,0.7480314960629921,2021-09-05,0.7637795275590551,97.0,282.625
2021-09-05,282.625,97,0.7637795275590551,0.7637795275590551,0.7637795275590551,0.7086614173228346,0.5433070866141733,0.7454068241469817,0.717660292463442,0.7480314960629921,2021-09-06,0.4881889763779528,62.0,186.20833333333331
2021-09-06,186.20833333333331,62,0.4881889763779528,0.4881889763779528,0.7637795275590551,0.7637795275590551,0.7716535433070866,0.6719160104986877,0.7097862767154105,0.7354330708661417,2021-09-07,0.7007874015748031,89.0,259.8333333333333
2021-09-07,259.8333333333333,89,0.7007874015748031,0.7007874015748031,0.4881889763779528,0.7637795275590551,0.7637795275590551,0.6509186351706037,0.6996625421822272,0.7301837270341207,2021-09-08,0.7480314960629921,95.0,277.4166666666667
2021-09-08,277.4166666666667,95,0.7480314960629921,0.7480314960629921,0.7007874015748031,0.4881889763779528,0.7086614173228346,0.6456692913385828,0.6974128233970752,0.7280839895013124,2021-09-09,0.7716535433070866,98.0,287.1666666666667
2021-09-09,287.1666666666667,98,0.7716535433070866,0.7716535433070866,0.7480314960629921,0.7007874015748031,0.7086614173228346,0.7401574803149606,0.7064116985376828,0.7246719160104986,2021-09-10,0.7322834645669292,93.0,273.4166666666667
2021-09-10,273.4166666666667,93,0.7322834645669292,0.7322834645669292,0.7716535433070866,0.7480314960629921,0.7637795275590551,0.7506561679790028,0.7097862767154105,0.7202099737532809,2021-09-11,0.7637795275590551,97.0,283.7916666666667
2021-09-11,283.7916666666667,97,0.7637795275590551,0.7637795275590551,0.7322834645669292,0.7716535433070866,0.7637795275590551,0.7559055118110237,0.7097862767154106,0.7183727034120735,2021-09-12,0.6220472440944882,79.0,232.875
2021-09-12,232.875,79,0.6220472440944882,0.6220472440944882,0.7637795275590551,0.7322834645669292,0.4881889763779528,0.7060367454068243,0.6895388076490437,0.7118110236220473,2021-09-13,0.41732283464566927,53.0,160.375
2021-09-13,160.375,53,0.41732283464566927,0.41732283464566927,0.6220472440944882,0.7637795275590551,0.7007874015748031,0.6010498687664042,0.6794150731158605,0.6989501312335958,2021-09-14,0.5984251968503937,76.0,225.375
2021-09-14,225.375,76,0.5984251968503937,0.5984251968503937,0.41732283464566927,0.6220472440944882,0.7480314960629921,0.5459317585301838,0.6647919010123734,0.7068241469816273,2021-09-15,0.6062992125984252,77.0,227.29166666666663
2021-09-15,227.29166666666663,77,0.6062992125984252,0.6062992125984252,0.5984251968503937,0.41732283464566927,0.7716535433070866,0.5406824146981628,0.6445444319460066,0.7,2021-09-16,0.7322834645669292,93.0,272.25
2021-09-16,272.25,93,0.7322834645669292,0.7322834645669292,0.6062992125984252,0.5984251968503937,0.7322834645669292,0.6456692913385828,0.6389201349831269,0.7013123359580052,2021-09-17,0.7322834645669292,93.0,272.5833333333333
2021-09-17,272.5833333333333,93,0.7322834645669292,0.7322834645669292,0.7322834645669292,0.6062992125984252,0.7637795275590551,0.6902887139107613,0.6389201349831269,0.7094488188976378,2021-09-18,0.6850393700787402,87.0,254.375
2021-09-18,254.375,87,0.6850393700787402,0.6850393700787402,0.7322834645669292,0.7322834645669292,0.6220472440944882,0.7165354330708662,0.6276715410573678,0.7047244094488189,2021-09-19,0.7165354330708661,91.0,267.9166666666667
2021-09-19,267.9166666666667,91,0.7165354330708661,0.7165354330708661,0.6850393700787402,0.7322834645669292,0.41732283464566927,0.7112860892388452,0.641169853768279,0.7010498687664042,2021-09-20,0.7244094488188977,92.0,270.5416666666667
2021-09-20,270.5416666666667,92,0.7244094488188977,0.7244094488188977,0.7165354330708661,0.6850393700787402,0.5984251968503937,0.7086614173228347,0.68503937007874,0.6979002624671915,2021-09-21,0.5118110236220472,65.0,193.16666666666663
2021-09-21,193.16666666666663,65,0.5118110236220472,0.5118110236220472,0.7244094488188977,0.7165354330708661,0.6062992125984252,0.6509186351706037,0.6726659167604049,0.6868766404199476,2021-09-22,0.7480314960629921,95.0,277.4166666666667
2021-09-22,277.4166666666667,95,0.7480314960629921,0.7480314960629921,0.5118110236220472,0.7244094488188977,0.7322834645669292,0.6614173228346457,0.6929133858267716,0.683727034120735,2021-09-23,0.7637795275590551,97.0,282.4166666666667
2021-09-23,282.4166666666667,97,0.7637795275590551,0.7637795275590551,0.7480314960629921,0.5118110236220472,0.7322834645669292,0.6745406824146981,0.6974128233970752,0.6816272965879265,2021-09-24,0.7401574803149606,94.0,275.5416666666667
2021-09-24,275.5416666666667,94,0.7401574803149606,0.7401574803149606,0.7637795275590551,0.7480314960629921,0.6850393700787402,0.7506561679790028,0.6985376827896513,0.679265091863517,2021-09-25,0.7244094488188977,92.0,269.3333333333333
2021-09-25,269.3333333333333,92,0.7244094488188977,0.7244094488188977,0.7401574803149606,0.7637795275590551,0.7165354330708661,0.7427821522309713,0.7041619797525308,0.6805774278215223,2021-09-26,0.7244094488188977,92.0,268.2083333333333
2021-09-26,268.2083333333333,92,0.7244094488188977,0.7244094488188977,0.7244094488188977,0.7401574803149606,0.7244094488188977,0.7296587926509188,0.7052868391451069,0.6913385826771653,2021-09-27,0.6141732283464567,78.0,229.58333333333331
2021-09-27,229.58333333333331,78,0.6141732283464567,0.6141732283464567,0.7244094488188977,0.7244094488188977,0.5118110236220472,0.6876640419947507,0.6895388076490437,0.6884514435695537,2021-09-28,0.5826771653543307,74.0,220.33333333333331
2021-09-28,220.33333333333331,74,0.5826771653543307,0.5826771653543307,0.6141732283464567,0.7244094488188977,0.7480314960629921,0.6404199475065617,0.6996625421822271,0.6824146981627297,2021-09-29,0.5748031496062992,73.0,217.08333333333331
2021-09-29,217.08333333333331,73,0.5748031496062992,0.5748031496062992,0.5826771653543307,0.6141732283464567,0.7637795275590551,0.5905511811023623,0.6749156355455568,0.6834645669291338,2021-09-30,0.6220472440944882,79.0,233.04166666666663
2021-09-30,233.04166666666663,79,0.6220472440944882,0.6220472440944882,0.5748031496062992,0.5826771653543307,0.7401574803149606,0.5931758530183727,0.6546681664791899,0.6784776902887139,2021-10-01,0.49606299212598426,63.0,188.16666666666663
2021-10-01,188.16666666666663,63,0.49606299212598426,0.49606299212598426,0.6220472440944882,0.5748031496062992,0.7244094488188977,0.5643044619422573,0.6197975253093363,0.6695538057742783,2021-10-02,0.48031496062992124,61.0,182.33333333333331
2021-10-02,182.33333333333331,61,0.48031496062992124,0.48031496062992124,0.49606299212598426,0.6220472440944882,0.7244094488188977,0.5328083989501313,0.5849268841394825,0.6619422572178478,2021-10-03,0.5669291338582677,72.0,214.70833333333331
2021-10-03,214.70833333333331,72,0.5669291338582677,0.5669291338582677,0.48031496062992124,0.49606299212598426,0.6141732283464567,0.5144356955380578,0.5624296962879639,0.6572178477690289,2021-10-04,0.6771653543307087,86.0,253.58333333333331
2021-10-04,253.58333333333331,86,0.6771653543307087,0.6771653543307087,0.5669291338582677,0.48031496062992124,0.5826771653543307,0.5748031496062992,0.5714285714285714,0.6543307086614173,2021-10-05,0.6850393700787402,87.0,255.125
2021-10-05,255.125,87,0.6850393700787402,0.6850393700787402,0.6771653543307087,0.5669291338582677,0.5748031496062992,0.6430446194225722,0.5860517435320585,0.6517060367454068,2021-10-06,0.6299212598425197,80.0,234.58333333333331
2021-10-06,234.58333333333331,80,0.6299212598425197,0.6299212598425197,0.6850393700787402,0.6771653543307087,0.6220472440944882,0.6640419947506563,0.59392575928009,0.6564304461942256,2021-10-07,0.6535433070866141,83.0,244.125
2021-10-07,244.125,83,0.6535433070866141,0.6535433070866141,0.6299212598425197,0.6850393700787402,0.49606299212598426,0.6561679790026248,0.5984251968503936,0.6548556430446194,2021-10-08,0.6535433070866141,83.0,243.625
2021-10-08,243.625,83,0.6535433070866141,0.6535433070866141,0.6535433070866141,0.6299212598425197,0.48031496062992124,0.6456692913385828,0.6209223847019122,0.6517060367454068,2021-10-09,0.6614173228346457,84.0,247.875
2021-10-09,247.875,84,0.6614173228346457,0.6614173228346457,0.6535433070866141,0.6535433070866141,0.5669291338582677,0.6561679790026247,0.6467941507311584,0.6480314960629922,2021-10-10,0.5118110236220472,65.0,192.54166666666663
2021-10-10,192.54166666666663,65,0.5118110236220472,0.5118110236220472,0.6614173228346457,0.6535433070866141,0.6771653543307087,0.6089238845144358,0.6389201349831269,0.6406824146981627,2021-10-11,0.5590551181102362,71.0,211.25
2021-10-11,211.25,71,0.5590551181102362,0.5590551181102362,0.5118110236220472,0.6614173228346457,0.6850393700787402,0.5774278215223098,0.6220472440944881,0.6338582677165354,2021-10-12,0.25196850393700787,32.0,102.16666666666669
2021-10-12,102.16666666666669,32,0.25196850393700787,0.25196850393700787,0.5590551181102362,0.5118110236220472,0.6299212598425197,0.4409448818897639,0.5601799775028121,0.6215223097112861,2021-10-13,0.28346456692913385,36.0,114.16666666666669
2021-10-13,114.16666666666669,36,0.28346456692913385,0.28346456692913385,0.25196850393700787,0.5590551181102362,0.6535433070866141,0.3648293963254594,0.5106861642294712,0.6170603674540681,2021-10-14,0.33070866141732286,42.0,130.875
2021-10-14,130.875,42,0.33070866141732286,0.33070866141732286,0.28346456692913385,0.25196850393700787,0.6535433070866141,0.28871391076115493,0.4645669291338582,0.6081364829396325,2021-10-15,0.5039370078740157,64.0,191.5
2021-10-15,191.5,64,0.5039370078740157,0.5039370078740157,0.33070866141732286,0.28346456692913385,0.6614173228346457,0.3727034120734909,0.4431946006749156,0.6047244094488189,2021-10-16,0.6456692913385826,82.0,242.70833333333331
2021-10-16,242.70833333333331,82,0.6456692913385826,0.6456692913385826,0.5039370078740157,0.33070866141732286,0.5118110236220472,0.49343832020997386,0.4409448818897637,0.6018372703412073,2021-10-17,0.6299212598425197,80.0,234.5
2021-10-17,234.5,80,0.6299212598425197,0.6299212598425197,0.6456692913385826,0.5039370078740157,0.5590551181102362,0.5931758530183727,0.45781777277840263,0.5984251968503937,2021-10-18,0.5984251968503937,76.0,225.625
2021-10-18,225.625,76,0.5984251968503937,0.5984251968503937,0.6299212598425197,0.6456692913385826,0.25196850393700787,0.6246719160104988,0.46344206974128227,0.5955380577427822,2021-10-19,0.5669291338582677,72.0,213.41666666666663
2021-10-19,213.41666666666663,72,0.5669291338582677,0.5669291338582677,0.5984251968503937,0.6299212598425197,0.28346456692913385,0.5984251968503939,0.5084364454443194,0.5905511811023623,2021-10-20,0.36220472440944884,46.0,141.375
2021-10-20,141.375,46,0.36220472440944884,0.36220472440944884,0.5669291338582677,0.5984251968503937,0.33070866141732286,0.5091863517060369,0.5196850393700787,0.578477690288714,2021-10-21,0.3858267716535433,49.0,149.16666666666666
2021-10-21,149.16666666666666,49,0.3858267716535433,0.3858267716535433,0.36220472440944884,0.5669291338582677,0.5039370078740157,0.43832020997375337,0.5275590551181101,0.5742782152230972,2021-10-22,0.5590551181102362,71.0,211.54166666666663
2021-10-22,211.54166666666663,71,0.5590551181102362,0.5590551181102362,0.3858267716535433,0.36220472440944884,0.6456692913385826,0.4356955380577429,0.5354330708661417,0.5679790026246719,2021-10-23,0.5590551181102362,71.0,211.125
2021-10-23,211.125,71,0.5590551181102362,0.5590551181102362,0.5590551181102362,0.3858267716535433,0.6299212598425197,0.5013123359580053,0.5230596175478065,0.5611548556430446,2021-10-24,0.5039370078740157,64.0,190.83333333333331
2021-10-24,190.83333333333331,64,0.5039370078740157,0.5039370078740157,0.5590551181102362,0.5590551181102362,0.5984251968503937,0.5406824146981628,0.5050618672665916,0.5532808398950132,2021-10-25,0.49606299212598426,63.0,187.79166666666663
2021-10-25,187.79166666666663,63,0.49606299212598426,0.49606299212598426,0.5039370078740157,0.5590551181102362,0.5669291338582677,0.5196850393700788,0.49043869516310457,0.5456692913385827,2021-10-26,0.3464566929133858,44.0,135.375
2021-10-26,135.375,44,0.3464566929133858,0.3464566929133858,0.49606299212598426,0.5039370078740157,0.36220472440944884,0.44881889763779537,0.4589426321709786,0.5330708661417323,2021-10-27,0.5590551181102362,71.0,209.41666666666663
2021-10-27,209.41666666666663,71,0.5590551181102362,0.5590551181102362,0.3464566929133858,0.49606299212598426,0.3858267716535433,0.46719160104986884,0.4870641169853767,0.531233595800525,2021-10-28,0.5905511811023622,75.0,221.33333333333331
2021-10-28,221.33333333333331,75,0.5905511811023622,0.5905511811023622,0.5590551181102362,0.3464566929133858,0.5590551181102362,0.49868766404199477,0.5163104611923509,0.531496062992126,2021-10-29,0.5905511811023622,75.0,223.125
2021-10-29,223.125,75,0.5905511811023622,0.5905511811023622,0.5905511811023622,0.5590551181102362,0.5590551181102362,0.5800524934383202,0.5208098987626546,0.532020997375328,2021-10-30,0.5748031496062992,73.0,216.75
2021-10-30,216.75,73,0.5748031496062992,0.5748031496062992,0.5905511811023622,0.5905511811023622,0.5039370078740157,0.5853018372703412,0.5230596175478064,0.5304461942257218,2021-10-31,0.5511811023622047,70.0,209.25
2021-10-31,209.25,70,0.5511811023622047,0.5511811023622047,0.5748031496062992,0.5905511811023622,0.49606299212598426,0.5721784776902888,0.5298087739032621,0.5322834645669291,2021-11-01,0.5433070866141733,69.0,205.04166666666663
2021-11-01,205.04166666666663,69,0.5433070866141733,0.5433070866141733,0.5511811023622047,0.5748031496062992,0.3464566929133858,0.5564304461942258,0.5365579302587176,0.5343832020997376,2021-11-02,0.4409448818897638,56.0,169.54166666666666
2021-11-02,169.54166666666666,56,0.4409448818897638,0.4409448818897638,0.5433070866141733,0.5511811023622047,0.5590551181102362,0.5118110236220473,0.5500562429696287,0.5301837270341208,2021-11-03,0.0,0.0,12.25
2021-11-03,12.25,0,0.0,0.0,0.4409448818897638,0.5433070866141733,0.5905511811023622,0.3280839895013124,0.47019122609673786,0.5076115485564304,2021-11-04,0.31496062992125984,40.0,124.75
2021-11-04,124.75,40,0.31496062992125984,0.31496062992125984,0.0,0.4409448818897638,0.5905511811023622,0.2519685039370079,0.43082114735658034,0.4952755905511811,2021-11-05,0.5433070866141733,69.0,204.20833333333331
2021-11-05,204.20833333333331,69,0.5433070866141733,0.5433070866141733,0.31496062992125984,0.0,0.5748031496062992,0.2860892388451444,0.4240719910011248,0.4923884514435696,2021-11-06,0.5354330708661418,68.0,202.95833333333331
2021-11-06,202.95833333333331,68,0.5354330708661418,0.5354330708661418,0.5433070866141733,0.31496062992125984,0.5511811023622047,0.46456692913385833,0.41844769403824517,0.4884514435695538,2021-11-07,0.5433070866141733,69.0,203.70833333333331
2021-11-07,203.70833333333331,69,0.5433070866141733,0.5433070866141733,0.5354330708661418,0.5433070866141733,0.5433070866141733,0.5406824146981629,0.41732283464566916,0.48477690288713915,2021-11-08,0.5196850393700787,66.0,197.54166666666663
2021-11-08,197.54166666666663,66,0.5196850393700787,0.5196850393700787,0.5433070866141733,0.5354330708661418,0.4409448818897638,0.5328083989501313,0.4139482564679414,0.4800524934383202,2021-11-09,0.33858267716535434,43.0,133.33333333333334
2021-11-09,133.33333333333334,43,0.33858267716535434,0.33858267716535434,0.5196850393700787,0.5433070866141733,0.0,0.4671916010498689,0.39932508436445435,0.47427821522309715,2021-11-10,0.3937007874015748,50.0,151.91666666666666
2021-11-10,151.91666666666666,50,0.3937007874015748,0.3937007874015748,0.33858267716535434,0.5196850393700787,0.31496062992125984,0.4173228346456694,0.4555680539932508,0.4687664041994751,2021-11-11,0.5118110236220472,65.0,194.16666666666663
2021-11-11,194.16666666666663,65,0.5118110236220472,0.5118110236220472,0.3937007874015748,0.33858267716535434,0.5433070866141733,0.41469816272965887,0.4836895388076489,0.4774278215223097,2021-11-12,0.48031496062992124,61.0,183.54166666666663
2021-11-12,183.54166666666663,61,0.48031496062992124,0.48031496062992124,0.5118110236220472,0.3937007874015748,0.5354330708661418,0.4619422572178478,0.47469066366704155,0.4839895013123359,2021-11-13,0.5118110236220472,65.0,193.41666666666663
2021-11-13,193.41666666666663,65,0.5118110236220472,0.5118110236220472,0.48031496062992124,0.5118110236220472,0.5433070866141733,0.5013123359580053,0.47131608548931375,0.4900262467191601,2021-11-14,0.49606299212598426,63.0,187.04166666666663
2021-11-14,187.04166666666663,63,0.49606299212598426,0.49606299212598426,0.5118110236220472,0.48031496062992124,0.5196850393700787,0.4960629921259843,0.4645669291338582,0.48976377952755906,2021-11-15,0.4881889763779528,62.0,184.41666666666663
2021-11-15,184.41666666666663,62,0.4881889763779528,0.4881889763779528,0.49606299212598426,0.5118110236220472,0.33858267716535434,0.4986876640419948,0.4600674915635545,0.4845144356955381,2021-11-16,0.4094488188976378,52.0,157.625
2021-11-16,157.625,52,0.4094488188976378,0.4094488188976378,0.4881889763779528,0.49606299212598426,0.3937007874015748,0.46456692913385833,0.47019122609673786,0.47716535433070867,2021-11-17,0.48031496062992124,61.0,181.70833333333331
2021-11-17,181.70833333333331,61,0.48031496062992124,0.48031496062992124,0.4094488188976378,0.4881889763779528,0.5118110236220472,0.45931758530183736,0.48256467941507303,0.473228346456693,2021-11-18,0.33858267716535434,43.0,131.33333333333334
2021-11-18,131.33333333333334,43,0.33858267716535434,0.33858267716535434,0.48031496062992124,0.4094488188976378,0.48031496062992124,0.4094488188976379,0.4578177727784026,0.46561679790026245,2021-11-19,0.47244094488188976,60.0,179.5
2021-11-19,179.5,60,0.47244094488188976,0.47244094488188976,0.33858267716535434,0.48031496062992124,0.5118110236220472,0.4304461942257219,0.45669291338582674,0.4692913385826772,2021-11-20,0.2755905511811024,35.0,111.29166666666669
2021-11-20,111.29166666666669,35,0.2755905511811024,0.2755905511811024,0.47244094488188976,0.33858267716535434,0.49606299212598426,0.3622047244094489,0.42294713160854885,0.46561679790026245,2021-11-21,0.18110236220472442,23.0,76.125
2021-11-21,76.125,23,0.18110236220472442,0.18110236220472442,0.2755905511811024,0.47244094488188976,0.4881889763779528,0.30971128608923887,0.3779527559055117,0.4530183727034121,2021-11-22,0.4881889763779528,62.0,185.58333333333331
2021-11-22,185.58333333333331,62,0.4881889763779528,0.4881889763779528,0.18110236220472442,0.2755905511811024,0.4094488188976378,0.31496062992125995,0.37795275590551175,0.4506561679790026,2021-11-23,0.44881889763779526,57.0,172.25
2021-11-23,172.25,57,0.44881889763779526,0.44881889763779526,0.4881889763779528,0.18110236220472442,0.48031496062992124,0.3727034120734909,0.3835770528683914,0.4488188976377953,2021-11-24,0.2677165354330709,34.0,106.83333333333331
2021-11-24,106.83333333333331,34,0.2677165354330709,0.2677165354330709,0.44881889763779526,0.4881889763779528,0.33858267716535434,0.4015748031496063,0.35320584926884135,0.44120734908136483,2021-11-25,0.2125984251968504,27.0,87.79166666666667
2021-11-25,87.79166666666667,27,0.2125984251968504,0.2125984251968504,0.2677165354330709,0.44881889763779526,0.47244094488188976,0.30971128608923887,0.33520809898762655,0.436745406824147,2021-11-26,0.2204724409448819,28.0,90.91666666666669
2021-11-26,90.91666666666669,28,0.2204724409448819,0.2204724409448819,0.2125984251968504,0.2677165354330709,0.2755905511811024,0.23359580052493448,0.2992125984251968,0.4254593175853018,2021-11-27,0.023622047244094488,3.0,20.166666666666668
2021-11-27,20.166666666666668,3,0.023622047244094488,0.023622047244094488,0.2204724409448819,0.2125984251968504,0.18110236220472442,0.152230971128609,0.2632170978627671,0.4065616797900262,2021-11-28,0.4330708661417323,55.0,165.83333333333334
2021-11-28,165.83333333333334,55,0.4330708661417323,0.4330708661417323,0.023622047244094488,0.2204724409448819,0.4881889763779528,0.22572178477690297,0.2992125984251968,0.40131233595800525,2021-11-29,0.4566929133858268,58.0,175.45833333333334
2021-11-29,175.45833333333334,58,0.4566929133858268,0.4566929133858268,0.4330708661417323,0.023622047244094488,0.44881889763779526,0.30446194225721795,0.29471316085489313,0.3973753280839895,2021-11-30,0.3937007874015748,50.0,150.95833333333334
2021-11-30,150.95833333333334,50,0.3937007874015748,0.3937007874015748,0.4566929133858268,0.4330708661417323,0.2677165354330709,0.42782152230971143,0.2868391451068616,0.39212598425196854,2021-12-01,0.4015748031496063,51.0,155.75
2021-12-01,155.75,51,0.4015748031496063,0.4015748031496063,0.3937007874015748,0.4566929133858268,0.2125984251968504,0.4173228346456694,0.3059617547806524,0.38740157480314963,2021-12-02,0.30708661417322836,39.0,122.16666666666669
2021-12-02,122.16666666666669,39,0.30708661417322836,0.30708661417322836,0.4015748031496063,0.3937007874015748,0.2204724409448819,0.3674540682414699,0.31946006749156347,0.3829396325459317,2021-12-03,0.12598425196850394,16.0,57.125
2021-12-03,57.125,16,0.12598425196850394,0.12598425196850394,0.30708661417322836,0.4015748031496063,0.023622047244094488,0.27821522309711294,0.3059617547806524,0.38713910761154857,2021-12-04,0.2125984251968504,27.0,86.79166666666667
2021-12-04,86.79166666666667,27,0.2125984251968504,0.2125984251968504,0.12598425196850394,0.30708661417322836,0.4330708661417323,0.21522309711286094,0.3329583802024746,0.38372703412073494,2021-12-05,0.1889763779527559,24.0,78.375
2021-12-05,78.375,24,0.1889763779527559,0.1889763779527559,0.2125984251968504,0.12598425196850394,0.4566929133858268,0.17585301837270348,0.2980877390326209,0.37191601049868767,2021-12-06,0.2047244094488189,26.0,84.66666666666667
2021-12-06,84.66666666666667,26,0.2047244094488189,0.2047244094488189,0.1889763779527559,0.2125984251968504,0.3937007874015748,0.2020997375328085,0.2620922384701912,0.36089238845144356,2021-12-07,0.3937007874015748,50.0,151.41666666666666
2021-12-07,151.41666666666666,50,0.3937007874015748,0.3937007874015748,0.2047244094488189,0.1889763779527559,0.4015748031496063,0.2624671916010499,0.2620922384701912,0.35590551181102364,2021-12-08,0.4330708661417323,55.0,165.70833333333334
2021-12-08,165.70833333333334,55,0.4330708661417323,0.4330708661417323,0.3937007874015748,0.2047244094488189,0.30708661417322836,0.34383202099737536,0.2665916760404949,0.3530183727034121,2021-12-09,0.1889763779527559,24.0,79.58333333333333
2021-12-09,79.58333333333333,24,0.1889763779527559,0.1889763779527559,0.4330708661417323,0.3937007874015748,0.12598425196850394,0.3385826771653544,0.24971878515185594,0.3480314960629921,2021-12-10,0.33858267716535434,43.0,131.70833333333334
2021-12-10,131.70833333333334,43,0.33858267716535434,0.33858267716535434,0.1889763779527559,0.4330708661417323,0.2125984251968504,0.3202099737532809,0.280089988751406,0.3461942257217848,2021-12-11,0.2047244094488189,26.0,83.54166666666667
2021-12-11,83.54166666666667,26,0.2047244094488189,0.2047244094488189,0.33858267716535434,0.1889763779527559,0.1889763779527559,0.24409448818897642,0.27896512935883006,0.3359580052493438,2021-12-12,0.4409448818897638,56.0,168.08333333333334
2021-12-12,168.08333333333334,56,0.4409448818897638,0.4409448818897638,0.2047244094488189,0.33858267716535434,0.2047244094488189,0.3280839895013124,0.3149606299212598,0.3346456692913386,2021-12-13,0.2440944881889764,31.0,100.25
2021-12-13,100.25,31,0.2440944881889764,0.2440944881889764,0.4409448818897638,0.2047244094488189,0.3937007874015748,0.2965879265091864,0.3205849268841394,0.32572178477690283,2021-12-14,0.1889763779527559,24.0,78.16666666666667
2021-12-14,78.16666666666667,24,0.1889763779527559,0.1889763779527559,0.2440944881889764,0.4409448818897638,0.4330708661417323,0.2913385826771654,0.2913385826771653,0.31548556430446195,2021-12-15,0.2125984251968504,27.0,87.45833333333333
2021-12-15,87.45833333333333,27,0.2125984251968504,0.2125984251968504,0.1889763779527559,0.2440944881889764,0.1889763779527559,0.21522309711286094,0.2598425196850393,0.3062992125984252,2021-12-16,0.11811023622047244,15.0,55.29166666666666
2021-12-16,55.29166666666666,15,0.11811023622047244,0.11811023622047244,0.2125984251968504,0.1889763779527559,0.33858267716535434,0.17322834645669294,0.24971878515185594,0.29658792650918636,2021-12-17,0.1732283464566929,22.0,73.25
2021-12-17,73.25,22,0.1732283464566929,0.1732283464566929,0.11811023622047244,0.2125984251968504,0.2047244094488189,0.16797900262467194,0.22609673790776144,0.2863517060367454,2021-12-18,0.05511811023622047,7.0,30.75
2021-12-18,30.75,7,0.05511811023622047,0.05511811023622047,0.1732283464566929,0.11811023622047244,0.4409448818897638,0.11548556430446198,0.20472440944881884,0.2769028871391076,2021-12-19,0.33070866141732286,42.0,129.375
2021-12-19,129.375,42,0.33070866141732286,0.33070866141732286,0.05511811023622047,0.1732283464566929,0.2440944881889764,0.18635170603674545,0.18897637795275585,0.2721784776902887,2021-12-20,0.3937007874015748,50.0,151.79166666666666
2021-12-20,151.79166666666666,50,0.3937007874015748,0.3937007874015748,0.33070866141732286,0.05511811023622047,0.1889763779527559,0.2598425196850394,0.21034870641169848,0.27611548556430443,2021-12-21,0.4251968503937008,54.0,163.0
2021-12-21,163.0,54,0.4251968503937008,0.4251968503937008,0.3937007874015748,0.33070866141732286,0.2125984251968504,0.3832020997375329,0.24409448818897633,0.284251968503937,2021-12-22,0.4251968503937008,54.0,163.91666666666666
2021-12-22,163.91666666666666,54,0.4251968503937008,0.4251968503937008,0.4251968503937008,0.3937007874015748,0.11811023622047244,0.4146981627296588,0.27446569178852637,0.28215223097112857,2021-12-23,0.2440944881889764,31.0,97.75
2021-12-23,97.75,31,0.2440944881889764,0.2440944881889764,0.4251968503937008,0.4251968503937008,0.1732283464566929,0.3648293963254594,0.2924634420697413,0.27532808398950137,2021-12-24,0.3464566929133858,44.0,134.91666666666666
2021-12-24,134.91666666666666,44,0.3464566929133858,0.3464566929133858,0.2440944881889764,0.4251968503937008,0.05511811023622047,0.3385826771653544,0.3172103487064116,0.2779527559055118,2021-12-25,0.28346456692913385,36.0,112.41666666666669
2021-12-25,112.41666666666669,36,0.28346456692913385,0.28346456692913385,0.3464566929133858,0.2440944881889764,0.33070866141732286,0.2913385826771654,0.34983127109111356,0.2803149606299213,2021-12-26,0.23622047244094488,30.0,97.29166666666669
2021-12-26,97.29166666666669,30,0.23622047244094488,0.23622047244094488,0.28346456692913385,0.3464566929133858,0.3937007874015748,0.2887139107611549,0.33633295838020244,0.2808398950131234,2021-12-27,0.28346456692913385,36.0,114.0
2021-12-27,114.0,36,0.28346456692913385,0.28346456692913385,0.23622047244094488,0.28346456692913385,0.4251968503937008,0.2677165354330709,0.3205849268841394,0.28950131233595805,2021-12-28,0.05511811023622047,7.0,31.0
2021-12-28,31.0,7,0.05511811023622047,0.05511811023622047,0.28346456692913385,0.23622047244094488,0.4251968503937008,0.19160104986876644,0.2677165354330708,0.2769028871391076,2021-12-29,0.25196850393700787,32.0,101.25
2021-12-29,101.25,32,0.25196850393700787,0.25196850393700787,0.05511811023622047,0.28346456692913385,0.2440944881889764,0.1968503937007874,0.2429696287964004,0.2700787401574803,2021-12-30,0.2992125984251969,38.0,118.125
2021-12-30,118.125,38,0.2992125984251969,0.2992125984251969,0.25196850393700787,0.05511811023622047,0.3464566929133858,0.20209973753280844,0.25084364454443187,0.2669291338582677,2021-12-31,0.2283464566929134,29.0,92.16666666666669
2021-12-31,92.16666666666669,29,0.2283464566929134,0.2283464566929134,0.2992125984251969,0.25196850393700787,0.28346456692913385,0.2598425196850394,0.23397075365579295,0.26115485564304464,2022-01-01,0.12598425196850394,16.0,55.91666666666666
2022-01-01,55.91666666666666,16,0.12598425196850394,0.12598425196850394,0.2283464566929134,0.2992125984251969,0.23622047244094488,0.21784776902887146,0.2114735658042744,0.25511811023622044,2022-01-02,0.4566929133858268,58.0,175.5
2022-01-02,175.5,58,0.4566929133858268,0.4566929133858268,0.12598425196850394,0.2283464566929134,0.28346456692913385,0.2703412073490814,0.2429696287964004,0.26614173228346455,2022-01-03,0.4645669291338583,59.0,176.45833333333334
2022-01-03,176.45833333333334,59,0.4645669291338583,0.4645669291338583,0.4566929133858268,0.12598425196850394,0.05511811023622047,0.3490813648293964,0.26884139482564673,0.27454068241469815,2022-01-04,0.4566929133858268,58.0,173.04166666666666
2022-01-04,173.04166666666666,58,0.4566929133858268,0.4566929133858268,0.4645669291338583,0.4566929133858268,0.25196850393700787,0.45931758530183736,0.32620922384701906,0.2834645669291339,2022-01-05,0.44881889763779526,57.0,172.20833333333334
2022-01-05,172.20833333333334,57,0.44881889763779526,0.44881889763779526,0.4566929133858268,0.4645669291338583,0.2992125984251969,0.45669291338582685,0.35433070866141725,0.2916010498687664,2022-01-06,0.44881889763779526,57.0,171.70833333333334
2022-01-06,171.70833333333334,57,0.44881889763779526,0.44881889763779526,0.44881889763779526,0.4566929133858268,0.2283464566929134,0.45144356955380577,0.3757030371203599,0.2934383202099737,2022-01-07,0.25984251968503935,33.0,105.16666666666669
2022-01-07,105.16666666666669,33,0.25984251968503935,0.25984251968503935,0.44881889763779526,0.44881889763779526,0.12598425196850394,0.38582677165354334,0.38020247469066365,0.28766404199475065,2022-01-08,0.31496062992125984,40.0,123.79166666666669
2022-01-08,123.79166666666669,40,0.31496062992125984,0.31496062992125984,0.25984251968503935,0.44881889763779526,0.4566929133858268,0.3412073490813648,0.40719910011248583,0.29186351706036745,2022-01-09,0.3543307086614173,45.0,136.91666666666666
2022-01-09,136.91666666666666,45,0.3543307086614173,0.3543307086614173,0.31496062992125984,0.25984251968503935,0.4645669291338583,0.30971128608923887,0.3925759280089988,0.2923884514435695,2022-01-10,0.3937007874015748,50.0,152.54166666666666
2022-01-10,152.54166666666666,50,0.3937007874015748,0.3937007874015748,0.3543307086614173,0.31496062992125984,0.4566929133858268,0.35433070866141736,0.38245219347581544,0.29868766404199476,2022-01-11,0.07086614173228346,9.0,36.75
2022-01-11,36.75,9,0.07086614173228346,0.07086614173228346,0.3937007874015748,0.3543307086614173,0.44881889763779526,0.2729658792650919,0.32733408323959506,0.2863517060367454,2022-01-12,0.4094488188976378,52.0,156.95833333333334
2022-01-12,156.95833333333334,52,0.4094488188976378,0.4094488188976378,0.07086614173228346,0.3937007874015748,0.44881889763779526,0.2913385826771654,0.32170978627671537,0.2918635170603674,2022-01-13,0.47244094488188976,60.0,179.54166666666666
2022-01-13,179.54166666666666,60,0.47244094488188976,0.47244094488188976,0.4094488188976378,0.07086614173228346,0.25984251968503935,0.31758530183727035,0.3250843644544431,0.3013123359580053,2022-01-14,0.4645669291338583,59.0,176.33333333333334
2022-01-14,176.33333333333334,59,0.4645669291338583,0.4645669291338583,0.47244094488188976,0.4094488188976378,0.31496062992125984,0.4488188976377953,0.35433070866141725,0.3097112860892388,2022-01-15,0.4566929133858268,58.0,174.16666666666666
2022-01-15,174.16666666666666,58,0.4566929133858268,0.4566929133858268,0.4645669291338583,0.47244094488188976,0.3543307086614173,0.46456692913385833,0.374578177727784,0.32099737532808403,2022-01-16,0.49606299212598426,63.0,186.91666666666663
2022-01-16,186.91666666666663,63,0.49606299212598426,0.49606299212598426,0.4566929133858268,0.4645669291338583,0.3937007874015748,0.4724409448818898,0.39482564679415066,0.33175853018372703,2022-01-17,0.4881889763779528,62.0,186.70833333333331
2022-01-17,186.70833333333331,62,0.4881889763779528,0.4881889763779528,0.49606299212598426,0.4566929133858268,0.07086614173228346,0.4803149606299213,0.40832395950506184,0.3461942257217848,2022-01-18,0.3779527559055118,48.0,146.16666666666666
2022-01-18,146.16666666666666,48,0.3779527559055118,0.3779527559055118,0.4881889763779528,0.49606299212598426,0.4094488188976378,0.45406824146981634,0.45219347581552294,0.34776902887139105,2022-01-19,0.31496062992125984,40.0,123.41666666666669
2022-01-19,123.41666666666669,40,0.31496062992125984,0.31496062992125984,0.3779527559055118,0.4881889763779528,0.47244094488188976,0.3937007874015748,0.43869516310461193,0.34514435695538054,2022-01-20,0.11023622047244094,14.0,52.125
2022-01-20,52.125,14,0.11023622047244094,0.11023622047244094,0.31496062992125984,0.3779527559055118,0.4645669291338583,0.2677165354330709,0.3869516310461192,0.3346456692913386,2022-01-21,0.49606299212598426,63.0,189.0
2022-01-21,189.0,63,0.49606299212598426,0.49606299212598426,0.11023622047244094,0.31496062992125984,0.4566929133858268,0.3070866141732284,0.39145106861642287,0.337007874015748,2022-01-22,0.49606299212598426,63.0,189.625
2022-01-22,189.625,63,0.49606299212598426,0.49606299212598426,0.49606299212598426,0.11023622047244094,0.49606299212598426,0.3674540682414699,0.3970753655793025,0.3454068241469816,2022-01-23,0.14960629921259844,19.0,66.29166666666667
2022-01-23,66.29166666666667,19,0.14960629921259844,0.14960629921259844,0.49606299212598426,0.49606299212598426,0.4881889763779528,0.3805774278215224,0.3475815523059617,0.33884514435695545,2022-01-24,0.05511811023622047,7.0,30.5
2022-01-24,30.5,7,0.05511811023622047,0.05511811023622047,0.14960629921259844,0.49606299212598426,0.3779527559055118,0.23359580052493442,0.28571428571428564,0.3312335958005249,2022-01-25,0.08661417322834646,11.0,43.208333333333336
2022-01-25,43.208333333333336,11,0.08661417322834646,0.08661417322834646,0.05511811023622047,0.14960629921259844,0.31496062992125984,0.0971128608923885,0.24409448818897633,0.326246719160105,2022-01-26,0.5039370078740157,64.0,189.75
2022-01-26,189.75,64,0.5039370078740157,0.5039370078740157,0.08661417322834646,0.05511811023622047,0.11023622047244094,0.21522309711286094,0.27109111361079863,0.33359580052493437,2022-01-27,0.3228346456692913,41.0,126.95833333333331
2022-01-27,126.95833333333331,41,0.3228346456692913,0.3228346456692913,0.5039370078740157,0.08661417322834646,0.49606299212598426,0.3044619422572179,0.30146231721034866,0.34251968503937014,2022-01-28,0.5275590551181102,67.0,199.875
2022-01-28,199.875,67,0.5275590551181102,0.5275590551181102,0.3228346456692913,0.5039370078740157,0.49606299212598426,0.4514435695538059,0.3059617547806524,0.3517060367454068,2022-01-29,0.5433070866141733,69.0,204.75
2022-01-29,204.75,69,0.5433070866141733,0.5433070866141733,0.5275590551181102,0.3228346456692913,0.14960629921259844,0.46456692913385833,0.31271091113610794,0.3598425196850394,2022-01-30,0.5354330708661418,68.0,203.08333333333331
2022-01-30,203.08333333333331,68,0.5354330708661418,0.5354330708661418,0.5433070866141733,0.5275590551181102,0.05511811023622047,0.5354330708661418,0.36782902137232837,0.3700787401574803,2022-01-31,0.03937007874015748,5.0,26.70833333333333
2022-01-31,26.70833333333333,5,0.03937007874015748,0.03937007874015748,0.5354330708661418,0.5433070866141733,0.08661417322834646,0.37270341207349095,0.3655793025871765,0.36719160104986875,2022-02-01,0.2047244094488189,26.0,85.875
2022-02-01,85.875,26,0.2047244094488189,0.2047244094488189,0.03937007874015748,0.5354330708661418,0.5039370078740157,0.25984251968503946,0.3824521934758155,0.35879265091863516,2022-02-02,0.023622047244094488,3.0,21.75
2022-02-02,21.75,3,0.023622047244094488,0.023622047244094488,0.2047244094488189,0.03937007874015748,0.3228346456692913,0.08923884514435704,0.3138357705286839,0.3440944881889764,2022-02-03,0.08661417322834646,11.0,42.583333333333336
2022-02-03,42.583333333333336,11,0.08661417322834646,0.08661417322834646,0.023622047244094488,0.2047244094488189,0.5275590551181102,0.10498687664042002,0.280089988751406,0.33175853018372703,2022-02-04,0.5118110236220472,65.0,195.25
2022-02-04,195.25,65,0.5118110236220472,0.5118110236220472,0.08661417322834646,0.023622047244094488,0.5433070866141733,0.20734908136482946,0.27784026996625416,0.33385826771653543,2022-02-05,0.5826771653543307,74.0,219.41666666666663
2022-02-05,219.41666666666663,74,0.5826771653543307,0.5826771653543307,0.5118110236220472,0.08661417322834646,0.5354330708661418,0.3937007874015748,0.2834645669291338,0.3383202099737533,2022-02-06,0.5669291338582677,72.0,214.29166666666663
2022-02-06,214.29166666666663,72,0.5669291338582677,0.5669291338582677,0.5826771653543307,0.5118110236220472,0.03937007874015748,0.5538057742782153,0.2879640044994375,0.3485564304461942,2022-02-07,0.5669291338582677,72.0,212.33333333333331
2022-02-07,212.33333333333331,72,0.5669291338582677,0.5669291338582677,0.5669291338582677,0.5826771653543307,0.2047244094488189,0.5721784776902887,0.3633295838020247,0.3569553805774278,2022-02-08,0.5905511811023622,75.0,220.75
2022-02-08,220.75,75,0.5905511811023622,0.5905511811023622,0.5669291338582677,0.5669291338582677,0.023622047244094488,0.5748031496062993,0.4184476940382451,0.3648293963254593,2022-02-09,0.5826771653543307,74.0,219.54166666666663
2022-02-09,219.54166666666663,74,0.5826771653543307,0.5826771653543307,0.5905511811023622,0.5669291338582677,0.08661417322834646,0.5800524934383202,0.49831271091113605,0.3711286089238845,2022-02-10,0.5748031496062992,73.0,215.125
2022-02-10,215.125,73,0.5748031496062992,0.5748031496062992,0.5826771653543307,0.5905511811023622,0.5118110236220472,0.5826771653543308,0.5680539932508436,0.38792650918635174,2022-02-11,0.5826771653543307,74.0,218.04166666666663
2022-02-11,218.04166666666663,74,0.5826771653543307,0.5826771653543307,0.5748031496062992,0.5826771653543307,0.5826771653543307,0.5800524934383202,0.5781777277840269,0.3937007874015748,2022-02-12,0.18110236220472442,23.0,76.29166666666667
2022-02-12,76.29166666666667,23,0.18110236220472442,0.18110236220472442,0.5826771653543307,0.5748031496062992,0.5669291338582677,0.44619422572178485,0.5208098987626546,0.38398950131233595,2022-02-13,0.6141732283464567,78.0,229.83333333333331
2022-02-13,229.83333333333331,78,0.6141732283464567,0.6141732283464567,0.18110236220472442,0.5826771653543307,0.5669291338582677,0.45931758530183736,0.5275590551181102,0.3889763779527559,2022-02-14,0.6141732283464567,78.0,231.5
2022-02-14,231.5,78,0.6141732283464567,0.6141732283464567,0.6141732283464567,0.18110236220472442,0.5905511811023622,0.4698162729658793,0.5343082114735658,0.39422572178477694,2022-02-15,0.5984251968503937,76.0,223.70833333333331
2022-02-15,223.70833333333331,76,0.5984251968503937,0.5984251968503937,0.6141732283464567,0.6141732283464567,0.5826771653543307,0.6089238845144358,0.5354330708661417,0.39763779527559057,2022-02-16,0.23622047244094488,30.0,95.875
2022-02-16,95.875,30,0.23622047244094488,0.23622047244094488,0.5984251968503937,0.6141732283464567,0.5748031496062992,0.48293963254593186,0.4859392575928008,0.3892388451443569,2022-02-17,0.6141732283464567,78.0,229.33333333333331
2022-02-17,229.33333333333331,78,0.6141732283464567,0.6141732283464567,0.23622047244094488,0.5984251968503937,0.5826771653543307,0.48293963254593186,0.4915635545556805,0.39711286089238845,2022-02-18,0.6299212598425197,80.0,234.5
2022-02-18,234.5,80,0.6299212598425197,0.6299212598425197,0.6141732283464567,0.23622047244094488,0.18110236220472442,0.49343832020997386,0.4983127109111361,0.4076115485564305,2022-02-19,0.6456692913385826,82.0,241.58333333333331
2022-02-19,241.58333333333331,82,0.6456692913385826,0.6456692913385826,0.6299212598425197,0.6141732283464567,0.6141732283464567,0.6299212598425198,0.5646794150731158,0.42545931758530187,2022-02-20,0.4251968503937008,54.0,163.16666666666666
2022-02-20,163.16666666666666,54,0.4251968503937008,0.4251968503937008,0.6456692913385826,0.6299212598425197,0.6141732283464567,0.5669291338582677,0.5376827896512936,0.4230971128608924,2022-02-21,0.5275590551181102,67.0,198.25
2022-02-21,198.25,67,0.5275590551181102,0.5275590551181102,0.4251968503937008,0.6456692913385826,0.5984251968503937,0.5328083989501313,0.5253093363329583,0.4241469816272966,2022-02-22,0.5826771653543307,74.0,219.91666666666663
2022-02-22,219.91666666666663,74,0.5826771653543307,0.5826771653543307,0.5275590551181102,0.4251968503937008,0.23622047244094488,0.5118110236220473,0.5230596175478065,0.4385826771653543,2022-02-23,0.08661417322834646,11.0,41.958333333333336
2022-02-23,41.958333333333336,11,0.08661417322834646,0.08661417322834646,0.5826771653543307,0.5275590551181102,0.6141732283464567,0.3989501312335959,0.5016872890888638,0.43963254593175854,2022-02-24,0.25196850393700787,32.0,102.16666666666669
2022-02-24,102.16666666666669,32,0.25196850393700787,0.25196850393700787,0.08661417322834646,0.5826771653543307,0.6299212598425197,0.3070866141732284,0.4499437570303711,0.44514435695538057,2022-02-25,0.11023622047244094,14.0,50.583333333333336
2022-02-25,50.583333333333336,14,0.11023622047244094,0.11023622047244094,0.25196850393700787,0.08661417322834646,0.6456692913385826,0.1496062992125985,0.37570303712035985,0.43202099737532806,2022-02-26,0.14173228346456693,18.0,62.29166666666666
2022-02-26,62.29166666666666,18,0.14173228346456693,0.14173228346456693,0.11023622047244094,0.25196850393700787,0.4251968503937008,0.167979002624672,0.30371203599550045,0.42598425196850387,2022-02-27,0.6850393700787402,87.0,254.875
2022-02-27,254.875,87,0.6850393700787402,0.6850393700787402,0.14173228346456693,0.11023622047244094,0.5275590551181102,0.31233595800524944,0.3408323959505061,0.43123359580052495,2022-02-28,0.7086614173228346,90.0,262.75
2022-02-28,262.75,90,0.7086614173228346,0.7086614173228346,0.6850393700787402,0.14173228346456693,0.5826771653543307,0.5118110236220473,0.3667041619797525,0.436745406824147,2022-03-01,0.6535433070866141,83.0,245.33333333333331
2022-03-01,245.33333333333331,83,0.6535433070866141,0.6535433070866141,0.7086614173228346,0.6850393700787402,0.08661417322834646,0.6824146981627296,0.3768278965129358,0.4406824146981627,2022-03-02,0.5590551181102362,71.0,209.79166666666663
2022-03-02,209.79166666666663,71,0.5590551181102362,0.5590551181102362,0.6535433070866141,0.7086614173228346,0.25196850393700787,0.6404199475065617,0.4443194600674915,0.458005249343832,2022-03-03,0.6535433070866141,83.0,244.375
2022-03-03,244.375,83,0.6535433070866141,0.6535433070866141,0.5590551181102362,0.6535433070866141,0.11023622047244094,0.6220472440944883,0.5016872890888638,0.47296587926509187,2022-03-04,0.25196850393700787,32.0,102.70833333333331
2022-03-04,102.70833333333331,32,0.25196850393700787,0.25196850393700787,0.6535433070866141,0.5590551181102362,0.14173228346456693,0.4881889763779528,0.5219347581552305,0.4805774278215223,2022-03-05,0.1968503937007874,25.0,80.75
2022-03-05,80.75,25,0.1968503937007874,0.1968503937007874,0.25196850393700787,0.6535433070866141,0.6850393700787402,0.3674540682414699,0.5298087739032621,0.484251968503937,2022-03-06,0.2755905511811024,35.0,108.95833333333331
2022-03-06,108.95833333333331,35,0.2755905511811024,0.2755905511811024,0.1968503937007874,0.25196850393700787,0.7086614173228346,0.24146981627296596,0.47131608548931375,0.4763779527559055,2022-03-07,0.2125984251968504,27.0,86.79166666666667
2022-03-07,86.79166666666667,27,0.2125984251968504,0.2125984251968504,0.2755905511811024,0.1968503937007874,0.6535433070866141,0.2283464566929135,0.4004499437570303,0.4640419947506561,2022-03-08,0.36220472440944884,46.0,140.70833333333334
2022-03-08,140.70833333333334,46,0.36220472440944884,0.36220472440944884,0.2125984251968504,0.2755905511811024,0.5590551181102362,0.28346456692913397,0.358830146231721,0.4572178477690289,2022-03-09,0.6850393700787402,87.0,256.625
2022-03-09,256.625,87,0.6850393700787402,0.6850393700787402,0.36220472440944884,0.2125984251968504,0.6535433070866141,0.41994750656167995,0.37682789651293586,0.4611548556430446,2022-03-10,0.7165354330708661,91.0,267.9166666666667
2022-03-10,267.9166666666667,91,0.7165354330708661,0.7165354330708661,0.6850393700787402,0.36220472440944884,0.25196850393700787,0.5879265091863518,0.38582677165354323,0.46535433070866145,2022-03-11,0.25196850393700787,32.0,101.0
2022-03-11,101.0,32,0.25196850393700787,0.25196850393700787,0.7165354330708661,0.6850393700787402,0.1968503937007874,0.5511811023622047,0.38582677165354323,0.4543307086614173,2022-03-12,0.7795275590551181,99.0,288.5416666666667
2022-03-12,288.5416666666667,99,0.7795275590551181,0.7795275590551181,0.25196850393700787,0.7165354330708661,0.2755905511811024,0.5826771653543308,0.4690663667041619,0.4611548556430446,2022-03-13,0.6141732283464567,78.0,229.70833333333331
2022-03-13,229.70833333333331,78,0.6141732283464567,0.6141732283464567,0.7795275590551181,0.25196850393700787,0.2125984251968504,0.5485564304461944,0.5174353205849268,0.4622047244094488,2022-03-14,0.6062992125984252,77.0,228.25
2022-03-14,228.25,77,0.6062992125984252,0.6062992125984252,0.6141732283464567,0.7795275590551181,0.36220472440944884,0.6666666666666666,0.5736782902137232,0.4763779527559055,2022-03-15,0.7559055118110236,96.0,280.9166666666667
2022-03-15,280.9166666666667,96,0.7559055118110236,0.7559055118110236,0.6062992125984252,0.6141732283464567,0.6850393700787402,0.6587926509186353,0.6299212598425196,0.4811023622047244,2022-03-16,0.7637795275590551,97.0,282.4166666666667
2022-03-16,282.4166666666667,97,0.7637795275590551,0.7637795275590551,0.7559055118110236,0.6062992125984252,0.7165354330708661,0.7086614173228347,0.6411698537682788,0.4860892388451443,2022-03-17,0.2992125984251969,38.0,117.625
2022-03-17,117.625,38,0.2992125984251969,0.2992125984251969,0.7637795275590551,0.7559055118110236,0.25196850393700787,0.6062992125984253,0.5815523059617548,0.47611548556430444,2022-03-18,0.7795275590551181,99.0,288.0416666666667
2022-03-18,288.0416666666667,99,0.7795275590551181,0.7795275590551181,0.2992125984251969,0.7637795275590551,0.7795275590551181,0.6141732283464568,0.6569178852643418,0.4942257217847769,2022-03-19,0.7637795275590551,97.0,283.4166666666667
2022-03-19,283.4166666666667,97,0.7637795275590551,0.7637795275590551,0.7795275590551181,0.2992125984251969,0.6141732283464567,0.6141732283464568,0.6546681664791899,0.49921259842519683,2022-03-20,0.7716535433070866,98.0,286.125
2022-03-20,286.125,98,0.7716535433070866,0.7716535433070866,0.7637795275590551,0.7795275590551181,0.6062992125984252,0.7716535433070867,0.6771653543307086,0.5039370078740156,2022-03-21,0.18110236220472442,23.0,77.20833333333333
2022-03-21,77.20833333333333,23,0.18110236220472442,0.18110236220472442,0.7716535433070866,0.7637795275590551,0.7559055118110236,0.5721784776902888,0.6164229471316085,0.48845144356955383,2022-03-22,0.7795275590551181,99.0,289.0416666666667
2022-03-22,289.0416666666667,99,0.7795275590551181,0.7795275590551181,0.18110236220472442,0.7716535433070866,0.7637795275590551,0.5774278215223098,0.6197975253093363,0.500262467191601,2022-03-23,0.7716535433070866,98.0,285.0
2022-03-23,285.0,98,0.7716535433070866,0.7716535433070866,0.7795275590551181,0.18110236220472442,0.2992125984251969,0.5774278215223098,0.6209223847019122,0.5083989501312336,2022-03-24,0.8267716535433071,105.0,304.7916666666667
2022-03-24,304.7916666666667,105,0.8267716535433071,0.8267716535433071,0.7716535433070866,0.7795275590551181,0.7795275590551181,0.7926509186351707,0.6962879640044994,0.5165354330708661,2022-03-25,0.8031496062992126,102.0,298.625
2022-03-25,298.625,102,0.8031496062992126,0.8031496062992126,0.8267716535433071,0.7716535433070866,0.7637795275590551,0.8005249343832022,0.6996625421822271,0.5404199475065616,2022-03-26,0.8110236220472441,103.0,299.4583333333333
2022-03-26,299.4583333333333,103,0.8110236220472441,0.8110236220472441,0.8031496062992126,0.8267716535433071,0.7716535433070866,0.8136482939632548,0.7064116985376828,0.5590551181102362,2022-03-27,0.7795275590551181,99.0,287.5833333333333
2022-03-27,287.5833333333333,99,0.7795275590551181,0.7795275590551181,0.8110236220472441,0.8031496062992126,0.18110236220472442,0.7979002624671917,0.7075365579302586,0.5813648293963254,2022-03-28,0.7952755905511811,101.0,295.875
2022-03-28,295.875,101,0.7952755905511811,0.7952755905511811,0.7795275590551181,0.8110236220472441,0.7795275590551181,0.7952755905511811,0.7952755905511811,0.6031496062992125,2022-03-29,0.2204724409448819,28.0,89.875
2022-03-29,89.875,28,0.2204724409448819,0.2204724409448819,0.7952755905511811,0.7795275590551181,0.7716535433070866,0.5984251968503939,0.7154105736782901,0.5876640419947506,2022-03-30,0.8188976377952756,104.0,303.3333333333333
2022-03-30,303.3333333333333,104,0.8188976377952756,0.8188976377952756,0.2204724409448819,0.7952755905511811,0.8267716535433071,0.6115485564304463,0.7221597300337458,0.5913385826771654,2022-03-31,0.8267716535433071,105.0,306.5
2022-03-31,306.5,105,0.8267716535433071,0.8267716535433071,0.8188976377952756,0.2204724409448819,0.8031496062992126,0.6220472440944883,0.7221597300337458,0.5971128608923885,2022-04-01,0.7952755905511811,101.0,293.5833333333333
2022-04-01,293.5833333333333,101,0.7952755905511811,0.7952755905511811,0.8267716535433071,0.8188976377952756,0.8110236220472441,0.8136482939632547,0.7210348706411697,0.6049868766404198,2022-04-02,0.8267716535433071,105.0,305.25
2022-04-02,305.25,105,0.8267716535433071,0.8267716535433071,0.7952755905511811,0.8267716535433071,0.7795275590551181,0.8162729658792651,0.7232845894263217,0.610761154855643,2022-04-03,0.8188976377952756,104.0,302.8333333333333
2022-04-03,302.8333333333333,104,0.8188976377952756,0.8188976377952756,0.8267716535433071,0.7952755905511811,0.7952755905511811,0.8136482939632547,0.7289088863892014,0.6296587926509186,2022-04-04,0.2283464566929134,29.0,93.41666666666669
2022-04-04,93.41666666666669,29,0.2283464566929134,0.2283464566929134,0.8188976377952756,0.8267716535433071,0.2204724409448819,0.6246719160104988,0.6479190101237345,0.6307086614173228,2022-04-05,0.8031496062992126,102.0,297.7916666666667
2022-04-05,297.7916666666667,102,0.8031496062992126,0.8031496062992126,0.2283464566929134,0.8188976377952756,0.8188976377952756,0.6167979002624673,0.7311586051743532,0.6482939632545932,2022-04-06,0.84251968503937,107.0,311.6666666666667
2022-04-06,311.6666666666667,107,0.84251968503937,0.84251968503937,0.8031496062992126,0.2283464566929134,0.8267716535433071,0.6246719160104988,0.7345331833520808,0.6692913385826772,2022-04-07,0.8818897637795275,112.0,326.3333333333333
2022-04-07,326.3333333333333,112,0.8818897637795275,0.8818897637795275,0.84251968503937,0.8031496062992126,0.7952755905511811,0.84251968503937,0.7424071991001124,0.6866141732283464,2022-04-08,0.889763779527559,113.0,326.7916666666667
2022-04-08,326.7916666666667,113,0.889763779527559,0.889763779527559,0.8818897637795275,0.84251968503937,0.8267716535433071,0.8713910761154856,0.7559055118110235,0.6934383202099738,2022-04-09,0.8740157480314961,111.0,321.7916666666667
2022-04-09,321.7916666666667,111,0.8740157480314961,0.8740157480314961,0.889763779527559,0.8818897637795275,0.8188976377952756,0.8818897637795277,0.7626546681664791,0.6986876640419947,2022-04-10,0.6614173228346457,84.0,245.66666666666663
2022-04-10,245.66666666666663,84,0.6614173228346457,0.6614173228346457,0.8740157480314961,0.889763779527559,0.2283464566929134,0.8083989501312336,0.7401574803149605,0.7123359580052493,2022-04-11,0.3858267716535433,49.0,148.16666666666666
2022-04-11,148.16666666666666,49,0.3858267716535433,0.3858267716535433,0.6614173228346457,0.8740157480314961,0.8031496062992126,0.6404199475065617,0.7626546681664792,0.6992125984251968,2022-04-12,0.5196850393700787,66.0,197.33333333333331
2022-04-12,197.33333333333331,66,0.5196850393700787,0.5196850393700787,0.3858267716535433,0.6614173228346457,0.84251968503937,0.5223097112860894,0.7221597300337458,0.6960629921259842,2022-04-13,0.7401574803149606,94.0,276.0416666666667
2022-04-13,276.0416666666667,94,0.7401574803149606,0.7401574803149606,0.5196850393700787,0.3858267716535433,0.8818897637795275,0.5485564304461943,0.7075365579302586,0.7005249343832021,2022-04-14,0.8661417322834646,110.0,319.0
2022-04-14,319.0,110,0.8661417322834646,0.8661417322834646,0.7401574803149606,0.5196850393700787,0.889763779527559,0.7086614173228347,0.7052868391451069,0.7041994750656168,2022-04-15,0.30708661417322836,39.0,122.04166666666669
2022-04-15,122.04166666666669,39,0.30708661417322836,0.30708661417322836,0.8661417322834646,0.7401574803149606,0.8740157480314961,0.6377952755905513,0.6220472440944881,0.6889763779527559,2022-04-16,0.33070866141732286,42.0,128.54166666666666
2022-04-16,128.54166666666666,42,0.33070866141732286,0.33070866141732286,0.30708661417322836,0.8661417322834646,0.6614173228346457,0.5013123359580053,0.544431946006749,0.6900262467191601,2022-04-17,0.5826771653543307,74.0,218.83333333333331
2022-04-17,218.83333333333331,74,0.5826771653543307,0.5826771653543307,0.33070866141732286,0.30708661417322836,0.3858267716535433,0.4068241469816274,0.5331833520809898,0.6834645669291338,2022-04-18,0.8661417322834646,110.0,320.625
2022-04-18,320.625,110,0.8661417322834646,0.8661417322834646,0.5826771653543307,0.33070866141732286,0.5196850393700787,0.5931758530183728,0.6017997750281214,0.6868766404199476,2022-04-19,0.3543307086614173,45.0,138.95833333333334
2022-04-19,138.95833333333334,45,0.3543307086614173,0.3543307086614173,0.8661417322834646,0.5826771653543307,0.7401574803149606,0.6010498687664042,0.578177727784027,0.6729658792650919,2022-04-20,0.4566929133858268,58.0,173.125
2022-04-20,173.125,58,0.4566929133858268,0.4566929133858268,0.3543307086614173,0.8661417322834646,0.8661417322834646,0.5590551181102363,0.5376827896512936,0.6821522309711286,2022-04-21,0.2283464566929134,29.0,93.875
2022-04-21,93.875,29,0.2283464566929134,0.2283464566929134,0.4566929133858268,0.3543307086614173,0.30708661417322836,0.34645669291338593,0.4465691788526433,0.6637795275590551,2022-04-22,0.6220472440944882,79.0,231.70833333333331
2022-04-22,231.70833333333331,79,0.6220472440944882,0.6220472440944882,0.2283464566929134,0.4566929133858268,0.33070866141732286,0.4356955380577429,0.4915635545556805,0.6587926509186351,2022-04-23,0.6062992125984252,77.0,226.25
2022-04-23,226.25,77,0.6062992125984252,0.6062992125984252,0.6220472440944882,0.2283464566929134,0.5826771653543307,0.48556430446194243,0.530933633295838,0.6514435695538058,2022-04-24,0.5196850393700787,66.0,196.58333333333331
2022-04-24,196.58333333333331,66,0.5196850393700787,0.5196850393700787,0.6062992125984252,0.6220472440944882,0.8661417322834646,0.5826771653543309,0.5219347581552306,0.6419947506561681,2022-04-25,0.11023622047244094,14.0,52.583333333333336
2022-04-25,52.583333333333336,14,0.11023622047244094,0.11023622047244094,0.5196850393700787,0.6062992125984252,0.3543307086614173,0.41207349081364836,0.4139482564679415,0.6186351706036746,2022-04-26,0.5905511811023622,75.0,222.04166666666663
2022-04-26,222.04166666666663,75,0.5905511811023622,0.5905511811023622,0.11023622047244094,0.5196850393700787,0.4566929133858268,0.4068241469816274,0.4476940382452193,0.6123359580052494,2022-04-27,0.49606299212598426,63.0,188.16666666666663
2022-04-27,188.16666666666663,63,0.49606299212598426,0.49606299212598426,0.5905511811023622,0.11023622047244094,0.2283464566929134,0.3989501312335959,0.45331833520809894,0.6023622047244095,2022-04-28,0.6535433070866141,83.0,243.79166666666663
2022-04-28,243.79166666666663,83,0.6535433070866141,0.6535433070866141,0.49606299212598426,0.5905511811023622,0.6220472440944882,0.5800524934383203,0.5140607424071991,0.6167979002624672,2022-04-29,0.4409448818897638,56.0,169.75
2022-04-29,169.75,56,0.4409448818897638,0.4409448818897638,0.6535433070866141,0.49606299212598426,0.6062992125984252,0.5301837270341209,0.48818897637795267,0.6041994750656168,2022-04-30,0.7559055118110236,96.0,279.9583333333333
2022-04-30,279.9583333333333,96,0.7559055118110236,0.7559055118110236,0.4409448818897638,0.6535433070866141,0.5196850393700787,0.6167979002624673,0.5095613048368953,0.6018372703412073,2022-05-01,0.5984251968503937,76.0,225.125
2022-05-01,225.125,76,0.5984251968503937,0.5984251968503937,0.7559055118110236,0.4409448818897638,0.11023622047244094,0.5984251968503939,0.5208098987626546,0.5952755905511811,2022-05-02,0.3779527559055118,48.0,147.45833333333334
2022-05-02,147.45833333333334,48,0.3779527559055118,0.3779527559055118,0.5984251968503937,0.7559055118110236,0.5905511811023622,0.5774278215223099,0.5590551181102361,0.5803149606299214,2022-05-03,0.7322834645669292,93.0,272.0
2022-05-03,272.0,93,0.7322834645669292,0.7322834645669292,0.3779527559055118,0.5984251968503937,0.49606299212598426,0.5695538057742784,0.5793025871766029,0.5774278215223096,2022-05-04,0.5984251968503937,76.0,224.875
2022-05-04,224.875,76,0.5984251968503937,0.5984251968503937,0.7322834645669292,0.3779527559055118,0.6535433070866141,0.5695538057742784,0.59392575928009,0.5897637795275591,2022-05-05,0.44881889763779526,57.0,172.83333333333334
2022-05-05,172.83333333333334,57,0.44881889763779526,0.44881889763779526,0.5984251968503937,0.7322834645669292,0.4409448818897638,0.5931758530183728,0.5646794150731159,0.5779527559055118,2022-05-06,0.889763779527559,113.0,328.0833333333333
2022-05-06,328.0833333333333,113,0.889763779527559,0.889763779527559,0.44881889763779526,0.5984251968503937,0.7559055118110236,0.6456692913385828,0.6287964004499437,0.579527559055118,2022-05-07,0.8818897637795275,112.0,326.5416666666667
2022-05-07,326.5416666666667,112,0.8818897637795275,0.8818897637795275,0.889763779527559,0.44881889763779526,0.5984251968503937,0.7401574803149608,0.6467941507311586,0.5795275590551181,2022-05-08,0.8818897637795275,112.0,325.9583333333333
2022-05-08,325.9583333333333,112,0.8818897637795275,0.8818897637795275,0.8818897637795275,0.889763779527559,0.3779527559055118,0.8845144356955381,0.687289088863892,0.579265091863517,2022-05-09,0.8503937007874016,108.0,313.6666666666667
2022-05-09,313.6666666666667,108,0.8503937007874016,0.8503937007874016,0.8818897637795275,0.8818897637795275,0.7322834645669292,0.8713910761154858,0.7547806524184476,0.578477690288714,2022-05-10,0.7559055118110236,96.0,280.375
2022-05-10,280.375,96,0.7559055118110236,0.7559055118110236,0.8503937007874016,0.8818897637795275,0.5984251968503937,0.8293963254593176,0.7581552305961754,0.5816272965879266,2022-05-11,0.7637795275590551,97.0,282.0833333333333
2022-05-11,282.0833333333333,97,0.7637795275590551,0.7637795275590551,0.7559055118110236,0.8503937007874016,0.44881889763779526,0.7900262467191602,0.78177727784027,0.594225721784777,2022-05-12,0.8582677165354331,109.0,315.5833333333333
2022-05-12,315.5833333333333,109,0.8582677165354331,0.8582677165354331,0.7637795275590551,0.7559055118110236,0.889763779527559,0.7926509186351707,0.8402699662542182,0.6055118110236221,2022-05-13,0.7716535433070866,98.0,287.125
2022-05-13,287.125,98,0.7716535433070866,0.7716535433070866,0.8582677165354331,0.7637795275590551,0.8818897637795275,0.7979002624671917,0.8233970753655793,0.6065616797900262,2022-05-14,0.889763779527559,113.0,327.5
2022-05-14,327.5,113,0.889763779527559,0.889763779527559,0.7716535433070866,0.8582677165354331,0.8818897637795275,0.8398950131233596,0.8245219347581552,0.6073490813648293,2022-05-15,0.905511811023622,115.0,334.5416666666667
2022-05-15,334.5416666666667,115,0.905511811023622,0.905511811023622,0.889763779527559,0.7716535433070866,0.8503937007874016,0.8556430446194226,0.8278965129358831,0.6272965879265091,2022-05-16,0.889763779527559,113.0,329.0833333333333
2022-05-16,329.0833333333333,113,0.889763779527559,0.889763779527559,0.905511811023622,0.889763779527559,0.7559055118110236,0.8950131233595803,0.8335208098987625,0.6459317585301837,2022-05-17,0.905511811023622,115.0,333.2083333333333
2022-05-17,333.2083333333333,115,0.905511811023622,0.905511811023622,0.889763779527559,0.905511811023622,0.7637795275590551,0.9002624671916011,0.8548931383577052,0.6566929133858268,2022-05-18,0.8110236220472441,103.0,299.5416666666667
2022-05-18,299.5416666666667,103,0.8110236220472441,0.8110236220472441,0.905511811023622,0.889763779527559,0.8582677165354331,0.8687664041994752,0.8616422947131609,0.6548556430446194,2022-05-19,0.905511811023622,115.0,333.1666666666667
2022-05-19,333.1666666666667,115,0.905511811023622,0.905511811023622,0.8110236220472441,0.905511811023622,0.7716535433070866,0.8740157480314962,0.8683914510686163,0.6732283464566929,2022-05-20,0.6535433070866141,83.0,245.04166666666663
2022-05-20,245.04166666666663,83,0.6535433070866141,0.6535433070866141,0.905511811023622,0.8110236220472441,0.889763779527559,0.7900262467191602,0.8515185601799775,0.6797900262467191,2022-05-21,0.8267716535433071,105.0,305.4583333333333
2022-05-21,305.4583333333333,105,0.8267716535433071,0.8267716535433071,0.6535433070866141,0.905511811023622,0.905511811023622,0.7952755905511811,0.84251968503937,0.699737532808399,2022-05-22,0.6692913385826772,85.0,250.0
2022-05-22,250.0,85,0.6692913385826772,0.6692913385826772,0.8267716535433071,0.6535433070866141,0.889763779527559,0.7165354330708662,0.8087739032620922,0.7013123359580052,2022-05-23,0.6771653543307087,86.0,251.625
2022-05-23,251.625,86,0.6771653543307087,0.6771653543307087,0.6692913385826772,0.8267716535433071,0.905511811023622,0.7244094488188978,0.778402699662542,0.7036745406824146,2022-05-24,0.6456692913385826,82.0,241.875
2022-05-24,241.875,82,0.6456692913385826,0.6456692913385826,0.6771653543307087,0.6692913385826772,0.8110236220472441,0.6640419947506563,0.7412823397075364,0.7078740157480314,2022-05-25,0.9133858267716536,116.0,336.6666666666667
2022-05-25,336.6666666666667,116,0.9133858267716536,0.9133858267716536,0.6456692913385826,0.6771653543307087,0.905511811023622,0.7454068241469818,0.7559055118110235,0.7346456692913387,2022-05-26,0.9448818897637795,120.0,346.4166666666667
2022-05-26,346.4166666666667,120,0.9448818897637795,0.9448818897637795,0.9133858267716536,0.6456692913385826,0.6535433070866141,0.8346456692913385,0.7615298087739032,0.7464566929133858,2022-05-27,0.9212598425196851,117.0,340.5833333333333
2022-05-27,340.5833333333333,117,0.9212598425196851,0.9212598425196851,0.9448818897637795,0.9133858267716536,0.8267716535433071,0.9265091863517062,0.7997750281214848,0.7606299212598425,2022-05-28,0.9291338582677166,118.0,341.125
2022-05-28,341.125,118,0.9291338582677166,0.9291338582677166,0.9212598425196851,0.9448818897637795,0.6692913385826772,0.9317585301837271,0.8143982002249718,0.7698162729658793,2022-05-29,0.9448818897637795,120.0,346.3333333333333
2022-05-29,346.3333333333333,120,0.9448818897637795,0.9448818897637795,0.9291338582677166,0.9212598425196851,0.6771653543307087,0.9317585301837271,0.8537682789651294,0.7866141732283464,2022-05-30,0.8267716535433071,105.0,305.25
2022-05-30,305.25,105,0.8267716535433071,0.8267716535433071,0.9448818897637795,0.9291338582677166,0.6456692913385826,0.9002624671916012,0.8751406074240718,0.7889763779527559,2022-05-31,0.8582677165354331,109.0,318.1666666666667
2022-05-31,318.1666666666667,109,0.8582677165354331,0.8582677165354331,0.8267716535433071,0.9448818897637795,0.9133858267716536,0.8766404199475066,0.905511811023622,0.7976377952755906,2022-06-01,0.6850393700787402,87.0,255.66666666666663
2022-06-01,255.66666666666663,87,0.6850393700787402,0.6850393700787402,0.8582677165354331,0.8267716535433071,0.9448818897637795,0.7900262467191602,0.87289088863892,0.8078740157480315,2022-06-02,0.7952755905511811,101.0,293.5
2022-06-02,293.5,101,0.7952755905511811,0.7952755905511811,0.6850393700787402,0.8582677165354331,0.9212598425196851,0.7795275590551182,0.8515185601799775,0.80997375328084,2022-06-03,0.7795275590551181,99.0,287.875
2022-06-03,287.875,99,0.7795275590551181,0.7795275590551181,0.7952755905511811,0.6850393700787402,0.9291338582677166,0.7532808398950133,0.8312710911136109,0.816010498687664,2022-06-04,0.7795275590551181,99.0,289.2083333333333
2022-06-04,289.2083333333333,99,0.7795275590551181,0.7795275590551181,0.7795275590551181,0.7952755905511811,0.9448818897637795,0.7847769028871392,0.8098987626546681,0.8270341207349081,2022-06-05,0.8346456692913385,106.0,309.1666666666667
2022-06-05,309.1666666666667,106,0.8346456692913385,0.8346456692913385,0.7795275590551181,0.7795275590551181,0.8267716535433071,0.7979002624671917,0.7941507311586051,0.8251968503937008,2022-06-06,0.9133858267716536,116.0,336.75
2022-06-06,336.75,116,0.9133858267716536,0.9133858267716536,0.8346456692913385,0.7795275590551181,0.8582677165354331,0.8425196850393702,0.8065241844769402,0.826246719160105,2022-06-07,0.9291338582677166,118.0,341.9583333333333
2022-06-07,341.9583333333333,118,0.9291338582677166,0.9291338582677166,0.9133858267716536,0.8346456692913385,0.6850393700787402,0.8923884514435697,0.8166479190101236,0.8278215223097114,2022-06-08,0.9133858267716536,116.0,337.375
2022-06-08,337.375,116,0.9133858267716536,0.9133858267716536,0.9291338582677166,0.9133858267716536,0.7952755905511811,0.9186351706036747,0.8492688413948255,0.8299212598425196,2022-06-09,0.9291338582677166,118.0,342.9583333333333
2022-06-09,342.9583333333333,118,0.9291338582677166,0.9291338582677166,0.9133858267716536,0.9291338582677166,0.7795275590551181,0.9238845144356956,0.8683914510686164,0.8356955380577429,2022-06-10,0.937007874015748,119.0,344.7916666666667
2022-06-10,344.7916666666667,119,0.937007874015748,0.937007874015748,0.9291338582677166,0.9133858267716536,0.7795275590551181,0.9265091863517062,0.8908886389201349,0.8414698162729659,2022-06-11,0.8661417322834646,110.0,318.9583333333333
2022-06-11,318.9583333333333,110,0.8661417322834646,0.8661417322834646,0.937007874015748,0.9291338582677166,0.8346456692913385,0.9107611548556432,0.9032620922384701,0.841732283464567,2022-06-12,0.937007874015748,119.0,346.0833333333333
2022-06-12,346.0833333333333,119,0.937007874015748,0.937007874015748,0.8661417322834646,0.937007874015748,0.9133858267716536,0.9133858267716537,0.9178852643419573,0.847244094488189,2022-06-13,0.905511811023622,115.0,332.625
2022-06-13,332.625,115,0.905511811023622,0.905511811023622,0.937007874015748,0.8661417322834646,0.9291338582677166,0.9028871391076115,0.9167604049493813,0.8477690288713912,2022-06-14,0.7795275590551181,99.0,290.2916666666667
2022-06-14,290.2916666666667,99,0.7795275590551181,0.7795275590551181,0.905511811023622,0.937007874015748,0.9133858267716536,0.8740157480314962,0.8953880764904386,0.8435695538057744,2022-06-15,0.7165354330708661,91.0,265.2916666666667
2022-06-15,265.2916666666667,91,0.7165354330708661,0.7165354330708661,0.7795275590551181,0.905511811023622,0.9291338582677166,0.8005249343832022,0.8672665916760404,0.8377952755905512,2022-06-16,0.8582677165354331,109.0,316.2083333333333
2022-06-16,316.2083333333333,109,0.8582677165354331,0.8582677165354331,0.7165354330708661,0.7795275590551181,0.937007874015748,0.7847769028871392,0.857142857142857,0.8362204724409449,2022-06-17,0.8818897637795275,112.0,324.9166666666667
2022-06-17,324.9166666666667,112,0.8818897637795275,0.8818897637795275,0.8582677165354331,0.7165354330708661,0.8661417322834646,0.8188976377952756,0.8492688413948256,0.8385826771653543,2022-06-18,0.9448818897637795,120.0,346.75
2022-06-18,346.75,120,0.9448818897637795,0.9448818897637795,0.8818897637795275,0.8582677165354331,0.937007874015748,0.89501312335958,0.8605174353205849,0.8398950131233595,2022-06-19,0.937007874015748,119.0,343.7916666666667
2022-06-19,343.7916666666667,119,0.937007874015748,0.937007874015748,0.9448818897637795,0.8818897637795275,0.905511811023622,0.9212598425196852,0.8605174353205849,0.8493438320209973,2022-06-20,0.9133858267716536,116.0,336.375
2022-06-20,336.375,116,0.9133858267716536,0.9133858267716536,0.937007874015748,0.9448818897637795,0.7795275590551181,0.9317585301837271,0.8616422947131607,0.8522309711286089,2022-06-21,0.8503937007874016,108.0,314.5416666666667
2022-06-21,314.5416666666667,108,0.8503937007874016,0.8503937007874016,0.9133858267716536,0.937007874015748,0.7165354330708661,0.9002624671916012,0.8717660292463442,0.8582677165354331,2022-06-22,0.8582677165354331,109.0,316.4166666666667
2022-06-22,316.4166666666667,109,0.8582677165354331,0.8582677165354331,0.8503937007874016,0.9133858267716536,0.8582677165354331,0.8740157480314962,0.8920134983127108,0.8643044619422572,2022-06-23,0.9212598425196851,117.0,340.125
2022-06-23,340.125,117,0.9212598425196851,0.9212598425196851,0.8582677165354331,0.8503937007874016,0.8818897637795275,0.8766404199475067,0.9010123734533183,0.873490813648294,2022-06-24,0.952755905511811,121.0,350.4166666666667
2022-06-24,350.4166666666667,121,0.952755905511811,0.952755905511811,0.9212598425196851,0.8582677165354331,0.9448818897637795,0.9107611548556432,0.9111361079865017,0.8748031496062991,2022-06-25,0.952755905511811,121.0,351.1666666666667
2022-06-25,351.1666666666667,121,0.952755905511811,0.952755905511811,0.952755905511811,0.9212598425196851,0.937007874015748,0.9422572178477692,0.9122609673790775,0.8750656167979003,2022-06-26,0.952755905511811,121.0,351.3333333333333
2022-06-26,351.3333333333333,121,0.952755905511811,0.952755905511811,0.952755905511811,0.952755905511811,0.9133858267716536,0.952755905511811,0.9145106861642294,0.8761154855643044,2022-06-27,0.5433070866141733,69.0,204.58333333333331
2022-06-27,204.58333333333331,69,0.5433070866141733,0.5433070866141733,0.952755905511811,0.952755905511811,0.8503937007874016,0.8162729658792651,0.8616422947131609,0.8632545931758531,2022-06-28,0.5748031496062992,73.0,215.83333333333331
2022-06-28,215.83333333333331,73,0.5748031496062992,0.5748031496062992,0.5433070866141733,0.952755905511811,0.8582677165354331,0.6902887139107613,0.8222722159730033,0.8509186351706037,2022-06-29,0.9291338582677166,118.0,340.75
2022-06-29,340.75,118,0.9291338582677166,0.9291338582677166,0.5748031496062992,0.5433070866141733,0.9212598425196851,0.6824146981627298,0.8323959505061868,0.8543307086614172,2022-06-30,0.905511811023622,115.0,332.75
2022-06-30,332.75,115,0.905511811023622,0.905511811023622,0.9291338582677166,0.5748031496062992,0.952755905511811,0.8031496062992126,0.8301462317210347,0.8559055118110236,2022-07-01,0.8661417322834646,110.0,318.7916666666667
2022-07-01,318.7916666666667,110,0.8661417322834646,0.8661417322834646,0.905511811023622,0.9291338582677166,0.952755905511811,0.9002624671916012,0.8177727784026996,0.8619422572178477,2022-07-02,0.8976377952755905,114.0,331.5833333333333
2022-07-02,331.5833333333333,114,0.8976377952755905,0.8976377952755905,0.8661417322834646,0.905511811023622,0.952755905511811,0.8897637795275591,0.8098987626546681,0.8653543307086615,2022-07-03,0.8503937007874016,108.0,313.75
2022-07-03,313.75,108,0.8503937007874016,0.8503937007874016,0.8976377952755905,0.8661417322834646,0.5433070866141733,0.8713910761154858,0.7952755905511809,0.8677165354330708,2022-07-04,0.905511811023622,115.0,334.7083333333333
2022-07-04,334.7083333333333,115,0.905511811023622,0.905511811023622,0.8503937007874016,0.8976377952755905,0.5748031496062992,0.8845144356955381,0.8470191226096737,0.8719160104986876,2022-07-05,0.9212598425196851,117.0,338.6666666666667
2022-07-05,338.6666666666667,117,0.9212598425196851,0.9212598425196851,0.905511811023622,0.8503937007874016,0.9291338582677166,0.8923884514435697,0.8965129358830145,0.8748031496062991,2022-07-06,0.937007874015748,119.0,343.5833333333333
2022-07-06,343.5833333333333,119,0.937007874015748,0.937007874015748,0.9212598425196851,0.905511811023622,0.905511811023622,0.9212598425196852,0.8976377952755905,0.8755905511811023,2022-07-07,0.9133858267716536,116.0,335.375
2022-07-07,335.375,116,0.9133858267716536,0.9133858267716536,0.937007874015748,0.9212598425196851,0.8661417322834646,0.9238845144356956,0.8987626546681664,0.8750656167979003,2022-07-08,0.9212598425196851,117.0,340.1666666666667
2022-07-08,340.1666666666667,117,0.9212598425196851,0.9212598425196851,0.9133858267716536,0.937007874015748,0.8976377952755905,0.9238845144356956,0.9066366704161979,0.8753280839895013,2022-07-09,0.9291338582677166,118.0,340.75
2022-07-09,340.75,118,0.9291338582677166,0.9291338582677166,0.9212598425196851,0.9133858267716536,0.8503937007874016,0.9212598425196852,0.9111361079865017,0.8753280839895012,2022-07-10,0.8267716535433071,105.0,306.125
2022-07-10,306.125,105,0.8267716535433071,0.8267716535433071,0.9291338582677166,0.9212598425196851,0.905511811023622,0.8923884514435697,0.9077615298087738,0.8716535433070866,2022-07-11,0.8740157480314961,111.0,321.4583333333333
2022-07-11,321.4583333333333,111,0.8740157480314961,0.8740157480314961,0.8267716535433071,0.9291338582677166,0.9212598425196851,0.8766404199475066,0.9032620922384701,0.8719160104986876,2022-07-12,0.8740157480314961,111.0,323.25
2022-07-12,323.25,111,0.8740157480314961,0.8740157480314961,0.8740157480314961,0.8267716535433071,0.937007874015748,0.8582677165354332,0.8965129358830145,0.8698162729658793,2022-07-13,0.8661417322834646,110.0,319.6666666666667
2022-07-13,319.6666666666667,110,0.8661417322834646,0.8661417322834646,0.8740157480314961,0.8740157480314961,0.9133858267716536,0.8713910761154858,0.8863892013498312,0.868503937007874,2022-07-14,0.8503937007874016,108.0,313.0
2022-07-14,313.0,108,0.8503937007874016,0.8503937007874016,0.8661417322834646,0.8740157480314961,0.9212598425196851,0.8635170603674541,0.8773903262092239,0.8708661417322835,2022-07-15,0.8818897637795275,112.0,326.2083333333333
2022-07-15,326.2083333333333,112,0.8818897637795275,0.8818897637795275,0.8503937007874016,0.8661417322834646,0.9291338582677166,0.8661417322834648,0.8717660292463442,0.8763779527559055,2022-07-16,0.8503937007874016,108.0,315.0416666666667
2022-07-16,315.0416666666667,108,0.8503937007874016,0.8503937007874016,0.8818897637795275,0.8503937007874016,0.8267716535433071,0.8608923884514437,0.8605174353205849,0.8761154855643045,2022-07-17,0.8661417322834646,110.0,318.3333333333333
2022-07-17,318.3333333333333,110,0.8661417322834646,0.8661417322834646,0.8503937007874016,0.8818897637795275,0.8740157480314961,0.8661417322834648,0.8661417322834646,0.8755905511811023,2022-07-18,0.8582677165354331,109.0,317.6666666666667
2022-07-18,317.6666666666667,109,0.8582677165354331,0.8582677165354331,0.8661417322834646,0.8503937007874016,0.8740157480314961,0.8582677165354332,0.8638920134983126,0.8727034120734909,2022-07-19,0.9133858267716536,116.0,337.125
2022-07-19,337.125,116,0.9133858267716536,0.9133858267716536,0.8582677165354331,0.8661417322834646,0.8661417322834646,0.8792650918635173,0.8695163104611924,0.8719160104986877,2022-07-20,0.8976377952755905,114.0,332.2083333333333
2022-07-20,332.2083333333333,114,0.8976377952755905,0.8976377952755905,0.9133858267716536,0.8582677165354331,0.8503937007874016,0.8897637795275591,0.8740157480314961,0.8713910761154856,2022-07-21,0.8188976377952756,104.0,304.1666666666667
2022-07-21,304.1666666666667,104,0.8188976377952756,0.8188976377952756,0.8976377952755905,0.9133858267716536,0.8818897637795275,0.8766404199475067,0.8695163104611924,0.8703412073490814,2022-07-22,0.7716535433070866,98.0,286.0
2022-07-22,286.0,98,0.7716535433070866,0.7716535433070866,0.8188976377952756,0.8976377952755905,0.8503937007874016,0.8293963254593176,0.8537682789651292,0.8674540682414699,2022-07-23,0.84251968503937,107.0,311.7083333333333
2022-07-23,311.7083333333333,107,0.84251968503937,0.84251968503937,0.7716535433070866,0.8188976377952756,0.8661417322834646,0.8110236220472441,0.8526434195725534,0.8648293963254594,2022-07-24,0.8503937007874016,108.0,314.9583333333333
2022-07-24,314.9583333333333,108,0.8503937007874016,0.8503937007874016,0.84251968503937,0.7716535433070866,0.8582677165354331,0.8215223097112863,0.8503937007874015,0.8614173228346457,2022-07-25,0.9212598425196851,117.0,338.5
2022-07-25,338.5,117,0.9212598425196851,0.9212598425196851,0.8503937007874016,0.84251968503937,0.9133858267716536,0.8713910761154858,0.8593925759280089,0.8603674540682414,2022-07-26,0.905511811023622,115.0,332.75
2022-07-26,332.75,115,0.905511811023622,0.905511811023622,0.9212598425196851,0.8503937007874016,0.8976377952755905,0.8923884514435697,0.858267716535433,0.8587926509186352,2022-07-27,0.8346456692913385,106.0,309.125
2022-07-27,309.125,106,0.8346456692913385,0.8346456692913385,0.905511811023622,0.9212598425196851,0.8188976377952756,0.8871391076115486,0.8492688413948256,0.868503937007874,2022-07-28,0.7952755905511811,101.0,294.4166666666667
2022-07-28,294.4166666666667,101,0.7952755905511811,0.7952755905511811,0.8346456692913385,0.905511811023622,0.7716535433070866,0.8451443569553806,0.8458942632170977,0.8758530183727034,2022-07-29,0.7637795275590551,97.0,283.0833333333333
2022-07-29,283.0833333333333,97,0.7637795275590551,0.7637795275590551,0.7952755905511811,0.8346456692913385,0.84251968503937,0.7979002624671917,0.8447694038245219,0.8703412073490814,2022-07-30,0.8661417322834646,110.0,320.2083333333333
2022-07-30,320.2083333333333,110,0.8661417322834646,0.8661417322834646,0.7637795275590551,0.7952755905511811,0.8503937007874016,0.8083989501312336,0.8481439820022497,0.8690288713910762,2022-07-31,0.7637795275590551,97.0,282.4583333333333
2022-07-31,282.4583333333333,97,0.7637795275590551,0.7637795275590551,0.8661417322834646,0.7637795275590551,0.9212598425196851,0.7979002624671917,0.8357705286839144,0.8656167979002625,2022-08-01,0.8267716535433071,105.0,306.9166666666667
2022-08-01,306.9166666666667,105,0.8267716535433071,0.8267716535433071,0.7637795275590551,0.8661417322834646,0.905511811023622,0.8188976377952758,0.8222722159730033,0.863254593175853,2022-08-02,0.889763779527559,113.0,328.625
2022-08-02,328.625,113,0.889763779527559,0.889763779527559,0.8267716535433071,0.7637795275590551,0.8346456692913385,0.8267716535433071,0.8200224971878515,0.8645669291338582,2022-08-03,0.8740157480314961,111.0,322.625
2022-08-03,322.625,111,0.8740157480314961,0.8740157480314961,0.889763779527559,0.8267716535433071,0.7952755905511811,0.8635170603674541,0.8256467941507311,0.8635170603674541,2022-08-04,0.8267716535433071,105.0,306.0416666666667
2022-08-04,306.0416666666667,105,0.8267716535433071,0.8267716535433071,0.8740157480314961,0.889763779527559,0.7637795275590551,0.8635170603674541,0.8301462317210347,0.8603674540682414,2022-08-05,0.7322834645669292,93.0,271.875
2022-08-05,271.875,93,0.7322834645669292,0.7322834645669292,0.8267716535433071,0.8740157480314961,0.8661417322834646,0.8110236220472441,0.8256467941507311,0.8535433070866142,2022-08-06,0.5275590551181102,67.0,199.625
2022-08-06,199.625,67,0.5275590551181102,0.5275590551181102,0.7322834645669292,0.8267716535433071,0.7637795275590551,0.6955380577427822,0.7772778402699662,0.8406824146981627,2022-08-07,0.7559055118110236,96.0,280.125
2022-08-07,280.125,96,0.7559055118110236,0.7559055118110236,0.5275590551181102,0.7322834645669292,0.8267716535433071,0.6719160104986878,0.7761529808773903,0.8351706036745407,2022-08-08,0.7874015748031497,100.0,292.4166666666667
2022-08-08,292.4166666666667,100,0.7874015748031497,0.7874015748031497,0.7559055118110236,0.5275590551181102,0.889763779527559,0.6902887139107613,0.7705286839145106,0.8304461942257219,2022-08-09,0.8267716535433071,105.0,307.0416666666667
2022-08-09,307.0416666666667,105,0.8267716535433071,0.8267716535433071,0.7874015748031497,0.7559055118110236,0.8740157480314961,0.7900262467191602,0.7615298087739032,0.8304461942257217,2022-08-10,0.84251968503937,107.0,311.1666666666667
2022-08-10,311.1666666666667,107,0.84251968503937,0.84251968503937,0.8267716535433071,0.7874015748031497,0.8267716535433071,0.8188976377952758,0.7570303712035995,0.8293963254593175,2022-08-11,0.6692913385826772,85.0,251.04166666666663
2022-08-11,251.04166666666663,85,0.6692913385826772,0.6692913385826772,0.84251968503937,0.8267716535433071,0.7322834645669292,0.7795275590551182,0.734533183352081,0.8225721784776903,2022-08-12,0.5433070866141733,69.0,204.25
2022-08-12,204.25,69,0.5433070866141733,0.5433070866141733,0.6692913385826772,0.84251968503937,0.5275590551181102,0.6850393700787403,0.7075365579302586,0.8118110236220473,2022-08-13,0.7874015748031497,100.0,291.1666666666667
2022-08-13,291.1666666666667,100,0.7874015748031497,0.7874015748031497,0.5433070866141733,0.6692913385826772,0.7559055118110236,0.6666666666666669,0.7446569178852643,0.8097112860892388,2022-08-14,0.5748031496062992,73.0,216.0
2022-08-14,216.0,73,0.5748031496062992,0.5748031496062992,0.7874015748031497,0.5433070866141733,0.7874015748031497,0.6351706036745407,0.718785151856018,0.7994750656167979,2022-08-15,0.6692913385826772,85.0,249.41666666666663
2022-08-15,249.41666666666663,85,0.6692913385826772,0.6692913385826772,0.5748031496062992,0.7874015748031497,0.8267716535433071,0.6771653543307088,0.701912260967379,0.7934383202099737,2022-08-16,0.6220472440944882,79.0,233.0
2022-08-16,233.0,79,0.6220472440944882,0.6220472440944882,0.6692913385826772,0.5748031496062992,0.84251968503937,0.6220472440944883,0.672665916760405,0.7853018372703412,2022-08-17,0.7637795275590551,97.0,282.5833333333333
2022-08-17,282.5833333333333,97,0.7637795275590551,0.7637795275590551,0.6220472440944882,0.6692913385826772,0.6692913385826772,0.6850393700787403,0.6614173228346456,0.7821522309711286,2022-08-18,0.5354330708661418,68.0,203.25
2022-08-18,203.25,68,0.5354330708661418,0.5354330708661418,0.7637795275590551,0.6220472440944882,0.5433070866141733,0.6404199475065617,0.6422947131608548,0.7695538057742781,2022-08-19,0.44881889763779526,57.0,171.20833333333334
2022-08-19,171.20833333333334,57,0.44881889763779526,0.44881889763779526,0.5354330708661418,0.7637795275590551,0.7874015748031497,0.5826771653543309,0.6287964004499437,0.7545931758530184,2022-08-20,0.7244094488188977,92.0,270.125
2022-08-20,270.125,92,0.7244094488188977,0.7244094488188977,0.44881889763779526,0.5354330708661418,0.5748031496062992,0.5695538057742784,0.6197975253093363,0.7514435695538058,2022-08-21,0.4409448818897638,56.0,169.54166666666666
2022-08-21,169.54166666666666,56,0.4409448818897638,0.4409448818897638,0.7244094488188977,0.44881889763779526,0.6692913385826772,0.5380577427821523,0.6006749156355455,0.7404199475065616,2022-08-22,0.4409448818897638,56.0,167.54166666666666
2022-08-22,167.54166666666666,56,0.4409448818897638,0.4409448818897638,0.4409448818897638,0.7244094488188977,0.6220472440944882,0.5354330708661418,0.5680539932508436,0.7270341207349081,2022-08-23,0.4330708661417323,55.0,166.08333333333334
2022-08-23,166.08333333333334,55,0.4330708661417323,0.4330708661417323,0.4409448818897638,0.4409448818897638,0.7637795275590551,0.43832020997375337,0.5410573678290213,0.7131233595800525,2022-08-24,0.4645669291338583,59.0,177.91666666666666
2022-08-24,177.91666666666666,59,0.4645669291338583,0.4645669291338583,0.4330708661417323,0.4409448818897638,0.5354330708661418,0.44619422572178485,0.49831271091113605,0.6979002624671916,2022-08-25,0.6771653543307087,86.0,253.625
2022-08-25,253.625,86,0.6771653543307087,0.6771653543307087,0.4645669291338583,0.4330708661417323,0.44881889763779526,0.5249343832020998,0.5185601799775028,0.6902887139107611,2022-08-26,0.8110236220472441,103.0,299.9583333333333
2022-08-26,299.9583333333333,103,0.8110236220472441,0.8110236220472441,0.6771653543307087,0.4645669291338583,0.7244094488188977,0.6509186351706038,0.5703037120359954,0.689501312335958,2022-08-27,0.7480314960629921,95.0,277.25
2022-08-27,277.25,95,0.7480314960629921,0.7480314960629921,0.8110236220472441,0.6771653543307087,0.4409448818897638,0.7454068241469818,0.5736782902137233,0.6879265091863517,2022-08-28,0.7480314960629921,95.0,278.5416666666667
2022-08-28,278.5416666666667,95,0.7480314960629921,0.7480314960629921,0.7480314960629921,0.8110236220472441,0.4409448818897638,0.7690288713910762,0.6175478065241844,0.6874015748031497,2022-08-29,0.7401574803149606,94.0,275.5
2022-08-29,275.5,94,0.7401574803149606,0.7401574803149606,0.7480314960629921,0.7480314960629921,0.4330708661417323,0.7454068241469818,0.6602924634420697,0.6832020997375328,2022-08-30,0.14173228346456693,18.0,63.79166666666666
2022-08-30,63.79166666666666,18,0.14173228346456693,0.14173228346456693,0.7401574803149606,0.7480314960629921,0.4645669291338583,0.5433070866141734,0.6186726659167603,0.6624671916010497,2022-08-31,0.5118110236220472,65.0,193.29166666666663
2022-08-31,193.29166666666663,65,0.5118110236220472,0.5118110236220472,0.14173228346456693,0.7401574803149606,0.6771653543307087,0.46456692913385833,0.6254218222722159,0.6519685039370079,2022-09-01,0.6299212598425197,80.0,236.95833333333331
2022-09-01,236.95833333333331,80,0.6299212598425197,0.6299212598425197,0.5118110236220472,0.14173228346456693,0.8110236220472441,0.42782152230971143,0.6186726659167603,0.6433070866141734,2022-09-02,0.6929133858267716,88.0,258.2083333333333
2022-09-02,258.2083333333333,88,0.6929133858267716,0.6929133858267716,0.6299212598425197,0.5118110236220472,0.7480314960629921,0.6115485564304463,0.6017997750281214,0.6372703412073492,2022-09-03,0.4015748031496063,51.0,153.95833333333334
2022-09-03,153.95833333333334,51,0.4015748031496063,0.4015748031496063,0.6929133858267716,0.6299212598425197,0.7480314960629921,0.5748031496062993,0.5523059617547806,0.6230971128608924,2022-09-04,0.3779527559055118,48.0,147.625
2022-09-04,147.625,48,0.3779527559055118,0.3779527559055118,0.4015748031496063,0.6929133858267716,0.7401574803149606,0.49081364829396334,0.499437570303712,0.6112860892388452,2022-09-05,0.7795275590551181,99.0,289.7916666666667
2022-09-05,289.7916666666667,99,0.7795275590551181,0.7795275590551181,0.3779527559055118,0.4015748031496063,0.14173228346456693,0.5196850393700788,0.5050618672665916,0.6196850393700788,2022-09-06,0.7795275590551181,99.0,288.7916666666667
2022-09-06,288.7916666666667,99,0.7795275590551181,0.7795275590551181,0.7795275590551181,0.3779527559055118,0.5118110236220472,0.6456692913385828,0.5961754780652418,0.620472440944882,2022-09-07,0.6456692913385826,82.0,241.0
2022-09-07,241.0,82,0.6456692913385826,0.6456692913385826,0.7795275590551181,0.7795275590551181,0.6299212598425197,0.7349081364829396,0.6152980877390325,0.6157480314960629,2022-09-08,0.7559055118110236,96.0,280.7916666666667
2022-09-08,280.7916666666667,96,0.7559055118110236,0.7559055118110236,0.6456692913385826,0.7795275590551181,0.6929133858267716,0.7270341207349081,0.6332958380202474,0.6133858267716535,2022-09-09,0.7165354330708661,91.0,267.2916666666667
2022-09-09,267.2916666666667,91,0.7165354330708661,0.7165354330708661,0.7559055118110236,0.6456692913385826,0.4015748031496063,0.7060367454068243,0.6366704161979752,0.6091863517060367,2022-09-10,0.7401574803149606,94.0,276.0
2022-09-10,276.0,94,0.7401574803149606,0.7401574803149606,0.7165354330708661,0.7559055118110236,0.3779527559055118,0.7375328083989503,0.68503937007874,0.6115485564304461,2022-09-11,0.7165354330708661,91.0,265.5
2022-09-11,265.5,91,0.7165354330708661,0.7165354330708661,0.7401574803149606,0.7165354330708661,0.7795275590551181,0.7244094488188977,0.733408323959505,0.6173228346456693,2022-09-12,0.7401574803149606,94.0,275.2916666666667
2022-09-12,275.2916666666667,94,0.7401574803149606,0.7401574803149606,0.7165354330708661,0.7401574803149606,0.7795275590551181,0.7322834645669292,0.7277840269966254,0.615748031496063,2022-09-13,0.6535433070866141,83.0,245.58333333333331
2022-09-13,245.58333333333331,83,0.6535433070866141,0.6535433070866141,0.7401574803149606,0.7165354330708661,0.6456692913385826,0.7034120734908137,0.7097862767154105,0.6183727034120735,2022-09-14,0.7480314960629921,95.0,278.1666666666667
2022-09-14,278.1666666666667,95,0.7480314960629921,0.7480314960629921,0.6535433070866141,0.7401574803149606,0.7559055118110236,0.7139107611548557,0.7244094488188975,0.620997375328084,2022-09-15,0.6141732283464567,78.0,229.29166666666663
2022-09-15,229.29166666666663,78,0.6141732283464567,0.6141732283464567,0.7480314960629921,0.6535433070866141,0.7165354330708661,0.6719160104986878,0.7041619797525309,0.6207349081364829,2022-09-16,0.7086614173228346,90.0,262.625
2022-09-16,262.625,90,0.7086614173228346,0.7086614173228346,0.6141732283464567,0.7480314960629921,0.7401574803149606,0.6902887139107613,0.7030371203599549,0.6188976377952755,2022-09-17,0.7086614173228346,90.0,263.4166666666667
2022-09-17,263.4166666666667,90,0.7086614173228346,0.7086614173228346,0.7086614173228346,0.6141732283464567,0.7165354330708661,0.6771653543307088,0.6985376827896512,0.6246719160104987,2022-09-18,0.7165354330708661,91.0,267.5
2022-09-18,267.5,91,0.7165354330708661,0.7165354330708661,0.7086614173228346,0.7086614173228346,0.7401574803149606,0.7112860892388452,0.6985376827896513,0.6335958005249344,2022-09-19,0.7007874015748031,89.0,260.5416666666667
2022-09-19,260.5416666666667,89,0.7007874015748031,0.7007874015748031,0.7165354330708661,0.7086614173228346,0.6535433070866141,0.7086614173228347,0.6929133858267715,0.6328083989501312,2022-09-20,0.7165354330708661,91.0,267.625
2022-09-20,267.625,91,0.7165354330708661,0.7165354330708661,0.7007874015748031,0.7165354330708661,0.7480314960629921,0.7112860892388452,0.701912260967379,0.6419947506561681,2022-09-21,0.7401574803149606,94.0,274.6666666666667
2022-09-21,274.6666666666667,94,0.7401574803149606,0.7401574803149606,0.7165354330708661,0.7007874015748031,0.6141732283464567,0.7191601049868767,0.700787401574803,0.6519685039370078,2022-09-22,0.7401574803149606,94.0,275.2083333333333
2022-09-22,275.2083333333333,94,0.7401574803149606,0.7401574803149606,0.7401574803149606,0.7165354330708661,0.7086614173228346,0.7322834645669293,0.7187851518560179,0.6622047244094489,2022-09-23,0.5826771653543307,74.0,218.33333333333331
2022-09-23,218.33333333333331,74,0.5826771653543307,0.5826771653543307,0.7401574803149606,0.7401574803149606,0.7086614173228346,0.6876640419947507,0.7007874015748031,0.6661417322834645,2022-09-24,0.6141732283464567,78.0,231.41666666666663
2022-09-24,231.41666666666663,78,0.6141732283464567,0.6141732283464567,0.5826771653543307,0.7401574803149606,0.7165354330708661,0.6456692913385828,0.687289088863892,0.6640419947506562,2022-09-25,0.6929133858267716,88.0,257.625
2022-09-25,257.625,88,0.6929133858267716,0.6929133858267716,0.6141732283464567,0.5826771653543307,0.7007874015748031,0.6299212598425198,0.6839145106861642,0.6601049868766405,2022-09-26,0.6535433070866141,83.0,245.54166666666663
2022-09-26,245.54166666666663,83,0.6535433070866141,0.6535433070866141,0.6929133858267716,0.6141732283464567,0.7165354330708661,0.6535433070866142,0.6771653543307086,0.6569553805774277,2022-09-27,0.7480314960629921,95.0,276.5833333333333
2022-09-27,276.5833333333333,95,0.7480314960629921,0.7480314960629921,0.6535433070866141,0.6929133858267716,0.7401574803149606,0.6981627296587928,0.6816647919010123,0.6569553805774277,2022-09-28,0.7165354330708661,91.0,265.2916666666667
2022-09-28,265.2916666666667,91,0.7165354330708661,0.7165354330708661,0.7480314960629921,0.6535433070866141,0.7401574803149606,0.7060367454068243,0.6782902137232846,0.6561679790026247,2022-09-29,0.7007874015748031,89.0,261.25
2022-09-29,261.25,89,0.7007874015748031,0.7007874015748031,0.7165354330708661,0.7480314960629921,0.5826771653543307,0.7217847769028873,0.6726659167604049,0.6748031496062993,2022-09-30,0.7007874015748031,89.0,260.0
2022-09-30,260.0,89,0.7007874015748031,0.7007874015748031,0.7007874015748031,0.7165354330708661,0.6141732283464567,0.7060367454068243,0.6895388076490437,0.6811023622047244,2022-10-01,0.7165354330708661,91.0,265.4583333333333
2022-10-01,265.4583333333333,91,0.7165354330708661,0.7165354330708661,0.7007874015748031,0.7007874015748031,0.6929133858267716,0.7060367454068243,0.7041619797525308,0.6839895013123359,2022-10-02,0.5905511811023622,75.0,221.79166666666663
2022-10-02,221.79166666666663,75,0.5905511811023622,0.5905511811023622,0.7165354330708661,0.7007874015748031,0.6535433070866141,0.6692913385826772,0.6895388076490436,0.6805774278215222,2022-10-03,0.6771653543307087,86.0,252.5
2022-10-03,252.5,86,0.6771653543307087,0.6771653543307087,0.5905511811023622,0.7165354330708661,0.7480314960629921,0.6614173228346457,0.6929133858267715,0.689763779527559,2022-10-04,0.6692913385826772,85.0,250.91666666666663
2022-10-04,250.91666666666663,85,0.6692913385826772,0.6692913385826772,0.6771653543307087,0.5905511811023622,0.7165354330708661,0.6456692913385829,0.6816647919010123,0.699475065616798,2022-10-05,0.6850393700787402,87.0,254.29166666666663
2022-10-05,254.29166666666663,87,0.6850393700787402,0.6850393700787402,0.6692913385826772,0.6771653543307087,0.7007874015748031,0.6771653543307088,0.6771653543307086,0.6963254593175852,2022-10-06,0.6456692913385826,82.0,240.375
2022-10-06,240.375,82,0.6456692913385826,0.6456692913385826,0.6850393700787402,0.6692913385826772,0.7007874015748031,0.6666666666666666,0.6692913385826771,0.6918635170603674,2022-10-07,0.30708661417322836,39.0,120.20833333333331
2022-10-07,120.20833333333331,39,0.30708661417322836,0.30708661417322836,0.6456692913385826,0.6850393700787402,0.7165354330708661,0.5459317585301838,0.6130483689538807,0.6805774278215222,2022-10-08,0.6299212598425197,80.0,235.125
2022-10-08,235.125,80,0.6299212598425197,0.6299212598425197,0.30708661417322836,0.6456692913385826,0.5905511811023622,0.5275590551181103,0.6006749156355455,0.6763779527559055,2022-10-09,0.5511811023622047,70.0,208.125
2022-10-09,208.125,70,0.5511811023622047,0.5511811023622047,0.6299212598425197,0.30708661417322836,0.6771653543307087,0.4960629921259844,0.5950506186726658,0.6708661417322834,2022-10-10,0.6220472440944882,79.0,232.41666666666663
2022-10-10,232.41666666666663,79,0.6220472440944882,0.6220472440944882,0.5511811023622047,0.6299212598425197,0.6692913385826772,0.6010498687664043,0.5871766029246344,0.6669291338582678,2022-10-11,0.5984251968503937,76.0,225.41666666666663
2022-10-11,225.41666666666663,76,0.5984251968503937,0.5984251968503937,0.6220472440944882,0.5511811023622047,0.6850393700787402,0.5905511811023624,0.5770528683914511,0.662992125984252,2022-10-12,0.6062992125984252,77.0,226.54166666666663
2022-10-12,226.54166666666663,77,0.6062992125984252,0.6062992125984252,0.5984251968503937,0.6220472440944882,0.6456692913385826,0.6089238845144358,0.5658042744656917,0.6585301837270341,2022-10-13,0.6377952755905512,81.0,239.0
2022-10-13,239.0,81,0.6377952755905512,0.6377952755905512,0.6062992125984252,0.5984251968503937,0.30708661417322836,0.6141732283464568,0.5646794150731158,0.6580052493438321,2022-10-14,0.5984251968503937,76.0,223.875
2022-10-14,223.875,76,0.5984251968503937,0.5984251968503937,0.6377952755905512,0.6062992125984252,0.6299212598425197,0.6141732283464568,0.6062992125984251,0.6530183727034121,2022-10-15,0.4409448818897638,56.0,169.25
2022-10-15,169.25,56,0.4409448818897638,0.4409448818897638,0.5984251968503937,0.6377952755905512,0.5511811023622047,0.5590551181102363,0.5793025871766029,0.6472440944881889,2022-10-16,0.5826771653543307,74.0,219.79166666666663
2022-10-16,219.79166666666663,74,0.5826771653543307,0.5826771653543307,0.4409448818897638,0.5984251968503937,0.6220472440944882,0.5406824146981628,0.5838020247469066,0.6430446194225722,2022-10-17,0.2125984251968504,27.0,86.83333333333333
2022-10-17,86.83333333333333,27,0.2125984251968504,0.2125984251968504,0.5826771653543307,0.4409448818897638,0.5984251968503937,0.41207349081364836,0.5253093363329583,0.626509186351706,2022-10-18,0.5669291338582677,72.0,214.125
2022-10-18,214.125,72,0.5669291338582677,0.5669291338582677,0.2125984251968504,0.5826771653543307,0.6062992125984252,0.45406824146981634,0.5208098987626546,0.6215223097112861,2022-10-19,0.6377952755905512,81.0,237.375
2022-10-19,237.375,81,0.6377952755905512,0.6377952755905512,0.5669291338582677,0.2125984251968504,0.6377952755905512,0.47244094488188987,0.5253093363329583,0.6194225721784776,2022-10-20,0.6220472440944882,79.0,232.95833333333331
2022-10-20,232.95833333333331,79,0.6220472440944882,0.6220472440944882,0.6377952755905512,0.5669291338582677,0.5984251968503937,0.6089238845144358,0.5230596175478065,0.6162729658792651,2022-10-21,0.6141732283464567,78.0,229.70833333333331
2022-10-21,229.70833333333331,78,0.6141732283464567,0.6141732283464567,0.6220472440944882,0.6377952755905512,0.4409448818897638,0.6246719160104989,0.5253093363329583,0.6120734908136483,2022-10-22,0.5433070866141733,69.0,206.25
2022-10-22,206.25,69,0.5433070866141733,0.5433070866141733,0.6141732283464567,0.6220472440944882,0.5826771653543307,0.5931758530183728,0.5399325084364454,0.605511811023622,2022-10-23,0.4015748031496063,51.0,156.04166666666666
2022-10-23,156.04166666666666,51,0.4015748031496063,0.4015748031496063,0.5433070866141733,0.6141732283464567,0.2125984251968504,0.5196850393700789,0.5140607424071991,0.5994750656167979,2022-10-24,0.25984251968503935,33.0,103.16666666666669
2022-10-24,103.16666666666669,33,0.25984251968503935,0.25984251968503935,0.4015748031496063,0.5433070866141733,0.5669291338582677,0.4015748031496065,0.5208098987626546,0.5876640419947506,2022-10-25,0.6062992125984252,77.0,228.29166666666663
2022-10-25,228.29166666666663,77,0.6062992125984252,0.6062992125984252,0.25984251968503935,0.4015748031496063,0.6377952755905512,0.4225721784776904,0.5264341957255343,0.584776902887139,2022-10-26,0.5984251968503937,76.0,223.91666666666663
2022-10-26,223.91666666666663,76,0.5984251968503937,0.5984251968503937,0.6062992125984252,0.25984251968503935,0.6220472440944882,0.48818897637795294,0.5208098987626546,0.5829396325459318,2022-10-27,0.5354330708661418,68.0,201.75
2022-10-27,201.75,68,0.5354330708661418,0.5354330708661418,0.5984251968503937,0.6062992125984252,0.6141732283464567,0.5800524934383204,0.5084364454443194,0.5758530183727034,2022-10-28,0.11811023622047244,15.0,55.54166666666666
2022-10-28,55.54166666666666,15,0.11811023622047244,0.11811023622047244,0.5354330708661418,0.5984251968503937,0.5433070866141733,0.4173228346456695,0.437570303712036,0.5559055118110235,2022-10-29,0.3543307086614173,45.0,139.375
2022-10-29,139.375,45,0.3543307086614173,0.3543307086614173,0.11811023622047244,0.5354330708661418,0.4015748031496063,0.33595800524934405,0.4105736782902137,0.5443569553805774,2022-10-30,0.5275590551181102,67.0,200.79166666666663
2022-10-30,200.79166666666663,67,0.5275590551181102,0.5275590551181102,0.3543307086614173,0.11811023622047244,0.25984251968503935,0.3333333333333335,0.4285714285714285,0.5385826771653544,2022-10-31,0.3937007874015748,50.0,152.875
2022-10-31,152.875,50,0.3937007874015748,0.3937007874015748,0.5275590551181102,0.3543307086614173,0.6062992125984252,0.425196850393701,0.4476940382452193,0.5278215223097112,2022-11-01,0.14173228346456693,18.0,62.25
2022-11-01,62.25,18,0.14173228346456693,0.14173228346456693,0.3937007874015748,0.5275590551181102,0.5984251968503937,0.3543307086614175,0.38132733408323954,0.5128608923884515,2022-11-02,0.4881889763779528,62.0,185.75
2022-11-02,185.75,62,0.4881889763779528,0.4881889763779528,0.14173228346456693,0.3937007874015748,0.5354330708661418,0.341207349081365,0.3655793025871765,0.5065616797900263,2022-11-03,0.3228346456692913,41.0,125.66666666666669
2022-11-03,125.66666666666669,41,0.3228346456692913,0.3228346456692913,0.4881889763779528,0.14173228346456693,0.11811023622047244,0.3175853018372706,0.33520809898762643,0.4950131233595801,2022-11-04,0.2755905511811024,35.0,110.375
2022-11-04,110.375,35,0.2755905511811024,0.2755905511811024,0.3228346456692913,0.4881889763779528,0.3543307086614173,0.362204724409449,0.35770528683914504,0.4813648293963254,2022-11-05,0.5511811023622047,70.0,206.58333333333331
2022-11-05,206.58333333333331,70,0.5511811023622047,0.5511811023622047,0.2755905511811024,0.3228346456692913,0.5275590551181102,0.383202099737533,0.38582677165354323,0.4782152230971129,2022-11-06,0.49606299212598426,63.0,189.29166666666663
2022-11-06,189.29166666666663,63,0.49606299212598426,0.49606299212598426,0.5511811023622047,0.2755905511811024,0.3937007874015748,0.44094488188976405,0.38132733408323954,0.48451443569553804,2022-11-07,0.25984251968503935,33.0,104.91666666666669
2022-11-07,104.91666666666669,33,0.25984251968503935,0.25984251968503935,0.49606299212598426,0.5511811023622047,0.14173228346456693,0.435695538057743,0.36220472440944873,0.47217847769028876,2022-11-08,0.36220472440944884,46.0,140.91666666666666
2022-11-08,140.91666666666666,46,0.36220472440944884,0.36220472440944884,0.25984251968503935,0.49606299212598426,0.4881889763779528,0.37270341207349106,0.3937007874015747,0.4658792650918635,2022-11-09,0.30708661417322836,39.0,122.5
2022-11-09,122.5,39,0.30708661417322836,0.30708661417322836,0.36220472440944884,0.25984251968503935,0.3228346456692913,0.30971128608923904,0.3678290213723284,0.4553805774278215,2022-11-10,0.29133858267716534,37.0,115.66666666666669
2022-11-10,115.66666666666669,37,0.29133858267716534,0.29133858267716534,0.30708661417322836,0.36220472440944884,0.2755905511811024,0.32020997375328103,0.3633295838020247,0.4451443569553806,2022-11-11,0.12598425196850394,16.0,56.375
2022-11-11,56.375,16,0.12598425196850394,0.12598425196850394,0.29133858267716534,0.30708661417322836,0.5511811023622047,0.24146981627296604,0.341957255343082,0.42913385826771655,2022-11-12,0.5118110236220472,65.0,193.58333333333331
2022-11-12,193.58333333333331,65,0.5118110236220472,0.5118110236220472,0.12598425196850394,0.29133858267716534,0.49606299212598426,0.309711286089239,0.3363329583802024,0.42493438320209975,2022-11-13,0.49606299212598426,63.0,189.16666666666663
2022-11-13,189.16666666666663,63,0.49606299212598426,0.49606299212598426,0.5118110236220472,0.12598425196850394,0.25984251968503935,0.377952755905512,0.3363329583802024,0.4215223097112861,2022-11-14,0.18110236220472442,23.0,76.04166666666667
2022-11-14,76.04166666666667,23,0.18110236220472442,0.18110236220472442,0.49606299212598426,0.5118110236220472,0.36220472440944884,0.3963254593175855,0.3250843644544431,0.4128608923884514,2022-11-15,0.31496062992125984,40.0,124.08333333333331
2022-11-15,124.08333333333331,40,0.31496062992125984,0.31496062992125984,0.18110236220472442,0.49606299212598426,0.30708661417322836,0.33070866141732297,0.3183352080989876,0.40393700787401576,2022-11-16,0.4566929133858268,58.0,174.83333333333334
2022-11-16,174.83333333333334,58,0.4566929133858268,0.4566929133858268,0.31496062992125984,0.18110236220472442,0.29133858267716534,0.3175853018372705,0.33970753655793023,0.41207349081364836,2022-11-17,0.2440944881889764,31.0,99.125
2022-11-17,99.125,31,0.2440944881889764,0.2440944881889764,0.4566929133858268,0.31496062992125984,0.12598425196850394,0.33858267716535445,0.33295838020247465,0.40131233595800525,2022-11-18,0.10236220472440945,13.0,47.458333333333336
2022-11-18,47.458333333333336,13,0.10236220472440945,0.10236220472440945,0.2440944881889764,0.4566929133858268,0.5118110236220472,0.267716535433071,0.32958380202474685,0.3834645669291339,2022-11-19,0.047244094488188976,6.0,30.33333333333333
2022-11-19,30.33333333333333,6,0.047244094488188976,0.047244094488188976,0.10236220472440945,0.2440944881889764,0.49606299212598426,0.1312335958005251,0.2632170978627671,0.36430446194225724,2022-11-20,0.10236220472440945,13.0,49.125
2022-11-20,49.125,13,0.10236220472440945,0.10236220472440945,0.047244094488188976,0.10236220472440945,0.18110236220472442,0.08398950131233611,0.2069741282339707,0.34724409448818894,2022-11-21,0.07086614173228346,9.0,38.16666666666666
2022-11-21,38.16666666666666,9,0.07086614173228346,0.07086614173228346,0.10236220472440945,0.047244094488188976,0.31496062992125984,0.07349081364829411,0.19122609673790766,0.331496062992126,2022-11-22,0.1968503937007874,25.0,81.66666666666667
2022-11-22,81.66666666666667,25,0.1968503937007874,0.1968503937007874,0.07086614173228346,0.10236220472440945,0.4566929133858268,0.12335958005249359,0.17435320584926878,0.3246719160104987,2022-11-23,0.2283464566929134,29.0,92.91666666666669
2022-11-23,92.91666666666669,29,0.2283464566929134,0.2283464566929134,0.1968503937007874,0.07086614173228346,0.2440944881889764,0.16535433070866157,0.14173228346456687,0.3236220472440945,2022-11-24,0.05511811023622047,7.0,31.95833333333333
2022-11-24,31.95833333333333,7,0.05511811023622047,0.05511811023622047,0.2283464566929134,0.1968503937007874,0.10236220472440945,0.16010498687664057,0.11473565804274459,0.305249343832021,2022-11-25,0.047244094488188976,6.0,28.70833333333333
2022-11-25,28.70833333333333,6,0.047244094488188976,0.047244094488188976,0.05511811023622047,0.2283464566929134,0.047244094488188976,0.1102362204724411,0.1068616422947131,0.28687664041994754,2022-11-26,0.4566929133858268,58.0,175.33333333333334
2022-11-26,175.33333333333334,58,0.4566929133858268,0.4566929133858268,0.047244094488188976,0.05511811023622047,0.10236220472440945,0.18635170603674556,0.16535433070866137,0.28425196850393697,2022-11-27,0.4645669291338583,59.0,177.91666666666666
2022-11-27,177.91666666666666,59,0.4645669291338583,0.4645669291338583,0.4566929133858268,0.047244094488188976,0.07086614173228346,0.3228346456692915,0.21709786276715404,0.2958005249343832,2022-11-28,0.4645669291338583,59.0,178.04166666666666
2022-11-28,178.04166666666666,59,0.4645669291338583,0.4645669291338583,0.4645669291338583,0.4566929133858268,0.1968503937007874,0.46194225721784793,0.2733408323959505,0.2994750656167979,2022-11-29,0.4330708661417323,55.0,165.70833333333334
2022-11-29,165.70833333333334,55,0.4330708661417323,0.4330708661417323,0.4645669291338583,0.4645669291338583,0.2283464566929134,0.45406824146981645,0.3070866141732283,0.2963254593175853,2022-11-30,0.4645669291338583,59.0,176.0
2022-11-30,176.0,59,0.4645669291338583,0.4645669291338583,0.4330708661417323,0.4645669291338583,0.05511811023622047,0.45406824146981645,0.34083239595050613,0.29868766404199476,2022-12-01,0.28346456692913385,36.0,112.0
2022-12-01,112.0,36,0.28346456692913385,0.28346456692913385,0.4645669291338583,0.4330708661417323,0.047244094488188976,0.393700787401575,0.37345331833520806,0.3034120734908137,2022-12-02,0.3858267716535433,49.0,148.45833333333334
2022-12-02,148.45833333333334,49,0.3858267716535433,0.3858267716535433,0.28346456692913385,0.4645669291338583,0.4566929133858268,0.377952755905512,0.42182227221597296,0.3,2022-12-03,0.4330708661417323,55.0,165.20833333333334
2022-12-03,165.20833333333334,55,0.4330708661417323,0.4330708661417323,0.3858267716535433,0.28346456692913385,0.4645669291338583,0.36745406824147,0.41844769403824517,0.3036745406824147,2022-12-04,0.2283464566929134,29.0,94.5
2022-12-04,94.5,29,0.2283464566929134,0.2283464566929134,0.4330708661417323,0.3858267716535433,0.4645669291338583,0.3490813648293965,0.38470191226096734,0.30209973753280844,2022-12-05,0.3464566929133858,44.0,134.875
2022-12-05,134.875,44,0.3464566929133858,0.3464566929133858,0.2283464566929134,0.4330708661417323,0.4330708661417323,0.335958005249344,0.36782902137232837,0.29527559055118113,2022-12-06,0.1732283464566929,22.0,74.66666666666667
2022-12-06,74.66666666666667,22,0.1732283464566929,0.1732283464566929,0.3464566929133858,0.2283464566929134,0.4645669291338583,0.24934383202099755,0.33070866141732275,0.284514435695538,2022-12-07,0.33070866141732286,42.0,129.5
2022-12-07,129.5,42,0.33070866141732286,0.33070866141732286,0.1732283464566929,0.3464566929133858,0.28346456692913385,0.283464566929134,0.311586051743532,0.2868766404199475,2022-12-08,0.25984251968503935,33.0,103.79166666666669
2022-12-08,103.79166666666669,33,0.25984251968503935,0.25984251968503935,0.33070866141732286,0.1732283464566929,0.3858267716535433,0.25459317585301855,0.30821147356580425,0.2834645669291339,2022-12-09,0.3937007874015748,50.0,151.41666666666666
2022-12-09,151.41666666666666,50,0.3937007874015748,0.3937007874015748,0.25984251968503935,0.33070866141732286,0.4330708661417323,0.3280839895013125,0.3093363329583801,0.2863517060367454,2022-12-10,0.16535433070866143,21.0,72.0
2022-12-10,72.0,21,0.16535433070866143,0.16535433070866143,0.3937007874015748,0.25984251968503935,0.2283464566929134,0.272965879265092,0.2710911136107986,0.28215223097112857,2022-12-11,0.1968503937007874,25.0,82.16666666666667
2022-12-11,82.16666666666667,25,0.1968503937007874,0.1968503937007874,0.16535433070866143,0.3937007874015748,0.3464566929133858,0.2519685039370081,0.2665916760404949,0.284514435695538,2022-12-12,0.05511811023622047,7.0,31.0
2022-12-12,31.0,7,0.05511811023622047,0.05511811023622047,0.1968503937007874,0.16535433070866143,0.1732283464566929,0.13910761154855664,0.22497187851518552,0.26929133858267723,2022-12-13,0.14960629921259844,19.0,66.33333333333333
2022-12-13,66.33333333333333,19,0.14960629921259844,0.14960629921259844,0.05511811023622047,0.1968503937007874,0.33070866141732286,0.1338582677165356,0.22159730033745775,0.25774278215223095,2022-12-14,0.3858267716535433,49.0,148.45833333333334
2022-12-14,148.45833333333334,49,0.3858267716535433,0.3858267716535433,0.14960629921259844,0.05511811023622047,0.25984251968503935,0.19685039370078758,0.2294713160854893,0.26456692913385826,2022-12-15,0.4409448818897638,56.0,168.08333333333334
2022-12-15,168.08333333333334,56,0.4409448818897638,0.4409448818897638,0.3858267716535433,0.14960629921259844,0.3937007874015748,0.325459317585302,0.2553430821147356,0.26876640419947506,2022-12-16,0.1968503937007874,25.0,81.5
2022-12-16,81.5,25,0.1968503937007874,0.1968503937007874,0.4409448818897638,0.3858267716535433,0.16535433070866143,0.341207349081365,0.2272215973003374,0.2601049868766404,2022-12-17,0.4015748031496063,51.0,155.41666666666666
2022-12-17,155.41666666666666,51,0.4015748031496063,0.4015748031496063,0.1968503937007874,0.4409448818897638,0.1968503937007874,0.34645669291338604,0.26096737907761525,0.26535433070866143,2022-12-18,0.2677165354330709,34.0,106.95833333333331
2022-12-18,106.95833333333331,34,0.2677165354330709,0.2677165354330709,0.4015748031496063,0.1968503937007874,0.05511811023622047,0.288713910761155,0.2710911136107986,0.27086614173228346,2022-12-19,0.11811023622047244,15.0,54.25
2022-12-19,54.25,15,0.11811023622047244,0.11811023622047244,0.2677165354330709,0.4015748031496063,0.14960629921259844,0.26246719160105003,0.280089988751406,0.27322834645669297,2022-12-20,0.16535433070866143,21.0,70.83333333333333
2022-12-20,70.83333333333333,21,0.16535433070866143,0.16535433070866143,0.11811023622047244,0.2677165354330709,0.3858267716535433,0.1837270341207351,0.28233970753655785,0.27532808398950137,2022-12-21,0.12598425196850394,16.0,56.41666666666666
2022-12-21,56.41666666666666,16,0.12598425196850394,0.12598425196850394,0.16535433070866143,0.11811023622047244,0.4409448818897638,0.13648293963254612,0.24521934758155225,0.2771653543307087,2022-12-22,0.1732283464566929,22.0,74.70833333333333
2022-12-22,74.70833333333333,22,0.1732283464566929,0.1732283464566929,0.12598425196850394,0.16535433070866143,0.1968503937007874,0.1548556430446196,0.2069741282339707,0.2763779527559055,2022-12-23,0.4251968503937008,54.0,164.29166666666666
2022-12-23,164.29166666666666,54,0.4251968503937008,0.4251968503937008,0.1732283464566929,0.12598425196850394,0.4015748031496063,0.24146981627296604,0.23959505061867262,0.28293963254593174,2022-12-24,0.4409448818897638,56.0,167.54166666666666
2022-12-24,167.54166666666666,56,0.4409448818897638,0.4409448818897638,0.4251968503937008,0.1732283464566929,0.2677165354330709,0.34645669291338604,0.24521934758155225,0.2958005249343832,2022-12-25,0.4409448818897638,56.0,168.66666666666666
2022-12-25,168.66666666666666,56,0.4409448818897638,0.4409448818897638,0.4409448818897638,0.4251968503937008,0.11811023622047244,0.43569553805774297,0.2699662542182227,0.3089238845144357,2022-12-26,0.4330708661417323,55.0,165.66666666666666
2022-12-26,165.66666666666666,55,0.4330708661417323,0.4330708661417323,0.4409448818897638,0.4409448818897638,0.16535433070866143,0.4383202099737535,0.3149606299212598,0.3081364829396326,2022-12-27,0.3937007874015748,50.0,150.95833333333334
2022-12-27,150.95833333333334,50,0.3937007874015748,0.3937007874015748,0.4330708661417323,0.4409448818897638,0.12598425196850394,0.4225721784776904,0.3475815523059617,0.30577427821522307,2022-12-28,0.4015748031496063,51.0,154.875
2022-12-28,154.875,51,0.4015748031496063,0.4015748031496063,0.3937007874015748,0.4330708661417323,0.1732283464566929,0.40944881889763796,0.3869516310461192,0.30367454068241473,2022-12-29,0.12598425196850394,16.0,55.75
2022-12-29,55.75,16,0.12598425196850394,0.12598425196850394,0.4015748031496063,0.3937007874015748,0.4251968503937008,0.3070866141732285,0.38020247469066365,0.2934383202099738,2022-12-30,0.11811023622047244,15.0,55.54166666666666
2022-12-30,55.54166666666666,15,0.11811023622047244,0.11811023622047244,0.12598425196850394,0.4015748031496063,0.4409448818897638,0.21522309711286106,0.3363329583802024,0.28188976377952757,2022-12-31,0.4251968503937008,54.0,163.95833333333334
2022-12-31,163.95833333333334,54,0.4251968503937008,0.4251968503937008,0.11811023622047244,0.12598425196850394,0.4409448818897638,0.2230971128608926,0.33408323959505054,0.2866141732283464,2023-01-01,0.36220472440944884,46.0,141.91666666666666
2023-01-01,141.91666666666666,46,0.36220472440944884,0.36220472440944884,0.4251968503937008,0.11811023622047244,0.4330708661417323,0.30183727034120755,0.32283464566929126,0.2858267716535433,2023-01-02,0.2440944881889764,31.0,98.0
2023-01-02,98.0,31,0.2440944881889764,0.2440944881889764,0.36220472440944884,0.4251968503937008,0.3937007874015748,0.34383202099737553,0.295838020247469,0.27952755905511817,2023-01-03,0.36220472440944884,46.0,141.41666666666666
2023-01-03,141.41666666666666,46,0.36220472440944884,0.36220472440944884,0.2440944881889764,0.36220472440944884,0.4015748031496063,0.3228346456692915,0.29133858267716534,0.2839895013123359,2023-01-04,0.4094488188976378,52.0,158.58333333333334
2023-01-04,158.58333333333334,52,0.4094488188976378,0.4094488188976378,0.36220472440944884,0.2440944881889764,0.12598425196850394,0.33858267716535445,0.29246344206974123,0.28608923884514437,2023-01-05,0.4409448818897638,56.0,169.5
2023-01-05,169.5,56,0.4409448818897638,0.4409448818897638,0.4094488188976378,0.36220472440944884,0.11811023622047244,0.404199475065617,0.3374578177727784,0.2950131233595801,2023-01-06,0.4330708661417323,55.0,165.16666666666666
2023-01-06,165.16666666666666,55,0.4330708661417323,0.4330708661417323,0.4409448818897638,0.4094488188976378,0.4251968503937008,0.42782152230971143,0.3824521934758155,0.29842519685039376,2023-01-07,0.15748031496062992,20.0,66.875
2023-01-07,66.875,20,0.15748031496062992,0.15748031496062992,0.4330708661417323,0.4409448818897638,0.36220472440944884,0.34383202099737553,0.34420697412823387,0.2950131233595801,2023-01-08,0.44881889763779526,57.0,171.5
2023-01-08,171.5,57,0.44881889763779526,0.44881889763779526,0.15748031496062992,0.4330708661417323,0.2440944881889764,0.34645669291338593,0.3565804274465691,0.2968503937007874,2023-01-09,0.4015748031496063,51.0,154.45833333333334
2023-01-09,154.45833333333334,51,0.4015748031496063,0.4015748031496063,0.44881889763779526,0.15748031496062992,0.36220472440944884,0.335958005249344,0.3790776152980877,0.30472440944881896,2023-01-10,0.44881889763779526,57.0,170.83333333333334
2023-01-10,170.83333333333334,57,0.44881889763779526,0.44881889763779526,0.4015748031496063,0.44881889763779526,0.4094488188976378,0.4330708661417324,0.3914510686164228,0.31312335958005255,2023-01-11,0.29133858267716534,37.0,115.375
2023-01-11,115.375,37,0.29133858267716534,0.29133858267716534,0.44881889763779526,0.4015748031496063,0.4409448818897638,0.38057742782152243,0.374578177727784,0.320997375328084,2023-01-12,0.4015748031496063,51.0,154.75
2023-01-12,154.75,51,0.4015748031496063,0.4015748031496063,0.29133858267716534,0.44881889763779526,0.4330708661417323,0.38057742782152254,0.3689538807649043,0.3293963254593176,2023-01-13,0.47244094488188976,60.0,180.875
2023-01-13,180.875,60,0.47244094488188976,0.47244094488188976,0.4015748031496063,0.29133858267716534,0.15748031496062992,0.3884514435695539,0.37457817772778396,0.33228346456692914,2023-01-14,0.47244094488188976,60.0,180.79166666666663
2023-01-14,180.79166666666663,60,0.47244094488188976,0.47244094488188976,0.47244094488188976,0.4015748031496063,0.44881889763779526,0.4488188976377954,0.4195725534308211,0.33333333333333337,2023-01-15,0.33858267716535434,43.0,131.91666666666666
2023-01-15,131.91666666666666,43,0.33858267716535434,0.33858267716535434,0.47244094488188976,0.47244094488188976,0.4015748031496063,0.4278215223097115,0.4038245219347581,0.3380577427821522,2023-01-16,0.2755905511811024,35.0,110.20833333333331
2023-01-16,110.20833333333331,35,0.2755905511811024,0.2755905511811024,0.33858267716535434,0.47244094488188976,0.44881889763779526,0.362204724409449,0.3858267716535432,0.33385826771653543,2023-01-17,0.4330708661417323,55.0,165.91666666666666
2023-01-17,165.91666666666666,55,0.4330708661417323,0.4330708661417323,0.2755905511811024,0.33858267716535434,0.29133858267716534,0.34908136482939645,0.3835770528683914,0.3393700787401575,2023-01-18,0.4251968503937008,54.0,164.375
2023-01-18,164.375,54,0.4251968503937008,0.4251968503937008,0.4330708661417323,0.2755905511811024,0.4015748031496063,0.37795275590551203,0.40269966254218215,0.3496062992125984,2023-01-19,0.4881889763779528,62.0,185.875
2023-01-19,185.875,62,0.4881889763779528,0.4881889763779528,0.4251968503937008,0.4330708661417323,0.47244094488188976,0.44881889763779553,0.41507311586051737,0.3603674540682415,2023-01-20,0.10236220472440945,13.0,48.833333333333336
2023-01-20,48.833333333333336,13,0.10236220472440945,0.10236220472440945,0.4881889763779528,0.4251968503937008,0.47244094488188976,0.33858267716535445,0.36220472440944873,0.35958005249343833,2023-01-21,0.29133858267716534,37.0,117.0
2023-01-21,117.0,37,0.29133858267716534,0.29133858267716534,0.10236220472440945,0.4881889763779528,0.33858267716535434,0.293963254593176,0.3363329583802024,0.36351706036745407,2023-01-22,0.5039370078740157,64.0,191.41666666666663
2023-01-22,191.41666666666663,64,0.5039370078740157,0.5039370078740157,0.29133858267716534,0.10236220472440945,0.2755905511811024,0.299212598425197,0.35995500562429694,0.3661417322834646,2023-01-23,0.41732283464566927,53.0,159.875
2023-01-23,159.875,53,0.41732283464566927,0.41732283464566927,0.5039370078740157,0.29133858267716534,0.4330708661417323,0.4041994750656169,0.38020247469066365,0.3653543307086614,2023-01-24,0.14173228346456693,18.0,61.208333333333336
2023-01-24,61.208333333333336,18,0.14173228346456693,0.14173228346456693,0.41732283464566927,0.5039370078740157,0.4251968503937008,0.3543307086614174,0.3385826771653543,0.35538057742782153,2023-01-25,0.5039370078740157,64.0,190.875
2023-01-25,190.875,64,0.5039370078740157,0.5039370078740157,0.14173228346456693,0.41732283464566927,0.4881889763779528,0.3543307086614174,0.34983127109111356,0.357742782152231,2023-01-26,0.5118110236220472,65.0,195.0
2023-01-26,195.0,65,0.5118110236220472,0.5118110236220472,0.5039370078740157,0.14173228346456693,0.10236220472440945,0.3858267716535435,0.35320584926884135,0.36167979002624673,2023-01-27,0.11811023622047244,15.0,54.583333333333336
2023-01-27,54.583333333333336,15,0.11811023622047244,0.11811023622047244,0.5118110236220472,0.5039370078740157,0.29133858267716534,0.377952755905512,0.3554555680539932,0.3522309711286089,2023-01-28,0.08661417322834646,11.0,42.583333333333336
2023-01-28,42.583333333333336,11,0.08661417322834646,0.08661417322834646,0.11811023622047244,0.5118110236220472,0.5039370078740157,0.2388451443569555,0.3262092238470191,0.3509186351706036,2023-01-29,0.2755905511811024,35.0,111.16666666666669
2023-01-29,111.16666666666669,35,0.2755905511811024,0.2755905511811024,0.08661417322834646,0.11811023622047244,0.41732283464566927,0.16010498687664057,0.2935883014623171,0.3561679790026247,2023-01-30,0.1732283464566929,22.0,74.375
2023-01-30,74.375,22,0.1732283464566929,0.1732283464566929,0.2755905511811024,0.08661417322834646,0.14173228346456693,0.17847769028871407,0.2587176602924634,0.3477690288713911,2023-01-31,0.03937007874015748,5.0,24.916666666666668
2023-01-31,24.916666666666668,5,0.03937007874015748,0.03937007874015748,0.1732283464566929,0.2755905511811024,0.5039370078740157,0.16272965879265108,0.24409448818897633,0.337007874015748,2023-02-01,0.15748031496062992,20.0,67.08333333333333
2023-02-01,67.08333333333333,20,0.15748031496062992,0.15748031496062992,0.03937007874015748,0.1732283464566929,0.5118110236220472,0.12335958005249359,0.1946006749156355,0.3341207349081365,2023-02-02,0.14960629921259844,19.0,66.54166666666667
2023-02-02,66.54166666666667,19,0.14960629921259844,0.14960629921259844,0.15748031496062992,0.03937007874015748,0.11811023622047244,0.11548556430446211,0.1428571428571428,0.3270341207349082,2023-02-03,0.3700787401574803,47.0,143.66666666666666
2023-02-03,143.66666666666666,47,0.3700787401574803,0.3700787401574803,0.14960629921259844,0.15748031496062992,0.08661417322834646,0.22572178477690308,0.1788526434195725,0.32572178477690283,2023-02-04,0.5118110236220472,65.0,193.75
2023-02-04,193.75,65,0.5118110236220472,0.5118110236220472,0.3700787401574803,0.14960629921259844,0.2755905511811024,0.34383202099737553,0.2395950506186726,0.32808398950131235,2023-02-05,0.5433070866141733,69.0,204.20833333333331
2023-02-05,204.20833333333331,69,0.5433070866141733,0.5433070866141733,0.5118110236220472,0.3700787401574803,0.1732283464566929,0.47506561679790044,0.27784026996625416,0.33175853018372703,2023-02-06,0.3228346456692913,41.0,126.41666666666669
2023-02-06,126.41666666666669,41,0.3228346456692913,0.3228346456692913,0.5433070866141733,0.5118110236220472,0.03937007874015748,0.45931758530183747,0.2992125984251968,0.33727034120734906,2023-02-07,0.08661417322834646,11.0,43.708333333333336
2023-02-07,43.708333333333336,11,0.08661417322834646,0.08661417322834646,0.3228346456692913,0.5433070866141733,0.15748031496062992,0.3175853018372705,0.3059617547806524,0.3251968503937008,2023-02-08,0.14960629921259844,19.0,65.75
2023-02-08,65.75,19,0.14960629921259844,0.14960629921259844,0.08661417322834646,0.3228346456692913,0.14960629921259844,0.18635170603674558,0.30483689538807646,0.3167979002624672,2023-02-09,0.5826771653543307,74.0,218.29166666666663
2023-02-09,218.29166666666663,74,0.5826771653543307,0.5826771653543307,0.14960629921259844,0.08661417322834646,0.3700787401574803,0.272965879265092,0.3667041619797525,0.32125984251968503,2023-02-10,0.47244094488188976,60.0,180.54166666666663
2023-02-10,180.54166666666663,60,0.47244094488188976,0.47244094488188976,0.5826771653543307,0.14960629921259844,0.5118110236220472,0.4015748031496065,0.3813273340832395,0.3272965879265092,2023-02-11,0.5984251968503937,76.0,223.75
2023-02-11,223.75,76,0.5984251968503937,0.5984251968503937,0.47244094488188976,0.5826771653543307,0.5433070866141733,0.5511811023622049,0.3937007874015747,0.33385826771653543,2023-02-12,0.44881889763779526,57.0,170.29166666666666
2023-02-12,170.29166666666666,57,0.44881889763779526,0.44881889763779526,0.5984251968503937,0.47244094488188976,0.3228346456692913,0.5065616797900264,0.38020247469066354,0.33307086614173226,2023-02-13,0.3858267716535433,49.0,149.79166666666666
2023-02-13,149.79166666666666,49,0.3858267716535433,0.3858267716535433,0.44881889763779526,0.5984251968503937,0.08661417322834646,0.47769028871391095,0.389201349831271,0.33018372703412074,2023-02-14,0.5984251968503937,76.0,225.04166666666663
2023-02-14,225.04166666666663,76,0.5984251968503937,0.5984251968503937,0.3858267716535433,0.44881889763779526,0.14960629921259844,0.47769028871391095,0.4623172103487064,0.3388451443569554,2023-02-15,0.5196850393700787,66.0,196.125
2023-02-15,196.125,66,0.5196850393700787,0.5196850393700787,0.5984251968503937,0.3858267716535433,0.5826771653543307,0.5013123359580054,0.5151856017997749,0.34698162729658794,2023-02-16,0.2125984251968504,27.0,87.875
2023-02-16,87.875,27,0.2125984251968504,0.2125984251968504,0.5196850393700787,0.5984251968503937,0.47244094488188976,0.44356955380577445,0.4623172103487064,0.3396325459317585,2023-02-17,0.6220472440944882,79.0,234.41666666666663
2023-02-17,234.41666666666663,79,0.6220472440944882,0.6220472440944882,0.2125984251968504,0.5196850393700787,0.5984251968503937,0.45144356955380593,0.4836895388076489,0.3461942257217848,2023-02-18,0.3937007874015748,50.0,151.83333333333334
2023-02-18,151.83333333333334,50,0.3937007874015748,0.3937007874015748,0.6220472440944882,0.2125984251968504,0.44881889763779526,0.40944881889763796,0.4544431946006749,0.34304461942257214,2023-02-19,0.4645669291338583,59.0,178.5
2023-02-19,178.5,59,0.4645669291338583,0.4645669291338583,0.3937007874015748,0.6220472440944882,0.3858267716535433,0.4934383202099739,0.45669291338582674,0.3551181102362204,2023-02-20,0.5669291338582677,72.0,214.75
2023-02-20,214.75,72,0.5669291338582677,0.5669291338582677,0.4645669291338583,0.3937007874015748,0.5984251968503937,0.47506561679790044,0.48256467941507303,0.36430446194225724,2023-02-21,0.5984251968503937,76.0,224.54166666666663
2023-02-21,224.54166666666663,76,0.5984251968503937,0.5984251968503937,0.5669291338582677,0.4645669291338583,0.5196850393700787,0.5433070866141735,0.4825646794150731,0.3674540682414698,2023-02-22,0.5826771653543307,74.0,218.70833333333331
2023-02-22,218.70833333333331,74,0.5826771653543307,0.5826771653543307,0.5984251968503937,0.5669291338582677,0.2125984251968504,0.5826771653543309,0.4915635545556805,0.37296587926509184,2023-02-23,0.4409448818897638,56.0,168.16666666666666
2023-02-23,168.16666666666666,56,0.4409448818897638,0.4409448818897638,0.5826771653543307,0.5984251968503937,0.6220472440944882,0.5406824146981629,0.5241844769403824,0.3829396325459318,2023-02-24,0.2283464566929134,29.0,92.95833333333331
2023-02-24,92.95833333333331,29,0.2283464566929134,0.2283464566929134,0.4409448818897638,0.5826771653543307,0.3937007874015748,0.4173228346456694,0.46794150731158607,0.373753280839895,2023-02-25,0.4015748031496063,51.0,154.41666666666666
2023-02-25,154.41666666666666,51,0.4015748031496063,0.4015748031496063,0.2283464566929134,0.4409448818897638,0.4645669291338583,0.3569553805774279,0.4690663667041619,0.3700787401574803,2023-02-26,0.33070866141732286,42.0,128.91666666666666
2023-02-26,128.91666666666666,42,0.33070866141732286,0.33070866141732286,0.4015748031496063,0.2283464566929134,0.5669291338582677,0.32020997375328103,0.44994375703037115,0.3771653543307087,2023-02-27,0.6929133858267716,88.0,258.875
2023-02-27,258.875,88,0.6929133858267716,0.6929133858267716,0.33070866141732286,0.4015748031496063,0.5984251968503937,0.4750656167979004,0.46794150731158596,0.3973753280839895,2023-02-28,0.5354330708661418,68.0,202.25
2023-02-28,202.25,68,0.5354330708661418,0.5354330708661418,0.6929133858267716,0.33070866141732286,0.5826771653543307,0.5196850393700788,0.4589426321709786,0.40603674540682416,2023-03-01,0.2677165354330709,34.0,107.0
2023-03-01,107.0,34,0.2677165354330709,0.2677165354330709,0.5354330708661418,0.6929133858267716,0.4409448818897638,0.4986876640419949,0.4139482564679415,0.40918635170603673,2023-03-02,0.29133858267716534,37.0,114.33333333333331
2023-03-02,114.33333333333331,37,0.29133858267716534,0.29133858267716534,0.2677165354330709,0.5354330708661418,0.2283464566929134,0.36482939632545947,0.3925759280089988,0.41758530183727033,2023-03-03,0.7086614173228346,90.0,262.875
2023-03-03,262.875,90,0.7086614173228346,0.7086614173228346,0.29133858267716534,0.2677165354330709,0.4015748031496063,0.4225721784776904,0.4611923509561304,0.4359580052493438,2023-03-04,0.7007874015748031,89.0,259.9166666666667
2023-03-04,259.9166666666667,89,0.7007874015748031,0.7007874015748031,0.7086614173228346,0.29133858267716534,0.33070866141732286,0.5669291338582679,0.5039370078740157,0.45433070866141734,2023-03-05,0.6771653543307087,86.0,252.45833333333331
2023-03-05,252.45833333333331,86,0.6771653543307087,0.6771653543307087,0.7007874015748031,0.7086614173228346,0.6929133858267716,0.6955380577427824,0.5534308211473565,0.4645669291338583,2023-03-06,0.5590551181102362,71.0,209.54166666666663
2023-03-06,209.54166666666663,71,0.5590551181102362,0.5590551181102362,0.6771653543307087,0.7007874015748031,0.5354330708661418,0.6456692913385829,0.5343082114735658,0.46614173228346456,2023-03-07,0.33858267716535434,43.0,132.70833333333334
2023-03-07,132.70833333333334,43,0.33858267716535434,0.33858267716535434,0.5590551181102362,0.6771653543307087,0.2677165354330709,0.5249343832020998,0.5061867266591675,0.45931758530183725,2023-03-08,0.3937007874015748,50.0,151.25
2023-03-08,151.25,50,0.3937007874015748,0.3937007874015748,0.33858267716535434,0.5590551181102362,0.29133858267716534,0.4304461942257219,0.5241844769403824,0.4616797900262467,2023-03-09,0.4566929133858268,58.0,174.04166666666666
2023-03-09,174.04166666666666,58,0.4566929133858268,0.4566929133858268,0.3937007874015748,0.33858267716535434,0.7086614173228346,0.3963254593175855,0.5478065241844768,0.47401574803149604,2023-03-10,0.5590551181102362,71.0,209.91666666666663
2023-03-10,209.91666666666663,71,0.5590551181102362,0.5590551181102362,0.4566929133858268,0.3937007874015748,0.7007874015748031,0.4698162729658794,0.5264341957255343,0.48766404199475066,2023-03-11,0.6299212598425197,80.0,235.33333333333331
2023-03-11,235.33333333333331,80,0.6299212598425197,0.6299212598425197,0.5590551181102362,0.4566929133858268,0.6771653543307087,0.5485564304461944,0.5163104611923509,0.4892388451443569,2023-03-12,0.6220472440944882,79.0,233.625
2023-03-12,233.625,79,0.6220472440944882,0.6220472440944882,0.6299212598425197,0.5590551181102362,0.5590551181102362,0.6036745406824148,0.5084364454443194,0.4942257217847769,2023-03-13,0.6850393700787402,87.0,255.04166666666663
2023-03-13,255.04166666666663,87,0.6850393700787402,0.6850393700787402,0.6220472440944882,0.6299212598425197,0.33858267716535434,0.6456692913385829,0.5264341957255343,0.49711286089238843,2023-03-14,0.4566929133858268,58.0,174.58333333333334
2023-03-14,174.58333333333334,58,0.4566929133858268,0.4566929133858268,0.6850393700787402,0.6220472440944882,0.3937007874015748,0.5879265091863518,0.5433070866141732,0.4973753280839895,2023-03-15,0.6062992125984252,77.0,226.58333333333331
2023-03-15,226.58333333333331,77,0.6062992125984252,0.6062992125984252,0.4566929133858268,0.6850393700787402,0.4566929133858268,0.5826771653543309,0.5736782902137232,0.5047244094488189,2023-03-16,0.2440944881889764,31.0,99.95833333333331
2023-03-16,99.95833333333331,31,0.2440944881889764,0.2440944881889764,0.6062992125984252,0.4566929133858268,0.5590551181102362,0.4356955380577429,0.5433070866141732,0.4929133858267717,2023-03-17,0.4330708661417323,55.0,167.04166666666666
2023-03-17,167.04166666666666,55,0.4330708661417323,0.4330708661417323,0.2440944881889764,0.6062992125984252,0.6299212598425197,0.42782152230971143,0.5253093363329583,0.49002624671916006,2023-03-18,0.15748031496062992,20.0,69.125
2023-03-18,69.125,20,0.15748031496062992,0.15748031496062992,0.4330708661417323,0.2440944881889764,0.6220472440944882,0.27821522309711305,0.45781777277840263,0.4881889763779528,2023-03-19,0.7086614173228346,90.0,262.375
2023-03-19,262.375,90,0.7086614173228346,0.7086614173228346,0.15748031496062992,0.4330708661417323,0.6850393700787402,0.4330708661417324,0.47019122609673786,0.49107611548556435,2023-03-20,0.16535433070866143,21.0,70.08333333333333
2023-03-20,70.08333333333333,21,0.16535433070866143,0.16535433070866143,0.7086614173228346,0.15748031496062992,0.4566929133858268,0.3438320209973755,0.3959505061867266,0.4834645669291338,2023-03-21,0.14173228346456693,18.0,62.5
2023-03-21,62.5,18,0.14173228346456693,0.14173228346456693,0.16535433070866143,0.7086614173228346,0.6062992125984252,0.33858267716535445,0.3509561304836895,0.47270341207349087,2023-03-22,0.4015748031496063,51.0,154.5
2023-03-22,154.5,51,0.4015748031496063,0.4015748031496063,0.14173228346456693,0.16535433070866143,0.2440944881889764,0.236220472440945,0.32170978627671537,0.4671916010498688,2023-03-23,0.5590551181102362,71.0,209.375
2023-03-23,209.375,71,0.5590551181102362,0.5590551181102362,0.4015748031496063,0.14173228346456693,0.4330708661417323,0.3674540682414699,0.3667041619797525,0.46587926509186345,2023-03-24,0.5984251968503937,76.0,225.5
2023-03-24,225.5,76,0.5984251968503937,0.5984251968503937,0.5590551181102362,0.4015748031496063,0.15748031496062992,0.5196850393700788,0.390326209223847,0.4664041994750656,2023-03-25,0.8110236220472441,103.0,300.9166666666667
2023-03-25,300.9166666666667,103,0.8110236220472441,0.8110236220472441,0.5984251968503937,0.5590551181102362,0.7086614173228346,0.6561679790026248,0.48368953880764903,0.47874015748031495,2023-03-26,0.5669291338582677,72.0,212.16666666666663
2023-03-26,212.16666666666663,72,0.5669291338582677,0.5669291338582677,0.8110236220472441,0.5984251968503937,0.16535433070866143,0.6587926509186354,0.46344206974128227,0.4900262467191601,2023-03-27,0.6141732283464567,78.0,229.54166666666663
2023-03-27,229.54166666666663,78,0.6141732283464567,0.6141732283464567,0.5669291338582677,0.8110236220472441,0.14173228346456693,0.6640419947506563,0.5275590551181102,0.49711286089238843,2023-03-28,0.5826771653543307,74.0,220.16666666666663
2023-03-28,220.16666666666663,74,0.5826771653543307,0.5826771653543307,0.6141732283464567,0.5669291338582677,0.4015748031496063,0.5879265091863518,0.5905511811023622,0.5055118110236221,2023-03-29,0.3779527559055118,48.0,147.33333333333334
2023-03-29,147.33333333333334,48,0.3779527559055118,0.3779527559055118,0.5826771653543307,0.6141732283464567,0.5590551181102362,0.5249343832020998,0.5871766029246344,0.4950131233595801,2023-03-30,0.16535433070866143,21.0,70.95833333333333
2023-03-30,70.95833333333333,21,0.16535433070866143,0.16535433070866143,0.3779527559055118,0.5826771653543307,0.5984251968503937,0.3753280839895014,0.530933633295838,0.4826771653543307,2023-03-31,0.5669291338582677,72.0,212.79166666666663
2023-03-31,212.79166666666663,72,0.5669291338582677,0.5669291338582677,0.16535433070866143,0.3779527559055118,0.8110236220472441,0.3700787401574804,0.5264341957255343,0.49265091863517063,2023-04-01,0.6771653543307087,86.0,252.45833333333331
2023-04-01,252.45833333333331,86,0.6771653543307087,0.6771653543307087,0.5669291338582677,0.16535433070866143,0.5669291338582677,0.4698162729658794,0.5073115860517434,0.5055118110236221,2023-04-02,0.33858267716535434,43.0,131.875
2023-04-02,131.875,43,0.33858267716535434,0.33858267716535434,0.6771653543307087,0.5669291338582677,0.6141732283464567,0.5275590551181104,0.47469066366704155,0.4931758530183727,2023-04-03,0.6929133858267716,88.0,258.2083333333333
2023-04-03,258.2083333333333,88,0.6929133858267716,0.6929133858267716,0.33858267716535434,0.6771653543307087,0.5826771653543307,0.5695538057742783,0.4859392575928009,0.49291338582677163,2023-04-04,0.4251968503937008,54.0,163.20833333333334
2023-04-04,163.20833333333334,54,0.4251968503937008,0.4251968503937008,0.6929133858267716,0.33858267716535434,0.3779527559055118,0.48556430446194243,0.46344206974128227,0.4845144356955381,2023-04-05,0.3464566929133858,44.0,135.54166666666666
2023-04-05,135.54166666666666,44,0.3464566929133858,0.3464566929133858,0.4251968503937008,0.6929133858267716,0.16535433070866143,0.48818897637795283,0.4589426321709786,0.47742782152230967,2023-04-06,0.015748031496062992,2.0,19.041666666666668
2023-04-06,19.041666666666668,2,0.015748031496062992,0.015748031496062992,0.3464566929133858,0.4251968503937008,0.5669291338582677,0.26246719160105,0.4375703037120359,0.4666666666666667,2023-04-07,0.10236220472440945,13.0,47.25
2023-04-07,47.25,13,0.10236220472440945,0.10236220472440945,0.015748031496062992,0.3464566929133858,0.6771653543307087,0.1548556430446195,0.3712035995500562,0.4569553805774278,2023-04-08,0.2047244094488189,26.0,85.75
2023-04-08,85.75,26,0.2047244094488189,0.2047244094488189,0.10236220472440945,0.015748031496062992,0.33858267716535434,0.10761154855643051,0.30371203599550045,0.44855643044619425,2023-04-09,0.44881889763779526,57.0,170.54166666666666
2023-04-09,170.54166666666666,57,0.44881889763779526,0.44881889763779526,0.2047244094488189,0.10236220472440945,0.6929133858267716,0.2519685039370079,0.31946006749156347,0.4448818897637795,2023-04-10,0.4015748031496063,51.0,154.75
2023-04-10,154.75,51,0.4015748031496063,0.4015748031496063,0.44881889763779526,0.2047244094488189,0.4251968503937008,0.35170603674540685,0.27784026996625416,0.4372703412073491,2023-04-11,0.8031496062992126,102.0,297.3333333333333
2023-04-11,297.3333333333333,102,0.8031496062992126,0.8031496062992126,0.4015748031496063,0.44881889763779526,0.3464566929133858,0.5511811023622047,0.3318335208098987,0.44330708661417323,2023-04-12,0.8031496062992126,102.0,296.625
2023-04-12,296.625,102,0.8031496062992126,0.8031496062992126,0.8031496062992126,0.4015748031496063,0.015748031496062992,0.6692913385826772,0.3970753655793025,0.44724409448818897,2023-04-13,0.8661417322834646,110.0,318.8333333333333
2023-04-13,318.8333333333333,110,0.8661417322834646,0.8661417322834646,0.8031496062992126,0.8031496062992126,0.10236220472440945,0.8241469816272966,0.5185601799775028,0.4608923884514436,2023-04-14,0.2992125984251969,38.0,119.5
2023-04-14,119.5,38,0.2992125984251969,0.2992125984251969,0.8661417322834646,0.8031496062992126,0.2047244094488189,0.6561679790026248,0.546681664791901,0.4506561679790026,2023-04-15,0.7322834645669292,93.0,273.5
2023-04-15,273.5,93,0.7322834645669292,0.7322834645669292,0.2992125984251969,0.8661417322834646,0.44881889763779526,0.6325459317585304,0.6220472440944881,0.46692913385826773,2023-04-16,0.8976377952755905,114.0,330.2916666666667
2023-04-16,330.2916666666667,114,0.8976377952755905,0.8976377952755905,0.7322834645669292,0.2992125984251969,0.4015748031496063,0.6430446194225722,0.6861642294713161,0.4824146981627297,2023-04-17,0.7716535433070866,98.0,285.875
2023-04-17,285.875,98,0.7716535433070866,0.7716535433070866,0.8976377952755905,0.7322834645669292,0.8031496062992126,0.8005249343832022,0.7390326209223846,0.5028871391076115,2023-04-18,0.30708661417322836,39.0,120.66666666666669
2023-04-18,120.66666666666669,39,0.30708661417322836,0.30708661417322836,0.7716535433070866,0.8976377952755905,0.8031496062992126,0.6587926509186353,0.6681664791901011,0.489501312335958,2023-04-19,0.3543307086614173,45.0,138.54166666666666
2023-04-19,138.54166666666666,45,0.3543307086614173,0.3543307086614173,0.30708661417322836,0.7716535433070866,0.8661417322834646,0.4776902887139109,0.6040494938132733,0.4958005249343832,2023-04-20,0.5118110236220472,65.0,195.04166666666663
2023-04-20,195.04166666666663,65,0.5118110236220472,0.5118110236220472,0.3543307086614173,0.30708661417322836,0.2992125984251969,0.3910761154855644,0.5534308211473565,0.5081364829396325,2023-04-21,0.6456692913385826,82.0,242.0
2023-04-21,242.0,82,0.6456692913385826,0.6456692913385826,0.5118110236220472,0.3543307086614173,0.7322834645669292,0.5039370078740159,0.6029246344206973,0.5162729658792651,2023-04-22,0.6929133858267716,88.0,257.2083333333333
2023-04-22,257.2083333333333,88,0.6929133858267716,0.6929133858267716,0.6456692913385826,0.5118110236220472,0.8976377952755905,0.6167979002624673,0.5973003374578177,0.5207349081364829,2023-04-23,0.2204724409448819,28.0,91.875
2023-04-23,91.875,28,0.2204724409448819,0.2204724409448819,0.6929133858267716,0.6456692913385826,0.7716535433070866,0.5196850393700788,0.5005624296962878,0.5081364829396325,2023-04-24,0.6692913385826772,85.0,250.5
2023-04-24,250.5,85,0.6692913385826772,0.6692913385826772,0.2204724409448819,0.6929133858267716,0.30708661417322836,0.5275590551181103,0.4859392575928009,0.5034120734908136,2023-04-25,0.2755905511811024,35.0,110.41666666666669
2023-04-25,110.41666666666669,35,0.2755905511811024,0.2755905511811024,0.6692913385826772,0.2204724409448819,0.3543307086614173,0.3884514435695539,0.4814398200224971,0.49370078740157475,2023-04-26,0.5354330708661418,68.0,202.5
2023-04-26,202.5,68,0.5354330708661418,0.5354330708661418,0.2755905511811024,0.6692913385826772,0.5118110236220472,0.49343832020997386,0.5073115860517435,0.49107611548556435,2023-04-27,0.905511811023622,115.0,334.5416666666667
2023-04-27,334.5416666666667,115,0.905511811023622,0.905511811023622,0.5354330708661418,0.2755905511811024,0.6456692913385826,0.5721784776902888,0.5635545556805399,0.5018372703412074,2023-04-28,0.6692913385826772,85.0,250.625
2023-04-28,250.625,85,0.6692913385826772,0.6692913385826772,0.905511811023622,0.5354330708661418,0.6929133858267716,0.7034120734908137,0.5669291338582677,0.5115485564304462,2023-04-29,0.9448818897637795,120.0,347.625
2023-04-29,347.625,120,0.9448818897637795,0.9448818897637795,0.6692913385826772,0.905511811023622,0.2204724409448819,0.8398950131233596,0.6029246344206973,0.5375328083989501,2023-04-30,0.9291338582677166,118.0,341.2083333333333
2023-04-30,341.2083333333333,118,0.9291338582677166,0.9291338582677166,0.9448818897637795,0.6692913385826772,0.6692913385826772,0.8477690288713912,0.7041619797525309,0.5496062992125984,2023-05-01,0.7952755905511811,101.0,295.0833333333333
2023-05-01,295.0833333333333,101,0.7952755905511811,0.7952755905511811,0.9291338582677166,0.9448818897637795,0.2755905511811024,0.8897637795275591,0.7221597300337457,0.5535433070866141,2023-05-02,0.5590551181102362,71.0,210.125
2023-05-02,210.125,71,0.5590551181102362,0.5590551181102362,0.7952755905511811,0.9291338582677166,0.5354330708661418,0.7611548556430447,0.7626546681664791,0.5608923884514436,2023-05-03,0.8503937007874016,108.0,314.5833333333333
2023-05-03,314.5833333333333,108,0.8503937007874016,0.8503937007874016,0.5590551181102362,0.7952755905511811,0.905511811023622,0.7349081364829396,0.8076490438695163,0.5661417322834645,2023-05-04,0.4330708661417323,55.0,167.04166666666666
2023-05-04,167.04166666666666,55,0.4330708661417323,0.4330708661417323,0.8503937007874016,0.5590551181102362,0.6692913385826772,0.6141732283464568,0.7401574803149605,0.5664041994750657,2023-05-05,0.8110236220472441,103.0,300.5416666666667
2023-05-05,300.5416666666667,103,0.8110236220472441,0.8110236220472441,0.4330708661417323,0.8503937007874016,0.9448818897637795,0.6981627296587928,0.7604049493813274,0.5818897637795275,2023-05-06,0.5905511811023622,75.0,221.20833333333331
2023-05-06,221.20833333333331,75,0.5905511811023622,0.5905511811023622,0.8110236220472441,0.4330708661417323,0.9291338582677166,0.6115485564304463,0.7097862767154106,0.6010498687664042,2023-05-07,0.3700787401574803,47.0,143.83333333333334
2023-05-07,143.83333333333334,47,0.3700787401574803,0.3700787401574803,0.5905511811023622,0.8110236220472441,0.7952755905511811,0.5905511811023623,0.6299212598425196,0.6099737532808399,2023-05-08,0.7165354330708661,91.0,265.375
2023-05-08,265.375,91,0.7165354330708661,0.7165354330708661,0.3700787401574803,0.5905511811023622,0.5590551181102362,0.5590551181102362,0.6186726659167603,0.6270341207349082,2023-05-09,0.25984251968503935,33.0,104.625
2023-05-09,104.625,33,0.25984251968503935,0.25984251968503935,0.7165354330708661,0.3700787401574803,0.8503937007874016,0.44881889763779537,0.575928008998875,0.6207349081364829,2023-05-10,0.5196850393700787,66.0,195.625
2023-05-10,195.625,66,0.5196850393700787,0.5196850393700787,0.25984251968503935,0.7165354330708661,0.4330708661417323,0.49868766404199477,0.5286839145106861,0.6246719160104987,2023-05-11,0.7401574803149606,94.0,274.4166666666667
2023-05-11,274.4166666666667,94,0.7401574803149606,0.7401574803149606,0.5196850393700787,0.25984251968503935,0.8110236220472441,0.5065616797900263,0.5725534308211472,0.6225721784776902,2023-05-12,0.4330708661417323,55.0,164.83333333333334
2023-05-12,164.83333333333334,55,0.4330708661417323,0.4330708661417323,0.7401574803149606,0.5196850393700787,0.5905511811023622,0.5643044619422573,0.5185601799775028,0.6102362204724409,2023-05-13,0.18110236220472442,23.0,76.25
2023-05-13,76.25,23,0.18110236220472442,0.18110236220472442,0.4330708661417323,0.7401574803149606,0.3700787401574803,0.4514435695538059,0.4600674915635545,0.5874015748031496,2023-05-14,0.4566929133858268,58.0,175.08333333333334
2023-05-14,175.08333333333334,58,0.4566929133858268,0.4566929133858268,0.18110236220472442,0.4330708661417323,0.7165354330708661,0.3569553805774279,0.4724409448818897,0.5926509186351706,2023-05-15,0.5433070866141733,69.0,205.83333333333331
2023-05-15,205.83333333333331,69,0.5433070866141733,0.5433070866141733,0.4566929133858268,0.18110236220472442,0.25984251968503935,0.3937007874015748,0.4476940382452193,0.5863517060367455,2023-05-16,0.7244094488188977,92.0,268.4583333333333
2023-05-16,268.4583333333333,92,0.7244094488188977,0.7244094488188977,0.5433070866141733,0.4566929133858268,0.5196850393700787,0.5748031496062992,0.5140607424071991,0.5805774278215223,2023-05-17,0.9133858267716536,116.0,336.7083333333333
2023-05-17,336.7083333333333,116,0.9133858267716536,0.9133858267716536,0.7244094488188977,0.5433070866141733,0.7401574803149606,0.7270341207349084,0.5703037120359954,0.5853018372703412,2023-05-18,0.8976377952755905,114.0,329.5833333333333
2023-05-18,329.5833333333333,114,0.8976377952755905,0.8976377952755905,0.9133858267716536,0.7244094488188977,0.4330708661417323,0.8451443569553806,0.592800899887514,0.60498687664042,2023-05-19,0.8818897637795275,112.0,326.25
2023-05-19,326.25,112,0.8818897637795275,0.8818897637795275,0.8976377952755905,0.9133858267716536,0.18110236220472442,0.8976377952755906,0.6569178852643419,0.6225721784776904,2023-05-20,0.6062992125984252,77.0,227.29166666666663
2023-05-20,227.29166666666663,77,0.6062992125984252,0.6062992125984252,0.8818897637795275,0.8976377952755905,0.4566929133858268,0.7952755905511811,0.7176602924634421,0.6257217847769029,2023-05-21,0.2677165354330709,34.0,107.83333333333331
2023-05-21,107.83333333333331,34,0.2677165354330709,0.2677165354330709,0.6062992125984252,0.8818897637795275,0.5433070866141733,0.5853018372703412,0.6906636670416197,0.6131233595800525,2023-05-22,0.8740157480314961,111.0,321.125
2023-05-22,321.125,111,0.8740157480314961,0.8740157480314961,0.2677165354330709,0.6062992125984252,0.7244094488188977,0.5826771653543307,0.7379077615298087,0.6191601049868766,2023-05-23,0.8661417322834646,110.0,319.125
2023-05-23,319.125,110,0.8661417322834646,0.8661417322834646,0.8740157480314961,0.2677165354330709,0.9133858267716536,0.6692913385826772,0.7581552305961754,0.6406824146981627,2023-05-24,0.5984251968503937,76.0,225.66666666666663
2023-05-24,225.66666666666663,76,0.5984251968503937,0.5984251968503937,0.8661417322834646,0.8740157480314961,0.8976377952755905,0.7795275590551182,0.7131608548931382,0.6383202099737534,2023-05-25,0.7165354330708661,91.0,265.4583333333333
2023-05-25,265.4583333333333,91,0.7165354330708661,0.7165354330708661,0.5984251968503937,0.8661417322834646,0.8818897637795275,0.7270341207349081,0.6872890888638921,0.6530183727034121,2023-05-26,0.7007874015748031,89.0,260.3333333333333
2023-05-26,260.3333333333333,89,0.7007874015748031,0.7007874015748031,0.7165354330708661,0.5984251968503937,0.6062992125984252,0.6719160104986877,0.6614173228346456,0.6585301837270342,2023-05-27,0.7086614173228346,90.0,263.2916666666667
2023-05-27,263.2916666666667,90,0.7086614173228346,0.7086614173228346,0.7007874015748031,0.7165354330708661,0.2677165354330709,0.7086614173228346,0.6760404949381327,0.6519685039370079,2023-05-28,0.6850393700787402,87.0,255.29166666666663
2023-05-28,255.29166666666663,87,0.6850393700787402,0.6850393700787402,0.7086614173228346,0.7007874015748031,0.8740157480314961,0.6981627296587926,0.7356580427446568,0.65249343832021,2023-05-29,0.6141732283464567,78.0,229.95833333333331
2023-05-29,229.95833333333331,78,0.6141732283464567,0.6141732283464567,0.6850393700787402,0.7086614173228346,0.8661417322834646,0.6692913385826772,0.6985376827896512,0.6414698162729658,2023-05-30,0.9133858267716536,116.0,335.375
2023-05-30,335.375,116,0.9133858267716536,0.9133858267716536,0.6141732283464567,0.6850393700787402,0.5984251968503937,0.7375328083989502,0.7052868391451069,0.6409448818897638,2023-05-31,0.9291338582677166,118.0,340.9166666666667
2023-05-31,340.9166666666667,118,0.9291338582677166,0.9291338582677166,0.9133858267716536,0.6141732283464567,0.7165354330708661,0.8188976377952756,0.7525309336332958,0.6454068241469816,2023-06-01,0.8661417322834646,110.0,320.875
2023-06-01,320.875,110,0.8661417322834646,0.8661417322834646,0.9291338582677166,0.9133858267716536,0.7007874015748031,0.9028871391076115,0.7739032620922384,0.6556430446194226,2023-06-02,0.8818897637795275,112.0,324.5
2023-06-02,324.5,112,0.8818897637795275,0.8818897637795275,0.8661417322834646,0.9291338582677166,0.7086614173228346,0.8923884514435696,0.7997750281214847,0.6566929133858268,2023-06-03,0.8818897637795275,112.0,324.0833333333333
2023-06-03,324.0833333333333,112,0.8818897637795275,0.8818897637795275,0.8818897637795275,0.8661417322834646,0.6850393700787402,0.8766404199475066,0.8245219347581552,0.6716535433070867,2023-06-04,0.4330708661417323,55.0,165.625
2023-06-04,165.625,55,0.4330708661417323,0.4330708661417323,0.8818897637795275,0.8818897637795275,0.6141732283464567,0.7322834645669292,0.7885264341957255,0.6590551181102362,2023-06-05,0.5905511811023622,75.0,221.33333333333331
2023-06-05,221.33333333333331,75,0.5905511811023622,0.5905511811023622,0.4330708661417323,0.8818897637795275,0.9133858267716536,0.6351706036745407,0.7851518560179978,0.6590551181102362,2023-06-06,0.8582677165354331,109.0,316.6666666666667
2023-06-06,316.6666666666667,109,0.8582677165354331,0.8582677165354331,0.5905511811023622,0.4330708661417323,0.9291338582677166,0.6272965879265092,0.7772778402699663,0.6753280839895014,2023-06-07,0.8110236220472441,103.0,299.625
2023-06-07,299.625,103,0.8110236220472441,0.8110236220472441,0.8582677165354331,0.5905511811023622,0.8661417322834646,0.7532808398950132,0.7604049493813273,0.678477690288714,2023-06-08,0.6692913385826772,85.0,248.875
2023-06-08,248.875,85,0.6692913385826772,0.6692913385826772,0.8110236220472441,0.8582677165354331,0.8818897637795275,0.7795275590551182,0.732283464566929,0.6921259842519685,2023-06-09,0.8976377952755905,114.0,330.75
2023-06-09,330.75,114,0.8976377952755905,0.8976377952755905,0.6692913385826772,0.8110236220472441,0.8818897637795275,0.7926509186351707,0.734533183352081,0.7047244094488189,2023-06-10,0.9133858267716536,116.0,336.7916666666667
2023-06-10,336.7916666666667,116,0.9133858267716536,0.9133858267716536,0.8976377952755905,0.6692913385826772,0.4330708661417323,0.8267716535433071,0.7390326209223845,0.7104986876640421,2023-06-11,0.9448818897637795,120.0,348.0833333333333
2023-06-11,348.0833333333333,120,0.9448818897637795,0.9448818897637795,0.9133858267716536,0.8976377952755905,0.5905511811023622,0.9186351706036745,0.81214848143982,0.7275590551181103,2023-06-12,0.9133858267716536,116.0,337.1666666666667
2023-06-12,337.1666666666667,116,0.9133858267716536,0.9133858267716536,0.9448818897637795,0.9133858267716536,0.8582677165354331,0.9238845144356956,0.8582677165354331,0.7519685039370079,2023-06-13,0.6771653543307087,86.0,251.54166666666663
2023-06-13,251.54166666666663,86,0.6771653543307087,0.6771653543307087,0.9133858267716536,0.9448818897637795,0.8110236220472441,0.8451443569553806,0.8323959505061868,0.7593175853018372,2023-06-14,0.7244094488188977,92.0,270.0
2023-06-14,270.0,92,0.7244094488188977,0.7244094488188977,0.6771653543307087,0.9133858267716536,0.6692913385826772,0.7716535433070867,0.8200224971878515,0.7653543307086613,2023-06-15,0.8110236220472441,103.0,299.9166666666667
2023-06-15,299.9166666666667,103,0.8110236220472441,0.8110236220472441,0.7244094488188977,0.6771653543307087,0.8976377952755905,0.7375328083989502,0.8402699662542182,0.768241469816273,2023-06-16,0.8661417322834646,110.0,320.5833333333333
2023-06-16,320.5833333333333,110,0.8661417322834646,0.8661417322834646,0.8110236220472441,0.7244094488188977,0.9133858267716536,0.8005249343832022,0.8357705286839144,0.7666666666666667,2023-06-17,0.6220472440944882,79.0,232.08333333333331
2023-06-17,232.08333333333331,79,0.6220472440944882,0.6220472440944882,0.8661417322834646,0.8110236220472441,0.9448818897637795,0.7664041994750658,0.7941507311586051,0.75748031496063,2023-06-18,0.8503937007874016,108.0,313.7916666666667
2023-06-18,313.7916666666667,108,0.8503937007874016,0.8503937007874016,0.6220472440944882,0.8661417322834646,0.9133858267716536,0.7795275590551182,0.780652418447694,0.7564304461942257,2023-06-19,0.7952755905511811,101.0,294.875
2023-06-19,294.875,101,0.7952755905511811,0.7952755905511811,0.8503937007874016,0.6220472440944882,0.6771653543307087,0.7559055118110236,0.763779527559055,0.762729658792651,2023-06-20,0.905511811023622,115.0,333.2916666666667
2023-06-20,333.2916666666667,115,0.905511811023622,0.905511811023622,0.7952755905511811,0.8503937007874016,0.7244094488188977,0.8503937007874017,0.796400449943757,0.783989501312336,2023-06-21,0.8582677165354331,109.0,316.6666666666667
2023-06-21,316.6666666666667,109,0.8582677165354331,0.8582677165354331,0.905511811023622,0.7952755905511811,0.8110236220472441,0.8530183727034121,0.8155230596175479,0.7834645669291339,2023-06-22,0.5984251968503937,76.0,223.54166666666663
2023-06-22,223.54166666666663,76,0.5984251968503937,0.5984251968503937,0.8582677165354331,0.905511811023622,0.8661417322834646,0.7874015748031497,0.7851518560179978,0.7745406824146982,2023-06-23,0.9133858267716536,116.0,336.2916666666667
2023-06-23,336.2916666666667,116,0.9133858267716536,0.9133858267716536,0.5984251968503937,0.8582677165354331,0.6220472440944882,0.7900262467191602,0.7919010123734533,0.7850393700787403,2023-06-24,0.9212598425196851,117.0,339.9583333333333
2023-06-24,339.9583333333333,117,0.9212598425196851,0.9212598425196851,0.9133858267716536,0.5984251968503937,0.8503937007874016,0.8110236220472441,0.8346456692913387,0.7918635170603674,2023-06-25,0.8582677165354331,109.0,317.8333333333333
2023-06-25,317.8333333333333,109,0.8582677165354331,0.8582677165354331,0.9212598425196851,0.9133858267716536,0.7952755905511811,0.8976377952755906,0.8357705286839144,0.7971128608923884,2023-06-26,0.9448818897637795,120.0,348.0833333333333
2023-06-26,348.0833333333333,120,0.9448818897637795,0.9448818897637795,0.8582677165354331,0.9212598425196851,0.905511811023622,0.9081364829396326,0.8571428571428571,0.80498687664042,2023-06-27,0.952755905511811,121.0,349.9166666666667
2023-06-27,349.9166666666667,121,0.952755905511811,0.952755905511811,0.9448818897637795,0.8582677165354331,0.8582677165354331,0.9186351706036745,0.8638920134983127,0.8139107611548557,2023-06-28,0.9448818897637795,120.0,347.0833333333333
2023-06-28,347.0833333333333,120,0.9448818897637795,0.9448818897637795,0.952755905511811,0.9448818897637795,0.5984251968503937,0.9475065616797901,0.8762654668166479,0.8249343832020998,2023-06-29,0.937007874015748,119.0,345.9583333333333
2023-06-29,345.9583333333333,119,0.937007874015748,0.937007874015748,0.9448818897637795,0.952755905511811,0.9133858267716536,0.9448818897637795,0.9246344206974129,0.8257217847769028,2023-06-30,0.8267716535433071,105.0,304.875
2023-06-30,304.875,105,0.8267716535433071,0.8267716535433071,0.937007874015748,0.9448818897637795,0.9212598425196851,0.9028871391076115,0.9122609673790775,0.8223097112860892,2023-07-01,0.7795275590551181,99.0,290.1666666666667
2023-07-01,290.1666666666667,99,0.7795275590551181,0.7795275590551181,0.8267716535433071,0.937007874015748,0.8582677165354331,0.847769028871391,0.8920134983127108,0.8194225721784777,2023-07-02,0.6771653543307087,86.0,252.66666666666663
2023-07-02,252.66666666666663,86,0.6771653543307087,0.6771653543307087,0.7795275590551181,0.8267716535433071,0.9448818897637795,0.7611548556430446,0.8661417322834645,0.8125984251968503,2023-07-03,0.7480314960629921,95.0,278.4583333333333
2023-07-03,278.4583333333333,95,0.7480314960629921,0.7480314960629921,0.6771653543307087,0.7795275590551181,0.952755905511811,0.7349081364829396,0.8380202474690662,0.8081364829396325,2023-07-04,0.49606299212598426,63.0,188.25
2023-07-04,188.25,63,0.49606299212598426,0.49606299212598426,0.7480314960629921,0.6771653543307087,0.9448818897637795,0.6404199475065617,0.7727784026996626,0.810236220472441,2023-07-05,0.5905511811023622,75.0,221.83333333333331
2023-07-05,221.83333333333331,75,0.5905511811023622,0.5905511811023622,0.49606299212598426,0.7480314960629921,0.937007874015748,0.6115485564304463,0.7221597300337458,0.810236220472441,2023-07-06,0.5826771653543307,74.0,220.16666666666663
2023-07-06,220.16666666666663,74,0.5826771653543307,0.5826771653543307,0.5905511811023622,0.49606299212598426,0.8267716535433071,0.5564304461942258,0.671541057367829,0.8010498687664042,2023-07-07,0.6692913385826772,85.0,249.125
2023-07-07,249.125,85,0.6692913385826772,0.6692913385826772,0.5826771653543307,0.5905511811023622,0.7795275590551181,0.6141732283464567,0.6490438695163103,0.7963254593175854,2023-07-08,0.9212598425196851,117.0,338.1666666666667
2023-07-08,338.1666666666667,117,0.9212598425196851,0.9212598425196851,0.6692913385826772,0.5826771653543307,0.6771653543307087,0.7244094488188977,0.6692913385826771,0.8047244094488188,2023-07-09,0.937007874015748,119.0,344.0833333333333
2023-07-09,344.0833333333333,119,0.937007874015748,0.937007874015748,0.9212598425196851,0.6692913385826772,0.7480314960629921,0.84251968503937,0.7064116985376828,0.8060367454068242,2023-07-10,0.9212598425196851,117.0,340.4166666666667
2023-07-10,340.4166666666667,117,0.9212598425196851,0.9212598425196851,0.937007874015748,0.9212598425196851,0.49606299212598426,0.926509186351706,0.7311586051743532,0.8062992125984252,2023-07-11,0.7952755905511811,101.0,294.75
2023-07-11,294.75,101,0.7952755905511811,0.7952755905511811,0.9212598425196851,0.937007874015748,0.5905511811023622,0.8845144356955381,0.7739032620922384,0.8013123359580053,2023-07-12,0.9291338582677166,118.0,342.4583333333333
2023-07-12,342.4583333333333,118,0.9291338582677166,0.9291338582677166,0.7952755905511811,0.9212598425196851,0.5826771653543307,0.8818897637795277,0.8222722159730033,0.8018372703412073,2023-07-13,0.937007874015748,119.0,344.6666666666667
2023-07-13,344.6666666666667,119,0.937007874015748,0.937007874015748,0.9291338582677166,0.7952755905511811,0.6692913385826772,0.8871391076115486,0.8728908886389201,0.810498687664042,2023-07-14,0.889763779527559,113.0,327.75
2023-07-14,327.75,113,0.889763779527559,0.889763779527559,0.937007874015748,0.9291338582677166,0.9212598425196851,0.9186351706036747,0.9043869516310462,0.8160104986876641,2023-07-15,0.8582677165354331,109.0,316.1666666666667
2023-07-15,316.1666666666667,109,0.8582677165354331,0.8582677165354331,0.889763779527559,0.937007874015748,0.937007874015748,0.89501312335958,0.8953880764904386,0.8175853018372704,2023-07-16,0.8503937007874016,108.0,312.9583333333333
2023-07-16,312.9583333333333,108,0.8503937007874016,0.8503937007874016,0.8582677165354331,0.889763779527559,0.9212598425196851,0.8661417322834645,0.8830146231721034,0.8170603674540683,2023-07-17,0.9291338582677166,118.0,341.625
2023-07-17,341.625,118,0.9291338582677166,0.9291338582677166,0.8503937007874016,0.8582677165354331,0.7952755905511811,0.8792650918635171,0.8841394825646793,0.8272965879265092,2023-07-18,0.9291338582677166,118.0,341.25
2023-07-18,341.25,118,0.9291338582677166,0.9291338582677166,0.9291338582677166,0.8503937007874016,0.9291338582677166,0.9028871391076115,0.9032620922384701,0.8299212598425196,2023-07-19,0.9291338582677166,118.0,341.3333333333333
2023-07-19,341.3333333333333,118,0.9291338582677166,0.9291338582677166,0.9291338582677166,0.9291338582677166,0.937007874015748,0.9291338582677166,0.9032620922384701,0.8343832020997375,2023-07-20,0.9212598425196851,117.0,340.5416666666667
2023-07-20,340.5416666666667,117,0.9212598425196851,0.9212598425196851,0.9291338582677166,0.9291338582677166,0.889763779527559,0.9265091863517062,0.9010123734533184,0.8349081364829396,2023-07-21,0.9291338582677166,118.0,342.9583333333333
2023-07-21,342.9583333333333,118,0.9291338582677166,0.9291338582677166,0.9212598425196851,0.9291338582677166,0.8582677165354331,0.926509186351706,0.9066366704161979,0.837270341207349,2023-07-22,0.8661417322834646,110.0,321.0
2023-07-22,321.0,110,0.8661417322834646,0.8661417322834646,0.9291338582677166,0.9212598425196851,0.8503937007874016,0.9055118110236221,0.9077615298087738,0.8461942257217848,2023-07-23,0.84251968503937,107.0,311.0833333333333
2023-07-23,311.0833333333333,107,0.84251968503937,0.84251968503937,0.8661417322834646,0.9291338582677166,0.9291338582677166,0.879265091863517,0.9066366704161979,0.8438320209973753,2023-07-24,0.8818897637795275,112.0,326.2083333333333
2023-07-24,326.2083333333333,112,0.8818897637795275,0.8818897637795275,0.84251968503937,0.8661417322834646,0.9291338582677166,0.863517060367454,0.8998875140607423,0.8425196850393701,2023-07-25,0.8818897637795275,112.0,324.8333333333333
2023-07-25,324.8333333333333,112,0.8818897637795275,0.8818897637795275,0.8818897637795275,0.84251968503937,0.9291338582677166,0.868766404199475,0.8931383577052868,0.8433070866141733,2023-07-26,0.8110236220472441,103.0,300.1666666666667
2023-07-26,300.1666666666667,103,0.8110236220472441,0.8110236220472441,0.8818897637795275,0.8818897637795275,0.9212598425196851,0.8582677165354332,0.8762654668166479,0.8388451443569553,2023-07-27,0.84251968503937,107.0,312.6666666666667
2023-07-27,312.6666666666667,107,0.84251968503937,0.84251968503937,0.8110236220472441,0.8818897637795275,0.9291338582677166,0.8451443569553806,0.8650168728908886,0.8351706036745407,2023-07-28,0.8503937007874016,108.0,314.8333333333333
2023-07-28,314.8333333333333,108,0.8503937007874016,0.8503937007874016,0.84251968503937,0.8110236220472441,0.8661417322834646,0.8346456692913385,0.8537682789651292,0.8320209973753282,2023-07-29,0.8976377952755905,114.0,330.2083333333333
2023-07-29,330.2083333333333,114,0.8976377952755905,0.8976377952755905,0.8503937007874016,0.84251968503937,0.84251968503937,0.863517060367454,0.858267716535433,0.8307086614173228,2023-07-30,0.8582677165354331,109.0,316.7916666666667
2023-07-30,316.7916666666667,109,0.8582677165354331,0.8582677165354331,0.8976377952755905,0.8503937007874016,0.8818897637795275,0.8687664041994752,0.8605174353205849,0.831758530183727,2023-07-31,0.8503937007874016,108.0,315.4583333333333
2023-07-31,315.4583333333333,108,0.8503937007874016,0.8503937007874016,0.8582677165354331,0.8976377952755905,0.8818897637795275,0.868766404199475,0.8560179977502812,0.8341207349081365,2023-08-01,0.7637795275590551,97.0,283.125
2023-08-01,283.125,97,0.7637795275590551,0.7637795275590551,0.8503937007874016,0.8582677165354331,0.8110236220472441,0.8241469816272966,0.8391451068616422,0.8370078740157482,2023-08-02,0.9133858267716536,116.0,335.9166666666667
2023-08-02,335.9166666666667,116,0.9133858267716536,0.9133858267716536,0.7637795275590551,0.8503937007874016,0.84251968503937,0.84251968503937,0.8537682789651294,0.8425196850393701,2023-08-03,0.8976377952755905,114.0,330.0
2023-08-03,330.0,114,0.8976377952755905,0.8976377952755905,0.9133858267716536,0.7637795275590551,0.8503937007874016,0.8582677165354332,0.8616422947131609,0.8559055118110236,2023-08-04,0.8976377952755905,114.0,330.2083333333333
2023-08-04,330.2083333333333,114,0.8976377952755905,0.8976377952755905,0.8976377952755905,0.9133858267716536,0.8976377952755905,0.9028871391076115,0.8683914510686164,0.8661417322834646,2023-08-05,0.889763779527559,113.0,329.0416666666667
2023-08-05,329.0416666666667,113,0.889763779527559,0.889763779527559,0.8976377952755905,0.8976377952755905,0.8582677165354331,0.89501312335958,0.8672665916760404,0.8763779527559056,2023-08-06,0.8818897637795275,112.0,326.0833333333333
2023-08-06,326.0833333333333,112,0.8818897637795275,0.8818897637795275,0.889763779527559,0.8976377952755905,0.8503937007874016,0.8897637795275591,0.8706411698537683,0.8834645669291338,2023-08-07,0.889763779527559,113.0,329.2916666666667
2023-08-07,329.2916666666667,113,0.889763779527559,0.889763779527559,0.8818897637795275,0.889763779527559,0.7637795275590551,0.8871391076115486,0.8762654668166479,0.8824146981627297,2023-08-08,0.8740157480314961,111.0,323.125
2023-08-08,323.125,111,0.8740157480314961,0.8740157480314961,0.889763779527559,0.8818897637795275,0.9133858267716536,0.8818897637795277,0.8920134983127108,0.8803149606299212,2023-08-09,0.889763779527559,113.0,327.9166666666667
2023-08-09,327.9166666666667,113,0.889763779527559,0.889763779527559,0.8740157480314961,0.889763779527559,0.8976377952755905,0.8845144356955381,0.8886389201349829,0.8792650918635171,2023-08-10,0.8740157480314961,111.0,322.9166666666667
2023-08-10,322.9166666666667,111,0.8740157480314961,0.8740157480314961,0.889763779527559,0.8740157480314961,0.8976377952755905,0.8792650918635171,0.8852643419572553,0.8818897637795275,2023-08-11,0.889763779527559,113.0,327.8333333333333
2023-08-11,327.8333333333333,113,0.889763779527559,0.889763779527559,0.8740157480314961,0.889763779527559,0.889763779527559,0.8845144356955381,0.8841394825646793,0.8805774278215224,2023-08-12,0.8818897637795275,112.0,325.3333333333333
2023-08-12,325.3333333333333,112,0.8818897637795275,0.8818897637795275,0.889763779527559,0.8740157480314961,0.8818897637795275,0.8818897637795277,0.8830146231721034,0.878740157480315,2023-08-13,0.8818897637795275,112.0,325.0
2023-08-13,325.0,112,0.8818897637795275,0.8818897637795275,0.8818897637795275,0.889763779527559,0.889763779527559,0.8845144356955381,0.8830146231721033,0.8784776902887139,2023-08-14,0.8582677165354331,109.0,318.2083333333333
2023-08-14,318.2083333333333,109,0.8582677165354331,0.8582677165354331,0.8818897637795275,0.8818897637795275,0.8740157480314961,0.8740157480314962,0.8785151856017998,0.8784776902887139,2023-08-15,0.8503937007874016,108.0,313.9583333333333
2023-08-15,313.9583333333333,108,0.8503937007874016,0.8503937007874016,0.8582677165354331,0.8818897637795275,0.889763779527559,0.8635170603674541,0.875140607424072,0.8784776902887138,2023-08-16,0.8818897637795275,112.0,324.4583333333333
2023-08-16,324.4583333333333,112,0.8818897637795275,0.8818897637795275,0.8503937007874016,0.8582677165354331,0.8740157480314961,0.8635170603674541,0.8740157480314961,0.8769028871391077,2023-08-17,0.8740157480314961,111.0,323.0833333333333
2023-08-17,323.0833333333333,111,0.8740157480314961,0.8740157480314961,0.8818897637795275,0.8503937007874016,0.889763779527559,0.8687664041994752,0.874015748031496,0.8750656167979004,2023-08-18,0.8818897637795275,112.0,324.2916666666667
2023-08-18,324.2916666666667,112,0.8818897637795275,0.8818897637795275,0.8740157480314961,0.8818897637795275,0.8818897637795275,0.8792650918635171,0.8728908886389201,0.873490813648294,2023-08-19,0.8582677165354331,109.0,317.5833333333333
2023-08-19,317.5833333333333,109,0.8582677165354331,0.8582677165354331,0.8818897637795275,0.8740157480314961,0.8818897637795275,0.8713910761154856,0.8695163104611924,0.8713910761154856,2023-08-20,0.8188976377952756,104.0,303.0833333333333
2023-08-20,303.0833333333333,104,0.8188976377952756,0.8188976377952756,0.8582677165354331,0.8818897637795275,0.8582677165354331,0.8530183727034121,0.8605174353205848,0.8677165354330708,2023-08-21,0.7007874015748031,89.0,261.7083333333333
2023-08-21,261.7083333333333,89,0.7007874015748031,0.7007874015748031,0.8188976377952756,0.8582677165354331,0.8503937007874016,0.7926509186351707,0.8380202474690664,0.8622047244094487,2023-08-22,0.5433070866141733,69.0,205.70833333333331
2023-08-22,205.70833333333331,69,0.5433070866141733,0.5433070866141733,0.7007874015748031,0.8188976377952756,0.8818897637795275,0.6876640419947506,0.7941507311586051,0.8522309711286089,2023-08-23,0.7952755905511811,101.0,293.3333333333333
2023-08-23,293.3333333333333,101,0.7952755905511811,0.7952755905511811,0.5433070866141733,0.7007874015748031,0.8740157480314961,0.6797900262467192,0.7817772778402698,0.8493438320209974,2023-08-24,0.7322834645669292,93.0,273.0416666666667
2023-08-24,273.0416666666667,93,0.7322834645669292,0.7322834645669292,0.7952755905511811,0.5433070866141733,0.8818897637795275,0.6902887139107613,0.7615298087739032,0.8443569553805774,2023-08-25,0.7637795275590551,97.0,282.8333333333333
2023-08-25,282.8333333333333,97,0.7637795275590551,0.7637795275590551,0.7322834645669292,0.7952755905511811,0.8582677165354331,0.7637795275590552,0.7446569178852643,0.8427821522309712,2023-08-26,0.8110236220472441,103.0,299.2916666666667
2023-08-26,299.2916666666667,103,0.8110236220472441,0.8110236220472441,0.7637795275590551,0.7322834645669292,0.8188976377952756,0.7690288713910762,0.7379077615298087,0.8417322834645671,2023-08-27,0.7480314960629921,95.0,278.0416666666667
2023-08-27,278.0416666666667,95,0.7480314960629921,0.7480314960629921,0.8110236220472441,0.7637795275590551,0.7007874015748031,0.7742782152230973,0.7277840269966254,0.8383202099737532,2023-08-28,0.7795275590551181,99.0,288.4583333333333
2023-08-28,288.4583333333333,99,0.7795275590551181,0.7795275590551181,0.7480314960629921,0.8110236220472441,0.5433070866141733,0.7795275590551182,0.7390326209223846,0.8343832020997375,2023-08-29,0.6850393700787402,87.0,254.54166666666663
2023-08-29,254.54166666666663,87,0.6850393700787402,0.6850393700787402,0.7795275590551181,0.7480314960629921,0.7952755905511811,0.7375328083989502,0.7592800899887513,0.8286089238845145,2023-08-30,0.7086614173228346,90.0,264.5416666666667
2023-08-30,264.5416666666667,90,0.7086614173228346,0.7086614173228346,0.6850393700787402,0.7795275590551181,0.7322834645669292,0.7244094488188977,0.7469066366704161,0.8238845144356954,2023-08-31,0.7637795275590551,97.0,284.3333333333333
2023-08-31,284.3333333333333,97,0.7637795275590551,0.7637795275590551,0.7086614173228346,0.6850393700787402,0.7637795275590551,0.7191601049868767,0.7514060742407197,0.8238845144356954,2023-09-01,0.7716535433070866,98.0,286.5416666666667
2023-09-01,286.5416666666667,98,0.7716535433070866,0.7716535433070866,0.7637795275590551,0.7086614173228346,0.8110236220472441,0.7480314960629921,0.7525309336332958,0.8191601049868766,2023-09-02,0.7480314960629921,95.0,276.9166666666667
2023-09-02,276.9166666666667,95,0.7480314960629921,0.7480314960629921,0.7716535433070866,0.7637795275590551,0.7480314960629921,0.7611548556430446,0.7435320584926882,0.8141732283464568,2023-09-03,0.7716535433070866,98.0,285.875
2023-09-03,285.875,98,0.7716535433070866,0.7716535433070866,0.7480314960629921,0.7716535433070866,0.7795275590551181,0.7637795275590551,0.7469066366704161,0.8099737532808399,2023-09-04,0.7559055118110236,96.0,280.7083333333333
2023-09-04,280.7083333333333,96,0.7559055118110236,0.7559055118110236,0.7716535433070866,0.7480314960629921,0.6850393700787402,0.7585301837270341,0.7435320584926882,0.805511811023622,2023-09-05,0.7716535433070866,98.0,285.5833333333333
2023-09-05,285.5833333333333,98,0.7716535433070866,0.7716535433070866,0.7559055118110236,0.7716535433070866,0.7086614173228346,0.7664041994750656,0.7559055118110235,0.8018372703412074,2023-09-06,0.7795275590551181,99.0,287.8333333333333
2023-09-06,287.8333333333333,99,0.7795275590551181,0.7795275590551181,0.7716535433070866,0.7559055118110236,0.7637795275590551,0.7690288713910761,0.7660292463442069,0.7981627296587928,2023-09-07,0.7637795275590551,97.0,284.3333333333333
2023-09-07,284.3333333333333,97,0.7637795275590551,0.7637795275590551,0.7795275590551181,0.7716535433070866,0.7716535433070866,0.7716535433070866,0.7660292463442069,0.7944881889763779,2023-09-08,0.7952755905511811,101.0,294.8333333333333
2023-09-08,294.8333333333333,101,0.7952755905511811,0.7952755905511811,0.7637795275590551,0.7795275590551181,0.7480314960629921,0.7795275590551181,0.7694038245219347,0.7913385826771653,2023-09-09,0.7165354330708661,91.0,267.0833333333333
2023-09-09,267.0833333333333,91,0.7165354330708661,0.7165354330708661,0.7952755905511811,0.7637795275590551,0.7716535433070866,0.7585301837270341,0.764904386951631,0.7860892388451444,2023-09-10,0.7480314960629921,95.0,278.2916666666667
2023-09-10,278.2916666666667,95,0.7480314960629921,0.7480314960629921,0.7165354330708661,0.7952755905511811,0.7559055118110236,0.7532808398950132,0.7615298087739032,0.7813648293963255,2023-09-11,0.5433070866141733,69.0,205.45833333333331
2023-09-11,205.45833333333331,69,0.5433070866141733,0.5433070866141733,0.7480314960629921,0.7165354330708661,0.7716535433070866,0.6692913385826772,0.7311586051743532,0.7700787401574803,2023-09-12,0.5590551181102362,71.0,212.04166666666663
2023-09-12,212.04166666666663,71,0.5590551181102362,0.5590551181102362,0.5433070866141733,0.7480314960629921,0.7795275590551181,0.6167979002624672,0.7007874015748031,0.7593175853018372,2023-09-13,0.3700787401574803,47.0,144.83333333333334
2023-09-13,144.83333333333334,47,0.3700787401574803,0.3700787401574803,0.5590551181102362,0.5433070866141733,0.7637795275590551,0.49081364829396334,0.6422947131608547,0.743044619422572,2023-09-14,0.5433070866141733,69.0,203.91666666666663
2023-09-14,203.91666666666663,69,0.5433070866141733,0.5433070866141733,0.3700787401574803,0.5590551181102362,0.7952755905511811,0.4908136482939633,0.6107986501687288,0.7328083989501313,2023-09-15,0.5196850393700787,66.0,197.20833333333331
2023-09-15,197.20833333333331,66,0.5196850393700787,0.5196850393700787,0.5433070866141733,0.3700787401574803,0.7165354330708661,0.4776902887139108,0.5714285714285714,0.7207349081364829,2023-09-16,0.44881889763779526,57.0,171.625
2023-09-16,171.625,57,0.44881889763779526,0.44881889763779526,0.5196850393700787,0.5433070866141733,0.7480314960629921,0.5039370078740157,0.5331833520809898,0.7065616797900262,2023-09-17,0.6692913385826772,85.0,250.70833333333331
2023-09-17,250.70833333333331,85,0.6692913385826772,0.6692913385826772,0.44881889763779526,0.5196850393700787,0.5433070866141733,0.5459317585301838,0.5219347581552306,0.699475065616798,2023-09-18,0.7401574803149606,94.0,274.875
2023-09-18,274.875,94,0.7401574803149606,0.7401574803149606,0.6692913385826772,0.44881889763779526,0.5590551181102362,0.6194225721784777,0.5500562429696287,0.6955380577427821,2023-09-19,0.7165354330708661,91.0,266.9166666666667
2023-09-19,266.9166666666667,91,0.7165354330708661,0.7165354330708661,0.7401574803149606,0.6692913385826772,0.3700787401574803,0.7086614173228346,0.5725534308211474,0.6921259842519685,2023-09-20,0.7244094488188977,92.0,268.25
2023-09-20,268.25,92,0.7244094488188977,0.7244094488188977,0.7165354330708661,0.7401574803149606,0.5433070866141733,0.7270341207349081,0.623172103487064,0.6929133858267718,2023-09-21,0.5826771653543307,74.0,219.66666666666663
2023-09-21,219.66666666666663,74,0.5826771653543307,0.5826771653543307,0.7244094488188977,0.7165354330708661,0.5196850393700787,0.6745406824146981,0.6287964004499437,0.6942257217847769,2023-09-22,0.7086614173228346,90.0,262.7916666666667
2023-09-22,262.7916666666667,90,0.7086614173228346,0.7086614173228346,0.5826771653543307,0.7244094488188977,0.44881889763779526,0.6719160104986877,0.655793025871766,0.6913385826771653,2023-09-23,0.6929133858267716,88.0,259.0416666666667
2023-09-23,259.0416666666667,88,0.6929133858267716,0.6929133858267716,0.7086614173228346,0.5826771653543307,0.6692913385826772,0.6614173228346457,0.6906636670416197,0.69002624671916,2023-09-24,0.7007874015748031,89.0,260.25
2023-09-24,260.25,89,0.7007874015748031,0.7007874015748031,0.6929133858267716,0.7086614173228346,0.7401574803149606,0.7007874015748031,0.6951631046119234,0.6879265091863516,2023-09-25,0.5590551181102362,71.0,211.20833333333331
2023-09-25,211.20833333333331,71,0.5590551181102362,0.5590551181102362,0.7007874015748031,0.6929133858267716,0.7165354330708661,0.6509186351706037,0.669291338582677,0.6795275590551181,2023-09-26,0.6771653543307087,86.0,251.5
2023-09-26,251.5,86,0.6771653543307087,0.6771653543307087,0.5590551181102362,0.7007874015748031,0.7244094488188977,0.6456692913385828,0.6636670416197975,0.6771653543307087,2023-09-27,0.4566929133858268,58.0,172.95833333333334
2023-09-27,172.95833333333334,58,0.4566929133858268,0.4566929133858268,0.6771653543307087,0.5590551181102362,0.5826771653543307,0.5643044619422573,0.6254218222722159,0.6664041994750657,2023-09-28,0.6614173228346457,84.0,246.375
2023-09-28,246.375,84,0.6614173228346457,0.6614173228346457,0.4566929133858268,0.6771653543307087,0.7086614173228346,0.5984251968503937,0.6366704161979753,0.6656167979002625,2023-09-29,0.6850393700787402,87.0,255.70833333333331
2023-09-29,255.70833333333331,87,0.6850393700787402,0.6850393700787402,0.6614173228346457,0.4566929133858268,0.6929133858267716,0.6010498687664043,0.6332958380202475,0.6648293963254593,2023-09-30,0.6614173228346457,84.0,247.20833333333331
2023-09-30,247.20833333333331,84,0.6614173228346457,0.6614173228346457,0.6850393700787402,0.6614173228346457,0.7007874015748031,0.6692913385826772,0.6287964004499437,0.6614173228346457,2023-10-01,0.4645669291338583,59.0,175.95833333333334
2023-10-01,175.95833333333334,59,0.4645669291338583,0.4645669291338583,0.6614173228346457,0.6850393700787402,0.5590551181102362,0.6036745406824148,0.5950506186726658,0.6511811023622047,2023-10-02,0.5590551181102362,71.0,209.83333333333331
2023-10-02,209.83333333333331,71,0.5590551181102362,0.5590551181102362,0.4645669291338583,0.6614173228346457,0.6771653543307087,0.5616797900262468,0.5950506186726658,0.6448818897637795,2023-10-03,0.6456692913385826,82.0,241.58333333333331
2023-10-03,241.58333333333331,82,0.6456692913385826,0.6456692913385826,0.5590551181102362,0.4645669291338583,0.4566929133858268,0.5564304461942257,0.5905511811023622,0.6406824146981627,2023-10-04,0.5905511811023622,75.0,222.41666666666663
2023-10-04,222.41666666666663,75,0.5905511811023622,0.5905511811023622,0.6456692913385826,0.5590551181102362,0.6614173228346457,0.5984251968503936,0.6096737907761529,0.6351706036745407,2023-10-05,0.1968503937007874,25.0,81.875
2023-10-05,81.875,25,0.1968503937007874,0.1968503937007874,0.5905511811023622,0.6456692913385826,0.6850393700787402,0.4776902887139107,0.5433070866141733,0.616010498687664,2023-10-06,0.5748031496062992,73.0,215.33333333333331
2023-10-06,215.33333333333331,73,0.5748031496062992,0.5748031496062992,0.1968503937007874,0.5905511811023622,0.6614173228346457,0.4540682414698162,0.5275590551181102,0.6091863517060366,2023-10-07,0.5118110236220472,65.0,193.91666666666663
2023-10-07,193.91666666666663,65,0.5118110236220472,0.5118110236220472,0.5748031496062992,0.1968503937007874,0.4645669291338583,0.42782152230971127,0.5061867266591675,0.6007874015748033,2023-10-08,0.6377952755905512,81.0,239.04166666666663
2023-10-08,239.04166666666663,81,0.6377952755905512,0.6377952755905512,0.5118110236220472,0.5748031496062992,0.5590551181102362,0.5748031496062992,0.5309336332958379,0.5955380577427822,2023-10-09,0.6141732283464567,78.0,230.95833333333331
2023-10-09,230.95833333333331,78,0.6141732283464567,0.6141732283464567,0.6377952755905512,0.5118110236220472,0.6456692913385826,0.5879265091863517,0.5388076490438695,0.5921259842519685,2023-10-10,0.2677165354330709,34.0,106.45833333333331
2023-10-10,106.45833333333331,34,0.2677165354330709,0.2677165354330709,0.6141732283464567,0.6377952755905512,0.5905511811023622,0.5065616797900262,0.4848143982002249,0.5761154855643045,2023-10-11,0.14173228346456693,18.0,63.54166666666666
2023-10-11,63.54166666666666,18,0.14173228346456693,0.14173228346456693,0.2677165354330709,0.6141732283464567,0.1968503937007874,0.3412073490813648,0.42069741282339695,0.5627296587926509,2023-10-12,0.4645669291338583,59.0,177.125
2023-10-12,177.125,59,0.4645669291338583,0.4645669291338583,0.14173228346456693,0.2677165354330709,0.5748031496062992,0.29133858267716534,0.4589426321709785,0.5595800524934382,2023-10-13,0.4645669291338583,59.0,177.45833333333334
2023-10-13,177.45833333333334,59,0.4645669291338583,0.4645669291338583,0.4645669291338583,0.14173228346456693,0.5118110236220472,0.35695538057742787,0.44319460067491556,0.562729658792651,2023-10-14,0.6535433070866141,83.0,244.625
2023-10-14,244.625,83,0.6535433070866141,0.6535433070866141,0.4645669291338583,0.4645669291338583,0.6377952755905512,0.5275590551181102,0.46344206974128227,0.5664041994750657,2023-10-15,0.6456692913385826,82.0,242.04166666666663
2023-10-15,242.04166666666663,82,0.6456692913385826,0.6456692913385826,0.6535433070866141,0.4645669291338583,0.6141732283464567,0.5879265091863517,0.4645669291338582,0.5706036745406825,2023-10-16,0.6535433070866141,83.0,242.91666666666663
2023-10-16,242.91666666666663,83,0.6535433070866141,0.6535433070866141,0.6456692913385826,0.6535433070866141,0.2677165354330709,0.6509186351706037,0.47019122609673786,0.5774278215223098,2023-10-17,0.6456692913385826,82.0,242.125
2023-10-17,242.125,82,0.6456692913385826,0.6456692913385826,0.6535433070866141,0.6456692913385826,0.14173228346456693,0.6482939632545932,0.5241844769403824,0.5766404199475066,2023-10-18,0.6220472440944882,79.0,233.70833333333331
2023-10-18,233.70833333333331,79,0.6220472440944882,0.6220472440944882,0.6456692913385826,0.6535433070866141,0.4645669291338583,0.6404199475065617,0.592800899887514,0.5727034120734908,2023-10-19,0.6220472440944882,79.0,231.75
2023-10-19,231.75,79,0.6220472440944882,0.6220472440944882,0.6220472440944882,0.6456692913385826,0.4645669291338583,0.6299212598425198,0.6152980877390325,0.5695538057742783,2023-10-20,0.6220472440944882,79.0,233.5
2023-10-20,233.5,79,0.6220472440944882,0.6220472440944882,0.6220472440944882,0.6220472440944882,0.6535433070866141,0.6220472440944882,0.637795275590551,0.5661417322834644,2023-10-21,0.4645669291338583,59.0,175.95833333333334
2023-10-21,175.95833333333334,59,0.4645669291338583,0.4645669291338583,0.6220472440944882,0.6220472440944882,0.6456692913385826,0.5695538057742783,0.6107986501687288,0.5622047244094488,2023-10-22,0.5511811023622047,70.0,208.625
2023-10-22,208.625,70,0.5511811023622047,0.5511811023622047,0.4645669291338583,0.6220472440944882,0.6535433070866141,0.5459317585301838,0.5973003374578177,0.5569553805774278,2023-10-23,0.2125984251968504,27.0,88.91666666666667
2023-10-23,88.91666666666667,27,0.2125984251968504,0.2125984251968504,0.5511811023622047,0.4645669291338583,0.6456692913385826,0.4094488188976379,0.5343082114735658,0.5409448818897638,2023-10-24,0.13385826771653545,17.0,60.91666666666666
2023-10-24,60.91666666666666,17,0.13385826771653545,0.13385826771653545,0.2125984251968504,0.5511811023622047,0.6220472440944882,0.29921259842519693,0.4611923509561304,0.5220472440944881,2023-10-25,0.28346456692913385,36.0,113.875
2023-10-25,113.875,36,0.28346456692913385,0.28346456692913385,0.13385826771653545,0.2125984251968504,0.6220472440944882,0.20997375328083998,0.41282339707536553,0.5128608923884515,2023-10-26,0.06299212598425197,8.0,33.625
2023-10-26,33.625,8,0.06299212598425197,0.06299212598425197,0.28346456692913385,0.13385826771653545,0.6220472440944882,0.1601049868766405,0.3329583802024746,0.4923884514435696,2023-10-27,0.41732283464566927,53.0,159.20833333333334
2023-10-27,159.20833333333334,53,0.41732283464566927,0.41732283464566927,0.06299212598425197,0.28346456692913385,0.4645669291338583,0.25459317585301844,0.30371203599550045,0.49107611548556435,2023-10-28,0.4015748031496063,51.0,155.125
2023-10-28,155.125,51,0.4015748031496063,0.4015748031496063,0.41732283464566927,0.06299212598425197,0.5511811023622047,0.2939632545931759,0.2947131608548931,0.48241469816272964,2023-10-29,0.1732283464566929,22.0,74.41666666666667
2023-10-29,74.41666666666667,22,0.1732283464566929,0.1732283464566929,0.4015748031496063,0.41732283464566927,0.2125984251968504,0.3307086614173229,0.2407199100112485,0.46535433070866145,2023-10-30,0.07086614173228346,9.0,38.16666666666666
2023-10-30,38.16666666666666,9,0.07086614173228346,0.07086614173228346,0.1732283464566929,0.4015748031496063,0.13385826771653545,0.215223097112861,0.2204724409448818,0.44566929133858263,2023-10-31,0.5590551181102362,71.0,211.58333333333331
2023-10-31,211.58333333333331,71,0.5590551181102362,0.5590551181102362,0.07086614173228346,0.1732283464566929,0.28346456692913385,0.26771653543307095,0.28121484814398195,0.44881889763779526,2023-11-01,0.5905511811023622,75.0,222.04166666666663
2023-11-01,222.04166666666663,75,0.5905511811023622,0.5905511811023622,0.5590551181102362,0.07086614173228346,0.06299212598425197,0.40682414698162733,0.3250843644544431,0.4498687664041995,2023-11-02,0.5118110236220472,65.0,194.70833333333331
2023-11-02,194.70833333333331,65,0.5118110236220472,0.5118110236220472,0.5905511811023622,0.5590551181102362,0.41732283464566927,0.5538057742782153,0.389201349831271,0.44540682414698163,2023-11-03,0.5118110236220472,65.0,193.54166666666663
2023-11-03,193.54166666666663,65,0.5118110236220472,0.5118110236220472,0.5118110236220472,0.5905511811023622,0.4015748031496063,0.5380577427821523,0.40269966254218215,0.4427821522309711,2023-11-04,0.5196850393700787,66.0,198.0
2023-11-04,198.0,66,0.5196850393700787,0.5196850393700787,0.5118110236220472,0.5118110236220472,0.1732283464566929,0.5144356955380579,0.41957255343082106,0.4535433070866141,2023-11-05,0.33858267716535434,43.0,132.41666666666666
2023-11-05,132.41666666666666,43,0.33858267716535434,0.33858267716535434,0.5196850393700787,0.5118110236220472,0.07086614173228346,0.45669291338582685,0.44319460067491556,0.44566929133858274,2023-11-06,0.33858267716535434,43.0,132.58333333333334
2023-11-06,132.58333333333334,43,0.33858267716535434,0.33858267716535434,0.33858267716535434,0.5196850393700787,0.5590551181102362,0.39895013123359585,0.48143982002249713,0.43989501312335955,2023-11-07,0.47244094488188976,60.0,180.875
2023-11-07,180.875,60,0.47244094488188976,0.47244094488188976,0.33858267716535434,0.33858267716535434,0.5905511811023622,0.3832020997375329,0.4690663667041619,0.43438320209973746,2023-11-08,0.2440944881889764,31.0,97.54166666666669
2023-11-08,97.54166666666669,31,0.2440944881889764,0.2440944881889764,0.47244094488188976,0.33858267716535434,0.5118110236220472,0.35170603674540685,0.4195725534308211,0.4220472440944882,2023-11-09,0.05511811023622047,7.0,32.541666666666664
2023-11-09,32.541666666666664,7,0.05511811023622047,0.05511811023622047,0.2440944881889764,0.47244094488188976,0.5118110236220472,0.25721784776902895,0.35433070866141725,0.41496062992125987,2023-11-10,0.047244094488188976,6.0,30.20833333333333
2023-11-10,30.20833333333333,6,0.047244094488188976,0.047244094488188976,0.05511811023622047,0.2440944881889764,0.5196850393700787,0.11548556430446201,0.2879640044994375,0.41181102362204725,2023-11-11,0.28346456692913385,36.0,112.16666666666669
2023-11-11,112.16666666666669,36,0.28346456692913385,0.28346456692913385,0.047244094488188976,0.05511811023622047,0.33858267716535434,0.1286089238845145,0.25421822272215966,0.4057742782152231,2023-11-12,0.031496062992125984,4.0,23.541666666666668
2023-11-12,23.541666666666668,4,0.031496062992125984,0.031496062992125984,0.28346456692913385,0.047244094488188976,0.33858267716535434,0.12073490813648301,0.21034870641169848,0.3913385826771653,2023-11-13,0.14960629921259844,19.0,64.33333333333333
2023-11-13,64.33333333333333,19,0.14960629921259844,0.14960629921259844,0.031496062992125984,0.28346456692913385,0.47244094488188976,0.1548556430446195,0.18335208098987624,0.3745406824146981,2023-11-14,0.4881889763779528,62.0,185.375
2023-11-14,185.375,62,0.4881889763779528,0.4881889763779528,0.14960629921259844,0.031496062992125984,0.2440944881889764,0.22309711286089248,0.18560179977502808,0.36929133858267715,2023-11-15,0.4881889763779528,62.0,186.5
2023-11-15,186.5,62,0.4881889763779528,0.4881889763779528,0.4881889763779528,0.14960629921259844,0.05511811023622047,0.3753280839895014,0.22047244094488186,0.3637795275590551,2023-11-16,0.1889763779527559,24.0,78.54166666666667
2023-11-16,78.54166666666667,24,0.1889763779527559,0.1889763779527559,0.4881889763779528,0.4881889763779528,0.047244094488188976,0.38845144356955386,0.2395950506186726,0.3485564304461942,2023-11-17,0.3543307086614173,45.0,138.41666666666666
2023-11-17,138.41666666666666,45,0.3543307086614173,0.3543307086614173,0.1889763779527559,0.4881889763779528,0.28346456692913385,0.34383202099737536,0.2834645669291338,0.3396325459317585,2023-11-18,0.2047244094488189,26.0,84.54166666666667
2023-11-18,84.54166666666667,26,0.2047244094488189,0.2047244094488189,0.3543307086614173,0.1889763779527559,0.031496062992125984,0.24934383202099744,0.2722159730033745,0.3257217847769029,2023-11-19,0.023622047244094488,3.0,20.041666666666668
2023-11-19,20.041666666666668,3,0.023622047244094488,0.023622047244094488,0.2047244094488189,0.3543307086614173,0.14960629921259844,0.19422572178477696,0.27109111361079863,0.30577427821522307,2023-11-20,0.33858267716535434,43.0,133.41666666666666
2023-11-20,133.41666666666666,43,0.33858267716535434,0.33858267716535434,0.023622047244094488,0.2047244094488189,0.4881889763779528,0.188976377952756,0.2980877390326208,0.3015748031496063,2023-11-21,0.1732283464566929,22.0,73.33333333333333
2023-11-21,73.33333333333333,22,0.1732283464566929,0.1732283464566929,0.33858267716535434,0.023622047244094488,0.4881889763779528,0.178477690288714,0.2530933633295837,0.2889763779527559,2023-11-22,0.4881889763779528,62.0,186.66666666666663
2023-11-22,186.66666666666663,62,0.4881889763779528,0.4881889763779528,0.1732283464566929,0.33858267716535434,0.1889763779527559,0.3333333333333334,0.2530933633295837,0.29816272965879265,2023-11-23,0.07874015748031496,10.0,39.41666666666666
2023-11-23,39.41666666666666,10,0.07874015748031496,0.07874015748031496,0.4881889763779528,0.1732283464566929,0.3543307086614173,0.24671916010498696,0.23734533183352077,0.2963254593175853,2023-11-24,0.4645669291338583,59.0,178.125
2023-11-24,178.125,59,0.4645669291338583,0.4645669291338583,0.07874015748031496,0.4881889763779528,0.2047244094488189,0.3438320209973755,0.2530933633295837,0.3023622047244095,2023-11-25,0.12598425196850394,16.0,55.91666666666666
2023-11-25,55.91666666666666,16,0.12598425196850394,0.12598425196850394,0.4645669291338583,0.07874015748031496,0.023622047244094488,0.22309711286089248,0.24184476940382446,0.30446194225721784,2023-11-26,0.3700787401574803,47.0,143.75
2023-11-26,143.75,47,0.3700787401574803,0.3700787401574803,0.12598425196850394,0.4645669291338583,0.33858267716535434,0.3202099737532809,0.2913385826771653,0.30288713910761156,2023-11-27,0.33858267716535434,43.0,132.58333333333334
2023-11-27,132.58333333333334,43,0.33858267716535434,0.33858267716535434,0.3700787401574803,0.12598425196850394,0.1732283464566929,0.27821522309711294,0.29133858267716534,0.30078740157480316,2023-11-28,0.41732283464566927,53.0,159.375
2023-11-28,159.375,53,0.41732283464566927,0.41732283464566927,0.33858267716535434,0.3700787401574803,0.4881889763779528,0.3753280839895014,0.32620922384701906,0.3089238845144357,2023-11-29,0.1968503937007874,25.0,81.91666666666667
2023-11-29,81.91666666666667,25,0.1968503937007874,0.1968503937007874,0.41732283464566927,0.33858267716535434,0.07874015748031496,0.3175853018372704,0.28458942632170975,0.3131233595800525,2023-11-30,0.2677165354330709,34.0,107.41666666666669
2023-11-30,107.41666666666669,34,0.2677165354330709,0.2677165354330709,0.1968503937007874,0.41732283464566927,0.4645669291338583,0.29396325459317596,0.311586051743532,0.3034120734908136,2023-12-01,0.36220472440944884,46.0,141.54166666666666
2023-12-01,141.54166666666666,46,0.36220472440944884,0.36220472440944884,0.2677165354330709,0.1968503937007874,0.12598425196850394,0.2755905511811025,0.2969628796400449,0.2958005249343832,2023-12-02,0.28346456692913385,36.0,113.20833333333331
2023-12-02,113.20833333333331,36,0.28346456692913385,0.28346456692913385,0.36220472440944884,0.2677165354330709,0.3700787401574803,0.30446194225721795,0.31946006749156347,0.28818897637795277,2023-12-03,0.36220472440944884,46.0,141.25
2023-12-03,141.25,46,0.36220472440944884,0.36220472440944884,0.28346456692913385,0.36220472440944884,0.33858267716535434,0.3359580052493439,0.3183352080989876,0.2832020997375328,2023-12-04,0.4566929133858268,58.0,174.0
2023-12-04,174.0,58,0.4566929133858268,0.4566929133858268,0.36220472440944884,0.28346456692913385,0.41732283464566927,0.3674540682414699,0.33520809898762655,0.28110236220472445,2023-12-05,0.4409448818897638,56.0,169.79166666666666
2023-12-05,169.79166666666666,56,0.4409448818897638,0.4409448818897638,0.4566929133858268,0.36220472440944884,0.1968503937007874,0.41994750656167995,0.33858267716535423,0.284514435695538,2023-12-06,0.4409448818897638,56.0,169.375
2023-12-06,169.375,56,0.4409448818897638,0.4409448818897638,0.4409448818897638,0.4566929133858268,0.2677165354330709,0.44619422572178485,0.373453318335208,0.2879265091863517,2023-12-07,0.2677165354330709,34.0,108.5
2023-12-07,108.5,34,0.2677165354330709,0.2677165354330709,0.4409448818897638,0.4409448818897638,0.36220472440944884,0.3832020997375329,0.373453318335208,0.28110236220472445,2023-12-08,0.1968503937007874,25.0,82.33333333333333
2023-12-08,82.33333333333333,25,0.1968503937007874,0.1968503937007874,0.2677165354330709,0.4409448818897638,0.28346456692913385,0.30183727034120744,0.34983127109111356,0.2795275590551181,2023-12-09,0.3779527559055118,48.0,145.04166666666666
2023-12-09,145.04166666666666,48,0.3779527559055118,0.3779527559055118,0.1968503937007874,0.2677165354330709,0.36220472440944884,0.28083989501312345,0.36332958380202474,0.29028871391076116,2023-12-10,0.4566929133858268,58.0,174.79166666666666
2023-12-10,174.79166666666666,58,0.4566929133858268,0.4566929133858268,0.3779527559055118,0.1968503937007874,0.4566929133858268,0.3438320209973755,0.37682789651293586,0.30393700787401573,2023-12-11,0.44881889763779526,57.0,170.375
2023-12-11,170.375,57,0.44881889763779526,0.44881889763779526,0.4566929133858268,0.3779527559055118,0.4409448818897638,0.4278215223097113,0.37570303712035985,0.30944881889763776,2023-12-12,0.33070866141732286,42.0,129.75
2023-12-12,129.75,42,0.33070866141732286,0.33070866141732286,0.44881889763779526,0.4566929133858268,0.4409448818897638,0.41207349081364836,0.35995500562429694,0.3194225721784777,2023-12-13,0.09448818897637795,12.0,46.583333333333336
2023-12-13,46.583333333333336,12,0.09448818897637795,0.09448818897637795,0.33070866141732286,0.44881889763779526,0.2677165354330709,0.29133858267716545,0.3104611923509561,0.31758530183727035,2023-12-14,0.31496062992125984,40.0,124.375
2023-12-14,124.375,40,0.31496062992125984,0.31496062992125984,0.09448818897637795,0.33070866141732286,0.1968503937007874,0.24671916010498696,0.3172103487064116,0.3118110236220472,2023-12-15,0.13385826771653545,17.0,58.41666666666666
2023-12-15,58.41666666666666,17,0.13385826771653545,0.13385826771653545,0.31496062992125984,0.09448818897637795,0.3779527559055118,0.1811023622047245,0.3082114735658042,0.3,2023-12-16,0.4409448818897638,56.0,168.04166666666666
2023-12-16,168.04166666666666,56,0.4409448818897638,0.4409448818897638,0.13385826771653545,0.31496062992125984,0.4566929133858268,0.2965879265091864,0.3172103487064116,0.30839895013123364,2023-12-17,0.4409448818897638,56.0,169.16666666666666
2023-12-17,169.16666666666666,56,0.4409448818897638,0.4409448818897638,0.4409448818897638,0.13385826771653545,0.44881889763779526,0.3385826771653544,0.3149606299212598,0.3112860892388451,2023-12-18,0.4330708661417323,55.0,166.0
2023-12-18,166.0,55,0.4330708661417323,0.4330708661417323,0.4409448818897638,0.4409448818897638,0.33070866141732286,0.43832020997375337,0.31271091113610794,0.31889763779527563,2023-12-19,0.4015748031496063,51.0,156.0
2023-12-19,156.0,51,0.4015748031496063,0.4015748031496063,0.4330708661417323,0.4409448818897638,0.09448818897637795,0.4251968503937009,0.32283464566929126,0.331496062992126,2023-12-20,0.25984251968503935,33.0,105.375
2023-12-20,105.375,33,0.25984251968503935,0.25984251968503935,0.4015748031496063,0.4330708661417323,0.31496062992125984,0.3648293963254594,0.3464566929133857,0.3288713910761155,2023-12-21,0.03937007874015748,5.0,27.45833333333333
2023-12-21,27.45833333333333,5,0.03937007874015748,0.03937007874015748,0.25984251968503935,0.4015748031496063,0.13385826771653545,0.23359580052493448,0.3070866141732283,0.32440944881889766,2023-12-22,0.2047244094488189,26.0,84.58333333333333
2023-12-22,84.58333333333333,26,0.2047244094488189,0.2047244094488189,0.03937007874015748,0.25984251968503935,0.4409448818897638,0.167979002624672,0.3172103487064116,0.3149606299212599,2023-12-23,0.08661417322834646,11.0,43.5
2023-12-23,43.5,11,0.08661417322834646,0.08661417322834646,0.2047244094488189,0.03937007874015748,0.4409448818897638,0.11023622047244104,0.2665916760404949,0.31522309711286095,2023-12-24,0.25196850393700787,32.0,102.375
2023-12-24,102.375,32,0.25196850393700787,0.25196850393700787,0.08661417322834646,0.2047244094488189,0.4330708661417323,0.18110236220472453,0.23959505061867262,0.30813648293963253,2023-12-25,0.3858267716535433,49.0,149.125
2023-12-25,149.125,49,0.3858267716535433,0.3858267716535433,0.25196850393700787,0.08661417322834646,0.4015748031496063,0.24146981627296596,0.232845894263217,0.3167979002624672,2023-12-26,0.4251968503937008,54.0,162.29166666666666
2023-12-26,162.29166666666666,54,0.4251968503937008,0.4251968503937008,0.3858267716535433,0.25196850393700787,0.25984251968503935,0.3543307086614174,0.23622047244094482,0.3186351706036746,2023-12-27,0.4409448818897638,56.0,168.16666666666666
2023-12-27,168.16666666666666,56,0.4409448818897638,0.4409448818897638,0.4251968503937008,0.3858267716535433,0.03937007874015748,0.41732283464566944,0.26209223847019114,0.3220472440944882,2023-12-28,0.4330708661417323,55.0,165.08333333333334
2023-12-28,165.08333333333334,55,0.4330708661417323,0.4330708661417323,0.4409448818897638,0.4251968503937008,0.2047244094488189,0.4330708661417324,0.3183352080989876,0.3225721784776903,2023-12-29,0.4409448818897638,56.0,169.08333333333334
2023-12-29,169.08333333333334,56,0.4409448818897638,0.4409448818897638,0.4330708661417323,0.4409448818897638,0.08661417322834646,0.43832020997375337,0.3520809898762654,0.33070866141732286,2023-12-30,0.44881889763779526,57.0,170.875
2023-12-30,170.875,57,0.44881889763779526,0.44881889763779526,0.4409448818897638,0.4330708661417323,0.25196850393700787,0.4409448818897639,0.4038245219347581,0.33674540682414705,2023-12-31,0.4330708661417323,55.0,166.54166666666666
2023-12-31,166.54166666666666,55,0.4330708661417323,0.4330708661417323,0.44881889763779526,0.4409448818897638,0.3858267716535433,0.4409448818897639,0.42969628796400444,0.3391076115485564,2024-01-01,0.3858267716535433,49.0,148.20833333333334
2024-01-01,148.20833333333334,49,0.3858267716535433,0.3858267716535433,0.4330708661417323,0.44881889763779526,0.4251968503937008,0.4225721784776904,0.42969628796400444,0.3425196850393701,2024-01-02,0.13385826771653545,17.0,58.458333333333336
2024-01-02,58.458333333333336,17,0.13385826771653545,0.13385826771653545,0.3858267716535433,0.4330708661417323,0.4409448818897638,0.3175853018372704,0.38807649043869513,0.33490813648293966,2024-01-03,0.10236220472440945,13.0,47.625
2024-01-03,47.625,13,0.10236220472440945,0.10236220472440945,0.13385826771653545,0.3858267716535433,0.4330708661417323,0.20734908136482946,0.33970753655793023,0.32309711286089243,2024-01-04,0.1732283464566929,22.0,72.75
2024-01-04,72.75,22,0.1732283464566929,0.1732283464566929,0.10236220472440945,0.13385826771653545,0.4409448818897638,0.136482939632546,0.30258717660292456,0.3141732283464567,2024-01-05,0.4094488188976378,52.0,158.45833333333334
2024-01-05,158.45833333333334,52,0.4094488188976378,0.4094488188976378,0.1732283464566929,0.10236220472440945,0.44881889763779526,0.2283464566929135,0.2980877390326208,0.3131233595800525,2024-01-06,0.4330708661417323,55.0,165.5
2024-01-06,165.5,55,0.4330708661417323,0.4330708661417323,0.4094488188976378,0.1732283464566929,0.4330708661417323,0.3385826771653544,0.29583802024746897,0.3186351706036746,2024-01-07,0.4094488188976378,52.0,158.04166666666666
2024-01-07,158.04166666666666,52,0.4094488188976378,0.4094488188976378,0.4330708661417323,0.4094488188976378,0.3858267716535433,0.41732283464566944,0.29246344206974123,0.3257217847769029,2024-01-08,0.2204724409448819,28.0,90.5
2024-01-08,90.5,28,0.2204724409448819,0.2204724409448819,0.4094488188976378,0.4330708661417323,0.13385826771653545,0.3543307086614174,0.2688413948256468,0.32047244094488186,2024-01-09,0.48031496062992124,61.0,181.66666666666663
2024-01-09,181.66666666666663,61,0.48031496062992124,0.48031496062992124,0.2204724409448819,0.4094488188976378,0.10236220472440945,0.3700787401574804,0.3183352080989876,0.32125984251968503,2024-01-10,0.4566929133858268,58.0,174.125
2024-01-10,174.125,58,0.4566929133858268,0.4566929133858268,0.48031496062992124,0.2204724409448819,0.1732283464566929,0.38582677165354345,0.3689538807649044,0.3215223097112861,2024-01-11,0.33858267716535434,43.0,133.70833333333334
2024-01-11,133.70833333333334,43,0.33858267716535434,0.33858267716535434,0.4566929133858268,0.48031496062992124,0.4094488188976378,0.4251968503937009,0.3925759280089988,0.3217847769028871,2024-01-12,0.48031496062992124,61.0,181.625
2024-01-12,181.625,61,0.48031496062992124,0.48031496062992124,0.33858267716535434,0.4566929133858268,0.4330708661417323,0.42519685039370086,0.40269966254218215,0.3346456692913386,2024-01-13,0.30708661417322836,39.0,119.91666666666669
2024-01-13,119.91666666666669,39,0.30708661417322836,0.30708661417322836,0.48031496062992124,0.33858267716535434,0.4094488188976378,0.3753280839895014,0.38470191226096734,0.33438320209973754,2024-01-14,0.36220472440944884,46.0,139.91666666666666
2024-01-14,139.91666666666666,46,0.36220472440944884,0.36220472440944884,0.30708661417322836,0.48031496062992124,0.2204724409448819,0.3832020997375329,0.37795275590551175,0.341994750656168,2024-01-15,0.33070866141732286,42.0,130.125
2024-01-15,130.125,42,0.33070866141732286,0.33070866141732286,0.36220472440944884,0.30708661417322836,0.48031496062992124,0.3333333333333335,0.3937007874015747,0.3383202099737533,2024-01-16,0.4881889763779528,62.0,186.625
2024-01-16,186.625,62,0.4881889763779528,0.4881889763779528,0.33070866141732286,0.36220472440944884,0.4566929133858268,0.39370078740157494,0.39482564679415066,0.33989501312335957,2024-01-17,0.48031496062992124,61.0,184.0
2024-01-17,184.0,61,0.48031496062992124,0.48031496062992124,0.4881889763779528,0.33070866141732286,0.33858267716535434,0.4330708661417324,0.39820022497187846,0.34146981627296585,2024-01-18,0.47244094488188976,60.0,180.375
2024-01-18,180.375,60,0.47244094488188976,0.47244094488188976,0.48031496062992124,0.4881889763779528,0.48031496062992124,0.4803149606299213,0.41732283464566927,0.3438320209973753,2024-01-19,0.48031496062992124,61.0,184.04166666666663
2024-01-19,184.04166666666663,61,0.48031496062992124,0.48031496062992124,0.47244094488188976,0.48031496062992124,0.30708661417322836,0.4776902887139108,0.41732283464566916,0.35118110236220473,2024-01-20,0.41732283464566927,53.0,159.125
2024-01-20,159.125,53,0.41732283464566927,0.41732283464566927,0.48031496062992124,0.47244094488188976,0.36220472440944884,0.45669291338582685,0.43307086614173224,0.3637795275590551,2024-01-21,0.15748031496062992,20.0,67.54166666666667
2024-01-21,67.54166666666667,20,0.15748031496062992,0.15748031496062992,0.41732283464566927,0.48031496062992124,0.33070866141732286,0.35170603674540685,0.40382452193475815,0.3622047244094488,2024-01-22,0.1968503937007874,25.0,82.33333333333333
2024-01-22,82.33333333333333,25,0.1968503937007874,0.1968503937007874,0.15748031496062992,0.41732283464566927,0.4881889763779528,0.25721784776902895,0.38470191226096734,0.3658792650918635,2024-01-23,0.031496062992125984,4.0,22.70833333333333
2024-01-23,22.70833333333333,4,0.031496062992125984,0.031496062992125984,0.1968503937007874,0.15748031496062992,0.48031496062992124,0.12860892388451453,0.31946006749156347,0.35853018372703416,2024-01-24,0.03937007874015748,5.0,26.041666666666668
2024-01-24,26.041666666666668,5,0.03937007874015748,0.03937007874015748,0.031496062992125984,0.1968503937007874,0.47244094488188976,0.08923884514435705,0.2564679415073115,0.34698162729658794,2024-01-25,0.25984251968503935,33.0,104.25
2024-01-25,104.25,33,0.25984251968503935,0.25984251968503935,0.03937007874015748,0.031496062992125984,0.48031496062992124,0.11023622047244104,0.22609673790776147,0.34146981627296585,2024-01-26,0.1968503937007874,25.0,83.04166666666667
2024-01-26,83.04166666666667,25,0.1968503937007874,0.1968503937007874,0.25984251968503935,0.03937007874015748,0.41732283464566927,0.16535433070866154,0.18560179977502805,0.3333333333333333,2024-01-27,0.36220472440944884,46.0,139.79166666666666
2024-01-27,139.79166666666666,46,0.36220472440944884,0.36220472440944884,0.1968503937007874,0.25984251968503935,0.15748031496062992,0.27296587926509197,0.17772778402699657,0.3309711286089239,2024-01-28,0.5275590551181102,67.0,199.625
2024-01-28,199.625,67,0.5275590551181102,0.5275590551181102,0.36220472440944884,0.1968503937007874,0.1968503937007874,0.3622047244094489,0.23059617547806516,0.33385826771653543,2024-01-29,0.5196850393700787,66.0,196.66666666666663
2024-01-29,196.66666666666663,66,0.5196850393700787,0.5196850393700787,0.5275590551181102,0.36220472440944884,0.031496062992125984,0.4698162729658793,0.27671541057367827,0.3362204724409449,2024-01-30,0.5039370078740157,64.0,190.875
2024-01-30,190.875,64,0.5039370078740157,0.5039370078740157,0.5196850393700787,0.5275590551181102,0.03937007874015748,0.5170603674540684,0.3442069741282339,0.33858267716535434,2024-01-31,0.47244094488188976,60.0,180.29166666666663
2024-01-31,180.29166666666663,60,0.47244094488188976,0.47244094488188976,0.5039370078740157,0.5196850393700787,0.25984251968503935,0.4986876640419948,0.40607424071991,0.3414698162729659,2024-02-01,0.4330708661417323,55.0,166.375
2024-02-01,166.375,55,0.4330708661417323,0.4330708661417323,0.47244094488188976,0.5039370078740157,0.1968503937007874,0.4698162729658794,0.43082114735658034,0.3514435695538058,2024-02-02,0.06299212598425197,8.0,35.0
2024-02-02,35.0,8,0.06299212598425197,0.06299212598425197,0.4330708661417323,0.47244094488188976,0.36220472440944884,0.32283464566929143,0.41169853768278963,0.3501312335958005,2024-02-03,0.4015748031496063,51.0,155.83333333333334
2024-02-03,155.83333333333334,51,0.4015748031496063,0.4015748031496063,0.06299212598425197,0.4330708661417323,0.5275590551181102,0.299212598425197,0.41732283464566916,0.35774278215223093,2024-02-04,0.5354330708661418,68.0,201.33333333333331
2024-02-04,201.33333333333331,68,0.5354330708661418,0.5354330708661418,0.4015748031496063,0.06299212598425197,0.5196850393700787,0.3333333333333335,0.4184476940382451,0.3619422572178478,2024-02-05,0.25984251968503935,33.0,104.875
2024-02-05,104.875,33,0.25984251968503935,0.25984251968503935,0.5354330708661418,0.4015748031496063,0.5039370078740157,0.3989501312335959,0.38132733408323954,0.35616797900262465,2024-02-06,0.5433070866141733,69.0,205.70833333333331
2024-02-06,205.70833333333331,69,0.5433070866141733,0.5433070866141733,0.25984251968503935,0.5354330708661418,0.47244094488188976,0.44619422572178485,0.3869516310461192,0.36062992125984256,2024-02-07,0.36220472440944884,46.0,140.25
2024-02-07,140.25,46,0.36220472440944884,0.36220472440944884,0.5433070866141733,0.25984251968503935,0.4330708661417323,0.38845144356955386,0.37120359955005616,0.3653543307086614,2024-02-08,0.2440944881889764,31.0,99.70833333333331
2024-02-08,99.70833333333331,31,0.2440944881889764,0.2440944881889764,0.36220472440944884,0.5433070866141733,0.06299212598425197,0.3832020997375329,0.3442069741282339,0.3574803149606299,2024-02-09,0.2125984251968504,27.0,87.08333333333333
2024-02-09,87.08333333333333,27,0.2125984251968504,0.2125984251968504,0.2440944881889764,0.36220472440944884,0.4015748031496063,0.27296587926509197,0.3655793025871765,0.3493438320209974,2024-02-10,0.047244094488188976,6.0,29.75
2024-02-10,29.75,6,0.047244094488188976,0.047244094488188976,0.2125984251968504,0.2440944881889764,0.5354330708661418,0.167979002624672,0.3149606299212598,0.33963254593175857,2024-02-11,0.3228346456692913,41.0,126.91666666666669
2024-02-11,126.91666666666669,41,0.3228346456692913,0.3228346456692913,0.047244094488188976,0.2125984251968504,0.25984251968503935,0.19422572178477696,0.28458942632170975,0.33438320209973754,2024-02-12,0.6062992125984252,77.0,226.625
2024-02-12,226.625,77,0.6062992125984252,0.6062992125984252,0.3228346456692913,0.047244094488188976,0.5433070866141733,0.32545931758530194,0.33408323959505054,0.3443569553805775,2024-02-13,0.5984251968503937,76.0,226.0
2024-02-13,226.0,76,0.5984251968503937,0.5984251968503937,0.6062992125984252,0.3228346456692913,0.36220472440944884,0.5091863517060369,0.3419572553430821,0.3522309711286089,2024-02-14,0.4409448818897638,56.0,167.45833333333334
2024-02-14,167.45833333333334,56,0.4409448818897638,0.4409448818897638,0.5984251968503937,0.6062992125984252,0.2440944881889764,0.5485564304461944,0.35320584926884135,0.35590551181102364,2024-02-15,0.2125984251968504,27.0,87.79166666666667
2024-02-15,87.79166666666667,27,0.2125984251968504,0.2125984251968504,0.4409448818897638,0.5984251968503937,0.2125984251968504,0.41732283464566944,0.3487064116985376,0.34671916010498693,2024-02-16,0.31496062992125984,40.0,123.08333333333331
2024-02-16,123.08333333333331,40,0.31496062992125984,0.31496062992125984,0.2125984251968504,0.4409448818897638,0.047244094488188976,0.32283464566929143,0.3633295838020247,0.3412073490813648,2024-02-17,0.2677165354330709,34.0,106.25
2024-02-17,106.25,34,0.2677165354330709,0.2677165354330709,0.31496062992125984,0.2125984251968504,0.3228346456692913,0.26509186351706043,0.39482564679415066,0.33438320209973754,2024-02-18,0.6377952755905512,81.0,237.83333333333331
2024-02-18,237.83333333333331,81,0.6377952755905512,0.6377952755905512,0.2677165354330709,0.31496062992125984,0.6062992125984252,0.4068241469816274,0.4398200224971878,0.3396325459317585,2024-02-19,0.6220472440944882,79.0,233.95833333333331
2024-02-19,233.95833333333331,79,0.6220472440944882,0.6220472440944882,0.6377952755905512,0.2677165354330709,0.5984251968503937,0.5091863517060368,0.44206974128233967,0.3464566929133859,2024-02-20,0.6220472440944882,79.0,232.54166666666663
2024-02-20,232.54166666666663,79,0.6220472440944882,0.6220472440944882,0.6220472440944882,0.6377952755905512,0.4409448818897638,0.6272965879265092,0.44544431946006746,0.3619422572178478,2024-02-21,0.4881889763779528,62.0,185.75
2024-02-21,185.75,62,0.4881889763779528,0.4881889763779528,0.6220472440944882,0.6220472440944882,0.2125984251968504,0.5774278215223098,0.452193475815523,0.3716535433070866,2024-02-22,0.5511811023622047,70.0,208.95833333333331
2024-02-22,208.95833333333331,70,0.5511811023622047,0.5511811023622047,0.4881889763779528,0.6220472440944882,0.31496062992125984,0.5538057742782153,0.500562429696288,0.38897637795275586,2024-02-23,0.6377952755905512,81.0,238.29166666666663
2024-02-23,238.29166666666663,81,0.6377952755905512,0.6377952755905512,0.5511811023622047,0.4881889763779528,0.2677165354330709,0.5590551181102362,0.546681664791901,0.4089238845144357,2024-02-24,0.6456692913385826,82.0,241.41666666666663
2024-02-24,241.41666666666663,82,0.6456692913385826,0.6456692913385826,0.6377952755905512,0.5511811023622047,0.6377952755905512,0.6115485564304463,0.6006749156355455,0.4217847769028872,2024-02-25,0.6377952755905512,81.0,239.375
2024-02-25,239.375,81,0.6377952755905512,0.6377952755905512,0.6456692913385826,0.6377952755905512,0.6220472440944882,0.6404199475065617,0.6006749156355455,0.4364829396325459,2024-02-26,0.4251968503937008,54.0,164.125
2024-02-26,164.125,54,0.4251968503937008,0.4251968503937008,0.6377952755905512,0.6456692913385826,0.6220472440944882,0.5695538057742783,0.5725534308211474,0.4385826771653543,2024-02-27,0.2755905511811024,35.0,109.20833333333331
2024-02-27,109.20833333333331,35,0.2755905511811024,0.2755905511811024,0.4251968503937008,0.6377952755905512,0.4881889763779528,0.44619422572178485,0.5230596175478065,0.4301837270341207,2024-02-28,0.3700787401574803,47.0,144.25
2024-02-28,144.25,47,0.3700787401574803,0.3700787401574803,0.2755905511811024,0.4251968503937008,0.5511811023622047,0.3569553805774279,0.5061867266591676,0.42519685039370075,2024-02-29,0.14960629921259844,19.0,66.08333333333333
2024-02-29,66.08333333333333,19,0.14960629921259844,0.14960629921259844,0.3700787401574803,0.2755905511811024,0.6377952755905512,0.26509186351706043,0.4488188976377952,0.4133858267716536,2024-03-01,0.5590551181102362,71.0,210.125
2024-03-01,210.125,71,0.5590551181102362,0.5590551181102362,0.14960629921259844,0.3700787401574803,0.6456692913385826,0.35958005249343844,0.437570303712036,0.41627296587926504,2024-03-02,0.6771653543307087,86.0,253.375
2024-03-02,253.375,86,0.6771653543307087,0.6771653543307087,0.5590551181102362,0.14960629921259844,0.6377952755905512,0.4619422572178478,0.4420697412823396,0.42440944881889764,2024-03-03,0.5039370078740157,64.0,190.0
2024-03-03,190.0,64,0.5039370078740157,0.5039370078740157,0.6771653543307087,0.5590551181102362,0.4251968503937008,0.5800524934383203,0.42294713160854885,0.43910761154855643,2024-03-04,0.5433070866141733,69.0,204.625
2024-03-04,204.625,69,0.5433070866141733,0.5433070866141733,0.5039370078740157,0.6771653543307087,0.2755905511811024,0.5748031496062992,0.4398200224971878,0.44383202099737534,2024-03-05,0.7086614173228346,90.0,263.7083333333333
2024-03-05,263.7083333333333,90,0.7086614173228346,0.7086614173228346,0.5433070866141733,0.5039370078740157,0.3700787401574803,0.5853018372703412,0.5016872890888638,0.4496062992125985,2024-03-06,0.5433070866141733,69.0,205.125
2024-03-06,205.125,69,0.5433070866141733,0.5433070866141733,0.7086614173228346,0.5433070866141733,0.14960629921259844,0.5984251968503939,0.5264341957255343,0.45905511811023625,2024-03-07,0.18110236220472442,23.0,76.125
2024-03-07,76.125,23,0.18110236220472442,0.18110236220472442,0.5433070866141733,0.7086614173228346,0.5590551181102362,0.4776902887139109,0.530933633295838,0.4469816272965879,2024-03-08,0.6220472440944882,79.0,231.95833333333331
2024-03-08,231.95833333333331,79,0.6220472440944882,0.6220472440944882,0.18110236220472442,0.5433070866141733,0.6771653543307087,0.44881889763779537,0.5399325084364455,0.45564304461942257,2024-03-09,0.6377952755905512,81.0,238.95833333333331
2024-03-09,238.95833333333331,81,0.6377952755905512,0.6377952755905512,0.6220472440944882,0.18110236220472442,0.5039370078740157,0.4803149606299213,0.5343082114735658,0.46876640419947513,2024-03-10,0.6220472440944882,79.0,231.83333333333331
2024-03-10,231.83333333333331,79,0.6220472440944882,0.6220472440944882,0.6377952755905512,0.6220472440944882,0.5433070866141733,0.6272965879265092,0.5511811023622047,0.48241469816272964,2024-03-11,0.7086614173228346,90.0,262.5833333333333
2024-03-11,262.5833333333333,90,0.7086614173228346,0.7086614173228346,0.6220472440944882,0.6377952755905512,0.7086614173228346,0.6561679790026248,0.5748031496062991,0.5044619422572179,2024-03-12,0.4251968503937008,54.0,162.20833333333334
2024-03-12,162.20833333333334,54,0.4251968503937008,0.4251968503937008,0.7086614173228346,0.6220472440944882,0.5433070866141733,0.5853018372703414,0.5343082114735658,0.5078740157480315,2024-03-13,0.5039370078740157,64.0,189.79166666666663
2024-03-13,189.79166666666663,64,0.5039370078740157,0.5039370078740157,0.4251968503937008,0.7086614173228346,0.18110236220472442,0.5459317585301838,0.5286839145106861,0.5044619422572179,2024-03-14,0.30708661417322836,39.0,120.79166666666669
2024-03-14,120.79166666666669,39,0.30708661417322836,0.30708661417322836,0.5039370078740157,0.4251968503937008,0.6220472440944882,0.41207349081364836,0.546681664791901,0.49475065616797903,2024-03-15,0.4094488188976378,52.0,158.20833333333334
2024-03-15,158.20833333333334,52,0.4094488188976378,0.4094488188976378,0.30708661417322836,0.5039370078740157,0.6377952755905512,0.4068241469816274,0.5163104611923509,0.4937007874015748,2024-03-16,0.25984251968503935,33.0,104.16666666666669
2024-03-16,104.16666666666669,33,0.25984251968503935,0.25984251968503935,0.4094488188976378,0.30708661417322836,0.6220472440944882,0.32545931758530194,0.4623172103487064,0.4952755905511811,2024-03-17,0.13385826771653545,17.0,59.833333333333336
2024-03-17,59.833333333333336,17,0.13385826771653545,0.13385826771653545,0.25984251968503935,0.4094488188976378,0.7086614173228346,0.26771653543307095,0.3925759280089988,0.48923884514435695,2024-03-18,0.44881889763779526,57.0,170.70833333333334
2024-03-18,170.70833333333334,57,0.44881889763779526,0.44881889763779526,0.13385826771653545,0.25984251968503935,0.4251968503937008,0.28083989501312345,0.35545556805399325,0.49527559055118103,2024-03-19,0.5905511811023622,75.0,220.875
2024-03-19,220.875,75,0.5905511811023622,0.5905511811023622,0.44881889763779526,0.13385826771653545,0.5039370078740157,0.39107611548556437,0.3790776152980877,0.4937007874015748,2024-03-20,0.36220472440944884,46.0,139.5
2024-03-20,139.5,46,0.36220472440944884,0.36220472440944884,0.5905511811023622,0.44881889763779526,0.30708661417322836,0.46719160104986884,0.358830146231721,0.48503937007874015,2024-03-21,0.1968503937007874,25.0,81.375
2024-03-21,81.375,25,0.1968503937007874,0.1968503937007874,0.36220472440944884,0.5905511811023622,0.4094488188976378,0.3832020997375329,0.34308211473565803,0.4708661417322835,2024-03-22,0.7165354330708661,91.0,267.8333333333333
2024-03-22,267.8333333333333,91,0.7165354330708661,0.7165354330708661,0.1968503937007874,0.36220472440944884,0.25984251968503935,0.42519685039370086,0.3869516310461192,0.4784776902887139,2024-03-23,0.5826771653543307,74.0,218.125
2024-03-23,218.125,74,0.5826771653543307,0.5826771653543307,0.7165354330708661,0.1968503937007874,0.13385826771653545,0.49868766404199477,0.43307086614173224,0.4795275590551181,2024-03-24,0.2047244094488189,26.0,85.70833333333333
2024-03-24,85.70833333333333,26,0.2047244094488189,0.2047244094488189,0.5826771653543307,0.7165354330708661,0.44881889763779526,0.5013123359580053,0.44319460067491556,0.4650918635170604,2024-03-25,0.6692913385826772,85.0,248.95833333333331
2024-03-25,248.95833333333331,85,0.6692913385826772,0.6692913385826772,0.2047244094488189,0.5826771653543307,0.5905511811023622,0.48556430446194226,0.47469066366704155,0.4658792650918635,2024-03-26,0.8188976377952756,104.0,302.25
2024-03-26,302.25,104,0.8188976377952756,0.8188976377952756,0.6692913385826772,0.2047244094488189,0.36220472440944884,0.5643044619422573,0.5073115860517434,0.47191601049868764,2024-03-27,0.36220472440944884,46.0,140.41666666666666
2024-03-27,140.41666666666666,46,0.36220472440944884,0.36220472440944884,0.8188976377952756,0.6692913385826772,0.1968503937007874,0.6167979002624673,0.5073115860517434,0.46981627296587924,2024-03-28,0.8188976377952756,104.0,301.8333333333333
2024-03-28,301.8333333333333,104,0.8188976377952756,0.8188976377952756,0.36220472440944884,0.8188976377952756,0.7165354330708661,0.6666666666666666,0.5961754780652418,0.4879265091863517,2024-03-29,0.6535433070866141,83.0,243.125
2024-03-29,243.125,83,0.6535433070866141,0.6535433070866141,0.8188976377952756,0.36220472440944884,0.5826771653543307,0.6115485564304463,0.5871766029246344,0.4973753280839895,2024-03-30,0.4094488188976378,52.0,158.91666666666666
2024-03-30,158.91666666666666,52,0.4094488188976378,0.4094488188976378,0.6535433070866141,0.8188976377952756,0.2047244094488189,0.6272965879265092,0.5624296962879639,0.5060367454068241,2024-03-31,0.2755905511811024,35.0,110.33333333333331
2024-03-31,110.33333333333331,35,0.2755905511811024,0.2755905511811024,0.4094488188976378,0.6535433070866141,0.6692913385826772,0.44619422572178485,0.5725534308211472,0.4965879265091864,2024-04-01,0.4409448818897638,56.0,168.125
2024-04-01,168.125,56,0.4409448818897638,0.4409448818897638,0.2755905511811024,0.4094488188976378,0.8188976377952756,0.3753280839895014,0.5399325084364454,0.48871391076115483,2024-04-02,0.84251968503937,107.0,311.0416666666667
2024-04-02,311.0416666666667,107,0.84251968503937,0.84251968503937,0.4409448818897638,0.2755905511811024,0.36220472440944884,0.5196850393700788,0.5433070866141732,0.5,2024-04-03,0.8582677165354331,109.0,316.375
2024-04-03,316.375,109,0.8582677165354331,0.8582677165354331,0.84251968503937,0.4409448818897638,0.8188976377952756,0.7139107611548557,0.6141732283464566,0.5104986876640419,2024-04-04,0.8582677165354331,109.0,317.0416666666667
2024-04-04,317.0416666666667,109,0.8582677165354331,0.8582677165354331,0.8582677165354331,0.84251968503937,0.6535433070866141,0.8530183727034122,0.6197975253093363,0.5154855643044619,2024-04-05,0.8267716535433071,105.0,306.5416666666667
2024-04-05,306.5416666666667,105,0.8267716535433071,0.8267716535433071,0.8582677165354331,0.8582677165354331,0.4094488188976378,0.8477690288713912,0.6445444319460066,0.5249343832020997,2024-04-06,0.30708661417322836,39.0,121.5
2024-04-06,121.5,39,0.30708661417322836,0.30708661417322836,0.8267716535433071,0.8582677165354331,0.2755905511811024,0.6640419947506562,0.6299212598425196,0.5291338582677165,2024-04-07,0.6377952755905512,81.0,239.375
2024-04-07,239.375,81,0.6377952755905512,0.6377952755905512,0.30708661417322836,0.8267716535433071,0.4409448818897638,0.5905511811023624,0.6816647919010123,0.5296587926509186,2024-04-08,0.4566929133858268,58.0,173.625
2024-04-08,173.625,58,0.4566929133858268,0.4566929133858268,0.6377952755905512,0.30708661417322836,0.84251968503937,0.46719160104986884,0.6839145106861642,0.5236220472440944,2024-04-09,0.4251968503937008,54.0,163.33333333333334
2024-04-09,163.33333333333334,54,0.4251968503937008,0.4251968503937008,0.4566929133858268,0.6377952755905512,0.8582677165354331,0.5065616797900264,0.62429696287964,0.5170603674540682,2024-04-10,0.7559055118110236,96.0,281.75
2024-04-10,281.75,96,0.7559055118110236,0.7559055118110236,0.4251968503937008,0.4566929133858268,0.8582677165354331,0.5459317585301838,0.6096737907761529,0.5186351706036745,2024-04-11,0.8740157480314961,111.0,321.3333333333333
2024-04-11,321.3333333333333,111,0.8740157480314961,0.8740157480314961,0.7559055118110236,0.4251968503937008,0.8267716535433071,0.6850393700787403,0.6119235095613048,0.5335958005249345,2024-04-12,0.8661417322834646,110.0,320.375
2024-04-12,320.375,110,0.8661417322834646,0.8661417322834646,0.8740157480314961,0.7559055118110236,0.30708661417322836,0.8320209973753282,0.6175478065241844,0.5456692913385827,2024-04-13,0.7086614173228346,90.0,262.7916666666667
2024-04-13,262.7916666666667,90,0.7086614173228346,0.7086614173228346,0.8661417322834646,0.8740157480314961,0.6377952755905512,0.8162729658792651,0.6749156355455568,0.5590551181102362,2024-04-14,0.6299212598425197,80.0,236.04166666666663
2024-04-14,236.04166666666663,80,0.6299212598425197,0.6299212598425197,0.7086614173228346,0.8661417322834646,0.4566929133858268,0.7349081364829398,0.6737907761529808,0.5664041994750656,2024-04-15,0.4330708661417323,55.0,164.58333333333334
2024-04-15,164.58333333333334,55,0.4330708661417323,0.4330708661417323,0.6299212598425197,0.7086614173228346,0.4251968503937008,0.5905511811023624,0.6704161979752531,0.5721784776902887,2024-04-16,0.2283464566929134,29.0,92.66666666666669
2024-04-16,92.66666666666669,29,0.2283464566929134,0.2283464566929134,0.4330708661417323,0.6299212598425197,0.7559055118110236,0.43044619422572183,0.6422947131608547,0.5753280839895013,2024-04-17,0.33070866141732286,42.0,130.04166666666666
2024-04-17,130.04166666666666,42,0.33070866141732286,0.33070866141732286,0.2283464566929134,0.4330708661417323,0.8740157480314961,0.33070866141732297,0.5815523059617548,0.5713910761154856,2024-04-18,0.6929133858267716,88.0,258.0416666666667
2024-04-18,258.0416666666667,88,0.6929133858267716,0.6929133858267716,0.33070866141732286,0.2283464566929134,0.8661417322834646,0.41732283464566944,0.5556805399325083,0.5748031496062993,2024-04-19,0.5984251968503937,76.0,225.91666666666663
2024-04-19,225.91666666666663,76,0.5984251968503937,0.5984251968503937,0.6929133858267716,0.33070866141732286,0.7086614173228346,0.5406824146981628,0.5174353205849268,0.5826771653543307,2024-04-20,0.16535433070866143,21.0,70.29166666666667
2024-04-20,70.29166666666667,21,0.16535433070866143,0.16535433070866143,0.5984251968503937,0.6929133858267716,0.6299212598425197,0.48556430446194243,0.4398200224971878,0.5816272965879266,2024-04-21,0.8582677165354331,109.0,315.7083333333333
2024-04-21,315.7083333333333,109,0.8582677165354331,0.8582677165354331,0.16535433070866143,0.5984251968503937,0.4330708661417323,0.5406824146981629,0.4724409448818897,0.5863517060367455,2024-04-22,0.8503937007874016,108.0,313.25
2024-04-22,313.25,108,0.8503937007874016,0.8503937007874016,0.8582677165354331,0.16535433070866143,0.2283464566929134,0.6246719160104989,0.5320584926884139,0.5952755905511811,2024-04-23,0.3464566929133858,44.0,134.41666666666666
2024-04-23,134.41666666666666,44,0.3464566929133858,0.3464566929133858,0.8503937007874016,0.8582677165354331,0.33070866141732286,0.6850393700787403,0.5489313835770528,0.6000000000000001,2024-04-24,0.4330708661417323,55.0,167.04166666666666
2024-04-24,167.04166666666666,55,0.4330708661417323,0.4330708661417323,0.3464566929133858,0.8503937007874016,0.6929133858267716,0.5433070866141733,0.5635545556805399,0.5921259842519685,2024-04-25,0.36220472440944884,46.0,139.54166666666666
2024-04-25,139.54166666666666,46,0.36220472440944884,0.36220472440944884,0.4330708661417323,0.3464566929133858,0.5984251968503937,0.38057742782152243,0.5163104611923509,0.5769028871391075,2024-04-26,0.2755905511811024,35.0,109.33333333333331
2024-04-26,109.33333333333331,35,0.2755905511811024,0.2755905511811024,0.36220472440944884,0.4330708661417323,0.16535433070866143,0.3569553805774279,0.47019122609673786,0.574015748031496,2024-04-27,0.3937007874015748,50.0,150.79166666666666
2024-04-27,150.79166666666666,50,0.3937007874015748,0.3937007874015748,0.2755905511811024,0.36220472440944884,0.8582677165354331,0.3438320209973755,0.5028121484814397,0.5598425196850394,2024-04-28,0.2283464566929134,29.0,93.125
2024-04-28,93.125,29,0.2283464566929134,0.2283464566929134,0.3937007874015748,0.2755905511811024,0.8503937007874016,0.299212598425197,0.41282339707536553,0.5456692913385827,2024-04-29,0.8818897637795275,112.0,325.5833333333333
2024-04-29,325.5833333333333,112,0.8818897637795275,0.8818897637795275,0.2283464566929134,0.3937007874015748,0.3464566929133858,0.5013123359580054,0.41732283464566916,0.5614173228346456,2024-04-30,0.7165354330708661,91.0,266.8333333333333
2024-04-30,266.8333333333333,91,0.7165354330708661,0.7165354330708661,0.8818897637795275,0.2283464566929134,0.4330708661417323,0.6089238845144358,0.47019122609673786,0.5761154855643046,2024-05-01,0.2047244094488189,26.0,85.0
2024-05-01,85.0,26,0.2047244094488189,0.2047244094488189,0.7165354330708661,0.8818897637795275,0.36220472440944884,0.6010498687664043,0.4375703037120359,0.568241469816273,2024-05-02,0.41732283464566927,53.0,160.20833333333334
2024-05-02,160.20833333333334,53,0.41732283464566927,0.41732283464566927,0.2047244094488189,0.7165354330708661,0.2755905511811024,0.44619422572178485,0.44544431946006746,0.5540682414698161,2024-05-03,0.33070866141732286,42.0,130.625
2024-05-03,130.625,42,0.33070866141732286,0.33070866141732286,0.41732283464566927,0.2047244094488189,0.3937007874015748,0.31758530183727046,0.4533183352080989,0.5364829396325459,2024-05-04,0.23622047244094488,30.0,96.29166666666669
2024-05-04,96.29166666666669,30,0.23622047244094488,0.23622047244094488,0.33070866141732286,0.41732283464566927,0.2283464566929134,0.32808398950131246,0.43082114735658034,0.5157480314960631,2024-05-05,0.44881889763779526,57.0,172.375
2024-05-05,172.375,57,0.44881889763779526,0.44881889763779526,0.23622047244094488,0.33070866141732286,0.8818897637795275,0.33858267716535445,0.4623172103487064,0.5031496062992126,2024-05-06,0.5275590551181102,67.0,200.54166666666663
2024-05-06,200.54166666666663,67,0.5275590551181102,0.5275590551181102,0.44881889763779526,0.23622047244094488,0.7165354330708661,0.4041994750656168,0.4116985376827896,0.5104986876640419,2024-05-07,0.6850393700787402,87.0,254.625
2024-05-07,254.625,87,0.6850393700787402,0.6850393700787402,0.5275590551181102,0.44881889763779526,0.2047244094488189,0.5538057742782153,0.40719910011248583,0.5120734908136483,2024-05-08,0.47244094488188976,60.0,180.75
2024-05-08,180.75,60,0.47244094488188976,0.47244094488188976,0.6850393700787402,0.5275590551181102,0.41732283464566927,0.5616797900262468,0.4454443194600674,0.5125984251968504,2024-05-09,0.8031496062992126,102.0,297.4166666666667
2024-05-09,297.4166666666667,102,0.8031496062992126,0.8031496062992126,0.47244094488188976,0.6850393700787402,0.33070866141732286,0.6535433070866142,0.5005624296962878,0.5251968503937008,2024-05-10,0.6929133858267716,88.0,258.5
2024-05-10,258.5,88,0.6929133858267716,0.6929133858267716,0.8031496062992126,0.47244094488188976,0.23622047244094488,0.6561679790026248,0.5523059617547805,0.5230971128608924,2024-05-11,0.4645669291338583,59.0,176.25
2024-05-11,176.25,59,0.4645669291338583,0.4645669291338583,0.6929133858267716,0.8031496062992126,0.44881889763779526,0.6535433070866142,0.5849268841394826,0.5094488188976378,2024-05-12,0.25984251968503935,33.0,105.16666666666669
2024-05-12,105.16666666666669,33,0.25984251968503935,0.25984251968503935,0.4645669291338583,0.6929133858267716,0.5275590551181102,0.47244094488188987,0.5579302587176602,0.48923884514435695,2024-05-13,0.16535433070866143,21.0,71.58333333333333
2024-05-13,71.58333333333333,21,0.16535433070866143,0.16535433070866143,0.25984251968503935,0.4645669291338583,0.6850393700787402,0.2965879265091865,0.5061867266591675,0.47112860892388453,2024-05-14,0.9448818897637795,120.0,347.2916666666667
2024-05-14,347.2916666666667,120,0.9448818897637795,0.9448818897637795,0.16535433070866143,0.25984251968503935,0.47244094488188976,0.4566929133858269,0.5433070866141732,0.4816272965879265,2024-05-15,0.8267716535433071,105.0,306.0833333333333
2024-05-15,306.0833333333333,105,0.8267716535433071,0.8267716535433071,0.9448818897637795,0.16535433070866143,0.8031496062992126,0.6456692913385828,0.59392575928009,0.49475065616797903,2024-05-16,0.2755905511811024,35.0,110.54166666666669
2024-05-16,110.54166666666669,35,0.2755905511811024,0.2755905511811024,0.8267716535433071,0.9448818897637795,0.6929133858267716,0.6824146981627298,0.5185601799775027,0.4963254593175853,2024-05-17,0.7165354330708661,91.0,267.625
2024-05-17,267.625,91,0.7165354330708661,0.7165354330708661,0.2755905511811024,0.8267716535433071,0.4645669291338583,0.6062992125984253,0.5219347581552306,0.5091863517060368,2024-05-18,0.9448818897637795,120.0,347.625
2024-05-18,347.625,120,0.9448818897637795,0.9448818897637795,0.7165354330708661,0.2755905511811024,0.25984251968503935,0.6456692913385828,0.5905511811023622,0.5175853018372704,2024-05-19,0.9212598425196851,117.0,339.9166666666667
2024-05-19,339.9166666666667,117,0.9212598425196851,0.9212598425196851,0.9448818897637795,0.7165354330708661,0.16535433070866143,0.8608923884514437,0.68503937007874,0.5283464566929134,2024-05-20,0.889763779527559,113.0,328.6666666666667
2024-05-20,328.6666666666667,113,0.889763779527559,0.889763779527559,0.9212598425196851,0.9448818897637795,0.9448818897637795,0.9186351706036747,0.7885264341957255,0.55249343832021,2024-05-21,0.7007874015748031,89.0,259.75
2024-05-21,259.75,89,0.7007874015748031,0.7007874015748031,0.889763779527559,0.9212598425196851,0.8267716535433071,0.8372703412073491,0.7536557930258717,0.547244094488189,2024-05-22,0.6299212598425197,80.0,236.375
2024-05-22,236.375,80,0.6299212598425197,0.6299212598425197,0.7007874015748031,0.889763779527559,0.2755905511811024,0.7401574803149608,0.7255343082114735,0.5398950131233595,2024-05-23,0.5590551181102362,71.0,211.75
2024-05-23,211.75,71,0.5590551181102362,0.5590551181102362,0.6299212598425197,0.7007874015748031,0.7165354330708661,0.6299212598425198,0.7660292463442069,0.546981627296588,2024-05-24,0.7086614173228346,90.0,264.0833333333333
2024-05-24,264.0833333333333,90,0.7086614173228346,0.7086614173228346,0.5590551181102362,0.6299212598425197,0.9448818897637795,0.6325459317585302,0.764904386951631,0.5561679790026247,2024-05-25,0.8661417322834646,110.0,319.625
2024-05-25,319.625,110,0.8661417322834646,0.8661417322834646,0.7086614173228346,0.5590551181102362,0.9212598425196851,0.7112860892388454,0.7536557930258717,0.5729658792650919,2024-05-26,0.5669291338582677,72.0,213.16666666666663
2024-05-26,213.16666666666663,72,0.5669291338582677,0.5669291338582677,0.8661417322834646,0.7086614173228346,0.889763779527559,0.7139107611548557,0.7030371203599549,0.5826771653543308,2024-05-27,0.8503937007874016,108.0,313.7083333333333
2024-05-27,313.7083333333333,108,0.8503937007874016,0.8503937007874016,0.5669291338582677,0.8661417322834646,0.7007874015748031,0.7611548556430447,0.6974128233970754,0.5979002624671916,2024-05-28,0.7165354330708661,91.0,265.3333333333333
2024-05-28,265.3333333333333,91,0.7165354330708661,0.7165354330708661,0.8503937007874016,0.5669291338582677,0.6299212598425197,0.7112860892388454,0.6996625421822271,0.6141732283464567,2024-05-29,0.8267716535433071,105.0,306.25
2024-05-29,306.25,105,0.8267716535433071,0.8267716535433071,0.7165354330708661,0.8503937007874016,0.5590551181102362,0.7979002624671917,0.7277840269966254,0.6123359580052494,2024-05-30,0.6456692913385826,82.0,241.875
2024-05-30,241.875,82,0.6456692913385826,0.6456692913385826,0.8267716535433071,0.7165354330708661,0.7086614173228346,0.7296587926509187,0.7401574803149605,0.6099737532808399,2024-05-31,0.6771653543307087,86.0,252.83333333333331
2024-05-31,252.83333333333331,86,0.6771653543307087,0.6771653543307087,0.6456692913385826,0.8267716535433071,0.8661417322834646,0.7165354330708662,0.7356580427446568,0.625721784776903,2024-06-01,0.7007874015748031,89.0,262.0
2024-06-01,262.0,89,0.7007874015748031,0.7007874015748031,0.6771653543307087,0.6456692913385826,0.5669291338582677,0.6745406824146983,0.7120359955005624,0.6351706036745406,2024-06-02,0.7165354330708661,91.0,267.25
2024-06-02,267.25,91,0.7165354330708661,0.7165354330708661,0.7007874015748031,0.6771653543307087,0.8503937007874016,0.6981627296587928,0.7334083239595051,0.6480314960629922,2024-06-03,0.7244094488188977,92.0,270.625
2024-06-03,270.625,92,0.7244094488188977,0.7244094488188977,0.7165354330708661,0.7007874015748031,0.7165354330708661,0.7139107611548557,0.7154105736782901,0.6643044619422572,2024-06-04,0.7637795275590551,97.0,284.2083333333333
2024-06-04,284.2083333333333,97,0.7637795275590551,0.7637795275590551,0.7244094488188977,0.7165354330708661,0.8267716535433071,0.7349081364829398,0.7221597300337458,0.6748031496062992,2024-06-05,0.5826771653543307,74.0,218.20833333333331
2024-06-05,218.20833333333331,74,0.5826771653543307,0.5826771653543307,0.7637795275590551,0.7244094488188977,0.6456692913385826,0.6902887139107613,0.687289088863892,0.6766404199475066,2024-06-06,0.937007874015748,119.0,344.75
2024-06-06,344.75,119,0.937007874015748,0.937007874015748,0.5826771653543307,0.7637795275590551,0.6771653543307087,0.7611548556430447,0.7289088863892014,0.6850393700787402,2024-06-07,0.9448818897637795,120.0,346.4166666666667
2024-06-07,346.4166666666667,120,0.9448818897637795,0.9448818897637795,0.937007874015748,0.5826771653543307,0.7007874015748031,0.8215223097112861,0.7671541057367828,0.7007874015748031,2024-06-08,0.9448818897637795,120.0,347.9583333333333
2024-06-08,347.9583333333333,120,0.9448818897637795,0.9448818897637795,0.9448818897637795,0.937007874015748,0.7165354330708661,0.9422572178477692,0.8020247469066366,0.7055118110236221,2024-06-09,0.937007874015748,119.0,343.9166666666667
2024-06-09,343.9166666666667,119,0.937007874015748,0.937007874015748,0.9448818897637795,0.9448818897637795,0.7244094488188977,0.9422572178477692,0.8335208098987626,0.7136482939632546,2024-06-10,0.7086614173228346,90.0,263.7083333333333
2024-06-10,263.7083333333333,90,0.7086614173228346,0.7086614173228346,0.937007874015748,0.9448818897637795,0.7637795275590551,0.8635170603674541,0.8312710911136107,0.7217847769028871,2024-06-11,0.7165354330708661,91.0,266.375
2024-06-11,266.375,91,0.7165354330708661,0.7165354330708661,0.7086614173228346,0.937007874015748,0.5826771653543307,0.7874015748031497,0.8245219347581552,0.7370078740157481,2024-06-12,0.6377952755905512,81.0,238.66666666666663
2024-06-12,238.66666666666663,81,0.6377952755905512,0.6377952755905512,0.7165354330708661,0.7086614173228346,0.937007874015748,0.6876640419947507,0.8323959505061868,0.7527559055118112,2024-06-13,0.905511811023622,115.0,332.5
2024-06-13,332.5,115,0.905511811023622,0.905511811023622,0.6377952755905512,0.7165354330708661,0.9448818897637795,0.7532808398950132,0.827896512935883,0.7514435695538058,2024-06-14,0.8582677165354331,109.0,316.9583333333333
2024-06-14,316.9583333333333,109,0.8582677165354331,0.8582677165354331,0.905511811023622,0.6377952755905512,0.9448818897637795,0.8005249343832022,0.8155230596175478,0.7524934383202099,2024-06-15,0.889763779527559,113.0,326.75
2024-06-15,326.75,113,0.889763779527559,0.889763779527559,0.8582677165354331,0.905511811023622,0.937007874015748,0.8845144356955381,0.8076490438695163,0.7729658792650919,2024-06-16,0.9212598425196851,117.0,338.0416666666667
2024-06-16,338.0416666666667,117,0.9212598425196851,0.9212598425196851,0.889763779527559,0.8582677165354331,0.7086614173228346,0.8897637795275593,0.8053993250843644,0.7797900262467191,2024-06-17,0.8110236220472441,103.0,298.9166666666667
2024-06-17,298.9166666666667,103,0.8110236220472441,0.8110236220472441,0.9212598425196851,0.889763779527559,0.7165354330708661,0.8740157480314962,0.8200224971878515,0.7753280839895013,2024-06-18,0.7322834645669292,93.0,270.8333333333333
2024-06-18,270.8333333333333,93,0.7322834645669292,0.7322834645669292,0.8110236220472441,0.9212598425196851,0.6377952755905512,0.8215223097112863,0.8222722159730033,0.769028871391076,2024-06-19,0.18110236220472442,23.0,76.16666666666667
2024-06-19,76.16666666666667,23,0.18110236220472442,0.18110236220472442,0.7322834645669292,0.8110236220472441,0.905511811023622,0.5748031496062993,0.7570303712035995,0.7454068241469816,2024-06-20,0.4881889763779528,62.0,186.16666666666663
2024-06-20,186.16666666666663,62,0.4881889763779528,0.4881889763779528,0.18110236220472442,0.7322834645669292,0.8582677165354331,0.4671916010498689,0.6974128233970752,0.7383202099737532,2024-06-21,0.7795275590551181,99.0,288.875
2024-06-21,288.875,99,0.7795275590551181,0.7795275590551181,0.4881889763779528,0.18110236220472442,0.889763779527559,0.48293963254593186,0.6861642294713162,0.7433070866141732,2024-06-22,0.9291338582677166,118.0,342.5416666666667
2024-06-22,342.5416666666667,118,0.9291338582677166,0.9291338582677166,0.7795275590551181,0.4881889763779528,0.9212598425196851,0.7322834645669293,0.6917885264341957,0.7556430446194224,2024-06-23,0.9606299212598425,122.0,353.0833333333333
2024-06-23,353.0833333333333,122,0.9606299212598425,0.9606299212598425,0.9291338582677166,0.7795275590551181,0.8110236220472441,0.8897637795275593,0.6974128233970752,0.7640419947506562,2024-06-24,0.8976377952755905,114.0,330.2083333333333
2024-06-24,330.2083333333333,114,0.8976377952755905,0.8976377952755905,0.9606299212598425,0.9291338582677166,0.7322834645669292,0.9291338582677167,0.7097862767154105,0.7650918635170604,2024-06-25,0.905511811023622,115.0,334.0
2024-06-25,334.0,115,0.905511811023622,0.905511811023622,0.8976377952755905,0.9606299212598425,0.18110236220472442,0.9212598425196852,0.734533183352081,0.7763779527559055,2024-06-26,0.9133858267716536,116.0,336.4583333333333
2024-06-26,336.4583333333333,116,0.9133858267716536,0.9133858267716536,0.905511811023622,0.8976377952755905,0.4881889763779528,0.9055118110236221,0.8391451068616422,0.7784776902887139,2024-06-27,0.905511811023622,115.0,334.7083333333333
2024-06-27,334.7083333333333,115,0.905511811023622,0.905511811023622,0.9133858267716536,0.905511811023622,0.7795275590551181,0.9081364829396327,0.8987626546681664,0.7847769028871391,2024-06-28,0.937007874015748,119.0,344.2083333333333
2024-06-28,344.2083333333333,119,0.937007874015748,0.937007874015748,0.905511811023622,0.9133858267716536,0.9291338582677166,0.9186351706036747,0.921259842519685,0.7884514435695539,2024-06-29,0.9212598425196851,117.0,338.0416666666667
2024-06-29,338.0416666666667,117,0.9212598425196851,0.9212598425196851,0.937007874015748,0.905511811023622,0.9606299212598425,0.9212598425196852,0.920134983127109,0.7976377952755906,2024-06-30,0.84251968503937,107.0,312.125
2024-06-30,312.125,107,0.84251968503937,0.84251968503937,0.9212598425196851,0.937007874015748,0.8976377952755905,0.9002624671916012,0.9032620922384701,0.8031496062992125,2024-07-01,0.9291338582677166,118.0,340.875
2024-07-01,340.875,118,0.9291338582677166,0.9291338582677166,0.84251968503937,0.9212598425196851,0.905511811023622,0.8976377952755906,0.9077615298087738,0.810761154855643,2024-07-02,0.9291338582677166,118.0,341.25
2024-07-02,341.25,118,0.9291338582677166,0.9291338582677166,0.9291338582677166,0.84251968503937,0.9133858267716536,0.9002624671916012,0.9111361079865017,0.8178477690288714,2024-07-03,0.905511811023622,115.0,333.4166666666667
2024-07-03,333.4166666666667,115,0.905511811023622,0.905511811023622,0.9291338582677166,0.9291338582677166,0.905511811023622,0.9212598425196852,0.9100112485939257,0.8238845144356954,2024-07-04,0.937007874015748,119.0,344.0833333333333
2024-07-04,344.0833333333333,119,0.937007874015748,0.937007874015748,0.905511811023622,0.9291338582677166,0.937007874015748,0.9238845144356956,0.9145106861642294,0.8296587926509187,2024-07-05,0.9212598425196851,117.0,339.9583333333333
2024-07-05,339.9583333333333,117,0.9212598425196851,0.9212598425196851,0.937007874015748,0.905511811023622,0.9212598425196851,0.9212598425196852,0.9122609673790775,0.8409448818897637,2024-07-06,0.7716535433070866,98.0,287.1666666666667
2024-07-06,287.1666666666667,98,0.7716535433070866,0.7716535433070866,0.9212598425196851,0.937007874015748,0.84251968503937,0.8766404199475067,0.8908886389201349,0.8354330708661417,2024-07-07,0.7007874015748031,89.0,261.125
2024-07-07,261.125,89,0.7007874015748031,0.7007874015748031,0.7716535433070866,0.9212598425196851,0.9291338582677166,0.7979002624671917,0.8706411698537683,0.8272965879265092,2024-07-08,0.5826771653543307,74.0,219.29166666666663
2024-07-08,219.29166666666663,74,0.5826771653543307,0.5826771653543307,0.7007874015748031,0.7716535433070866,0.9291338582677166,0.6850393700787402,0.8211473565804274,0.8152230971128609,2024-07-09,0.7952755905511811,101.0,295.5833333333333
2024-07-09,295.5833333333333,101,0.7952755905511811,0.7952755905511811,0.5826771653543307,0.7007874015748031,0.905511811023622,0.6929133858267718,0.8020247469066366,0.810498687664042,2024-07-10,0.8503937007874016,108.0,315.25
2024-07-10,315.25,108,0.8503937007874016,0.8503937007874016,0.7952755905511811,0.5826771653543307,0.937007874015748,0.7427821522309713,0.794150731158605,0.8152230971128609,2024-07-11,0.8267716535433071,105.0,305.5833333333333
2024-07-11,305.5833333333333,105,0.8267716535433071,0.8267716535433071,0.8503937007874016,0.7952755905511811,0.9212598425196851,0.8241469816272967,0.778402699662542,0.8188976377952756,2024-07-12,0.36220472440944884,46.0,140.83333333333334
2024-07-12,140.83333333333334,46,0.36220472440944884,0.36220472440944884,0.8267716535433071,0.8503937007874016,0.7716535433070866,0.6797900262467192,0.6985376827896512,0.8097112860892388,2024-07-13,0.44881889763779526,57.0,171.75
2024-07-13,171.75,57,0.44881889763779526,0.44881889763779526,0.36220472440944884,0.8267716535433071,0.7007874015748031,0.5459317585301838,0.6524184476940382,0.7944881889763779,2024-07-14,0.5905511811023622,75.0,220.58333333333331
2024-07-14,220.58333333333331,75,0.5905511811023622,0.5905511811023622,0.44881889763779526,0.36220472440944884,0.5826771653543307,0.46719160104986884,0.6366704161979752,0.7855643044619423,2024-07-15,0.9133858267716536,116.0,337.125
2024-07-15,337.125,116,0.9133858267716536,0.9133858267716536,0.5905511811023622,0.44881889763779526,0.7952755905511811,0.6509186351706038,0.6839145106861642,0.7863517060367454,2024-07-16,0.9133858267716536,116.0,335.125
2024-07-16,335.125,116,0.9133858267716536,0.9133858267716536,0.9133858267716536,0.5905511811023622,0.8503937007874016,0.8057742782152233,0.700787401574803,0.7860892388451445,2024-07-17,0.7480314960629921,95.0,279.125
2024-07-17,279.125,95,0.7480314960629921,0.7480314960629921,0.9133858267716536,0.9133858267716536,0.8267716535433071,0.8582677165354332,0.6861642294713162,0.783989501312336,2024-07-18,0.6299212598425197,80.0,234.66666666666663
2024-07-18,234.66666666666663,80,0.6299212598425197,0.6299212598425197,0.7480314960629921,0.9133858267716536,0.36220472440944884,0.7637795275590552,0.6580427446569178,0.7805774278215224,2024-07-19,0.8740157480314961,111.0,323.125
2024-07-19,323.125,111,0.8740157480314961,0.8740157480314961,0.6299212598425197,0.7480314960629921,0.44881889763779526,0.7506561679790028,0.7311586051743532,0.8036745406824147,2024-07-20,0.8976377952755905,114.0,330.7083333333333
2024-07-20,330.7083333333333,114,0.8976377952755905,0.8976377952755905,0.8740157480314961,0.6299212598425197,0.5905511811023622,0.8005249343832022,0.7952755905511809,0.8173228346456692,2024-07-21,0.6299212598425197,80.0,235.95833333333331
2024-07-21,235.95833333333331,80,0.6299212598425197,0.6299212598425197,0.8976377952755905,0.8740157480314961,0.9133858267716536,0.8005249343832022,0.8008998875140607,0.8123359580052494,2024-07-22,0.5275590551181102,67.0,200.45833333333331
2024-07-22,200.45833333333331,67,0.5275590551181102,0.5275590551181102,0.6299212598425197,0.8976377952755905,0.9133858267716536,0.6850393700787403,0.7457817772778402,0.7989501312335958,2024-07-23,0.4094488188976378,52.0,158.75
2024-07-23,158.75,52,0.4094488188976378,0.4094488188976378,0.5275590551181102,0.6299212598425197,0.7480314960629921,0.5223097112860894,0.6737907761529807,0.7805774278215222,2024-07-24,0.6062992125984252,77.0,228.20833333333331
2024-07-24,228.20833333333331,77,0.6062992125984252,0.6062992125984252,0.4094488188976378,0.5275590551181102,0.6299212598425197,0.5144356955380579,0.6535433070866141,0.7708661417322834,2024-07-25,0.6062992125984252,77.0,228.25
2024-07-25,228.25,77,0.6062992125984252,0.6062992125984252,0.6062992125984252,0.4094488188976378,0.8740157480314961,0.5406824146981629,0.6501687289088862,0.7608923884514436,2024-07-26,0.5039370078740157,64.0,192.125
2024-07-26,192.125,64,0.5039370078740157,0.5039370078740157,0.6062992125984252,0.6062992125984252,0.8976377952755905,0.5721784776902888,0.5973003374578177,0.7472440944881888,2024-07-27,0.5433070866141733,69.0,206.20833333333331
2024-07-27,206.20833333333331,69,0.5433070866141733,0.5433070866141733,0.5039370078740157,0.6062992125984252,0.6299212598425197,0.551181102362205,0.546681664791901,0.7351706036745406,2024-07-28,0.5039370078740157,64.0,190.33333333333331
2024-07-28,190.33333333333331,64,0.5039370078740157,0.5039370078740157,0.5433070866141733,0.5039370078740157,0.5275590551181102,0.5170603674540684,0.5286839145106861,0.7207349081364829,2024-07-29,0.8740157480314961,111.0,323.375
2024-07-29,323.375,111,0.8740157480314961,0.8740157480314961,0.5039370078740157,0.5433070866141733,0.4094488188976378,0.6404199475065618,0.578177727784027,0.7191601049868765,2024-07-30,0.8740157480314961,111.0,321.2916666666667
2024-07-30,321.2916666666667,111,0.8740157480314961,0.8740157480314961,0.8740157480314961,0.5039370078740157,0.6062992125984252,0.7506561679790028,0.6445444319460067,0.7202099737532809,2024-07-31,0.8740157480314961,111.0,323.5
2024-07-31,323.5,111,0.8740157480314961,0.8740157480314961,0.8740157480314961,0.8740157480314961,0.6062992125984252,0.8740157480314961,0.6827896512935883,0.7183727034120735,2024-08-01,0.8976377952755905,114.0,330.7083333333333
2024-08-01,330.7083333333333,114,0.8976377952755905,0.8976377952755905,0.8740157480314961,0.8740157480314961,0.5039370078740157,0.8818897637795277,0.7244094488188976,0.7173228346456694,2024-08-02,0.8740157480314961,111.0,321.7083333333333
2024-08-02,321.7083333333333,111,0.8740157480314961,0.8740157480314961,0.8976377952755905,0.8740157480314961,0.5433070866141733,0.8818897637795278,0.7772778402699662,0.7162729658792651,2024-08-03,0.8188976377952756,104.0,302.0833333333333
2024-08-03,302.0833333333333,104,0.8188976377952756,0.8188976377952756,0.8740157480314961,0.8976377952755905,0.5039370078740157,0.8635170603674541,0.8166479190101236,0.7123359580052494,2024-08-04,0.7086614173228346,90.0,264.1666666666667
2024-08-04,264.1666666666667,90,0.7086614173228346,0.7086614173228346,0.8188976377952756,0.8740157480314961,0.8740157480314961,0.8005249343832023,0.8458942632170977,0.705249343832021,2024-08-05,0.8582677165354331,109.0,317.9583333333333
2024-08-05,317.9583333333333,109,0.8582677165354331,0.8582677165354331,0.7086614173228346,0.8188976377952756,0.8740157480314961,0.7952755905511811,0.843644544431946,0.7081364829396325,2024-08-06,0.8818897637795275,112.0,325.5
2024-08-06,325.5,112,0.8818897637795275,0.8818897637795275,0.8582677165354331,0.7086614173228346,0.8740157480314961,0.8162729658792652,0.8447694038245218,0.7141732283464567,2024-08-07,0.8740157480314961,111.0,322.875
2024-08-07,322.875,111,0.8740157480314961,0.8740157480314961,0.8818897637795275,0.8582677165354331,0.8976377952755905,0.8713910761154856,0.8447694038245218,0.7238845144356956,2024-08-08,0.8818897637795275,112.0,325.7916666666667
2024-08-08,325.7916666666667,112,0.8818897637795275,0.8818897637795275,0.8740157480314961,0.8818897637795275,0.8740157480314961,0.8792650918635173,0.84251968503937,0.7267716535433071,2024-08-09,0.7716535433070866,98.0,286.75
2024-08-09,286.75,98,0.7716535433070866,0.7716535433070866,0.8818897637795275,0.8740157480314961,0.8188976377952756,0.8425196850393702,0.827896512935883,0.7241469816272965,2024-08-10,0.7716535433070866,98.0,286.5833333333333
2024-08-10,286.5833333333333,98,0.7716535433070866,0.7716535433070866,0.7716535433070866,0.8818897637795275,0.7086614173228346,0.8083989501312338,0.8211473565804274,0.7223097112860892,2024-08-11,0.8661417322834646,110.0,319.8333333333333
2024-08-11,319.8333333333333,110,0.8661417322834646,0.8661417322834646,0.7716535433070866,0.7716535433070866,0.8582677165354331,0.8031496062992126,0.843644544431946,0.7391076115485564,2024-08-12,0.84251968503937,107.0,311.8333333333333
2024-08-12,311.8333333333333,107,0.84251968503937,0.84251968503937,0.8661417322834646,0.7716535433070866,0.8818897637795275,0.8267716535433071,0.841394825646794,0.7522309711286089,2024-08-13,0.7637795275590551,97.0,284.5833333333333
2024-08-13,284.5833333333333,97,0.7637795275590551,0.7637795275590551,0.84251968503937,0.8661417322834646,0.8740157480314961,0.8241469816272966,0.8245219347581552,0.758005249343832,2024-08-14,0.8346456692913385,106.0,308.625
2024-08-14,308.625,106,0.8346456692913385,0.8346456692913385,0.7637795275590551,0.84251968503937,0.8818897637795275,0.8136482939632548,0.8188976377952754,0.7553805774278215,2024-08-15,0.8582677165354331,109.0,315.5833333333333
2024-08-15,315.5833333333333,109,0.8582677165354331,0.8582677165354331,0.8346456692913385,0.7637795275590551,0.7716535433070866,0.8188976377952758,0.8155230596175478,0.7535433070866141,2024-08-16,0.8267716535433071,105.0,306.25
2024-08-16,306.25,105,0.8267716535433071,0.8267716535433071,0.8582677165354331,0.8346456692913385,0.7716535433070866,0.8398950131233597,0.8233970753655793,0.7561679790026246,2024-08-17,0.8267716535433071,105.0,304.5416666666667
2024-08-17,304.5416666666667,105,0.8267716535433071,0.8267716535433071,0.8267716535433071,0.8582677165354331,0.8661417322834646,0.8372703412073492,0.8312710911136107,0.7627296587926509,2024-08-18,0.7874015748031497,100.0,291.4583333333333
2024-08-18,291.4583333333333,100,0.7874015748031497,0.7874015748031497,0.8267716535433071,0.8267716535433071,0.84251968503937,0.8136482939632547,0.8200224971878515,0.7598425196850394,2024-08-19,0.8267716535433071,105.0,306.4583333333333
2024-08-19,306.4583333333333,105,0.8267716535433071,0.8267716535433071,0.7874015748031497,0.8267716535433071,0.7637795275590551,0.8136482939632548,0.8177727784026996,0.75748031496063,2024-08-20,0.8582677165354331,109.0,315.8333333333333
2024-08-20,315.8333333333333,109,0.8582677165354331,0.8582677165354331,0.8267716535433071,0.7874015748031497,0.8346456692913385,0.8241469816272967,0.8312710911136107,0.7650918635170603,2024-08-21,0.8346456692913385,106.0,307.8333333333333
2024-08-21,307.8333333333333,106,0.8346456692913385,0.8346456692913385,0.8582677165354331,0.8267716535433071,0.8582677165354331,0.8398950131233597,0.8312710911136107,0.7753280839895014,2024-08-22,0.8110236220472441,103.0,300.9166666666667
2024-08-22,300.9166666666667,103,0.8110236220472441,0.8110236220472441,0.8346456692913385,0.8582677165354331,0.8267716535433071,0.8346456692913388,0.8245219347581552,0.7887139107611549,2024-08-23,0.6614173228346457,84.0,248.16666666666663
2024-08-23,248.16666666666663,84,0.6614173228346457,0.6614173228346457,0.8110236220472441,0.8346456692913385,0.8267716535433071,0.7690288713910762,0.8008998875140607,0.7905511811023622,2024-08-24,0.8110236220472441,103.0,299.875
2024-08-24,299.875,103,0.8110236220472441,0.8110236220472441,0.6614173228346457,0.8110236220472441,0.7874015748031497,0.7611548556430447,0.7986501687289088,0.7973753280839895,2024-08-25,0.7874015748031497,100.0,290.9583333333333
2024-08-25,290.9583333333333,100,0.7874015748031497,0.7874015748031497,0.8110236220472441,0.6614173228346457,0.8267716535433071,0.7532808398950133,0.7986501687289088,0.8068241469816273,2024-08-26,0.4015748031496063,51.0,154.70833333333334
2024-08-26,154.70833333333334,51,0.4015748031496063,0.4015748031496063,0.7874015748031497,0.8110236220472441,0.8582677165354331,0.6666666666666669,0.7379077615298087,0.8020997375328084,2024-08-27,0.47244094488188976,60.0,179.83333333333334
2024-08-27,179.83333333333334,60,0.47244094488188976,0.47244094488188976,0.4015748031496063,0.7874015748031497,0.8346456692913385,0.5538057742782154,0.6827896512935883,0.8010498687664042,2024-08-28,0.6299212598425197,80.0,236.875
2024-08-28,236.875,80,0.6299212598425197,0.6299212598425197,0.47244094488188976,0.4015748031496063,0.8110236220472441,0.5013123359580054,0.6535433070866141,0.7929133858267717,2024-08-29,0.49606299212598426,63.0,187.79166666666663
2024-08-29,187.79166666666663,63,0.49606299212598426,0.49606299212598426,0.6299212598425197,0.47244094488188976,0.6614173228346457,0.5328083989501314,0.608548931383577,0.7803149606299212,2024-08-30,0.7952755905511811,101.0,294.875
2024-08-30,294.875,101,0.7952755905511811,0.7952755905511811,0.49606299212598426,0.6299212598425197,0.8110236220472441,0.6404199475065618,0.6276715410573678,0.7776902887139108,2024-08-31,0.6456692913385826,82.0,242.45833333333331
2024-08-31,242.45833333333331,82,0.6456692913385826,0.6456692913385826,0.7952755905511811,0.49606299212598426,0.7874015748031497,0.6456692913385829,0.6040494938132733,0.7692913385826772,2024-09-01,0.6692913385826772,85.0,251.125
2024-09-01,251.125,85,0.6692913385826772,0.6692913385826772,0.6456692913385826,0.7952755905511811,0.4015748031496063,0.7034120734908139,0.5871766029246344,0.7624671916010499,2024-09-02,0.5984251968503937,76.0,224.29166666666663
2024-09-02,224.29166666666663,76,0.5984251968503937,0.5984251968503937,0.6692913385826772,0.6456692913385826,0.47244094488188976,0.6377952755905514,0.6152980877390325,0.7551181102362204,2024-09-03,0.3779527559055118,48.0,146.5
2024-09-03,146.5,48,0.3779527559055118,0.3779527559055118,0.5984251968503937,0.6692913385826772,0.6299212598425197,0.5485564304461944,0.6017997750281214,0.7440944881889764,2024-09-04,0.3937007874015748,50.0,153.20833333333334
2024-09-04,153.20833333333334,50,0.3937007874015748,0.3937007874015748,0.3779527559055118,0.5984251968503937,0.49606299212598426,0.4566929133858269,0.5680539932508436,0.7286089238845145,2024-09-05,0.3464566929133858,44.0,136.41666666666666
2024-09-05,136.41666666666666,44,0.3464566929133858,0.3464566929133858,0.3937007874015748,0.3779527559055118,0.7952755905511811,0.37270341207349095,0.546681664791901,0.710761154855643,2024-09-06,0.5354330708661418,68.0,201.20833333333331
2024-09-06,201.20833333333331,68,0.5354330708661418,0.5354330708661418,0.3464566929133858,0.3937007874015748,0.6456692913385826,0.4251968503937009,0.5095613048368953,0.699475065616798,2024-09-07,0.7874015748031497,100.0,292.9166666666667
2024-09-07,292.9166666666667,100,0.7874015748031497,0.7874015748031497,0.5354330708661418,0.3464566929133858,0.6692913385826772,0.5564304461942259,0.5298087739032621,0.6963254593175853,2024-09-08,0.8346456692913385,106.0,307.5833333333333
2024-09-08,307.5833333333333,106,0.8346456692913385,0.8346456692913385,0.7874015748031497,0.5354330708661418,0.5984251968503937,0.7191601049868769,0.5534308211473565,0.6984251968503937,2024-09-09,0.7952755905511811,101.0,293.4166666666667
2024-09-09,293.4166666666667,101,0.7952755905511811,0.7952755905511811,0.8346456692913385,0.7874015748031497,0.3779527559055118,0.8057742782152233,0.5815523059617548,0.6992125984251968,2024-09-10,0.6456692913385826,82.0,242.70833333333331
2024-09-10,242.70833333333331,82,0.6456692913385826,0.6456692913385826,0.7952755905511811,0.8346456692913385,0.3937007874015748,0.7585301837270343,0.6197975253093363,0.6918635170603675,2024-09-11,0.6299212598425197,80.0,234.79166666666663
2024-09-11,234.79166666666663,80,0.6299212598425197,0.6299212598425197,0.6456692913385826,0.7952755905511811,0.3464566929133858,0.6902887139107614,0.653543307086614,0.6847769028871391,2024-09-12,0.6692913385826772,85.0,249.91666666666663
2024-09-12,249.91666666666663,85,0.6692913385826772,0.6692913385826772,0.6299212598425197,0.6456692913385826,0.5354330708661418,0.6482939632545933,0.6996625421822272,0.6816272965879265,2024-09-13,0.7086614173228346,90.0,264.8333333333333
2024-09-13,264.8333333333333,90,0.7086614173228346,0.7086614173228346,0.6692913385826772,0.6299212598425197,0.7874015748031497,0.6692913385826773,0.7244094488188975,0.6774278215223097,2024-09-14,0.6535433070866141,83.0,242.875
2024-09-14,242.875,83,0.6535433070866141,0.6535433070866141,0.7086614173228346,0.6692913385826772,0.8346456692913385,0.6771653543307088,0.7052868391451069,0.6706036745406825,2024-09-15,0.7086614173228346,90.0,264.375
2024-09-15,264.375,90,0.7086614173228346,0.7086614173228346,0.6535433070866141,0.7086614173228346,0.7952755905511811,0.6902887139107613,0.687289088863892,0.6666666666666666,2024-09-16,0.7244094488188977,92.0,270.0416666666667
2024-09-16,270.0416666666667,92,0.7244094488188977,0.7244094488188977,0.7086614173228346,0.6535433070866141,0.6456692913385826,0.6955380577427822,0.6771653543307086,0.6632545931758531,2024-09-17,0.6456692913385826,82.0,241.58333333333331
2024-09-17,241.58333333333331,82,0.6456692913385826,0.6456692913385826,0.7244094488188977,0.7086614173228346,0.6299212598425197,0.6929133858267718,0.6771653543307086,0.6585301837270341,2024-09-18,0.6535433070866141,83.0,243.33333333333331
2024-09-18,243.33333333333331,83,0.6535433070866141,0.6535433070866141,0.6456692913385826,0.7244094488188977,0.6692913385826772,0.6745406824146983,0.6805399325084364,0.652755905511811,2024-09-19,0.7244094488188977,92.0,269.6666666666667
2024-09-19,269.6666666666667,92,0.7244094488188977,0.7244094488188977,0.6535433070866141,0.6456692913385826,0.7086614173228346,0.6745406824146983,0.6884139482564678,0.6482939632545932,2024-09-20,0.6614173228346457,84.0,247.25
2024-09-20,247.25,84,0.6614173228346457,0.6614173228346457,0.7244094488188977,0.6535433070866141,0.6535433070866141,0.6797900262467195,0.6816647919010123,0.6425196850393701,2024-09-21,0.6929133858267716,88.0,257.75
2024-09-21,257.75,88,0.6929133858267716,0.6929133858267716,0.6614173228346457,0.7244094488188977,0.7086614173228346,0.6929133858267718,0.687289088863892,0.6385826771653543,2024-09-22,0.5984251968503937,76.0,225.58333333333331
2024-09-22,225.58333333333331,76,0.5984251968503937,0.5984251968503937,0.6929133858267716,0.6614173228346457,0.7244094488188977,0.6509186351706039,0.671541057367829,0.6364829396325459,2024-09-23,0.5748031496062992,73.0,217.58333333333331
2024-09-23,217.58333333333331,73,0.5748031496062992,0.5748031496062992,0.5984251968503937,0.6929133858267716,0.6456692913385826,0.6220472440944883,0.6501687289088862,0.6286089238845144,2024-09-24,0.5511811023622047,70.0,208.91666666666663
2024-09-24,208.91666666666663,70,0.5511811023622047,0.5511811023622047,0.5748031496062992,0.5984251968503937,0.6535433070866141,0.5748031496062994,0.6366704161979753,0.6207349081364829,2024-09-25,0.6929133858267716,88.0,258.2083333333333
2024-09-25,258.2083333333333,88,0.6929133858267716,0.6929133858267716,0.5511811023622047,0.5748031496062992,0.7244094488188977,0.6062992125984253,0.6422947131608547,0.6304461942257219,2024-09-26,0.7244094488188977,92.0,270.75
2024-09-26,270.75,92,0.7244094488188977,0.7244094488188977,0.6929133858267716,0.5511811023622047,0.6614173228346457,0.6561679790026248,0.6422947131608547,0.6388451443569554,2024-09-27,0.7322834645669292,93.0,271.0416666666667
2024-09-27,271.0416666666667,93,0.7322834645669292,0.7322834645669292,0.7244094488188977,0.6929133858267716,0.6929133858267716,0.7165354330708663,0.6524184476940382,0.642257217847769,2024-09-28,0.7165354330708661,91.0,265.7916666666667
2024-09-28,265.7916666666667,91,0.7165354330708661,0.7165354330708661,0.7322834645669292,0.7244094488188977,0.5984251968503937,0.7244094488188978,0.655793025871766,0.6496062992125985,2024-09-29,0.7165354330708661,91.0,267.7916666666667
2024-09-29,267.7916666666667,91,0.7165354330708661,0.7165354330708661,0.7165354330708661,0.7322834645669292,0.5748031496062992,0.7217847769028873,0.6726659167604049,0.646981627296588,2024-09-30,0.7086614173228346,90.0,263.8333333333333
2024-09-30,263.8333333333333,90,0.7086614173228346,0.7086614173228346,0.7165354330708661,0.7165354330708661,0.5511811023622047,0.7139107611548557,0.6917885264341956,0.6490813648293963,2024-10-01,0.6850393700787402,87.0,254.70833333333331
2024-10-01,254.70833333333331,87,0.6850393700787402,0.6850393700787402,0.7086614173228346,0.7165354330708661,0.6929133858267716,0.7034120734908137,0.7109111361079865,0.6496062992125985,2024-10-02,0.6771653543307087,86.0,252.875
2024-10-02,252.875,86,0.6771653543307087,0.6771653543307087,0.6850393700787402,0.7086614173228346,0.7244094488188977,0.6902887139107613,0.7086614173228345,0.6522309711286088,2024-10-03,0.6535433070866141,83.0,245.5
2024-10-03,245.5,83,0.6535433070866141,0.6535433070866141,0.6771653543307087,0.6850393700787402,0.7322834645669292,0.6719160104986878,0.6985376827896512,0.6614173228346457,2024-10-04,0.6771653543307087,86.0,253.16666666666663
2024-10-04,253.16666666666663,86,0.6771653543307087,0.6771653543307087,0.6535433070866141,0.6771653543307087,0.7165354330708661,0.6692913385826773,0.6906636670416199,0.6708661417322834,2024-10-05,0.5669291338582677,72.0,213.625
2024-10-05,213.625,72,0.5669291338582677,0.5669291338582677,0.6771653543307087,0.6535433070866141,0.7165354330708661,0.6325459317585302,0.6692913385826771,0.6782152230971129,2024-10-06,0.6141732283464567,78.0,229.91666666666663
2024-10-06,229.91666666666663,78,0.6141732283464567,0.6141732283464567,0.5669291338582677,0.6771653543307087,0.7086614173228346,0.619422572178478,0.6546681664791901,0.6808398950131234,2024-10-07,0.6220472440944882,79.0,231.79166666666663
2024-10-07,231.79166666666663,79,0.6220472440944882,0.6220472440944882,0.6141732283464567,0.5669291338582677,0.6850393700787402,0.6010498687664043,0.6422947131608548,0.6753280839895014,2024-10-08,0.6456692913385826,82.0,241.66666666666663
2024-10-08,241.66666666666663,82,0.6456692913385826,0.6456692913385826,0.6220472440944882,0.6141732283464567,0.6771653543307087,0.6272965879265094,0.6366704161979752,0.6690288713910761,2024-10-09,0.6535433070866141,83.0,245.41666666666663
2024-10-09,245.41666666666663,83,0.6535433070866141,0.6535433070866141,0.6456692913385826,0.6220472440944882,0.6535433070866141,0.6404199475065617,0.6332958380202474,0.6643044619422572,2024-10-10,0.6299212598425197,80.0,237.20833333333331
2024-10-10,237.20833333333331,80,0.6299212598425197,0.6299212598425197,0.6535433070866141,0.6456692913385826,0.6771653543307087,0.6430446194225724,0.6299212598425196,0.6637795275590551,2024-10-11,0.6377952755905512,81.0,238.45833333333331
2024-10-11,238.45833333333331,81,0.6377952755905512,0.6377952755905512,0.6299212598425197,0.6535433070866141,0.5669291338582677,0.6404199475065617,0.62429696287964,0.6640419947506562,2024-10-12,0.6377952755905512,81.0,238.70833333333331
2024-10-12,238.70833333333331,81,0.6377952755905512,0.6377952755905512,0.6377952755905512,0.6299212598425197,0.6141732283464567,0.6351706036745409,0.6344206974128233,0.662992125984252,2024-10-13,0.6377952755905512,81.0,238.375
2024-10-13,238.375,81,0.6377952755905512,0.6377952755905512,0.6377952755905512,0.6377952755905512,0.6220472440944882,0.6377952755905512,0.637795275590551,0.6606299212598425,2024-10-14,0.6299212598425197,80.0,235.29166666666663
2024-10-14,235.29166666666663,80,0.6299212598425197,0.6299212598425197,0.6377952755905512,0.6377952755905512,0.6456692913385826,0.6351706036745409,0.6389201349831269,0.6598425196850394,2024-10-15,0.6299212598425197,80.0,236.83333333333331
2024-10-15,236.83333333333331,80,0.6299212598425197,0.6299212598425197,0.6299212598425197,0.6377952755905512,0.6535433070866141,0.6325459317585302,0.6366704161979752,0.6572178477690289,2024-10-16,0.5433070866141733,69.0,206.41666666666663
2024-10-16,206.41666666666663,69,0.5433070866141733,0.5433070866141733,0.6299212598425197,0.6299212598425197,0.6299212598425197,0.6010498687664044,0.6209223847019122,0.6511811023622047,2024-10-17,0.5196850393700787,66.0,195.875
2024-10-17,195.875,66,0.5196850393700787,0.5196850393700787,0.5433070866141733,0.6299212598425197,0.6377952755905512,0.5643044619422574,0.6051743532058492,0.6469816272965879,2024-10-18,0.36220472440944884,46.0,141.54166666666666
2024-10-18,141.54166666666666,46,0.36220472440944884,0.36220472440944884,0.5196850393700787,0.5433070866141733,0.6377952755905512,0.4750656167979004,0.5658042744656917,0.637270341207349,2024-10-19,0.5511811023622047,70.0,209.25
2024-10-19,209.25,70,0.5511811023622047,0.5511811023622047,0.36220472440944884,0.5196850393700787,0.6377952755905512,0.47769028871391095,0.5534308211473565,0.631496062992126,2024-10-20,0.6141732283464567,78.0,228.91666666666663
2024-10-20,228.91666666666663,78,0.6141732283464567,0.6141732283464567,0.5511811023622047,0.36220472440944884,0.6299212598425197,0.5091863517060369,0.5500562429696287,0.6299212598425197,2024-10-21,0.6062992125984252,77.0,227.375
2024-10-21,227.375,77,0.6062992125984252,0.6062992125984252,0.6141732283464567,0.5511811023622047,0.6299212598425197,0.5905511811023624,0.546681664791901,0.6270341207349082,2024-10-22,0.5354330708661418,68.0,202.625
2024-10-22,202.625,68,0.5354330708661418,0.5354330708661418,0.6062992125984252,0.6141732283464567,0.5433070866141733,0.5853018372703415,0.5331833520809898,0.6249343832020997,2024-10-23,0.5905511811023622,75.0,221.29166666666663
2024-10-23,221.29166666666663,75,0.5905511811023622,0.5905511811023622,0.5354330708661418,0.6062992125984252,0.5196850393700787,0.5774278215223099,0.5399325084364455,0.6254593175853018,2024-10-24,0.5748031496062992,73.0,217.375
2024-10-24,217.375,73,0.5748031496062992,0.5748031496062992,0.5905511811023622,0.5354330708661418,0.36220472440944884,0.5669291338582678,0.5478065241844768,0.6262467191601051,2024-10-25,0.5511811023622047,70.0,208.95833333333331
2024-10-25,208.95833333333331,70,0.5511811023622047,0.5511811023622047,0.5748031496062992,0.5905511811023622,0.5511811023622047,0.5721784776902888,0.5748031496062992,0.6215223097112861,2024-10-26,0.5196850393700787,66.0,197.91666666666663
2024-10-26,197.91666666666663,66,0.5196850393700787,0.5196850393700787,0.5511811023622047,0.5748031496062992,0.6141732283464567,0.5485564304461944,0.5703037120359954,0.6146981627296587,2024-10-27,0.5354330708661418,68.0,201.0
2024-10-27,201.0,68,0.5354330708661418,0.5354330708661418,0.5196850393700787,0.5511811023622047,0.6062992125984252,0.5354330708661419,0.5590551181102361,0.6081364829396325,2024-10-28,0.5118110236220472,65.0,194.375
2024-10-28,194.375,65,0.5118110236220472,0.5118110236220472,0.5354330708661418,0.5196850393700787,0.5354330708661418,0.5223097112860894,0.545556805399325,0.6013123359580052,2024-10-29,0.3543307086614173,45.0,138.375
2024-10-29,138.375,45,0.3543307086614173,0.3543307086614173,0.5118110236220472,0.5354330708661418,0.5905511811023622,0.4671916010498689,0.5196850393700787,0.5892388451443569,2024-10-30,0.3858267716535433,49.0,148.16666666666666
2024-10-30,148.16666666666666,49,0.3858267716535433,0.3858267716535433,0.3543307086614173,0.5118110236220472,0.5748031496062992,0.41732283464566944,0.4904386951631045,0.578477690288714,2024-10-31,0.4015748031496063,51.0,154.83333333333334
2024-10-31,154.83333333333334,51,0.4015748031496063,0.4015748031496063,0.3858267716535433,0.3543307086614173,0.5511811023622047,0.38057742782152243,0.4656917885264341,0.569028871391076,2024-11-01,0.2204724409448819,28.0,90.70833333333331
2024-11-01,90.70833333333331,28,0.2204724409448819,0.2204724409448819,0.4015748031496063,0.3858267716535433,0.5196850393700787,0.335958005249344,0.41844769403824517,0.5538057742782152,2024-11-02,0.09448818897637795,12.0,45.91666666666666
2024-11-02,45.91666666666666,12,0.09448818897637795,0.09448818897637795,0.2204724409448819,0.4015748031496063,0.5354330708661418,0.2388451443569555,0.35770528683914504,0.5351706036745406,2024-11-03,0.23622047244094488,30.0,96.95833333333331
2024-11-03,96.95833333333331,30,0.23622047244094488,0.23622047244094488,0.09448818897637795,0.2204724409448819,0.5118110236220472,0.18372703412073507,0.3149606299212598,0.5204724409448819,2024-11-04,0.2283464566929134,29.0,93.20833333333331
2024-11-04,93.20833333333331,29,0.2283464566929134,0.2283464566929134,0.23622047244094488,0.09448818897637795,0.3543307086614173,0.18635170603674556,0.27446569178852637,0.5091863517060368,2024-11-05,0.36220472440944884,46.0,141.125
2024-11-05,141.125,46,0.36220472440944884,0.36220472440944884,0.2283464566929134,0.23622047244094488,0.3858267716535433,0.27559055118110254,0.27559055118110226,0.5007874015748032,2024-11-06,0.5354330708661418,68.0,202.16666666666663
2024-11-06,202.16666666666663,68,0.5354330708661418,0.5354330708661418,0.36220472440944884,0.2283464566929134,0.4015748031496063,0.37532808398950146,0.296962879640045,0.4979002624671916,2024-11-07,0.3228346456692913,41.0,126.95833333333331
2024-11-07,126.95833333333331,41,0.3228346456692913,0.3228346456692913,0.5354330708661418,0.36220472440944884,0.2204724409448819,0.40682414698162744,0.28571428571428564,0.4871391076115486,2024-11-08,0.29133858267716534,37.0,114.5
2024-11-08,114.5,37,0.29133858267716534,0.29133858267716534,0.3228346456692913,0.5354330708661418,0.09448818897637795,0.38320209973753294,0.29583802024746897,0.47506561679790027,2024-11-09,0.5196850393700787,66.0,195.66666666666663
2024-11-09,195.66666666666663,66,0.5196850393700787,0.5196850393700787,0.29133858267716534,0.3228346456692913,0.23622047244094488,0.377952755905512,0.3565804274465692,0.47139107611548553,2024-11-10,0.5118110236220472,65.0,192.79166666666663
2024-11-10,192.79166666666663,65,0.5118110236220472,0.5118110236220472,0.5196850393700787,0.29133858267716534,0.2283464566929134,0.4409448818897639,0.3959505061867266,0.4671916010498688,2024-11-11,0.5039370078740157,64.0,191.25
2024-11-11,191.25,64,0.5039370078740157,0.5039370078740157,0.5118110236220472,0.5196850393700787,0.36220472440944884,0.5118110236220473,0.43532058492688414,0.46272965879265093,2024-11-12,0.49606299212598426,63.0,187.29166666666663
2024-11-12,187.29166666666663,63,0.49606299212598426,0.49606299212598426,0.5039370078740157,0.5118110236220472,0.5354330708661418,0.5039370078740159,0.4544431946006749,0.458005249343832,2024-11-13,0.47244094488188976,60.0,179.33333333333334
2024-11-13,179.33333333333334,60,0.47244094488188976,0.47244094488188976,0.49606299212598426,0.5039370078740157,0.3228346456692913,0.4908136482939634,0.4454443194600674,0.452755905511811,2024-11-14,0.5196850393700787,66.0,197.95833333333331
2024-11-14,197.95833333333331,66,0.5196850393700787,0.5196850393700787,0.47244094488188976,0.49606299212598426,0.29133858267716534,0.4960629921259844,0.4735658042744656,0.44908136482939637,2024-11-15,0.5196850393700787,66.0,196.625
2024-11-15,196.625,66,0.5196850393700787,0.5196850393700787,0.5196850393700787,0.47244094488188976,0.5196850393700787,0.5039370078740159,0.5061867266591676,0.44829396325459314,2024-11-16,0.47244094488188976,60.0,180.04166666666666
2024-11-16,180.04166666666666,60,0.47244094488188976,0.47244094488188976,0.5196850393700787,0.5196850393700787,0.5118110236220472,0.5039370078740159,0.499437570303712,0.4467191601049869,2024-11-17,0.31496062992125984,40.0,124.08333333333331
2024-11-17,124.08333333333331,40,0.31496062992125984,0.31496062992125984,0.47244094488188976,0.5196850393700787,0.5039370078740157,0.4356955380577429,0.47131608548931375,0.44514435695538057,2024-11-18,0.2047244094488189,26.0,84.125
2024-11-18,84.125,26,0.2047244094488189,0.2047244094488189,0.31496062992125984,0.47244094488188976,0.49606299212598426,0.33070866141732297,0.42857142857142844,0.4335958005249344,2024-11-19,0.49606299212598426,63.0,189.41666666666663
2024-11-19,189.41666666666663,63,0.49606299212598426,0.49606299212598426,0.2047244094488189,0.31496062992125984,0.47244094488188976,0.33858267716535445,0.42857142857142844,0.42965879265091866,2024-11-20,0.5039370078740157,64.0,190.04166666666663
2024-11-20,190.04166666666663,64,0.5039370078740157,0.5039370078740157,0.49606299212598426,0.2047244094488189,0.5196850393700787,0.4015748031496065,0.4330708661417323,0.4262467191601049,2024-11-21,0.4881889763779528,62.0,185.54166666666663
2024-11-21,185.54166666666663,62,0.4881889763779528,0.4881889763779528,0.5039370078740157,0.49606299212598426,0.5196850393700787,0.4960629921259844,0.42857142857142855,0.4246719160104987,2024-11-22,0.47244094488188976,60.0,179.58333333333334
2024-11-22,179.58333333333334,60,0.47244094488188976,0.47244094488188976,0.4881889763779528,0.5039370078740157,0.47244094488188976,0.48818897637795294,0.42182227221597296,0.4207349081364829,2024-11-23,0.47244094488188976,60.0,180.41666666666663
2024-11-23,180.41666666666663,60,0.47244094488188976,0.47244094488188976,0.47244094488188976,0.4881889763779528,0.31496062992125984,0.47769028871391095,0.42182227221597296,0.4173228346456693,2024-11-24,0.3779527559055118,48.0,147.70833333333334
2024-11-24,147.70833333333334,48,0.3779527559055118,0.3779527559055118,0.47244094488188976,0.47244094488188976,0.2047244094488189,0.4409448818897639,0.43082114735658034,0.4115485564304462,2024-11-25,0.4330708661417323,55.0,166.45833333333334
2024-11-25,166.45833333333334,55,0.4330708661417323,0.4330708661417323,0.3779527559055118,0.47244094488188976,0.49606299212598426,0.42782152230971143,0.46344206974128227,0.4086614173228347,2024-11-26,0.4094488188976378,52.0,156.29166666666666
2024-11-26,156.29166666666666,52,0.4094488188976378,0.4094488188976378,0.4330708661417323,0.3779527559055118,0.5039370078740157,0.40682414698162744,0.4510686164229471,0.4044619422572178,2024-11-27,0.2992125984251969,38.0,117.58333333333331
2024-11-27,117.58333333333331,38,0.2992125984251969,0.2992125984251969,0.4094488188976378,0.4330708661417323,0.4881889763779528,0.38057742782152243,0.42182227221597296,0.3973753280839895,2024-11-28,0.2283464566929134,29.0,94.20833333333331
2024-11-28,94.20833333333331,29,0.2283464566929134,0.2283464566929134,0.2992125984251969,0.4094488188976378,0.47244094488188976,0.3123359580052495,0.3847019122609673,0.3931758530183727,2024-11-29,0.4330708661417323,55.0,167.0
2024-11-29,167.0,55,0.4330708661417323,0.4330708661417323,0.2283464566929134,0.2992125984251969,0.47244094488188976,0.320209973753281,0.3790776152980877,0.394750656167979,2024-11-30,0.3464566929133858,44.0,134.125
2024-11-30,134.125,44,0.3464566929133858,0.3464566929133858,0.4330708661417323,0.2283464566929134,0.3779527559055118,0.335958005249344,0.36107986501687284,0.3929133858267716,2024-12-01,0.33858267716535434,43.0,131.20833333333334
2024-12-01,131.20833333333334,43,0.33858267716535434,0.33858267716535434,0.3464566929133858,0.4330708661417323,0.4330708661417323,0.37270341207349095,0.3554555680539932,0.3968503937007874,2024-12-02,0.4251968503937008,54.0,162.83333333333334
2024-12-02,162.83333333333334,54,0.4251968503937008,0.4251968503937008,0.33858267716535434,0.3464566929133858,0.4094488188976378,0.3700787401574805,0.3543307086614173,0.4078740157480315,2024-12-03,0.2204724409448819,28.0,89.91666666666667
2024-12-03,89.91666666666667,28,0.2204724409448819,0.2204724409448819,0.4251968503937008,0.33858267716535434,0.2992125984251969,0.3280839895013125,0.32733408323959495,0.4073490813648294,2024-12-04,0.05511811023622047,7.0,32.166666666666664
2024-12-04,32.166666666666664,7,0.05511811023622047,0.05511811023622047,0.2204724409448819,0.4251968503937008,0.2283464566929134,0.23359580052493453,0.29246344206974123,0.4015748031496063,2024-12-05,0.07874015748031496,10.0,39.375
2024-12-05,39.375,10,0.07874015748031496,0.07874015748031496,0.05511811023622047,0.2204724409448819,0.4330708661417323,0.11811023622047258,0.2710911136107986,0.3921259842519685,2024-12-06,0.15748031496062992,20.0,67.08333333333333
2024-12-06,67.08333333333333,20,0.15748031496062992,0.15748031496062992,0.07874015748031496,0.05511811023622047,0.3464566929133858,0.09711286089238859,0.2317210348706411,0.37952755905511815,2024-12-07,0.015748031496062992,2.0,18.666666666666668
2024-12-07,18.666666666666668,2,0.015748031496062992,0.015748031496062992,0.15748031496062992,0.07874015748031496,0.33858267716535434,0.08398950131233611,0.18447694038245213,0.36929133858267715,2024-12-08,0.09448818897637795,12.0,45.875
2024-12-08,45.875,12,0.09448818897637795,0.09448818897637795,0.015748031496062992,0.15748031496062992,0.4251968503937008,0.08923884514435709,0.14960629921259835,0.3627296587926509,2024-12-09,0.44881889763779526,57.0,171.29166666666666
2024-12-09,171.29166666666666,57,0.44881889763779526,0.44881889763779526,0.09448818897637795,0.015748031496062992,0.2204724409448819,0.18635170603674553,0.15298087739032612,0.3603674540682415,2024-12-10,0.31496062992125984,40.0,122.91666666666669
2024-12-10,122.91666666666669,40,0.31496062992125984,0.31496062992125984,0.44881889763779526,0.09448818897637795,0.05511811023622047,0.28608923884514453,0.16647919010123727,0.3538057742782152,2024-12-11,0.4566929133858268,58.0,173.58333333333334
2024-12-11,173.58333333333334,58,0.4566929133858268,0.4566929133858268,0.31496062992125984,0.44881889763779526,0.07874015748031496,0.40682414698162744,0.22384701912260963,0.35223097112860896,2024-12-12,0.4015748031496063,51.0,155.79166666666666
2024-12-12,155.79166666666666,51,0.4015748031496063,0.4015748031496063,0.4566929133858268,0.31496062992125984,0.15748031496062992,0.3910761154855644,0.2699662542182227,0.3490813648293963,2024-12-13,0.07874015748031496,10.0,39.5
2024-12-13,39.5,10,0.07874015748031496,0.07874015748031496,0.4015748031496063,0.4566929133858268,0.015748031496062992,0.3123359580052495,0.2587176602924634,0.3359580052493438,2024-12-14,0.25196850393700787,32.0,102.08333333333331
2024-12-14,102.08333333333331,32,0.25196850393700787,0.25196850393700787,0.07874015748031496,0.4015748031496063,0.09448818897637795,0.24409448818897653,0.29246344206974123,0.3270341207349082,2024-12-15,0.18110236220472442,23.0,77.16666666666667
2024-12-15,77.16666666666667,23,0.18110236220472442,0.18110236220472442,0.25196850393700787,0.07874015748031496,0.44881889763779526,0.17060367454068256,0.30483689538807646,0.315748031496063,2024-12-16,0.2677165354330709,34.0,106.83333333333331
2024-12-16,106.83333333333331,34,0.2677165354330709,0.2677165354330709,0.18110236220472442,0.25196850393700787,0.31496062992125984,0.23359580052493456,0.27896512935883006,0.3089238845144357,2024-12-17,0.3228346456692913,41.0,126.125
2024-12-17,126.125,41,0.3228346456692913,0.3228346456692913,0.2677165354330709,0.18110236220472442,0.4566929133858268,0.257217847769029,0.280089988751406,0.30918635170603675,2024-12-18,0.36220472440944884,46.0,141.125
2024-12-18,141.125,46,0.36220472440944884,0.36220472440944884,0.3228346456692913,0.2677165354330709,0.4015748031496063,0.3175853018372705,0.2665916760404949,0.3144356955380578,2024-12-19,0.4330708661417323,55.0,165.70833333333334
2024-12-19,165.70833333333334,55,0.4330708661417323,0.4330708661417323,0.36220472440944884,0.3228346456692913,0.07874015748031496,0.37270341207349095,0.2710911136107986,0.3123359580052493,2024-12-20,0.4330708661417323,55.0,166.125
2024-12-20,166.125,55,0.4330708661417323,0.4330708661417323,0.4330708661417323,0.36220472440944884,0.25196850393700787,0.40944881889763796,0.32170978627671537,0.3099737532808399,2024-12-21,0.4251968503937008,54.0,164.45833333333334
2024-12-21,164.45833333333334,54,0.4251968503937008,0.4251968503937008,0.4330708661417323,0.4330708661417323,0.18110236220472442,0.4304461942257219,0.34645669291338577,0.30787401574803147,2024-12-22,0.3779527559055118,48.0,145.58333333333334
2024-12-22,145.58333333333334,48,0.3779527559055118,0.3779527559055118,0.4251968503937008,0.4330708661417323,0.2677165354330709,0.41207349081364847,0.37457817772778396,0.30472440944881896,2024-12-23,0.29133858267716534,37.0,116.20833333333331
2024-12-23,116.20833333333331,37,0.29133858267716534,0.29133858267716534,0.3779527559055118,0.4251968503937008,0.3228346456692913,0.3648293963254594,0.3779527559055117,0.29868766404199476,2024-12-24,0.15748031496062992,20.0,69.20833333333333
2024-12-24,69.20833333333333,20,0.15748031496062992,0.15748031496062992,0.29133858267716534,0.3779527559055118,0.36220472440944884,0.27559055118110254,0.35433070866141725,0.2913385826771654,2024-12-25,0.10236220472440945,13.0,48.0
2024-12-25,48.0,13,0.10236220472440945,0.10236220472440945,0.15748031496062992,0.29133858267716534,0.4330708661417323,0.18372703412073507,0.3172103487064116,0.28031496062992123,2024-12-26,0.2677165354330709,34.0,107.41666666666669
2024-12-26,107.41666666666669,34,0.2677165354330709,0.2677165354330709,0.10236220472440945,0.15748031496062992,0.4330708661417323,0.17585301837270353,0.2935883014623171,0.2755905511811024,2024-12-27,0.4094488188976378,52.0,158.79166666666666
2024-12-27,158.79166666666666,52,0.4094488188976378,0.4094488188976378,0.2677165354330709,0.10236220472440945,0.4251968503937008,0.2598425196850395,0.29021372328458933,0.27926509186351706,2024-12-28,0.33858267716535434,43.0,133.16666666666666
2024-12-28,133.16666666666666,43,0.33858267716535434,0.33858267716535434,0.4094488188976378,0.2677165354330709,0.3779527559055118,0.33858267716535445,0.27784026996625416,0.2829396325459318,2024-12-29,0.4015748031496063,51.0,155.83333333333334
2024-12-29,155.83333333333334,51,0.4015748031496063,0.4015748031496063,0.33858267716535434,0.4094488188976378,0.29133858267716534,0.38320209973753294,0.28121484814398195,0.28188976377952757,2024-12-30,0.4409448818897638,56.0,170.04166666666666
2024-12-30,170.04166666666666,56,0.4409448818897638,0.4409448818897638,0.4015748031496063,0.33858267716535434,0.15748031496062992,0.393700787401575,0.3025871766029246,0.28503937007874014,2024-12-31,0.44881889763779526,57.0,170.25
