data,ghi,ghi_quantizado,ghi_normalizado,ghi_t-1,ghi_t-2,ghi_t-3,ghi_t-7,ghi_media_movel_3d,ghi_media_movel_7d,ghi_media_movel_30d,data_alvo,ghi_alvo,ghi_alvo_quantizado,ghi_alvo_original
2019-01-31,152.33333333333334,47,0.3700787401574803,0.36220472440944884,0.2755905511811024,0.2204724409448819,0.36220472440944884,0.28608923884514437,0.3217097862767154,0.23517060367454068,2019-02-01,0.16535433070866143,21.0,71.95833333333333
2019-02-01,71.95833333333333,21,0.16535433070866143,0.3700787401574803,0.36220472440944884,0.2755905511811024,0.3700787401574803,0.3359580052493438,0.3228346456692913,0.23779527559055116,2019-02-02,0.08661417322834646,11.0,42.458333333333336
2019-02-02,42.458333333333336,11,0.08661417322834646,0.16535433070866143,0.3700787401574803,0.36220472440944884,0.2992125984251969,0.2992125984251969,0.2935883014623172,0.2335958005249344,2019-02-03,0.1968503937007874,25.0,82.79166666666667
2019-02-03,82.79166666666667,25,0.1968503937007874,0.08661417322834646,0.16535433070866143,0.3700787401574803,0.36220472440944884,0.2073490813648294,0.2632170978627672,0.22729658792650917,2019-02-04,0.31496062992125984,40.0,131.0
2019-02-04,131.0,40,0.31496062992125984,0.1968503937007874,0.08661417322834646,0.16535433070866143,0.2204724409448819,0.14960629921259844,0.23959505061867264,0.22598425196850394,2019-02-05,0.1889763779527559,24.0,80.0
2019-02-05,80.0,24,0.1889763779527559,0.31496062992125984,0.1968503937007874,0.08661417322834646,0.2755905511811024,0.19947506561679793,0.2530933633295838,0.23044619422572177,2019-02-06,0.2204724409448819,28.0,91.875
2019-02-06,91.875,28,0.2204724409448819,0.1889763779527559,0.31496062992125984,0.1968503937007874,0.36220472440944884,0.23359580052493437,0.24071991001124857,0.22965879265091865,2019-02-07,0.3700787401574803,47.0,149.83333333333334
2019-02-07,149.83333333333334,47,0.3700787401574803,0.2204724409448819,0.1889763779527559,0.31496062992125984,0.3700787401574803,0.2414698162729659,0.2204724409448819,0.2346456692913386,2019-02-08,0.4094488188976378,52.0,165.16666666666666
2019-02-08,165.16666666666666,52,0.4094488188976378,0.3700787401574803,0.2204724409448819,0.1889763779527559,0.16535433070866143,0.25984251968503935,0.22047244094488191,0.2425196850393701,2019-02-09,0.4015748031496063,51.0,162.58333333333334
2019-02-09,162.58333333333334,51,0.4015748031496063,0.4094488188976378,0.3700787401574803,0.2204724409448819,0.08661417322834646,0.3333333333333333,0.25534308211473566,0.25354330708661416,2019-02-10,0.4094488188976378,52.0,166.5
2019-02-10,166.5,52,0.4094488188976378,0.4015748031496063,0.4094488188976378,0.3700787401574803,0.1968503937007874,0.39370078740157477,0.30033745781777277,0.2566929133858268,2019-02-11,0.44881889763779526,57.0,182.625
2019-02-11,182.625,57,0.44881889763779526,0.4094488188976378,0.4015748031496063,0.4094488188976378,0.31496062992125984,0.40682414698162733,0.3307086614173228,0.2637795275590551,2019-02-12,0.29133858267716534,37.0,120.08333333333331
2019-02-12,120.08333333333331,37,0.29133858267716534,0.44881889763779526,0.4094488188976378,0.4015748031496063,0.1889763779527559,0.4199475065616798,0.3498312710911136,0.26876640419947506,2019-02-13,0.18110236220472442,23.0,77.20833333333333
2019-02-13,77.20833333333333,23,0.18110236220472442,0.29133858267716534,0.44881889763779526,0.4094488188976378,0.2204724409448819,0.3832020997375328,0.3644544431946007,0.2677165354330709,2019-02-14,0.1889763779527559,24.0,79.83333333333333
2019-02-14,79.83333333333333,24,0.1889763779527559,0.18110236220472442,0.29133858267716534,0.44881889763779526,0.3700787401574803,0.3070866141732283,0.35883014623172105,0.26614173228346455,2019-02-15,0.29133858267716534,37.0,119.625
2019-02-15,119.625,37,0.29133858267716534,0.1889763779527559,0.18110236220472442,0.29133858267716534,0.4094488188976378,0.22047244094488186,0.33295838020247465,0.26876640419947506,2019-02-16,0.25196850393700787,32.0,104.08333333333331
2019-02-16,104.08333333333331,32,0.25196850393700787,0.29133858267716534,0.1889763779527559,0.18110236220472442,0.4015748031496063,0.22047244094488186,0.3160854893138358,0.27296587926509186,2019-02-17,0.2440944881889764,31.0,101.33333333333331
2019-02-17,101.33333333333331,31,0.2440944881889764,0.25196850393700787,0.29133858267716534,0.1889763779527559,0.4094488188976378,0.2440944881889764,0.29471316085489313,0.27716535433070866,2019-02-18,0.3543307086614173,45.0,145.125
2019-02-18,145.125,45,0.3543307086614173,0.2440944881889764,0.25196850393700787,0.29133858267716534,0.44881889763779526,0.26246719160104987,0.27109111361079863,0.28110236220472445,2019-02-19,0.47244094488188976,60.0,189.875
2019-02-19,189.875,60,0.47244094488188976,0.3543307086614173,0.2440944881889764,0.25196850393700787,0.29133858267716534,0.28346456692913385,0.2575928008998875,0.2845144356955381,2019-02-20,0.2755905511811024,35.0,113.58333333333331
2019-02-20,113.58333333333331,35,0.2755905511811024,0.47244094488188976,0.3543307086614173,0.2440944881889764,0.18110236220472442,0.35695538057742776,0.28346456692913385,0.2939632545931758,2019-02-21,0.33070866141732286,42.0,135.625
2019-02-21,135.625,42,0.33070866141732286,0.2755905511811024,0.47244094488188976,0.3543307086614173,0.1889763779527559,0.3674540682414698,0.296962879640045,0.29973753280839893,2019-02-22,0.5118110236220472,65.0,206.95833333333331
2019-02-22,206.95833333333331,65,0.5118110236220472,0.33070866141732286,0.2755905511811024,0.47244094488188976,0.29133858267716534,0.3595800524934383,0.3172103487064117,0.3,2019-02-23,0.36220472440944884,46.0,147.08333333333334
2019-02-23,147.08333333333334,46,0.36220472440944884,0.5118110236220472,0.33070866141732286,0.2755905511811024,0.25196850393700787,0.37270341207349084,0.3487064116985377,0.30761154855643047,2019-02-24,0.25196850393700787,32.0,104.29166666666669
2019-02-24,104.29166666666669,32,0.25196850393700787,0.36220472440944884,0.5118110236220472,0.33070866141732286,0.2440944881889764,0.4015748031496063,0.3644544431946007,0.3076115485564304,2019-02-25,0.2677165354330709,34.0,111.375
2019-02-25,111.375,34,0.2677165354330709,0.25196850393700787,0.36220472440944884,0.5118110236220472,0.3543307086614173,0.3753280839895013,0.3655793025871766,0.3036745406824147,2019-02-26,0.4330708661417323,55.0,176.125
2019-02-26,176.125,55,0.4330708661417323,0.2677165354330709,0.25196850393700787,0.36220472440944884,0.47244094488188976,0.29396325459317585,0.3532058492688414,0.3026246719160105,2019-02-27,0.4566929133858268,58.0,185.125
2019-02-27,185.125,58,0.4566929133858268,0.4330708661417323,0.2677165354330709,0.25196850393700787,0.2755905511811024,0.31758530183727035,0.34758155230596177,0.30498687664041996,2019-02-28,0.5275590551181102,67.0,211.25
2019-02-28,211.25,67,0.5275590551181102,0.4566929133858268,0.4330708661417323,0.2677165354330709,0.33070866141732286,0.38582677165354334,0.3734533183352081,0.31286089238845144,2019-03-01,0.3858267716535433,49.0,156.20833333333334
2019-03-01,156.20833333333334,49,0.3858267716535433,0.5275590551181102,0.4566929133858268,0.4330708661417323,0.5118110236220472,0.4724409448818898,0.4015748031496063,0.32125984251968503,2019-03-02,0.2047244094488189,26.0,88.20833333333333
2019-03-02,88.20833333333333,26,0.2047244094488189,0.3858267716535433,0.5275590551181102,0.4566929133858268,0.36220472440944884,0.4566929133858267,0.38357705286839144,0.32204724409448815,2019-03-03,0.2992125984251969,38.0,122.04166666666669
2019-03-03,122.04166666666669,38,0.2992125984251969,0.2047244094488189,0.3858267716535433,0.5275590551181102,0.25196850393700787,0.37270341207349084,0.3610798650168729,0.3165354330708661,2019-03-04,0.3858267716535433,49.0,155.875
2019-03-04,155.875,49,0.3858267716535433,0.2992125984251969,0.2047244094488189,0.3858267716535433,0.2677165354330709,0.29658792650918636,0.3678290213723284,0.32099737532808403,2019-03-05,0.2125984251968504,27.0,90.04166666666667
2019-03-05,90.04166666666667,27,0.2125984251968504,0.3858267716535433,0.2992125984251969,0.2047244094488189,0.4330708661417323,0.29658792650918636,0.3847019122609674,0.3309711286089239,2019-03-06,0.4330708661417323,55.0,174.0
2019-03-06,174.0,55,0.4330708661417323,0.2125984251968504,0.3858267716535433,0.2992125984251969,0.4566929133858268,0.2992125984251968,0.3532058492688414,0.331496062992126,2019-03-07,0.4015748031496063,51.0,164.0
2019-03-07,164.0,51,0.4015748031496063,0.4330708661417323,0.2125984251968504,0.3858267716535433,0.5275590551181102,0.3438320209973753,0.34983127109111356,0.3354330708661417,2019-03-08,0.3700787401574803,47.0,150.66666666666666
2019-03-08,150.66666666666666,47,0.3700787401574803,0.4015748031496063,0.4330708661417323,0.2125984251968504,0.3858267716535433,0.3490813648293963,0.33183352080989875,0.3425196850393701,2019-03-09,0.3779527559055118,48.0,155.33333333333334
2019-03-09,155.33333333333334,48,0.3779527559055118,0.3700787401574803,0.4015748031496063,0.4330708661417323,0.2047244094488189,0.4015748031496063,0.32958380202474696,0.34750656167979,2019-03-10,0.2992125984251969,38.0,124.58333333333331
2019-03-10,124.58333333333331,38,0.2992125984251969,0.3779527559055118,0.3700787401574803,0.4015748031496063,0.2992125984251969,0.3832020997375329,0.3543307086614173,0.34776902887139105,2019-03-11,0.4409448818897638,56.0,179.29166666666666
2019-03-11,179.29166666666666,56,0.4409448818897638,0.2992125984251969,0.3779527559055118,0.3700787401574803,0.3858267716535433,0.3490813648293963,0.3543307086614173,0.34409448818897637,2019-03-12,0.3937007874015748,50.0,160.41666666666666
2019-03-12,160.41666666666666,50,0.3937007874015748,0.4409448818897638,0.2992125984251969,0.3779527559055118,0.2125984251968504,0.37270341207349084,0.3622047244094488,0.34540682414698165,2019-03-13,0.6377952755905512,81.0,254.375
2019-03-13,254.375,81,0.6377952755905512,0.3937007874015748,0.4409448818897638,0.2992125984251969,0.4330708661417323,0.3779527559055118,0.3880764904386952,0.3448818897637795,2019-03-14,0.6377952755905512,81.0,253.08333333333331
2019-03-14,253.08333333333331,81,0.6377952755905512,0.6377952755905512,0.3937007874015748,0.4409448818897638,0.4015748031496063,0.4908136482939633,0.4173228346456693,0.35118110236220473,2019-03-15,0.6456692913385826,82.0,256.8333333333333
2019-03-15,256.8333333333333,82,0.6456692913385826,0.6377952755905512,0.6377952755905512,0.3937007874015748,0.3700787401574803,0.5564304461942257,0.4510686164229471,0.3627296587926509,2019-03-16,0.6535433070866141,83.0,260.3333333333333
2019-03-16,260.3333333333333,83,0.6535433070866141,0.6456692913385826,0.6377952755905512,0.6377952755905512,0.3779527559055118,0.6404199475065616,0.49043869516310457,0.37821522309711286,2019-03-17,0.5826771653543307,74.0,232.95833333333331
2019-03-17,232.95833333333331,74,0.5826771653543307,0.6535433070866141,0.6456692913385826,0.6377952755905512,0.2992125984251969,0.6456692913385825,0.5298087739032621,0.3937007874015748,2019-03-18,0.6456692913385826,82.0,255.95833333333331
2019-03-18,255.95833333333331,82,0.6456692913385826,0.5826771653543307,0.6535433070866141,0.6456692913385826,0.4409448818897638,0.6272965879265091,0.5703037120359955,0.40341207349081365,2019-03-19,0.4881889763779528,62.0,195.5
2019-03-19,195.5,62,0.4881889763779528,0.6456692913385826,0.5826771653543307,0.6535433070866141,0.3937007874015748,0.6272965879265091,0.5995500562429695,0.41653543307086616,2019-03-20,0.3779527559055118,48.0,155.16666666666666
2019-03-20,155.16666666666666,48,0.3779527559055118,0.4881889763779528,0.6456692913385826,0.5826771653543307,0.6377952755905512,0.5721784776902886,0.6130483689538807,0.42467191601049864,2019-03-21,0.3700787401574803,47.0,150.66666666666666
2019-03-21,150.66666666666666,47,0.3700787401574803,0.3779527559055118,0.4881889763779528,0.6456692913385826,0.6377952755905512,0.5039370078740156,0.5759280089988751,0.42545931758530187,2019-03-22,0.44881889763779526,57.0,182.66666666666663
2019-03-22,182.66666666666663,57,0.44881889763779526,0.3700787401574803,0.3779527559055118,0.4881889763779528,0.6456692913385826,0.4120734908136483,0.5376827896512936,0.4220472440944882,2019-03-23,0.3937007874015748,50.0,161.125
2019-03-23,161.125,50,0.3937007874015748,0.44881889763779526,0.3700787401574803,0.3779527559055118,0.6535433070866141,0.39895013123359574,0.5095613048368953,0.4278215223097112,2019-03-24,0.6771653543307087,86.0,269.1666666666667
2019-03-24,269.1666666666667,86,0.6771653543307087,0.3937007874015748,0.44881889763779526,0.3700787401574803,0.5826771653543307,0.40419947506561676,0.4724409448818898,0.42992125984251967,2019-03-25,0.6141732283464567,78.0,245.20833333333331
2019-03-25,245.20833333333331,78,0.6141732283464567,0.6771653543307087,0.3937007874015748,0.44881889763779526,0.6456692913385826,0.5065616797900262,0.48593925759280093,0.43543307086614175,2019-03-26,0.4645669291338583,59.0,187.66666666666663
2019-03-26,187.66666666666663,59,0.4645669291338583,0.6141732283464567,0.6771653543307087,0.3937007874015748,0.4881889763779528,0.5616797900262467,0.48143982002249724,0.4438320209973753,2019-03-27,0.4409448818897638,56.0,179.41666666666666
2019-03-27,179.41666666666666,56,0.4409448818897638,0.4645669291338583,0.6141732283464567,0.6771653543307087,0.3779527559055118,0.5853018372703412,0.47806524184476945,0.4509186351706037,2019-03-28,0.5748031496062992,73.0,231.45833333333331
2019-03-28,231.45833333333331,73,0.5748031496062992,0.4409448818897638,0.4645669291338583,0.6141732283464567,0.3700787401574803,0.5065616797900262,0.4870641169853768,0.4566929133858268,2019-03-29,0.6692913385826772,85.0,267.5416666666667
2019-03-29,267.5416666666667,85,0.6692913385826772,0.5748031496062992,0.4409448818897638,0.4645669291338583,0.44881889763779526,0.49343832020997375,0.516310461192351,0.4614173228346457,2019-03-30,0.7007874015748031,89.0,279.125
2019-03-30,279.125,89,0.7007874015748031,0.6692913385826772,0.5748031496062992,0.4409448818897638,0.3937007874015748,0.5616797900262468,0.547806524184477,0.468503937007874,2019-03-31,0.7165354330708661,91.0,285.125
2019-03-31,285.125,91,0.7165354330708661,0.7007874015748031,0.6692913385826772,0.5748031496062992,0.6771653543307087,0.6482939632545932,0.591676040494938,0.4742782152230971,2019-04-01,0.4094488188976378,52.0,165.375
2019-04-01,165.375,52,0.4094488188976378,0.7165354330708661,0.7007874015748031,0.6692913385826772,0.6141732283464567,0.6955380577427821,0.5973003374578179,0.4853018372703412,2019-04-02,0.44881889763779526,57.0,180.16666666666663
2019-04-02,180.16666666666663,57,0.44881889763779526,0.4094488188976378,0.7165354330708661,0.7007874015748031,0.4645669291338583,0.6089238845144357,0.5680539932508436,0.4921259842519685,2019-04-03,0.6141732283464567,78.0,245.91666666666663
2019-04-03,245.91666666666663,78,0.6141732283464567,0.44881889763779526,0.4094488188976378,0.7165354330708661,0.4409448818897638,0.5249343832020997,0.5658042744656918,0.49711286089238843,2019-04-04,0.5196850393700787,66.0,207.41666666666663
2019-04-04,207.41666666666663,66,0.5196850393700787,0.6141732283464567,0.44881889763779526,0.4094488188976378,0.5748031496062992,0.4908136482939633,0.5905511811023622,0.5047244094488189,2019-04-05,0.29133858267716534,37.0,121.75
2019-04-05,121.75,37,0.29133858267716534,0.5196850393700787,0.6141732283464567,0.44881889763779526,0.6692913385826772,0.5275590551181102,0.5826771653543307,0.5149606299212599,2019-04-06,0.44881889763779526,57.0,182.29166666666663
2019-04-06,182.29166666666663,57,0.44881889763779526,0.29133858267716534,0.5196850393700787,0.6141732283464567,0.7007874015748031,0.4750656167979002,0.5286839145106861,0.5102362204724409,2019-04-07,0.7007874015748031,89.0,277.9166666666667
2019-04-07,277.9166666666667,89,0.7007874015748031,0.44881889763779526,0.29133858267716534,0.5196850393700787,0.7165354330708661,0.41994750656167973,0.49268841394825647,0.5118110236220472,2019-04-08,0.4881889763779528,62.0,197.95833333333331
2019-04-08,197.95833333333331,62,0.4881889763779528,0.7007874015748031,0.44881889763779526,0.29133858267716534,0.4094488188976378,0.48031496062992124,0.4904386951631046,0.5228346456692914,2019-04-09,0.5275590551181102,67.0,211.45833333333331
2019-04-09,211.45833333333331,67,0.5275590551181102,0.4881889763779528,0.7007874015748031,0.44881889763779526,0.44881889763779526,0.5459317585301837,0.5016872890888638,0.5265091863517061,2019-04-10,0.7716535433070866,98.0,306.9166666666667
2019-04-10,306.9166666666667,98,0.7716535433070866,0.5275590551181102,0.4881889763779528,0.7007874015748031,0.6141732283464567,0.5721784776902886,0.5129358830146231,0.5341207349081365,2019-04-11,0.4251968503937008,54.0,171.0
2019-04-11,171.0,54,0.4251968503937008,0.7716535433070866,0.5275590551181102,0.4881889763779528,0.5196850393700787,0.5958005249343832,0.5354330708661417,0.5451443569553805,2019-04-12,0.6692913385826772,85.0,266.6666666666667
2019-04-12,266.6666666666667,85,0.6692913385826772,0.4251968503937008,0.7716535433070866,0.5275590551181102,0.29133858267716534,0.5748031496062992,0.5219347581552306,0.5461942257217848,2019-04-13,0.7637795275590551,97.0,302.7916666666667
2019-04-13,302.7916666666667,97,0.7637795275590551,0.6692913385826772,0.4251968503937008,0.7716535433070866,0.44881889763779526,0.6220472440944882,0.5759280089988751,0.5472440944881889,2019-04-14,0.5511811023622047,70.0,221.33333333333331
2019-04-14,221.33333333333331,70,0.5511811023622047,0.7637795275590551,0.6692913385826772,0.4251968503937008,0.7007874015748031,0.6194225721784777,0.6209223847019122,0.5514435695538058,2019-04-15,0.4645669291338583,59.0,188.375
2019-04-15,188.375,59,0.4645669291338583,0.5511811023622047,0.7637795275590551,0.6692913385826772,0.4881889763779528,0.6614173228346457,0.5995500562429698,0.5482939632545932,2019-04-16,0.6535433070866141,83.0,261.2083333333333
2019-04-16,261.2083333333333,83,0.6535433070866141,0.4645669291338583,0.5511811023622047,0.7637795275590551,0.5275590551181102,0.5931758530183727,0.596175478065242,0.5419947506561679,2019-04-17,0.7874015748031497,100.0,311.9583333333333
2019-04-17,311.9583333333333,100,0.7874015748031497,0.6535433070866141,0.4645669291338583,0.5511811023622047,0.7716535433070866,0.5564304461942257,0.6141732283464567,0.5443569553805774,2019-04-18,0.8110236220472441,103.0,320.7916666666667
2019-04-18,320.7916666666667,103,0.8110236220472441,0.7874015748031497,0.6535433070866141,0.4645669291338583,0.4251968503937008,0.6351706036745406,0.6164229471316085,0.5490813648293963,2019-04-19,0.6771653543307087,86.0,270.3333333333333
2019-04-19,270.3333333333333,86,0.6771653543307087,0.8110236220472441,0.7874015748031497,0.6535433070866141,0.6692913385826772,0.7506561679790026,0.6715410573678291,0.5598425196850394,2019-04-20,0.5354330708661418,68.0,215.54166666666663
2019-04-20,215.54166666666663,68,0.5354330708661418,0.6771653543307087,0.8110236220472441,0.7874015748031497,0.7637795275590551,0.7585301837270341,0.6726659167604049,0.5698162729658792,2019-04-21,0.7244094488188977,92.0,287.7916666666667
2019-04-21,287.7916666666667,92,0.7244094488188977,0.5354330708661418,0.6771653543307087,0.8110236220472441,0.5511811023622047,0.6745406824146981,0.6400449943757031,0.5753280839895013,2019-04-22,0.84251968503937,107.0,333.1666666666667
2019-04-22,333.1666666666667,107,0.84251968503937,0.7244094488188977,0.5354330708661418,0.6771653543307087,0.4645669291338583,0.6456692913385828,0.6647919010123735,0.5845144356955381,2019-04-23,0.8188976377952756,104.0,323.1666666666667
2019-04-23,323.1666666666667,104,0.8188976377952756,0.84251968503937,0.7244094488188977,0.5354330708661418,0.6535433070866141,0.7007874015748031,0.718785151856018,0.5994750656167979,2019-04-24,0.7716535433070866,98.0,305.3333333333333
2019-04-24,305.3333333333333,98,0.7716535433070866,0.8188976377952756,0.84251968503937,0.7244094488188977,0.7874015748031497,0.7952755905511811,0.7424071991001125,0.6041994750656168,2019-04-25,0.8346456692913385,106.0,329.75
2019-04-25,329.75,106,0.8346456692913385,0.7716535433070866,0.8188976377952756,0.84251968503937,0.8110236220472441,0.8110236220472441,0.7401574803149605,0.6094488188976378,2019-04-26,0.8503937007874016,108.0,336.5416666666667
2019-04-26,336.5416666666667,108,0.8503937007874016,0.8346456692913385,0.7716535433070866,0.8188976377952756,0.6771653543307087,0.8083989501312336,0.7435320584926883,0.6217847769028871,2019-04-27,0.8582677165354331,109.0,338.1666666666667
2019-04-27,338.1666666666667,109,0.8582677165354331,0.8503937007874016,0.8346456692913385,0.7716535433070866,0.5354330708661418,0.8188976377952756,0.7682789651293589,0.6354330708661416,2019-04-28,0.8582677165354331,109.0,338.3333333333333
2019-04-28,338.3333333333333,109,0.8582677165354331,0.8582677165354331,0.8503937007874016,0.8346456692913385,0.7244094488188977,0.847769028871391,0.8143982002249718,0.6448818897637795,2019-04-29,0.8267716535433071,105.0,326.4583333333333
2019-04-29,326.4583333333333,105,0.8267716535433071,0.8582677165354331,0.8582677165354331,0.8503937007874016,0.84251968503937,0.8556430446194226,0.8335208098987626,0.6511811023622047,2019-04-30,0.28346456692913385,36.0,116.875
2019-04-30,116.875,36,0.28346456692913385,0.8267716535433071,0.8582677165354331,0.8582677165354331,0.8188976377952756,0.847769028871391,0.8312710911136109,0.6553805774278215,2019-05-01,0.8976377952755905,114.0,353.625
2019-05-01,353.625,114,0.8976377952755905,0.28346456692913385,0.8267716535433071,0.8582677165354331,0.7716535433070866,0.6561679790026247,0.7547806524184476,0.6409448818897637,2019-05-02,0.8740157480314961,111.0,347.0833333333333
2019-05-02,347.0833333333333,111,0.8740157480314961,0.8976377952755905,0.28346456692913385,0.8267716535433071,0.8346456692913385,0.6692913385826772,0.7727784026996626,0.6572178477690289,2019-05-03,0.8110236220472441,103.0,322.0416666666667
2019-05-03,322.0416666666667,103,0.8110236220472441,0.8740157480314961,0.8976377952755905,0.28346456692913385,0.8503937007874016,0.6850393700787402,0.7784026996625422,0.6713910761154855,2019-05-04,0.8661417322834646,110.0,341.7083333333333
2019-05-04,341.7083333333333,110,0.8661417322834646,0.8110236220472441,0.8740157480314961,0.8976377952755905,0.8582677165354331,0.8608923884514436,0.7727784026996625,0.6779527559055119,2019-05-05,0.7559055118110236,96.0,301.2916666666667
2019-05-05,301.2916666666667,96,0.7559055118110236,0.8661417322834646,0.8110236220472441,0.8740157480314961,0.8582677165354331,0.8503937007874015,0.7739032620922385,0.689501312335958,2019-05-06,0.7007874015748031,89.0,279.9583333333333
2019-05-06,279.9583333333333,89,0.7007874015748031,0.7559055118110236,0.8661417322834646,0.8110236220472441,0.8267716535433071,0.8110236220472441,0.7592800899887514,0.7049868766404199,2019-05-07,0.8582677165354331,109.0,338.5833333333333
2019-05-07,338.5833333333333,109,0.8582677165354331,0.7007874015748031,0.7559055118110236,0.8661417322834646,0.28346456692913385,0.7742782152230973,0.7412823397075365,0.7133858267716534,2019-05-08,0.8267716535433071,105.0,327.8333333333333
2019-05-08,327.8333333333333,105,0.8267716535433071,0.8582677165354331,0.7007874015748031,0.7559055118110236,0.8976377952755905,0.7716535433070866,0.8233970753655794,0.7186351706036744,2019-05-09,0.5905511811023622,75.0,236.91666666666663
2019-05-09,236.91666666666663,75,0.5905511811023622,0.8267716535433071,0.8582677165354331,0.7007874015748031,0.8740157480314961,0.795275590551181,0.8132733408323959,0.7299212598425197,2019-05-10,0.905511811023622,115.0,359.0416666666667
2019-05-10,359.0416666666667,115,0.905511811023622,0.5905511811023622,0.8267716535433071,0.8582677165354331,0.8110236220472441,0.7585301837270341,0.7727784026996625,0.7320209973753281,2019-05-11,0.905511811023622,115.0,357.2083333333333
2019-05-11,357.2083333333333,115,0.905511811023622,0.905511811023622,0.5905511811023622,0.8267716535433071,0.8661417322834646,0.774278215223097,0.7862767154105736,0.736482939632546,2019-05-12,0.8740157480314961,111.0,344.5833333333333
2019-05-12,344.5833333333333,111,0.8740157480314961,0.905511811023622,0.905511811023622,0.5905511811023622,0.7559055118110236,0.8005249343832022,0.7919010123734533,0.75249343832021,2019-05-13,0.8582677165354331,109.0,339.5833333333333
2019-05-13,339.5833333333333,109,0.8582677165354331,0.8740157480314961,0.905511811023622,0.905511811023622,0.7007874015748031,0.8950131233595799,0.8087739032620922,0.7593175853018372,2019-05-14,0.7480314960629921,95.0,297.4166666666667
2019-05-14,297.4166666666667,95,0.7480314960629921,0.8582677165354331,0.8740157480314961,0.905511811023622,0.8582677165354331,0.879265091863517,0.8312710911136109,0.7624671916010499,2019-05-15,0.3464566929133858,44.0,142.95833333333334
2019-05-15,142.95833333333334,44,0.3464566929133858,0.7480314960629921,0.8582677165354331,0.8740157480314961,0.8267716535433071,0.8267716535433071,0.8155230596175478,0.7690288713910761,2019-05-16,0.6141732283464567,78.0,244.66666666666663
2019-05-16,244.66666666666663,78,0.6141732283464567,0.3464566929133858,0.7480314960629921,0.8582677165354331,0.5905511811023622,0.6509186351706037,0.7469066366704162,0.7650918635170604,2019-05-17,0.6929133858267716,88.0,275.125
2019-05-17,275.125,88,0.6929133858267716,0.6141732283464567,0.3464566929133858,0.7480314960629921,0.905511811023622,0.5695538057742783,0.750281214848144,0.7637795275590551,2019-05-18,0.4645669291338583,59.0,187.91666666666663
2019-05-18,187.91666666666663,59,0.4645669291338583,0.6929133858267716,0.6141732283464567,0.3464566929133858,0.905511811023622,0.5511811023622047,0.7199100112485939,0.7606299212598425,2019-05-19,0.5905511811023622,75.0,237.54166666666663
2019-05-19,237.54166666666663,75,0.5905511811023622,0.4645669291338583,0.6929133858267716,0.6141732283464567,0.8740157480314961,0.5905511811023622,0.6569178852643419,0.7490813648293962,2019-05-20,0.9212598425196851,117.0,364.2083333333333
2019-05-20,364.2083333333333,117,0.9212598425196851,0.5905511811023622,0.4645669291338583,0.6929133858267716,0.8582677165354331,0.5826771653543307,0.6164229471316085,0.7461942257217848,2019-05-21,0.7007874015748031,89.0,279.9166666666667
2019-05-21,279.9166666666667,89,0.7007874015748031,0.9212598425196851,0.5905511811023622,0.4645669291338583,0.7480314960629921,0.6587926509186351,0.625421822272216,0.7590551181102362,2019-05-22,0.3937007874015748,50.0,158.91666666666666
2019-05-22,158.91666666666666,50,0.3937007874015748,0.7007874015748031,0.9212598425196851,0.5905511811023622,0.3464566929133858,0.7375328083989502,0.6186726659167604,0.7582677165354331,2019-05-23,0.2992125984251969,38.0,122.66666666666669
2019-05-23,122.66666666666669,38,0.2992125984251969,0.3937007874015748,0.7007874015748031,0.9212598425196851,0.6141732283464567,0.6719160104986877,0.625421822272216,0.7433070866141732,2019-05-24,0.6850393700787402,87.0,273.125
2019-05-24,273.125,87,0.6850393700787402,0.2992125984251969,0.3937007874015748,0.7007874015748031,0.6929133858267716,0.4645669291338583,0.5804274465691789,0.7259842519685039,2019-05-25,0.6141732283464567,78.0,246.58333333333331
2019-05-25,246.58333333333331,78,0.6141732283464567,0.6850393700787402,0.2992125984251969,0.3937007874015748,0.4645669291338583,0.45931758530183725,0.5793025871766029,0.7230971128608924,2019-05-26,0.4566929133858268,58.0,185.41666666666663
2019-05-26,185.41666666666663,58,0.4566929133858268,0.6141732283464567,0.6850393700787402,0.2992125984251969,0.5905511811023622,0.5328083989501312,0.6006749156355455,0.7157480314960629,2019-05-27,0.6377952755905512,81.0,254.04166666666663
2019-05-27,254.04166666666663,81,0.6377952755905512,0.4566929133858268,0.6141732283464567,0.6850393700787402,0.9212598425196851,0.5853018372703412,0.5815523059617548,0.7026246719160105,2019-05-28,0.3779527559055118,48.0,154.41666666666666
2019-05-28,154.41666666666666,48,0.3779527559055118,0.6377952755905512,0.4566929133858268,0.6141732283464567,0.7007874015748031,0.5695538057742783,0.5410573678290214,0.6952755905511812,2019-05-29,0.7874015748031497,100.0,312.6666666666667
2019-05-29,312.6666666666667,100,0.7874015748031497,0.3779527559055118,0.6377952755905512,0.4566929133858268,0.3937007874015748,0.4908136482939633,0.4949381327334083,0.679265091863517,2019-05-30,0.6535433070866141,83.0,260.6666666666667
2019-05-30,260.6666666666667,83,0.6535433070866141,0.7874015748031497,0.3779527559055118,0.6377952755905512,0.2992125984251969,0.6010498687664042,0.5511811023622047,0.6779527559055119,2019-05-31,0.7244094488188977,92.0,286.7083333333333
2019-05-31,286.7083333333333,92,0.7244094488188977,0.6535433070866141,0.7874015748031497,0.3779527559055118,0.6850393700787402,0.6062992125984251,0.6017997750281215,0.6902887139107612,2019-06-01,0.8818897637795275,112.0,348.5833333333333
2019-06-01,348.5833333333333,112,0.8818897637795275,0.7244094488188977,0.6535433070866141,0.7874015748031497,0.6141732283464567,0.7217847769028872,0.6074240719910012,0.684514435695538,2019-06-02,0.7795275590551181,99.0,308.3333333333333
2019-06-02,308.3333333333333,99,0.7795275590551181,0.8818897637795275,0.7244094488188977,0.6535433070866141,0.4566929133858268,0.7532808398950132,0.6456692913385826,0.6847769028871391,2019-06-03,0.8661417322834646,110.0,343.5
2019-06-03,343.5,110,0.8661417322834646,0.7795275590551181,0.8818897637795275,0.7244094488188977,0.6377952755905512,0.795275590551181,0.6917885264341957,0.6837270341207348,2019-06-04,0.8503937007874016,108.0,336.3333333333333
2019-06-04,336.3333333333333,108,0.8503937007874016,0.8661417322834646,0.7795275590551181,0.8818897637795275,0.3779527559055118,0.84251968503937,0.7244094488188976,0.683727034120735,2019-06-05,0.9133858267716536,116.0,359.7083333333333
2019-06-05,359.7083333333333,116,0.9133858267716536,0.8503937007874016,0.8661417322834646,0.7795275590551181,0.7874015748031497,0.8320209973753281,0.7919010123734533,0.6868766404199476,2019-06-06,0.9606299212598425,122.0,379.75
2019-06-06,379.75,122,0.9606299212598425,0.9133858267716536,0.8503937007874016,0.8661417322834646,0.6535433070866141,0.8766404199475066,0.8098987626546681,0.6939632545931759,2019-06-07,0.968503937007874,123.0,383.25
2019-06-07,383.25,123,0.968503937007874,0.9606299212598425,0.9133858267716536,0.8503937007874016,0.7244094488188977,0.9081364829396326,0.8537682789651294,0.6973753280839895,2019-06-08,1.0,127.0,393.3333333333333
2019-06-08,393.3333333333333,127,1.0,0.968503937007874,0.9606299212598425,0.9133858267716536,0.8818897637795275,0.9475065616797901,0.888638920134983,0.7020997375328084,2019-06-09,0.9606299212598425,122.0,380.4583333333333
2019-06-09,380.4583333333333,122,0.9606299212598425,1.0,0.968503937007874,0.9606299212598425,0.7795275590551181,0.9763779527559056,0.9055118110236221,0.7157480314960629,2019-06-10,0.952755905511811,121.0,377.4583333333333
2019-06-10,377.4583333333333,121,0.952755905511811,0.9606299212598425,1.0,0.968503937007874,0.8661417322834646,0.9763779527559054,0.9313835770528683,0.7175853018372703,2019-06-11,0.968503937007874,123.0,381.9583333333333
2019-06-11,381.9583333333333,123,0.968503937007874,0.952755905511811,0.9606299212598425,1.0,0.8503937007874016,0.9711286089238845,0.9437570303712036,0.7191601049868767,2019-06-12,0.7007874015748031,89.0,279.7083333333333
2019-06-12,279.7083333333333,89,0.7007874015748031,0.968503937007874,0.952755905511811,0.9606299212598425,0.9133858267716536,0.9606299212598425,0.9606299212598426,0.7223097112860892,2019-06-13,0.8740157480314961,111.0,344.4583333333333
2019-06-13,344.4583333333333,111,0.8740157480314961,0.7007874015748031,0.968503937007874,0.952755905511811,0.9606299212598425,0.874015748031496,0.9302587176602924,0.7170603674540682,2019-06-14,0.8976377952755905,114.0,354.1666666666667
2019-06-14,354.1666666666667,114,0.8976377952755905,0.8740157480314961,0.7007874015748031,0.968503937007874,0.968503937007874,0.847769028871391,0.9178852643419573,0.7212598425196849,2019-06-15,0.889763779527559,113.0,351.1666666666667
2019-06-15,351.1666666666667,113,0.889763779527559,0.8976377952755905,0.8740157480314961,0.7007874015748031,1.0,0.8241469816272966,0.9077615298087738,0.7396325459317585,2019-06-16,0.8503937007874016,108.0,336.1666666666667
2019-06-16,336.1666666666667,108,0.8503937007874016,0.889763779527559,0.8976377952755905,0.8740157480314961,0.9606299212598425,0.8871391076115485,0.8920134983127108,0.7488188976377953,2019-06-17,0.889763779527559,113.0,352.0
2019-06-17,352.0,113,0.889763779527559,0.8503937007874016,0.889763779527559,0.8976377952755905,0.952755905511811,0.879265091863517,0.8762654668166479,0.7540682414698163,2019-06-18,0.9606299212598425,122.0,380.0
2019-06-18,380.0,122,0.9606299212598425,0.889763779527559,0.8503937007874016,0.889763779527559,0.968503937007874,0.8766404199475065,0.8672665916760405,0.768241469816273,2019-06-19,0.9606299212598425,122.0,380.0
2019-06-19,380.0,122,0.9606299212598425,0.9606299212598425,0.889763779527559,0.8503937007874016,0.7007874015748031,0.9002624671916011,0.8661417322834646,0.7805774278215224,2019-06-20,0.9448818897637795,120.0,371.875
2019-06-20,371.875,120,0.9448818897637795,0.9606299212598425,0.9606299212598425,0.889763779527559,0.8740157480314961,0.937007874015748,0.9032620922384701,0.7818897637795276,2019-06-21,0.984251968503937,125.0,387.0
2019-06-21,387.0,125,0.984251968503937,0.9448818897637795,0.9606299212598425,0.9606299212598425,0.8976377952755905,0.9553805774278215,0.9133858267716535,0.7900262467191601,2019-06-22,0.984251968503937,125.0,387.7916666666667
2019-06-22,387.7916666666667,125,0.984251968503937,0.984251968503937,0.9448818897637795,0.9606299212598425,0.889763779527559,0.9632545931758529,0.9257592800899886,0.8097112860892389,2019-06-23,0.9763779527559056,124.0,384.2083333333333
2019-06-23,384.2083333333333,124,0.9763779527559056,0.984251968503937,0.984251968503937,0.9448818897637795,0.8503937007874016,0.9711286089238845,0.9392575928008998,0.8325459317585302,2019-06-24,0.9448818897637795,120.0,372.7916666666667
2019-06-24,372.7916666666667,120,0.9448818897637795,0.9763779527559056,0.984251968503937,0.984251968503937,0.889763779527559,0.9816272965879266,0.9572553430821147,0.842257217847769,2019-06-25,0.9606299212598425,122.0,380.0833333333333
2019-06-25,380.0833333333333,122,0.9606299212598425,0.9448818897637795,0.9763779527559056,0.984251968503937,0.9606299212598425,0.9685039370078741,0.9651293588301462,0.8532808398950131,2019-06-26,0.9763779527559056,124.0,383.9583333333333
2019-06-26,383.9583333333333,124,0.9763779527559056,0.9606299212598425,0.9448818897637795,0.9763779527559056,0.9606299212598425,0.9606299212598425,0.9651293588301462,0.8700787401574803,2019-06-27,0.9133858267716536,116.0,360.5
2019-06-27,360.5,116,0.9133858267716536,0.9763779527559056,0.9606299212598425,0.9448818897637795,0.9448818897637795,0.9606299212598425,0.9673790776152982,0.8813648293963254,2019-06-28,0.5196850393700787,66.0,210.20833333333331
2019-06-28,210.20833333333331,66,0.5196850393700787,0.9133858267716536,0.9763779527559056,0.9606299212598425,0.984251968503937,0.9501312335958007,0.9628796400449945,0.899212598425197,2019-06-29,0.84251968503937,107.0,333.2916666666667
2019-06-29,333.2916666666667,107,0.84251968503937,0.5196850393700787,0.9133858267716536,0.9763779527559056,0.984251968503937,0.8031496062992126,0.8965129358830147,0.8902887139107611,2019-06-30,0.937007874015748,119.0,369.9166666666667
2019-06-30,369.9166666666667,119,0.937007874015748,0.84251968503937,0.5196850393700787,0.9133858267716536,0.9763779527559056,0.7585301837270341,0.876265466816648,0.8965879265091863,2019-07-01,0.937007874015748,119.0,371.375
2019-07-01,371.375,119,0.937007874015748,0.937007874015748,0.84251968503937,0.5196850393700787,0.9448818897637795,0.7664041994750656,0.8706411698537683,0.9036745406824147,2019-07-02,0.9606299212598425,122.0,380.0
2019-07-02,380.0,122,0.9606299212598425,0.937007874015748,0.937007874015748,0.84251968503937,0.9606299212598425,0.9055118110236221,0.8695163104611924,0.905511811023622,2019-07-03,0.9606299212598425,122.0,379.0833333333333
2019-07-03,379.0833333333333,122,0.9606299212598425,0.9606299212598425,0.937007874015748,0.937007874015748,0.9763779527559056,0.9448818897637796,0.8695163104611924,0.9115485564304462,2019-07-04,0.9606299212598425,122.0,377.7083333333333
2019-07-04,377.7083333333333,122,0.9606299212598425,0.9606299212598425,0.9606299212598425,0.937007874015748,0.9133858267716536,0.952755905511811,0.8672665916760405,0.9146981627296588,2019-07-05,0.9133858267716536,116.0,360.2916666666667
2019-07-05,360.2916666666667,116,0.9133858267716536,0.9606299212598425,0.9606299212598425,0.9606299212598425,0.5196850393700787,0.9606299212598425,0.8740157480314961,0.9183727034120734,2019-07-06,0.937007874015748,119.0,371.25
2019-07-06,371.25,119,0.937007874015748,0.9133858267716536,0.9606299212598425,0.9606299212598425,0.84251968503937,0.9448818897637795,0.9302587176602924,0.9183727034120734,2019-07-07,0.7637795275590551,97.0,302.25
2019-07-07,302.25,97,0.7637795275590551,0.937007874015748,0.9133858267716536,0.9606299212598425,0.937007874015748,0.937007874015748,0.9437570303712036,0.9175853018372704,2019-07-08,0.937007874015748,119.0,371.3333333333333
2019-07-08,371.3333333333333,119,0.937007874015748,0.7637795275590551,0.937007874015748,0.9133858267716536,0.937007874015748,0.8713910761154855,0.9190101237345332,0.9107611548556431,2019-07-09,0.9291338582677166,118.0,367.0833333333333
2019-07-09,367.0833333333333,118,0.9291338582677166,0.937007874015748,0.7637795275590551,0.937007874015748,0.9606299212598425,0.879265091863517,0.9190101237345332,0.9086614173228347,2019-07-10,0.9291338582677166,118.0,366.5
2019-07-10,366.5,118,0.9291338582677166,0.9291338582677166,0.937007874015748,0.7637795275590551,0.9606299212598425,0.8766404199475065,0.9145106861642295,0.9076115485564303,2019-07-11,0.937007874015748,119.0,369.4166666666667
2019-07-11,369.4166666666667,119,0.937007874015748,0.9291338582677166,0.9291338582677166,0.937007874015748,0.9606299212598425,0.931758530183727,0.9100112485939258,0.9068241469816273,2019-07-12,0.8661417322834646,110.0,341.875
2019-07-12,341.875,110,0.8661417322834646,0.937007874015748,0.9291338582677166,0.9291338582677166,0.9133858267716536,0.931758530183727,0.906636670416198,0.905774278215223,2019-07-13,0.9448818897637795,120.0,373.9583333333333
2019-07-13,373.9583333333333,120,0.9448818897637795,0.8661417322834646,0.937007874015748,0.9291338582677166,0.937007874015748,0.910761154855643,0.8998875140607423,0.9112860892388451,2019-07-14,0.9448818897637795,120.0,373.2916666666667
2019-07-14,373.2916666666667,120,0.9448818897637795,0.9448818897637795,0.8661417322834646,0.937007874015748,0.7637795275590551,0.916010498687664,0.9010123734533183,0.9136482939632546,2019-07-15,0.937007874015748,119.0,371.0
2019-07-15,371.0,119,0.937007874015748,0.9448818897637795,0.9448818897637795,0.8661417322834646,0.937007874015748,0.9186351706036745,0.9268841394825647,0.9152230971128609,2019-07-16,0.8503937007874016,108.0,335.25
2019-07-16,335.25,108,0.8503937007874016,0.937007874015748,0.9448818897637795,0.9448818897637795,0.9291338582677166,0.942257217847769,0.9268841394825647,0.9167979002624672,2019-07-17,0.905511811023622,115.0,358.4166666666667
2019-07-17,358.4166666666667,115,0.905511811023622,0.8503937007874016,0.937007874015748,0.9448818897637795,0.9291338582677166,0.910761154855643,0.9156355455568054,0.9167979002624672,2019-07-18,0.9133858267716536,116.0,361.0416666666667
2019-07-18,361.0416666666667,116,0.9133858267716536,0.905511811023622,0.8503937007874016,0.937007874015748,0.937007874015748,0.8976377952755906,0.9122609673790777,0.9173228346456692,2019-07-19,0.9212598425196851,117.0,365.4166666666667
2019-07-19,365.4166666666667,117,0.9212598425196851,0.9133858267716536,0.905511811023622,0.8503937007874016,0.8661417322834646,0.8897637795275589,0.9088863892013498,0.915748031496063,2019-07-20,0.905511811023622,115.0,358.7083333333333
2019-07-20,358.7083333333333,115,0.905511811023622,0.9212598425196851,0.9133858267716536,0.905511811023622,0.9448818897637795,0.9133858267716536,0.9167604049493813,0.9144356955380578,2019-07-21,0.6850393700787402,87.0,272.125
2019-07-21,272.125,87,0.6850393700787402,0.905511811023622,0.9212598425196851,0.9133858267716536,0.9448818897637795,0.9133858267716536,0.9111361079865017,0.9131233595800524,2019-07-22,0.8503937007874016,108.0,335.5833333333333
2019-07-22,335.5833333333333,108,0.8503937007874016,0.6850393700787402,0.905511811023622,0.9212598425196851,0.937007874015748,0.8372703412073491,0.8740157480314961,0.9031496062992126,2019-07-23,0.7007874015748031,89.0,278.7916666666667
2019-07-23,278.7916666666667,89,0.7007874015748031,0.8503937007874016,0.6850393700787402,0.905511811023622,0.8503937007874016,0.8136482939632547,0.8616422947131609,0.8986876640419947,2019-07-24,0.8661417322834646,110.0,343.0
2019-07-24,343.0,110,0.8661417322834646,0.7007874015748031,0.8503937007874016,0.6850393700787402,0.905511811023622,0.7454068241469817,0.8402699662542182,0.889501312335958,2019-07-25,0.6692913385826772,85.0,265.3333333333333
2019-07-25,265.3333333333333,85,0.6692913385826772,0.8661417322834646,0.7007874015748031,0.8503937007874016,0.9133858267716536,0.8057742782152232,0.8346456692913385,0.8868766404199475,2019-07-26,0.49606299212598426,63.0,199.5
2019-07-26,199.5,63,0.49606299212598426,0.6692913385826772,0.8661417322834646,0.7007874015748031,0.9212598425196851,0.7454068241469817,0.7997750281214849,0.8771653543307086,2019-07-27,0.8818897637795275,112.0,347.9166666666667
2019-07-27,347.9166666666667,112,0.8818897637795275,0.49606299212598426,0.6692913385826772,0.8661417322834646,0.905511811023622,0.6771653543307087,0.7390326209223848,0.8611548556430447,2019-07-28,0.7559055118110236,96.0,300.2916666666667
2019-07-28,300.2916666666667,96,0.7559055118110236,0.8818897637795275,0.49606299212598426,0.6692913385826772,0.6850393700787402,0.6824146981627296,0.7356580427446568,0.8601049868766404,2019-07-29,0.9212598425196851,117.0,363.3333333333333
2019-07-29,363.3333333333333,117,0.9212598425196851,0.7559055118110236,0.8818897637795275,0.49606299212598426,0.8503937007874016,0.7112860892388451,0.7457817772778402,0.867979002624672,2019-07-30,0.9212598425196851,117.0,364.8333333333333
2019-07-30,364.8333333333333,117,0.9212598425196851,0.9212598425196851,0.7559055118110236,0.8818897637795275,0.7007874015748031,0.8530183727034121,0.7559055118110237,0.8706036745406824,2019-07-31,0.905511811023622,115.0,358.4166666666667
2019-07-31,358.4166666666667,115,0.905511811023622,0.9212598425196851,0.9212598425196851,0.7559055118110236,0.8661417322834646,0.8661417322834645,0.7874015748031497,0.8700787401574803,2019-08-01,0.8661417322834646,110.0,341.2083333333333
2019-08-01,341.2083333333333,110,0.8661417322834646,0.905511811023622,0.9212598425196851,0.9212598425196851,0.6692913385826772,0.916010498687664,0.7930258717660293,0.8690288713910762,2019-08-02,0.905511811023622,115.0,358.2083333333333
2019-08-02,358.2083333333333,115,0.905511811023622,0.8661417322834646,0.905511811023622,0.9212598425196851,0.49606299212598426,0.8976377952755904,0.8211473565804274,0.8658792650918635,2019-08-03,0.8976377952755905,114.0,353.75
2019-08-03,353.75,114,0.8976377952755905,0.905511811023622,0.8661417322834646,0.905511811023622,0.8818897637795275,0.8923884514435695,0.8796400449943756,0.8640419947506561,2019-08-04,0.8661417322834646,110.0,341.2916666666667
2019-08-04,341.2916666666667,110,0.8661417322834646,0.8976377952755905,0.905511811023622,0.8661417322834646,0.7559055118110236,0.8897637795275589,0.8818897637795275,0.8619422572178478,2019-08-05,0.6850393700787402,87.0,274.1666666666667
2019-08-05,274.1666666666667,87,0.6850393700787402,0.8661417322834646,0.8976377952755905,0.905511811023622,0.9212598425196851,0.8897637795275589,0.8976377952755905,0.8603674540682414,2019-08-06,0.7086614173228346,90.0,280.5416666666667
2019-08-06,280.5416666666667,90,0.7086614173228346,0.6850393700787402,0.8661417322834646,0.8976377952755905,0.9212598425196851,0.8162729658792651,0.8638920134983127,0.8519685039370078,2019-08-07,0.41732283464566927,53.0,169.875
2019-08-07,169.875,53,0.41732283464566927,0.7086614173228346,0.6850393700787402,0.8661417322834646,0.905511811023622,0.7532808398950132,0.8335208098987625,0.8501312335958005,2019-08-08,0.4566929133858268,58.0,185.79166666666663
2019-08-08,185.79166666666663,58,0.4566929133858268,0.41732283464566927,0.7086614173228346,0.6850393700787402,0.8661417322834646,0.6036745406824147,0.7637795275590552,0.8328083989501313,2019-08-09,0.7007874015748031,89.0,280.2916666666667
2019-08-09,280.2916666666667,89,0.7007874015748031,0.4566929133858268,0.41732283464566927,0.7086614173228346,0.905511811023622,0.5275590551181102,0.7052868391451069,0.8170603674540683,2019-08-10,0.7322834645669292,93.0,290.625
2019-08-10,290.625,93,0.7322834645669292,0.7007874015748031,0.4566929133858268,0.41732283464566927,0.8976377952755905,0.5249343832020997,0.6760404949381327,0.8094488188976378,2019-08-11,0.8582677165354331,109.0,339.0416666666667
2019-08-11,339.0416666666667,109,0.8582677165354331,0.7322834645669292,0.7007874015748031,0.4566929133858268,0.8661417322834646,0.6299212598425198,0.6524184476940382,0.8026246719160105,2019-08-12,0.8503937007874016,108.0,335.625
2019-08-12,335.625,108,0.8503937007874016,0.8582677165354331,0.7322834645669292,0.7007874015748031,0.6850393700787402,0.7637795275590551,0.6512935883014623,0.8023622047244096,2019-08-13,0.84251968503937,107.0,333.0833333333333
2019-08-13,333.0833333333333,107,0.84251968503937,0.8503937007874016,0.8582677165354331,0.7322834645669292,0.7086614173228346,0.8136482939632547,0.6749156355455568,0.7992125984251968,2019-08-14,0.8267716535433071,105.0,327.9166666666667
2019-08-14,327.9166666666667,105,0.8267716535433071,0.84251968503937,0.8503937007874016,0.8582677165354331,0.41732283464566927,0.8503937007874015,0.6940382452193476,0.7958005249343832,2019-08-15,0.8267716535433071,105.0,328.7083333333333
2019-08-15,328.7083333333333,105,0.8267716535433071,0.8267716535433071,0.84251968503937,0.8503937007874016,0.4566929133858268,0.8398950131233596,0.7525309336332959,0.7921259842519686,2019-08-16,0.8346456692913385,106.0,329.5416666666667
2019-08-16,329.5416666666667,106,0.8346456692913385,0.8267716535433071,0.8267716535433071,0.84251968503937,0.7007874015748031,0.8320209973753281,0.8053993250843644,0.7913385826771654,2019-08-17,0.84251968503937,107.0,332.625
2019-08-17,332.625,107,0.84251968503937,0.8346456692913385,0.8267716535433071,0.8267716535433071,0.7322834645669292,0.8293963254593176,0.8245219347581553,0.7889763779527559,2019-08-18,0.8267716535433071,105.0,326.6666666666667
2019-08-18,326.6666666666667,105,0.8267716535433071,0.84251968503937,0.8346456692913385,0.8267716535433071,0.8582677165354331,0.8346456692913385,0.8402699662542182,0.7866141732283464,2019-08-19,0.8110236220472441,103.0,322.375
2019-08-19,322.375,103,0.8110236220472441,0.8267716535433071,0.84251968503937,0.8346456692913385,0.8503937007874016,0.8346456692913385,0.8357705286839144,0.7834645669291338,2019-08-20,0.8188976377952756,104.0,323.2916666666667
2019-08-20,323.2916666666667,104,0.8188976377952756,0.8110236220472441,0.8267716535433071,0.84251968503937,0.84251968503937,0.8267716535433071,0.830146231721035,0.7803149606299212,2019-08-21,0.7086614173228346,90.0,281.9583333333333
2019-08-21,281.9583333333333,90,0.7086614173228346,0.8188976377952756,0.8110236220472441,0.8267716535433071,0.8267716535433071,0.8188976377952756,0.8267716535433071,0.784776902887139,2019-08-22,0.7874015748031497,100.0,310.9166666666667
2019-08-22,310.9166666666667,100,0.7874015748031497,0.7086614173228346,0.8188976377952756,0.8110236220472441,0.8267716535433071,0.7795275590551182,0.8098987626546681,0.7800524934383203,2019-08-23,0.7795275590551181,99.0,309.5
2019-08-23,309.5,99,0.7795275590551181,0.7874015748031497,0.7086614173228346,0.8188976377952756,0.8346456692913385,0.7716535433070866,0.8042744656917885,0.7829396325459317,2019-08-24,0.7795275590551181,99.0,309.0416666666667
2019-08-24,309.0416666666667,99,0.7795275590551181,0.7795275590551181,0.7874015748031497,0.7086614173228346,0.84251968503937,0.7585301837270341,0.796400449943757,0.7800524934383203,2019-08-25,0.7874015748031497,100.0,313.375
2019-08-25,313.375,100,0.7874015748031497,0.7795275590551181,0.7795275590551181,0.7874015748031497,0.8267716535433071,0.7821522309711285,0.7874015748031497,0.783727034120735,2019-08-26,0.7874015748031497,100.0,312.3333333333333
2019-08-26,312.3333333333333,100,0.7874015748031497,0.7874015748031497,0.7795275590551181,0.7795275590551181,0.8110236220472441,0.7821522309711287,0.78177727784027,0.7934383202099737,2019-08-27,0.7637795275590551,97.0,304.2916666666667
2019-08-27,304.2916666666667,97,0.7637795275590551,0.7874015748031497,0.7874015748031497,0.7795275590551181,0.8188976377952756,0.7847769028871392,0.7784026996625422,0.7902887139107613,2019-08-28,0.6692913385826772,85.0,267.1666666666667
2019-08-28,267.1666666666667,85,0.6692913385826772,0.7637795275590551,0.7874015748031497,0.7874015748031497,0.7086614173228346,0.7795275590551182,0.7705286839145107,0.7905511811023621,2019-08-29,0.7637795275590551,97.0,303.75
2019-08-29,303.75,97,0.7637795275590551,0.6692913385826772,0.7637795275590551,0.7874015748031497,0.7874015748031497,0.7401574803149606,0.764904386951631,0.7821522309711285,2019-08-30,0.7874015748031497,100.0,312.0
2019-08-30,312.0,100,0.7874015748031497,0.7637795275590551,0.6692913385826772,0.7637795275590551,0.7795275590551181,0.7322834645669292,0.7615298087739033,0.7769028871391075,2019-08-31,0.7874015748031497,100.0,310.7916666666667
2019-08-31,310.7916666666667,100,0.7874015748031497,0.7874015748031497,0.7637795275590551,0.6692913385826772,0.7795275590551181,0.7401574803149606,0.7626546681664792,0.7729658792650919,2019-09-01,0.7559055118110236,96.0,300.8333333333333
2019-09-01,300.8333333333333,96,0.7559055118110236,0.7874015748031497,0.7874015748031497,0.7637795275590551,0.7874015748031497,0.7795275590551182,0.7637795275590552,0.7703412073490814,2019-09-02,0.7165354330708661,91.0,286.1666666666667
2019-09-02,286.1666666666667,91,0.7165354330708661,0.7559055118110236,0.7874015748031497,0.7874015748031497,0.7874015748031497,0.7769028871391077,0.7592800899887514,0.7653543307086613,2019-09-03,0.7322834645669292,93.0,290.9166666666667
2019-09-03,290.9166666666667,93,0.7322834645669292,0.7165354330708661,0.7559055118110236,0.7874015748031497,0.7637795275590551,0.7532808398950132,0.749156355455568,0.7593175853018372,2019-09-04,0.5669291338582677,72.0,226.125
2019-09-04,226.125,72,0.5669291338582677,0.7322834645669292,0.7165354330708661,0.7559055118110236,0.6692913385826772,0.7349081364829396,0.7446569178852644,0.7548556430446194,2019-09-05,0.25196850393700787,32.0,106.70833333333331
2019-09-05,106.70833333333331,32,0.25196850393700787,0.5669291338582677,0.7322834645669292,0.7165354330708661,0.7637795275590551,0.6719160104986877,0.7300337457817774,0.7509186351706035,2019-09-06,0.7086614173228346,90.0,282.2916666666667
2019-09-06,282.2916666666667,90,0.7086614173228346,0.25196850393700787,0.5669291338582677,0.7322834645669292,0.7874015748031497,0.5170603674540682,0.6569178852643419,0.7356955380577427,2019-09-07,0.5826771653543307,74.0,233.625
2019-09-07,233.625,74,0.5826771653543307,0.7086614173228346,0.25196850393700787,0.5669291338582677,0.7874015748031497,0.5091863517060368,0.6456692913385826,0.7454068241469816,2019-09-08,0.6850393700787402,87.0,272.0416666666667
2019-09-08,272.0416666666667,87,0.6850393700787402,0.5826771653543307,0.7086614173228346,0.25196850393700787,0.7559055118110236,0.5144356955380577,0.6164229471316085,0.7496062992125984,2019-09-09,0.6692913385826772,85.0,265.4166666666667
2019-09-09,265.4166666666667,85,0.6692913385826772,0.6850393700787402,0.5826771653543307,0.7086614173228346,0.7165354330708661,0.6587926509186351,0.6062992125984252,0.7490813648293962,2019-09-10,0.6771653543307087,86.0,270.625
2019-09-10,270.625,86,0.6771653543307087,0.6692913385826772,0.6850393700787402,0.5826771653543307,0.7322834645669292,0.6456692913385826,0.5995500562429695,0.7469816272965879,2019-09-11,0.7007874015748031,89.0,279.8333333333333
2019-09-11,279.8333333333333,89,0.7007874015748031,0.6771653543307087,0.6692913385826772,0.6850393700787402,0.5669291338582677,0.6771653543307087,0.591676040494938,0.7409448818897637,2019-09-12,0.7007874015748031,89.0,279.0416666666667
2019-09-12,279.0416666666667,89,0.7007874015748031,0.7007874015748031,0.6771653543307087,0.6692913385826772,0.25196850393700787,0.6824146981627296,0.6107986501687289,0.7359580052493438,2019-09-13,0.7007874015748031,89.0,277.25
2019-09-13,277.25,89,0.7007874015748031,0.7007874015748031,0.7007874015748031,0.6771653543307087,0.7086614173228346,0.6929133858267716,0.6749156355455568,0.7312335958005249,2019-09-14,0.6929133858267716,88.0,275.5416666666667
2019-09-14,275.5416666666667,88,0.6929133858267716,0.7007874015748031,0.7007874015748031,0.7007874015748031,0.5826771653543307,0.7007874015748031,0.673790776152981,0.7270341207349081,2019-09-15,0.4330708661417323,55.0,174.625
2019-09-15,174.625,55,0.4330708661417323,0.6929133858267716,0.7007874015748031,0.7007874015748031,0.6850393700787402,0.6981627296587926,0.689538807649044,0.7225721784776903,2019-09-16,0.5511811023622047,70.0,220.25
2019-09-16,220.25,70,0.5511811023622047,0.4330708661417323,0.6929133858267716,0.7007874015748031,0.6692913385826772,0.6089238845144357,0.6535433070866141,0.7091863517060368,2019-09-17,0.6771653543307087,86.0,270.5833333333333
2019-09-17,270.5833333333333,86,0.6771653543307087,0.5511811023622047,0.4330708661417323,0.6929133858267716,0.6771653543307087,0.5590551181102362,0.6366704161979753,0.699475065616798,2019-09-18,0.28346456692913385,36.0,116.16666666666669
2019-09-18,116.16666666666669,36,0.28346456692913385,0.6771653543307087,0.5511811023622047,0.4330708661417323,0.7007874015748031,0.5538057742782153,0.6366704161979753,0.6944881889763779,2019-09-19,0.3858267716535433,49.0,155.79166666666666
2019-09-19,155.79166666666666,49,0.3858267716535433,0.28346456692913385,0.6771653543307087,0.5511811023622047,0.7007874015748031,0.5039370078740157,0.5770528683914511,0.6769028871391076,2019-09-20,0.6535433070866141,83.0,259.375
2019-09-20,259.375,83,0.6535433070866141,0.3858267716535433,0.28346456692913385,0.6771653543307087,0.7007874015748031,0.4488188976377953,0.532058492688414,0.6624671916010498,2019-09-21,0.6535433070866141,83.0,259.4583333333333
2019-09-21,259.4583333333333,83,0.6535433070866141,0.6535433070866141,0.3858267716535433,0.28346456692913385,0.6929133858267716,0.4409448818897637,0.5253093363329583,0.6606299212598424,2019-09-22,0.5039370078740157,64.0,203.16666666666663
2019-09-22,203.16666666666663,64,0.5039370078740157,0.6535433070866141,0.6535433070866141,0.3858267716535433,0.4330708661417323,0.5643044619422573,0.5196850393700787,0.6561679790026247,2019-09-23,0.6377952755905512,81.0,253.25
2019-09-23,253.25,81,0.6377952755905512,0.5039370078740157,0.6535433070866141,0.6535433070866141,0.5511811023622047,0.6036745406824147,0.5298087739032621,0.6469816272965879,2019-09-24,0.6141732283464567,78.0,246.41666666666663
2019-09-24,246.41666666666663,78,0.6141732283464567,0.6377952755905512,0.5039370078740157,0.6535433070866141,0.6771653543307087,0.5984251968503936,0.5421822272215973,0.642257217847769,2019-09-25,0.6141732283464567,78.0,245.41666666666663
2019-09-25,245.41666666666663,78,0.6141732283464567,0.6141732283464567,0.6377952755905512,0.5039370078740157,0.28346456692913385,0.5853018372703412,0.5331833520809899,0.6364829396325459,2019-09-26,0.6141732283464567,78.0,245.70833333333331
2019-09-26,245.70833333333331,78,0.6141732283464567,0.6141732283464567,0.6141732283464567,0.6377952755905512,0.3858267716535433,0.6220472440944883,0.5804274465691789,0.6307086614173227,2019-09-27,0.5984251968503937,76.0,238.75
2019-09-27,238.75,76,0.5984251968503937,0.6141732283464567,0.6141732283464567,0.6141732283464567,0.6535433070866141,0.6141732283464567,0.6130483689538807,0.625721784776903,2019-09-28,0.5196850393700787,66.0,208.91666666666663
2019-09-28,208.91666666666663,66,0.5196850393700787,0.5984251968503937,0.6141732283464567,0.6141732283464567,0.6535433070866141,0.6089238845144358,0.6051743532058493,0.6233595800524935,2019-09-29,0.3700787401574803,47.0,149.5
2019-09-29,149.5,47,0.3700787401574803,0.5196850393700787,0.5984251968503937,0.6141732283464567,0.5039370078740157,0.5774278215223098,0.5860517435320585,0.6152230971128608,2019-09-30,0.3779527559055118,48.0,154.79166666666666
2019-09-30,154.79166666666666,48,0.3779527559055118,0.3700787401574803,0.5196850393700787,0.5984251968503937,0.6377952755905512,0.49606299212598426,0.5669291338582677,0.6013123359580052,2019-10-01,0.5905511811023622,75.0,236.66666666666663
2019-10-01,236.66666666666663,75,0.5905511811023622,0.3779527559055118,0.3700787401574803,0.5196850393700787,0.6141732283464567,0.4225721784776903,0.5298087739032622,0.5876640419947506,2019-10-02,0.6062992125984252,77.0,242.33333333333331
2019-10-02,242.33333333333331,77,0.6062992125984252,0.5905511811023622,0.3779527559055118,0.3700787401574803,0.6141732283464567,0.4461942257217848,0.5264341957255343,0.5821522309711287,2019-10-03,0.5826771653543307,74.0,232.58333333333331
2019-10-03,232.58333333333331,74,0.5826771653543307,0.6062992125984252,0.5905511811023622,0.3779527559055118,0.6141732283464567,0.5249343832020997,0.5253093363329583,0.578477690288714,2019-10-04,0.5826771653543307,74.0,233.66666666666663
2019-10-04,233.66666666666663,74,0.5826771653543307,0.5826771653543307,0.6062992125984252,0.5905511811023622,0.5984251968503937,0.5931758530183727,0.5208098987626546,0.5734908136482939,2019-10-05,0.5748031496062992,73.0,228.58333333333331
2019-10-05,228.58333333333331,73,0.5748031496062992,0.5826771653543307,0.5826771653543307,0.6062992125984252,0.5196850393700787,0.5905511811023623,0.5185601799775028,0.574015748031496,2019-10-06,0.5748031496062992,73.0,229.25
2019-10-06,229.25,73,0.5748031496062992,0.5748031496062992,0.5826771653543307,0.5826771653543307,0.3700787401574803,0.5800524934383202,0.5264341957255343,0.5847769028871391,2019-10-07,0.5118110236220472,65.0,204.45833333333331
2019-10-07,204.45833333333331,65,0.5118110236220472,0.5748031496062992,0.5748031496062992,0.5826771653543307,0.3779527559055118,0.5774278215223098,0.5556805399325084,0.5803149606299213,2019-10-08,0.5118110236220472,65.0,205.83333333333331
2019-10-08,205.83333333333331,65,0.5118110236220472,0.5118110236220472,0.5748031496062992,0.5748031496062992,0.5905511811023622,0.5538057742782153,0.5748031496062992,0.5779527559055119,2019-10-09,0.5748031496062992,73.0,229.375
2019-10-09,229.375,73,0.5748031496062992,0.5118110236220472,0.5118110236220472,0.5748031496062992,0.6062992125984252,0.5328083989501312,0.5635545556805399,0.5721784776902886,2019-10-10,0.5748031496062992,73.0,229.625
2019-10-10,229.625,73,0.5748031496062992,0.5748031496062992,0.5118110236220472,0.5118110236220472,0.5826771653543307,0.5328083989501312,0.5590551181102362,0.569028871391076,2019-10-11,0.5590551181102362,71.0,222.58333333333331
2019-10-11,222.58333333333331,71,0.5590551181102362,0.5748031496062992,0.5748031496062992,0.5118110236220472,0.5826771653543307,0.5538057742782152,0.5579302587176603,0.5656167979002624,2019-10-12,0.5433070866141733,69.0,218.45833333333331
2019-10-12,218.45833333333331,69,0.5433070866141733,0.5590551181102362,0.5748031496062992,0.5748031496062992,0.5748031496062992,0.5695538057742783,0.5545556805399324,0.5608923884514436,2019-10-13,0.4645669291338583,59.0,188.16666666666663
2019-10-13,188.16666666666663,59,0.4645669291338583,0.5433070866141733,0.5590551181102362,0.5748031496062992,0.5748031496062992,0.5590551181102362,0.5500562429696287,0.5556430446194226,2019-10-14,0.5275590551181102,67.0,212.75
2019-10-14,212.75,67,0.5275590551181102,0.4645669291338583,0.5433070866141733,0.5590551181102362,0.5118110236220472,0.5223097112860894,0.5343082114735658,0.5477690288713911,2019-10-15,0.5196850393700787,66.0,209.66666666666663
2019-10-15,209.66666666666663,66,0.5196850393700787,0.5275590551181102,0.4645669291338583,0.5433070866141733,0.5118110236220472,0.5118110236220473,0.5365579302587177,0.542257217847769,2019-10-16,0.30708661417322836,39.0,125.75
2019-10-16,125.75,39,0.30708661417322836,0.5196850393700787,0.5275590551181102,0.4645669291338583,0.5748031496062992,0.5039370078740157,0.5376827896512936,0.5451443569553805,2019-10-17,0.4566929133858268,58.0,183.08333333333331
2019-10-17,183.08333333333331,58,0.4566929133858268,0.30708661417322836,0.5196850393700787,0.5275590551181102,0.5748031496062992,0.45144356955380577,0.499437570303712,0.537007874015748,2019-10-18,0.4881889763779528,62.0,195.29166666666663
2019-10-18,195.29166666666663,62,0.4881889763779528,0.4566929133858268,0.30708661417322836,0.5196850393700787,0.5590551181102362,0.4278215223097113,0.4825646794150731,0.5296587926509185,2019-10-19,0.25196850393700787,32.0,105.91666666666669
2019-10-19,105.91666666666669,32,0.25196850393700787,0.4881889763779528,0.4566929133858268,0.30708661417322836,0.5433070866141733,0.4173228346456694,0.47244094488188976,0.5364829396325459,2019-10-20,0.47244094488188976,60.0,190.54166666666663
2019-10-20,190.54166666666663,60,0.47244094488188976,0.25196850393700787,0.4881889763779528,0.4566929133858268,0.4645669291338583,0.39895013123359585,0.43082114735658045,0.532020997375328,2019-10-21,0.48031496062992124,61.0,193.625
2019-10-21,193.625,61,0.48031496062992124,0.47244094488188976,0.25196850393700787,0.4881889763779528,0.5275590551181102,0.4041994750656168,0.43194600674915634,0.525984251968504,2019-10-22,0.47244094488188976,60.0,190.375
2019-10-22,190.375,60,0.47244094488188976,0.48031496062992124,0.47244094488188976,0.25196850393700787,0.5196850393700787,0.4015748031496063,0.4251968503937008,0.5202099737532808,2019-10-23,0.4645669291338583,59.0,188.08333333333331
2019-10-23,188.08333333333331,59,0.4645669291338583,0.47244094488188976,0.48031496062992124,0.47244094488188976,0.30708661417322836,0.4750656167979003,0.4184476940382452,0.5191601049868767,2019-10-24,0.4330708661417323,55.0,176.04166666666666
2019-10-24,176.04166666666666,55,0.4330708661417323,0.4645669291338583,0.47244094488188976,0.48031496062992124,0.4566929133858268,0.4724409448818898,0.44094488188976383,0.5133858267716536,2019-10-25,0.4645669291338583,59.0,186.04166666666663
2019-10-25,186.04166666666663,59,0.4645669291338583,0.4330708661417323,0.4645669291338583,0.47244094488188976,0.4881889763779528,0.4566929133858268,0.437570303712036,0.5073490813648294,2019-10-26,0.4566929133858268,58.0,185.25
2019-10-26,185.25,58,0.4566929133858268,0.4645669291338583,0.4330708661417323,0.4645669291338583,0.25196850393700787,0.45406824146981634,0.4341957255343082,0.5023622047244094,2019-10-27,0.4645669291338583,59.0,186.625
2019-10-27,186.625,59,0.4645669291338583,0.4566929133858268,0.4645669291338583,0.4330708661417323,0.47244094488188976,0.45144356955380577,0.4634420697412823,0.4971128608923884,2019-10-28,0.4409448818897638,56.0,179.04166666666666
2019-10-28,179.04166666666666,56,0.4409448818897638,0.4645669291338583,0.4566929133858268,0.4645669291338583,0.48031496062992124,0.4619422572178478,0.46231721034870643,0.49265091863517063,2019-10-29,0.4645669291338583,59.0,187.91666666666663
2019-10-29,187.91666666666663,59,0.4645669291338583,0.4409448818897638,0.4645669291338583,0.4566929133858268,0.47244094488188976,0.45406824146981634,0.4566929133858268,0.49002624671916006,2019-10-30,0.4566929133858268,58.0,183.79166666666663
2019-10-30,183.79166666666663,58,0.4566929133858268,0.4645669291338583,0.4409448818897638,0.4645669291338583,0.4645669291338583,0.4566929133858268,0.45556805399325084,0.4931758530183727,2019-10-31,0.4409448818897638,56.0,179.70833333333334
2019-10-31,179.70833333333334,56,0.4409448818897638,0.4566929133858268,0.4645669291338583,0.4409448818897638,0.4330708661417323,0.45406824146981634,0.4544431946006749,0.4958005249343832,2019-11-01,0.41732283464566927,53.0,170.5
2019-11-01,170.5,53,0.41732283464566927,0.4409448818897638,0.4566929133858268,0.4645669291338583,0.4645669291338583,0.45406824146981634,0.45556805399325084,0.4908136482939633,2019-11-02,0.4251968503937008,54.0,171.29166666666666
2019-11-02,171.29166666666666,54,0.4251968503937008,0.41732283464566927,0.4409448818897638,0.4566929133858268,0.4566929133858268,0.4383202099737533,0.4488188976377953,0.48451443569553804,2019-11-03,0.41732283464566927,53.0,169.58333333333334
2019-11-03,169.58333333333334,53,0.41732283464566927,0.4251968503937008,0.41732283464566927,0.4409448818897638,0.4645669291338583,0.4278215223097113,0.4443194600674916,0.4792650918635171,2019-11-04,0.4094488188976378,52.0,165.25
2019-11-04,165.25,52,0.4094488188976378,0.41732283464566927,0.4251968503937008,0.41732283464566927,0.4409448818897638,0.4199475065616798,0.437570303712036,0.473753280839895,2019-11-05,0.3937007874015748,50.0,160.83333333333334
2019-11-05,160.83333333333334,50,0.3937007874015748,0.4094488188976378,0.41732283464566927,0.4251968503937008,0.4645669291338583,0.4173228346456694,0.4330708661417323,0.46824146981627296,2019-11-06,0.3937007874015748,50.0,159.375
2019-11-06,159.375,50,0.3937007874015748,0.3937007874015748,0.4094488188976378,0.41732283464566927,0.4566929133858268,0.40682414698162733,0.42294713160854897,0.4622047244094488,2019-11-07,0.3937007874015748,50.0,160.58333333333334
2019-11-07,160.58333333333334,50,0.3937007874015748,0.3937007874015748,0.3937007874015748,0.4094488188976378,0.4409448818897638,0.39895013123359585,0.4139482564679415,0.4582677165354331,2019-11-08,0.3937007874015748,50.0,159.04166666666666
2019-11-08,159.04166666666666,50,0.3937007874015748,0.3937007874015748,0.3937007874015748,0.3937007874015748,0.41732283464566927,0.3937007874015748,0.407199100112486,0.45433070866141734,2019-11-09,0.3858267716535433,49.0,158.54166666666666
2019-11-09,158.54166666666666,49,0.3858267716535433,0.3937007874015748,0.3937007874015748,0.3937007874015748,0.4251968503937008,0.3937007874015748,0.40382452193475815,0.4482939632545932,2019-11-10,0.3700787401574803,47.0,150.0
2019-11-10,150.0,47,0.3700787401574803,0.3858267716535433,0.3937007874015748,0.3937007874015748,0.41732283464566927,0.39107611548556437,0.3982002249718785,0.44199475065616795,2019-11-11,0.3543307086614173,45.0,145.08333333333334
2019-11-11,145.08333333333334,45,0.3543307086614173,0.3700787401574803,0.3858267716535433,0.3937007874015748,0.4094488188976378,0.3832020997375329,0.3914510686164229,0.4356955380577428,2019-11-12,0.3464566929133858,44.0,141.04166666666666
2019-11-12,141.04166666666666,44,0.3464566929133858,0.3543307086614173,0.3700787401574803,0.3858267716535433,0.3937007874015748,0.3700787401574804,0.38357705286839144,0.4293963254593176,2019-11-13,0.31496062992125984,40.0,129.70833333333334
2019-11-13,129.70833333333334,40,0.31496062992125984,0.3464566929133858,0.3543307086614173,0.3700787401574803,0.3937007874015748,0.35695538057742787,0.3768278965129359,0.4254593175853018,2019-11-14,0.2755905511811024,35.0,115.16666666666669
2019-11-14,115.16666666666669,35,0.2755905511811024,0.31496062992125984,0.3464566929133858,0.3543307086614173,0.3937007874015748,0.3385826771653544,0.3655793025871766,0.4183727034120735,2019-11-15,0.33858267716535434,43.0,138.20833333333334
2019-11-15,138.20833333333334,43,0.33858267716535434,0.2755905511811024,0.31496062992125984,0.3464566929133858,0.3937007874015748,0.3123359580052494,0.3487064116985377,0.4102362204724409,2019-11-16,0.3464566929133858,44.0,141.125
2019-11-16,141.125,44,0.3464566929133858,0.33858267716535434,0.2755905511811024,0.31496062992125984,0.3858267716535433,0.30971128608923887,0.34083239595050624,0.41128608923884513,2019-11-17,0.3464566929133858,44.0,140.83333333333334
2019-11-17,140.83333333333334,44,0.3464566929133858,0.3464566929133858,0.33858267716535434,0.2755905511811024,0.3700787401574803,0.3202099737532809,0.33520809898762655,0.4076115485564305,2019-11-18,0.3464566929133858,44.0,140.79166666666666
2019-11-18,140.79166666666666,44,0.3464566929133858,0.3464566929133858,0.3464566929133858,0.33858267716535434,0.3543307086614173,0.34383202099737536,0.33183352080989875,0.40288713910761154,2019-11-19,0.1968503937007874,25.0,85.33333333333333
2019-11-19,85.33333333333333,25,0.1968503937007874,0.3464566929133858,0.3464566929133858,0.3464566929133858,0.3464566929133858,0.3464566929133858,0.33070866141732286,0.40603674540682416,2019-11-20,0.007874015748031496,1.0,10.416666666666666
2019-11-20,10.416666666666666,1,0.007874015748031496,0.1968503937007874,0.3464566929133858,0.3464566929133858,0.31496062992125984,0.29658792650918636,0.3093363329583802,0.3968503937007874,2019-11-21,0.29133858267716534,37.0,121.08333333333331
2019-11-21,121.08333333333331,37,0.29133858267716534,0.007874015748031496,0.1968503937007874,0.3464566929133858,0.2755905511811024,0.18372703412073496,0.265466816647919,0.38110236220472443,2019-11-22,0.33070866141732286,42.0,134.79166666666666
2019-11-22,134.79166666666666,42,0.33070866141732286,0.29133858267716534,0.007874015748031496,0.1968503937007874,0.33858267716535434,0.16535433070866146,0.2677165354330709,0.37506561679790024,2019-11-23,0.33858267716535434,43.0,137.41666666666666
2019-11-23,137.41666666666666,43,0.33858267716535434,0.33070866141732286,0.29133858267716534,0.007874015748031496,0.3464566929133858,0.20997375328083998,0.26659167604049494,0.3706036745406824,2019-11-24,0.2992125984251969,38.0,122.375
2019-11-24,122.375,38,0.2992125984251969,0.33858267716535434,0.33070866141732286,0.29133858267716534,0.3464566929133858,0.3202099737532809,0.265466816647919,0.36745406824146987,2019-11-25,0.1889763779527559,24.0,80.75
2019-11-25,80.75,24,0.1889763779527559,0.2992125984251969,0.33858267716535434,0.33070866141732286,0.3464566929133858,0.3228346456692914,0.25871766029246346,0.3619422572178478,2019-11-26,0.1732283464566929,22.0,74.04166666666667
2019-11-26,74.04166666666667,22,0.1732283464566929,0.1889763779527559,0.2992125984251969,0.33858267716535434,0.1968503937007874,0.27559055118110243,0.2362204724409449,0.3530183727034121,2019-11-27,0.23622047244094488,30.0,99.58333333333331
2019-11-27,99.58333333333331,30,0.23622047244094488,0.1732283464566929,0.1889763779527559,0.2992125984251969,0.007874015748031496,0.22047244094488194,0.23284589426321708,0.3433070866141732,2019-11-28,0.18110236220472442,23.0,77.5
2019-11-28,77.5,23,0.18110236220472442,0.23622047244094488,0.1732283464566929,0.1889763779527559,0.29133858267716534,0.19947506561679793,0.265466816647919,0.33648293963254594,2019-11-29,0.2440944881889764,31.0,101.125
2019-11-29,101.125,31,0.2440944881889764,0.18110236220472442,0.23622047244094488,0.1732283464566929,0.33070866141732286,0.1968503937007874,0.24971878515185603,0.3270341207349082,2019-11-30,0.13385826771653545,17.0,59.91666666666666
2019-11-30,59.91666666666666,17,0.13385826771653545,0.2440944881889764,0.18110236220472442,0.23622047244094488,0.33858267716535434,0.22047244094488194,0.2373453318335208,0.3199475065616798,2019-12-01,0.10236220472440945,13.0,46.625
2019-12-01,46.625,13,0.10236220472440945,0.13385826771653545,0.2440944881889764,0.18110236220472442,0.2992125984251969,0.18635170603674545,0.20809898762654666,0.3097112860892388,2019-12-02,0.11811023622047244,15.0,54.208333333333336
2019-12-02,54.208333333333336,15,0.11811023622047244,0.10236220472440945,0.13385826771653545,0.2440944881889764,0.1889763779527559,0.16010498687664046,0.17997750281214847,0.2992125984251969,2019-12-03,0.2440944881889764,31.0,101.875
2019-12-03,101.875,31,0.2440944881889764,0.11811023622047244,0.10236220472440945,0.13385826771653545,0.1732283464566929,0.1181102362204725,0.16985376827896512,0.2889763779527559,2019-12-04,0.08661417322834646,11.0,42.16666666666666
2019-12-04,42.16666666666666,11,0.08661417322834646,0.2440944881889764,0.11811023622047244,0.10236220472440945,0.23622047244094488,0.15485564304461946,0.17997750281214847,0.28320209973753285,2019-12-05,0.28346456692913385,36.0,116.08333333333331
2019-12-05,116.08333333333331,36,0.28346456692913385,0.08661417322834646,0.2440944881889764,0.11811023622047244,0.18110236220472442,0.14960629921259846,0.15860517435320584,0.2724409448818898,2019-12-06,0.25984251968503935,33.0,108.70833333333331
2019-12-06,108.70833333333331,33,0.25984251968503935,0.28346456692913385,0.08661417322834646,0.2440944881889764,0.2440944881889764,0.20472440944881895,0.1732283464566929,0.26876640419947506,2019-12-07,0.28346456692913385,36.0,117.375
2019-12-07,117.375,36,0.28346456692913385,0.25984251968503935,0.28346456692913385,0.08661417322834646,0.13385826771653545,0.20997375328083992,0.17547806524184478,0.2643044619422572,2019-12-08,0.2677165354330709,34.0,112.66666666666669
2019-12-08,112.66666666666669,34,0.2677165354330709,0.28346456692913385,0.25984251968503935,0.28346456692913385,0.10236220472440945,0.2755905511811024,0.1968503937007874,0.2606299212598425,2019-12-09,0.25196850393700787,32.0,104.33333333333331
2019-12-09,104.33333333333331,32,0.25196850393700787,0.2677165354330709,0.28346456692913385,0.25984251968503935,0.11811023622047244,0.2703412073490814,0.2204724409448819,0.2564304461942257,2019-12-10,0.2677165354330709,34.0,110.0
2019-12-10,110.0,34,0.2677165354330709,0.25196850393700787,0.2677165354330709,0.28346456692913385,0.2440944881889764,0.2677165354330709,0.23959505061867267,0.25196850393700787,2019-12-11,0.12598425196850394,16.0,56.41666666666666
2019-12-11,56.41666666666666,16,0.12598425196850394,0.2677165354330709,0.25196850393700787,0.2677165354330709,0.08661417322834646,0.2624671916010499,0.24296962879640047,0.24855643044619422,2019-12-12,0.16535433070866143,21.0,72.58333333333333
2019-12-12,72.58333333333333,21,0.16535433070866143,0.12598425196850394,0.2677165354330709,0.25196850393700787,0.28346456692913385,0.21522309711286094,0.2485939257592801,0.2409448818897638,2019-12-13,0.14173228346456693,18.0,62.5
2019-12-13,62.5,18,0.14173228346456693,0.16535433070866143,0.12598425196850394,0.2677165354330709,0.25984251968503935,0.18635170603674545,0.23172103487064116,0.23490813648293962,2019-12-14,0.2204724409448819,28.0,94.375
2019-12-14,94.375,28,0.2204724409448819,0.14173228346456693,0.16535433070866143,0.12598425196850394,0.28346456692913385,0.14435695538057747,0.21484814398200225,0.22913385826771654,2019-12-15,0.14960629921259844,19.0,64.66666666666667
2019-12-15,64.66666666666667,19,0.14960629921259844,0.2204724409448819,0.14173228346456693,0.16535433070866143,0.2677165354330709,0.17585301837270348,0.20584926884139484,0.2272965879265092,2019-12-16,0.2992125984251969,38.0,122.16666666666669
2019-12-16,122.16666666666669,38,0.2992125984251969,0.14960629921259844,0.2204724409448819,0.14173228346456693,0.25196850393700787,0.17060367454068245,0.18897637795275593,0.22099737532808397,2019-12-17,0.1732283464566929,22.0,75.875
2019-12-17,75.875,22,0.1732283464566929,0.2992125984251969,0.14960629921259844,0.2204724409448819,0.2677165354330709,0.22309711286089243,0.19572553430821146,0.21942257217847771,2019-12-18,0.25196850393700787,32.0,106.66666666666669
2019-12-18,106.66666666666669,32,0.25196850393700787,0.1732283464566929,0.2992125984251969,0.14960629921259844,0.12598425196850394,0.20734908136482944,0.18222722159730034,0.2136482939632546,2019-12-19,0.25196850393700787,32.0,104.91666666666669
2019-12-19,104.91666666666669,32,0.25196850393700787,0.25196850393700787,0.1732283464566929,0.2992125984251969,0.16535433070866143,0.2414698162729659,0.20022497187851518,0.21049868766404198,2019-12-20,0.1968503937007874,25.0,83.5
2019-12-20,83.5,25,0.1968503937007874,0.25196850393700787,0.25196850393700787,0.1732283464566929,0.14173228346456693,0.22572178477690294,0.2125984251968504,0.21233595800524935,2019-12-21,0.25196850393700787,32.0,106.5
2019-12-21,106.5,32,0.25196850393700787,0.1968503937007874,0.25196850393700787,0.25196850393700787,0.2204724409448819,0.23359580052493442,0.22047244094488191,0.21863517060367454,2019-12-22,0.1968503937007874,25.0,83.0
2019-12-22,83.0,25,0.1968503937007874,0.25196850393700787,0.1968503937007874,0.25196850393700787,0.14960629921259844,0.23359580052493442,0.22497187851518557,0.2173228346456693,2019-12-23,0.05511811023622047,7.0,28.625
2019-12-23,28.625,7,0.05511811023622047,0.1968503937007874,0.25196850393700787,0.1968503937007874,0.2992125984251969,0.21522309711286092,0.23172103487064116,0.21286089238845146,2019-12-24,0.2755905511811024,35.0,114.66666666666669
2019-12-24,114.66666666666669,35,0.2755905511811024,0.05511811023622047,0.1968503937007874,0.25196850393700787,0.1732283464566929,0.16797900262467194,0.1968503937007874,0.20341207349081364,2019-12-25,0.1732283464566929,22.0,73.75
2019-12-25,73.75,22,0.1732283464566929,0.2755905511811024,0.05511811023622047,0.1968503937007874,0.25196850393700787,0.17585301837270348,0.21147356580427448,0.2026246719160105,2019-12-26,0.15748031496062992,20.0,67.75
2019-12-26,67.75,20,0.15748031496062992,0.1732283464566929,0.2755905511811024,0.05511811023622047,0.25196850393700787,0.16797900262467194,0.20022497187851518,0.20209973753280838,2019-12-27,0.29133858267716534,37.0,119.75
2019-12-27,119.75,37,0.29133858267716534,0.15748031496062992,0.1732283464566929,0.2755905511811024,0.1968503937007874,0.20209973753280844,0.18672665916760403,0.20157480314960632,2019-12-28,0.1968503937007874,25.0,85.20833333333333
2019-12-28,85.20833333333333,25,0.1968503937007874,0.29133858267716534,0.15748031496062992,0.1732283464566929,0.25196850393700787,0.2073490813648294,0.20022497187851515,0.20341207349081364,2019-12-29,0.11811023622047244,15.0,52.375
2019-12-29,52.375,15,0.11811023622047244,0.1968503937007874,0.29133858267716534,0.15748031496062992,0.1968503937007874,0.21522309711286092,0.19235095613048367,0.20393700787401578,2019-12-30,0.2440944881889764,31.0,102.91666666666669
2019-12-30,102.91666666666669,31,0.2440944881889764,0.11811023622047244,0.1968503937007874,0.29133858267716534,0.05511811023622047,0.20209973753280844,0.1811023622047244,0.19973753280839895,2019-12-31,0.2440944881889764,31.0,101.16666666666669
2019-12-31,101.16666666666669,31,0.2440944881889764,0.2440944881889764,0.11811023622047244,0.1968503937007874,0.2755905511811024,0.18635170603674545,0.20809898762654666,0.20341207349081364,2020-01-01,0.12598425196850394,16.0,57.5
2020-01-01,57.5,16,0.12598425196850394,0.2440944881889764,0.2440944881889764,0.11811023622047244,0.1732283464566929,0.2020997375328084,0.20359955005624294,0.20813648293963255,2020-01-02,0.2283464566929134,29.0,95.70833333333331
2020-01-02,95.70833333333331,29,0.2283464566929134,0.12598425196850394,0.2440944881889764,0.2440944881889764,0.15748031496062992,0.2047244094488189,0.1968503937007874,0.20839895013123358,2020-01-03,0.2440944881889764,31.0,102.04166666666669
2020-01-03,102.04166666666669,31,0.2440944881889764,0.2283464566929134,0.12598425196850394,0.2440944881889764,0.29133858267716534,0.19947506561679793,0.20697412823397077,0.2078740157480315,2020-01-04,0.29133858267716534,37.0,121.95833333333331
2020-01-04,121.95833333333331,37,0.29133858267716534,0.2440944881889764,0.2283464566929134,0.12598425196850394,0.1968503937007874,0.19947506561679793,0.2002249718785152,0.2131233595800525,2020-01-05,0.2992125984251969,38.0,122.04166666666669
2020-01-05,122.04166666666669,38,0.2992125984251969,0.29133858267716534,0.2440944881889764,0.2283464566929134,0.11811023622047244,0.2545931758530184,0.21372328458942633,0.21338582677165352,2020-01-06,0.29133858267716534,37.0,120.91666666666669
2020-01-06,120.91666666666669,37,0.29133858267716534,0.2992125984251969,0.29133858267716534,0.2440944881889764,0.2440944881889764,0.2782152230971129,0.23959505061867267,0.2146981627296588,2020-01-07,0.2440944881889764,31.0,101.66666666666669
2020-01-07,101.66666666666669,31,0.2440944881889764,0.29133858267716534,0.2992125984251969,0.29133858267716534,0.2440944881889764,0.29396325459317585,0.24634420697412823,0.21496062992125983,2020-01-08,0.25196850393700787,32.0,104.58333333333331
2020-01-08,104.58333333333331,32,0.25196850393700787,0.2440944881889764,0.29133858267716534,0.2992125984251969,0.12598425196850394,0.2782152230971129,0.24634420697412823,0.2141732283464567,2020-01-09,0.11811023622047244,15.0,54.25
2020-01-09,54.25,15,0.11811023622047244,0.25196850393700787,0.2440944881889764,0.29133858267716534,0.2283464566929134,0.2624671916010499,0.2643419572553431,0.2141732283464567,2020-01-10,0.25984251968503935,33.0,108.66666666666669
2020-01-10,108.66666666666669,33,0.25984251968503935,0.11811023622047244,0.25196850393700787,0.2440944881889764,0.2440944881889764,0.20472440944881895,0.2485939257592801,0.20918635170603675,2020-01-11,0.25196850393700787,32.0,105.45833333333331
2020-01-11,105.45833333333331,32,0.25196850393700787,0.25984251968503935,0.11811023622047244,0.25196850393700787,0.29133858267716534,0.20997375328083992,0.2508436445444319,0.21364829396325458,2020-01-12,0.2047244094488189,26.0,86.16666666666667
2020-01-12,86.16666666666667,26,0.2047244094488189,0.25196850393700787,0.25984251968503935,0.11811023622047244,0.2992125984251969,0.20997375328083992,0.2452193475815523,0.21653543307086615,2020-01-13,0.2992125984251969,38.0,122.25
2020-01-13,122.25,38,0.2992125984251969,0.2047244094488189,0.25196850393700787,0.25984251968503935,0.29133858267716534,0.2388451443569554,0.23172103487064116,0.21863517060367454,2020-01-14,0.25196850393700787,32.0,105.83333333333331
2020-01-14,105.83333333333331,32,0.25196850393700787,0.2992125984251969,0.2047244094488189,0.25196850393700787,0.2440944881889764,0.2519685039370079,0.23284589426321708,0.22125984251968503,2020-01-15,0.2677165354330709,34.0,110.45833333333331
2020-01-15,110.45833333333331,34,0.2677165354330709,0.25196850393700787,0.2992125984251969,0.2047244094488189,0.25196850393700787,0.2519685039370079,0.23397075365579303,0.2246719160104987,2020-01-16,0.16535433070866143,21.0,71.70833333333333
2020-01-16,71.70833333333333,21,0.16535433070866143,0.2677165354330709,0.25196850393700787,0.2992125984251969,0.11811023622047244,0.2729658792650919,0.23622047244094488,0.22362204724409449,2020-01-17,0.2283464566929134,29.0,95.79166666666669
2020-01-17,95.79166666666669,29,0.2283464566929134,0.16535433070866143,0.2677165354330709,0.25196850393700787,0.25984251968503935,0.22834645669291342,0.24296962879640047,0.22335958005249343,2020-01-18,0.2677165354330709,34.0,110.04166666666669
2020-01-18,110.04166666666669,34,0.2677165354330709,0.2283464566929134,0.16535433070866143,0.2677165354330709,0.25196850393700787,0.22047244094488194,0.23847019122609675,0.22257217847769029,2020-01-19,0.2125984251968504,27.0,89.29166666666667
2020-01-19,89.29166666666667,27,0.2125984251968504,0.2677165354330709,0.2283464566929134,0.16535433070866143,0.2047244094488189,0.22047244094488194,0.24071991001124862,0.22309711286089237,2020-01-20,0.13385826771653545,17.0,58.458333333333336
2020-01-20,58.458333333333336,17,0.13385826771653545,0.2125984251968504,0.2677165354330709,0.2283464566929134,0.2992125984251969,0.2362204724409449,0.24184476940382454,0.2236220472440945,2020-01-21,0.15748031496062992,20.0,69.20833333333333
2020-01-21,69.20833333333333,20,0.15748031496062992,0.13385826771653545,0.2125984251968504,0.2677165354330709,0.25196850393700787,0.20472440944881895,0.21822272215973007,0.21968503937007874,2020-01-22,0.18110236220472442,23.0,78.95833333333333
2020-01-22,78.95833333333333,23,0.18110236220472442,0.15748031496062992,0.13385826771653545,0.2125984251968504,0.2677165354330709,0.16797900262467194,0.20472440944881892,0.2183727034120735,2020-01-23,0.2440944881889764,31.0,101.95833333333331
2020-01-23,101.95833333333331,31,0.2440944881889764,0.18110236220472442,0.15748031496062992,0.13385826771653545,0.16535433070866143,0.15748031496062997,0.1923509561304837,0.2225721784776903,2020-01-24,0.2440944881889764,31.0,103.54166666666669
2020-01-24,103.54166666666669,31,0.2440944881889764,0.2440944881889764,0.18110236220472442,0.15748031496062992,0.2283464566929134,0.19422572178477696,0.20359955005624294,0.2215223097112861,2020-01-25,0.3228346456692913,41.0,133.58333333333334
2020-01-25,133.58333333333334,41,0.3228346456692913,0.2440944881889764,0.2440944881889764,0.18110236220472442,0.2677165354330709,0.22309711286089243,0.20584926884139484,0.22388451443569554,2020-01-26,0.2440944881889764,31.0,103.58333333333331
2020-01-26,103.58333333333331,31,0.2440944881889764,0.3228346456692913,0.2440944881889764,0.2440944881889764,0.2125984251968504,0.2703412073490814,0.21372328458942633,0.2293963254593176,2020-01-27,0.16535433070866143,21.0,72.125
2020-01-27,72.125,21,0.16535433070866143,0.2440944881889764,0.3228346456692913,0.2440944881889764,0.13385826771653545,0.2703412073490814,0.21822272215973001,0.22782152230971128,2020-01-28,0.3543307086614173,45.0,145.83333333333334
2020-01-28,145.83333333333334,45,0.3543307086614173,0.16535433070866143,0.2440944881889764,0.3228346456692913,0.15748031496062992,0.24409448818897642,0.22272215973003373,0.22677165354330706,2020-01-29,0.2992125984251969,38.0,123.29166666666669
2020-01-29,123.29166666666669,38,0.2992125984251969,0.3543307086614173,0.16535433070866143,0.2440944881889764,0.18110236220472442,0.2545931758530184,0.2508436445444319,0.2346456692913386,2020-01-30,0.2992125984251969,38.0,124.91666666666669
2020-01-30,124.91666666666669,38,0.2992125984251969,0.2992125984251969,0.3543307086614173,0.16535433070866143,0.2440944881889764,0.2729658792650919,0.2677165354330709,0.23648293963254596,2020-01-31,0.33858267716535434,43.0,137.5
2020-01-31,137.5,43,0.33858267716535434,0.2992125984251969,0.2992125984251969,0.3543307086614173,0.2440944881889764,0.31758530183727035,0.2755905511811024,0.23832020997375328,2020-02-01,0.33858267716535434,43.0,139.125
2020-02-01,139.125,43,0.33858267716535434,0.33858267716535434,0.2992125984251969,0.2992125984251969,0.3228346456692913,0.3123359580052494,0.2890888638920135,0.24540682414698164,2020-02-02,0.2204724409448819,28.0,94.16666666666669
2020-02-02,94.16666666666669,28,0.2204724409448819,0.33858267716535434,0.33858267716535434,0.2992125984251969,0.2440944881889764,0.3254593175853019,0.29133858267716534,0.24908136482939636,2020-02-03,0.41732283464566927,53.0,168.70833333333334
2020-02-03,168.70833333333334,53,0.41732283464566927,0.2204724409448819,0.33858267716535434,0.33858267716535434,0.16535433070866143,0.29921259842519693,0.28796400449943754,0.2482939632545932,2020-02-04,0.3858267716535433,49.0,156.375
2020-02-04,156.375,49,0.3858267716535433,0.41732283464566927,0.2204724409448819,0.33858267716535434,0.3543307086614173,0.32545931758530183,0.32395950506186727,0.25249343832021,2020-02-05,0.2047244094488189,26.0,86.625
2020-02-05,86.625,26,0.2047244094488189,0.3858267716535433,0.41732283464566927,0.2204724409448819,0.2992125984251969,0.3412073490813648,0.32845894263217096,0.25538057742782155,2020-02-06,0.4094488188976378,52.0,167.66666666666666
2020-02-06,167.66666666666666,52,0.4094488188976378,0.2047244094488189,0.3858267716535433,0.41732283464566927,0.2992125984251969,0.3359580052493438,0.31496062992125984,0.25249343832021,2020-02-07,0.41732283464566927,53.0,170.45833333333334
2020-02-07,170.45833333333334,53,0.41732283464566927,0.4094488188976378,0.2047244094488189,0.3858267716535433,0.33858267716535434,0.3333333333333333,0.3307086614173228,0.258005249343832,2020-02-08,0.4251968503937008,54.0,173.45833333333334
2020-02-08,173.45833333333334,54,0.4251968503937008,0.41732283464566927,0.4094488188976378,0.2047244094488189,0.33858267716535434,0.34383202099737536,0.3419572553430821,0.2635170603674541,2020-02-09,0.3543307086614173,45.0,143.95833333333334
2020-02-09,143.95833333333334,45,0.3543307086614173,0.4251968503937008,0.41732283464566927,0.4094488188976378,0.2204724409448819,0.4173228346456694,0.3543307086614173,0.273753280839895,2020-02-10,0.4330708661417323,55.0,176.41666666666666
2020-02-10,176.41666666666666,55,0.4330708661417323,0.3543307086614173,0.4251968503937008,0.41732283464566927,0.41732283464566927,0.39895013123359585,0.37345331833520806,0.27690288713910766,2020-02-11,0.4330708661417323,55.0,176.16666666666666
2020-02-11,176.16666666666666,55,0.4330708661417323,0.4330708661417323,0.3543307086614173,0.4251968503937008,0.3858267716535433,0.4041994750656168,0.3757030371203599,0.2829396325459318,2020-02-12,0.44881889763779526,57.0,180.16666666666663
2020-02-12,180.16666666666663,57,0.44881889763779526,0.4330708661417323,0.4330708661417323,0.3543307086614173,0.2047244094488189,0.40682414698162733,0.38245219347581555,0.2905511811023622,2020-02-13,0.4566929133858268,58.0,183.70833333333331
2020-02-13,183.70833333333331,58,0.4566929133858268,0.44881889763779526,0.4330708661417323,0.4330708661417323,0.4094488188976378,0.4383202099737533,0.4173228346456693,0.29553805774278213,2020-02-14,0.4015748031496063,51.0,163.375
2020-02-14,163.375,51,0.4015748031496063,0.4566929133858268,0.44881889763779526,0.4330708661417323,0.41732283464566927,0.4461942257217848,0.42407199100112486,0.30236220472440944,2020-02-15,0.29133858267716534,37.0,120.45833333333331
2020-02-15,120.45833333333331,37,0.29133858267716534,0.4015748031496063,0.4566929133858268,0.44881889763779526,0.4251968503937008,0.4356955380577428,0.421822272215973,0.3068241469816273,2020-02-16,0.2283464566929134,29.0,96.54166666666669
2020-02-16,96.54166666666669,29,0.2283464566929134,0.29133858267716534,0.4015748031496063,0.4566929133858268,0.3543307086614173,0.3832020997375329,0.4026996625421822,0.3110236220472441,2020-02-17,0.4881889763779528,62.0,196.66666666666663
2020-02-17,196.66666666666663,62,0.4881889763779528,0.2283464566929134,0.29133858267716534,0.4015748031496063,0.4330708661417323,0.30708661417322836,0.3847019122609674,0.3110236220472441,2020-02-18,0.48031496062992124,61.0,193.29166666666663
2020-02-18,193.29166666666663,61,0.48031496062992124,0.4881889763779528,0.2283464566929134,0.29133858267716534,0.4330708661417323,0.3359580052493438,0.3925759280089989,0.3183727034120735,2020-02-19,0.48031496062992124,61.0,194.75
2020-02-19,194.75,61,0.48031496062992124,0.48031496062992124,0.4881889763779528,0.2283464566929134,0.44881889763779526,0.39895013123359585,0.3993250843644544,0.3272965879265092,2020-02-20,0.4566929133858268,58.0,183.08333333333331
2020-02-20,183.08333333333331,58,0.4566929133858268,0.48031496062992124,0.48031496062992124,0.4881889763779528,0.4566929133858268,0.4829396325459318,0.40382452193475815,0.3388451443569554,2020-02-21,0.48031496062992124,61.0,192.41666666666663
2020-02-21,192.41666666666663,61,0.48031496062992124,0.4566929133858268,0.48031496062992124,0.48031496062992124,0.4015748031496063,0.4724409448818898,0.40382452193475815,0.3488188976377952,2020-02-22,0.47244094488188976,60.0,190.08333333333331
2020-02-22,190.08333333333331,60,0.47244094488188976,0.48031496062992124,0.4566929133858268,0.48031496062992124,0.29133858267716534,0.4724409448818898,0.4150731158605175,0.35879265091863516,2020-02-23,0.47244094488188976,60.0,189.41666666666663
2020-02-23,189.41666666666663,60,0.47244094488188976,0.47244094488188976,0.48031496062992124,0.4566929133858268,0.2283464566929134,0.4698162729658793,0.44094488188976383,0.36640419947506564,2020-02-24,0.5118110236220472,65.0,205.16666666666663
2020-02-24,205.16666666666663,65,0.5118110236220472,0.47244094488188976,0.47244094488188976,0.48031496062992124,0.4881889763779528,0.4750656167979003,0.4758155230596176,0.3740157480314961,2020-02-25,0.5118110236220472,65.0,204.875
2020-02-25,204.875,65,0.5118110236220472,0.5118110236220472,0.47244094488188976,0.47244094488188976,0.48031496062992124,0.48556430446194226,0.47919010123734535,0.38031496062992126,2020-02-26,0.5275590551181102,67.0,211.29166666666663
2020-02-26,211.29166666666663,67,0.5275590551181102,0.5118110236220472,0.5118110236220472,0.47244094488188976,0.48031496062992124,0.49868766404199477,0.4836895388076491,0.38923884514435697,2020-02-27,0.5433070866141733,69.0,217.125
2020-02-27,217.125,69,0.5433070866141733,0.5275590551181102,0.5118110236220472,0.5118110236220472,0.4566929133858268,0.5170603674540682,0.4904386951631046,0.40131233595800525,2020-02-28,0.36220472440944884,46.0,149.20833333333334
2020-02-28,149.20833333333334,46,0.36220472440944884,0.5433070866141733,0.5275590551181102,0.5118110236220472,0.48031496062992124,0.5275590551181102,0.5028121484814398,0.4076115485564305,2020-02-29,0.4566929133858268,58.0,184.79166666666663
2020-02-29,184.79166666666663,58,0.4566929133858268,0.36220472440944884,0.5433070866141733,0.5275590551181102,0.47244094488188976,0.4776902887139108,0.4859392575928009,0.40971128608923885,2020-03-01,0.2204724409448819,28.0,91.66666666666669
2020-03-01,91.66666666666669,28,0.2204724409448819,0.4566929133858268,0.36220472440944884,0.5433070866141733,0.47244094488188976,0.45406824146981634,0.48368953880764903,0.41496062992125987,2020-03-02,0.5669291338582677,72.0,226.58333333333331
2020-03-02,226.58333333333331,72,0.5669291338582677,0.2204724409448819,0.4566929133858268,0.36220472440944884,0.5118110236220472,0.3464566929133859,0.44769403824521936,0.41102362204724413,2020-03-03,0.5590551181102362,71.0,222.83333333333331
2020-03-03,222.83333333333331,71,0.5590551181102362,0.5669291338582677,0.2204724409448819,0.4566929133858268,0.5118110236220472,0.4146981627296588,0.4555680539932508,0.4186351706036745,2020-03-04,0.5669291338582677,72.0,226.16666666666663
2020-03-04,226.16666666666663,72,0.5669291338582677,0.5590551181102362,0.5669291338582677,0.2204724409448819,0.5275590551181102,0.4488188976377953,0.4623172103487064,0.42992125984251967,2020-03-05,0.5590551181102362,71.0,223.83333333333331
2020-03-05,223.83333333333331,71,0.5590551181102362,0.5669291338582677,0.5590551181102362,0.5669291338582677,0.5433070866141733,0.5643044619422573,0.46794150731158607,0.43490813648293963,2020-03-06,0.3464566929133858,44.0,141.04166666666666
2020-03-06,141.04166666666666,44,0.3464566929133858,0.5590551181102362,0.5669291338582677,0.5590551181102362,0.36220472440944884,0.5616797900262468,0.4701912260967379,0.4406824146981627,2020-03-07,0.4251968503937008,54.0,172.0
2020-03-07,172.0,54,0.4251968503937008,0.3464566929133858,0.5590551181102362,0.5669291338582677,0.4566929133858268,0.49081364829396334,0.46794150731158607,0.44540682414698163,2020-03-08,0.5354330708661418,68.0,213.375
2020-03-08,213.375,68,0.5354330708661418,0.4251968503937008,0.3464566929133858,0.5590551181102362,0.2204724409448819,0.4435695538057743,0.4634420697412823,0.44593175853018374,2020-03-09,0.44881889763779526,57.0,182.75
2020-03-09,182.75,57,0.44881889763779526,0.5354330708661418,0.4251968503937008,0.3464566929133858,0.5669291338582677,0.4356955380577429,0.5084364454443194,0.4498687664041994,2020-03-10,0.5984251968503937,76.0,237.875
2020-03-10,237.875,76,0.5984251968503937,0.44881889763779526,0.5354330708661418,0.4251968503937008,0.5590551181102362,0.4698162729658793,0.49156355455568057,0.45065616797900265,2020-03-11,0.5196850393700787,66.0,210.08333333333331
2020-03-11,210.08333333333331,66,0.5196850393700787,0.5984251968503937,0.44881889763779526,0.5354330708661418,0.5669291338582677,0.5275590551181103,0.49718785151856026,0.45879265091863514,2020-03-12,0.6220472440944882,79.0,247.75
2020-03-12,247.75,79,0.6220472440944882,0.5196850393700787,0.5984251968503937,0.44881889763779526,0.5590551181102362,0.5223097112860893,0.4904386951631046,0.4616797900262467,2020-03-13,0.6220472440944882,79.0,249.45833333333331
2020-03-13,249.45833333333331,79,0.6220472440944882,0.6220472440944882,0.5196850393700787,0.5984251968503937,0.3464566929133858,0.5800524934383203,0.49943757030371205,0.46797900262467196,2020-03-14,0.5984251968503937,76.0,240.625
2020-03-14,240.625,76,0.5984251968503937,0.6220472440944882,0.6220472440944882,0.5196850393700787,0.4251968503937008,0.5879265091863518,0.5388076490438696,0.473753280839895,2020-03-15,0.3937007874015748,50.0,160.95833333333334
2020-03-15,160.95833333333334,50,0.3937007874015748,0.5984251968503937,0.6220472440944882,0.6220472440944882,0.5354330708661418,0.6141732283464567,0.5635545556805399,0.47847769028871395,2020-03-16,0.3779527559055118,48.0,153.91666666666666
2020-03-16,153.91666666666666,48,0.3779527559055118,0.3937007874015748,0.5984251968503937,0.6220472440944882,0.44881889763779526,0.5380577427821522,0.5433070866141733,0.47821522309711284,2020-03-17,0.4094488188976378,52.0,166.83333333333334
2020-03-17,166.83333333333334,52,0.4094488188976378,0.3779527559055118,0.3937007874015748,0.5984251968503937,0.5984251968503937,0.45669291338582685,0.5331833520809899,0.48110236220472447,2020-03-18,0.3464566929133858,44.0,141.5
2020-03-18,141.5,44,0.3464566929133858,0.4094488188976378,0.3779527559055118,0.3937007874015748,0.5196850393700787,0.3937007874015748,0.5061867266591676,0.4871391076115486,2020-03-19,0.5826771653543307,74.0,234.54166666666663
2020-03-19,234.54166666666663,74,0.5826771653543307,0.3464566929133858,0.4094488188976378,0.3779527559055118,0.6220472440944882,0.37795275590551186,0.48143982002249713,0.48241469816272964,2020-03-20,0.4566929133858268,58.0,184.875
2020-03-20,184.875,58,0.4566929133858268,0.5826771653543307,0.3464566929133858,0.4094488188976378,0.6220472440944882,0.4461942257217848,0.4758155230596176,0.4858267716535433,2020-03-21,0.5196850393700787,66.0,207.75
2020-03-21,207.75,66,0.5196850393700787,0.4566929133858268,0.5826771653543307,0.3464566929133858,0.5984251968503937,0.46194225721784776,0.452193475815523,0.48503937007874015,2020-03-22,0.6377952755905512,81.0,254.875
2020-03-22,254.875,81,0.6377952755905512,0.5196850393700787,0.4566929133858268,0.5826771653543307,0.3937007874015748,0.5196850393700787,0.4409448818897638,0.4871391076115486,2020-03-23,0.47244094488188976,60.0,189.41666666666663
2020-03-23,189.41666666666663,60,0.47244094488188976,0.6377952755905512,0.5196850393700787,0.4566929133858268,0.3779527559055118,0.5380577427821522,0.47581552305961755,0.4923884514435695,2020-03-24,0.6771653543307087,86.0,268.9166666666667
2020-03-24,268.9166666666667,86,0.6771653543307087,0.47244094488188976,0.6377952755905512,0.5196850393700787,0.4094488188976378,0.5433070866141733,0.4893138357705287,0.4923884514435696,2020-03-25,0.5354330708661418,68.0,214.5
2020-03-25,214.5,68,0.5354330708661418,0.6771653543307087,0.47244094488188976,0.6377952755905512,0.3464566929133858,0.5958005249343832,0.5275590551181102,0.49921259842519683,2020-03-26,0.5118110236220472,65.0,206.04166666666663
2020-03-26,206.04166666666663,65,0.5118110236220472,0.5354330708661418,0.6771653543307087,0.47244094488188976,0.5826771653543307,0.5616797900262468,0.5545556805399325,0.5,2020-03-27,0.6614173228346457,84.0,263.375
2020-03-27,263.375,84,0.6614173228346457,0.5118110236220472,0.5354330708661418,0.6771653543307087,0.4566929133858268,0.5748031496062992,0.5444319460067492,0.5,2020-03-28,0.5118110236220472,65.0,205.95833333333331
2020-03-28,205.95833333333331,65,0.5118110236220472,0.6614173228346457,0.5118110236220472,0.5354330708661418,0.5196850393700787,0.5695538057742783,0.5736782902137233,0.5044619422572179,2020-03-29,0.5748031496062992,73.0,231.41666666666663
2020-03-29,231.41666666666663,73,0.5748031496062992,0.5118110236220472,0.6614173228346457,0.5118110236220472,0.6377952755905512,0.5616797900262468,0.5725534308211474,0.5034120734908136,2020-03-30,0.4330708661417323,55.0,175.5
2020-03-30,175.5,55,0.4330708661417323,0.5748031496062992,0.5118110236220472,0.6614173228346457,0.47244094488188976,0.5826771653543307,0.5635545556805399,0.5104986876640419,2020-03-31,0.6692913385826772,85.0,267.2916666666667
2020-03-31,267.2916666666667,85,0.6692913385826772,0.4330708661417323,0.5748031496062992,0.5118110236220472,0.6771653543307087,0.5065616797900262,0.5579302587176603,0.5097112860892389,2020-04-01,0.7401574803149606,94.0,293.5416666666667
2020-04-01,293.5416666666667,94,0.7401574803149606,0.6692913385826772,0.4330708661417323,0.5748031496062992,0.5354330708661418,0.5590551181102362,0.5568053993250844,0.5246719160104987,2020-04-02,0.7637795275590551,97.0,303.2083333333333
2020-04-02,303.2083333333333,97,0.7637795275590551,0.7401574803149606,0.6692913385826772,0.4330708661417323,0.5118110236220472,0.6141732283464568,0.5860517435320585,0.5304461942257218,2020-04-03,0.7401574803149606,94.0,295.3333333333333
2020-04-03,295.3333333333333,94,0.7401574803149606,0.7637795275590551,0.7401574803149606,0.6692913385826772,0.6614173228346457,0.7244094488188977,0.6220472440944882,0.5372703412073492,2020-04-04,0.49606299212598426,63.0,200.25
2020-04-04,200.25,63,0.49606299212598426,0.7401574803149606,0.7637795275590551,0.7401574803149606,0.5118110236220472,0.7480314960629921,0.6332958380202475,0.5430446194225722,2020-04-05,0.4566929133858268,58.0,184.16666666666663
2020-04-05,184.16666666666663,58,0.4566929133858268,0.49606299212598426,0.7401574803149606,0.7637795275590551,0.5748031496062992,0.6666666666666666,0.6310461192350957,0.5409448818897639,2020-04-06,0.4881889763779528,62.0,195.08333333333331
2020-04-06,195.08333333333331,62,0.4881889763779528,0.4566929133858268,0.49606299212598426,0.7401574803149606,0.4330708661417323,0.5643044619422571,0.6141732283464567,0.5446194225721785,2020-04-07,0.5511811023622047,70.0,221.875
2020-04-07,221.875,70,0.5511811023622047,0.4881889763779528,0.4566929133858268,0.49606299212598426,0.6692913385826772,0.4803149606299213,0.6220472440944882,0.5467191601049869,2020-04-08,0.6141732283464567,78.0,244.66666666666663
2020-04-08,244.66666666666663,78,0.6141732283464567,0.5511811023622047,0.4881889763779528,0.4566929133858268,0.7401574803149606,0.49868766404199477,0.6051743532058493,0.547244094488189,2020-04-09,0.3228346456692913,41.0,132.625
2020-04-09,132.625,41,0.3228346456692913,0.6141732283464567,0.5511811023622047,0.4881889763779528,0.7637795275590551,0.5511811023622047,0.5871766029246344,0.552755905511811,2020-04-10,0.7637795275590551,97.0,302.9166666666667
2020-04-10,302.9166666666667,97,0.7637795275590551,0.3228346456692913,0.6141732283464567,0.5511811023622047,0.7401574803149606,0.49606299212598426,0.5241844769403825,0.5435695538057743,2020-04-11,0.7401574803149606,94.0,293.0
2020-04-11,293.0,94,0.7401574803149606,0.7637795275590551,0.3228346456692913,0.6141732283464567,0.49606299212598426,0.5669291338582677,0.5275590551181103,0.5517060367454067,2020-04-12,0.7401574803149606,94.0,293.2083333333333
2020-04-12,293.2083333333333,94,0.7401574803149606,0.7401574803149606,0.7637795275590551,0.3228346456692913,0.4566929133858268,0.6089238845144357,0.562429696287964,0.5556430446194226,2020-04-13,0.8346456692913385,106.0,329.5
2020-04-13,329.5,106,0.8346456692913385,0.7401574803149606,0.7401574803149606,0.7637795275590551,0.4881889763779528,0.7480314960629921,0.6029246344206974,0.5595800524934382,2020-04-14,0.8188976377952756,104.0,323.9166666666667
2020-04-14,323.9166666666667,104,0.8188976377952756,0.8346456692913385,0.7401574803149606,0.7401574803149606,0.5511811023622047,0.7716535433070867,0.6524184476940382,0.5674540682414697,2020-04-15,0.7637795275590551,97.0,304.25
2020-04-15,304.25,97,0.7637795275590551,0.8188976377952756,0.8346456692913385,0.7401574803149606,0.6141732283464567,0.7979002624671917,0.6906636670416199,0.5816272965879266,2020-04-16,0.8031496062992126,102.0,317.5833333333333
2020-04-16,317.5833333333333,102,0.8031496062992126,0.7637795275590551,0.8188976377952756,0.8346456692913385,0.3228346456692913,0.8057742782152232,0.7120359955005623,0.594488188976378,2020-04-17,0.7165354330708661,91.0,284.3333333333333
2020-04-17,284.3333333333333,91,0.7165354330708661,0.8031496062992126,0.7637795275590551,0.8188976377952756,0.7637795275590551,0.7952755905511811,0.7806524184476941,0.6076115485564305,2020-04-18,0.7637795275590551,97.0,303.75
2020-04-18,303.75,97,0.7637795275590551,0.7165354330708661,0.8031496062992126,0.7637795275590551,0.7401574803149606,0.7611548556430446,0.7739032620922384,0.6199475065616797,2020-04-19,0.5275590551181102,67.0,212.45833333333331
2020-04-19,212.45833333333331,67,0.5275590551181102,0.7637795275590551,0.7165354330708661,0.8031496062992126,0.7401574803149606,0.7611548556430446,0.7772778402699663,0.6259842519685039,2020-04-20,0.6220472440944882,79.0,247.16666666666663
2020-04-20,247.16666666666663,79,0.6220472440944882,0.5275590551181102,0.7637795275590551,0.7165354330708661,0.8346456692913385,0.6692913385826772,0.7469066366704161,0.6283464566929134,2020-04-21,0.6535433070866141,83.0,261.2083333333333
2020-04-21,261.2083333333333,83,0.6535433070866141,0.6220472440944882,0.5275590551181102,0.7637795275590551,0.8188976377952756,0.637795275590551,0.7165354330708661,0.6317585301837271,2020-04-22,0.7480314960629921,95.0,296.1666666666667
2020-04-22,296.1666666666667,95,0.7480314960629921,0.6535433070866141,0.6220472440944882,0.5275590551181102,0.7637795275590551,0.6010498687664042,0.6929133858267715,0.6322834645669292,2020-04-23,0.8267716535433071,105.0,328.625
2020-04-23,328.625,105,0.8267716535433071,0.7480314960629921,0.6535433070866141,0.6220472440944882,0.8031496062992126,0.6745406824146981,0.6906636670416199,0.641469816272966,2020-04-24,0.8031496062992126,102.0,319.2083333333333
2020-04-24,319.2083333333333,102,0.8031496062992126,0.8267716535433071,0.7480314960629921,0.6535433070866141,0.7165354330708661,0.7427821522309711,0.6940382452193476,0.6464566929133858,2020-04-25,0.6850393700787402,87.0,273.7083333333333
2020-04-25,273.7083333333333,87,0.6850393700787402,0.8031496062992126,0.8267716535433071,0.7480314960629921,0.7637795275590551,0.7926509186351706,0.7064116985376828,0.6553805774278215,2020-04-26,0.8503937007874016,108.0,336.1666666666667
2020-04-26,336.1666666666667,108,0.8503937007874016,0.6850393700787402,0.8031496062992126,0.8267716535433071,0.5275590551181102,0.7716535433070866,0.6951631046119235,0.6611548556430445,2020-04-27,0.7716535433070866,98.0,307.0833333333333
2020-04-27,307.0833333333333,98,0.7716535433070866,0.8503937007874016,0.6850393700787402,0.8031496062992126,0.6220472440944882,0.7795275590551182,0.7412823397075365,0.6674540682414699,2020-04-28,0.84251968503937,107.0,333.0
2020-04-28,333.0,107,0.84251968503937,0.7716535433070866,0.8503937007874016,0.6850393700787402,0.6535433070866141,0.7690288713910762,0.7626546681664792,0.6761154855643045,2020-04-29,0.5118110236220472,65.0,206.875
2020-04-29,206.875,65,0.5118110236220472,0.84251968503937,0.7716535433070866,0.8503937007874016,0.7480314960629921,0.8215223097112861,0.7896512935883014,0.6850393700787402,2020-04-30,0.8582677165354331,109.0,340.4583333333333
2020-04-30,340.4583333333333,109,0.8582677165354331,0.5118110236220472,0.84251968503937,0.7716535433070866,0.8267716535433071,0.7086614173228346,0.7559055118110235,0.6876640419947507,2020-05-01,0.8503937007874016,108.0,337.2083333333333
2020-05-01,337.2083333333333,108,0.8503937007874016,0.8582677165354331,0.5118110236220472,0.84251968503937,0.8031496062992126,0.7375328083989502,0.7604049493813273,0.6939632545931759,2020-05-02,0.7244094488188977,92.0,288.3333333333333
2020-05-02,288.3333333333333,92,0.7244094488188977,0.8503937007874016,0.8582677165354331,0.5118110236220472,0.6850393700787402,0.7401574803149606,0.7671541057367829,0.6976377952755904,2020-05-03,0.8031496062992126,102.0,317.8333333333333
2020-05-03,317.8333333333333,102,0.8031496062992126,0.7244094488188977,0.8503937007874016,0.8582677165354331,0.8503937007874016,0.8110236220472441,0.7727784026996626,0.6963254593175852,2020-05-04,0.8740157480314961,111.0,345.0833333333333
2020-05-04,345.0833333333333,111,0.8740157480314961,0.8031496062992126,0.7244094488188977,0.8503937007874016,0.7716535433070866,0.7926509186351707,0.766029246344207,0.6984251968503937,2020-05-05,0.8976377952755905,114.0,355.0
2020-05-05,355.0,114,0.8976377952755905,0.8740157480314961,0.8031496062992126,0.7244094488188977,0.84251968503937,0.8005249343832022,0.7806524184476941,0.7110236220472441,2020-05-06,0.8976377952755905,114.0,356.1666666666667
2020-05-06,356.1666666666667,114,0.8976377952755905,0.8976377952755905,0.8740157480314961,0.8031496062992126,0.5118110236220472,0.858267716535433,0.7885264341957257,0.7257217847769029,2020-05-07,0.9133858267716536,116.0,361.375
2020-05-07,361.375,116,0.9133858267716536,0.8976377952755905,0.8976377952755905,0.8740157480314961,0.8582677165354331,0.8897637795275589,0.843644544431946,0.7393700787401575,2020-05-08,0.905511811023622,115.0,359.25
2020-05-08,359.25,115,0.905511811023622,0.9133858267716536,0.8976377952755905,0.8976377952755905,0.8503937007874016,0.9028871391076115,0.8515185601799775,0.7514435695538058,2020-05-09,0.8976377952755905,114.0,353.3333333333333
2020-05-09,353.3333333333333,114,0.8976377952755905,0.905511811023622,0.9133858267716536,0.8976377952755905,0.7244094488188977,0.9055118110236221,0.859392575928009,0.7611548556430445,2020-05-10,0.7716535433070866,98.0,305.5
2020-05-10,305.5,98,0.7716535433070866,0.8976377952755905,0.905511811023622,0.9133858267716536,0.8031496062992126,0.9055118110236221,0.8841394825646794,0.7803149606299213,2020-05-11,0.8110236220472441,103.0,320.0
2020-05-11,320.0,103,0.8110236220472441,0.7716535433070866,0.8976377952755905,0.905511811023622,0.8740157480314961,0.858267716535433,0.8796400449943756,0.7805774278215224,2020-05-12,0.7007874015748031,89.0,277.5
2020-05-12,277.5,89,0.7007874015748031,0.8110236220472441,0.7716535433070866,0.8976377952755905,0.8976377952755905,0.8267716535433071,0.8706411698537683,0.7829396325459317,2020-05-13,0.6850393700787402,87.0,273.8333333333333
2020-05-13,273.8333333333333,87,0.6850393700787402,0.7007874015748031,0.8110236220472441,0.7716535433070866,0.8976377952755905,0.7611548556430446,0.84251968503937,0.7816272965879265,2020-05-14,0.5039370078740157,64.0,202.16666666666663
2020-05-14,202.16666666666663,64,0.5039370078740157,0.6850393700787402,0.7007874015748031,0.8110236220472441,0.9133858267716536,0.732283464566929,0.8121484814398201,0.7766404199475067,2020-05-15,0.889763779527559,113.0,352.8333333333333
2020-05-15,352.8333333333333,113,0.889763779527559,0.5039370078740157,0.6850393700787402,0.7007874015748031,0.905511811023622,0.6299212598425197,0.7536557930258717,0.7661417322834646,2020-05-16,0.7952755905511811,101.0,314.8333333333333
2020-05-16,314.8333333333333,101,0.7952755905511811,0.889763779527559,0.5039370078740157,0.6850393700787402,0.8976377952755905,0.6929133858267716,0.7514060742407198,0.7703412073490814,2020-05-17,0.7244094488188977,92.0,287.1666666666667
2020-05-17,287.1666666666667,92,0.7244094488188977,0.7952755905511811,0.889763779527559,0.5039370078740157,0.7716535433070866,0.7296587926509187,0.7367829021372329,0.7700787401574803,2020-05-18,0.6062992125984252,77.0,241.5
2020-05-18,241.5,77,0.6062992125984252,0.7244094488188977,0.7952755905511811,0.889763779527559,0.8110236220472441,0.8031496062992126,0.7300337457817773,0.7703412073490814,2020-05-19,0.5984251968503937,76.0,239.125
2020-05-19,239.125,76,0.5984251968503937,0.6062992125984252,0.7244094488188977,0.7952755905511811,0.7007874015748031,0.7086614173228347,0.7007874015748031,0.7650918635170604,2020-05-20,0.8503937007874016,108.0,336.2916666666667
2020-05-20,336.2916666666667,108,0.8503937007874016,0.5984251968503937,0.6062992125984252,0.7244094488188977,0.6850393700787402,0.6430446194225722,0.6861642294713162,0.7674540682414698,2020-05-21,0.9291338582677166,118.0,367.9583333333333
2020-05-21,367.9583333333333,118,0.9291338582677166,0.8503937007874016,0.5984251968503937,0.6062992125984252,0.5039370078740157,0.6850393700787403,0.7097862767154106,0.7750656167979003,2020-05-22,0.6850393700787402,87.0,272.7083333333333
2020-05-22,272.7083333333333,87,0.6850393700787402,0.9291338582677166,0.8503937007874016,0.5984251968503937,0.889763779527559,0.7926509186351707,0.7705286839145108,0.7842519685039371,2020-05-23,0.952755905511811,121.0,376.8333333333333
2020-05-23,376.8333333333333,121,0.952755905511811,0.6850393700787402,0.9291338582677166,0.8503937007874016,0.7952755905511811,0.8215223097112861,0.7412823397075367,0.7821522309711286,2020-05-24,0.905511811023622,115.0,356.9583333333333
2020-05-24,356.9583333333333,115,0.905511811023622,0.952755905511811,0.6850393700787402,0.9291338582677166,0.7244094488188977,0.8556430446194225,0.7637795275590552,0.7863517060367454,2020-05-25,0.9291338582677166,118.0,367.0833333333333
2020-05-25,367.0833333333333,118,0.9291338582677166,0.905511811023622,0.952755905511811,0.6850393700787402,0.6062992125984252,0.847769028871391,0.7896512935883016,0.7897637795275592,2020-05-26,0.8740157480314961,111.0,345.75
2020-05-26,345.75,111,0.8740157480314961,0.9291338582677166,0.905511811023622,0.952755905511811,0.5984251968503937,0.9291338582677166,0.8357705286839144,0.7979002624671916,2020-05-27,0.9291338582677166,118.0,368.0416666666667
2020-05-27,368.0416666666667,118,0.9291338582677166,0.8740157480314961,0.9291338582677166,0.905511811023622,0.8503937007874016,0.9028871391076115,0.875140607424072,0.7986876640419946,2020-05-28,0.9606299212598425,122.0,380.1666666666667
2020-05-28,380.1666666666667,122,0.9606299212598425,0.9291338582677166,0.8740157480314961,0.9291338582677166,0.9291338582677166,0.910761154855643,0.8863892013498312,0.8039370078740158,2020-05-29,0.6771653543307087,86.0,268.7916666666667
2020-05-29,268.7916666666667,86,0.6771653543307087,0.9606299212598425,0.9291338582677166,0.8740157480314961,0.6850393700787402,0.9212598425196851,0.8908886389201349,0.8078740157480315,2020-05-30,0.7086614173228346,90.0,283.0833333333333
2020-05-30,283.0833333333333,90,0.7086614173228346,0.6771653543307087,0.9606299212598425,0.9291338582677166,0.952755905511811,0.8556430446194225,0.889763779527559,0.8133858267716535,2020-05-31,0.7952755905511811,101.0,316.7916666666667
2020-05-31,316.7916666666667,101,0.7952755905511811,0.7086614173228346,0.6771653543307087,0.9606299212598425,0.905511811023622,0.7821522309711285,0.8548931383577053,0.8083989501312335,2020-06-01,0.4566929133858268,58.0,184.95833333333331
2020-06-01,184.95833333333331,58,0.4566929133858268,0.7952755905511811,0.7086614173228346,0.6771653543307087,0.9291338582677166,0.727034120734908,0.8391451068616422,0.8065616797900262,2020-06-02,0.9133858267716536,116.0,360.0833333333333
2020-06-02,360.0833333333333,116,0.9133858267716536,0.4566929133858268,0.7952755905511811,0.7086614173228346,0.8740157480314961,0.6535433070866142,0.7716535433070867,0.7976377952755906,2020-06-03,0.9212598425196851,117.0,364.625
2020-06-03,364.625,117,0.9212598425196851,0.9133858267716536,0.4566929133858268,0.7952755905511811,0.9291338582677166,0.721784776902887,0.7772778402699663,0.8013123359580052,2020-06-04,0.9606299212598425,122.0,378.1666666666667
2020-06-04,378.1666666666667,122,0.9606299212598425,0.9212598425196851,0.9133858267716536,0.4566929133858268,0.9606299212598425,0.7637795275590551,0.7761529808773904,0.8028871391076114,2020-06-05,0.9291338582677166,118.0,365.7083333333333
2020-06-05,365.7083333333333,118,0.9291338582677166,0.9606299212598425,0.9212598425196851,0.9133858267716536,0.6771653543307087,0.931758530183727,0.7761529808773904,0.80498687664042,2020-06-06,0.8740157480314961,111.0,345.0416666666667
2020-06-06,345.0416666666667,111,0.8740157480314961,0.9291338582677166,0.9606299212598425,0.9212598425196851,0.7086614173228346,0.937007874015748,0.8121484814398201,0.8060367454068241,2020-06-07,0.7559055118110236,96.0,299.25
2020-06-07,299.25,96,0.7559055118110236,0.8740157480314961,0.9291338582677166,0.9606299212598425,0.7952755905511811,0.9212598425196851,0.8357705286839144,0.8047244094488188,2020-06-08,0.984251968503937,125.0,388.7916666666667
2020-06-08,388.7916666666667,125,0.984251968503937,0.7559055118110236,0.8740157480314961,0.9291338582677166,0.4566929133858268,0.8530183727034121,0.830146231721035,0.799737532808399,2020-06-09,0.889763779527559,113.0,350.5833333333333
2020-06-09,350.5833333333333,113,0.889763779527559,0.984251968503937,0.7559055118110236,0.8740157480314961,0.9133858267716536,0.8713910761154855,0.9055118110236221,0.8026246719160105,2020-06-10,0.8110236220472441,103.0,321.1666666666667
2020-06-10,321.1666666666667,103,0.8110236220472441,0.889763779527559,0.984251968503937,0.7559055118110236,0.9212598425196851,0.8766404199475066,0.9021372328458943,0.8065616797900262,2020-06-11,0.9291338582677166,118.0,365.5833333333333
2020-06-11,365.5833333333333,118,0.9291338582677166,0.8110236220472441,0.889763779527559,0.984251968503937,0.9606299212598425,0.89501312335958,0.8863892013498312,0.8065616797900261,2020-06-12,0.6850393700787402,87.0,272.875
2020-06-12,272.875,87,0.6850393700787402,0.9291338582677166,0.8110236220472441,0.889763779527559,0.9291338582677166,0.8766404199475066,0.8818897637795275,0.8141732283464567,2020-06-13,0.84251968503937,107.0,333.8333333333333
2020-06-13,333.8333333333333,107,0.84251968503937,0.6850393700787402,0.9291338582677166,0.8110236220472441,0.8740157480314961,0.8083989501312336,0.8470191226096738,0.8141732283464568,2020-06-14,0.9448818897637795,120.0,372.0833333333333
2020-06-14,372.0833333333333,120,0.9448818897637795,0.84251968503937,0.6850393700787402,0.9291338582677166,0.7559055118110236,0.8188976377952756,0.8425196850393701,0.8254593175853019,2020-06-15,0.5275590551181102,67.0,210.95833333333331
2020-06-15,210.95833333333331,67,0.5275590551181102,0.9448818897637795,0.84251968503937,0.6850393700787402,0.984251968503937,0.8241469816272966,0.8695163104611924,0.8272965879265092,2020-06-16,0.9448818897637795,120.0,373.7083333333333
2020-06-16,373.7083333333333,120,0.9448818897637795,0.5275590551181102,0.9448818897637795,0.84251968503937,0.889763779527559,0.7716535433070866,0.8042744656917885,0.8183727034120735,2020-06-17,1.0,127.0,393.9166666666667
2020-06-17,393.9166666666667,127,1.0,0.9448818897637795,0.5275590551181102,0.9448818897637795,0.8110236220472441,0.8057742782152232,0.81214848143982,0.8257217847769028,2020-06-18,0.968503937007874,123.0,383.0833333333333
2020-06-18,383.0833333333333,123,0.968503937007874,1.0,0.9448818897637795,0.5275590551181102,0.9291338582677166,0.8241469816272966,0.8391451068616423,0.8388451443569553,2020-06-19,0.952755905511811,121.0,376.3333333333333
2020-06-19,376.3333333333333,121,0.952755905511811,0.968503937007874,1.0,0.9448818897637795,0.6850393700787402,0.9711286089238845,0.8447694038245219,0.8511811023622047,2020-06-20,0.9133858267716536,116.0,361.0833333333333
2020-06-20,361.0833333333333,116,0.9133858267716536,0.952755905511811,0.968503937007874,1.0,0.84251968503937,0.9737532808398949,0.8830146231721034,0.8545931758530183,2020-06-21,0.9291338582677166,118.0,367.4166666666667
2020-06-21,367.4166666666667,118,0.9291338582677166,0.9133858267716536,0.952755905511811,0.968503937007874,0.9448818897637795,0.9448818897637795,0.8931383577052868,0.8540682414698163,2020-06-22,0.9448818897637795,120.0,372.3333333333333
2020-06-22,372.3333333333333,120,0.9448818897637795,0.9291338582677166,0.9133858267716536,0.952755905511811,0.5275590551181102,0.931758530183727,0.8908886389201349,0.8622047244094487,2020-06-23,0.8110236220472441,103.0,320.7916666666667
2020-06-23,320.7916666666667,103,0.8110236220472441,0.9448818897637795,0.9291338582677166,0.9133858267716536,0.9448818897637795,0.9291338582677166,0.9505061867266591,0.8619422572178478,2020-06-24,0.7637795275590551,97.0,302.4583333333333
2020-06-24,302.4583333333333,97,0.7637795275590551,0.8110236220472441,0.9448818897637795,0.9291338582677166,1.0,0.89501312335958,0.9313835770528683,0.8587926509186352,2020-06-25,0.8661417322834646,110.0,341.5
2020-06-25,341.5,110,0.8661417322834646,0.7637795275590551,0.8110236220472441,0.9448818897637795,0.968503937007874,0.8398950131233596,0.8976377952755905,0.8532808398950131,2020-06-26,0.952755905511811,121.0,375.4166666666667
2020-06-26,375.4166666666667,121,0.952755905511811,0.8661417322834646,0.7637795275590551,0.8110236220472441,0.952755905511811,0.8136482939632547,0.8830146231721034,0.8530183727034121,2020-06-27,0.8346456692913385,106.0,331.0
2020-06-27,331.0,106,0.8346456692913385,0.952755905511811,0.8661417322834646,0.7637795275590551,0.9133858267716536,0.8608923884514436,0.8830146231721034,0.8538057742782151,2020-06-28,0.8110236220472441,103.0,321.5
2020-06-28,321.5,103,0.8110236220472441,0.8346456692913385,0.952755905511811,0.8661417322834646,0.9291338582677166,0.8845144356955381,0.8717660292463442,0.8496062992125984,2020-06-29,0.952755905511811,121.0,376.2916666666667
2020-06-29,376.2916666666667,121,0.952755905511811,0.8110236220472441,0.8346456692913385,0.952755905511811,0.9448818897637795,0.8661417322834645,0.8548931383577053,0.8540682414698163,2020-06-30,0.968503937007874,123.0,382.0
2020-06-30,382.0,123,0.968503937007874,0.952755905511811,0.8110236220472441,0.8346456692913385,0.8110236220472441,0.8661417322834645,0.8560179977502812,0.8622047244094487,2020-07-01,0.968503937007874,123.0,383.3333333333333
2020-07-01,383.3333333333333,123,0.968503937007874,0.968503937007874,0.952755905511811,0.8110236220472441,0.7637795275590551,0.910761154855643,0.8785151856017998,0.8679790026246719,2020-07-02,0.937007874015748,119.0,369.5
2020-07-02,369.5,119,0.937007874015748,0.968503937007874,0.968503937007874,0.952755905511811,0.8661417322834646,0.9632545931758529,0.9077615298087739,0.8850393700787401,2020-07-03,0.968503937007874,123.0,381.9583333333333
2020-07-03,381.9583333333333,123,0.968503937007874,0.937007874015748,0.968503937007874,0.968503937007874,0.952755905511811,0.9580052493438319,0.9178852643419573,0.8858267716535433,2020-07-04,0.9763779527559056,124.0,385.6666666666667
2020-07-04,385.6666666666667,124,0.9763779527559056,0.968503937007874,0.937007874015748,0.968503937007874,0.8346456692913385,0.9580052493438319,0.9201349831271092,0.8874015748031496,2020-07-05,0.984251968503937,125.0,388.5416666666667
2020-07-05,388.5416666666667,125,0.984251968503937,0.9763779527559056,0.968503937007874,0.937007874015748,0.8110236220472441,0.9606299212598425,0.9403824521934758,0.8879265091863517,2020-07-06,0.984251968503937,125.0,389.0416666666667
2020-07-06,389.0416666666667,125,0.984251968503937,0.984251968503937,0.9763779527559056,0.968503937007874,0.952755905511811,0.9763779527559056,0.9651293588301463,0.8897637795275591,2020-07-07,0.937007874015748,119.0,371.4583333333333
2020-07-07,371.4583333333333,119,0.937007874015748,0.984251968503937,0.984251968503937,0.9763779527559056,0.968503937007874,0.9816272965879266,0.96962879640045,0.8934383202099738,2020-07-08,0.9606299212598425,122.0,379.4583333333333
2020-07-08,379.4583333333333,122,0.9606299212598425,0.937007874015748,0.984251968503937,0.984251968503937,0.968503937007874,0.9685039370078741,0.9651293588301463,0.8994750656167979,2020-07-09,0.968503937007874,123.0,381.125
2020-07-09,381.125,123,0.968503937007874,0.9606299212598425,0.937007874015748,0.984251968503937,0.937007874015748,0.9606299212598425,0.9640044994375703,0.8986876640419947,2020-07-10,0.9606299212598425,122.0,378.375
2020-07-10,378.375,122,0.9606299212598425,0.968503937007874,0.9606299212598425,0.937007874015748,0.968503937007874,0.9553805774278215,0.968503937007874,0.9013123359580052,2020-07-11,0.952755905511811,121.0,376.0
2020-07-11,376.0,121,0.952755905511811,0.9606299212598425,0.968503937007874,0.9606299212598425,0.9763779527559056,0.9632545931758529,0.9673790776152981,0.9062992125984252,2020-07-12,0.9763779527559056,124.0,383.9166666666667
2020-07-12,383.9166666666667,124,0.9763779527559056,0.952755905511811,0.9606299212598425,0.968503937007874,0.984251968503937,0.9606299212598425,0.9640044994375703,0.9070866141732282,2020-07-13,0.9606299212598425,122.0,379.875
2020-07-13,379.875,122,0.9606299212598425,0.9763779527559056,0.952755905511811,0.9606299212598425,0.984251968503937,0.963254593175853,0.9628796400449943,0.9167979002624672,2020-07-14,0.937007874015748,119.0,369.25
2020-07-14,369.25,119,0.937007874015748,0.9606299212598425,0.9763779527559056,0.952755905511811,0.937007874015748,0.9632545931758529,0.9595050618672666,0.9207349081364828,2020-07-15,0.9212598425196851,117.0,364.9166666666667
2020-07-15,364.9166666666667,117,0.9212598425196851,0.937007874015748,0.9606299212598425,0.9763779527559056,0.9606299212598425,0.9580052493438321,0.9595050618672667,0.9204724409448819,2020-07-16,0.8110236220472441,103.0,322.875
2020-07-16,322.875,103,0.8110236220472441,0.9212598425196851,0.937007874015748,0.9606299212598425,0.968503937007874,0.9396325459317585,0.953880764904387,0.9335958005249343,2020-07-17,0.8818897637795275,112.0,349.125
2020-07-17,349.125,112,0.8818897637795275,0.8110236220472441,0.9212598425196851,0.937007874015748,0.9606299212598425,0.8897637795275589,0.9313835770528683,0.9291338582677166,2020-07-18,0.905511811023622,115.0,356.75
2020-07-18,356.75,115,0.905511811023622,0.8818897637795275,0.8110236220472441,0.9212598425196851,0.952755905511811,0.8713910761154855,0.9201349831271092,0.9251968503937008,2020-07-19,0.8267716535433071,105.0,327.125
2020-07-19,327.125,105,0.8267716535433071,0.905511811023622,0.8818897637795275,0.8110236220472441,0.9763779527559056,0.8661417322834645,0.9133858267716536,0.9230971128608925,2020-07-20,0.8031496062992126,102.0,318.0833333333333
2020-07-20,318.0833333333333,102,0.8031496062992126,0.8267716535433071,0.905511811023622,0.8818897637795275,0.9606299212598425,0.8713910761154855,0.8920134983127108,0.9188976377952756,2020-07-21,0.7007874015748031,89.0,277.4166666666667
2020-07-21,277.4166666666667,89,0.7007874015748031,0.8031496062992126,0.8267716535433071,0.905511811023622,0.937007874015748,0.8451443569553806,0.8695163104611924,0.9152230971128609,2020-07-22,0.5984251968503937,76.0,240.08333333333331
2020-07-22,240.08333333333331,76,0.5984251968503937,0.7007874015748031,0.8031496062992126,0.8267716535433071,0.9212598425196851,0.7769028871391076,0.8357705286839144,0.9076115485564304,2020-07-23,0.8346456692913385,106.0,330.9583333333333
2020-07-23,330.9583333333333,106,0.8346456692913385,0.5984251968503937,0.7007874015748031,0.8031496062992126,0.8110236220472441,0.7007874015748032,0.7896512935883014,0.8960629921259842,2020-07-24,0.7559055118110236,96.0,300.5416666666667
2020-07-24,300.5416666666667,96,0.7559055118110236,0.8346456692913385,0.5984251968503937,0.7007874015748031,0.8818897637795275,0.7112860892388451,0.7930258717660292,0.8968503937007873,2020-07-25,0.8661417322834646,110.0,342.7083333333333
2020-07-25,342.7083333333333,110,0.8661417322834646,0.7559055118110236,0.8346456692913385,0.5984251968503937,0.905511811023622,0.7296587926509185,0.7750281214848144,0.8965879265091863,2020-07-26,0.8110236220472441,103.0,321.9583333333333
2020-07-26,321.9583333333333,103,0.8110236220472441,0.8661417322834646,0.7559055118110236,0.8346456692913385,0.8267716535433071,0.8188976377952756,0.7694038245219347,0.8965879265091863,2020-07-27,0.6220472440944882,79.0,247.04166666666663
2020-07-27,247.04166666666663,79,0.6220472440944882,0.8110236220472441,0.8661417322834646,0.7559055118110236,0.8031496062992126,0.8110236220472441,0.7671541057367829,0.8918635170603674,2020-07-28,0.889763779527559,113.0,351.7916666666667
2020-07-28,351.7916666666667,113,0.889763779527559,0.6220472440944882,0.8110236220472441,0.8661417322834646,0.7007874015748031,0.7664041994750656,0.7412823397075365,0.8847769028871392,2020-07-29,0.905511811023622,115.0,359.25
2020-07-29,359.25,115,0.905511811023622,0.889763779527559,0.6220472440944882,0.8110236220472441,0.5984251968503937,0.774278215223097,0.7682789651293589,0.8874015748031496,2020-07-30,0.905511811023622,115.0,358.5
2020-07-30,358.5,115,0.905511811023622,0.905511811023622,0.889763779527559,0.6220472440944882,0.8346456692913385,0.8057742782152232,0.81214848143982,0.8858267716535433,2020-07-31,0.905511811023622,115.0,357.2916666666667
2020-07-31,357.2916666666667,115,0.905511811023622,0.905511811023622,0.905511811023622,0.889763779527559,0.7559055118110236,0.900262467191601,0.8222722159730035,0.8837270341207349,2020-08-01,0.905511811023622,115.0,358.625
2020-08-01,358.625,115,0.905511811023622,0.905511811023622,0.905511811023622,0.905511811023622,0.8661417322834646,0.905511811023622,0.8436445444319459,0.8816272965879265,2020-08-02,0.905511811023622,115.0,357.2916666666667
2020-08-02,357.2916666666667,115,0.905511811023622,0.905511811023622,0.905511811023622,0.905511811023622,0.8110236220472441,0.905511811023622,0.8492688413948256,0.8805774278215224,2020-08-03,0.8740157480314961,111.0,345.625
2020-08-03,345.625,111,0.8740157480314961,0.905511811023622,0.905511811023622,0.905511811023622,0.6220472440944882,0.905511811023622,0.8627671541057368,0.8784776902887139,2020-08-04,0.8740157480314961,111.0,346.75
2020-08-04,346.75,111,0.8740157480314961,0.8740157480314961,0.905511811023622,0.905511811023622,0.889763779527559,0.8950131233595799,0.8987626546681665,0.8750656167979003,2020-08-05,0.8661417322834646,110.0,343.1666666666667
2020-08-05,343.1666666666667,110,0.8661417322834646,0.8740157480314961,0.8740157480314961,0.905511811023622,0.905511811023622,0.8845144356955381,0.8965129358830145,0.8713910761154854,2020-08-06,0.8740157480314961,111.0,346.7083333333333
2020-08-06,346.7083333333333,111,0.8740157480314961,0.8661417322834646,0.8740157480314961,0.8740157480314961,0.905511811023622,0.8713910761154855,0.8908886389201349,0.8674540682414698,2020-08-07,0.84251968503937,107.0,332.7916666666667
2020-08-07,332.7916666666667,107,0.84251968503937,0.8740157480314961,0.8661417322834646,0.8740157480314961,0.905511811023622,0.8713910761154856,0.8863892013498312,0.8653543307086614,2020-08-08,0.8503937007874016,108.0,335.5
2020-08-08,335.5,108,0.8503937007874016,0.84251968503937,0.8740157480314961,0.8661417322834646,0.905511811023622,0.8608923884514436,0.8773903262092239,0.8614173228346457,2020-08-09,0.8503937007874016,108.0,337.875
2020-08-09,337.875,108,0.8503937007874016,0.8503937007874016,0.84251968503937,0.8740157480314961,0.905511811023622,0.8556430446194225,0.8695163104611924,0.8574803149606299,2020-08-10,0.7559055118110236,96.0,300.125
2020-08-10,300.125,96,0.7559055118110236,0.8503937007874016,0.8503937007874016,0.84251968503937,0.8740157480314961,0.847769028871391,0.8616422947131609,0.8538057742782154,2020-08-11,0.4881889763779528,62.0,195.79166666666663
2020-08-11,195.79166666666663,62,0.4881889763779528,0.7559055118110236,0.8503937007874016,0.8503937007874016,0.8740157480314961,0.8188976377952756,0.8447694038245219,0.847244094488189,2020-08-12,0.8740157480314961,111.0,347.1666666666667
2020-08-12,347.1666666666667,111,0.8740157480314961,0.4881889763779528,0.7559055118110236,0.8503937007874016,0.8661417322834646,0.6981627296587926,0.7896512935883016,0.8309711286089239,2020-08-13,0.8346456692913385,106.0,329.7916666666667
2020-08-13,329.7916666666667,106,0.8346456692913385,0.8740157480314961,0.4881889763779528,0.7559055118110236,0.8740157480314961,0.706036745406824,0.7907761529808773,0.8280839895013123,2020-08-14,0.7007874015748031,89.0,278.4583333333333
2020-08-14,278.4583333333333,89,0.7007874015748031,0.8346456692913385,0.8740157480314961,0.4881889763779528,0.84251968503937,0.7322834645669292,0.7851518560179978,0.8246719160104987,2020-08-15,0.6535433070866141,83.0,260.4166666666667
2020-08-15,260.4166666666667,83,0.6535433070866141,0.7007874015748031,0.8346456692913385,0.8740157480314961,0.8503937007874016,0.8031496062992126,0.7649043869516311,0.8173228346456692,2020-08-16,0.5118110236220472,65.0,206.79166666666663
2020-08-16,206.79166666666663,65,0.5118110236220472,0.6535433070866141,0.7007874015748031,0.8346456692913385,0.8503937007874016,0.7296587926509185,0.7367829021372329,0.8120734908136483,2020-08-17,0.5590551181102362,71.0,222.5
2020-08-17,222.5,71,0.5590551181102362,0.5118110236220472,0.6535433070866141,0.7007874015748031,0.7559055118110236,0.6220472440944882,0.688413948256468,0.7997375328083989,2020-08-18,0.6377952755905512,81.0,253.83333333333331
2020-08-18,253.83333333333331,81,0.6377952755905512,0.5590551181102362,0.5118110236220472,0.6535433070866141,0.4881889763779528,0.5748031496062992,0.6602924634420697,0.7881889763779527,2020-08-19,0.7244094488188977,92.0,287.0416666666667
2020-08-19,287.0416666666667,92,0.7244094488188977,0.6377952755905512,0.5590551181102362,0.5118110236220472,0.8740157480314961,0.5695538057742783,0.6816647919010123,0.7818897637795276,2020-08-20,0.7716535433070866,98.0,305.125
2020-08-20,305.125,98,0.7716535433070866,0.7244094488188977,0.6377952755905512,0.5590551181102362,0.8346456692913385,0.6404199475065617,0.6602924634420697,0.779265091863517,2020-08-21,0.7401574803149606,94.0,295.375
2020-08-21,295.375,94,0.7401574803149606,0.7716535433070866,0.7244094488188977,0.6377952755905512,0.7007874015748031,0.7112860892388452,0.6512935883014623,0.7816272965879264,2020-08-22,0.6850393700787402,87.0,272.0
2020-08-22,272.0,87,0.6850393700787402,0.7401574803149606,0.7716535433070866,0.7244094488188977,0.6535433070866141,0.7454068241469817,0.6569178852643419,0.7863517060367454,2020-08-23,0.5433070866141733,69.0,218.75
2020-08-23,218.75,69,0.5433070866141733,0.6850393700787402,0.7401574803149606,0.7716535433070866,0.5118110236220472,0.732283464566929,0.6614173228346456,0.7813648293963256,2020-08-24,0.5748031496062992,73.0,230.75
2020-08-24,230.75,73,0.5748031496062992,0.5433070866141733,0.6850393700787402,0.7401574803149606,0.5590551181102362,0.6561679790026247,0.6659167604049493,0.774278215223097,2020-08-25,0.5354330708661418,68.0,215.91666666666663
2020-08-25,215.91666666666663,68,0.5354330708661418,0.5748031496062992,0.5433070866141733,0.6850393700787402,0.6377952755905512,0.6010498687664042,0.6681664791901013,0.7645669291338583,2020-08-26,0.6929133858267716,88.0,274.5
2020-08-26,274.5,88,0.6929133858267716,0.5354330708661418,0.5748031496062992,0.5433070866141733,0.7244094488188977,0.5511811023622047,0.6535433070866142,0.7553805774278215,2020-08-27,0.7637795275590551,97.0,301.9583333333333
2020-08-27,301.9583333333333,97,0.7637795275590551,0.6929133858267716,0.5354330708661418,0.5748031496062992,0.7716535433070866,0.6010498687664042,0.6490438695163104,0.757742782152231,2020-08-28,0.7322834645669292,93.0,289.8333333333333
2020-08-28,289.8333333333333,93,0.7322834645669292,0.7637795275590551,0.6929133858267716,0.5354330708661418,0.7401574803149606,0.6640419947506562,0.6479190101237345,0.7535433070866142,2020-08-29,0.7322834645669292,93.0,289.6666666666667
2020-08-29,289.6666666666667,93,0.7322834645669292,0.7322834645669292,0.7637795275590551,0.6929133858267716,0.6850393700787402,0.7296587926509187,0.6467941507311586,0.7477690288713911,2020-08-30,0.6614173228346457,84.0,263.4583333333333
2020-08-30,263.4583333333333,84,0.6614173228346457,0.7322834645669292,0.7322834645669292,0.7637795275590551,0.5433070866141733,0.7427821522309711,0.6535433070866142,0.7419947506561679,2020-08-31,0.7244094488188977,92.0,287.375
2020-08-31,287.375,92,0.7244094488188977,0.6614173228346457,0.7322834645669292,0.7322834645669292,0.5748031496062992,0.7086614173228347,0.6704161979752532,0.7338582677165354,2020-09-01,0.7480314960629921,95.0,298.2916666666667
2020-09-01,298.2916666666667,95,0.7480314960629921,0.7244094488188977,0.6614173228346457,0.7322834645669292,0.5354330708661418,0.7060367454068243,0.6917885264341956,0.7278215223097112,2020-09-02,0.7480314960629921,95.0,297.25
2020-09-02,297.25,95,0.7480314960629921,0.7480314960629921,0.7244094488188977,0.6614173228346457,0.6929133858267716,0.7112860892388452,0.7221597300337458,0.7225721784776903,2020-09-03,0.7244094488188977,92.0,287.9166666666667
2020-09-03,287.9166666666667,92,0.7244094488188977,0.7480314960629921,0.7480314960629921,0.7244094488188977,0.7637795275590551,0.7401574803149606,0.7300337457817773,0.7183727034120735,2020-09-04,0.7086614173228346,90.0,283.25
2020-09-04,283.25,90,0.7086614173228346,0.7244094488188977,0.7480314960629921,0.7480314960629921,0.7322834645669292,0.7401574803149606,0.7244094488188976,0.7133858267716536,2020-09-05,0.6692913385826772,85.0,266.6666666666667
2020-09-05,266.6666666666667,85,0.6692913385826772,0.7086614173228346,0.7244094488188977,0.7480314960629921,0.7322834645669292,0.727034120734908,0.7210348706411699,0.7081364829396326,2020-09-06,0.6062992125984252,77.0,242.25
2020-09-06,242.25,77,0.6062992125984252,0.6692913385826772,0.7086614173228346,0.7244094488188977,0.6614173228346457,0.7007874015748031,0.7120359955005624,0.7013123359580052,2020-09-07,0.6377952755905512,81.0,254.83333333333331
2020-09-07,254.83333333333331,81,0.6377952755905512,0.6062992125984252,0.6692913385826772,0.7086614173228346,0.7244094488188977,0.6614173228346457,0.7041619797525309,0.6934383202099738,2020-09-08,0.7480314960629921,95.0,297.6666666666667
2020-09-08,297.6666666666667,95,0.7480314960629921,0.6377952755905512,0.6062992125984252,0.6692913385826772,0.7480314960629921,0.6377952755905513,0.6917885264341957,0.6863517060367454,2020-09-09,0.7322834645669292,93.0,291.375
2020-09-09,291.375,93,0.7322834645669292,0.7480314960629921,0.6377952755905512,0.6062992125984252,0.7480314960629921,0.6640419947506562,0.6917885264341957,0.6829396325459317,2020-09-10,0.7322834645669292,93.0,289.75
2020-09-10,289.75,93,0.7322834645669292,0.7322834645669292,0.7480314960629921,0.6377952755905512,0.7244094488188977,0.7060367454068243,0.689538807649044,0.6821522309711286,2020-09-11,0.6850393700787402,87.0,271.9583333333333
2020-09-11,271.9583333333333,87,0.6850393700787402,0.7322834645669292,0.7322834645669292,0.7480314960629921,0.7086614173228346,0.7375328083989502,0.6906636670416199,0.6902887139107612,2020-09-12,0.6771653543307087,86.0,269.1666666666667
2020-09-12,269.1666666666667,86,0.6771653543307087,0.6850393700787402,0.7322834645669292,0.7322834645669292,0.6692913385826772,0.7165354330708661,0.6872890888638921,0.683989501312336,2020-09-13,0.6614173228346457,84.0,264.6666666666667
2020-09-13,264.6666666666667,84,0.6614173228346457,0.6771653543307087,0.6850393700787402,0.7322834645669292,0.6062992125984252,0.6981627296587926,0.6884139482564678,0.6787401574803149,2020-09-14,0.5511811023622047,70.0,219.83333333333331
2020-09-14,219.83333333333331,70,0.5511811023622047,0.6614173228346457,0.6771653543307087,0.6850393700787402,0.6377952755905512,0.6745406824146981,0.6962879640044994,0.6774278215223097,2020-09-15,0.4881889763779528,62.0,197.95833333333331
2020-09-15,197.95833333333331,62,0.4881889763779528,0.5511811023622047,0.6614173228346457,0.6771653543307087,0.7480314960629921,0.6299212598425198,0.6839145106861643,0.674015748031496,2020-09-16,0.49606299212598426,63.0,200.5
2020-09-16,200.5,63,0.49606299212598426,0.4881889763779528,0.5511811023622047,0.6614173228346457,0.7322834645669292,0.5669291338582677,0.6467941507311586,0.6732283464566929,2020-09-17,0.4645669291338583,59.0,188.33333333333331
2020-09-17,188.33333333333331,59,0.4645669291338583,0.49606299212598426,0.4881889763779528,0.5511811023622047,0.7322834645669292,0.5118110236220472,0.6130483689538808,0.6711286089238845,2020-09-18,0.3858267716535433,49.0,157.45833333333334
2020-09-18,157.45833333333334,49,0.3858267716535433,0.4645669291338583,0.49606299212598426,0.4881889763779528,0.6850393700787402,0.4829396325459318,0.5748031496062992,0.6653543307086613,2020-09-19,0.6456692913385826,82.0,258.3333333333333
2020-09-19,258.3333333333333,82,0.6456692913385826,0.3858267716535433,0.4645669291338583,0.49606299212598426,0.6771653543307087,0.4488188976377953,0.532058492688414,0.6540682414698163,2020-09-20,0.6456692913385826,82.0,256.1666666666667
2020-09-20,256.1666666666667,82,0.6456692913385826,0.6456692913385826,0.3858267716535433,0.4645669291338583,0.6614173228346457,0.49868766404199477,0.5275590551181102,0.6498687664041995,2020-09-21,0.6062992125984252,77.0,242.66666666666663
2020-09-21,242.66666666666663,77,0.6062992125984252,0.6456692913385826,0.6456692913385826,0.3858267716535433,0.5511811023622047,0.5590551181102362,0.5253093363329584,0.6467191601049869,2020-09-22,0.6377952755905512,81.0,255.33333333333331
2020-09-22,255.33333333333331,81,0.6377952755905512,0.6062992125984252,0.6456692913385826,0.6456692913385826,0.4881889763779528,0.6325459317585301,0.5331833520809898,0.6440944881889763,2020-09-23,0.6377952755905512,81.0,253.5
2020-09-23,253.5,81,0.6377952755905512,0.6377952755905512,0.6062992125984252,0.6456692913385826,0.49606299212598426,0.6299212598425197,0.5545556805399324,0.647244094488189,2020-09-24,0.6377952755905512,81.0,253.5
2020-09-24,253.5,81,0.6377952755905512,0.6377952755905512,0.6377952755905512,0.6062992125984252,0.4645669291338583,0.6272965879265092,0.5748031496062992,0.6493438320209974,2020-09-25,0.6220472440944882,79.0,248.54166666666663
2020-09-25,248.54166666666663,79,0.6220472440944882,0.6377952755905512,0.6377952755905512,0.6377952755905512,0.3858267716535433,0.6377952755905512,0.5995500562429695,0.6527559055118111,2020-09-26,0.5748031496062992,73.0,229.125
2020-09-26,229.125,73,0.5748031496062992,0.6220472440944882,0.6377952755905512,0.6377952755905512,0.6456692913385826,0.6325459317585301,0.6332958380202475,0.6503937007874016,2020-09-27,0.6062992125984252,77.0,242.79166666666663
2020-09-27,242.79166666666663,77,0.6062992125984252,0.5748031496062992,0.6220472440944882,0.6377952755905512,0.6456692913385826,0.6115485564304461,0.6231721034870642,0.6440944881889763,2020-09-28,0.6141732283464567,78.0,245.375
2020-09-28,245.375,78,0.6141732283464567,0.6062992125984252,0.5748031496062992,0.6220472440944882,0.6062992125984252,0.6010498687664042,0.6175478065241845,0.6398950131233595,2020-09-29,0.5826771653543307,74.0,232.58333333333331
2020-09-29,232.58333333333331,74,0.5826771653543307,0.6141732283464567,0.6062992125984252,0.5748031496062992,0.6377952755905512,0.5984251968503936,0.6186726659167604,0.635958005249344,2020-09-30,0.5511811023622047,70.0,220.0
2020-09-30,220.0,70,0.5511811023622047,0.5826771653543307,0.6141732283464567,0.6062992125984252,0.6377952755905512,0.6010498687664042,0.6107986501687288,0.6333333333333333,2020-10-01,0.6062992125984252,77.0,241.75
2020-10-01,241.75,77,0.6062992125984252,0.5511811023622047,0.5826771653543307,0.6141732283464567,0.6377952755905512,0.5826771653543307,0.5984251968503937,0.6275590551181103,2020-10-02,0.5826771653543307,74.0,232.5
2020-10-02,232.5,74,0.5826771653543307,0.6062992125984252,0.5511811023622047,0.5826771653543307,0.6220472440944882,0.5800524934383202,0.59392575928009,0.6228346456692914,2020-10-03,0.5748031496062992,73.0,229.79166666666663
2020-10-03,229.79166666666663,73,0.5748031496062992,0.5826771653543307,0.6062992125984252,0.5511811023622047,0.5748031496062992,0.5800524934383202,0.5883014623172104,0.6173228346456693,2020-10-04,0.5354330708661418,68.0,215.75
2020-10-04,215.75,68,0.5354330708661418,0.5748031496062992,0.5826771653543307,0.6062992125984252,0.6062992125984252,0.5879265091863517,0.5883014623172104,0.6123359580052494,2020-10-05,0.5433070866141733,69.0,216.54166666666663
2020-10-05,216.54166666666663,69,0.5433070866141733,0.5354330708661418,0.5748031496062992,0.5826771653543307,0.6141732283464567,0.5643044619422571,0.578177727784027,0.6065616797900262,2020-10-06,0.5118110236220472,65.0,205.54166666666663
2020-10-06,205.54166666666663,65,0.5118110236220472,0.5433070866141733,0.5354330708661418,0.5748031496062992,0.5826771653543307,0.5511811023622047,0.5680539932508436,0.6023622047244095,2020-10-07,0.49606299212598426,63.0,200.91666666666663
2020-10-07,200.91666666666663,63,0.49606299212598426,0.5118110236220472,0.5433070866141733,0.5354330708661418,0.5511811023622047,0.5301837270341209,0.5579302587176603,0.5992125984251969,2020-10-08,0.3700787401574803,47.0,152.04166666666666
2020-10-08,152.04166666666666,47,0.3700787401574803,0.49606299212598426,0.5118110236220472,0.5433070866141733,0.6062992125984252,0.5170603674540682,0.5500562429696289,0.594488188976378,2020-10-09,0.5039370078740157,64.0,201.375
2020-10-09,201.375,64,0.5039370078740157,0.3700787401574803,0.49606299212598426,0.5118110236220472,0.5826771653543307,0.45931758530183736,0.5163104611923509,0.5818897637795275,2020-10-10,0.33858267716535434,43.0,139.70833333333334
2020-10-10,139.70833333333334,43,0.33858267716535434,0.5039370078740157,0.3700787401574803,0.49606299212598426,0.5748031496062992,0.4566929133858268,0.5050618672665916,0.5742782152230971,2020-10-11,0.5275590551181102,67.0,212.75
2020-10-11,212.75,67,0.5275590551181102,0.33858267716535434,0.5039370078740157,0.3700787401574803,0.5354330708661418,0.4041994750656168,0.47131608548931386,0.5611548556430446,2020-10-12,0.5275590551181102,67.0,213.08333333333331
2020-10-12,213.08333333333331,67,0.5275590551181102,0.5275590551181102,0.33858267716535434,0.5039370078740157,0.5433070866141733,0.4566929133858268,0.47019122609673797,0.5559055118110235,2020-10-13,0.5039370078740157,64.0,201.79166666666663
2020-10-13,201.79166666666663,64,0.5039370078740157,0.5275590551181102,0.5275590551181102,0.33858267716535434,0.5118110236220472,0.4645669291338583,0.46794150731158596,0.5509186351706037,2020-10-14,0.5118110236220472,65.0,204.54166666666663
2020-10-14,204.54166666666663,65,0.5118110236220472,0.5039370078740157,0.5275590551181102,0.5275590551181102,0.49606299212598426,0.5196850393700787,0.46681664791901006,0.5456692913385827,2020-10-15,0.5118110236220472,65.0,204.70833333333331
2020-10-15,204.70833333333331,65,0.5118110236220472,0.5118110236220472,0.5039370078740157,0.5275590551181102,0.3700787401574803,0.5144356955380577,0.4690663667041619,0.5443569553805774,2020-10-16,0.5118110236220472,65.0,206.83333333333331
2020-10-16,206.83333333333331,65,0.5118110236220472,0.5118110236220472,0.5118110236220472,0.5039370078740157,0.5039370078740157,0.5091863517060368,0.4893138357705287,0.5451443569553807,2020-10-17,0.49606299212598426,63.0,199.79166666666663
2020-10-17,199.79166666666663,63,0.49606299212598426,0.5118110236220472,0.5118110236220472,0.5118110236220472,0.33858267716535434,0.5118110236220472,0.4904386951631046,0.5456692913385827,2020-10-18,0.49606299212598426,63.0,199.45833333333331
2020-10-18,199.45833333333331,63,0.49606299212598426,0.49606299212598426,0.5118110236220472,0.5118110236220472,0.5275590551181102,0.5065616797900262,0.5129358830146231,0.5467191601049869,2020-10-19,0.4881889763779528,62.0,196.91666666666663
2020-10-19,196.91666666666663,62,0.4881889763779528,0.49606299212598426,0.49606299212598426,0.5118110236220472,0.5275590551181102,0.5013123359580053,0.5084364454443194,0.5503937007874016,2020-10-20,0.48031496062992124,61.0,194.20833333333331
2020-10-20,194.20833333333331,61,0.48031496062992124,0.4881889763779528,0.49606299212598426,0.49606299212598426,0.5039370078740157,0.49343832020997375,0.5028121484814398,0.5451443569553807,2020-10-21,0.47244094488188976,60.0,190.625
2020-10-21,190.625,60,0.47244094488188976,0.48031496062992124,0.4881889763779528,0.49606299212598426,0.5118110236220472,0.4881889763779528,0.499437570303712,0.5396325459317585,2020-10-22,0.47244094488188976,60.0,190.41666666666663
2020-10-22,190.41666666666663,60,0.47244094488188976,0.47244094488188976,0.48031496062992124,0.4881889763779528,0.5118110236220472,0.4803149606299213,0.4938132733408324,0.5351706036745406,2020-10-23,0.4645669291338583,59.0,188.75
2020-10-23,188.75,59,0.4645669291338583,0.47244094488188976,0.47244094488188976,0.48031496062992124,0.5118110236220472,0.4750656167979002,0.4881889763779528,0.5296587926509186,2020-10-24,0.4566929133858268,58.0,184.58333333333331
2020-10-24,184.58333333333331,58,0.4566929133858268,0.4645669291338583,0.47244094488188976,0.47244094488188976,0.49606299212598426,0.46981627296587924,0.48143982002249724,0.5238845144356955,2020-10-25,0.3858267716535433,49.0,155.75
2020-10-25,155.75,49,0.3858267716535433,0.4566929133858268,0.4645669291338583,0.47244094488188976,0.49606299212598426,0.4645669291338583,0.4758155230596176,0.5178477690288713,2020-10-26,0.44881889763779526,57.0,182.875
2020-10-26,182.875,57,0.44881889763779526,0.3858267716535433,0.4566929133858268,0.4645669291338583,0.4881889763779528,0.43569553805774275,0.4600674915635546,0.5099737532808398,2020-10-27,0.4566929133858268,58.0,183.75
2020-10-27,183.75,58,0.4566929133858268,0.44881889763779526,0.3858267716535433,0.4566929133858268,0.48031496062992124,0.4304461942257218,0.4544431946006749,0.5057742782152231,2020-10-28,0.44881889763779526,57.0,182.70833333333331
2020-10-28,182.70833333333331,57,0.44881889763779526,0.4566929133858268,0.44881889763779526,0.3858267716535433,0.47244094488188976,0.4304461942257218,0.45106861642294716,0.5007874015748032,2020-10-29,0.44881889763779526,57.0,180.45833333333331
2020-10-29,180.45833333333331,57,0.44881889763779526,0.44881889763779526,0.4566929133858268,0.44881889763779526,0.47244094488188976,0.4514435695538057,0.44769403824521936,0.4952755905511811,2020-10-30,0.4409448818897638,56.0,179.33333333333334
2020-10-30,179.33333333333334,56,0.4409448818897638,0.44881889763779526,0.44881889763779526,0.4566929133858268,0.4645669291338583,0.45144356955380577,0.4443194600674915,0.49081364829396323,2020-10-31,0.4330708661417323,55.0,174.625
2020-10-31,174.625,55,0.4330708661417323,0.4409448818897638,0.44881889763779526,0.44881889763779526,0.4566929133858268,0.44619422572178474,0.4409448818897638,0.4871391076115486,2020-11-01,0.41732283464566927,53.0,168.75
2020-11-01,168.75,53,0.41732283464566927,0.4330708661417323,0.4409448818897638,0.44881889763779526,0.3858267716535433,0.4409448818897637,0.437570303712036,0.4813648293963254,2020-11-02,0.4094488188976378,52.0,165.5
2020-11-02,165.5,52,0.4094488188976378,0.41732283464566927,0.4330708661417323,0.4409448818897638,0.44881889763779526,0.4304461942257218,0.4420697412823397,0.47585301837270344,2020-11-03,0.4094488188976378,52.0,165.83333333333334
2020-11-03,165.83333333333334,52,0.4094488188976378,0.4094488188976378,0.41732283464566927,0.4330708661417323,0.4566929133858268,0.4199475065616798,0.43644544431946003,0.47034120734908136,2020-11-04,0.4015748031496063,51.0,163.83333333333334
2020-11-04,163.83333333333334,51,0.4015748031496063,0.4094488188976378,0.4094488188976378,0.41732283464566927,0.44881889763779526,0.4120734908136483,0.4296962879640045,0.46614173228346456,2020-11-05,0.3937007874015748,50.0,161.5
2020-11-05,161.5,50,0.3937007874015748,0.4015748031496063,0.4094488188976378,0.4094488188976378,0.44881889763779526,0.40682414698162733,0.42294713160854897,0.4614173228346457,2020-11-06,0.30708661417322836,39.0,127.70833333333331
2020-11-06,127.70833333333331,39,0.30708661417322836,0.3937007874015748,0.4015748031496063,0.4094488188976378,0.4409448818897638,0.4015748031496063,0.41507311586051737,0.45748031496062985,2020-11-07,0.16535433070866143,21.0,71.20833333333333
2020-11-07,71.20833333333333,21,0.16535433070866143,0.30708661417322836,0.3937007874015748,0.4015748031496063,0.4330708661417323,0.3674540682414698,0.39595050618672667,0.4511811023622047,2020-11-08,0.08661417322834646,11.0,40.625
2020-11-08,40.625,11,0.08661417322834646,0.16535433070866143,0.30708661417322836,0.3937007874015748,0.41732283464566927,0.2887139107611549,0.3577052868391451,0.44435695538057746,2020-11-09,0.28346456692913385,36.0,117.04166666666669
2020-11-09,117.04166666666669,36,0.28346456692913385,0.08661417322834646,0.16535433070866143,0.30708661417322836,0.4094488188976378,0.18635170603674542,0.3104611923509561,0.4304461942257218,2020-11-10,0.3779527559055118,48.0,154.20833333333334
2020-11-10,154.20833333333334,48,0.3779527559055118,0.28346456692913385,0.08661417322834646,0.16535433070866143,0.4094488188976378,0.17847769028871388,0.2924634420697413,0.42860892388451444,2020-11-11,0.3464566929133858,44.0,141.75
2020-11-11,141.75,44,0.3464566929133858,0.3779527559055118,0.28346456692913385,0.08661417322834646,0.4015748031496063,0.24934383202099739,0.28796400449943754,0.42362204724409447,2020-11-12,0.3700787401574803,47.0,151.29166666666666
2020-11-12,151.29166666666666,47,0.3700787401574803,0.3464566929133858,0.3779527559055118,0.28346456692913385,0.3937007874015748,0.3359580052493438,0.28008998875140606,0.4175853018372704,2020-11-13,0.28346456692913385,36.0,116.66666666666669
2020-11-13,116.66666666666669,36,0.28346456692913385,0.3700787401574803,0.3464566929133858,0.3779527559055118,0.30708661417322836,0.36482939632545935,0.2767154105736783,0.4131233595800525,2020-11-14,0.2755905511811024,35.0,115.75
2020-11-14,115.75,35,0.2755905511811024,0.28346456692913385,0.3700787401574803,0.3464566929133858,0.16535433070866143,0.3333333333333333,0.2733408323959505,0.40551181102362205,2020-11-15,0.33858267716535434,43.0,138.29166666666666
2020-11-15,138.29166666666666,43,0.33858267716535434,0.2755905511811024,0.28346456692913385,0.3700787401574803,0.08661417322834646,0.30971128608923887,0.2890888638920135,0.39763779527559057,2020-11-16,0.3543307086614173,45.0,144.75
2020-11-16,144.75,45,0.3543307086614173,0.33858267716535434,0.2755905511811024,0.28346456692913385,0.28346456692913385,0.2992125984251968,0.32508436445444316,0.3918635170603675,2020-11-17,0.2047244094488189,26.0,87.79166666666667
2020-11-17,87.79166666666667,26,0.2047244094488189,0.3543307086614173,0.33858267716535434,0.2755905511811024,0.3779527559055118,0.3228346456692914,0.33520809898762655,0.3871391076115485,2020-11-18,0.2755905511811024,35.0,114.875
2020-11-18,114.875,35,0.2755905511811024,0.2047244094488189,0.3543307086614173,0.33858267716535434,0.3464566929133858,0.2992125984251968,0.31046119235095615,0.37742782152230975,2020-11-19,0.3464566929133858,44.0,140.625
2020-11-19,140.625,44,0.3464566929133858,0.2755905511811024,0.2047244094488189,0.3543307086614173,0.3700787401574803,0.27821522309711283,0.30033745781777277,0.3703412073490814,2020-11-20,0.30708661417322836,39.0,126.08333333333331
2020-11-20,126.08333333333331,39,0.30708661417322836,0.3464566929133858,0.2755905511811024,0.2047244094488189,0.28346456692913385,0.2755905511811024,0.296962879640045,0.3658792650918635,2020-11-21,0.33858267716535434,43.0,140.20833333333334
2020-11-21,140.20833333333334,43,0.33858267716535434,0.30708661417322836,0.3464566929133858,0.2755905511811024,0.2755905511811024,0.30971128608923887,0.30033745781777277,0.36036745406824144,2020-11-22,0.3228346456692913,41.0,132.125
2020-11-22,132.125,41,0.3228346456692913,0.33858267716535434,0.30708661417322836,0.3464566929133858,0.33858267716535434,0.33070866141732286,0.3093363329583802,0.35590551181102364,2020-11-23,0.3228346456692913,41.0,133.58333333333334
2020-11-23,133.58333333333334,41,0.3228346456692913,0.3228346456692913,0.33858267716535434,0.30708661417322836,0.3543307086614173,0.3228346456692913,0.3070866141732283,0.3511811023622047,2020-11-24,0.33070866141732286,42.0,134.54166666666666
2020-11-24,134.54166666666666,42,0.33070866141732286,0.3228346456692913,0.3228346456692913,0.33858267716535434,0.2047244094488189,0.3280839895013123,0.3025871766029246,0.3467191601049869,2020-11-25,0.28346456692913385,36.0,118.95833333333331
2020-11-25,118.95833333333331,36,0.28346456692913385,0.33070866141732286,0.3228346456692913,0.3228346456692913,0.2755905511811024,0.32545931758530183,0.3205849268841395,0.3448818897637796,2020-11-26,0.3228346456692913,41.0,133.04166666666666
2020-11-26,133.04166666666666,41,0.3228346456692913,0.28346456692913385,0.33070866141732286,0.3228346456692913,0.3464566929133858,0.3123359580052493,0.3217097862767154,0.33937007874015745,2020-11-27,0.3228346456692913,41.0,132.625
2020-11-27,132.625,41,0.3228346456692913,0.3228346456692913,0.28346456692913385,0.33070866141732286,0.30708661417322836,0.3123359580052493,0.31833520809898763,0.33490813648293966,2020-11-28,0.3228346456692913,41.0,132.79166666666666
2020-11-28,132.79166666666666,41,0.3228346456692913,0.3228346456692913,0.3228346456692913,0.28346456692913385,0.33858267716535434,0.30971128608923887,0.3205849268841395,0.33070866141732286,2020-11-29,0.31496062992125984,40.0,128.58333333333334
2020-11-29,128.58333333333334,40,0.31496062992125984,0.3228346456692913,0.3228346456692913,0.3228346456692913,0.3228346456692913,0.3228346456692913,0.31833520809898763,0.32650918635170606,2020-11-30,0.30708661417322836,39.0,126.91666666666669
2020-11-30,126.91666666666669,39,0.30708661417322836,0.31496062992125984,0.3228346456692913,0.3228346456692913,0.3228346456692913,0.3202099737532808,0.3172103487064117,0.3223097112860892,2020-12-01,0.30708661417322836,39.0,126.95833333333331
2020-12-01,126.95833333333331,39,0.30708661417322836,0.30708661417322836,0.31496062992125984,0.3228346456692913,0.33070866141732286,0.31496062992125984,0.31496062992125984,0.31811023622047246,2020-12-02,0.30708661417322836,39.0,127.0
2020-12-02,127.0,39,0.30708661417322836,0.30708661417322836,0.30708661417322836,0.31496062992125984,0.28346456692913385,0.30971128608923887,0.3115860517435321,0.3144356955380577,2020-12-03,0.30708661417322836,39.0,126.70833333333331
2020-12-03,126.70833333333331,39,0.30708661417322836,0.30708661417322836,0.30708661417322836,0.30708661417322836,0.3228346456692913,0.30708661417322836,0.31496062992125984,0.3110236220472441,2020-12-04,0.28346456692913385,36.0,116.66666666666669
2020-12-04,116.66666666666669,36,0.28346456692913385,0.30708661417322836,0.30708661417322836,0.30708661417322836,0.3228346456692913,0.30708661417322836,0.312710911136108,0.30761154855643047,2020-12-05,0.2992125984251969,38.0,122.95833333333331
2020-12-05,122.95833333333331,38,0.2992125984251969,0.28346456692913385,0.30708661417322836,0.30708661417322836,0.3228346456692913,0.2992125984251968,0.30708661417322836,0.3036745406824147,2020-12-06,0.29133858267716534,37.0,120.75
2020-12-06,120.75,37,0.29133858267716534,0.2992125984251969,0.28346456692913385,0.30708661417322836,0.31496062992125984,0.29658792650918636,0.3037120359955006,0.3005249343832021,2020-12-07,0.2992125984251969,38.0,122.45833333333331
2020-12-07,122.45833333333331,38,0.2992125984251969,0.29133858267716534,0.2992125984251969,0.28346456692913385,0.30708661417322836,0.29133858267716534,0.3003374578177728,0.3,2020-12-08,0.30708661417322836,39.0,126.25
2020-12-08,126.25,39,0.30708661417322836,0.2992125984251969,0.29133858267716534,0.2992125984251969,0.30708661417322836,0.29658792650918636,0.2992125984251968,0.30446194225721784,2020-12-09,0.29133858267716534,37.0,121.91666666666669
2020-12-09,121.91666666666669,37,0.29133858267716534,0.30708661417322836,0.2992125984251969,0.29133858267716534,0.30708661417322836,0.2992125984251969,0.2992125984251969,0.3118110236220472,2020-12-10,0.29133858267716534,37.0,120.33333333333331
2020-12-10,120.33333333333331,37,0.29133858267716534,0.29133858267716534,0.30708661417322836,0.2992125984251969,0.30708661417322836,0.2992125984251968,0.296962879640045,0.31207349081364827,2020-12-11,0.2204724409448819,28.0,93.08333333333331
2020-12-11,93.08333333333331,28,0.2204724409448819,0.29133858267716534,0.29133858267716534,0.30708661417322836,0.28346456692913385,0.29658792650918636,0.29471316085489313,0.3091863517060368,2020-12-12,0.25984251968503935,33.0,107.95833333333331
2020-12-12,107.95833333333331,33,0.25984251968503935,0.2204724409448819,0.29133858267716534,0.29133858267716534,0.2992125984251969,0.26771653543307083,0.2857142857142857,0.30498687664041996,2020-12-13,0.13385826771653545,17.0,58.54166666666666
2020-12-13,58.54166666666666,17,0.13385826771653545,0.25984251968503935,0.2204724409448819,0.29133858267716534,0.29133858267716534,0.25721784776902884,0.28008998875140606,0.3013123359580053,2020-12-14,0.13385826771653545,17.0,59.583333333333336
2020-12-14,59.583333333333336,17,0.13385826771653545,0.13385826771653545,0.25984251968503935,0.2204724409448819,0.2992125984251969,0.2047244094488189,0.2575928008998875,0.2963254593175853,2020-12-15,0.23622047244094488,30.0,97.79166666666669
2020-12-15,97.79166666666669,30,0.23622047244094488,0.13385826771653545,0.13385826771653545,0.25984251968503935,0.30708661417322836,0.1758530183727034,0.23397075365579303,0.29160104986876634,2020-12-16,0.1732283464566929,22.0,73.5
2020-12-16,73.5,22,0.1732283464566929,0.23622047244094488,0.13385826771653545,0.13385826771653545,0.29133858267716534,0.1679790026246719,0.22384701912260965,0.28818897637795277,2020-12-17,0.07874015748031496,10.0,37.16666666666666
2020-12-17,37.16666666666666,10,0.07874015748031496,0.1732283464566929,0.23622047244094488,0.13385826771653545,0.29133858267716534,0.18110236220472442,0.20697412823397074,0.2821522309711286,2020-12-18,0.28346456692913385,36.0,117.83333333333331
2020-12-18,117.83333333333331,36,0.28346456692913385,0.07874015748031496,0.1732283464566929,0.23622047244094488,0.2204724409448819,0.16272965879265092,0.1766029246344207,0.2779527559055118,2020-12-19,0.2755905511811024,35.0,113.75
2020-12-19,113.75,35,0.2755905511811024,0.28346456692913385,0.07874015748031496,0.1732283464566929,0.25984251968503935,0.17847769028871388,0.1856017997750281,0.27821522309711283,2020-12-20,0.2755905511811024,35.0,113.91666666666669
2020-12-20,113.91666666666669,35,0.2755905511811024,0.2755905511811024,0.28346456692913385,0.07874015748031496,0.13385826771653545,0.21259842519685038,0.18785151856017995,0.2758530183727034,2020-12-21,0.28346456692913385,36.0,118.20833333333331
2020-12-21,118.20833333333331,36,0.28346456692913385,0.2755905511811024,0.2755905511811024,0.28346456692913385,0.13385826771653545,0.2782152230971129,0.2080989876265467,0.2748031496062992,2020-12-22,0.29133858267716534,37.0,119.625
2020-12-22,119.625,37,0.29133858267716534,0.28346456692913385,0.2755905511811024,0.2755905511811024,0.23622047244094488,0.27821522309711283,0.22947131608548932,0.27296587926509186,2020-12-23,0.2992125984251969,38.0,122.08333333333331
2020-12-23,122.08333333333331,38,0.2992125984251969,0.29133858267716534,0.28346456692913385,0.2755905511811024,0.1732283464566929,0.2834645669291338,0.2373453318335208,0.27191601049868763,2020-12-24,0.2440944881889764,31.0,100.95833333333331
2020-12-24,100.95833333333331,31,0.2440944881889764,0.2992125984251969,0.29133858267716534,0.28346456692913385,0.07874015748031496,0.29133858267716534,0.25534308211473566,0.2711286089238845,2020-12-25,0.1732283464566929,22.0,76.08333333333333
2020-12-25,76.08333333333333,22,0.1732283464566929,0.2440944881889764,0.2992125984251969,0.29133858267716534,0.28346456692913385,0.2782152230971129,0.27896512935883017,0.26824146981627295,2020-12-26,0.2755905511811024,35.0,113.5
2020-12-26,113.5,35,0.2755905511811024,0.1732283464566929,0.2440944881889764,0.2992125984251969,0.2755905511811024,0.23884514435695536,0.26321709786276715,0.26456692913385826,2020-12-27,0.15748031496062992,20.0,69.79166666666667
2020-12-27,69.79166666666667,20,0.15748031496062992,0.2755905511811024,0.1732283464566929,0.2440944881889764,0.2755905511811024,0.23097112860892388,0.26321709786276715,0.262992125984252,2020-12-28,0.13385826771653545,17.0,58.29166666666666
2020-12-28,58.29166666666666,17,0.13385826771653545,0.15748031496062992,0.2755905511811024,0.1732283464566929,0.28346456692913385,0.2020997375328084,0.2463442069741282,0.25748031496062995,2020-12-29,0.2755905511811024,35.0,115.625
2020-12-29,115.625,35,0.2755905511811024,0.13385826771653545,0.15748031496062992,0.2755905511811024,0.29133858267716534,0.1889763779527559,0.22497187851518557,0.2511811023622047,2020-12-30,0.2125984251968504,27.0,90.70833333333331
2020-12-30,90.70833333333331,27,0.2125984251968504,0.2755905511811024,0.13385826771653545,0.15748031496062992,0.2992125984251969,0.1889763779527559,0.22272215973003373,0.24986876640419947,2020-12-31,0.23622047244094488,30.0,98.70833333333331
2020-12-31,98.70833333333331,30,0.23622047244094488,0.2125984251968504,0.2755905511811024,0.13385826771653545,0.2440944881889764,0.2073490813648294,0.21034870641169853,0.24671916010498687,2021-01-01,0.2204724409448819,28.0,94.29166666666669
2021-01-01,94.29166666666669,28,0.2204724409448819,0.23622047244094488,0.2125984251968504,0.2755905511811024,0.1732283464566929,0.2414698162729659,0.2092238470191226,0.24435695538057745,2021-01-02,0.1968503937007874,25.0,85.04166666666667
2021-01-02,85.04166666666667,25,0.1968503937007874,0.2204724409448819,0.23622047244094488,0.2125984251968504,0.2755905511811024,0.22309711286089237,0.21597300337457817,0.24146981627296588,2021-01-03,0.2283464566929134,29.0,96.04166666666669
2021-01-03,96.04166666666669,29,0.2283464566929134,0.1968503937007874,0.2204724409448819,0.23622047244094488,0.15748031496062992,0.21784776902887137,0.20472440944881892,0.23779527559055116,2021-01-04,0.1968503937007874,25.0,83.45833333333333
2021-01-04,83.45833333333333,25,0.1968503937007874,0.2283464566929134,0.1968503937007874,0.2204724409448819,0.13385826771653545,0.2152230971128609,0.21484814398200225,0.23595800524934382,2021-01-05,0.28346456692913385,36.0,118.0
2021-01-05,118.0,36,0.28346456692913385,0.1968503937007874,0.2283464566929134,0.1968503937007874,0.2755905511811024,0.2073490813648294,0.22384701912260968,0.2325459317585302,2021-01-06,0.14960629921259844,19.0,64.33333333333333
2021-01-06,64.33333333333333,19,0.14960629921259844,0.28346456692913385,0.1968503937007874,0.2283464566929134,0.2125984251968504,0.23622047244094488,0.22497187851518557,0.23228346456692914,2021-01-07,0.2677165354330709,34.0,110.0
2021-01-07,110.0,34,0.2677165354330709,0.14960629921259844,0.28346456692913385,0.1968503937007874,0.23622047244094488,0.2099737532808399,0.21597300337457817,0.2272965879265092,2021-01-08,0.29133858267716534,37.0,119.20833333333331
2021-01-08,119.20833333333331,37,0.29133858267716534,0.2677165354330709,0.14960629921259844,0.28346456692913385,0.2204724409448819,0.23359580052493437,0.22047244094488191,0.22598425196850394,2021-01-09,0.2992125984251969,38.0,122.375
2021-01-09,122.375,38,0.2992125984251969,0.29133858267716534,0.2677165354330709,0.14960629921259844,0.1968503937007874,0.23622047244094488,0.23059617547806524,0.2259842519685039,2021-01-10,0.23622047244094488,30.0,99.0
2021-01-10,99.0,30,0.23622047244094488,0.2992125984251969,0.29133858267716534,0.2677165354330709,0.2283464566929134,0.2860892388451443,0.2452193475815523,0.226246719160105,2021-01-11,0.25984251968503935,33.0,107.125
2021-01-11,107.125,33,0.25984251968503935,0.23622047244094488,0.2992125984251969,0.29133858267716534,0.1968503937007874,0.2755905511811024,0.24634420697412823,0.22677165354330706,2021-01-12,0.1732283464566929,22.0,74.95833333333333
2021-01-12,74.95833333333333,22,0.1732283464566929,0.25984251968503935,0.23622047244094488,0.2992125984251969,0.28346456692913385,0.2650918635170603,0.25534308211473566,0.2267716535433071,2021-01-13,0.2047244094488189,26.0,86.58333333333333
2021-01-13,86.58333333333333,26,0.2047244094488189,0.1732283464566929,0.25984251968503935,0.23622047244094488,0.14960629921259844,0.22309711286089237,0.23959505061867267,0.22808398950131234,2021-01-14,0.2992125984251969,38.0,124.375
2021-01-14,124.375,38,0.2992125984251969,0.2047244094488189,0.1732283464566929,0.25984251968503935,0.2677165354330709,0.21259842519685038,0.24746906636670415,0.2304461942257218,2021-01-15,0.25984251968503935,33.0,107.625
2021-01-15,107.625,33,0.25984251968503935,0.2992125984251969,0.2047244094488189,0.1732283464566929,0.29133858267716534,0.22572178477690286,0.25196850393700787,0.2325459317585302,2021-01-16,0.30708661417322836,39.0,128.125
2021-01-16,128.125,39,0.30708661417322836,0.25984251968503935,0.2992125984251969,0.2047244094488189,0.2992125984251969,0.2545931758530184,0.24746906636670415,0.23543307086614174,2021-01-17,0.3228346456692913,41.0,132.41666666666666
2021-01-17,132.41666666666666,41,0.3228346456692913,0.30708661417322836,0.25984251968503935,0.2992125984251969,0.23622047244094488,0.2887139107611549,0.2485939257592801,0.24304461942257216,2021-01-18,0.3464566929133858,44.0,140.5
2021-01-18,140.5,44,0.3464566929133858,0.3228346456692913,0.30708661417322836,0.25984251968503935,0.25984251968503935,0.29658792650918636,0.2609673790776153,0.24435695538057745,2021-01-19,0.3464566929133858,44.0,141.45833333333334
2021-01-19,141.45833333333334,44,0.3464566929133858,0.3464566929133858,0.3228346456692913,0.30708661417322836,0.1732283464566929,0.32545931758530183,0.2733408323959505,0.24671916010498687,2021-01-20,0.3464566929133858,44.0,141.16666666666666
2021-01-20,141.16666666666666,44,0.3464566929133858,0.3464566929133858,0.3464566929133858,0.3228346456692913,0.2047244094488189,0.33858267716535434,0.2980877390326209,0.24908136482939633,2021-01-21,0.25984251968503935,33.0,107.625
2021-01-21,107.625,33,0.25984251968503935,0.3464566929133858,0.3464566929133858,0.3464566929133858,0.2992125984251969,0.3464566929133858,0.31833520809898763,0.2511811023622047,2021-01-22,0.14173228346456693,18.0,63.41666666666666
2021-01-22,63.41666666666666,18,0.14173228346456693,0.25984251968503935,0.3464566929133858,0.3464566929133858,0.25984251968503935,0.3175853018372703,0.312710911136108,0.25013123359580053,2021-01-23,0.015748031496062992,2.0,14.083333333333334
2021-01-23,14.083333333333334,2,0.015748031496062992,0.14173228346456693,0.25984251968503935,0.3464566929133858,0.30708661417322836,0.24934383202099733,0.295838020247469,0.24488188976377953,2021-01-24,0.2283464566929134,29.0,96.29166666666669
2021-01-24,96.29166666666669,29,0.2283464566929134,0.015748031496062992,0.14173228346456693,0.25984251968503935,0.3228346456692913,0.13910761154855641,0.2542182227221597,0.23727034120734908,2021-01-25,0.023622047244094488,3.0,16.208333333333332
2021-01-25,16.208333333333332,3,0.023622047244094488,0.2283464566929134,0.015748031496062992,0.14173228346456693,0.3464566929133858,0.12860892388451442,0.24071991001124857,0.23910761154855642,2021-01-26,0.14173228346456693,18.0,62.5
2021-01-26,62.5,18,0.14173228346456693,0.023622047244094488,0.2283464566929134,0.015748031496062992,0.3464566929133858,0.08923884514435694,0.19460067491563554,0.23070866141732285,2021-01-27,0.07086614173228346,9.0,36.66666666666666
2021-01-27,36.66666666666666,9,0.07086614173228346,0.14173228346456693,0.023622047244094488,0.2283464566929134,0.3464566929133858,0.13123359580052493,0.1653543307086614,0.23018372703412074,2021-01-28,0.1732283464566929,22.0,74.91666666666667
2021-01-28,74.91666666666667,22,0.1732283464566929,0.07086614173228346,0.14173228346456693,0.023622047244094488,0.25984251968503935,0.07874015748031493,0.12598425196850396,0.22808398950131234,2021-01-29,0.36220472440944884,46.0,149.08333333333334
2021-01-29,149.08333333333334,46,0.36220472440944884,0.1732283464566929,0.07086614173228346,0.14173228346456693,0.14173228346456693,0.12860892388451442,0.11361079865016872,0.22467191601049868,2021-01-30,0.3937007874015748,50.0,159.29166666666666
2021-01-30,159.29166666666666,50,0.3937007874015748,0.36220472440944884,0.1732283464566929,0.07086614173228346,0.015748031496062992,0.2020997375328084,0.14510686164229472,0.22965879265091865,2021-01-31,0.33858267716535434,43.0,140.20833333333334
2021-01-31,140.20833333333334,43,0.33858267716535434,0.3937007874015748,0.36220472440944884,0.1732283464566929,0.2283464566929134,0.30971128608923887,0.19910011248593928,0.23490813648293962,2021-02-01,0.3700787401574803,47.0,151.08333333333334
2021-02-01,151.08333333333334,47,0.3700787401574803,0.33858267716535434,0.3937007874015748,0.36220472440944884,0.023622047244094488,0.36482939632545935,0.21484814398200225,0.23884514435695536,2021-02-02,0.33858267716535434,43.0,138.0
2021-02-02,138.0,43,0.33858267716535434,0.3700787401574803,0.33858267716535434,0.3937007874015748,0.14173228346456693,0.3674540682414698,0.2643419572553431,0.24461942257217847,2021-02-03,0.2047244094488189,26.0,87.45833333333333
2021-02-03,87.45833333333333,26,0.2047244094488189,0.33858267716535434,0.3700787401574803,0.33858267716535434,0.07086614173228346,0.3490813648293963,0.2924634420697413,0.2482939632545932,2021-02-04,0.4015748031496063,51.0,162.33333333333334
2021-02-04,162.33333333333334,51,0.4015748031496063,0.2047244094488189,0.33858267716535434,0.3700787401574803,0.1732283464566929,0.30446194225721784,0.3115860517435321,0.24855643044619422,2021-02-05,0.4094488188976378,52.0,166.0
2021-02-05,166.0,52,0.4094488188976378,0.4015748031496063,0.2047244094488189,0.33858267716535434,0.36220472440944884,0.31496062992125984,0.344206974128234,0.25249343832021,2021-02-06,0.3779527559055118,48.0,154.375
2021-02-06,154.375,48,0.3779527559055118,0.4094488188976378,0.4015748031496063,0.2047244094488189,0.3937007874015748,0.33858267716535434,0.35095613048368957,0.26115485564304464,2021-02-07,0.3937007874015748,50.0,158.66666666666666
2021-02-07,158.66666666666666,50,0.3937007874015748,0.3779527559055118,0.4094488188976378,0.4015748031496063,0.33858267716535434,0.3963254593175853,0.3487064116985377,0.2648293963254593,2021-02-08,0.28346456692913385,36.0,118.66666666666669
2021-02-08,118.66666666666669,36,0.28346456692913385,0.3937007874015748,0.3779527559055118,0.4094488188976378,0.3700787401574803,0.3937007874015748,0.3565804274465692,0.26824146981627295,2021-02-09,0.2047244094488189,26.0,88.33333333333333
2021-02-09,88.33333333333333,26,0.2047244094488189,0.28346456692913385,0.3937007874015748,0.3779527559055118,0.33858267716535434,0.35170603674540685,0.3442069741282339,0.2677165354330709,2021-02-10,0.4094488188976378,52.0,165.0
2021-02-10,165.0,52,0.4094488188976378,0.2047244094488189,0.28346456692913385,0.3937007874015748,0.2047244094488189,0.2939632545931759,0.32508436445444316,0.26666666666666666,2021-02-11,0.11811023622047244,15.0,53.125
2021-02-11,53.125,15,0.11811023622047244,0.4094488188976378,0.2047244094488189,0.28346456692913385,0.4015748031496063,0.2992125984251968,0.3543307086614173,0.27165354330708663,2021-02-12,0.3937007874015748,50.0,160.20833333333334
2021-02-12,160.20833333333334,50,0.3937007874015748,0.11811023622047244,0.4094488188976378,0.2047244094488189,0.4094488188976378,0.2440944881889764,0.3138357705286839,0.26981627296587923,2021-02-13,0.2755905511811024,35.0,114.91666666666669
2021-02-13,114.91666666666669,35,0.2755905511811024,0.3937007874015748,0.11811023622047244,0.4094488188976378,0.3779527559055118,0.3070866141732283,0.3115860517435321,0.27611548556430443,2021-02-14,0.2283464566929134,29.0,95.25
2021-02-14,95.25,29,0.2283464566929134,0.2755905511811024,0.3937007874015748,0.11811023622047244,0.3937007874015748,0.26246719160104987,0.296962879640045,0.2753280839895013,2021-02-15,0.2992125984251969,38.0,124.95833333333331
2021-02-15,124.95833333333331,38,0.2992125984251969,0.2283464566929134,0.2755905511811024,0.3937007874015748,0.28346456692913385,0.2992125984251969,0.2733408323959505,0.2742782152230971,2021-02-16,0.3700787401574803,47.0,149.5
2021-02-16,149.5,47,0.3700787401574803,0.2992125984251969,0.2283464566929134,0.2755905511811024,0.2047244094488189,0.2677165354330709,0.2755905511811024,0.27401574803149603,2021-02-17,0.4330708661417323,55.0,175.70833333333334
2021-02-17,175.70833333333334,55,0.4330708661417323,0.3700787401574803,0.2992125984251969,0.2283464566929134,0.4094488188976378,0.2992125984251969,0.2992125984251969,0.2755905511811024,2021-02-18,0.2204724409448819,28.0,93.16666666666669
2021-02-18,93.16666666666669,28,0.2204724409448819,0.4330708661417323,0.3700787401574803,0.2992125984251969,0.11811023622047244,0.3674540682414698,0.3025871766029246,0.2784776902887139,2021-02-19,0.4251968503937008,54.0,172.875
2021-02-19,172.875,54,0.4251968503937008,0.2204724409448819,0.4330708661417323,0.3700787401574803,0.3937007874015748,0.3412073490813648,0.3172103487064117,0.27427821522309714,2021-02-20,0.29133858267716534,37.0,121.70833333333331
2021-02-20,121.70833333333331,37,0.29133858267716534,0.4251968503937008,0.2204724409448819,0.4330708661417323,0.2755905511811024,0.35958005249343833,0.3217097862767154,0.2769028871391076,2021-02-21,0.48031496062992124,61.0,194.91666666666663
2021-02-21,194.91666666666663,61,0.48031496062992124,0.29133858267716534,0.4251968503937008,0.2204724409448819,0.2283464566929134,0.3123359580052493,0.32395950506186727,0.27795275590551183,2021-02-22,0.49606299212598426,63.0,198.58333333333331
2021-02-22,198.58333333333331,63,0.49606299212598426,0.48031496062992124,0.29133858267716534,0.4251968503937008,0.2992125984251969,0.39895013123359585,0.35995500562429694,0.289238845144357,2021-02-23,0.5275590551181102,67.0,210.875
2021-02-23,210.875,67,0.5275590551181102,0.49606299212598426,0.48031496062992124,0.29133858267716534,0.3700787401574803,0.4225721784776903,0.3880764904386952,0.30524934383202107,2021-02-24,0.5354330708661418,68.0,215.08333333333331
2021-02-24,215.08333333333331,68,0.5354330708661418,0.5275590551181102,0.49606299212598426,0.48031496062992124,0.4330708661417323,0.5013123359580053,0.4105736782902137,0.31522309711286084,2021-02-25,0.47244094488188976,60.0,190.125
2021-02-25,190.125,60,0.47244094488188976,0.5354330708661418,0.5275590551181102,0.49606299212598426,0.2204724409448819,0.5196850393700787,0.4251968503937008,0.33228346456692914,2021-02-26,0.48031496062992124,61.0,192.16666666666663
2021-02-26,192.16666666666663,61,0.48031496062992124,0.47244094488188976,0.5354330708661418,0.5275590551181102,0.4251968503937008,0.5118110236220472,0.4611923509561305,0.3433070866141732,2021-02-27,0.4330708661417323,55.0,174.91666666666666
2021-02-27,174.91666666666666,55,0.4330708661417323,0.48031496062992124,0.47244094488188976,0.5354330708661418,0.29133858267716534,0.49606299212598426,0.46906636670416196,0.3569553805774278,2021-02-28,0.5433070866141733,69.0,218.0
2021-02-28,218.0,69,0.5433070866141733,0.4330708661417323,0.48031496062992124,0.47244094488188976,0.48031496062992124,0.46194225721784776,0.4893138357705287,0.36561679790026247,2021-03-01,0.5511811023622047,70.0,220.66666666666663
2021-03-01,220.66666666666663,70,0.5511811023622047,0.5433070866141733,0.4330708661417323,0.48031496062992124,0.49606299212598426,0.48556430446194226,0.4983127109111361,0.37165354330708666,2021-03-02,0.4566929133858268,58.0,183.95833333333331
2021-03-02,183.95833333333331,58,0.4566929133858268,0.5511811023622047,0.5433070866141733,0.4330708661417323,0.5275590551181102,0.5091863517060368,0.5061867266591676,0.3769028871391076,2021-03-03,0.4015748031496063,51.0,161.70833333333334
2021-03-03,161.70833333333334,51,0.4015748031496063,0.4566929133858268,0.5511811023622047,0.5433070866141733,0.5354330708661418,0.5170603674540682,0.49606299212598426,0.3808398950131234,2021-03-04,0.5748031496062992,73.0,230.125
2021-03-04,230.125,73,0.5748031496062992,0.4015748031496063,0.4566929133858268,0.5511811023622047,0.47244094488188976,0.4698162729658793,0.4769403824521935,0.38188976377952755,2021-03-05,0.5433070866141733,69.0,218.25
2021-03-05,218.25,69,0.5433070866141733,0.5748031496062992,0.4015748031496063,0.4566929133858268,0.48031496062992124,0.4776902887139108,0.49156355455568057,0.3897637795275591,2021-03-06,0.5826771653543307,74.0,231.75
2021-03-06,231.75,74,0.5826771653543307,0.5433070866141733,0.5748031496062992,0.4015748031496063,0.4330708661417323,0.5065616797900262,0.500562429696288,0.4010498687664042,2021-03-07,0.5826771653543307,74.0,231.91666666666663
2021-03-07,231.91666666666663,74,0.5826771653543307,0.5826771653543307,0.5433070866141733,0.5748031496062992,0.5433070866141733,0.5669291338582677,0.5219347581552306,0.40708661417322833,2021-03-08,0.5748031496062992,73.0,229.75
2021-03-08,229.75,73,0.5748031496062992,0.5826771653543307,0.5826771653543307,0.5433070866141733,0.5511811023622047,0.5695538057742783,0.5275590551181103,0.4128608923884514,2021-03-09,0.4566929133858268,58.0,184.625
2021-03-09,184.625,58,0.4566929133858268,0.5748031496062992,0.5826771653543307,0.5826771653543307,0.4566929133858268,0.5800524934383202,0.530933633295838,0.4194225721784777,2021-03-10,0.18110236220472442,23.0,78.29166666666667
2021-03-10,78.29166666666667,23,0.18110236220472442,0.4566929133858268,0.5748031496062992,0.5826771653543307,0.4015748031496063,0.5380577427821522,0.530933633295838,0.42152230971128607,2021-03-11,0.3228346456692913,41.0,132.875
2021-03-11,132.875,41,0.3228346456692913,0.18110236220472442,0.4566929133858268,0.5748031496062992,0.5748031496062992,0.4041994750656168,0.49943757030371205,0.41811023622047244,2021-03-12,0.6141732283464567,78.0,244.375
2021-03-12,244.375,78,0.6141732283464567,0.3228346456692913,0.18110236220472442,0.4566929133858268,0.5433070866141733,0.32020997375328086,0.4634420697412823,0.4220472440944882,2021-03-13,0.6299212598425197,80.0,250.625
2021-03-13,250.625,80,0.6299212598425197,0.6141732283464567,0.3228346456692913,0.18110236220472442,0.5826771653543307,0.37270341207349084,0.47356580427446576,0.4288713910761155,2021-03-14,0.3937007874015748,50.0,161.16666666666666
2021-03-14,161.16666666666666,50,0.3937007874015748,0.6299212598425197,0.6141732283464567,0.3228346456692913,0.5826771653543307,0.5223097112860893,0.4803149606299213,0.4459317585301837,2021-03-15,0.33858267716535434,43.0,137.83333333333334
2021-03-15,137.83333333333334,43,0.33858267716535434,0.3937007874015748,0.6299212598425197,0.6141732283464567,0.5748031496062992,0.5459317585301837,0.453318335208099,0.44593175853018374,2021-03-16,0.5984251968503937,76.0,238.83333333333331
2021-03-16,238.83333333333331,76,0.5984251968503937,0.33858267716535434,0.3937007874015748,0.6299212598425197,0.4566929133858268,0.4540682414698163,0.41957255343082117,0.44803149606299214,2021-03-17,0.4330708661417323,55.0,176.16666666666666
2021-03-17,176.16666666666666,55,0.4330708661417323,0.5984251968503937,0.33858267716535434,0.3937007874015748,0.18110236220472442,0.4435695538057743,0.4398200224971878,0.4603674540682415,2021-03-18,0.5354330708661418,68.0,214.54166666666663
2021-03-18,214.54166666666663,68,0.5354330708661418,0.4330708661417323,0.5984251968503937,0.33858267716535434,0.3228346456692913,0.45669291338582685,0.47581552305961755,0.46482939632545933,2021-03-19,0.5511811023622047,70.0,221.33333333333331
2021-03-19,221.33333333333331,70,0.5511811023622047,0.5354330708661418,0.4330708661417323,0.5984251968503937,0.6141732283464567,0.5223097112860893,0.5061867266591676,0.4703412073490814,2021-03-20,0.5196850393700787,66.0,209.41666666666663
2021-03-20,209.41666666666663,66,0.5196850393700787,0.5511811023622047,0.5354330708661418,0.4330708661417323,0.6299212598425197,0.5065616797900262,0.49718785151856026,0.4742782152230971,2021-03-21,0.6692913385826772,85.0,266.5416666666667
2021-03-21,266.5416666666667,85,0.6692913385826772,0.5196850393700787,0.5511811023622047,0.5354330708661418,0.3937007874015748,0.5354330708661417,0.48143982002249724,0.48425196850393704,2021-03-22,0.28346456692913385,36.0,116.08333333333331
2021-03-22,116.08333333333331,36,0.28346456692913385,0.6692913385826772,0.5196850393700787,0.5511811023622047,0.33858267716535434,0.5800524934383202,0.5208098987626546,0.4923884514435696,2021-03-23,0.47244094488188976,60.0,191.375
2021-03-23,191.375,60,0.47244094488188976,0.28346456692913385,0.6692913385826772,0.5196850393700787,0.5984251968503937,0.4908136482939633,0.5129358830146232,0.4921259842519685,2021-03-24,0.5748031496062992,73.0,231.20833333333331
2021-03-24,231.20833333333331,73,0.5748031496062992,0.47244094488188976,0.28346456692913385,0.6692913385826772,0.4330708661417323,0.4750656167979003,0.4949381327334083,0.49186351706036746,2021-03-25,0.3937007874015748,50.0,159.625
2021-03-25,159.625,50,0.3937007874015748,0.5748031496062992,0.47244094488188976,0.28346456692913385,0.5354330708661418,0.44356955380577423,0.515185601799775,0.494488188976378,2021-03-26,0.7086614173228346,90.0,282.0833333333333
2021-03-26,282.0833333333333,90,0.7086614173228346,0.3937007874015748,0.5748031496062992,0.47244094488188976,0.5511811023622047,0.4803149606299213,0.49493813273340825,0.4900262467191601,2021-03-27,0.7165354330708661,91.0,286.2916666666667
2021-03-27,286.2916666666667,91,0.7165354330708661,0.7086614173228346,0.3937007874015748,0.5748031496062992,0.5196850393700787,0.5590551181102362,0.5174353205849268,0.4958005249343832,2021-03-28,0.7244094488188977,92.0,287.4583333333333
2021-03-28,287.4583333333333,92,0.7244094488188977,0.7165354330708661,0.7086614173228346,0.3937007874015748,0.6692913385826772,0.6062992125984251,0.545556805399325,0.5039370078740157,2021-03-29,0.7165354330708661,91.0,286.375
2021-03-29,286.375,91,0.7165354330708661,0.7244094488188977,0.7165354330708661,0.7086614173228346,0.28346456692913385,0.7165354330708661,0.5534308211473565,0.5120734908136483,2021-03-30,0.7480314960629921,95.0,296.75
2021-03-30,296.75,95,0.7480314960629921,0.7165354330708661,0.7244094488188977,0.7165354330708661,0.47244094488188976,0.7191601049868765,0.6152980877390325,0.5215223097112861,2021-03-31,0.7637795275590551,97.0,302.5416666666667
2021-03-31,302.5416666666667,97,0.7637795275590551,0.7480314960629921,0.7165354330708661,0.7244094488188977,0.5748031496062992,0.7296587926509185,0.6546681664791901,0.5283464566929134,2021-04-01,0.7480314960629921,95.0,297.4166666666667
2021-04-01,297.4166666666667,95,0.7480314960629921,0.7637795275590551,0.7480314960629921,0.7165354330708661,0.3937007874015748,0.742782152230971,0.6816647919010123,0.5354330708661418,2021-04-02,0.7401574803149606,94.0,295.4583333333333
2021-04-02,295.4583333333333,94,0.7401574803149606,0.7480314960629921,0.7637795275590551,0.7480314960629921,0.7086614173228346,0.7532808398950132,0.732283464566929,0.5451443569553807,2021-04-03,0.6771653543307087,86.0,270.0
2021-04-03,270.0,86,0.6771653543307087,0.7401574803149606,0.7480314960629921,0.7637795275590551,0.7165354330708661,0.7506561679790026,0.7367829021372329,0.5564304461942257,2021-04-04,0.6692913385826772,85.0,266.5
2021-04-04,266.5,85,0.6692913385826772,0.6771653543307087,0.7401574803149606,0.7480314960629921,0.7244094488188977,0.7217847769028872,0.7311586051743533,0.5598425196850394,2021-04-05,0.6535433070866141,83.0,261.8333333333333
2021-04-05,261.8333333333333,83,0.6535433070866141,0.6692913385826772,0.6771653543307087,0.7401574803149606,0.7165354330708661,0.6955380577427821,0.7232845894263217,0.5640419947506562,2021-04-06,0.7795275590551181,99.0,309.4166666666667
2021-04-06,309.4166666666667,99,0.7795275590551181,0.6535433070866141,0.6692913385826772,0.6771653543307087,0.7480314960629921,0.6666666666666666,0.7142857142857143,0.5664041994750656,2021-04-07,0.6141732283464567,78.0,246.25
2021-04-07,246.25,78,0.6141732283464567,0.7795275590551181,0.6535433070866141,0.6692913385826772,0.7637795275590551,0.7007874015748031,0.718785151856018,0.5729658792650919,2021-04-08,0.7716535433070866,98.0,307.5833333333333
2021-04-08,307.5833333333333,98,0.7716535433070866,0.6141732283464567,0.7795275590551181,0.6535433070866141,0.7480314960629921,0.6824146981627296,0.6974128233970754,0.5742782152230972,2021-04-09,0.7795275590551181,99.0,310.5
2021-04-09,310.5,99,0.7795275590551181,0.7716535433070866,0.6141732283464567,0.7795275590551181,0.7401574803149606,0.721784776902887,0.7007874015748031,0.5847769028871391,2021-04-10,0.7795275590551181,99.0,308.8333333333333
2021-04-10,308.8333333333333,99,0.7795275590551181,0.7795275590551181,0.7716535433070866,0.6141732283464567,0.6771653543307087,0.721784776902887,0.7064116985376828,0.6047244094488189,2021-04-11,0.7952755905511811,101.0,315.9583333333333
2021-04-11,315.9583333333333,101,0.7952755905511811,0.7795275590551181,0.7795275590551181,0.7716535433070866,0.6692913385826772,0.7769028871391076,0.7210348706411699,0.6199475065616799,2021-04-12,0.8188976377952756,104.0,323.25
2021-04-12,323.25,104,0.8188976377952756,0.7952755905511811,0.7795275590551181,0.7795275590551181,0.6535433070866141,0.7847769028871391,0.7390326209223846,0.6259842519685039,2021-04-13,0.5039370078740157,64.0,201.41666666666663
2021-04-13,201.41666666666663,64,0.5039370078740157,0.8188976377952756,0.7952755905511811,0.7795275590551181,0.7795275590551181,0.7979002624671917,0.7626546681664792,0.6322834645669292,2021-04-14,0.5905511811023622,75.0,236.54166666666663
2021-04-14,236.54166666666663,75,0.5905511811023622,0.5039370078740157,0.8188976377952756,0.7952755905511811,0.6141732283464567,0.706036745406824,0.7232845894263217,0.6359580052493439,2021-04-15,0.6535433070866141,83.0,259.875
2021-04-15,259.875,83,0.6535433070866141,0.5905511811023622,0.5039370078740157,0.8188976377952756,0.7716535433070866,0.6377952755905513,0.7199100112485939,0.6443569553805774,2021-04-16,0.6614173228346457,84.0,262.4583333333333
2021-04-16,262.4583333333333,84,0.6614173228346457,0.6535433070866141,0.5905511811023622,0.5039370078740157,0.7795275590551181,0.5826771653543307,0.7030371203599549,0.6461942257217849,2021-04-17,0.8267716535433071,105.0,328.7916666666667
2021-04-17,328.7916666666667,105,0.8267716535433071,0.6614173228346457,0.6535433070866141,0.5905511811023622,0.7795275590551181,0.6351706036745407,0.6861642294713162,0.6538057742782152,2021-04-18,0.84251968503937,107.0,333.0833333333333
2021-04-18,333.0833333333333,107,0.84251968503937,0.8267716535433071,0.6614173228346457,0.6535433070866141,0.7952755905511811,0.7139107611548555,0.6929133858267715,0.6635170603674541,2021-04-19,0.7874015748031497,100.0,312.5416666666667
2021-04-19,312.5416666666667,100,0.7874015748031497,0.84251968503937,0.8267716535433071,0.6614173228346457,0.8188976377952756,0.7769028871391077,0.6996625421822272,0.6732283464566928,2021-04-20,0.6771653543307087,86.0,268.375
2021-04-20,268.375,86,0.6771653543307087,0.7874015748031497,0.84251968503937,0.8267716535433071,0.5039370078740157,0.8188976377952756,0.6951631046119234,0.6821522309711285,2021-04-21,0.8267716535433071,105.0,328.25
2021-04-21,328.25,105,0.8267716535433071,0.6771653543307087,0.7874015748031497,0.84251968503937,0.5905511811023622,0.7690288713910762,0.7199100112485939,0.6824146981627296,2021-04-22,0.7874015748031497,100.0,313.4583333333333
2021-04-22,313.4583333333333,100,0.7874015748031497,0.8267716535433071,0.6771653543307087,0.7874015748031497,0.6535433070866141,0.7637795275590551,0.7536557930258717,0.7005249343832021,2021-04-23,0.8110236220472441,103.0,320.5416666666667
2021-04-23,320.5416666666667,103,0.8110236220472441,0.7874015748031497,0.8267716535433071,0.6771653543307087,0.6614173228346457,0.7637795275590552,0.7727784026996626,0.7110236220472441,2021-04-24,0.6535433070866141,83.0,259.5833333333333
2021-04-24,259.5833333333333,83,0.6535433070866141,0.8110236220472441,0.7874015748031497,0.8267716535433071,0.8267716535433071,0.8083989501312336,0.7941507311586052,0.7188976377952756,2021-04-25,0.48031496062992124,61.0,194.83333333333331
2021-04-25,194.83333333333331,61,0.48031496062992124,0.6535433070866141,0.8110236220472441,0.7874015748031497,0.84251968503937,0.7506561679790026,0.7694038245219348,0.7275590551181103,2021-04-26,0.6850393700787402,87.0,271.4166666666667
2021-04-26,271.4166666666667,87,0.6850393700787402,0.48031496062992124,0.6535433070866141,0.8110236220472441,0.7874015748031497,0.6482939632545931,0.7176602924634421,0.7199475065616798,2021-04-27,0.4645669291338583,59.0,186.66666666666663
2021-04-27,186.66666666666663,59,0.4645669291338583,0.6850393700787402,0.48031496062992124,0.6535433070866141,0.6771653543307087,0.6062992125984251,0.703037120359955,0.7188976377952756,2021-04-28,0.8740157480314961,111.0,344.8333333333333
2021-04-28,344.8333333333333,111,0.8740157480314961,0.4645669291338583,0.6850393700787402,0.48031496062992124,0.8267716535433071,0.5433070866141733,0.6726659167604049,0.7102362204724408,2021-04-29,0.84251968503937,107.0,334.6666666666667
2021-04-29,334.6666666666667,107,0.84251968503937,0.8740157480314961,0.4645669291338583,0.6850393700787402,0.7874015748031497,0.6745406824146981,0.6794150731158606,0.715485564304462,2021-04-30,0.7244094488188977,92.0,286.9166666666667
2021-04-30,286.9166666666667,92,0.7244094488188977,0.84251968503937,0.8740157480314961,0.4645669291338583,0.8110236220472441,0.7270341207349081,0.6872890888638921,0.7186351706036745,2021-05-01,0.8818897637795275,112.0,348.5
2021-05-01,348.5,112,0.8818897637795275,0.7244094488188977,0.84251968503937,0.8740157480314961,0.6535433070866141,0.8136482939632547,0.6749156355455568,0.7173228346456693,2021-05-02,0.7637795275590551,97.0,303.0416666666667
2021-05-02,303.0416666666667,97,0.7637795275590551,0.8818897637795275,0.7244094488188977,0.84251968503937,0.48031496062992124,0.8162729658792651,0.7075365579302587,0.7217847769028871,2021-05-03,0.889763779527559,113.0,352.625
2021-05-03,352.625,113,0.889763779527559,0.7637795275590551,0.8818897637795275,0.7244094488188977,0.6850393700787402,0.7900262467191602,0.748031496062992,0.7225721784776904,2021-05-04,0.8740157480314961,111.0,347.0833333333333
2021-05-04,347.0833333333333,111,0.8740157480314961,0.889763779527559,0.7637795275590551,0.8818897637795275,0.4645669291338583,0.8451443569553806,0.7772778402699663,0.7296587926509186,2021-05-05,0.8818897637795275,112.0,347.5416666666667
2021-05-05,347.5416666666667,112,0.8818897637795275,0.8740157480314961,0.889763779527559,0.7637795275590551,0.8740157480314961,0.84251968503937,0.8357705286839145,0.736482939632546,2021-05-06,0.8110236220472441,103.0,320.9583333333333
2021-05-06,320.9583333333333,103,0.8110236220472441,0.8818897637795275,0.8740157480314961,0.889763779527559,0.84251968503937,0.8818897637795274,0.8368953880764904,0.7440944881889764,2021-05-07,0.8976377952755905,114.0,354.8333333333333
2021-05-07,354.8333333333333,114,0.8976377952755905,0.8110236220472441,0.8818897637795275,0.8740157480314961,0.7244094488188977,0.8556430446194225,0.8323959505061866,0.7451443569553806,2021-05-08,0.8976377952755905,114.0,355.4583333333333
2021-05-08,355.4583333333333,114,0.8976377952755905,0.8976377952755905,0.8110236220472441,0.8818897637795275,0.8818897637795275,0.863517060367454,0.8571428571428571,0.7545931758530183,2021-05-09,0.8818897637795275,112.0,349.3333333333333
2021-05-09,349.3333333333333,112,0.8818897637795275,0.8976377952755905,0.8976377952755905,0.8110236220472441,0.7637795275590551,0.868766404199475,0.859392575928009,0.7587926509186352,2021-05-10,0.905511811023622,115.0,358.5833333333333
2021-05-10,358.5833333333333,115,0.905511811023622,0.8818897637795275,0.8976377952755905,0.8976377952755905,0.889763779527559,0.8923884514435695,0.8762654668166479,0.7622047244094488,2021-05-11,0.9212598425196851,117.0,363.4583333333333
2021-05-11,363.4583333333333,117,0.9212598425196851,0.905511811023622,0.8818897637795275,0.8976377952755905,0.8740157480314961,0.8950131233595799,0.8785151856017998,0.7664041994750656,2021-05-12,0.905511811023622,115.0,357.75
2021-05-12,357.75,115,0.905511811023622,0.9212598425196851,0.905511811023622,0.8818897637795275,0.8818897637795275,0.9028871391076115,0.8852643419572553,0.7706036745406823,2021-05-13,0.8976377952755905,114.0,354.8333333333333
2021-05-13,354.8333333333333,114,0.8976377952755905,0.905511811023622,0.9212598425196851,0.905511811023622,0.8110236220472441,0.910761154855643,0.888638920134983,0.773490813648294,2021-05-14,0.7795275590551181,99.0,309.5
2021-05-14,309.5,99,0.7795275590551181,0.8976377952755905,0.905511811023622,0.9212598425196851,0.8976377952755905,0.9081364829396326,0.9010123734533184,0.7866141732283466,2021-05-15,0.28346456692913385,36.0,117.58333333333331
2021-05-15,117.58333333333331,36,0.28346456692913385,0.7795275590551181,0.8976377952755905,0.905511811023622,0.8976377952755905,0.8608923884514436,0.8841394825646793,0.7929133858267716,2021-05-16,0.7322834645669292,93.0,290.0
2021-05-16,290.0,93,0.7322834645669292,0.28346456692913385,0.7795275590551181,0.8976377952755905,0.8818897637795275,0.6535433070866142,0.796400449943757,0.7805774278215224,2021-05-17,0.889763779527559,113.0,350.6666666666667
2021-05-17,350.6666666666667,113,0.889763779527559,0.7322834645669292,0.28346456692913385,0.7795275590551181,0.905511811023622,0.5984251968503936,0.7750281214848144,0.7829396325459317,2021-05-18,0.905511811023622,115.0,357.0
2021-05-18,357.0,115,0.905511811023622,0.889763779527559,0.7322834645669292,0.28346456692913385,0.9212598425196851,0.6351706036745407,0.7727784026996626,0.7850393700787401,2021-05-19,0.9212598425196851,117.0,364.125
2021-05-19,364.125,117,0.9212598425196851,0.905511811023622,0.889763779527559,0.7322834645669292,0.905511811023622,0.84251968503937,0.7705286839145107,0.7871391076115485,2021-05-20,0.8110236220472441,103.0,320.5416666666667
2021-05-20,320.5416666666667,103,0.8110236220472441,0.9212598425196851,0.905511811023622,0.889763779527559,0.8976377952755905,0.9055118110236221,0.7727784026996626,0.7916010498687664,2021-05-21,0.6062992125984252,77.0,241.16666666666663
2021-05-21,241.16666666666663,77,0.6062992125984252,0.8110236220472441,0.9212598425196851,0.905511811023622,0.7795275590551181,0.879265091863517,0.7604049493813273,0.7960629921259842,2021-05-22,0.5748031496062992,73.0,230.25
2021-05-22,230.25,73,0.5748031496062992,0.6062992125984252,0.8110236220472441,0.9212598425196851,0.28346456692913385,0.7795275590551182,0.7356580427446568,0.7887139107611548,2021-05-23,0.5354330708661418,68.0,215.95833333333331
2021-05-23,215.95833333333331,68,0.5354330708661418,0.5748031496062992,0.6062992125984252,0.8110236220472441,0.7322834645669292,0.6640419947506562,0.7772778402699663,0.7816272965879265,2021-05-24,0.7401574803149606,94.0,295.0
2021-05-24,295.0,94,0.7401574803149606,0.5354330708661418,0.5748031496062992,0.6062992125984252,0.889763779527559,0.5721784776902887,0.7491563554555681,0.7724409448818897,2021-05-25,0.9448818897637795,120.0,372.1666666666667
2021-05-25,372.1666666666667,120,0.9448818897637795,0.7401574803149606,0.5354330708661418,0.5748031496062992,0.905511811023622,0.6167979002624672,0.7277840269966254,0.7753280839895013,2021-05-26,0.905511811023622,115.0,357.1666666666667
2021-05-26,357.1666666666667,115,0.905511811023622,0.9448818897637795,0.7401574803149606,0.5354330708661418,0.9212598425196851,0.7401574803149606,0.7334083239595051,0.7908136482939632,2021-05-27,0.968503937007874,123.0,381.8333333333333
2021-05-27,381.8333333333333,123,0.968503937007874,0.905511811023622,0.9448818897637795,0.7401574803149606,0.8110236220472441,0.863517060367454,0.7311586051743532,0.7981627296587928,2021-05-28,0.9133858267716536,116.0,360.875
2021-05-28,360.875,116,0.9133858267716536,0.968503937007874,0.905511811023622,0.9448818897637795,0.6062992125984252,0.9396325459317585,0.7536557930258718,0.8149606299212598,2021-05-29,0.905511811023622,115.0,359.4166666666667
2021-05-29,359.4166666666667,115,0.905511811023622,0.9133858267716536,0.968503937007874,0.905511811023622,0.5748031496062992,0.9291338582677166,0.797525309336333,0.816272965879265,2021-05-30,0.9291338582677166,118.0,366.4166666666667
2021-05-30,366.4166666666667,118,0.9291338582677166,0.905511811023622,0.9133858267716536,0.968503937007874,0.5354330708661418,0.9291338582677166,0.8447694038245218,0.8183727034120735,2021-05-31,0.937007874015748,119.0,370.875
2021-05-31,370.875,119,0.937007874015748,0.9291338582677166,0.905511811023622,0.9133858267716536,0.7401574803149606,0.916010498687664,0.9010123734533183,0.8251968503937008,2021-06-01,0.9291338582677166,118.0,368.2916666666667
2021-06-01,368.2916666666667,118,0.9291338582677166,0.937007874015748,0.9291338582677166,0.905511811023622,0.9448818897637795,0.9238845144356955,0.9291338582677166,0.8270341207349081,2021-06-02,0.8818897637795275,112.0,348.75
2021-06-02,348.75,112,0.8818897637795275,0.9291338582677166,0.937007874015748,0.9291338582677166,0.905511811023622,0.9317585301837271,0.9268841394825647,0.8325459317585301,2021-06-03,0.6929133858267716,88.0,275.375
2021-06-03,275.375,88,0.6929133858267716,0.8818897637795275,0.9291338582677166,0.937007874015748,0.968503937007874,0.916010498687664,0.9235095613048369,0.8322834645669291,2021-06-04,0.9448818897637795,120.0,374.0
2021-06-04,374.0,120,0.9448818897637795,0.6929133858267716,0.8818897637795275,0.9291338582677166,0.9133858267716536,0.8346456692913385,0.8841394825646793,0.826246719160105,2021-06-05,0.9448818897637795,120.0,372.0416666666667
2021-06-05,372.0416666666667,120,0.9448818897637795,0.9448818897637795,0.6929133858267716,0.8818897637795275,0.905511811023622,0.8398950131233596,0.888638920134983,0.8283464566929133,2021-06-06,0.968503937007874,123.0,383.0
2021-06-06,383.0,123,0.968503937007874,0.9448818897637795,0.9448818897637795,0.6929133858267716,0.9291338582677166,0.8608923884514436,0.8942632170978628,0.8328083989501313,2021-06-07,0.9212598425196851,117.0,364.6666666666667
2021-06-07,364.6666666666667,117,0.9212598425196851,0.968503937007874,0.9448818897637795,0.9448818897637795,0.937007874015748,0.952755905511811,0.8998875140607424,0.8351706036745408,2021-06-08,0.968503937007874,123.0,381.3333333333333
2021-06-08,381.3333333333333,123,0.968503937007874,0.9212598425196851,0.968503937007874,0.9448818897637795,0.9291338582677166,0.9448818897637795,0.8976377952755906,0.8359580052493438,2021-06-09,0.6456692913385826,82.0,258.5833333333333
2021-06-09,258.5833333333333,82,0.6456692913385826,0.968503937007874,0.9212598425196851,0.968503937007874,0.8818897637795275,0.952755905511811,0.9032620922384701,0.8388451443569555,2021-06-10,1.0,127.0,394.4166666666667
2021-06-10,394.4166666666667,127,1.0,0.6456692913385826,0.968503937007874,0.9212598425196851,0.6929133858267716,0.8451443569553806,0.8695163104611924,0.8301837270341207,2021-06-11,0.9448818897637795,120.0,373.0833333333333
2021-06-11,373.0833333333333,120,0.9448818897637795,1.0,0.6456692913385826,0.968503937007874,0.9448818897637795,0.8713910761154855,0.9133858267716536,0.8328083989501313,2021-06-12,0.952755905511811,121.0,374.9583333333333
2021-06-12,374.9583333333333,121,0.952755905511811,0.9448818897637795,1.0,0.6456692913385826,0.9448818897637795,0.863517060367454,0.9133858267716536,0.8341207349081365,2021-06-13,0.9606299212598425,122.0,378.7083333333333
2021-06-13,378.7083333333333,122,0.9606299212598425,0.952755905511811,0.9448818897637795,1.0,0.968503937007874,0.9658792650918636,0.9145106861642294,0.8359580052493437,2021-06-14,0.937007874015748,119.0,370.2083333333333
2021-06-14,370.2083333333333,119,0.937007874015748,0.9606299212598425,0.952755905511811,0.9448818897637795,0.9212598425196851,0.952755905511811,0.9133858267716535,0.841994750656168,2021-06-15,0.984251968503937,125.0,389.5416666666667
2021-06-15,389.5416666666667,125,0.984251968503937,0.937007874015748,0.9606299212598425,0.952755905511811,0.968503937007874,0.9501312335958004,0.9156355455568053,0.8637795275590551,2021-06-16,0.8818897637795275,112.0,347.5416666666667
2021-06-16,347.5416666666667,112,0.8818897637795275,0.984251968503937,0.937007874015748,0.9606299212598425,0.6456692913385826,0.9606299212598426,0.9178852643419572,0.8721784776902888,2021-06-17,0.9448818897637795,120.0,372.875
2021-06-17,372.875,120,0.9448818897637795,0.8818897637795275,0.984251968503937,0.937007874015748,1.0,0.9343832020997375,0.9516310461192351,0.8719160104986876,2021-06-18,0.6692913385826772,85.0,266.375
2021-06-18,266.375,85,0.6692913385826772,0.9448818897637795,0.8818897637795275,0.984251968503937,0.9448818897637795,0.937007874015748,0.9437570303712036,0.873228346456693,2021-06-19,0.9291338582677166,118.0,366.125
2021-06-19,366.125,118,0.9291338582677166,0.6692913385826772,0.9448818897637795,0.8818897637795275,0.952755905511811,0.8320209973753281,0.904386951631046,0.8648293963254594,2021-06-20,0.9448818897637795,120.0,372.125
2021-06-20,372.125,120,0.9448818897637795,0.9291338582677166,0.6692913385826772,0.9448818897637795,0.9606299212598425,0.847769028871391,0.9010123734533183,0.868766404199475,2021-06-21,0.9291338582677166,118.0,366.4583333333333
2021-06-21,366.4583333333333,118,0.9291338582677166,0.9448818897637795,0.9291338582677166,0.6692913385826772,0.937007874015748,0.847769028871391,0.8987626546681665,0.8800524934383203,2021-06-22,0.8031496062992126,102.0,317.8333333333333
2021-06-22,317.8333333333333,102,0.8031496062992126,0.9291338582677166,0.9448818897637795,0.9291338582677166,0.984251968503937,0.9343832020997375,0.8976377952755906,0.8918635170603674,2021-06-23,0.7165354330708661,91.0,285.7916666666667
2021-06-23,285.7916666666667,91,0.7165354330708661,0.8031496062992126,0.9291338582677166,0.9448818897637795,0.8818897637795275,0.8923884514435695,0.8717660292463442,0.9007874015748032,2021-06-24,0.6377952755905512,81.0,253.16666666666663
2021-06-24,253.16666666666663,81,0.6377952755905512,0.7165354330708661,0.8031496062992126,0.9291338582677166,0.9448818897637795,0.8162729658792651,0.8481439820022497,0.9,2021-06-25,0.8976377952755905,114.0,353.625
2021-06-25,353.625,114,0.8976377952755905,0.6377952755905512,0.7165354330708661,0.8031496062992126,0.6692913385826772,0.7191601049868765,0.8042744656917885,0.889763779527559,2021-06-26,0.9448818897637795,120.0,371.9166666666667
2021-06-26,371.9166666666667,120,0.9448818897637795,0.8976377952755905,0.6377952755905512,0.7165354330708661,0.9291338582677166,0.7506561679790026,0.8368953880764904,0.889501312335958,2021-06-27,0.952755905511811,121.0,375.5
2021-06-27,375.5,121,0.952755905511811,0.9448818897637795,0.8976377952755905,0.6377952755905512,0.9448818897637795,0.8267716535433071,0.8391451068616423,0.8887139107611548,2021-06-28,0.9448818897637795,120.0,373.3333333333333
2021-06-28,373.3333333333333,120,0.9448818897637795,0.952755905511811,0.9448818897637795,0.8976377952755905,0.9291338582677166,0.931758530183727,0.8402699662542182,0.8900262467191601,2021-06-29,0.8346456692913385,106.0,331.7083333333333
2021-06-29,331.7083333333333,106,0.8346456692913385,0.9448818897637795,0.952755905511811,0.9448818897637795,0.8031496062992126,0.94750656167979,0.8425196850393701,0.8913385826771655,2021-06-30,0.6850393700787402,87.0,271.5833333333333
2021-06-30,271.5833333333333,87,0.6850393700787402,0.8346456692913385,0.9448818897637795,0.952755905511811,0.7165354330708661,0.910761154855643,0.8470191226096737,0.8881889763779527,2021-07-01,0.8267716535433071,105.0,328.9583333333333
2021-07-01,328.9583333333333,105,0.8267716535433071,0.6850393700787402,0.8346456692913385,0.9448818897637795,0.6377952755905512,0.8215223097112861,0.8425196850393701,0.8797900262467191,2021-07-02,0.8818897637795275,112.0,348.1666666666667
2021-07-02,348.1666666666667,112,0.8818897637795275,0.8267716535433071,0.6850393700787402,0.8346456692913385,0.8976377952755905,0.7821522309711285,0.8695163104611924,0.8763779527559056,2021-07-03,0.8582677165354331,109.0,338.25
2021-07-03,338.25,109,0.8582677165354331,0.8818897637795275,0.8267716535433071,0.6850393700787402,0.9448818897637795,0.7979002624671917,0.8672665916760405,0.8763779527559055,2021-07-04,0.84251968503937,107.0,334.9583333333333
2021-07-04,334.9583333333333,107,0.84251968503937,0.8582677165354331,0.8818897637795275,0.8267716535433071,0.952755905511811,0.8556430446194225,0.8548931383577053,0.8818897637795275,2021-07-05,0.9212598425196851,117.0,365.125
2021-07-05,365.125,117,0.9212598425196851,0.84251968503937,0.8582677165354331,0.8818897637795275,0.9448818897637795,0.8608923884514436,0.8391451068616422,0.8784776902887139,2021-07-06,0.8976377952755905,114.0,355.125
2021-07-06,355.125,114,0.8976377952755905,0.9212598425196851,0.84251968503937,0.8582677165354331,0.8346456692913385,0.874015748031496,0.8357705286839145,0.8776902887139107,2021-07-07,0.9212598425196851,117.0,364.6666666666667
2021-07-07,364.6666666666667,117,0.9212598425196851,0.8976377952755905,0.9212598425196851,0.84251968503937,0.6850393700787402,0.8871391076115486,0.8447694038245219,0.8753280839895012,2021-07-08,0.9212598425196851,117.0,364.8333333333333
2021-07-08,364.8333333333333,117,0.9212598425196851,0.9212598425196851,0.8976377952755905,0.9212598425196851,0.8267716535433071,0.9133858267716536,0.8785151856017998,0.8753280839895012,2021-07-09,0.7637795275590551,97.0,302.125
2021-07-09,302.125,97,0.7637795275590551,0.9212598425196851,0.9212598425196851,0.8976377952755905,0.8818897637795275,0.9133858267716536,0.8920134983127109,0.8737532808398949,2021-07-10,0.7086614173228346,90.0,282.4166666666667
2021-07-10,282.4166666666667,90,0.7086614173228346,0.7637795275590551,0.9212598425196851,0.9212598425196851,0.8582677165354331,0.8687664041994752,0.875140607424072,0.8776902887139107,2021-07-11,0.8818897637795275,112.0,347.5
2021-07-11,347.5,112,0.8818897637795275,0.7086614173228346,0.7637795275590551,0.9212598425196851,0.84251968503937,0.7979002624671917,0.8537682789651294,0.8679790026246719,2021-07-12,0.9133858267716536,116.0,361.5416666666667
2021-07-12,361.5416666666667,116,0.9133858267716536,0.8818897637795275,0.7086614173228346,0.7637795275590551,0.9212598425196851,0.7847769028871391,0.859392575928009,0.8658792650918634,2021-07-13,0.8818897637795275,112.0,348.5
2021-07-13,348.5,112,0.8818897637795275,0.9133858267716536,0.8818897637795275,0.7086614173228346,0.8976377952755905,0.8346456692913385,0.8582677165354331,0.8645669291338582,2021-07-14,0.9212598425196851,117.0,362.5
2021-07-14,362.5,117,0.9212598425196851,0.8818897637795275,0.9133858267716536,0.8818897637795275,0.9212598425196851,0.8923884514435696,0.8560179977502812,0.8619422572178478,2021-07-15,0.9291338582677166,118.0,365.5833333333333
2021-07-15,365.5833333333333,118,0.9291338582677166,0.9212598425196851,0.8818897637795275,0.9133858267716536,0.9212598425196851,0.9055118110236221,0.8560179977502812,0.8614173228346457,2021-07-16,0.952755905511811,121.0,374.9166666666667
2021-07-16,374.9166666666667,121,0.952755905511811,0.9291338582677166,0.9212598425196851,0.8818897637795275,0.7637795275590551,0.910761154855643,0.8571428571428571,0.8595800524934383,2021-07-17,0.8188976377952756,104.0,325.625
2021-07-17,325.625,104,0.8188976377952756,0.952755905511811,0.9291338582677166,0.9212598425196851,0.7086614173228346,0.9343832020997377,0.8841394825646793,0.8619422572178478,2021-07-18,0.6377952755905512,81.0,255.625
2021-07-18,255.625,81,0.6377952755905512,0.8188976377952756,0.952755905511811,0.9291338582677166,0.8818897637795275,0.9002624671916011,0.8998875140607423,0.857742782152231,2021-07-19,0.5275590551181102,67.0,212.0
2021-07-19,212.0,67,0.5275590551181102,0.6377952755905512,0.8188976377952756,0.952755905511811,0.9133858267716536,0.8031496062992125,0.8650168728908886,0.8566929133858266,2021-07-20,0.7952755905511811,101.0,316.5416666666667
2021-07-20,316.5416666666667,101,0.7952755905511811,0.5275590551181102,0.6377952755905512,0.8188976377952756,0.8818897637795275,0.6614173228346457,0.8098987626546681,0.8433070866141732,2021-07-21,0.84251968503937,107.0,332.875
2021-07-21,332.875,107,0.84251968503937,0.7952755905511811,0.5275590551181102,0.6377952755905512,0.9212598425196851,0.6535433070866142,0.7975253093363329,0.8383202099737532,2021-07-22,0.8110236220472441,103.0,320.0833333333333
2021-07-22,320.0833333333333,103,0.8110236220472441,0.84251968503937,0.7952755905511811,0.5275590551181102,0.9291338582677166,0.721784776902887,0.7862767154105736,0.8354330708661417,2021-07-23,0.8503937007874016,108.0,335.125
2021-07-23,335.125,108,0.8503937007874016,0.8110236220472441,0.84251968503937,0.7952755905511811,0.952755905511811,0.8162729658792651,0.7694038245219347,0.8356955380577428,2021-07-24,0.8031496062992126,102.0,317.0416666666667
2021-07-24,317.0416666666667,102,0.8031496062992126,0.8503937007874016,0.8110236220472441,0.84251968503937,0.8188976377952756,0.8346456692913385,0.7547806524184476,0.8401574803149606,2021-07-25,0.7086614173228346,90.0,281.5
2021-07-25,281.5,90,0.7086614173228346,0.8031496062992126,0.8503937007874016,0.8110236220472441,0.6377952755905512,0.8215223097112861,0.7525309336332959,0.8456692913385827,2021-07-26,0.7322834645669292,93.0,292.1666666666667
2021-07-26,292.1666666666667,93,0.7322834645669292,0.7086614173228346,0.8031496062992126,0.8503937007874016,0.5275590551181102,0.7874015748031497,0.7626546681664792,0.8393700787401575,2021-07-27,0.5748031496062992,73.0,230.0
2021-07-27,230.0,73,0.5748031496062992,0.7322834645669292,0.7086614173228346,0.8031496062992126,0.7952755905511811,0.7480314960629921,0.7919010123734535,0.8322834645669291,2021-07-28,0.7795275590551181,99.0,309.75
2021-07-28,309.75,99,0.7795275590551181,0.5748031496062992,0.7322834645669292,0.7086614173228346,0.84251968503937,0.6719160104986877,0.7604049493813274,0.8196850393700787,2021-07-29,0.7480314960629921,95.0,296.9583333333333
2021-07-29,296.9583333333333,95,0.7480314960629921,0.7795275590551181,0.5748031496062992,0.7322834645669292,0.8110236220472441,0.6955380577427821,0.7514060742407198,0.8141732283464568,2021-07-30,0.5511811023622047,70.0,220.29166666666663
2021-07-30,220.29166666666663,70,0.5511811023622047,0.7480314960629921,0.7795275590551181,0.5748031496062992,0.8503937007874016,0.7007874015748031,0.7424071991001125,0.8112860892388452,2021-07-31,0.4409448818897638,56.0,177.25
2021-07-31,177.25,56,0.4409448818897638,0.5511811023622047,0.7480314960629921,0.7795275590551181,0.8031496062992126,0.6929133858267716,0.6996625421822272,0.8068241469816273,2021-08-01,0.6535433070866141,83.0,259.7083333333333
2021-08-01,259.7083333333333,83,0.6535433070866141,0.4409448818897638,0.5511811023622047,0.7480314960629921,0.7086614173228346,0.5800524934383202,0.6479190101237345,0.7939632545931758,2021-08-02,0.8346456692913385,106.0,329.0833333333333
2021-08-02,329.0833333333333,106,0.8346456692913385,0.6535433070866141,0.4409448818897638,0.5511811023622047,0.7322834645669292,0.5485564304461942,0.6400449943757031,0.7863517060367454,2021-08-03,0.8110236220472441,103.0,319.9166666666667
2021-08-03,319.9166666666667,103,0.8110236220472441,0.8346456692913385,0.6535433070866141,0.4409448818897638,0.5748031496062992,0.6430446194225721,0.6546681664791901,0.7855643044619423,2021-08-04,0.8031496062992126,102.0,319.4583333333333
2021-08-04,319.4583333333333,102,0.8031496062992126,0.8110236220472441,0.8346456692913385,0.6535433070866141,0.7795275590551181,0.7664041994750656,0.688413948256468,0.784514435695538,2021-08-05,0.8976377952755905,114.0,354.5416666666667
2021-08-05,354.5416666666667,114,0.8976377952755905,0.8031496062992126,0.8110236220472441,0.8346456692913385,0.7480314960629921,0.8162729658792651,0.6917885264341956,0.7805774278215224,2021-08-06,0.7559055118110236,96.0,299.75
2021-08-06,299.75,96,0.7559055118110236,0.8976377952755905,0.8031496062992126,0.8110236220472441,0.5511811023622047,0.8372703412073491,0.7131608548931384,0.7805774278215224,2021-08-07,0.7480314960629921,95.0,295.9166666666667
2021-08-07,295.9166666666667,95,0.7480314960629921,0.7559055118110236,0.8976377952755905,0.8031496062992126,0.4409448818897638,0.8188976377952756,0.7424071991001124,0.7750656167979002,2021-08-08,0.7716535433070866,98.0,307.2916666666667
2021-08-08,307.2916666666667,98,0.7716535433070866,0.7480314960629921,0.7559055118110236,0.8976377952755905,0.6535433070866141,0.8005249343832022,0.7862767154105736,0.7692913385826772,2021-08-09,0.7952755905511811,101.0,315.0416666666667
2021-08-09,315.0416666666667,101,0.7952755905511811,0.7716535433070866,0.7480314960629921,0.7559055118110236,0.8346456692913385,0.7585301837270341,0.8031496062992127,0.7695538057742782,2021-08-10,0.7637795275590551,97.0,304.5833333333333
2021-08-10,304.5833333333333,97,0.7637795275590551,0.7952755905511811,0.7716535433070866,0.7480314960629921,0.8110236220472441,0.7716535433070866,0.7975253093363329,0.7724409448818897,2021-08-11,0.7716535433070866,98.0,305.25
2021-08-11,305.25,98,0.7716535433070866,0.7637795275590551,0.7952755905511811,0.7716535433070866,0.8031496062992126,0.7769028871391076,0.7907761529808773,0.768503937007874,2021-08-12,0.7637795275590551,97.0,304.0833333333333
2021-08-12,304.0833333333333,97,0.7637795275590551,0.7716535433070866,0.7637795275590551,0.7952755905511811,0.8976377952755905,0.7769028871391076,0.7862767154105736,0.7637795275590552,2021-08-13,0.6299212598425197,80.0,250.20833333333331
2021-08-13,250.20833333333331,80,0.6299212598425197,0.7637795275590551,0.7716535433070866,0.7637795275590551,0.7559055118110236,0.7664041994750656,0.7671541057367829,0.7598425196850394,2021-08-14,0.6929133858267716,88.0,276.25
2021-08-14,276.25,88,0.6929133858267716,0.6299212598425197,0.7637795275590551,0.7716535433070866,0.7480314960629921,0.721784776902887,0.7491563554555681,0.7501312335958005,2021-08-15,0.6535433070866141,83.0,261.75
2021-08-15,261.75,83,0.6535433070866141,0.6929133858267716,0.6299212598425197,0.7637795275590551,0.7716535433070866,0.6955380577427821,0.7412823397075365,0.742257217847769,2021-08-16,0.6771653543307087,86.0,268.75
2021-08-16,268.75,86,0.6771653543307087,0.6535433070866141,0.6929133858267716,0.6299212598425197,0.7952755905511811,0.6587926509186351,0.7244094488188976,0.7322834645669292,2021-08-17,0.6771653543307087,86.0,269.0833333333333
2021-08-17,269.0833333333333,86,0.6771653543307087,0.6771653543307087,0.6535433070866141,0.6929133858267716,0.7637795275590551,0.6745406824146981,0.7075365579302587,0.7275590551181101,2021-08-18,0.7795275590551181,99.0,310.1666666666667
2021-08-18,310.1666666666667,99,0.7795275590551181,0.6771653543307087,0.6771653543307087,0.6535433070866141,0.7716535433070866,0.6692913385826772,0.6951631046119234,0.7288713910761155,2021-08-19,0.7874015748031497,100.0,312.3333333333333
2021-08-19,312.3333333333333,100,0.7874015748031497,0.7795275590551181,0.6771653543307087,0.6771653543307087,0.7637795275590551,0.7112860892388452,0.6962879640044994,0.7372703412073491,2021-08-20,0.7716535433070866,98.0,306.375
2021-08-20,306.375,98,0.7716535433070866,0.7874015748031497,0.7795275590551181,0.6771653543307087,0.6299212598425197,0.7480314960629921,0.6996625421822271,0.7370078740157481,2021-08-21,0.6614173228346457,84.0,264.25
2021-08-21,264.25,84,0.6614173228346457,0.7716535433070866,0.7874015748031497,0.7795275590551181,0.6929133858267716,0.7795275590551181,0.7199100112485939,0.7346456692913386,2021-08-22,0.7007874015748031,89.0,278.3333333333333
2021-08-22,278.3333333333333,89,0.7007874015748031,0.6614173228346457,0.7716535433070866,0.7874015748031497,0.6535433070866141,0.7401574803149606,0.7154105736782902,0.7296587926509186,2021-08-23,0.7086614173228346,90.0,281.875
2021-08-23,281.875,90,0.7086614173228346,0.7007874015748031,0.6614173228346457,0.7716535433070866,0.6771653543307087,0.7112860892388451,0.7221597300337458,0.7246719160104987,2021-08-24,0.7244094488188977,92.0,286.625
2021-08-24,286.625,92,0.7244094488188977,0.7086614173228346,0.7007874015748031,0.6614173228346457,0.6771653543307087,0.6902887139107611,0.7266591676040495,0.7215223097112861,2021-08-25,0.7007874015748031,89.0,280.0833333333333
2021-08-25,280.0833333333333,89,0.7007874015748031,0.7244094488188977,0.7086614173228346,0.7007874015748031,0.7795275590551181,0.7112860892388451,0.7334083239595051,0.7220472440944882,2021-08-26,0.7559055118110236,96.0,299.9166666666667
2021-08-26,299.9166666666667,96,0.7559055118110236,0.7007874015748031,0.7244094488188977,0.7086614173228346,0.7874015748031497,0.7112860892388451,0.7221597300337458,0.720997375328084,2021-08-27,0.7165354330708661,91.0,285.5833333333333
2021-08-27,285.5833333333333,91,0.7165354330708661,0.7559055118110236,0.7007874015748031,0.7244094488188977,0.7716535433070866,0.727034120734908,0.7176602924634421,0.7270341207349081,2021-08-28,0.7086614173228346,90.0,280.6666666666667
2021-08-28,280.6666666666667,90,0.7086614173228346,0.7165354330708661,0.7559055118110236,0.7007874015748031,0.6614173228346457,0.7244094488188976,0.7097862767154106,0.7249343832020997,2021-08-29,0.6929133858267716,88.0,274.25
2021-08-29,274.25,88,0.6929133858267716,0.7086614173228346,0.7165354330708661,0.7559055118110236,0.7007874015748031,0.727034120734908,0.7165354330708661,0.7236220472440944,2021-08-30,0.7086614173228346,90.0,283.2916666666667
2021-08-30,283.2916666666667,90,0.7086614173228346,0.6929133858267716,0.7086614173228346,0.7165354330708661,0.7086614173228346,0.706036745406824,0.7154105736782902,0.7283464566929133,2021-08-31,0.6929133858267716,88.0,276.9166666666667
2021-08-31,276.9166666666667,88,0.6929133858267716,0.7086614173228346,0.6929133858267716,0.7086614173228346,0.7244094488188977,0.7034120734908136,0.7154105736782902,0.737270341207349,2021-09-01,0.6929133858267716,88.0,275.9166666666667
2021-09-01,275.9166666666667,88,0.6929133858267716,0.6929133858267716,0.7086614173228346,0.6929133858267716,0.7007874015748031,0.6981627296587926,0.7109111361079864,0.7385826771653543,2021-09-02,0.7244094488188977,92.0,286.5416666666667
2021-09-02,286.5416666666667,92,0.7244094488188977,0.6929133858267716,0.6929133858267716,0.7086614173228346,0.7559055118110236,0.6981627296587926,0.7097862767154106,0.7338582677165354,2021-09-03,0.6929133858267716,88.0,275.7083333333333
2021-09-03,275.7083333333333,88,0.6929133858267716,0.7244094488188977,0.6929133858267716,0.6929133858267716,0.7165354330708661,0.7034120734908136,0.7052868391451069,0.730971128608924,2021-09-04,0.7165354330708661,91.0,286.2916666666667
2021-09-04,286.2916666666667,91,0.7165354330708661,0.6929133858267716,0.7244094488188977,0.6929133858267716,0.7086614173228346,0.7034120734908136,0.7019122609673791,0.7272965879265091,2021-09-05,0.7244094488188977,92.0,288.875
2021-09-05,288.875,92,0.7244094488188977,0.7165354330708661,0.6929133858267716,0.7244094488188977,0.6929133858267716,0.7112860892388451,0.703037120359955,0.7212598425196851,2021-09-06,0.6692913385826772,85.0,267.7916666666667
2021-09-06,267.7916666666667,85,0.6692913385826772,0.7244094488188977,0.7165354330708661,0.6929133858267716,0.7086614173228346,0.7112860892388451,0.7075365579302586,0.7202099737532809,2021-09-07,0.6850393700787402,87.0,272.0833333333333
2021-09-07,272.0833333333333,87,0.6850393700787402,0.6692913385826772,0.7244094488188977,0.7165354330708661,0.6929133858267716,0.7034120734908136,0.7019122609673791,0.7175853018372703,2021-09-08,0.6771653543307087,86.0,270.2916666666667
2021-09-08,270.2916666666667,86,0.6771653543307087,0.6850393700787402,0.6692913385826772,0.7244094488188977,0.6929133858267716,0.6929133858267716,0.7007874015748031,0.7146981627296588,2021-09-09,0.5118110236220472,65.0,206.625
2021-09-09,206.625,65,0.5118110236220472,0.6771653543307087,0.6850393700787402,0.6692913385826772,0.7244094488188977,0.6771653543307087,0.6985376827896513,0.710761154855643,2021-09-10,0.28346456692913385,36.0,116.375
2021-09-10,116.375,36,0.28346456692913385,0.5118110236220472,0.6771653543307087,0.6850393700787402,0.6929133858267716,0.6246719160104987,0.6681664791901013,0.7023622047244095,2021-09-11,0.6614173228346457,84.0,262.2916666666667
2021-09-11,262.2916666666667,84,0.6614173228346457,0.28346456692913385,0.5118110236220472,0.6771653543307087,0.7165354330708661,0.4908136482939633,0.609673790776153,0.6860892388451443,2021-09-12,0.6771653543307087,86.0,269.5
2021-09-12,269.5,86,0.6771653543307087,0.6614173228346457,0.28346456692913385,0.5118110236220472,0.7244094488188977,0.48556430446194226,0.6017997750281214,0.6826771653543307,2021-09-13,0.6692913385826772,85.0,267.0
2021-09-13,267.0,85,0.6692913385826772,0.6771653543307087,0.6614173228346457,0.28346456692913385,0.6692913385826772,0.5406824146981627,0.5950506186726658,0.684251968503937,2021-09-14,0.6850393700787402,87.0,272.25
2021-09-14,272.25,87,0.6850393700787402,0.6692913385826772,0.6771653543307087,0.6614173228346457,0.6850393700787402,0.6692913385826772,0.595050618672666,0.6834645669291339,2021-09-15,0.6535433070866141,83.0,261.125
2021-09-15,261.125,83,0.6535433070866141,0.6850393700787402,0.6692913385826772,0.6771653543307087,0.6771653543307087,0.6771653543307087,0.595050618672666,0.684514435695538,2021-09-16,0.6456692913385826,82.0,257.875
2021-09-16,257.875,82,0.6456692913385826,0.6535433070866141,0.6850393700787402,0.6692913385826772,0.5118110236220472,0.6692913385826772,0.591676040494938,0.683727034120735,2021-09-17,0.5905511811023622,75.0,235.83333333333331
2021-09-17,235.83333333333331,75,0.5905511811023622,0.6456692913385826,0.6535433070866141,0.6850393700787402,0.28346456692913385,0.6614173228346456,0.6107986501687289,0.6826771653543308,2021-09-18,0.6456692913385826,82.0,257.25
2021-09-18,257.25,82,0.6456692913385826,0.5905511811023622,0.6456692913385826,0.6535433070866141,0.6614173228346457,0.6299212598425196,0.6546681664791901,0.6763779527559054,2021-09-19,0.6614173228346457,84.0,262.875
2021-09-19,262.875,84,0.6614173228346457,0.6456692913385826,0.5905511811023622,0.6456692913385826,0.6771653543307087,0.6272965879265091,0.6524184476940382,0.6716535433070867,2021-09-20,0.6692913385826772,85.0,265.375
2021-09-20,265.375,85,0.6692913385826772,0.6614173228346457,0.6456692913385826,0.5905511811023622,0.6692913385826772,0.6325459317585301,0.6501687289088863,0.667979002624672,2021-09-21,0.6141732283464567,78.0,246.58333333333331
2021-09-21,246.58333333333331,78,0.6141732283464567,0.6692913385826772,0.6614173228346457,0.6456692913385826,0.6850393700787402,0.6587926509186351,0.6501687289088863,0.668241469816273,2021-09-22,0.5669291338582677,72.0,227.25
2021-09-22,227.25,72,0.5669291338582677,0.6141732283464567,0.6692913385826772,0.6614173228346457,0.6535433070866141,0.6482939632545932,0.6400449943757031,0.6653543307086613,2021-09-23,0.6299212598425197,80.0,250.58333333333331
2021-09-23,250.58333333333331,80,0.6299212598425197,0.5669291338582677,0.6141732283464567,0.6692913385826772,0.6456692913385826,0.6167979002624672,0.6276715410573679,0.6606299212598424,2021-09-24,0.6220472440944882,79.0,247.20833333333331
2021-09-24,247.20833333333331,79,0.6220472440944882,0.6299212598425197,0.5669291338582677,0.6141732283464567,0.5905511811023622,0.6036745406824147,0.625421822272216,0.65748031496063,2021-09-25,0.5748031496062992,73.0,229.875
2021-09-25,229.875,73,0.5748031496062992,0.6220472440944882,0.6299212598425197,0.5669291338582677,0.6456692913385826,0.6062992125984251,0.6299212598425197,0.6548556430446195,2021-09-26,0.5826771653543307,74.0,233.70833333333331
2021-09-26,233.70833333333331,74,0.5826771653543307,0.5748031496062992,0.6220472440944882,0.6299212598425197,0.6614173228346457,0.6089238845144357,0.6197975253093364,0.6488188976377952,2021-09-27,0.6220472440944882,79.0,247.08333333333331
2021-09-27,247.08333333333331,79,0.6220472440944882,0.5826771653543307,0.5748031496062992,0.6220472440944882,0.6692913385826772,0.5931758530183726,0.608548931383577,0.6443569553805776,2021-09-28,0.5905511811023622,75.0,235.5
2021-09-28,235.5,75,0.5905511811023622,0.6220472440944882,0.5826771653543307,0.5748031496062992,0.6141732283464567,0.5931758530183726,0.6017997750281215,0.6414698162729658,2021-09-29,0.5984251968503937,76.0,240.08333333333331
2021-09-29,240.08333333333331,76,0.5984251968503937,0.5905511811023622,0.6220472440944882,0.5826771653543307,0.5669291338582677,0.5984251968503936,0.5984251968503936,0.6380577427821522,2021-09-30,0.6141732283464567,78.0,245.75
2021-09-30,245.75,78,0.6141732283464567,0.5984251968503937,0.5905511811023622,0.6220472440944882,0.6299212598425197,0.6036745406824147,0.6029246344206973,0.6343832020997375,2021-10-01,0.5905511811023622,75.0,237.625
2021-10-01,237.625,75,0.5905511811023622,0.6141732283464567,0.5984251968503937,0.5905511811023622,0.6220472440944882,0.6010498687664042,0.6006749156355455,0.6317585301837271,2021-10-02,0.5905511811023622,75.0,237.45833333333331
2021-10-02,237.45833333333331,75,0.5905511811023622,0.5905511811023622,0.6141732283464567,0.5984251968503937,0.5748031496062992,0.6010498687664042,0.5961754780652418,0.6283464566929134,2021-10-03,0.5590551181102362,71.0,223.33333333333331
2021-10-03,223.33333333333331,71,0.5590551181102362,0.5905511811023622,0.5905511811023622,0.6141732283464567,0.5826771653543307,0.5984251968503936,0.5984251968503936,0.6238845144356955,2021-10-04,0.4566929133858268,58.0,184.375
2021-10-04,184.375,58,0.4566929133858268,0.5590551181102362,0.5905511811023622,0.5905511811023622,0.6220472440944882,0.5800524934383201,0.5950506186726658,0.6194225721784776,2021-10-05,0.47244094488188976,60.0,189.95833333333331
2021-10-05,189.95833333333331,60,0.47244094488188976,0.4566929133858268,0.5590551181102362,0.5905511811023622,0.5905511811023622,0.5354330708661417,0.5714285714285714,0.610761154855643,2021-10-06,0.29133858267716534,37.0,120.75
2021-10-06,120.75,37,0.29133858267716534,0.47244094488188976,0.4566929133858268,0.5590551181102362,0.5984251968503937,0.49606299212598426,0.5545556805399325,0.6023622047244095,2021-10-07,0.3228346456692913,41.0,131.79166666666666
2021-10-07,131.79166666666666,41,0.3228346456692913,0.29133858267716534,0.47244094488188976,0.4566929133858268,0.6141732283464567,0.4068241469816272,0.5106861642294713,0.589763779527559,2021-10-08,0.4566929133858268,58.0,184.375
2021-10-08,184.375,58,0.4566929133858268,0.3228346456692913,0.29133858267716534,0.47244094488188976,0.5905511811023622,0.3622047244094488,0.46906636670416196,0.5776902887139107,2021-10-09,0.5433070866141733,69.0,219.04166666666663
2021-10-09,219.04166666666663,69,0.5433070866141733,0.4566929133858268,0.3228346456692913,0.29133858267716534,0.5905511811023622,0.35695538057742776,0.44994375703037115,0.5703412073490813,2021-10-10,0.5433070866141733,69.0,217.66666666666663
2021-10-10,217.66666666666663,69,0.5433070866141733,0.5433070866141733,0.4566929133858268,0.3228346456692913,0.5590551181102362,0.4409448818897637,0.4431946006749156,0.5713910761154856,2021-10-11,0.1968503937007874,25.0,84.25
2021-10-11,84.25,25,0.1968503937007874,0.5433070866141733,0.5433070866141733,0.4566929133858268,0.4566929133858268,0.5144356955380577,0.44094488188976383,0.5800524934383202,2021-10-12,0.5511811023622047,70.0,222.29166666666663
2021-10-12,222.29166666666663,70,0.5511811023622047,0.1968503937007874,0.5433070866141733,0.5433070866141733,0.47244094488188976,0.42782152230971127,0.4038245219347582,0.5645669291338583,2021-10-13,0.3464566929133858,44.0,140.83333333333334
2021-10-13,140.83333333333334,44,0.3464566929133858,0.5511811023622047,0.1968503937007874,0.5433070866141733,0.29133858267716534,0.4304461942257218,0.4150731158605175,0.5603674540682415,2021-10-14,0.5196850393700787,66.0,208.75
2021-10-14,208.75,66,0.5196850393700787,0.3464566929133858,0.5511811023622047,0.1968503937007874,0.3228346456692913,0.36482939632545924,0.42294713160854897,0.5496062992125984,2021-10-15,0.5118110236220472,65.0,206.16666666666663
2021-10-15,206.16666666666663,65,0.5118110236220472,0.5196850393700787,0.3464566929133858,0.5511811023622047,0.4566929133858268,0.47244094488188965,0.45106861642294716,0.5440944881889763,2021-10-16,0.5118110236220472,65.0,205.5
2021-10-16,205.5,65,0.5118110236220472,0.5118110236220472,0.5196850393700787,0.3464566929133858,0.5433070866141733,0.4593175853018372,0.45894263217097864,0.5393700787401575,2021-10-17,0.33858267716535434,43.0,138.875
2021-10-17,138.875,43,0.33858267716535434,0.5118110236220472,0.5118110236220472,0.5196850393700787,0.5433070866141733,0.5144356955380577,0.4544431946006749,0.5349081364829397,2021-10-18,0.33070866141732286,42.0,134.70833333333334
2021-10-18,134.70833333333334,42,0.33070866141732286,0.33858267716535434,0.5118110236220472,0.5118110236220472,0.1968503937007874,0.4540682414698162,0.42519685039370075,0.526509186351706,2021-10-19,0.4330708661417323,55.0,174.91666666666666
2021-10-19,174.91666666666666,55,0.4330708661417323,0.33070866141732286,0.33858267716535434,0.5118110236220472,0.5511811023622047,0.3937007874015747,0.4443194600674915,0.516010498687664,2021-10-20,0.2125984251968504,27.0,91.04166666666669
2021-10-20,91.04166666666669,27,0.2125984251968504,0.4330708661417323,0.33070866141732286,0.33858267716535434,0.3464566929133858,0.36745406824146976,0.42744656917885265,0.5083989501312336,2021-10-21,0.2992125984251969,38.0,122.79166666666669
2021-10-21,122.79166666666669,38,0.2992125984251969,0.2125984251968504,0.4330708661417323,0.33070866141732286,0.5196850393700787,0.3254593175853018,0.40832395950506184,0.49317585301837263,2021-10-22,0.2677165354330709,34.0,112.75
2021-10-22,112.75,34,0.2677165354330709,0.2992125984251969,0.2125984251968504,0.4330708661417323,0.5118110236220472,0.3149606299212598,0.3768278965129359,0.48267716535433075,2021-10-23,0.25984251968503935,33.0,108.45833333333331
2021-10-23,108.45833333333331,33,0.25984251968503935,0.2677165354330709,0.2992125984251969,0.2125984251968504,0.5118110236220472,0.2598425196850393,0.34195725534308213,0.4727034120734908,2021-10-24,0.11811023622047244,15.0,53.958333333333336
2021-10-24,53.958333333333336,15,0.11811023622047244,0.25984251968503935,0.2677165354330709,0.2992125984251969,0.33858267716535434,0.2755905511811023,0.30596175478065246,0.4603674540682415,2021-10-25,0.2440944881889764,31.0,102.5
2021-10-25,102.5,31,0.2440944881889764,0.11811023622047244,0.25984251968503935,0.2677165354330709,0.33070866141732286,0.2152230971128608,0.2744656917885264,0.4435695538057743,2021-10-26,0.3464566929133858,44.0,142.125
2021-10-26,142.125,44,0.3464566929133858,0.2440944881889764,0.11811023622047244,0.25984251968503935,0.4330708661417323,0.20734908136482932,0.2620922384701912,0.4325459317585302,2021-10-27,0.4251968503937008,54.0,172.25
2021-10-27,172.25,54,0.4251968503937008,0.3464566929133858,0.2440944881889764,0.11811023622047244,0.2125984251968504,0.23622047244094482,0.24971878515185603,0.4246719160104987,2021-10-28,0.4330708661417323,55.0,176.25
2021-10-28,176.25,55,0.4330708661417323,0.4251968503937008,0.3464566929133858,0.2440944881889764,0.2992125984251969,0.33858267716535423,0.28008998875140606,0.4181102362204724,2021-10-29,0.3700787401574803,47.0,150.54166666666666
2021-10-29,150.54166666666666,47,0.3700787401574803,0.4330708661417323,0.4251968503937008,0.3464566929133858,0.2677165354330709,0.40157480314960625,0.2992125984251969,0.4128608923884515,2021-10-30,0.31496062992125984,40.0,130.08333333333334
2021-10-30,130.08333333333334,40,0.31496062992125984,0.3700787401574803,0.4330708661417323,0.4251968503937008,0.25984251968503935,0.40944881889763773,0.31383577052868394,0.405249343832021,2021-10-31,0.4094488188976378,52.0,166.0
2021-10-31,166.0,52,0.4094488188976378,0.31496062992125984,0.3700787401574803,0.4330708661417323,0.11811023622047244,0.3727034120734907,0.3217097862767154,0.39527559055118106,2021-11-01,0.09448818897637795,12.0,43.91666666666666
2021-11-01,43.91666666666666,12,0.09448818897637795,0.4094488188976378,0.31496062992125984,0.3700787401574803,0.2440944881889764,0.36482939632545924,0.36332958380202474,0.38923884514435697,2021-11-02,0.3543307086614173,45.0,145.625
2021-11-02,145.625,45,0.3543307086614173,0.09448818897637795,0.4094488188976378,0.31496062992125984,0.3464566929133858,0.27296587926509175,0.3419572553430821,0.3727034120734908,2021-11-03,0.4015748031496063,51.0,162.16666666666666
2021-11-03,162.16666666666666,51,0.4015748031496063,0.3543307086614173,0.09448818897637795,0.4094488188976378,0.4251968503937008,0.2860892388451443,0.3430821147356581,0.3658792650918635,2021-11-04,0.4094488188976378,52.0,165.625
2021-11-04,165.625,52,0.4094488188976378,0.4015748031496063,0.3543307086614173,0.09448818897637795,0.4330708661417323,0.2834645669291338,0.33970753655793023,0.3640419947506562,2021-11-05,0.36220472440944884,46.0,147.45833333333334
2021-11-05,147.45833333333334,46,0.36220472440944884,0.4094488188976378,0.4015748031496063,0.3543307086614173,0.3700787401574803,0.3884514435695537,0.3363329583802025,0.3619422572178478,2021-11-06,0.1732283464566929,22.0,75.75
2021-11-06,75.75,22,0.1732283464566929,0.36220472440944884,0.4094488188976378,0.4015748031496063,0.31496062992125984,0.3910761154855642,0.3352080989876266,0.3643044619422572,2021-11-07,0.3464566929133858,44.0,141.375
2021-11-07,141.375,44,0.3464566929133858,0.1732283464566929,0.36220472440944884,0.4094488188976378,0.4094488188976378,0.3149606299212598,0.31496062992125984,0.3593175853018373,2021-11-08,0.3700787401574803,47.0,152.375
2021-11-08,152.375,47,0.3700787401574803,0.3464566929133858,0.1732283464566929,0.36220472440944884,0.09448818897637795,0.2939632545931758,0.3059617547806524,0.3556430446194226,2021-11-09,0.28346456692913385,36.0,117.58333333333331
2021-11-09,117.58333333333331,36,0.28346456692913385,0.3700787401574803,0.3464566929133858,0.1732283464566929,0.3543307086614173,0.29658792650918625,0.3453318335208099,0.34986876640419945,2021-11-10,0.2204724409448819,28.0,91.95833333333331
2021-11-10,91.95833333333331,28,0.2204724409448819,0.28346456692913385,0.3700787401574803,0.3464566929133858,0.4015748031496063,0.33333333333333326,0.33520809898762655,0.34120734908136485,2021-11-11,0.3543307086614173,45.0,145.875
2021-11-11,145.875,45,0.3543307086614173,0.2204724409448819,0.28346456692913385,0.3700787401574803,0.4094488188976378,0.2913385826771653,0.30933633295838014,0.34199475065616797,2021-11-12,0.36220472440944884,46.0,148.45833333333334
2021-11-12,148.45833333333334,46,0.36220472440944884,0.3543307086614173,0.2204724409448819,0.28346456692913385,0.36220472440944884,0.2860892388451443,0.30146231721034866,0.3354330708661417,2021-11-13,0.3543307086614173,45.0,144.29166666666666
2021-11-13,144.29166666666666,45,0.3543307086614173,0.36220472440944884,0.3543307086614173,0.2204724409448819,0.1732283464566929,0.3123359580052493,0.30146231721034866,0.3359580052493438,2021-11-14,0.33070866141732286,42.0,136.25
2021-11-14,136.25,42,0.33070866141732286,0.3543307086614173,0.36220472440944884,0.3543307086614173,0.3464566929133858,0.35695538057742776,0.32733408323959506,0.3304461942257218,2021-11-15,0.10236220472440945,13.0,46.16666666666666
2021-11-15,46.16666666666666,13,0.10236220472440945,0.33070866141732286,0.3543307086614173,0.36220472440944884,0.3700787401574803,0.3490813648293962,0.32508436445444316,0.32440944881889766,2021-11-16,0.33858267716535434,43.0,139.20833333333334
2021-11-16,139.20833333333334,43,0.33858267716535434,0.10236220472440945,0.33070866141732286,0.3543307086614173,0.28346456692913385,0.26246719160104975,0.28683914510686165,0.31076115485564304,2021-11-17,0.3464566929133858,44.0,142.875
2021-11-17,142.875,44,0.3464566929133858,0.33858267716535434,0.10236220472440945,0.33070866141732286,0.2204724409448819,0.2572178477690288,0.29471316085489313,0.3107611548556431,2021-11-18,0.1732283464566929,22.0,75.66666666666667
2021-11-18,75.66666666666667,22,0.1732283464566929,0.3464566929133858,0.33858267716535434,0.10236220472440945,0.3543307086614173,0.26246719160104975,0.312710911136108,0.3112860892388451,2021-11-19,0.2283464566929134,29.0,95.04166666666669
2021-11-19,95.04166666666669,29,0.2283464566929134,0.1732283464566929,0.3464566929133858,0.33858267716535434,0.36220472440944884,0.28608923884514426,0.28683914510686165,0.3026246719160105,2021-11-20,0.30708661417322836,39.0,125.75
2021-11-20,125.75,39,0.30708661417322836,0.2283464566929134,0.1732283464566929,0.3464566929133858,0.3543307086614173,0.2493438320209973,0.2677165354330709,0.3031496062992126,2021-11-21,0.3464566929133858,44.0,140.70833333333334
2021-11-21,140.70833333333334,44,0.3464566929133858,0.30708661417322836,0.2283464566929134,0.1732283464566929,0.33070866141732286,0.23622047244094482,0.2609673790776153,0.3034120734908136,2021-11-22,0.3464566929133858,44.0,141.54166666666666
2021-11-22,141.54166666666666,44,0.3464566929133858,0.3464566929133858,0.30708661417322836,0.2283464566929134,0.10236220472440945,0.2939632545931758,0.26321709786276715,0.30603674540682413,2021-11-23,0.3228346456692913,41.0,132.70833333333334
2021-11-23,132.70833333333334,41,0.3228346456692913,0.3464566929133858,0.3464566929133858,0.30708661417322836,0.33858267716535434,0.33333333333333326,0.2980877390326209,0.3089238845144357,2021-11-24,0.33070866141732286,42.0,136.79166666666666
2021-11-24,136.79166666666666,42,0.33070866141732286,0.3228346456692913,0.3464566929133858,0.3464566929133858,0.3464566929133858,0.33858267716535423,0.295838020247469,0.315748031496063,2021-11-25,0.2992125984251969,38.0,124.54166666666669
2021-11-25,124.54166666666669,38,0.2992125984251969,0.33070866141732286,0.3228346456692913,0.3464566929133858,0.1732283464566929,0.33333333333333326,0.2935883014623172,0.3186351706036745,2021-11-26,0.30708661417322836,39.0,127.20833333333331
2021-11-26,127.20833333333331,39,0.30708661417322836,0.2992125984251969,0.33070866141732286,0.3228346456692913,0.2283464566929134,0.31758530183727024,0.3115860517435321,0.31706036745406824,2021-11-27,0.2992125984251969,38.0,124.58333333333331
2021-11-27,124.58333333333331,38,0.2992125984251969,0.30708661417322836,0.2992125984251969,0.33070866141732286,0.30708661417322836,0.31233595800524927,0.3228346456692913,0.31312335958005255,2021-11-28,0.30708661417322836,39.0,125.83333333333331
2021-11-28,125.83333333333331,39,0.30708661417322836,0.2992125984251969,0.30708661417322836,0.2992125984251969,0.3464566929133858,0.3018372703412073,0.3217097862767154,0.30866141732283464,2021-11-29,0.30708661417322836,39.0,125.45833333333331
2021-11-29,125.45833333333331,39,0.30708661417322836,0.30708661417322836,0.2992125984251969,0.30708661417322836,0.3464566929133858,0.3044619422572178,0.3160854893138358,0.30656167979002624,2021-11-30,0.2755905511811024,35.0,113.25
2021-11-30,113.25,35,0.2755905511811024,0.30708661417322836,0.30708661417322836,0.2992125984251969,0.3228346456692913,0.3044619422572178,0.31046119235095615,0.30629921259842524,2021-12-01,0.30708661417322836,39.0,126.91666666666669
2021-12-01,126.91666666666669,39,0.30708661417322836,0.2755905511811024,0.30708661417322836,0.30708661417322836,0.33070866141732286,0.29658792650918625,0.3037120359955006,0.30183727034120733,2021-12-02,0.30708661417322836,39.0,127.625
2021-12-02,127.625,39,0.30708661417322836,0.30708661417322836,0.2755905511811024,0.30708661417322836,0.2992125984251969,0.29658792650918625,0.3003374578177728,0.3089238845144357,2021-12-03,0.2992125984251969,38.0,123.29166666666669
2021-12-03,123.29166666666669,38,0.2992125984251969,0.30708661417322836,0.30708661417322836,0.2755905511811024,0.30708661417322836,0.29658792650918625,0.3014623172103487,0.30734908136482947,2021-12-04,0.2992125984251969,38.0,123.70833333333331
2021-12-04,123.70833333333331,38,0.2992125984251969,0.2992125984251969,0.30708661417322836,0.30708661417322836,0.2992125984251969,0.30446194225721784,0.3003374578177728,0.30393700787401573,2021-12-05,0.28346456692913385,36.0,118.66666666666669
2021-12-05,118.66666666666669,36,0.28346456692913385,0.2992125984251969,0.2992125984251969,0.30708661417322836,0.30708661417322836,0.3018372703412073,0.3003374578177728,0.30026246719160105,2021-12-06,0.07086614173228346,9.0,34.0
2021-12-06,34.0,9,0.07086614173228346,0.28346456692913385,0.2992125984251969,0.2992125984251969,0.30708661417322836,0.2939632545931758,0.296962879640045,0.2976377952755905,2021-12-07,0.14960629921259844,19.0,66.33333333333333
2021-12-07,66.33333333333333,19,0.14960629921259844,0.07086614173228346,0.28346456692913385,0.2992125984251969,0.2755905511811024,0.21784776902887135,0.2632170978627672,0.2942257217847769,2021-12-08,0.18110236220472442,23.0,76.91666666666667
2021-12-08,76.91666666666667,23,0.18110236220472442,0.14960629921259844,0.07086614173228346,0.28346456692913385,0.30708661417322836,0.16797900262467183,0.2452193475815523,0.28766404199475065,2021-12-09,0.11023622047244094,14.0,50.04166666666666
2021-12-09,50.04166666666666,14,0.11023622047244094,0.18110236220472442,0.14960629921259844,0.07086614173228346,0.30708661417322836,0.13385826771653536,0.22722159730033747,0.2813648293963255,2021-12-10,0.29133858267716534,37.0,121.5
2021-12-10,121.5,37,0.29133858267716534,0.11023622047244094,0.18110236220472442,0.14960629921259844,0.2992125984251969,0.14698162729658784,0.19910011248593926,0.2755905511811024,2021-12-11,0.09448818897637795,12.0,45.833333333333336
2021-12-11,45.833333333333336,12,0.09448818897637795,0.29133858267716534,0.11023622047244094,0.18110236220472442,0.2992125984251969,0.19422572178477684,0.19797525309336336,0.2779527559055118,2021-12-12,0.1968503937007874,25.0,84.04166666666667
2021-12-12,84.04166666666667,25,0.1968503937007874,0.09448818897637795,0.29133858267716534,0.11023622047244094,0.28346456692913385,0.16535433070866135,0.1687289088863892,0.2692913385826772,2021-12-13,0.2283464566929134,29.0,96.125
2021-12-13,96.125,29,0.2283464566929134,0.1968503937007874,0.09448818897637795,0.29133858267716534,0.07086614173228346,0.19422572178477682,0.156355455568054,0.26377952755905515,2021-12-14,0.14173228346456693,18.0,63.66666666666666
2021-12-14,63.66666666666666,18,0.14173228346456693,0.2283464566929134,0.1968503937007874,0.09448818897637795,0.14960629921259844,0.17322834645669286,0.17885264341957255,0.25958005249343835,2021-12-15,0.29133858267716534,37.0,119.08333333333331
2021-12-15,119.08333333333331,37,0.29133858267716534,0.14173228346456693,0.2283464566929134,0.1968503937007874,0.18110236220472442,0.18897637795275588,0.17772778402699663,0.2532808398950131,2021-12-16,0.2677165354330709,34.0,111.83333333333331
2021-12-16,111.83333333333331,34,0.2677165354330709,0.29133858267716534,0.14173228346456693,0.2283464566929134,0.11023622047244094,0.22047244094488183,0.19347581552305962,0.25958005249343835,2021-12-17,0.2992125984251969,38.0,122.79166666666669
2021-12-17,122.79166666666669,38,0.2992125984251969,0.2677165354330709,0.29133858267716534,0.14173228346456693,0.29133858267716534,0.23359580052493434,0.21597300337457817,0.2572178477690289,2021-12-18,0.2204724409448819,28.0,94.20833333333331
2021-12-18,94.20833333333331,28,0.2204724409448819,0.2992125984251969,0.2677165354330709,0.29133858267716534,0.09448818897637795,0.2860892388451443,0.21709786276715412,0.2556430446194226,2021-12-19,0.25984251968503935,33.0,109.66666666666669
2021-12-19,109.66666666666669,33,0.25984251968503935,0.2204724409448819,0.2992125984251969,0.2677165354330709,0.1968503937007874,0.2624671916010498,0.23509561304836898,0.2572178477690289,2021-12-20,0.2677165354330709,34.0,111.5
2021-12-20,111.5,34,0.2677165354330709,0.25984251968503935,0.2204724409448819,0.2992125984251969,0.2283464566929134,0.2598425196850393,0.2440944881889764,0.25826771653543307,2021-12-21,0.2047244094488189,26.0,88.125
2021-12-21,88.125,26,0.2047244094488189,0.2677165354330709,0.25984251968503935,0.2204724409448819,0.14173228346456693,0.2493438320209973,0.24971878515185603,0.2569553805774278,2021-12-22,0.2677165354330709,34.0,109.875
2021-12-22,109.875,34,0.2677165354330709,0.2047244094488189,0.2677165354330709,0.25984251968503935,0.29133858267716534,0.24409448818897628,0.2587176602924634,0.2522309711286089,2021-12-23,0.07874015748031496,10.0,38.458333333333336
2021-12-23,38.458333333333336,10,0.07874015748031496,0.2677165354330709,0.2047244094488189,0.2677165354330709,0.2677165354330709,0.24671916010498682,0.25534308211473566,0.24960629921259841,2021-12-24,0.2677165354330709,34.0,112.33333333333331
2021-12-24,112.33333333333331,34,0.2677165354330709,0.07874015748031496,0.2677165354330709,0.2047244094488189,0.2992125984251969,0.18372703412073485,0.2283464566929134,0.24146981627296588,2021-12-25,0.23622047244094488,30.0,99.79166666666669
2021-12-25,99.79166666666669,30,0.23622047244094488,0.2677165354330709,0.07874015748031496,0.2677165354330709,0.2204724409448819,0.20472440944881887,0.22384701912260965,0.2393700787401575,2021-12-26,0.13385826771653545,17.0,58.208333333333336
2021-12-26,58.208333333333336,17,0.13385826771653545,0.23622047244094488,0.2677165354330709,0.07874015748031496,0.25984251968503935,0.19422572178477684,0.2260967379077615,0.23727034120734908,2021-12-27,0.15748031496062992,20.0,68.625
2021-12-27,68.625,20,0.15748031496062992,0.13385826771653545,0.23622047244094488,0.2677165354330709,0.2677165354330709,0.21259842519685035,0.2080989876265467,0.23149606299212602,2021-12-28,0.14960629921259844,19.0,66.66666666666667
2021-12-28,66.66666666666667,19,0.14960629921259844,0.15748031496062992,0.13385826771653545,0.23622047244094488,0.2047244094488189,0.1758530183727033,0.1923509561304837,0.2267716535433071,2021-12-29,0.13385826771653545,17.0,59.04166666666666
2021-12-29,59.04166666666666,17,0.13385826771653545,0.14960629921259844,0.15748031496062992,0.13385826771653545,0.2677165354330709,0.14698162729658784,0.18447694038245221,0.2215223097112861,2021-12-30,0.1889763779527559,24.0,80.20833333333333
2021-12-30,80.20833333333333,24,0.1889763779527559,0.13385826771653545,0.14960629921259844,0.15748031496062992,0.07874015748031496,0.14698162729658784,0.1653543307086614,0.21574803149606303,2021-12-31,0.25984251968503935,33.0,107.375
2021-12-31,107.375,33,0.25984251968503935,0.1889763779527559,0.13385826771653545,0.14960629921259844,0.2677165354330709,0.15748031496062986,0.18110236220472445,0.21286089238845146,2022-01-01,0.2992125984251969,38.0,123.91666666666669
2022-01-01,123.91666666666669,38,0.2992125984251969,0.25984251968503935,0.1889763779527559,0.13385826771653545,0.23622047244094488,0.19422572178477684,0.17997750281214847,0.21128608923884512,2022-01-02,0.2283464566929134,29.0,97.5
2022-01-02,97.5,29,0.2283464566929134,0.2992125984251969,0.25984251968503935,0.1889763779527559,0.13385826771653545,0.2493438320209973,0.18897637795275593,0.2110236220472441,2022-01-03,0.15748031496062992,20.0,69.25
2022-01-03,69.25,20,0.15748031496062992,0.2283464566929134,0.2992125984251969,0.25984251968503935,0.15748031496062992,0.2624671916010498,0.20247469066366705,0.20866141732283464,2022-01-04,0.14960629921259844,19.0,67.0
2022-01-04,67.0,19,0.14960629921259844,0.15748031496062992,0.2283464566929134,0.2992125984251969,0.14960629921259844,0.22834645669291334,0.20247469066366702,0.20393700787401578,2022-01-05,0.2755905511811024,35.0,113.29166666666669
2022-01-05,113.29166666666669,35,0.2755905511811024,0.14960629921259844,0.15748031496062992,0.2283464566929134,0.13385826771653545,0.17847769028871385,0.20247469066366702,0.1994750656167979,2022-01-06,0.29133858267716534,37.0,120.79166666666669
2022-01-06,120.79166666666669,37,0.29133858267716534,0.2755905511811024,0.14960629921259844,0.15748031496062992,0.1889763779527559,0.19422572178477684,0.22272215973003373,0.2062992125984252,2022-01-07,0.23622047244094488,30.0,99.125
2022-01-07,99.125,30,0.23622047244094488,0.29133858267716534,0.2755905511811024,0.14960629921259844,0.25984251968503935,0.23884514435695534,0.2373453318335208,0.2110236220472441,2022-01-08,0.30708661417322836,39.0,126.66666666666669
2022-01-08,126.66666666666669,39,0.30708661417322836,0.23622047244094488,0.29133858267716534,0.2755905511811024,0.2992125984251969,0.2677165354330708,0.23397075365579306,0.21286089238845146,2022-01-09,0.31496062992125984,40.0,128.875
2022-01-09,128.875,40,0.31496062992125984,0.30708661417322836,0.23622047244094488,0.29133858267716534,0.2283464566929134,0.27821522309711283,0.23509561304836896,0.2194225721784777,2022-01-10,0.1968503937007874,25.0,83.5
2022-01-10,83.5,25,0.1968503937007874,0.31496062992125984,0.30708661417322836,0.23622047244094488,0.15748031496062992,0.2860892388451443,0.24746906636670415,0.22020997375328083,2022-01-11,0.23622047244094488,30.0,100.66666666666669
2022-01-11,100.66666666666669,30,0.23622047244094488,0.1968503937007874,0.31496062992125984,0.30708661417322836,0.14960629921259844,0.2729658792650918,0.2530933633295838,0.22362204724409449,2022-01-12,0.2992125984251969,38.0,124.45833333333331
2022-01-12,124.45833333333331,38,0.2992125984251969,0.23622047244094488,0.1968503937007874,0.31496062992125984,0.2755905511811024,0.24934383202099733,0.265466816647919,0.22493438320209974,2022-01-13,0.2283464566929134,29.0,95.41666666666669
2022-01-13,95.41666666666669,29,0.2283464566929134,0.2992125984251969,0.23622047244094488,0.1968503937007874,0.29133858267716534,0.24409448818897636,0.2688413948256468,0.22729658792650917,2022-01-14,0.33070866141732286,42.0,134.58333333333334
2022-01-14,134.58333333333334,42,0.33070866141732286,0.2283464566929134,0.2992125984251969,0.23622047244094488,0.23622047244094488,0.2545931758530184,0.25984251968503935,0.23018372703412074,2022-01-15,0.2755905511811024,35.0,114.5
2022-01-15,114.5,35,0.2755905511811024,0.33070866141732286,0.2283464566929134,0.2992125984251969,0.30708661417322836,0.2860892388451443,0.2733408323959505,0.231496062992126,2022-01-16,0.3228346456692913,41.0,131.79166666666666
2022-01-16,131.79166666666666,41,0.3228346456692913,0.2755905511811024,0.33070866141732286,0.2283464566929134,0.31496062992125984,0.27821522309711283,0.2688413948256468,0.23175853018372702,2022-01-17,0.2992125984251969,38.0,123.08333333333331
2022-01-17,123.08333333333331,38,0.2992125984251969,0.3228346456692913,0.2755905511811024,0.33070866141732286,0.1968503937007874,0.3097112860892388,0.26996625421822273,0.2325459317585302,2022-01-18,0.2755905511811024,35.0,113.875
2022-01-18,113.875,35,0.2755905511811024,0.2992125984251969,0.3228346456692913,0.2755905511811024,0.23622047244094488,0.2992125984251968,0.2845894263217098,0.23517060367454068,2022-01-19,0.33070866141732286,42.0,135.54166666666666
2022-01-19,135.54166666666666,42,0.33070866141732286,0.2755905511811024,0.2992125984251969,0.3228346456692913,0.2992125984251969,0.2992125984251968,0.29021372328458944,0.23569553805774277,2022-01-20,0.33070866141732286,42.0,135.33333333333334
2022-01-20,135.33333333333334,42,0.33070866141732286,0.33070866141732286,0.2755905511811024,0.2992125984251969,0.2283464566929134,0.30183727034120733,0.2947131608548932,0.2377952755905512,2022-01-21,0.3228346456692913,41.0,131.79166666666666
2022-01-21,131.79166666666666,41,0.3228346456692913,0.33070866141732286,0.33070866141732286,0.2755905511811024,0.33070866141732286,0.3123359580052493,0.3093363329583802,0.24199475065616796,2022-01-22,0.3464566929133858,44.0,140.375
2022-01-22,140.375,44,0.3464566929133858,0.3228346456692913,0.33070866141732286,0.33070866141732286,0.2755905511811024,0.3280839895013123,0.3082114735658043,0.24383202099737533,2022-01-23,0.3464566929133858,44.0,142.95833333333334
2022-01-23,142.95833333333334,44,0.3464566929133858,0.3464566929133858,0.3228346456692913,0.33070866141732286,0.3228346456692913,0.3333333333333333,0.31833520809898763,0.25275590551181104,2022-01-24,0.33070866141732286,42.0,136.66666666666666
2022-01-24,136.66666666666666,42,0.33070866141732286,0.3464566929133858,0.3464566929133858,0.3228346456692913,0.2992125984251969,0.33858267716535434,0.3217097862767154,0.2553805774278215,2022-01-25,0.3700787401574803,47.0,150.29166666666666
2022-01-25,150.29166666666666,47,0.3700787401574803,0.33070866141732286,0.3464566929133858,0.3464566929133858,0.2755905511811024,0.3412073490813648,0.3262092238470191,0.2585301837270341,2022-01-26,0.3700787401574803,47.0,149.625
2022-01-26,149.625,47,0.3700787401574803,0.3700787401574803,0.33070866141732286,0.3464566929133858,0.33070866141732286,0.3490813648293963,0.3397075365579303,0.2664041994750656,2022-01-27,0.3779527559055118,48.0,153.58333333333334
2022-01-27,153.58333333333334,48,0.3779527559055118,0.3700787401574803,0.3700787401574803,0.33070866141732286,0.33070866141732286,0.35695538057742776,0.34533183352080987,0.273490813648294,2022-01-28,0.3858267716535433,49.0,156.625
2022-01-28,156.625,49,0.3858267716535433,0.3779527559055118,0.3700787401574803,0.3700787401574803,0.3228346456692913,0.3727034120734907,0.35208098987626546,0.28110236220472445,2022-01-29,0.3858267716535433,49.0,157.33333333333334
2022-01-29,157.33333333333334,49,0.3858267716535433,0.3858267716535433,0.3779527559055118,0.3700787401574803,0.3464566929133858,0.37795275590551175,0.3610798650168729,0.28950131233595805,2022-01-30,0.3937007874015748,50.0,158.66666666666666
2022-01-30,158.66666666666666,50,0.3937007874015748,0.3858267716535433,0.3858267716535433,0.3779527559055118,0.3464566929133858,0.3832020997375327,0.36670416197975253,0.29606299212598425,2022-01-31,0.3858267716535433,49.0,157.91666666666666
2022-01-31,157.91666666666666,49,0.3858267716535433,0.3937007874015748,0.3858267716535433,0.3858267716535433,0.33070866141732286,0.3884514435695537,0.37345331833520806,0.3005249343832021,2022-02-01,0.4094488188976378,52.0,164.83333333333334
2022-02-01,164.83333333333334,52,0.4094488188976378,0.3858267716535433,0.3937007874015748,0.3858267716535433,0.3700787401574803,0.3884514435695537,0.3813273340832396,0.3034120734908136,2022-02-02,0.4015748031496063,51.0,162.08333333333334
2022-02-02,162.08333333333334,51,0.4015748031496063,0.4094488188976378,0.3858267716535433,0.3937007874015748,0.3700787401574803,0.3963254593175853,0.38695163104611924,0.3094488188976378,2022-02-03,0.3858267716535433,49.0,157.79166666666666
2022-02-03,157.79166666666666,49,0.3858267716535433,0.4015748031496063,0.4094488188976378,0.3858267716535433,0.3779527559055118,0.39895013123359574,0.3914510686164229,0.31758530183727035,2022-02-04,0.41732283464566927,53.0,168.04166666666666
2022-02-04,168.04166666666666,53,0.41732283464566927,0.3858267716535433,0.4015748031496063,0.4094488188976378,0.3858267716535433,0.39895013123359574,0.3925759280089989,0.3254593175853018,2022-02-05,0.4094488188976378,52.0,166.41666666666666
2022-02-05,166.41666666666666,52,0.4094488188976378,0.41732283464566927,0.3858267716535433,0.4015748031496063,0.3858267716535433,0.40157480314960625,0.39707536557930256,0.33018372703412074,2022-02-06,0.41732283464566927,53.0,170.25
2022-02-06,170.25,53,0.41732283464566927,0.4094488188976378,0.41732283464566927,0.3858267716535433,0.3937007874015748,0.40419947506561676,0.40044994375703036,0.3341207349081365,2022-02-07,0.4251968503937008,54.0,171.29166666666666
2022-02-07,171.29166666666666,54,0.4251968503937008,0.41732283464566927,0.4094488188976378,0.41732283464566927,0.3858267716535433,0.4146981627296587,0.4038245219347582,0.3401574803149607,2022-02-08,0.4251968503937008,54.0,172.54166666666666
2022-02-08,172.54166666666666,54,0.4251968503937008,0.4251968503937008,0.41732283464566927,0.4094488188976378,0.4094488188976378,0.41732283464566927,0.4094488188976378,0.34409448818897637,2022-02-09,0.3937007874015748,50.0,160.0
2022-02-09,160.0,50,0.3937007874015748,0.4251968503937008,0.4251968503937008,0.41732283464566927,0.4015748031496063,0.4225721784776903,0.41169853768278963,0.34776902887139105,2022-02-10,0.4330708661417323,55.0,174.125
2022-02-10,174.125,55,0.4330708661417323,0.3937007874015748,0.4251968503937008,0.4251968503937008,0.3858267716535433,0.4146981627296588,0.41057367829021374,0.35433070866141736,2022-02-11,0.44881889763779526,57.0,180.41666666666663
2022-02-11,180.41666666666663,57,0.44881889763779526,0.4330708661417323,0.3937007874015748,0.4251968503937008,0.41732283464566927,0.41732283464566927,0.4173228346456693,0.36089238845144356,2022-02-12,0.44881889763779526,57.0,181.95833333333331
2022-02-12,181.95833333333331,57,0.44881889763779526,0.44881889763779526,0.4330708661417323,0.3937007874015748,0.4094488188976378,0.42519685039370075,0.421822272215973,0.3658792650918635,2022-02-13,0.4566929133858268,58.0,184.16666666666663
2022-02-13,184.16666666666663,58,0.4566929133858268,0.44881889763779526,0.44881889763779526,0.4330708661417323,0.41732283464566927,0.44356955380577423,0.42744656917885265,0.3732283464566929,2022-02-14,0.3464566929133858,44.0,142.0
2022-02-14,142.0,44,0.3464566929133858,0.4566929133858268,0.44881889763779526,0.44881889763779526,0.4251968503937008,0.4514435695538057,0.4330708661417323,0.37742782152230975,2022-02-15,0.07086614173228346,9.0,36.41666666666666
2022-02-15,36.41666666666666,9,0.07086614173228346,0.3464566929133858,0.4566929133858268,0.44881889763779526,0.4251968503937008,0.41732283464566927,0.421822272215973,0.37979002624671915,2022-02-16,0.2677165354330709,34.0,112.375
2022-02-16,112.375,34,0.2677165354330709,0.07086614173228346,0.3464566929133858,0.4566929133858268,0.3937007874015748,0.29133858267716534,0.3712035995500563,0.37139107611548555,2022-02-17,0.48031496062992124,61.0,194.29166666666663
2022-02-17,194.29166666666663,61,0.48031496062992124,0.2677165354330709,0.07086614173228346,0.3464566929133858,0.4330708661417323,0.22834645669291334,0.3532058492688414,0.3703412073490814,2022-02-18,0.48031496062992124,61.0,194.29166666666663
2022-02-18,194.29166666666663,61,0.48031496062992124,0.48031496062992124,0.2677165354330709,0.07086614173228346,0.44881889763779526,0.2729658792650918,0.35995500562429694,0.3771653543307087,2022-02-19,0.4881889763779528,62.0,197.91666666666663
2022-02-19,197.91666666666663,62,0.4881889763779528,0.48031496062992124,0.48031496062992124,0.2677165354330709,0.44881889763779526,0.40944881889763773,0.3644544431946007,0.3821522309711286,2022-02-20,0.2125984251968504,27.0,89.83333333333333
2022-02-20,89.83333333333333,27,0.2125984251968504,0.4881889763779528,0.48031496062992124,0.48031496062992124,0.4566929133858268,0.4829396325459317,0.37007874015748027,0.38740157480314963,2022-02-21,0.23622047244094488,30.0,99.70833333333331
2022-02-21,99.70833333333331,30,0.23622047244094488,0.2125984251968504,0.4881889763779528,0.48031496062992124,0.3464566929133858,0.39370078740157477,0.33520809898762655,0.38372703412073494,2022-02-22,0.4645669291338583,59.0,188.83333333333331
2022-02-22,188.83333333333331,59,0.4645669291338583,0.23622047244094488,0.2125984251968504,0.4881889763779528,0.07086614173228346,0.3123359580052493,0.3194600674915636,0.3800524934383202,2022-02-23,0.3858267716535433,49.0,157.5
2022-02-23,157.5,49,0.3858267716535433,0.4645669291338583,0.23622047244094488,0.2125984251968504,0.2677165354330709,0.30446194225721784,0.3757030371203599,0.383989501312336,2022-02-24,0.5354330708661418,68.0,215.41666666666663
2022-02-24,215.41666666666663,68,0.5354330708661418,0.3858267716535433,0.4645669291338583,0.23622047244094488,0.48031496062992124,0.3622047244094488,0.3925759280089988,0.38582677165354334,2022-02-25,0.5511811023622047,70.0,221.95833333333331
2022-02-25,221.95833333333331,70,0.5511811023622047,0.5354330708661418,0.3858267716535433,0.4645669291338583,0.48031496062992124,0.4619422572178477,0.40044994375703036,0.39133858267716537,2022-02-26,0.5354330708661418,68.0,213.79166666666663
2022-02-26,213.79166666666663,68,0.5354330708661418,0.5511811023622047,0.5354330708661418,0.3858267716535433,0.4881889763779528,0.4908136482939632,0.41057367829021374,0.3973753280839895,2022-02-27,0.5433070866141733,69.0,218.45833333333331
2022-02-27,218.45833333333331,69,0.5433070866141733,0.5354330708661418,0.5511811023622047,0.5354330708661418,0.2125984251968504,0.5406824146981627,0.4173228346456693,0.4026246719160105,2022-02-28,0.5354330708661418,68.0,213.75
2022-02-28,213.75,68,0.5354330708661418,0.5433070866141733,0.5354330708661418,0.5511811023622047,0.23622047244094488,0.5433070866141733,0.46456692913385833,0.4078740157480315,2022-03-01,0.5354330708661418,68.0,215.04166666666663
2022-03-01,215.04166666666663,68,0.5354330708661418,0.5354330708661418,0.5433070866141733,0.5354330708661418,0.4645669291338583,0.5380577427821521,0.5073115860517435,0.4128608923884515,2022-03-02,0.44881889763779526,57.0,182.16666666666663
2022-03-02,182.16666666666663,57,0.44881889763779526,0.5354330708661418,0.5354330708661418,0.5433070866141733,0.3858267716535433,0.5380577427821522,0.5174353205849269,0.41758530183727033,2022-03-03,0.3228346456692913,41.0,132.79166666666666
2022-03-03,132.79166666666666,41,0.3228346456692913,0.44881889763779526,0.5354330708661418,0.5354330708661418,0.5354330708661418,0.5065616797900262,0.5264341957255344,0.4196850393700788,2022-03-04,0.4094488188976378,52.0,166.79166666666666
2022-03-04,166.79166666666666,52,0.4094488188976378,0.3228346456692913,0.44881889763779526,0.5354330708661418,0.5511811023622047,0.43569553805774275,0.49606299212598426,0.41679790026246716,2022-03-05,0.29133858267716534,37.0,120.16666666666669
2022-03-05,120.16666666666669,37,0.29133858267716534,0.4094488188976378,0.3228346456692913,0.44881889763779526,0.5354330708661418,0.3937007874015747,0.4758155230596176,0.41706036745406827,2022-03-06,0.5905511811023622,75.0,234.83333333333331
2022-03-06,234.83333333333331,75,0.5905511811023622,0.29133858267716534,0.4094488188976378,0.3228346456692913,0.5433070866141733,0.34120734908136474,0.44094488188976383,0.4139107611548557,2022-03-07,0.5905511811023622,75.0,235.33333333333331
2022-03-07,235.33333333333331,75,0.5905511811023622,0.5905511811023622,0.29133858267716534,0.4094488188976378,0.5354330708661418,0.43044619422572167,0.4476940382452193,0.4196850393700787,2022-03-08,0.49606299212598426,63.0,198.29166666666663
2022-03-08,198.29166666666663,63,0.49606299212598426,0.5905511811023622,0.5905511811023622,0.29133858267716534,0.5354330708661418,0.4908136482939631,0.4555680539932508,0.4257217847769029,2022-03-09,0.5118110236220472,65.0,205.5
2022-03-09,205.5,65,0.5118110236220472,0.49606299212598426,0.5905511811023622,0.5905511811023622,0.44881889763779526,0.5590551181102361,0.44994375703037115,0.4283464566929133,2022-03-10,0.6377952755905512,81.0,255.75
2022-03-10,255.75,81,0.6377952755905512,0.5118110236220472,0.49606299212598426,0.5905511811023622,0.3228346456692913,0.5328083989501312,0.4589426321709786,0.43123359580052495,2022-03-11,0.6062992125984252,77.0,242.29166666666663
2022-03-11,242.29166666666663,77,0.6062992125984252,0.6377952755905512,0.5118110236220472,0.49606299212598426,0.4094488188976378,0.5485564304461942,0.5039370078740157,0.4383202099737533,2022-03-12,0.6220472440944882,79.0,247.41666666666663
2022-03-12,247.41666666666663,79,0.6220472440944882,0.6062992125984252,0.6377952755905512,0.5118110236220472,0.29133858267716534,0.5853018372703412,0.5320584926884139,0.44540682414698163,2022-03-13,0.6220472440944882,79.0,249.375
2022-03-13,249.375,79,0.6220472440944882,0.6220472440944882,0.6062992125984252,0.6377952755905512,0.5905511811023622,0.6220472440944881,0.5793025871766029,0.4517060367454068,2022-03-14,0.5433070866141733,69.0,218.95833333333331
2022-03-14,218.95833333333331,69,0.5433070866141733,0.6220472440944882,0.6220472440944882,0.6062992125984252,0.5905511811023622,0.6167979002624672,0.5838020247469066,0.45748031496062985,2022-03-15,0.4409448818897638,56.0,178.33333333333334
2022-03-15,178.33333333333334,56,0.4409448818897638,0.5433070866141733,0.6220472440944882,0.6220472440944882,0.49606299212598426,0.5958005249343832,0.5770528683914511,0.46062992125984253,2022-03-16,0.6299212598425197,80.0,250.70833333333331
2022-03-16,250.70833333333331,80,0.6299212598425197,0.4409448818897638,0.5433070866141733,0.6220472440944882,0.5118110236220472,0.5354330708661417,0.5691788526434196,0.46010498687664036,2022-03-17,0.3543307086614173,45.0,145.83333333333334
2022-03-17,145.83333333333334,45,0.3543307086614173,0.6299212598425197,0.4409448818897638,0.5433070866141733,0.6377952755905512,0.5380577427821521,0.5860517435320585,0.4695538057742782,2022-03-18,0.6377952755905512,81.0,253.08333333333331
2022-03-18,253.08333333333331,81,0.6377952755905512,0.3543307086614173,0.6299212598425197,0.4409448818897638,0.6062992125984252,0.4750656167979002,0.545556805399325,0.479002624671916,2022-03-19,0.25984251968503935,33.0,107.83333333333331
2022-03-19,107.83333333333331,33,0.25984251968503935,0.6377952755905512,0.3543307086614173,0.6299212598425197,0.6220472440944882,0.5406824146981627,0.5500562429696289,0.49133858267716535,2022-03-20,0.6614173228346457,84.0,264.75
2022-03-20,264.75,84,0.6614173228346457,0.25984251968503935,0.6377952755905512,0.3543307086614173,0.6220472440944882,0.4173228346456692,0.4983127109111361,0.4839895013123359,2022-03-21,0.6377952755905512,81.0,253.70833333333331
2022-03-21,253.70833333333331,81,0.6377952755905512,0.6614173228346457,0.25984251968503935,0.6377952755905512,0.5433070866141733,0.5196850393700787,0.5039370078740157,0.4900262467191601,2022-03-22,0.6614173228346457,84.0,263.8333333333333
2022-03-22,263.8333333333333,84,0.6614173228346457,0.6377952755905512,0.6614173228346457,0.25984251968503935,0.4409448818897638,0.5196850393700787,0.5174353205849269,0.4950131233595801,2022-03-23,0.6771653543307087,86.0,268.9166666666667
2022-03-23,268.9166666666667,86,0.6771653543307087,0.6614173228346457,0.6377952755905512,0.6614173228346457,0.6299212598425197,0.6535433070866141,0.548931383577053,0.5099737532808398,2022-03-24,0.6692913385826772,85.0,267.7083333333333
2022-03-24,267.7083333333333,85,0.6692913385826772,0.6771653543307087,0.6614173228346457,0.6377952755905512,0.3543307086614173,0.6587926509186351,0.5556805399325084,0.5246719160104987,2022-03-25,0.6771653543307087,86.0,268.2916666666667
2022-03-25,268.2916666666667,86,0.6771653543307087,0.6692913385826772,0.6771653543307087,0.6614173228346457,0.6377952755905512,0.6692913385826772,0.6006749156355455,0.531496062992126,2022-03-26,0.6771653543307087,86.0,269.75
2022-03-26,269.75,86,0.6771653543307087,0.6771653543307087,0.6692913385826772,0.6771653543307087,0.25984251968503935,0.6745406824146981,0.6062992125984252,0.5412073490813648,2022-03-27,0.5511811023622047,70.0,222.29166666666663
2022-03-27,222.29166666666663,70,0.5511811023622047,0.6771653543307087,0.6771653543307087,0.6692913385826772,0.6614173228346457,0.6745406824146981,0.6659167604049493,0.5459317585301837,2022-03-28,0.3543307086614173,45.0,145.79166666666666
2022-03-28,145.79166666666666,45,0.3543307086614173,0.5511811023622047,0.6771653543307087,0.6771653543307087,0.6377952755905512,0.6351706036745406,0.6501687289088863,0.5459317585301837,2022-03-29,0.3464566929133858,44.0,143.33333333333334
2022-03-29,143.33333333333334,44,0.3464566929133858,0.3543307086614173,0.5511811023622047,0.6771653543307087,0.6614173228346457,0.5275590551181101,0.609673790776153,0.5398950131233595,2022-03-30,0.48031496062992124,61.0,193.79166666666663
2022-03-30,193.79166666666663,61,0.48031496062992124,0.3464566929133858,0.3543307086614173,0.5511811023622047,0.6771653543307087,0.4173228346456692,0.5646794150731159,0.5333333333333333,2022-03-31,0.6771653543307087,86.0,268.4166666666667
2022-03-31,268.4166666666667,86,0.6771653543307087,0.48031496062992124,0.3464566929133858,0.3543307086614173,0.6692913385826772,0.3937007874015747,0.5365579302587177,0.531496062992126,2022-04-01,0.7244094488188977,92.0,289.25
2022-04-01,289.25,92,0.7244094488188977,0.6771653543307087,0.48031496062992124,0.3464566929133858,0.6771653543307087,0.5013123359580052,0.5376827896512936,0.536220472440945,2022-04-02,0.7165354330708661,91.0,285.625
2022-04-02,285.625,91,0.7165354330708661,0.7244094488188977,0.6771653543307087,0.48031496062992124,0.6771653543307087,0.6272965879265091,0.5444319460067492,0.5454068241469816,2022-04-03,0.7165354330708661,91.0,285.125
2022-04-03,285.125,91,0.7165354330708661,0.7165354330708661,0.7244094488188977,0.6771653543307087,0.5511811023622047,0.706036745406824,0.5500562429696287,0.5585301837270341,2022-04-04,0.5511811023622047,70.0,221.45833333333331
2022-04-04,221.45833333333331,70,0.5511811023622047,0.7165354330708661,0.7165354330708661,0.7244094488188977,0.3543307086614173,0.7191601049868765,0.5736782902137233,0.5687664041994751,2022-04-05,0.7401574803149606,94.0,295.1666666666667
2022-04-05,295.1666666666667,94,0.7401574803149606,0.5511811023622047,0.7165354330708661,0.7165354330708661,0.3464566929133858,0.6614173228346455,0.6017997750281214,0.5774278215223098,2022-04-06,0.7559055118110236,96.0,300.2916666666667
2022-04-06,300.2916666666667,96,0.7559055118110236,0.7401574803149606,0.5511811023622047,0.7165354330708661,0.48031496062992124,0.669291338582677,0.6580427446569178,0.5824146981627296,2022-04-07,0.7559055118110236,96.0,301.5
2022-04-07,301.5,96,0.7559055118110236,0.7559055118110236,0.7401574803149606,0.5511811023622047,0.6771653543307087,0.6824146981627296,0.6974128233970752,0.5879265091863517,2022-04-08,0.5826771653543307,74.0,233.04166666666663
2022-04-08,233.04166666666663,74,0.5826771653543307,0.7559055118110236,0.7559055118110236,0.7401574803149606,0.7244094488188977,0.7506561679790026,0.7086614173228346,0.5965879265091864,2022-04-09,0.7795275590551181,99.0,308.3333333333333
2022-04-09,308.3333333333333,99,0.7795275590551181,0.5826771653543307,0.7559055118110236,0.7559055118110236,0.7165354330708661,0.6981627296587926,0.6884139482564678,0.5989501312335958,2022-04-10,0.7401574803149606,94.0,293.25
2022-04-10,293.25,94,0.7401574803149606,0.7795275590551181,0.5826771653543307,0.7559055118110236,0.7165354330708661,0.706036745406824,0.6974128233970754,0.6036745406824147,2022-04-11,0.5590551181102362,71.0,222.5
2022-04-11,222.5,71,0.5590551181102362,0.7401574803149606,0.7795275590551181,0.5826771653543307,0.5511811023622047,0.7007874015748031,0.7007874015748031,0.6081364829396326,2022-04-12,0.6771653543307087,86.0,270.2083333333333
2022-04-12,270.2083333333333,86,0.6771653543307087,0.5590551181102362,0.7401574803149606,0.7795275590551181,0.7401574803149606,0.6929133858267716,0.7019122609673791,0.6060367454068241,2022-04-13,0.6062992125984252,77.0,242.0
2022-04-13,242.0,77,0.6062992125984252,0.6771653543307087,0.5590551181102362,0.7401574803149606,0.7559055118110236,0.6587926509186351,0.6929133858267716,0.6078740157480315,2022-04-14,0.5433070866141733,69.0,217.83333333333331
2022-04-14,217.83333333333331,69,0.5433070866141733,0.6062992125984252,0.6771653543307087,0.5590551181102362,0.7559055118110236,0.6141732283464566,0.6715410573678291,0.6099737532808399,2022-04-15,0.7716535433070866,98.0,307.4166666666667
2022-04-15,307.4166666666667,98,0.7716535433070866,0.5433070866141733,0.6062992125984252,0.6771653543307087,0.5826771653543307,0.6089238845144357,0.641169853768279,0.6133858267716534,2022-04-16,0.7716535433070866,98.0,304.9583333333333
2022-04-16,304.9583333333333,98,0.7716535433070866,0.7716535433070866,0.5433070866141733,0.6062992125984252,0.7795275590551181,0.6404199475065616,0.6681664791901012,0.6181102362204725,2022-04-17,0.8188976377952756,104.0,325.125
2022-04-17,325.125,104,0.8188976377952756,0.7716535433070866,0.7716535433070866,0.5433070866141733,0.7401574803149606,0.6955380577427821,0.6670416197975253,0.632020997375328,2022-04-18,0.6929133858267716,88.0,274.25
2022-04-18,274.25,88,0.6929133858267716,0.8188976377952756,0.7716535433070866,0.7716535433070866,0.5590551181102362,0.7874015748031495,0.6782902137232847,0.6380577427821522,2022-04-19,0.5748031496062992,73.0,228.83333333333331
2022-04-19,228.83333333333331,73,0.5748031496062992,0.6929133858267716,0.8188976377952756,0.7716535433070866,0.6771653543307087,0.7611548556430446,0.6974128233970754,0.65249343832021,2022-04-20,0.8267716535433071,105.0,327.0416666666667
2022-04-20,327.0416666666667,105,0.8267716535433071,0.5748031496062992,0.6929133858267716,0.8188976377952756,0.6062992125984252,0.6955380577427821,0.6827896512935883,0.6496062992125985,2022-04-21,0.5511811023622047,70.0,221.29166666666663
2022-04-21,221.29166666666663,70,0.5511811023622047,0.8267716535433071,0.5748031496062992,0.6929133858267716,0.5433070866141733,0.6981627296587926,0.7142857142857143,0.6559055118110237,2022-04-22,0.6850393700787402,87.0,272.75
2022-04-22,272.75,87,0.6850393700787402,0.5511811023622047,0.8267716535433071,0.5748031496062992,0.7716535433070866,0.6509186351706036,0.7154105736782902,0.6522309711286088,2022-04-23,0.8267716535433071,105.0,326.4583333333333
2022-04-23,326.4583333333333,105,0.8267716535433071,0.6850393700787402,0.5511811023622047,0.8267716535433071,0.7716535433070866,0.6876640419947506,0.703037120359955,0.65249343832021,2022-04-24,0.8346456692913385,106.0,331.6666666666667
2022-04-24,331.6666666666667,106,0.8346456692913385,0.8267716535433071,0.6850393700787402,0.5511811023622047,0.8188976377952756,0.6876640419947506,0.7109111361079865,0.657742782152231,2022-04-25,0.8031496062992126,102.0,316.8333333333333
2022-04-25,316.8333333333333,102,0.8031496062992126,0.8346456692913385,0.8267716535433071,0.6850393700787402,0.6929133858267716,0.7821522309711285,0.7131608548931382,0.662992125984252,2022-04-26,0.6929133858267716,88.0,274.375
2022-04-26,274.375,88,0.6929133858267716,0.8031496062992126,0.8346456692913385,0.8267716535433071,0.5748031496062992,0.8215223097112859,0.7289088863892014,0.6671916010498687,2022-04-27,0.84251968503937,107.0,334.375
2022-04-27,334.375,107,0.84251968503937,0.6929133858267716,0.8031496062992126,0.8346456692913385,0.8267716535433071,0.7769028871391076,0.7457817772778402,0.6719160104986877,2022-04-28,0.8582677165354331,109.0,339.9583333333333
2022-04-28,339.9583333333333,109,0.8582677165354331,0.84251968503937,0.6929133858267716,0.8031496062992126,0.5511811023622047,0.7795275590551181,0.748031496062992,0.6881889763779528,2022-04-29,0.8503937007874016,108.0,337.4166666666667
2022-04-29,337.4166666666667,108,0.8503937007874016,0.8582677165354331,0.84251968503937,0.6929133858267716,0.6850393700787402,0.7979002624671915,0.7919010123734533,0.705249343832021,2022-04-30,0.6692913385826772,85.0,265.7916666666667
2022-04-30,265.7916666666667,85,0.6692913385826772,0.8503937007874016,0.8582677165354331,0.84251968503937,0.8267716535433071,0.8503937007874015,0.8155230596175479,0.7175853018372703,2022-05-01,0.8661417322834646,110.0,342.7083333333333
2022-05-01,342.7083333333333,110,0.8661417322834646,0.6692913385826772,0.8503937007874016,0.8582677165354331,0.8346456692913385,0.7926509186351706,0.7930258717660292,0.7173228346456693,2022-05-02,0.8267716535433071,105.0,326.6666666666667
2022-05-02,326.6666666666667,105,0.8267716535433071,0.8661417322834646,0.6692913385826772,0.8503937007874016,0.8031496062992126,0.795275590551181,0.797525309336333,0.7220472440944882,2022-05-03,0.8818897637795275,112.0,347.7083333333333
2022-05-03,347.7083333333333,112,0.8818897637795275,0.8267716535433071,0.8661417322834646,0.6692913385826772,0.6929133858267716,0.7874015748031495,0.8008998875140607,0.7257217847769029,2022-05-04,0.889763779527559,113.0,351.8333333333333
2022-05-04,351.8333333333333,113,0.889763779527559,0.8818897637795275,0.8267716535433071,0.8661417322834646,0.84251968503937,0.858267716535433,0.8278965129358831,0.7312335958005249,2022-05-05,0.6377952755905512,81.0,254.91666666666663
2022-05-05,254.91666666666663,81,0.6377952755905512,0.889763779527559,0.8818897637795275,0.8267716535433071,0.8582677165354331,0.8661417322834645,0.8346456692913387,0.7425196850393702,2022-05-06,0.6929133858267716,88.0,276.75
2022-05-06,276.75,88,0.6929133858267716,0.6377952755905512,0.889763779527559,0.8818897637795275,0.8503937007874016,0.8031496062992125,0.8031496062992126,0.7391076115485564,2022-05-07,0.889763779527559,113.0,350.5
2022-05-07,350.5,113,0.889763779527559,0.6929133858267716,0.6377952755905512,0.889763779527559,0.6692913385826772,0.7401574803149605,0.7806524184476941,0.7370078740157481,2022-05-08,0.7401574803149606,94.0,294.4166666666667
2022-05-08,294.4166666666667,94,0.7401574803149606,0.889763779527559,0.6929133858267716,0.6377952755905512,0.8661417322834646,0.7401574803149605,0.81214848143982,0.7414698162729659,2022-05-09,0.6062992125984252,77.0,241.04166666666663
2022-05-09,241.04166666666663,77,0.6062992125984252,0.7401574803149606,0.889763779527559,0.6929133858267716,0.8267716535433071,0.774278215223097,0.7941507311586051,0.746719160104987,2022-05-10,0.4566929133858268,58.0,183.25
2022-05-10,183.25,58,0.4566929133858268,0.6062992125984252,0.7401574803149606,0.889763779527559,0.8818897637795275,0.7454068241469815,0.7626546681664792,0.7409448818897638,2022-05-11,0.7559055118110236,96.0,300.2083333333333
2022-05-11,300.2083333333333,96,0.7559055118110236,0.4566929133858268,0.6062992125984252,0.7401574803149606,0.889763779527559,0.6010498687664042,0.7019122609673791,0.7314960629921259,2022-05-12,0.7559055118110236,96.0,299.125
2022-05-12,299.125,96,0.7559055118110236,0.7559055118110236,0.4566929133858268,0.6062992125984252,0.6377952755905512,0.6062992125984251,0.6827896512935883,0.7380577427821523,2022-05-13,0.889763779527559,113.0,352.875
2022-05-13,352.875,113,0.889763779527559,0.7559055118110236,0.7559055118110236,0.4566929133858268,0.6929133858267716,0.6561679790026246,0.6996625421822272,0.7406824146981628,2022-05-14,0.8976377952755905,114.0,354.0
2022-05-14,354.0,114,0.8976377952755905,0.889763779527559,0.7559055118110236,0.7559055118110236,0.889763779527559,0.800524934383202,0.7277840269966254,0.7501312335958005,2022-05-15,0.889763779527559,113.0,353.2083333333333
2022-05-15,353.2083333333333,113,0.889763779527559,0.8976377952755905,0.889763779527559,0.7559055118110236,0.7401574803149606,0.847769028871391,0.7289088863892014,0.7619422572178478,2022-05-16,0.8346456692913385,106.0,330.8333333333333
2022-05-16,330.8333333333333,106,0.8346456692913385,0.889763779527559,0.8976377952755905,0.889763779527559,0.6062992125984252,0.8923884514435695,0.7502812148481439,0.7658792650918634,2022-05-17,0.9133858267716536,116.0,360.4583333333333
2022-05-17,360.4583333333333,116,0.9133858267716536,0.8346456692913385,0.889763779527559,0.8976377952755905,0.4566929133858268,0.874015748031496,0.7829021372328459,0.767979002624672,2022-05-18,0.889763779527559,113.0,351.1666666666667
2022-05-18,351.1666666666667,113,0.889763779527559,0.9133858267716536,0.8346456692913385,0.889763779527559,0.7559055118110236,0.879265091863517,0.8481439820022497,0.7711286089238845,2022-05-19,0.889763779527559,113.0,352.5
2022-05-19,352.5,113,0.889763779527559,0.889763779527559,0.9133858267716536,0.8346456692913385,0.7559055118110236,0.879265091863517,0.8672665916760405,0.7776902887139108,2022-05-20,0.968503937007874,123.0,382.0833333333333
2022-05-20,382.0833333333333,123,0.968503937007874,0.889763779527559,0.889763779527559,0.9133858267716536,0.889763779527559,0.8976377952755904,0.8863892013498312,0.7881889763779527,2022-05-21,0.952755905511811,121.0,376.7916666666667
2022-05-21,376.7916666666667,121,0.952755905511811,0.968503937007874,0.889763779527559,0.889763779527559,0.8976377952755905,0.9160104986876639,0.8976377952755905,0.7929133858267716,2022-05-22,0.9212598425196851,117.0,363.25
2022-05-22,363.25,117,0.9212598425196851,0.952755905511811,0.968503937007874,0.889763779527559,0.889763779527559,0.9370078740157478,0.9055118110236221,0.8062992125984252,2022-05-23,0.9212598425196851,117.0,364.9583333333333
2022-05-23,364.9583333333333,117,0.9212598425196851,0.9212598425196851,0.952755905511811,0.968503937007874,0.8346456692913385,0.94750656167979,0.9100112485939258,0.8141732283464567,2022-05-24,0.9291338582677166,118.0,367.25
2022-05-24,367.25,118,0.9291338582677166,0.9212598425196851,0.9212598425196851,0.952755905511811,0.9133858267716536,0.9317585301837269,0.9223847019122609,0.8173228346456692,2022-05-25,0.8818897637795275,112.0,350.2083333333333
2022-05-25,350.2083333333333,112,0.8818897637795275,0.9291338582677166,0.9212598425196851,0.9212598425196851,0.889763779527559,0.9238845144356955,0.9246344206974128,0.8204724409448818,2022-05-26,0.8110236220472441,103.0,321.5416666666667
2022-05-26,321.5416666666667,103,0.8110236220472441,0.8818897637795275,0.9291338582677166,0.9212598425196851,0.889763779527559,0.9107611548556429,0.9235095613048369,0.8230971128608925,2022-05-27,0.4566929133858268,58.0,184.625
2022-05-27,184.625,58,0.4566929133858268,0.8110236220472441,0.8818897637795275,0.9291338582677166,0.968503937007874,0.874015748031496,0.9122609673790777,0.8270341207349081,2022-05-28,0.7637795275590551,97.0,302.1666666666667
2022-05-28,302.1666666666667,97,0.7637795275590551,0.4566929133858268,0.8110236220472441,0.8818897637795275,0.952755905511811,0.7165354330708661,0.8391451068616423,0.8141732283464567,2022-05-29,0.9212598425196851,117.0,365.2083333333333
2022-05-29,365.2083333333333,117,0.9212598425196851,0.7637795275590551,0.4566929133858268,0.8110236220472441,0.9212598425196851,0.6771653543307087,0.81214848143982,0.8110236220472441,2022-05-30,0.5826771653543307,74.0,234.125
2022-05-30,234.125,74,0.5826771653543307,0.9212598425196851,0.7637795275590551,0.4566929133858268,0.9212598425196851,0.7139107611548555,0.81214848143982,0.8133858267716536,2022-05-31,0.9606299212598425,122.0,377.7083333333333
2022-05-31,377.7083333333333,122,0.9606299212598425,0.5826771653543307,0.9212598425196851,0.7637795275590551,0.9291338582677166,0.7559055118110235,0.7637795275590552,0.810498687664042,2022-06-01,0.9448818897637795,120.0,371.8333333333333
2022-06-01,371.8333333333333,120,0.9448818897637795,0.9606299212598425,0.5826771653543307,0.9212598425196851,0.8818897637795275,0.8215223097112859,0.7682789651293589,0.8136482939632546,2022-06-02,0.7480314960629921,95.0,297.7083333333333
2022-06-02,297.7083333333333,95,0.7480314960629921,0.9448818897637795,0.9606299212598425,0.5826771653543307,0.8110236220472441,0.8293963254593174,0.7772778402699663,0.8175853018372704,2022-06-03,0.7874015748031497,100.0,312.0
2022-06-03,312.0,100,0.7874015748031497,0.7480314960629921,0.9448818897637795,0.9606299212598425,0.4566929133858268,0.884514435695538,0.7682789651293588,0.8131233595800524,2022-06-04,0.6535433070866141,83.0,259.0
2022-06-04,259.0,83,0.6535433070866141,0.7874015748031497,0.7480314960629921,0.9448818897637795,0.7637795275590551,0.826771653543307,0.8155230596175478,0.8097112860892388,2022-06-05,0.7559055118110236,96.0,299.9166666666667
2022-06-05,299.9166666666667,96,0.7559055118110236,0.6535433070866141,0.7874015748031497,0.7480314960629921,0.9212598425196851,0.7296587926509185,0.7997750281214848,0.810236220472441,2022-06-06,0.9606299212598425,122.0,379.7083333333333
2022-06-06,379.7083333333333,122,0.9606299212598425,0.7559055118110236,0.6535433070866141,0.7874015748031497,0.5826771653543307,0.732283464566929,0.7761529808773904,0.8123359580052493,2022-06-07,0.8976377952755905,114.0,355.875
2022-06-07,355.875,114,0.8976377952755905,0.9606299212598425,0.7559055118110236,0.6535433070866141,0.9606299212598425,0.79002624671916,0.830146231721035,0.8146981627296588,2022-06-08,0.7480314960629921,95.0,298.0416666666667
2022-06-08,298.0416666666667,95,0.7480314960629921,0.8976377952755905,0.9606299212598425,0.7559055118110236,0.9448818897637795,0.8713910761154855,0.8211473565804275,0.8199475065616798,2022-06-09,0.889763779527559,113.0,351.25
2022-06-09,351.25,113,0.889763779527559,0.7480314960629921,0.8976377952755905,0.9606299212598425,0.7480314960629921,0.868766404199475,0.7930258717660292,0.8246719160104986,2022-06-10,0.952755905511811,121.0,375.0833333333333
2022-06-10,375.0833333333333,121,0.952755905511811,0.889763779527559,0.7480314960629921,0.8976377952755905,0.7874015748031497,0.8451443569553806,0.813273340832396,0.8391076115485564,2022-06-11,0.9448818897637795,120.0,372.6666666666667
2022-06-11,372.6666666666667,120,0.9448818897637795,0.952755905511811,0.889763779527559,0.7480314960629921,0.6535433070866141,0.863517060367454,0.8368953880764904,0.8456692913385826,2022-06-12,0.6929133858267716,88.0,276.4166666666667
2022-06-12,276.4166666666667,88,0.6929133858267716,0.9448818897637795,0.952755905511811,0.889763779527559,0.7559055118110236,0.9291338582677163,0.8785151856017998,0.8519685039370078,2022-06-13,0.9763779527559056,124.0,384.625
2022-06-13,384.625,124,0.9763779527559056,0.6929133858267716,0.9448818897637795,0.952755905511811,0.9606299212598425,0.863517060367454,0.8695163104611924,0.8454068241469817,2022-06-14,0.984251968503937,125.0,387.375
2022-06-14,387.375,125,0.984251968503937,0.9763779527559056,0.6929133858267716,0.9448818897637795,0.8976377952755905,0.8713910761154855,0.8717660292463442,0.8480314960629921,2022-06-15,0.9763779527559056,124.0,386.7916666666667
2022-06-15,386.7916666666667,124,0.9763779527559056,0.984251968503937,0.9763779527559056,0.6929133858267716,0.7480314960629921,0.884514435695538,0.8841394825646793,0.8511811023622047,2022-06-16,0.968503937007874,123.0,383.625
2022-06-16,383.625,123,0.968503937007874,0.9763779527559056,0.984251968503937,0.9763779527559056,0.889763779527559,0.9790026246719159,0.9167604049493814,0.8559055118110236,2022-06-17,0.7795275590551181,99.0,310.5416666666667
2022-06-17,310.5416666666667,99,0.7795275590551181,0.968503937007874,0.9763779527559056,0.984251968503937,0.952755905511811,0.9763779527559054,0.9280089988751407,0.857742782152231,2022-06-18,0.7716535433070866,98.0,305.0
2022-06-18,305.0,98,0.7716535433070866,0.7795275590551181,0.968503937007874,0.9763779527559056,0.9448818897637795,0.9081364829396325,0.9032620922384701,0.8540682414698163,2022-06-19,0.9212598425196851,117.0,364.0
2022-06-19,364.0,117,0.9212598425196851,0.7716535433070866,0.7795275590551181,0.968503937007874,0.6929133858267716,0.8398950131233595,0.8785151856017998,0.8501312335958005,2022-06-20,0.8188976377952756,104.0,324.2916666666667
2022-06-20,324.2916666666667,104,0.8188976377952756,0.9212598425196851,0.7716535433070866,0.7795275590551181,0.9763779527559056,0.8241469816272965,0.9111361079865017,0.8485564304461942,2022-06-21,0.9763779527559056,124.0,384.6666666666667
2022-06-21,384.6666666666667,124,0.9763779527559056,0.8188976377952756,0.9212598425196851,0.7716535433070866,0.984251968503937,0.8372703412073491,0.888638920134983,0.8440944881889763,2022-06-22,0.889763779527559,113.0,351.0
2022-06-22,351.0,113,0.889763779527559,0.9763779527559056,0.8188976377952756,0.9212598425196851,0.9763779527559056,0.9055118110236219,0.8875140607424071,0.8459317585301837,2022-06-23,0.5590551181102362,71.0,223.25
2022-06-23,223.25,71,0.5590551181102362,0.889763779527559,0.9763779527559056,0.8188976377952756,0.968503937007874,0.8950131233595799,0.875140607424072,0.8448818897637795,2022-06-24,0.9212598425196851,117.0,363.4166666666667
2022-06-24,363.4166666666667,117,0.9212598425196851,0.5590551181102362,0.889763779527559,0.9763779527559056,0.7795275590551181,0.8083989501312335,0.8166479190101237,0.8325459317585302,2022-06-25,0.8661417322834646,110.0,343.0833333333333
2022-06-25,343.0833333333333,110,0.8661417322834646,0.9212598425196851,0.5590551181102362,0.889763779527559,0.7716535433070866,0.79002624671916,0.8368953880764904,0.8338582677165355,2022-06-26,0.8740157480314961,111.0,344.7083333333333
2022-06-26,344.7083333333333,111,0.8740157480314961,0.8661417322834646,0.9212598425196851,0.5590551181102362,0.9212598425196851,0.7821522309711285,0.8503937007874016,0.8356955380577428,2022-06-27,0.9448818897637795,120.0,372.5833333333333
2022-06-27,372.5833333333333,120,0.9448818897637795,0.8740157480314961,0.8661417322834646,0.9212598425196851,0.8188976377952756,0.8871391076115485,0.843644544431946,0.8496062992125984,2022-06-28,0.968503937007874,123.0,381.4583333333333
2022-06-28,381.4583333333333,123,0.968503937007874,0.9448818897637795,0.8740157480314961,0.8661417322834646,0.9763779527559056,0.8950131233595799,0.8616422947131609,0.8556430446194226,2022-06-29,0.968503937007874,123.0,382.4166666666667
2022-06-29,382.4166666666667,123,0.968503937007874,0.968503937007874,0.9448818897637795,0.8740157480314961,0.889763779527559,0.9291338582677163,0.8605174353205849,0.8572178477690289,2022-06-30,0.9763779527559056,124.0,384.375
2022-06-30,384.375,124,0.9763779527559056,0.968503937007874,0.968503937007874,0.9448818897637795,0.5590551181102362,0.9606299212598425,0.8717660292463442,0.8700787401574802,2022-07-01,0.9921259842519685,126.0,390.9583333333333
2022-07-01,390.9583333333333,126,0.9921259842519685,0.9763779527559056,0.968503937007874,0.968503937007874,0.9212598425196851,0.9711286089238844,0.9313835770528683,0.8706036745406824,2022-07-02,0.952755905511811,121.0,377.5
2022-07-02,377.5,121,0.952755905511811,0.9921259842519685,0.9763779527559056,0.968503937007874,0.8661417322834646,0.9790026246719159,0.9415073115860517,0.8721784776902887,2022-07-03,0.6850393700787402,87.0,272.875
2022-07-03,272.875,87,0.6850393700787402,0.952755905511811,0.9921259842519685,0.9763779527559056,0.8740157480314961,0.9737532808398949,0.9538807649043869,0.8790026246719159,2022-07-04,0.9448818897637795,120.0,372.8333333333333
2022-07-04,372.8333333333333,120,0.9448818897637795,0.6850393700787402,0.952755905511811,0.9921259842519685,0.9448818897637795,0.8766404199475065,0.9268841394825647,0.8755905511811023,2022-07-05,0.7874015748031497,100.0,312.4583333333333
2022-07-05,312.4583333333333,100,0.7874015748031497,0.9448818897637795,0.6850393700787402,0.952755905511811,0.968503937007874,0.8608923884514436,0.9268841394825647,0.8853018372703413,2022-07-06,0.905511811023622,115.0,356.7916666666667
2022-07-06,356.7916666666667,115,0.905511811023622,0.7874015748031497,0.9448818897637795,0.6850393700787402,0.968503937007874,0.805774278215223,0.9010123734533184,0.8863517060367454,2022-07-07,0.937007874015748,119.0,371.5
2022-07-07,371.5,119,0.937007874015748,0.905511811023622,0.7874015748031497,0.9448818897637795,0.9763779527559056,0.879265091863517,0.8920134983127109,0.884514435695538,2022-07-08,0.9448818897637795,120.0,373.1666666666667
2022-07-08,373.1666666666667,120,0.9448818897637795,0.937007874015748,0.905511811023622,0.7874015748031497,0.9921259842519685,0.8766404199475065,0.8863892013498312,0.8858267716535433,2022-07-09,0.952755905511811,121.0,376.1666666666667
2022-07-09,376.1666666666667,121,0.952755905511811,0.9448818897637795,0.937007874015748,0.905511811023622,0.952755905511811,0.9291338582677166,0.8796400449943756,0.8923884514435696,2022-07-10,0.952755905511811,121.0,374.6666666666667
2022-07-10,374.6666666666667,121,0.952755905511811,0.952755905511811,0.9448818897637795,0.937007874015748,0.6850393700787402,0.9448818897637793,0.8796400449943756,0.894488188976378,2022-07-11,0.9291338582677166,118.0,367.0833333333333
2022-07-11,367.0833333333333,118,0.9291338582677166,0.952755905511811,0.952755905511811,0.9448818897637795,0.9448818897637795,0.9501312335958004,0.9178852643419573,0.8944881889763779,2022-07-12,0.8976377952755905,114.0,356.375
2022-07-12,356.375,114,0.8976377952755905,0.9291338582677166,0.952755905511811,0.952755905511811,0.7874015748031497,0.9448818897637793,0.9156355455568054,0.8939632545931758,2022-07-13,0.9133858267716536,116.0,362.0833333333333
2022-07-13,362.0833333333333,116,0.9133858267716536,0.8976377952755905,0.9291338582677166,0.952755905511811,0.905511811023622,0.9265091863517059,0.9313835770528683,0.9007874015748031,2022-07-14,0.9212598425196851,117.0,364.375
2022-07-14,364.375,117,0.9212598425196851,0.9133858267716536,0.8976377952755905,0.9291338582677166,0.937007874015748,0.9133858267716534,0.9325084364454443,0.8986876640419948,2022-07-15,0.9133858267716536,116.0,360.9583333333333
2022-07-15,360.9583333333333,116,0.9133858267716536,0.9212598425196851,0.9133858267716536,0.8976377952755905,0.9448818897637795,0.9107611548556429,0.9302587176602926,0.8965879265091864,2022-07-16,0.9133858267716536,116.0,360.7083333333333
2022-07-16,360.7083333333333,116,0.9133858267716536,0.9133858267716536,0.9212598425196851,0.9133858267716536,0.952755905511811,0.916010498687664,0.9257592800899888,0.8944881889763779,2022-07-17,0.8976377952755905,114.0,356.0833333333333
2022-07-17,356.0833333333333,114,0.8976377952755905,0.9133858267716536,0.9133858267716536,0.9212598425196851,0.952755905511811,0.9160104986876639,0.9201349831271092,0.8926509186351707,2022-07-18,0.7716535433070866,98.0,307.5
2022-07-18,307.5,98,0.7716535433070866,0.8976377952755905,0.9133858267716536,0.9133858267716536,0.9291338582677166,0.9081364829396325,0.9122609673790777,0.8965879265091863,2022-07-19,0.5354330708661418,68.0,214.08333333333331
2022-07-19,214.08333333333331,68,0.5354330708661418,0.7716535433070866,0.8976377952755905,0.9133858267716536,0.8976377952755905,0.8608923884514436,0.889763779527559,0.8965879265091864,2022-07-20,0.8582677165354331,109.0,338.1666666666667
2022-07-20,338.1666666666667,109,0.8582677165354331,0.5354330708661418,0.7716535433070866,0.8976377952755905,0.9133858267716536,0.7349081364829395,0.8380202474690664,0.8837270341207349,2022-07-21,0.937007874015748,119.0,370.0833333333333
2022-07-21,370.0833333333333,119,0.937007874015748,0.8582677165354331,0.5354330708661418,0.7716535433070866,0.9212598425196851,0.721784776902887,0.8301462317210347,0.8850393700787401,2022-07-22,0.952755905511811,121.0,374.9583333333333
2022-07-22,374.9583333333333,121,0.952755905511811,0.937007874015748,0.8582677165354331,0.5354330708661418,0.9133858267716536,0.7769028871391076,0.8323959505061868,0.8837270341207349,2022-07-23,0.937007874015748,119.0,369.9583333333333
2022-07-23,369.9583333333333,119,0.937007874015748,0.952755905511811,0.937007874015748,0.8582677165354331,0.9133858267716536,0.916010498687664,0.8380202474690664,0.8858267716535433,2022-07-24,0.8976377952755905,114.0,353.9583333333333
2022-07-24,353.9583333333333,114,0.8976377952755905,0.937007874015748,0.952755905511811,0.937007874015748,0.8976377952755905,0.9422572178477688,0.8413948256467941,0.8984251968503937,2022-07-25,0.8818897637795275,112.0,348.9166666666667
2022-07-25,348.9166666666667,112,0.8818897637795275,0.8976377952755905,0.937007874015748,0.952755905511811,0.7716535433070866,0.9291338582677163,0.8413948256467941,0.8976377952755905,2022-07-26,0.6062992125984252,77.0,242.375
2022-07-26,242.375,77,0.6062992125984252,0.8818897637795275,0.8976377952755905,0.937007874015748,0.5354330708661418,0.9055118110236219,0.8571428571428571,0.8981627296587927,2022-07-27,0.7795275590551181,99.0,308.2916666666667
2022-07-27,308.2916666666667,99,0.7795275590551181,0.6062992125984252,0.8818897637795275,0.8976377952755905,0.8582677165354331,0.795275590551181,0.8672665916760405,0.8892388451443569,2022-07-28,0.8740157480314961,111.0,346.5833333333333
2022-07-28,346.5833333333333,111,0.8740157480314961,0.7795275590551181,0.6062992125984252,0.8818897637795275,0.937007874015748,0.7559055118110235,0.8560179977502812,0.8837270341207348,2022-07-29,0.8582677165354331,109.0,338.6666666666667
2022-07-29,338.6666666666667,109,0.8582677165354331,0.8740157480314961,0.7795275590551181,0.6062992125984252,0.952755905511811,0.7532808398950129,0.8470191226096738,0.8805774278215223,2022-07-30,0.84251968503937,107.0,332.5
2022-07-30,332.5,107,0.84251968503937,0.8582677165354331,0.8740157480314961,0.7795275590551181,0.937007874015748,0.8372703412073491,0.8335208098987626,0.8769028871391077,2022-07-31,0.6062992125984252,77.0,241.95833333333331
2022-07-31,241.95833333333331,77,0.6062992125984252,0.84251968503937,0.8582677165354331,0.8740157480314961,0.8976377952755905,0.858267716535433,0.8200224971878515,0.8724409448818897,2022-08-01,0.4645669291338583,59.0,188.70833333333331
2022-08-01,188.70833333333331,59,0.4645669291338583,0.6062992125984252,0.84251968503937,0.8582677165354331,0.8818897637795275,0.7690288713910761,0.7784026996625422,0.8595800524934384,2022-08-02,0.7952755905511811,101.0,314.5
2022-08-02,314.5,101,0.7952755905511811,0.4645669291338583,0.6062992125984252,0.84251968503937,0.6062992125984252,0.637795275590551,0.7187851518560181,0.8433070866141733,2022-08-03,0.7716535433070866,98.0,305.0416666666667
2022-08-03,305.0416666666667,98,0.7716535433070866,0.7952755905511811,0.4645669291338583,0.6062992125984252,0.7795275590551181,0.6220472440944882,0.7457817772778402,0.8469816272965879,2022-08-04,0.5590551181102362,71.0,223.04166666666663
2022-08-04,223.04166666666663,71,0.5590551181102362,0.7716535433070866,0.7952755905511811,0.4645669291338583,0.8740157480314961,0.6771653543307087,0.7446569178852644,0.8412073490813649,2022-08-05,0.2992125984251969,38.0,122.5
2022-08-05,122.5,38,0.2992125984251969,0.5590551181102362,0.7716535433070866,0.7952755905511811,0.8582677165354331,0.7086614173228346,0.6996625421822272,0.8335958005249344,2022-08-06,0.8503937007874016,108.0,337.4583333333333
2022-08-06,337.4583333333333,108,0.8503937007874016,0.2992125984251969,0.5590551181102362,0.7716535433070866,0.84251968503937,0.5433070866141732,0.6197975253093363,0.8133858267716536,2022-08-07,0.7401574803149606,94.0,293.5833333333333
2022-08-07,293.5833333333333,94,0.7401574803149606,0.8503937007874016,0.2992125984251969,0.5590551181102362,0.6062992125984252,0.5695538057742782,0.6209223847019123,0.810498687664042,2022-08-08,0.5354330708661418,68.0,213.70833333333331
2022-08-08,213.70833333333331,68,0.5354330708661418,0.7401574803149606,0.8503937007874016,0.2992125984251969,0.4645669291338583,0.6299212598425196,0.6400449943757031,0.8036745406824147,2022-08-09,0.4881889763779528,62.0,196.70833333333331
2022-08-09,196.70833333333331,62,0.4881889763779528,0.5354330708661418,0.7401574803149606,0.8503937007874016,0.7952755905511811,0.7086614173228346,0.6501687289088863,0.789763779527559,2022-08-10,0.8110236220472441,103.0,319.875
2022-08-10,319.875,103,0.8110236220472441,0.4881889763779528,0.5354330708661418,0.7401574803149606,0.7716535433070866,0.5879265091863517,0.6062992125984251,0.7742782152230971,2022-08-11,0.8503937007874016,108.0,336.625
2022-08-11,336.625,108,0.8503937007874016,0.8110236220472441,0.4881889763779528,0.5354330708661418,0.5590551181102362,0.6115485564304461,0.6119235095613049,0.7703412073490814,2022-08-12,0.8582677165354331,109.0,339.2083333333333
2022-08-12,339.2083333333333,109,0.8582677165354331,0.8503937007874016,0.8110236220472441,0.4881889763779528,0.2992125984251969,0.7165354330708661,0.6535433070866141,0.7687664041994751,2022-08-13,0.8582677165354331,109.0,340.125
2022-08-13,340.125,109,0.8582677165354331,0.8582677165354331,0.8503937007874016,0.8110236220472441,0.8503937007874016,0.8398950131233596,0.7334083239595051,0.7669291338582677,2022-08-14,0.8503937007874016,108.0,337.7916666666667
2022-08-14,337.7916666666667,108,0.8503937007874016,0.8582677165354331,0.8582677165354331,0.8503937007874016,0.7401574803149606,0.8556430446194225,0.7345331833520811,0.7648293963254592,2022-08-15,0.84251968503937,107.0,333.625
2022-08-15,333.625,107,0.84251968503937,0.8503937007874016,0.8582677165354331,0.8582677165354331,0.5354330708661418,0.8556430446194225,0.7502812148481439,0.762729658792651,2022-08-16,0.5590551181102362,71.0,224.125
2022-08-16,224.125,71,0.5590551181102362,0.84251968503937,0.8503937007874016,0.8582677165354331,0.4881889763779528,0.8503937007874015,0.7941507311586051,0.7603674540682415,2022-08-17,0.33858267716535434,43.0,139.54166666666666
2022-08-17,139.54166666666666,43,0.33858267716535434,0.5590551181102362,0.84251968503937,0.8503937007874016,0.8110236220472441,0.7506561679790025,0.8042744656917885,0.7490813648293962,2022-08-18,0.5590551181102362,71.0,225.41666666666663
2022-08-18,225.41666666666663,71,0.5590551181102362,0.33858267716535434,0.5590551181102362,0.84251968503937,0.8503937007874016,0.5800524934383201,0.736782902137233,0.7346456692913386,2022-08-19,0.8031496062992126,102.0,318.9583333333333
2022-08-19,318.9583333333333,102,0.8031496062992126,0.5590551181102362,0.33858267716535434,0.5590551181102362,0.8582677165354331,0.48556430446194215,0.6951631046119235,0.7354330708661417,2022-08-20,0.8110236220472441,103.0,320.4166666666667
2022-08-20,320.4166666666667,103,0.8110236220472441,0.8031496062992126,0.5590551181102362,0.33858267716535434,0.8582677165354331,0.5669291338582676,0.6872890888638921,0.7335958005249343,2022-08-21,0.8031496062992126,102.0,319.0833333333333
2022-08-21,319.0833333333333,102,0.8031496062992126,0.8110236220472441,0.8031496062992126,0.5590551181102362,0.8503937007874016,0.7244094488188976,0.6805399325084364,0.7293963254593175,2022-08-22,0.8110236220472441,103.0,320.9166666666667
2022-08-22,320.9166666666667,103,0.8110236220472441,0.8031496062992126,0.8110236220472441,0.8031496062992126,0.84251968503937,0.805774278215223,0.6737907761529808,0.7244094488188977,2022-08-23,0.8110236220472441,103.0,322.5
2022-08-23,322.5,103,0.8110236220472441,0.8110236220472441,0.8031496062992126,0.8110236220472441,0.5590551181102362,0.8083989501312336,0.6692913385826772,0.7202099737532809,2022-08-24,0.8031496062992126,102.0,317.875
2022-08-24,317.875,102,0.8031496062992126,0.8110236220472441,0.8110236220472441,0.8031496062992126,0.33858267716535434,0.8083989501312335,0.7052868391451069,0.7173228346456693,2022-08-25,0.7952755905511811,101.0,314.5833333333333
2022-08-25,314.5833333333333,101,0.7952755905511811,0.8031496062992126,0.8110236220472441,0.8110236220472441,0.5590551181102362,0.8083989501312336,0.7716535433070867,0.7146981627296588,2022-08-26,0.7952755905511811,101.0,315.125
2022-08-26,315.125,101,0.7952755905511811,0.7952755905511811,0.8031496062992126,0.8110236220472441,0.8031496062992126,0.8031496062992125,0.8053993250843644,0.7209973753280841,2022-08-27,0.7874015748031497,100.0,313.2083333333333
2022-08-27,313.2083333333333,100,0.7874015748031497,0.7952755905511811,0.7952755905511811,0.8031496062992126,0.8110236220472441,0.7979002624671917,0.8042744656917885,0.7215223097112862,2022-08-28,0.7795275590551181,99.0,309.0416666666667
2022-08-28,309.0416666666667,99,0.7795275590551181,0.7874015748031497,0.7952755905511811,0.7952755905511811,0.8031496062992126,0.7926509186351706,0.8008998875140608,0.7186351706036745,2022-08-29,0.7480314960629921,95.0,297.875
2022-08-29,297.875,95,0.7480314960629921,0.7795275590551181,0.7874015748031497,0.7952755905511811,0.8110236220472441,0.7874015748031495,0.7975253093363329,0.7160104986876641,2022-08-30,0.7480314960629921,95.0,295.6666666666667
2022-08-30,295.6666666666667,95,0.7480314960629921,0.7480314960629921,0.7795275590551181,0.7874015748031497,0.8110236220472441,0.7716535433070866,0.7885264341957257,0.7128608923884515,2022-08-31,0.7559055118110236,96.0,300.5
2022-08-31,300.5,96,0.7559055118110236,0.7480314960629921,0.7480314960629921,0.7795275590551181,0.8031496062992126,0.7585301837270341,0.7795275590551182,0.7175853018372703,2022-09-01,0.7480314960629921,95.0,296.2916666666667
2022-09-01,296.2916666666667,95,0.7480314960629921,0.7559055118110236,0.7480314960629921,0.7480314960629921,0.7952755905511811,0.7506561679790026,0.7727784026996626,0.7272965879265091,2022-09-02,0.6614173228346457,84.0,262.0416666666667
2022-09-02,262.0416666666667,84,0.6614173228346457,0.7480314960629921,0.7559055118110236,0.7480314960629921,0.7952755905511811,0.7506561679790026,0.766029246344207,0.725721784776903,2022-09-03,0.7322834645669292,93.0,291.9166666666667
2022-09-03,291.9166666666667,93,0.7322834645669292,0.6614173228346457,0.7480314960629921,0.7559055118110236,0.7874015748031497,0.721784776902887,0.7469066366704161,0.7220472440944882,2022-09-04,0.7244094488188977,92.0,288.3333333333333
2022-09-04,288.3333333333333,92,0.7244094488188977,0.7322834645669292,0.6614173228346457,0.7480314960629921,0.7795275590551181,0.7139107611548555,0.7390326209223846,0.7278215223097112,2022-09-05,0.7165354330708661,91.0,285.4583333333333
2022-09-05,285.4583333333333,91,0.7165354330708661,0.7244094488188977,0.7322834645669292,0.6614173228346457,0.7480314960629921,0.706036745406824,0.7311586051743532,0.741994750656168,2022-09-06,0.6771653543307087,86.0,269.2916666666667
2022-09-06,269.2916666666667,86,0.6771653543307087,0.7165354330708661,0.7244094488188977,0.7322834645669292,0.7480314960629921,0.7244094488188976,0.7266591676040495,0.7375328083989501,2022-09-07,0.6299212598425197,80.0,251.45833333333331
2022-09-07,251.45833333333331,80,0.6299212598425197,0.6771653543307087,0.7165354330708661,0.7244094488188977,0.7559055118110236,0.706036745406824,0.7165354330708661,0.7354330708661417,2022-09-08,0.6692913385826772,85.0,265.2083333333333
2022-09-08,265.2083333333333,85,0.6692913385826772,0.6299212598425197,0.6771653543307087,0.7165354330708661,0.7480314960629921,0.6745406824146981,0.6985376827896513,0.7385826771653543,2022-09-09,0.6614173228346457,84.0,264.9583333333333
2022-09-09,264.9583333333333,84,0.6614173228346457,0.6692913385826772,0.6299212598425197,0.6771653543307087,0.6614173228346457,0.658792650918635,0.6872890888638921,0.7446194225721785,2022-09-10,0.6220472440944882,79.0,249.375
2022-09-10,249.375,79,0.6220472440944882,0.6614173228346457,0.6692913385826772,0.6299212598425197,0.7322834645669292,0.6535433070866141,0.687289088863892,0.7396325459317585,2022-09-11,0.5590551181102362,71.0,223.54166666666663
2022-09-11,223.54166666666663,71,0.5590551181102362,0.6220472440944882,0.6614173228346457,0.6692913385826772,0.7244094488188977,0.6509186351706037,0.6715410573678291,0.7320209973753281,2022-09-12,0.4566929133858268,58.0,185.625
2022-09-12,185.625,58,0.4566929133858268,0.5590551181102362,0.6220472440944882,0.6614173228346457,0.7165354330708661,0.6141732283464566,0.6479190101237345,0.7220472440944883,2022-09-13,0.5354330708661418,68.0,215.41666666666663
2022-09-13,215.41666666666663,68,0.5354330708661418,0.4566929133858268,0.5590551181102362,0.6220472440944882,0.6771653543307087,0.5459317585301836,0.6107986501687289,0.7086614173228347,2022-09-14,0.5826771653543307,74.0,234.08333333333331
2022-09-14,234.08333333333331,74,0.5826771653543307,0.5354330708661418,0.4566929133858268,0.5590551181102362,0.6299212598425197,0.5170603674540682,0.5905511811023623,0.6981627296587926,2022-09-15,0.6220472440944882,79.0,247.54166666666663
2022-09-15,247.54166666666663,79,0.6220472440944882,0.5826771653543307,0.5354330708661418,0.4566929133858268,0.6692913385826772,0.5249343832020997,0.5838020247469066,0.689501312335958,2022-09-16,0.6220472440944882,79.0,248.33333333333331
2022-09-16,248.33333333333331,79,0.6220472440944882,0.6220472440944882,0.5826771653543307,0.5354330708661418,0.6614173228346457,0.5800524934383201,0.5770528683914511,0.6916010498687662,2022-09-17,0.6062992125984252,77.0,243.16666666666663
2022-09-17,243.16666666666663,77,0.6062992125984252,0.6220472440944882,0.6220472440944882,0.5826771653543307,0.6220472440944882,0.6089238845144357,0.5714285714285714,0.7010498687664042,2022-09-18,0.3464566929133858,44.0,142.95833333333334
2022-09-18,142.95833333333334,44,0.3464566929133858,0.6062992125984252,0.6220472440944882,0.6220472440944882,0.5590551181102362,0.6167979002624672,0.5691788526434196,0.7026246719160105,2022-09-19,0.36220472440944884,46.0,148.41666666666666
2022-09-19,148.41666666666666,46,0.36220472440944884,0.3464566929133858,0.6062992125984252,0.6220472440944882,0.4566929133858268,0.5249343832020997,0.5388076490438696,0.6874015748031497,2022-09-20,0.3464566929133858,44.0,141.04166666666666
2022-09-20,141.04166666666666,44,0.3464566929133858,0.36220472440944884,0.3464566929133858,0.6062992125984252,0.5354330708661418,0.43832020997375326,0.5253093363329584,0.6724409448818898,2022-09-21,0.28346456692913385,36.0,117.08333333333331
2022-09-21,117.08333333333331,36,0.28346456692913385,0.3464566929133858,0.36220472440944884,0.3464566929133858,0.5826771653543307,0.3517060367454068,0.4983127109111361,0.6572178477690289,2022-09-22,0.6456692913385826,82.0,257.3333333333333
2022-09-22,257.3333333333333,82,0.6456692913385826,0.28346456692913385,0.3464566929133858,0.36220472440944884,0.6220472440944882,0.33070866141732275,0.45556805399325084,0.6396325459317586,2022-09-23,0.6456692913385826,82.0,258.1666666666667
2022-09-23,258.1666666666667,82,0.6456692913385826,0.6456692913385826,0.28346456692913385,0.3464566929133858,0.6220472440944882,0.4251968503937007,0.45894263217097864,0.6341207349081366,2022-09-24,0.6456692913385826,82.0,258.375
2022-09-24,258.375,82,0.6456692913385826,0.6456692913385826,0.6456692913385826,0.28346456692913385,0.6062992125984252,0.5249343832020997,0.4623172103487064,0.6288713910761154,2022-09-25,0.6299212598425197,80.0,252.25
2022-09-25,252.25,80,0.6299212598425197,0.6456692913385826,0.6456692913385826,0.6456692913385826,0.3464566929133858,0.6456692913385826,0.46794150731158607,0.6238845144356956,2022-09-26,0.5984251968503937,76.0,240.54166666666663
2022-09-26,240.54166666666663,76,0.5984251968503937,0.6299212598425197,0.6456692913385826,0.6456692913385826,0.36220472440944884,0.6404199475065616,0.5084364454443194,0.6183727034120735,2022-09-27,0.5984251968503937,76.0,239.79166666666663
2022-09-27,239.79166666666663,76,0.5984251968503937,0.5984251968503937,0.6299212598425197,0.6456692913385826,0.3464566929133858,0.6246719160104987,0.5421822272215973,0.6120734908136483,2022-09-28,0.5196850393700787,66.0,209.41666666666663
2022-09-28,209.41666666666663,66,0.5196850393700787,0.5984251968503937,0.5984251968503937,0.6299212598425197,0.28346456692913385,0.6089238845144357,0.578177727784027,0.6060367454068242,2022-09-29,0.6062992125984252,77.0,240.875
2022-09-29,240.875,77,0.6062992125984252,0.5196850393700787,0.5984251968503937,0.5984251968503937,0.6456692913385826,0.5721784776902887,0.6119235095613048,0.5984251968503937,2022-09-30,0.6062992125984252,77.0,242.04166666666663
2022-09-30,242.04166666666663,77,0.6062992125984252,0.6062992125984252,0.5196850393700787,0.5984251968503937,0.6456692913385826,0.5748031496062992,0.6062992125984251,0.5937007874015748,2022-10-01,0.5905511811023622,75.0,236.95833333333331
2022-10-01,236.95833333333331,75,0.5905511811023622,0.6062992125984252,0.6062992125984252,0.5196850393700787,0.6456692913385826,0.5774278215223098,0.6006749156355456,0.5887139107611549,2022-10-02,0.5905511811023622,75.0,235.91666666666663
2022-10-02,235.91666666666663,75,0.5905511811023622,0.5905511811023622,0.6062992125984252,0.6062992125984252,0.6299212598425197,0.6010498687664042,0.592800899887514,0.5834645669291338,2022-10-03,0.5905511811023622,75.0,236.08333333333331
2022-10-03,236.08333333333331,75,0.5905511811023622,0.5905511811023622,0.5905511811023622,0.6062992125984252,0.5984251968503937,0.5958005249343832,0.5871766029246344,0.5811023622047244,2022-10-04,0.5826771653543307,74.0,233.08333333333331
2022-10-04,233.08333333333331,74,0.5826771653543307,0.5905511811023622,0.5905511811023622,0.5905511811023622,0.5984251968503937,0.5905511811023622,0.5860517435320585,0.5763779527559055,2022-10-05,0.5748031496062992,73.0,229.91666666666663
2022-10-05,229.91666666666663,73,0.5748031496062992,0.5826771653543307,0.5905511811023622,0.5905511811023622,0.5196850393700787,0.5879265091863516,0.5838020247469066,0.5716535433070865,2022-10-06,0.5669291338582677,72.0,227.91666666666663
2022-10-06,227.91666666666663,72,0.5669291338582677,0.5748031496062992,0.5826771653543307,0.5905511811023622,0.6062992125984252,0.5826771653543307,0.591676040494938,0.5669291338582678,2022-10-07,0.5590551181102362,71.0,225.375
2022-10-07,225.375,71,0.5590551181102362,0.5669291338582677,0.5748031496062992,0.5826771653543307,0.6062992125984252,0.5748031496062991,0.5860517435320585,0.5632545931758529,2022-10-08,0.5590551181102362,71.0,223.83333333333331
2022-10-08,223.83333333333331,71,0.5590551181102362,0.5590551181102362,0.5669291338582677,0.5748031496062992,0.5905511811023622,0.5669291338582677,0.5793025871766029,0.5608923884514436,2022-10-09,0.4566929133858268,58.0,184.33333333333331
2022-10-09,184.33333333333331,58,0.4566929133858268,0.5590551181102362,0.5590551181102362,0.5669291338582677,0.5905511811023622,0.5616797900262466,0.5748031496062992,0.5572178477690289,2022-10-10,0.5275590551181102,67.0,211.45833333333331
2022-10-10,211.45833333333331,67,0.5275590551181102,0.4566929133858268,0.5590551181102362,0.5590551181102362,0.5905511811023622,0.5249343832020997,0.5556805399325084,0.5503937007874016,2022-10-11,0.5354330708661418,68.0,214.41666666666663
2022-10-11,214.41666666666663,68,0.5354330708661418,0.5275590551181102,0.4566929133858268,0.5590551181102362,0.5826771653543307,0.5144356955380577,0.5466816647919011,0.547244094488189,2022-10-12,0.5354330708661418,68.0,214.20833333333331
2022-10-12,214.20833333333331,68,0.5354330708661418,0.5354330708661418,0.5275590551181102,0.4566929133858268,0.5748031496062992,0.5065616797900262,0.5399325084364455,0.5464566929133858,2022-10-13,0.5275590551181102,67.0,213.16666666666663
2022-10-13,213.16666666666663,67,0.5275590551181102,0.5354330708661418,0.5354330708661418,0.5275590551181102,0.5669291338582677,0.5328083989501312,0.5343082114735658,0.5490813648293963,2022-10-14,0.5275590551181102,67.0,210.875
2022-10-14,210.875,67,0.5275590551181102,0.5275590551181102,0.5354330708661418,0.5354330708661418,0.5590551181102362,0.5328083989501312,0.5286839145106862,0.5488188976377953,2022-10-15,0.5196850393700787,66.0,209.66666666666663
2022-10-15,209.66666666666663,66,0.5196850393700787,0.5275590551181102,0.5275590551181102,0.5354330708661418,0.5590551181102362,0.5301837270341206,0.5241844769403825,0.546981627296588,2022-10-16,0.5118110236220472,65.0,207.25
2022-10-16,207.25,65,0.5118110236220472,0.5196850393700787,0.5275590551181102,0.5275590551181102,0.4566929133858268,0.5249343832020996,0.5185601799775028,0.5435695538057743,2022-10-17,0.5039370078740157,64.0,201.95833333333331
2022-10-17,201.95833333333331,64,0.5039370078740157,0.5118110236220472,0.5196850393700787,0.5275590551181102,0.5275590551181102,0.5196850393700786,0.5264341957255343,0.5398950131233595,2022-10-18,0.3937007874015748,50.0,159.58333333333334
2022-10-18,159.58333333333334,50,0.3937007874015748,0.5039370078740157,0.5118110236220472,0.5196850393700787,0.5354330708661418,0.5118110236220471,0.5230596175478065,0.5364829396325459,2022-10-19,0.4881889763779528,62.0,195.625
2022-10-19,195.625,62,0.4881889763779528,0.3937007874015748,0.5039370078740157,0.5118110236220472,0.5354330708661418,0.4698162729658792,0.5028121484814398,0.5380577427821522,2022-10-20,0.4881889763779528,62.0,196.58333333333331
2022-10-20,196.58333333333331,62,0.4881889763779528,0.4881889763779528,0.3937007874015748,0.5039370078740157,0.5275590551181102,0.4619422572178477,0.49606299212598426,0.542257217847769,2022-10-21,0.47244094488188976,60.0,190.0
2022-10-21,190.0,60,0.47244094488188976,0.4881889763779528,0.4881889763779528,0.3937007874015748,0.5275590551181102,0.4566929133858267,0.4904386951631046,0.546981627296588,2022-10-22,0.2204724409448819,28.0,91.875
2022-10-22,91.875,28,0.2204724409448819,0.47244094488188976,0.4881889763779528,0.4881889763779528,0.5196850393700787,0.4829396325459317,0.48256467941507314,0.5532808398950131,2022-10-23,0.3464566929133858,44.0,142.41666666666666
2022-10-23,142.41666666666666,44,0.3464566929133858,0.2204724409448819,0.47244094488188976,0.4881889763779528,0.5118110236220472,0.39370078740157477,0.4398200224971878,0.5391076115485565,2022-10-24,0.44881889763779526,57.0,182.45833333333331
2022-10-24,182.45833333333331,57,0.44881889763779526,0.3464566929133858,0.2204724409448819,0.47244094488188976,0.5039370078740157,0.3464566929133858,0.4161979752530934,0.5291338582677165,2022-10-25,0.33858267716535434,43.0,138.29166666666666
2022-10-25,138.29166666666666,43,0.33858267716535434,0.44881889763779526,0.3464566929133858,0.2204724409448819,0.3937007874015748,0.33858267716535423,0.4083239595050619,0.5225721784776903,2022-10-26,0.44881889763779526,57.0,180.04166666666666
2022-10-26,180.04166666666666,57,0.44881889763779526,0.33858267716535434,0.44881889763779526,0.3464566929133858,0.4881889763779528,0.37795275590551175,0.40044994375703036,0.5128608923884515,2022-10-27,0.4330708661417323,55.0,176.54166666666666
2022-10-27,176.54166666666666,55,0.4330708661417323,0.44881889763779526,0.33858267716535434,0.44881889763779526,0.4881889763779528,0.41207349081364825,0.3948256467941507,0.5078740157480315,2022-10-28,0.3937007874015748,50.0,160.54166666666666
2022-10-28,160.54166666666666,50,0.3937007874015748,0.4330708661417323,0.44881889763779526,0.33858267716535434,0.47244094488188976,0.4068241469816272,0.3869516310461192,0.5023622047244094,2022-10-29,0.36220472440944884,46.0,146.58333333333334
2022-10-29,146.58333333333334,46,0.36220472440944884,0.3937007874015748,0.4330708661417323,0.44881889763779526,0.2204724409448819,0.4251968503937007,0.3757030371203599,0.49816272965879266,2022-10-30,0.4251968503937008,54.0,173.41666666666666
2022-10-30,173.41666666666666,54,0.4251968503937008,0.36220472440944884,0.3937007874015748,0.4330708661417323,0.3464566929133858,0.3963254593175853,0.3959505061867267,0.4900262467191601,2022-10-31,0.33070866141732286,42.0,134.70833333333334
2022-10-31,134.70833333333334,42,0.33070866141732286,0.4251968503937008,0.36220472440944884,0.3937007874015748,0.44881889763779526,0.3937007874015747,0.4071991001124859,0.4839895013123359,2022-11-01,0.31496062992125984,40.0,128.79166666666666
2022-11-01,128.79166666666666,40,0.31496062992125984,0.33070866141732286,0.4251968503937008,0.36220472440944884,0.33858267716535434,0.3727034120734907,0.3903262092238471,0.47532808398950127,2022-11-02,0.25196850393700787,32.0,104.70833333333331
2022-11-02,104.70833333333331,32,0.25196850393700787,0.31496062992125984,0.33070866141732286,0.4251968503937008,0.44881889763779526,0.35695538057742776,0.38695163104611924,0.46614173228346456,2022-11-03,0.2125984251968504,27.0,90.0
2022-11-03,90.0,27,0.2125984251968504,0.25196850393700787,0.31496062992125984,0.33070866141732286,0.4330708661417323,0.29921259842519676,0.35883014623172105,0.4548556430446194,2022-11-04,0.2204724409448819,28.0,91.875
2022-11-04,91.875,28,0.2204724409448819,0.2125984251968504,0.25196850393700787,0.31496062992125984,0.3937007874015748,0.2598425196850393,0.3273340832395951,0.4425196850393701,2022-11-05,0.15748031496062992,20.0,68.08333333333333
2022-11-05,68.08333333333333,20,0.15748031496062992,0.2204724409448819,0.2125984251968504,0.25196850393700787,0.36220472440944884,0.2283464566929133,0.30258717660292467,0.43070866141732284,2022-11-06,0.3700787401574803,47.0,149.625
2022-11-06,149.625,47,0.3700787401574803,0.15748031496062992,0.2204724409448819,0.2125984251968504,0.4251968503937008,0.19685039370078736,0.27334083239595053,0.41706036745406827,2022-11-07,0.3779527559055118,48.0,152.70833333333334
2022-11-07,152.70833333333334,48,0.3779527559055118,0.3700787401574803,0.15748031496062992,0.2204724409448819,0.33070866141732286,0.2493438320209973,0.265466816647919,0.410761154855643,2022-11-08,0.07086614173228346,9.0,35.708333333333336
2022-11-08,35.708333333333336,9,0.07086614173228346,0.3779527559055118,0.3700787401574803,0.15748031496062992,0.31496062992125984,0.3018372703412073,0.2722159730033746,0.40472440944881893,2022-11-09,0.29133858267716534,37.0,121.58333333333331
2022-11-09,121.58333333333331,37,0.29133858267716534,0.07086614173228346,0.3779527559055118,0.3700787401574803,0.25196850393700787,0.2729658792650918,0.2373453318335208,0.3918635170603675,2022-11-10,0.3858267716535433,49.0,155.58333333333334
2022-11-10,155.58333333333334,49,0.3858267716535433,0.29133858267716534,0.07086614173228346,0.3779527559055118,0.2125984251968504,0.24671916010498682,0.24296962879640044,0.383989501312336,2022-11-11,0.31496062992125984,40.0,131.125
2022-11-11,131.125,40,0.31496062992125984,0.3858267716535433,0.29133858267716534,0.07086614173228346,0.2204724409448819,0.2493438320209973,0.2677165354330709,0.379002624671916,2022-11-12,0.1732283464566929,22.0,75.5
2022-11-12,75.5,22,0.1732283464566929,0.31496062992125984,0.3858267716535433,0.29133858267716534,0.15748031496062992,0.33070866141732275,0.281214848143982,0.3716535433070866,2022-11-13,0.3464566929133858,44.0,141.20833333333334
2022-11-13,141.20833333333334,44,0.3464566929133858,0.1732283464566929,0.31496062992125984,0.3858267716535433,0.3700787401574803,0.2913385826771653,0.28346456692913385,0.3598425196850394,2022-11-14,0.3700787401574803,47.0,151.0
2022-11-14,151.0,47,0.3700787401574803,0.3464566929133858,0.1732283464566929,0.31496062992125984,0.3779527559055118,0.27821522309711283,0.28008998875140606,0.3538057742782152,2022-11-15,0.3700787401574803,47.0,150.83333333333334
2022-11-15,150.83333333333334,47,0.3700787401574803,0.3700787401574803,0.3464566929133858,0.1732283464566929,0.07086614173228346,0.29658792650918625,0.2789651293588301,0.34881889763779533,2022-11-16,0.36220472440944884,46.0,148.45833333333334
2022-11-16,148.45833333333334,46,0.36220472440944884,0.3700787401574803,0.3700787401574803,0.3464566929133858,0.29133858267716534,0.3622047244094488,0.3217097862767154,0.34409448818897637,2022-11-17,0.3543307086614173,45.0,145.16666666666666
2022-11-17,145.16666666666666,45,0.3543307086614173,0.36220472440944884,0.3700787401574803,0.3700787401574803,0.3858267716535433,0.36745406824146976,0.3318335208098988,0.33937007874015745,2022-11-18,0.3543307086614173,45.0,146.08333333333334
2022-11-18,146.08333333333334,45,0.3543307086614173,0.3543307086614173,0.36220472440944884,0.3700787401574803,0.31496062992125984,0.3622047244094488,0.32733408323959506,0.3380577427821522,2022-11-19,0.3543307086614173,45.0,145.66666666666666
2022-11-19,145.66666666666666,45,0.3543307086614173,0.3543307086614173,0.3543307086614173,0.36220472440944884,0.1732283464566929,0.35695538057742776,0.33295838020247465,0.33359580052493437,2022-11-20,0.3464566929133858,44.0,142.66666666666666
2022-11-20,142.66666666666666,44,0.3464566929133858,0.3543307086614173,0.3543307086614173,0.3543307086614173,0.3464566929133858,0.3543307086614173,0.35883014623172105,0.32913385826771646,2022-11-21,0.33070866141732286,42.0,134.54166666666666
2022-11-21,134.54166666666666,42,0.33070866141732286,0.3464566929133858,0.3543307086614173,0.3543307086614173,0.3700787401574803,0.35170603674540674,0.35883014623172105,0.3249343832020998,2022-11-22,0.29133858267716534,37.0,121.29166666666669
2022-11-22,121.29166666666669,37,0.29133858267716534,0.33070866141732286,0.3464566929133858,0.3543307086614173,0.3700787401574803,0.3438320209973753,0.35320584926884135,0.32860892388451446,2022-11-23,0.31496062992125984,40.0,128.20833333333334
2022-11-23,128.20833333333334,40,0.31496062992125984,0.29133858267716534,0.33070866141732286,0.3464566929133858,0.36220472440944884,0.32283464566929126,0.34195725534308213,0.32677165354330706,2022-11-24,0.3228346456692913,41.0,133.625
2022-11-24,133.625,41,0.3228346456692913,0.31496062992125984,0.29133858267716534,0.33070866141732286,0.3543307086614173,0.3123359580052493,0.33520809898762655,0.32230971128608926,2022-11-25,0.28346456692913385,36.0,116.54166666666669
2022-11-25,116.54166666666669,36,0.28346456692913385,0.3228346456692913,0.31496062992125984,0.29133858267716534,0.3543307086614173,0.30971128608923876,0.3307086614173228,0.32178477690288715,2022-11-26,0.28346456692913385,36.0,117.33333333333331
2022-11-26,117.33333333333331,36,0.28346456692913385,0.28346456692913385,0.3228346456692913,0.31496062992125984,0.3543307086614173,0.3070866141732283,0.3205849268841395,0.31627296587926507,2022-11-27,0.31496062992125984,40.0,129.70833333333334
2022-11-27,129.70833333333334,40,0.31496062992125984,0.28346456692913385,0.28346456692913385,0.3228346456692913,0.3464566929133858,0.29658792650918625,0.31046119235095615,0.3112860892388452,2022-11-28,0.2992125984251969,38.0,123.45833333333331
2022-11-28,123.45833333333331,38,0.2992125984251969,0.31496062992125984,0.28346456692913385,0.28346456692913385,0.33070866141732286,0.2939632545931758,0.3059617547806524,0.30866141732283464,2022-11-29,0.30708661417322836,39.0,126.45833333333331
2022-11-29,126.45833333333331,39,0.30708661417322836,0.2992125984251969,0.31496062992125984,0.28346456692913385,0.29133858267716534,0.2992125984251968,0.30146231721034866,0.30656167979002624,2022-11-30,0.2755905511811024,35.0,113.66666666666669
2022-11-30,113.66666666666669,35,0.2755905511811024,0.30708661417322836,0.2992125984251969,0.31496062992125984,0.31496062992125984,0.3070866141732283,0.3037120359955005,0.3026246719160105,2022-12-01,0.2047244094488189,26.0,86.20833333333333
2022-12-01,86.20833333333333,26,0.2047244094488189,0.2755905511811024,0.30708661417322836,0.2992125984251969,0.3228346456692913,0.2939632545931758,0.298087739032621,0.30078740157480316,2022-12-02,0.2755905511811024,35.0,114.58333333333331
2022-12-02,114.58333333333331,35,0.2755905511811024,0.2047244094488189,0.2755905511811024,0.30708661417322836,0.28346456692913385,0.2624671916010498,0.281214848143982,0.2971128608923885,2022-12-03,0.1968503937007874,25.0,84.375
2022-12-03,84.375,25,0.1968503937007874,0.2755905511811024,0.2047244094488189,0.2755905511811024,0.28346456692913385,0.2519685039370078,0.28008998875140606,0.2979002624671916,2022-12-04,0.2204724409448819,28.0,92.45833333333331
2022-12-04,92.45833333333331,28,0.2204724409448819,0.1968503937007874,0.2755905511811024,0.2047244094488189,0.31496062992125984,0.22572178477690286,0.2677165354330709,0.2973753280839894,2022-12-05,0.1968503937007874,25.0,83.70833333333333
2022-12-05,83.70833333333333,25,0.1968503937007874,0.2204724409448819,0.1968503937007874,0.2755905511811024,0.2992125984251969,0.23097112860892385,0.2542182227221597,0.29737532808398953,2022-12-06,0.25984251968503935,33.0,109.16666666666669
2022-12-06,109.16666666666669,33,0.25984251968503935,0.1968503937007874,0.2204724409448819,0.1968503937007874,0.30708661417322836,0.20472440944881884,0.23959505061867267,0.29868766404199476,2022-12-07,0.2992125984251969,38.0,123.25
2022-12-07,123.25,38,0.2992125984251969,0.25984251968503935,0.1968503937007874,0.2204724409448819,0.2755905511811024,0.22572178477690286,0.23284589426321708,0.2950131233595801,2022-12-08,0.2204724409448819,28.0,93.66666666666669
2022-12-08,93.66666666666669,28,0.2204724409448819,0.2992125984251969,0.25984251968503935,0.1968503937007874,0.2047244094488189,0.2519685039370078,0.2362204724409449,0.2923884514435695,2022-12-09,0.1968503937007874,25.0,84.375
2022-12-09,84.375,25,0.1968503937007874,0.2204724409448819,0.2992125984251969,0.25984251968503935,0.2755905511811024,0.2598425196850393,0.23847019122609672,0.29737532808398953,2022-12-10,0.16535433070866143,21.0,71.125
2022-12-10,71.125,21,0.16535433070866143,0.1968503937007874,0.2204724409448819,0.2992125984251969,0.1968503937007874,0.23884514435695534,0.22722159730033747,0.2942257217847769,2022-12-11,0.05511811023622047,7.0,29.25
2022-12-11,29.25,7,0.05511811023622047,0.16535433070866143,0.1968503937007874,0.2204724409448819,0.2204724409448819,0.19422572178477684,0.22272215973003373,0.28687664041994754,2022-12-12,0.13385826771653545,17.0,59.16666666666666
2022-12-12,59.16666666666666,17,0.13385826771653545,0.05511811023622047,0.16535433070866143,0.1968503937007874,0.1968503937007874,0.1391076115485564,0.19910011248593928,0.27821522309711283,2022-12-13,0.2677165354330709,34.0,112.16666666666669
2022-12-13,112.16666666666669,34,0.2677165354330709,0.13385826771653545,0.05511811023622047,0.16535433070866143,0.25984251968503935,0.11811023622047238,0.19010123734533185,0.2769028871391076,2022-12-14,0.2755905511811024,35.0,113.54166666666669
2022-12-14,113.54166666666669,35,0.2755905511811024,0.2677165354330709,0.13385826771653545,0.05511811023622047,0.2992125984251969,0.15223097112860887,0.19122609673790777,0.27427821522309714,2022-12-15,0.29133858267716534,37.0,121.54166666666669
2022-12-15,121.54166666666669,37,0.29133858267716534,0.2755905511811024,0.2677165354330709,0.13385826771653545,0.2204724409448819,0.22572178477690286,0.18785151856017995,0.2711286089238845,2022-12-16,0.2047244094488189,26.0,86.95833333333333
2022-12-16,86.95833333333333,26,0.2047244094488189,0.29133858267716534,0.2755905511811024,0.2677165354330709,0.1968503937007874,0.27821522309711283,0.19797525309336336,0.268503937007874,2022-12-17,0.1732283464566929,22.0,75.20833333333333
2022-12-17,75.20833333333333,22,0.1732283464566929,0.2047244094488189,0.29133858267716534,0.2755905511811024,0.16535433070866143,0.25721784776902884,0.19910011248593926,0.26325459317585304,2022-12-18,0.1889763779527559,24.0,80.08333333333333
2022-12-18,80.08333333333333,24,0.1889763779527559,0.1732283464566929,0.2047244094488189,0.29133858267716534,0.05511811023622047,0.22309711286089232,0.2002249718785152,0.2572178477690289,2022-12-19,0.15748031496062992,20.0,69.83333333333333
2022-12-19,69.83333333333333,20,0.15748031496062992,0.1889763779527559,0.1732283464566929,0.2047244094488189,0.13385826771653545,0.18897637795275588,0.21934758155230596,0.2517060367454068,2022-12-20,0.1732283464566929,22.0,73.79166666666667
2022-12-20,73.79166666666667,22,0.1732283464566929,0.15748031496062992,0.1889763779527559,0.1732283464566929,0.2677165354330709,0.17322834645669286,0.22272215973003373,0.2451443569553806,2022-12-21,0.2125984251968504,27.0,89.70833333333333
2022-12-21,89.70833333333333,27,0.2125984251968504,0.1732283464566929,0.15748031496062992,0.1889763779527559,0.2755905511811024,0.17322834645669286,0.2092238470191226,0.23937007874015748,2022-12-22,0.11023622047244094,14.0,51.208333333333336
2022-12-22,51.208333333333336,14,0.11023622047244094,0.2125984251968504,0.1732283464566929,0.15748031496062992,0.29133858267716534,0.18110236220472434,0.20022497187851518,0.23543307086614174,2022-12-23,0.1889763779527559,24.0,82.0
2022-12-23,82.0,24,0.1889763779527559,0.11023622047244094,0.2125984251968504,0.1732283464566929,0.2047244094488189,0.16535433070866137,0.1743532058492688,0.2293963254593176,2022-12-24,0.25196850393700787,32.0,106.0
2022-12-24,106.0,32,0.25196850393700787,0.1889763779527559,0.11023622047244094,0.2125984251968504,0.1732283464566929,0.17060367454068237,0.172103487064117,0.2251968503937008,2022-12-25,0.25984251968503935,33.0,108.66666666666669
2022-12-25,108.66666666666669,33,0.25984251968503935,0.25196850393700787,0.1889763779527559,0.11023622047244094,0.1889763779527559,0.18372703412073485,0.18335208098987626,0.22283464566929131,2022-12-26,0.08661417322834646,11.0,41.625
2022-12-26,41.625,11,0.08661417322834646,0.25984251968503935,0.25196850393700787,0.1889763779527559,0.15748031496062992,0.23359580052493434,0.19347581552305962,0.22204724409448817,2022-12-27,0.11023622047244094,14.0,49.333333333333336
2022-12-27,49.333333333333336,14,0.11023622047244094,0.08661417322834646,0.25984251968503935,0.25196850393700787,0.1732283464566929,0.19947506561679784,0.18335208098987626,0.21548556430446195,2022-12-28,0.29133858267716534,37.0,119.16666666666669
2022-12-28,119.16666666666669,37,0.29133858267716534,0.11023622047244094,0.08661417322834646,0.25984251968503935,0.2125984251968504,0.15223097112860887,0.1743532058492688,0.20866141732283464,2022-12-29,0.14960629921259844,19.0,64.375
2022-12-29,64.375,19,0.14960629921259844,0.29133858267716534,0.11023622047244094,0.08661417322834646,0.11023622047244094,0.16272965879265086,0.1856017997750281,0.2083989501312336,2022-12-30,0.14173228346456693,18.0,61.54166666666666
2022-12-30,61.54166666666666,18,0.14173228346456693,0.14960629921259844,0.29133858267716534,0.11023622047244094,0.1889763779527559,0.18372703412073485,0.19122609673790777,0.20314960629921258,2022-12-31,0.0,0.0,7.916666666666667
2022-12-31,7.916666666666667,0,0.0,0.14173228346456693,0.14960629921259844,0.29133858267716534,0.25196850393700787,0.19422572178477684,0.1844769403824522,0.19868766404199473,2023-01-01,0.07874015748031496,10.0,38.29166666666666
2023-01-01,38.29166666666666,10,0.07874015748031496,0.0,0.14173228346456693,0.14960629921259844,0.25984251968503935,0.0971128608923884,0.1484814398200225,0.19186351706036744,2023-01-02,0.07874015748031496,10.0,37.333333333333336
2023-01-02,37.333333333333336,10,0.07874015748031496,0.07874015748031496,0.0,0.14173228346456693,0.08661417322834646,0.0734908136482939,0.12260967379077614,0.1853018372703412,2023-01-03,0.05511811023622047,7.0,28.75
2023-01-03,28.75,7,0.05511811023622047,0.07874015748031496,0.07874015748031496,0.0,0.11023622047244094,0.05249343832020992,0.12148481439820022,0.18136482939632545,2023-01-04,0.05511811023622047,7.0,27.95833333333333
2023-01-04,27.95833333333333,7,0.05511811023622047,0.05511811023622047,0.07874015748031496,0.07874015748031496,0.29133858267716534,0.07086614173228341,0.11361079865016872,0.17585301837270342,2023-01-05,0.18110236220472442,23.0,77.16666666666667
2023-01-05,77.16666666666667,23,0.18110236220472442,0.05511811023622047,0.05511811023622047,0.07874015748031496,0.14960629921259844,0.06299212598425191,0.0798650168728909,0.1711286089238845,2023-01-06,0.16535433070866143,21.0,70.375
2023-01-06,70.375,21,0.16535433070866143,0.18110236220472442,0.05511811023622047,0.05511811023622047,0.14173228346456693,0.0971128608923884,0.08436445444319461,0.168503937007874,2023-01-07,0.13385826771653545,17.0,61.125
2023-01-07,61.125,17,0.13385826771653545,0.16535433070866143,0.18110236220472442,0.05511811023622047,0.0,0.1338582677165354,0.08773903262092239,0.16404199475065617,2023-01-08,0.28346456692913385,36.0,116.125
2023-01-08,116.125,36,0.28346456692913385,0.13385826771653545,0.16535433070866143,0.18110236220472442,0.07874015748031496,0.16010498687664035,0.10686164229471316,0.16115485564304463,2023-01-09,0.06299212598425197,8.0,32.541666666666664
2023-01-09,32.541666666666664,8,0.06299212598425197,0.28346456692913385,0.13385826771653545,0.16535433070866143,0.07874015748031496,0.19422572178477684,0.1361079865016873,0.16404199475065617,2023-01-10,0.15748031496062992,20.0,69.75
2023-01-10,69.75,20,0.15748031496062992,0.06299212598425197,0.28346456692913385,0.13385826771653545,0.05511811023622047,0.16010498687664038,0.13385826771653545,0.16062992125984252,2023-01-11,0.08661417322834646,11.0,41.375
2023-01-11,41.375,11,0.08661417322834646,0.15748031496062992,0.06299212598425197,0.28346456692913385,0.05511811023622047,0.16797900262467183,0.1484814398200225,0.16404199475065617,2023-01-12,0.1889763779527559,24.0,82.08333333333333
2023-01-12,82.08333333333333,24,0.1889763779527559,0.08661417322834646,0.15748031496062992,0.06299212598425197,0.18110236220472442,0.10236220472440942,0.15298087739032623,0.1624671916010499,2023-01-13,0.18110236220472442,23.0,77.91666666666667
2023-01-13,77.91666666666667,23,0.18110236220472442,0.1889763779527559,0.08661417322834646,0.15748031496062992,0.16535433070866143,0.14435695538057738,0.15410573678290213,0.15984251968503937,2023-01-14,0.14173228346456693,18.0,62.833333333333336
2023-01-14,62.833333333333336,18,0.14173228346456693,0.18110236220472442,0.1889763779527559,0.08661417322834646,0.13385826771653545,0.1522309711286089,0.156355455568054,0.15669291338582675,2023-01-15,0.2283464566929134,29.0,95.16666666666669
2023-01-15,95.16666666666669,29,0.2283464566929134,0.14173228346456693,0.18110236220472442,0.1889763779527559,0.28346456692913385,0.17060367454068237,0.15748031496062992,0.1517060367454068,2023-01-16,0.03937007874015748,5.0,22.541666666666668
2023-01-16,22.541666666666668,5,0.03937007874015748,0.2283464566929134,0.14173228346456693,0.18110236220472442,0.06299212598425197,0.18372703412073488,0.1496062992125984,0.15249343832020998,2023-01-17,0.3228346456692913,41.0,131.91666666666666
2023-01-17,131.91666666666666,41,0.3228346456692913,0.03937007874015748,0.2283464566929134,0.14173228346456693,0.15748031496062992,0.1364829396325459,0.14623172103487064,0.14803149606299212,2023-01-18,0.2440944881889764,31.0,103.75
2023-01-18,103.75,31,0.2440944881889764,0.3228346456692913,0.03937007874015748,0.2283464566929134,0.08661417322834646,0.19685039370078736,0.16985376827896514,0.15249343832020998,2023-01-19,0.3543307086614173,45.0,144.04166666666666
2023-01-19,144.04166666666666,45,0.3543307086614173,0.2440944881889764,0.3228346456692913,0.03937007874015748,0.1889763779527559,0.20209973753280833,0.1923509561304837,0.15538057742782152,2023-01-20,0.3464566929133858,44.0,142.58333333333334
2023-01-20,142.58333333333334,44,0.3464566929133858,0.3543307086614173,0.2440944881889764,0.3228346456692913,0.18110236220472442,0.3070866141732283,0.21597300337457817,0.1614173228346457,2023-01-21,0.33070866141732286,42.0,135.79166666666666
2023-01-21,135.79166666666666,42,0.33070866141732286,0.3464566929133858,0.3543307086614173,0.2440944881889764,0.14173228346456693,0.3149606299212598,0.23959505061867264,0.16587926509186351,2023-01-22,0.28346456692913385,36.0,118.70833333333331
2023-01-22,118.70833333333331,36,0.28346456692913385,0.33070866141732286,0.3464566929133858,0.3543307086614173,0.2283464566929134,0.3438320209973753,0.26659167604049494,0.1732283464566929,2023-01-23,0.33858267716535434,43.0,140.125
2023-01-23,140.125,43,0.33858267716535434,0.28346456692913385,0.33070866141732286,0.3464566929133858,0.03937007874015748,0.3202099737532808,0.2744656917885264,0.17637795275590548,2023-01-24,0.36220472440944884,46.0,147.70833333333334
2023-01-24,147.70833333333334,46,0.36220472440944884,0.33858267716535434,0.28346456692913385,0.33070866141732286,0.3228346456692913,0.3175853018372703,0.3172103487064117,0.17926509186351708,2023-01-25,0.36220472440944884,46.0,148.0
2023-01-25,148.0,46,0.36220472440944884,0.36220472440944884,0.33858267716535434,0.28346456692913385,0.2440944881889764,0.3280839895013123,0.3228346456692913,0.1826771653543307,2023-01-26,0.3700787401574803,47.0,149.75
2023-01-26,149.75,47,0.3700787401574803,0.36220472440944884,0.36220472440944884,0.33858267716535434,0.3543307086614173,0.3543307086614173,0.3397075365579303,0.19186351706036747,2023-01-27,0.2283464566929134,29.0,96.54166666666669
2023-01-27,96.54166666666669,29,0.2283464566929134,0.3700787401574803,0.36220472440944884,0.36220472440944884,0.3464566929133858,0.36482939632545924,0.34195725534308213,0.2005249343832021,2023-01-28,0.3779527559055118,48.0,155.04166666666666
2023-01-28,155.04166666666666,48,0.3779527559055118,0.2283464566929134,0.3700787401574803,0.36220472440944884,0.33070866141732286,0.3202099737532808,0.32508436445444316,0.1984251968503937,2023-01-29,0.12598425196850394,16.0,55.375
2023-01-29,55.375,16,0.12598425196850394,0.3779527559055118,0.2283464566929134,0.3700787401574803,0.28346456692913385,0.32545931758530183,0.3318335208098988,0.20603674540682418,2023-01-30,0.3858267716535433,49.0,156.625
2023-01-30,156.625,49,0.3858267716535433,0.12598425196850394,0.3779527559055118,0.2283464566929134,0.33858267716535434,0.24409448818897636,0.3093363329583802,0.20551181102362207,2023-01-31,0.3937007874015748,50.0,159.79166666666666
2023-01-31,159.79166666666666,50,0.3937007874015748,0.3858267716535433,0.12598425196850394,0.3779527559055118,0.36220472440944884,0.2965879265091863,0.3160854893138358,0.21837270341207352,2023-02-01,0.3464566929133858,44.0,142.29166666666666
2023-02-01,142.29166666666666,44,0.3464566929133858,0.3937007874015748,0.3858267716535433,0.12598425196850394,0.36220472440944884,0.30183727034120733,0.3205849268841395,0.22887139107611545,2023-02-02,0.33070866141732286,42.0,136.54166666666666
2023-02-02,136.54166666666666,42,0.33070866141732286,0.3464566929133858,0.3937007874015748,0.3858267716535433,0.3700787401574803,0.37532808398950124,0.31833520809898763,0.23779527559055116,2023-02-03,0.25196850393700787,32.0,106.16666666666669
2023-02-03,106.16666666666669,32,0.25196850393700787,0.33070866141732286,0.3464566929133858,0.3937007874015748,0.2283464566929134,0.35695538057742776,0.312710911136108,0.24698162729658793,2023-02-04,0.3228346456692913,41.0,131.70833333333334
2023-02-04,131.70833333333334,41,0.3228346456692913,0.25196850393700787,0.33070866141732286,0.3464566929133858,0.3779527559055118,0.3097112860892388,0.3160854893138358,0.25354330708661416,2023-02-05,0.29133858267716534,37.0,121.33333333333331
2023-02-05,121.33333333333331,37,0.29133858267716534,0.3228346456692913,0.25196850393700787,0.33070866141732286,0.12598425196850394,0.30183727034120733,0.3082114735658043,0.25826771653543307,2023-02-06,0.4251968503937008,54.0,172.70833333333334
2023-02-06,172.70833333333334,54,0.4251968503937008,0.29133858267716534,0.3228346456692913,0.25196850393700787,0.3858267716535433,0.28871391076115477,0.33183352080989875,0.26246719160104987,2023-02-07,0.3464566929133858,44.0,140.875
2023-02-07,140.875,44,0.3464566929133858,0.4251968503937008,0.29133858267716534,0.3228346456692913,0.3937007874015748,0.3464566929133858,0.33745781777277845,0.2721784776902887,2023-02-08,0.4094488188976378,52.0,167.16666666666666
2023-02-08,167.16666666666666,52,0.4094488188976378,0.3464566929133858,0.4251968503937008,0.29133858267716534,0.3464566929133858,0.3543307086614173,0.3307086614173228,0.2742782152230971,2023-02-09,0.4251968503937008,54.0,173.54166666666666
2023-02-09,173.54166666666666,54,0.4251968503937008,0.4094488188976378,0.3464566929133858,0.4251968503937008,0.33070866141732286,0.39370078740157477,0.3397075365579303,0.28582677165354325,2023-02-10,0.3464566929133858,44.0,143.29166666666666
2023-02-10,143.29166666666666,44,0.3464566929133858,0.4251968503937008,0.4094488188976378,0.3464566929133858,0.25196850393700787,0.39370078740157477,0.3532058492688414,0.294750656167979,2023-02-11,0.3937007874015748,50.0,159.41666666666666
2023-02-11,159.41666666666666,50,0.3937007874015748,0.3464566929133858,0.4251968503937008,0.4094488188976378,0.3228346456692913,0.39370078740157477,0.3667041619797526,0.3034120734908136,2023-02-12,0.44881889763779526,57.0,182.625
2023-02-12,182.625,57,0.44881889763779526,0.3937007874015748,0.3464566929133858,0.4251968503937008,0.29133858267716534,0.3884514435695538,0.37682789651293586,0.310236220472441,2023-02-13,0.4645669291338583,59.0,187.33333333333331
2023-02-13,187.33333333333331,59,0.4645669291338583,0.44881889763779526,0.3937007874015748,0.3464566929133858,0.4251968503937008,0.3963254593175853,0.3993250843644544,0.3191601049868767,2023-02-14,0.30708661417322836,39.0,126.29166666666669
2023-02-14,126.29166666666669,39,0.30708661417322836,0.4645669291338583,0.44881889763779526,0.3937007874015748,0.3464566929133858,0.43569553805774275,0.4049493813273341,0.3299212598425197,2023-02-15,0.48031496062992124,61.0,194.16666666666663
2023-02-15,194.16666666666663,61,0.48031496062992124,0.30708661417322836,0.4645669291338583,0.44881889763779526,0.4094488188976378,0.4068241469816272,0.3993250843644544,0.3325459317585302,2023-02-16,0.41732283464566927,53.0,169.08333333333334
2023-02-16,169.08333333333334,53,0.41732283464566927,0.48031496062992124,0.30708661417322836,0.4645669291338583,0.4251968503937008,0.41732283464566927,0.40944881889763785,0.34724409448818894,2023-02-17,0.47244094488188976,60.0,191.33333333333331
2023-02-17,191.33333333333331,60,0.47244094488188976,0.41732283464566927,0.48031496062992124,0.30708661417322836,0.3464566929133858,0.40157480314960625,0.4083239595050619,0.3503937007874016,2023-02-18,0.3937007874015748,50.0,161.20833333333334
2023-02-18,161.20833333333334,50,0.3937007874015748,0.47244094488188976,0.41732283464566927,0.48031496062992124,0.3937007874015748,0.4566929133858267,0.4263217097862767,0.35800524934383204,2023-02-19,0.4015748031496063,51.0,163.70833333333334
2023-02-19,163.70833333333334,51,0.4015748031496063,0.3937007874015748,0.47244094488188976,0.41732283464566927,0.44881889763779526,0.42782152230971127,0.4263217097862767,0.3593175853018373,2023-02-20,0.41732283464566927,53.0,169.58333333333334
2023-02-20,169.58333333333334,53,0.41732283464566927,0.4015748031496063,0.3937007874015748,0.47244094488188976,0.4645669291338583,0.4225721784776903,0.41957255343082117,0.3611548556430446,2023-02-21,0.2755905511811024,35.0,115.58333333333331
2023-02-21,115.58333333333331,35,0.2755905511811024,0.41732283464566927,0.4015748031496063,0.3937007874015748,0.30708661417322836,0.40419947506561676,0.41282339707536553,0.3640419947506562,2023-02-22,0.3464566929133858,44.0,141.58333333333334
2023-02-22,141.58333333333334,44,0.3464566929133858,0.2755905511811024,0.41732283464566927,0.4015748031496063,0.48031496062992124,0.36482939632545924,0.4083239595050619,0.3637795275590551,2023-02-23,0.28346456692913385,36.0,116.875
2023-02-23,116.875,36,0.28346456692913385,0.3464566929133858,0.2755905511811024,0.41732283464566927,0.41732283464566927,0.3464566929133858,0.3892013498312711,0.3640419947506562,2023-02-24,0.11023622047244094,14.0,50.79166666666666
2023-02-24,50.79166666666666,14,0.11023622047244094,0.28346456692913385,0.3464566929133858,0.2755905511811024,0.47244094488188976,0.30183727034120733,0.37007874015748027,0.36141732283464567,2023-02-25,0.1732283464566929,22.0,75.41666666666667
2023-02-25,75.41666666666667,22,0.1732283464566929,0.11023622047244094,0.28346456692913385,0.3464566929133858,0.3937007874015748,0.24671916010498685,0.3183352080989876,0.353018372703412,2023-02-26,0.2755905511811024,35.0,114.83333333333331
2023-02-26,114.83333333333331,35,0.2755905511811024,0.1732283464566929,0.11023622047244094,0.28346456692913385,0.4015748031496063,0.18897637795275588,0.28683914510686165,0.3464566929133859,2023-02-27,0.31496062992125984,40.0,130.79166666666666
2023-02-27,130.79166666666666,40,0.31496062992125984,0.2755905511811024,0.1732283464566929,0.11023622047244094,0.41732283464566927,0.18635170603674536,0.2688413948256468,0.34803149606299216,2023-02-28,0.3700787401574803,47.0,149.45833333333334
2023-02-28,149.45833333333334,47,0.3700787401574803,0.31496062992125984,0.2755905511811024,0.1732283464566929,0.2755905511811024,0.2545931758530183,0.2542182227221597,0.3459317585301837,2023-03-01,0.2047244094488189,26.0,87.83333333333333
2023-03-01,87.83333333333333,26,0.2047244094488189,0.3700787401574803,0.31496062992125984,0.2755905511811024,0.3464566929133858,0.3202099737532808,0.2677165354330709,0.3540682414698163,2023-03-02,0.3700787401574803,47.0,151.41666666666666
2023-03-02,151.41666666666666,47,0.3700787401574803,0.2047244094488189,0.3700787401574803,0.31496062992125984,0.28346456692913385,0.2965879265091863,0.24746906636670415,0.34803149606299216,2023-03-03,0.48031496062992124,61.0,192.95833333333331
2023-03-03,192.95833333333331,61,0.48031496062992124,0.3700787401574803,0.2047244094488189,0.3700787401574803,0.11023622047244094,0.3149606299212598,0.25984251968503935,0.34724409448818894,2023-03-04,0.4015748031496063,51.0,162.375
2023-03-04,162.375,51,0.4015748031496063,0.48031496062992124,0.3700787401574803,0.2047244094488189,0.1732283464566929,0.3517060367454068,0.312710911136108,0.35170603674540685,2023-03-05,0.3937007874015748,50.0,159.29166666666666
2023-03-05,159.29166666666666,50,0.3937007874015748,0.4015748031496063,0.48031496062992124,0.3700787401574803,0.2755905511811024,0.41732283464566927,0.34533183352080987,0.3540682414698163,2023-03-06,0.49606299212598426,63.0,200.125
2023-03-06,200.125,63,0.49606299212598426,0.3937007874015748,0.4015748031496063,0.48031496062992124,0.31496062992125984,0.42519685039370075,0.3622047244094488,0.3587926509186351,2023-03-07,0.48031496062992124,61.0,193.29166666666663
2023-03-07,193.29166666666663,61,0.48031496062992124,0.49606299212598426,0.3937007874015748,0.4015748031496063,0.3700787401574803,0.4304461942257218,0.3880764904386952,0.3645669291338583,2023-03-08,0.4330708661417323,55.0,175.79166666666666
2023-03-08,175.79166666666666,55,0.4330708661417323,0.48031496062992124,0.49606299212598426,0.3937007874015748,0.2047244094488189,0.4566929133858267,0.4038245219347582,0.37086614173228344,2023-03-09,0.41732283464566927,53.0,170.33333333333334
2023-03-09,170.33333333333334,53,0.41732283464566927,0.4330708661417323,0.48031496062992124,0.49606299212598426,0.3700787401574803,0.46981627296587924,0.43644544431946003,0.3711286089238845,2023-03-10,0.3779527559055118,48.0,154.45833333333334
2023-03-10,154.45833333333334,48,0.3779527559055118,0.41732283464566927,0.4330708661417323,0.48031496062992124,0.48031496062992124,0.44356955380577423,0.4431946006749156,0.37349081364829395,2023-03-11,0.3464566929133858,44.0,142.125
2023-03-11,142.125,44,0.3464566929133858,0.3779527559055118,0.41732283464566927,0.4330708661417323,0.4015748031496063,0.40944881889763773,0.42857142857142855,0.37244094488188983,2023-03-12,0.28346456692913385,36.0,117.08333333333331
2023-03-12,117.08333333333331,36,0.28346456692913385,0.3464566929133858,0.3779527559055118,0.41732283464566927,0.3937007874015748,0.3805774278215222,0.42069741282339707,0.36981627296587927,2023-03-13,0.4251968503937008,54.0,173.125
2023-03-13,173.125,54,0.4251968503937008,0.28346456692913385,0.3464566929133858,0.3779527559055118,0.49606299212598426,0.3359580052493438,0.40494938132733405,0.36771653543307087,2023-03-14,0.4015748031496063,51.0,163.54166666666666
2023-03-14,163.54166666666666,51,0.4015748031496063,0.4251968503937008,0.28346456692913385,0.3464566929133858,0.48031496062992124,0.3517060367454068,0.3948256467941507,0.36876640419947504,2023-03-15,0.6220472440944882,79.0,247.33333333333331
2023-03-15,247.33333333333331,79,0.6220472440944882,0.4015748031496063,0.4251968503937008,0.28346456692913385,0.4330708661417323,0.37007874015748027,0.3835770528683914,0.36719160104986875,2023-03-16,0.6535433070866141,83.0,259.875
2023-03-16,259.875,83,0.6535433070866141,0.6220472440944882,0.4015748031496063,0.4251968503937008,0.41732283464566927,0.4829396325459318,0.4105736782902137,0.3724409448818898,2023-03-17,0.6614173228346457,84.0,262.2083333333333
2023-03-17,262.2083333333333,84,0.6614173228346457,0.6535433070866141,0.6220472440944882,0.4015748031496063,0.3779527559055118,0.5590551181102361,0.4443194600674915,0.38398950131233595,2023-03-18,0.5748031496062992,73.0,230.79166666666663
2023-03-18,230.79166666666663,73,0.5748031496062992,0.6614173228346457,0.6535433070866141,0.6220472440944882,0.3464566929133858,0.6456692913385826,0.4848143982002249,0.39002624671916014,2023-03-19,0.2047244094488189,26.0,85.625
2023-03-19,85.625,26,0.2047244094488189,0.5748031496062992,0.6614173228346457,0.6535433070866141,0.28346456692913385,0.6299212598425196,0.5174353205849268,0.3952755905511811,2023-03-20,0.6692913385826772,85.0,266.4583333333333
2023-03-20,266.4583333333333,85,0.6692913385826772,0.2047244094488189,0.5748031496062992,0.6614173228346457,0.4251968503937008,0.48031496062992124,0.5061867266591676,0.38635170603674546,2023-03-21,0.12598425196850394,16.0,56.583333333333336
2023-03-21,56.583333333333336,16,0.12598425196850394,0.6692913385826772,0.2047244094488189,0.5748031496062992,0.4015748031496063,0.4829396325459317,0.5410573678290214,0.3955380577427821,2023-03-22,0.4881889763779528,62.0,197.0
2023-03-22,197.0,62,0.4881889763779528,0.12598425196850394,0.6692913385826772,0.2047244094488189,0.6220472440944882,0.3333333333333333,0.5016872890888638,0.38635170603674546,2023-03-23,0.4881889763779528,62.0,195.41666666666663
2023-03-23,195.41666666666663,62,0.4881889763779528,0.4881889763779528,0.12598425196850394,0.6692913385826772,0.6535433070866141,0.42782152230971127,0.48256467941507314,0.38871391076115486,2023-03-24,0.6377952755905512,81.0,253.5
2023-03-24,253.5,81,0.6377952755905512,0.4881889763779528,0.4881889763779528,0.12598425196850394,0.6614173228346457,0.36745406824146976,0.4589426321709787,0.3958005249343832,2023-03-25,0.5590551181102362,71.0,222.95833333333331
2023-03-25,222.95833333333331,71,0.5590551181102362,0.6377952755905512,0.4881889763779528,0.4881889763779528,0.5748031496062992,0.5380577427821521,0.45556805399325084,0.40551181102362205,2023-03-26,0.5354330708661418,68.0,214.625
2023-03-26,214.625,68,0.5354330708661418,0.5590551181102362,0.6377952755905512,0.4881889763779528,0.2047244094488189,0.5616797900262467,0.45331833520809894,0.4146981627296588,2023-03-27,0.6929133858267716,88.0,276.8333333333333
2023-03-27,276.8333333333333,88,0.6929133858267716,0.5354330708661418,0.5590551181102362,0.6377952755905512,0.6692913385826772,0.5774278215223098,0.500562429696288,0.4288713910761155,2023-03-28,0.6377952755905512,81.0,253.91666666666663
2023-03-28,253.91666666666663,81,0.6377952755905512,0.6929133858267716,0.5354330708661418,0.5590551181102362,0.12598425196850394,0.5958005249343832,0.5039370078740157,0.44619422572178474,2023-03-29,0.44881889763779526,57.0,180.5
2023-03-29,180.5,57,0.44881889763779526,0.6377952755905512,0.6929133858267716,0.5354330708661418,0.4881889763779528,0.6220472440944882,0.5770528683914511,0.4582677165354331,2023-03-30,0.6456692913385826,82.0,256.5
2023-03-30,256.5,82,0.6456692913385826,0.44881889763779526,0.6377952755905512,0.6929133858267716,0.4881889763779528,0.5931758530183727,0.5714285714285714,0.46272965879265093,2023-03-31,0.7007874015748031,89.0,279.5833333333333
2023-03-31,279.5833333333333,89,0.7007874015748031,0.6456692913385826,0.44881889763779526,0.6377952755905512,0.6377952755905512,0.5774278215223095,0.59392575928009,0.47191601049868764,2023-04-01,0.6141732283464567,78.0,246.25
2023-04-01,246.25,78,0.6141732283464567,0.7007874015748031,0.6456692913385826,0.44881889763779526,0.5590551181102362,0.5984251968503936,0.6029246344206973,0.4884514435695538,2023-04-02,0.6456692913385826,82.0,257.5416666666667
2023-04-02,257.5416666666667,82,0.6456692913385826,0.6141732283464567,0.7007874015748031,0.6456692913385826,0.5354330708661418,0.6535433070866141,0.6107986501687289,0.4965879265091864,2023-04-03,0.5433070866141733,69.0,218.375
2023-04-03,218.375,69,0.5433070866141733,0.6456692913385826,0.6141732283464567,0.7007874015748031,0.6929133858267716,0.6535433070866141,0.6265466816647919,0.5020997375328083,2023-04-04,0.4645669291338583,59.0,188.41666666666663
2023-04-04,188.41666666666663,59,0.4645669291338583,0.5433070866141733,0.6456692913385826,0.6141732283464567,0.6377952755905512,0.6010498687664042,0.6051743532058492,0.5068241469816273,2023-04-05,0.7322834645669292,93.0,289.75
2023-04-05,289.75,93,0.7322834645669292,0.4645669291338583,0.5433070866141733,0.6456692913385826,0.44881889763779526,0.5511811023622046,0.5804274465691789,0.5091863517060368,2023-04-06,0.7086614173228346,90.0,283.0
2023-04-06,283.0,90,0.7086614173228346,0.7322834645669292,0.4645669291338583,0.5433070866141733,0.6456692913385826,0.5800524934383202,0.6209223847019122,0.5170603674540682,2023-04-07,0.4251968503937008,54.0,172.08333333333334
2023-04-07,172.08333333333334,54,0.4251968503937008,0.7086614173228346,0.7322834645669292,0.4645669291338583,0.7007874015748031,0.6351706036745406,0.6299212598425197,0.5246719160104987,2023-04-08,0.6614173228346457,84.0,262.2083333333333
2023-04-08,262.2083333333333,84,0.6614173228346457,0.4251968503937008,0.7086614173228346,0.7322834645669292,0.6141732283464567,0.6220472440944881,0.5905511811023622,0.5244094488188976,2023-04-09,0.7480314960629921,95.0,295.6666666666667
2023-04-09,295.6666666666667,95,0.7480314960629921,0.6614173228346457,0.4251968503937008,0.7086614173228346,0.6456692913385826,0.5984251968503936,0.5973003374578179,0.5325459317585302,2023-04-10,0.7637795275590551,97.0,303.0416666666667
2023-04-10,303.0416666666667,97,0.7637795275590551,0.7480314960629921,0.6614173228346457,0.4251968503937008,0.5433070866141733,0.6115485564304461,0.6119235095613049,0.5448818897637795,2023-04-11,0.4330708661417323,55.0,175.16666666666666
2023-04-11,175.16666666666666,55,0.4330708661417323,0.7637795275590551,0.7480314960629921,0.6614173228346457,0.4645669291338583,0.7244094488188976,0.6434195725534309,0.5587926509186352,2023-04-12,0.7952755905511811,101.0,316.7916666666667
2023-04-12,316.7916666666667,101,0.7952755905511811,0.4330708661417323,0.7637795275590551,0.7480314960629921,0.7322834645669292,0.6482939632545931,0.6389201349831272,0.5637795275590551,2023-04-13,0.8110236220472441,103.0,321.1666666666667
2023-04-13,321.1666666666667,103,0.8110236220472441,0.7952755905511811,0.4330708661417323,0.7637795275590551,0.7086614173228346,0.6640419947506561,0.6479190101237345,0.5761154855643045,2023-04-14,0.7952755905511811,101.0,314.0
2023-04-14,314.0,101,0.7952755905511811,0.8110236220472441,0.7952755905511811,0.4330708661417323,0.4251968503937008,0.6797900262467191,0.6625421822272216,0.589763779527559,2023-04-15,0.8031496062992126,102.0,317.5416666666667
2023-04-15,317.5416666666667,102,0.8031496062992126,0.7952755905511811,0.8110236220472441,0.7952755905511811,0.6614173228346457,0.800524934383202,0.7154105736782902,0.5955380577427821,2023-04-16,0.7559055118110236,96.0,300.2083333333333
2023-04-16,300.2083333333333,96,0.7559055118110236,0.8031496062992126,0.7952755905511811,0.8110236220472441,0.7480314960629921,0.8031496062992126,0.7356580427446568,0.6005249343832021,2023-04-17,0.6929133858267716,88.0,276.5416666666667
2023-04-17,276.5416666666667,88,0.6929133858267716,0.7559055118110236,0.8031496062992126,0.7952755905511811,0.7637795275590551,0.7847769028871391,0.7367829021372329,0.6036745406824147,2023-04-18,0.6141732283464567,78.0,244.45833333333331
2023-04-18,244.45833333333331,78,0.6141732283464567,0.6929133858267716,0.7559055118110236,0.8031496062992126,0.4330708661417323,0.7506561679790026,0.7266591676040495,0.6076115485564304,2023-04-19,0.8031496062992126,102.0,318.7083333333333
2023-04-19,318.7083333333333,102,0.8031496062992126,0.6141732283464567,0.6929133858267716,0.7559055118110236,0.7952755905511811,0.6876640419947506,0.7525309336332959,0.621259842519685,2023-04-20,0.8031496062992126,102.0,317.4166666666667
2023-04-20,317.4166666666667,102,0.8031496062992126,0.8031496062992126,0.6141732283464567,0.6929133858267716,0.8110236220472441,0.7034120734908136,0.7536557930258717,0.6257217847769029,2023-04-21,0.6771653543307087,86.0,270.6666666666667
2023-04-21,270.6666666666667,86,0.6771653543307087,0.8031496062992126,0.8031496062992126,0.6141732283464567,0.7952755905511811,0.7401574803149605,0.7525309336332959,0.6482939632545932,2023-04-22,0.6850393700787402,87.0,272.4166666666667
2023-04-22,272.4166666666667,87,0.6850393700787402,0.6771653543307087,0.8031496062992126,0.8031496062992126,0.8031496062992126,0.7611548556430446,0.7356580427446568,0.6545931758530183,2023-04-23,0.7322834645669292,93.0,290.0
2023-04-23,290.0,93,0.7322834645669292,0.6850393700787402,0.6771653543307087,0.8031496062992126,0.7559055118110236,0.721784776902887,0.718785151856018,0.6611548556430447,2023-04-24,0.8503937007874016,108.0,336.1666666666667
2023-04-24,336.1666666666667,108,0.8503937007874016,0.7322834645669292,0.6850393700787402,0.6771653543307087,0.6929133858267716,0.6981627296587926,0.7154105736782902,0.6643044619422572,2023-04-25,0.8503937007874016,108.0,335.125
2023-04-25,335.125,108,0.8503937007874016,0.8503937007874016,0.7322834645669292,0.6850393700787402,0.6141732283464567,0.7559055118110236,0.7379077615298089,0.674015748031496,2023-04-26,0.84251968503937,107.0,334.0833333333333
2023-04-26,334.0833333333333,107,0.84251968503937,0.8503937007874016,0.8503937007874016,0.7322834645669292,0.8031496062992126,0.811023622047244,0.7716535433070867,0.684514435695538,2023-04-27,0.84251968503937,107.0,334.9166666666667
2023-04-27,334.9166666666667,107,0.84251968503937,0.84251968503937,0.8503937007874016,0.8503937007874016,0.8031496062992126,0.847769028871391,0.7772778402699663,0.689501312335958,2023-04-28,0.8503937007874016,108.0,335.4583333333333
2023-04-28,335.4583333333333,108,0.8503937007874016,0.84251968503937,0.84251968503937,0.8503937007874016,0.6771653543307087,0.8451443569553806,0.7829021372328459,0.6963254593175853,2023-04-29,0.7795275590551181,99.0,310.125
2023-04-29,310.125,99,0.7795275590551181,0.8503937007874016,0.84251968503937,0.84251968503937,0.6850393700787402,0.8451443569553804,0.8076490438695164,0.7097112860892388,2023-04-30,0.7480314960629921,95.0,298.0416666666667
2023-04-30,298.0416666666667,95,0.7480314960629921,0.7795275590551181,0.8503937007874016,0.84251968503937,0.7322834645669292,0.8241469816272965,0.8211473565804274,0.7141732283464568,2023-05-01,0.3858267716535433,49.0,158.20833333333334
2023-05-01,158.20833333333334,49,0.3858267716535433,0.7480314960629921,0.7795275590551181,0.8503937007874016,0.8503937007874016,0.7926509186351706,0.8233970753655794,0.7157480314960629,2023-05-02,0.4330708661417323,55.0,175.45833333333334
2023-05-02,175.45833333333334,55,0.4330708661417323,0.3858267716535433,0.7480314960629921,0.7795275590551181,0.8503937007874016,0.637795275590551,0.7570303712035995,0.7081364829396325,2023-05-03,0.6692913385826772,85.0,267.1666666666667
2023-05-03,267.1666666666667,85,0.6692913385826772,0.4330708661417323,0.3858267716535433,0.7480314960629921,0.84251968503937,0.5223097112860892,0.6974128233970752,0.7010498687664042,2023-05-04,0.6220472440944882,79.0,248.66666666666663
2023-05-04,248.66666666666663,79,0.6220472440944882,0.6692913385826772,0.4330708661417323,0.3858267716535433,0.84251968503937,0.4960629921259842,0.672665916760405,0.705249343832021,2023-05-05,0.48031496062992124,61.0,192.75
2023-05-05,192.75,61,0.48031496062992124,0.6220472440944882,0.6692913385826772,0.4330708661417323,0.8503937007874016,0.5748031496062992,0.641169853768279,0.7104986876640421,2023-05-06,0.5511811023622047,70.0,220.45833333333331
2023-05-06,220.45833333333331,70,0.5511811023622047,0.48031496062992124,0.6220472440944882,0.6692913385826772,0.7795275590551181,0.5905511811023622,0.5883014623172104,0.7020997375328084,2023-05-07,0.7165354330708661,91.0,286.375
2023-05-07,286.375,91,0.7165354330708661,0.5511811023622047,0.48031496062992124,0.6220472440944882,0.7480314960629921,0.5511811023622046,0.5556805399325084,0.6968503937007874,2023-05-08,0.84251968503937,107.0,334.5
2023-05-08,334.5,107,0.84251968503937,0.7165354330708661,0.5511811023622047,0.48031496062992124,0.3858267716535433,0.5826771653543306,0.5511811023622047,0.7065616797900262,2023-05-09,0.7795275590551181,99.0,309.0416666666667
2023-05-09,309.0416666666667,99,0.7795275590551181,0.84251968503937,0.7165354330708661,0.5511811023622047,0.4330708661417323,0.7034120734908136,0.6164229471316085,0.7125984251968503,2023-05-10,0.6692913385826772,85.0,265.2916666666667
2023-05-10,265.2916666666667,85,0.6692913385826772,0.7795275590551181,0.84251968503937,0.7165354330708661,0.6692913385826772,0.779527559055118,0.6659167604049493,0.7136482939632546,2023-05-11,0.8582677165354331,109.0,339.875
2023-05-11,339.875,109,0.8582677165354331,0.6692913385826772,0.7795275590551181,0.84251968503937,0.6220472440944882,0.763779527559055,0.6659167604049493,0.710498687664042,2023-05-12,0.8976377952755905,114.0,353.9166666666667
2023-05-12,353.9166666666667,114,0.8976377952755905,0.8582677165354331,0.6692913385826772,0.7795275590551181,0.48031496062992124,0.7690288713910761,0.6996625421822272,0.7246719160104986,2023-05-13,0.905511811023622,115.0,357.1666666666667
2023-05-13,357.1666666666667,115,0.905511811023622,0.8976377952755905,0.8582677165354331,0.6692913385826772,0.5511811023622047,0.8083989501312335,0.7592800899887514,0.7280839895013124,2023-05-14,0.6456692913385826,82.0,257.4583333333333
2023-05-14,257.4583333333333,82,0.6456692913385826,0.905511811023622,0.8976377952755905,0.8582677165354331,0.7165354330708661,0.8871391076115485,0.8098987626546682,0.7312335958005249,2023-05-15,0.8582677165354331,109.0,339.0833333333333
2023-05-15,339.0833333333333,109,0.8582677165354331,0.6456692913385826,0.905511811023622,0.8976377952755905,0.84251968503937,0.816272965879265,0.7997750281214848,0.7262467191601051,2023-05-16,0.9133858267716536,116.0,360.0416666666667
2023-05-16,360.0416666666667,116,0.9133858267716536,0.8582677165354331,0.6456692913385826,0.905511811023622,0.7795275590551181,0.8031496062992125,0.8020247469066367,0.7280839895013124,2023-05-17,0.9291338582677166,118.0,367.875
2023-05-17,367.875,118,0.9291338582677166,0.9133858267716536,0.8582677165354331,0.6456692913385826,0.6692913385826772,0.8057742782152232,0.8211473565804275,0.7333333333333333,2023-05-18,0.9133858267716536,116.0,362.0
2023-05-18,362.0,116,0.9133858267716536,0.9291338582677166,0.9133858267716536,0.8582677165354331,0.8582677165354331,0.900262467191601,0.8582677165354331,0.741207349081365,2023-05-19,0.8740157480314961,111.0,345.125
2023-05-19,345.125,111,0.8740157480314961,0.9133858267716536,0.9291338582677166,0.9133858267716536,0.8976377952755905,0.9186351706036745,0.8661417322834646,0.7511811023622047,2023-05-20,0.6771653543307087,86.0,270.4583333333333
2023-05-20,270.4583333333333,86,0.6771653543307087,0.8740157480314961,0.9133858267716536,0.9291338582677166,0.905511811023622,0.9055118110236219,0.8627671541057368,0.7535433070866142,2023-05-21,0.4330708661417323,55.0,175.70833333333334
2023-05-21,175.70833333333334,55,0.4330708661417323,0.6771653543307087,0.8740157480314961,0.9133858267716536,0.6456692913385826,0.8215223097112859,0.8301462317210347,0.7493438320209973,2023-05-22,0.8976377952755905,114.0,353.7916666666667
2023-05-22,353.7916666666667,114,0.8976377952755905,0.4330708661417323,0.6771653543307087,0.8740157480314961,0.8582677165354331,0.6614173228346456,0.7997750281214848,0.7412073490813648,2023-05-23,0.6535433070866141,83.0,262.0
2023-05-23,262.0,83,0.6535433070866141,0.8976377952755905,0.4330708661417323,0.6771653543307087,0.9133858267716536,0.6692913385826772,0.8053993250843644,0.7482939632545931,2023-05-24,0.6141732283464567,78.0,244.08333333333331
2023-05-24,244.08333333333331,78,0.6141732283464567,0.6535433070866141,0.8976377952755905,0.4330708661417323,0.9291338582677166,0.6614173228346455,0.7682789651293589,0.7456692913385826,2023-05-25,0.6377952755905512,81.0,254.875
2023-05-25,254.875,81,0.6377952755905512,0.6141732283464567,0.6535433070866141,0.8976377952755905,0.9133858267716536,0.721784776902887,0.7232845894263217,0.7377952755905512,2023-05-26,0.6220472440944882,79.0,247.95833333333331
2023-05-26,247.95833333333331,79,0.6220472440944882,0.6377952755905512,0.6141732283464567,0.6535433070866141,0.8740157480314961,0.6351706036745406,0.6839145106861643,0.7307086614173228,2023-05-27,0.6377952755905512,81.0,254.95833333333331
2023-05-27,254.95833333333331,81,0.6377952755905512,0.6220472440944882,0.6377952755905512,0.6141732283464567,0.6771653543307087,0.6246719160104987,0.6479190101237345,0.7233595800524935,2023-05-28,0.6062992125984252,77.0,241.0
2023-05-28,241.0,77,0.6062992125984252,0.6377952755905512,0.6220472440944882,0.6377952755905512,0.4330708661417323,0.6325459317585301,0.6422947131608548,0.7165354330708662,2023-05-29,0.5984251968503937,76.0,240.33333333333331
2023-05-29,240.33333333333331,76,0.5984251968503937,0.6062992125984252,0.6377952755905512,0.6220472440944882,0.8976377952755905,0.6220472440944881,0.6670416197975253,0.7083989501312336,2023-05-30,0.7637795275590551,97.0,303.2083333333333
2023-05-30,303.2083333333333,97,0.7637795275590551,0.5984251968503937,0.6062992125984252,0.6377952755905512,0.6535433070866141,0.6141732283464566,0.6242969628796401,0.7023622047244094,2023-05-31,0.7795275590551181,99.0,308.5416666666667
2023-05-31,308.5416666666667,99,0.7795275590551181,0.7637795275590551,0.5984251968503937,0.6062992125984252,0.6141732283464567,0.6561679790026246,0.6400449943757031,0.7028871391076116,2023-06-01,0.7874015748031497,100.0,313.125
2023-06-01,313.125,100,0.7874015748031497,0.7795275590551181,0.7637795275590551,0.5984251968503937,0.6377952755905512,0.7139107611548555,0.6636670416197975,0.7160104986876641,2023-06-02,0.952755905511811,121.0,376.2083333333333
2023-06-02,376.2083333333333,121,0.952755905511811,0.7874015748031497,0.7795275590551181,0.7637795275590551,0.6220472440944882,0.7769028871391076,0.6850393700787402,0.7278215223097112,2023-06-03,0.9448818897637795,120.0,372.4166666666667
2023-06-03,372.4166666666667,120,0.9448818897637795,0.952755905511811,0.7874015748031497,0.7795275590551181,0.6377952755905512,0.8398950131233596,0.732283464566929,0.737270341207349,2023-06-04,0.8503937007874016,108.0,335.4583333333333
2023-06-04,335.4583333333333,108,0.8503937007874016,0.9448818897637795,0.952755905511811,0.7874015748031497,0.6062992125984252,0.8950131233595799,0.7761529808773904,0.7480314960629921,2023-06-05,0.5748031496062992,73.0,229.58333333333331
2023-06-05,229.58333333333331,73,0.5748031496062992,0.8503937007874016,0.9448818897637795,0.952755905511811,0.5984251968503937,0.916010498687664,0.8110236220472441,0.7603674540682415,2023-06-06,0.7480314960629921,95.0,297.0
2023-06-06,297.0,95,0.7480314960629921,0.5748031496062992,0.8503937007874016,0.9448818897637795,0.7637795275590551,0.79002624671916,0.8076490438695164,0.7611548556430445,2023-06-07,0.9133858267716536,116.0,359.9166666666667
2023-06-07,359.9166666666667,116,0.9133858267716536,0.7480314960629921,0.5748031496062992,0.8503937007874016,0.7795275590551181,0.7244094488188976,0.8053993250843644,0.7622047244094489,2023-06-08,0.6692913385826772,85.0,268.0833333333333
2023-06-08,268.0833333333333,85,0.6692913385826772,0.9133858267716536,0.7480314960629921,0.5748031496062992,0.7874015748031497,0.7454068241469817,0.8245219347581553,0.7645669291338583,2023-06-09,0.5511811023622047,70.0,222.33333333333331
2023-06-09,222.33333333333331,70,0.5511811023622047,0.6692913385826772,0.9133858267716536,0.7480314960629921,0.952755905511811,0.7769028871391076,0.8076490438695163,0.7608923884514436,2023-06-10,0.5905511811023622,75.0,235.75
2023-06-10,235.75,75,0.5905511811023622,0.5511811023622047,0.6692913385826772,0.9133858267716536,0.9448818897637795,0.7112860892388451,0.7502812148481439,0.7569553805774277,2023-06-11,0.7165354330708661,91.0,284.375
2023-06-11,284.375,91,0.7165354330708661,0.5905511811023622,0.5511811023622047,0.6692913385826772,0.8503937007874016,0.6036745406824146,0.6996625421822272,0.7480314960629921,2023-06-12,0.5196850393700787,66.0,208.0
2023-06-12,208.0,66,0.5196850393700787,0.7165354330708661,0.5905511811023622,0.5511811023622047,0.5748031496062992,0.6194225721784776,0.6805399325084365,0.741994750656168,2023-06-13,0.6299212598425197,80.0,252.75
2023-06-13,252.75,80,0.6299212598425197,0.5196850393700787,0.7165354330708661,0.5905511811023622,0.7480314960629921,0.6089238845144357,0.6726659167604049,0.7291338582677166,2023-06-14,0.8582677165354331,109.0,339.625
2023-06-14,339.625,109,0.8582677165354331,0.6299212598425197,0.5196850393700787,0.7165354330708661,0.9133858267716536,0.6220472440944881,0.655793025871766,0.7286089238845145,2023-06-15,0.9448818897637795,120.0,373.5833333333333
2023-06-15,373.5833333333333,120,0.9448818897637795,0.8582677165354331,0.6299212598425197,0.5196850393700787,0.6692913385826772,0.669291338582677,0.6479190101237345,0.7286089238845145,2023-06-16,0.9763779527559056,124.0,385.4166666666667
2023-06-16,385.4166666666667,124,0.9763779527559056,0.9448818897637795,0.8582677165354331,0.6299212598425197,0.5511811023622047,0.811023622047244,0.6872890888638921,0.7296587926509186,2023-06-17,0.8818897637795275,112.0,348.1666666666667
2023-06-17,348.1666666666667,112,0.8818897637795275,0.9763779527559056,0.9448818897637795,0.8582677165354331,0.5905511811023622,0.926509186351706,0.7480314960629922,0.7312335958005249,2023-06-18,0.9133858267716536,116.0,361.375
2023-06-18,361.375,116,0.9133858267716536,0.8818897637795275,0.9763779527559056,0.9448818897637795,0.7165354330708661,0.9343832020997374,0.7896512935883016,0.7301837270341207,2023-06-19,1.0,127.0,393.5833333333333
2023-06-19,393.5833333333333,127,1.0,0.9133858267716536,0.8818897637795275,0.9763779527559056,0.5196850393700787,0.9238845144356955,0.8177727784026996,0.7314960629921259,2023-06-20,0.9606299212598425,122.0,380.2083333333333
2023-06-20,380.2083333333333,122,0.9606299212598425,1.0,0.9133858267716536,0.8818897637795275,0.6299212598425197,0.931758530183727,0.8863892013498312,0.742257217847769,2023-06-21,0.9763779527559056,124.0,386.625
2023-06-21,386.625,124,0.9763779527559056,0.9606299212598425,1.0,0.9133858267716536,0.8582677165354331,0.9580052493438319,0.9336332958380202,0.7598425196850394,2023-06-22,0.7480314960629921,95.0,296.0833333333333
2023-06-22,296.0833333333333,95,0.7480314960629921,0.9763779527559056,0.9606299212598425,1.0,0.9448818897637795,0.9790026246719159,0.9505061867266591,0.7624671916010499,2023-06-23,0.8503937007874016,108.0,337.9583333333333
2023-06-23,337.9583333333333,108,0.8503937007874016,0.7480314960629921,0.9763779527559056,0.9606299212598425,0.9763779527559056,0.8950131233595799,0.922384701912261,0.7656167979002625,2023-06-24,0.8267716535433071,105.0,327.5
2023-06-24,327.5,105,0.8267716535433071,0.8503937007874016,0.7480314960629921,0.9763779527559056,0.8818897637795275,0.858267716535433,0.9043869516310462,0.773490813648294,2023-06-25,0.7244094488188977,92.0,288.5833333333333
2023-06-25,288.5833333333333,92,0.7244094488188977,0.8267716535433071,0.8503937007874016,0.7480314960629921,0.9133858267716536,0.8083989501312335,0.8965129358830147,0.7797900262467192,2023-06-26,0.7244094488188977,92.0,288.2083333333333
2023-06-26,288.2083333333333,92,0.7244094488188977,0.7244094488188977,0.8267716535433071,0.8503937007874016,1.0,0.800524934383202,0.8695163104611925,0.7832020997375329,2023-06-27,0.8582677165354331,109.0,340.5
2023-06-27,340.5,109,0.8582677165354331,0.7244094488188977,0.7244094488188977,0.8267716535433071,0.9606299212598425,0.7585301837270341,0.8301462317210347,0.7860892388451444,2023-06-28,0.8582677165354331,109.0,339.5833333333333
2023-06-28,339.5833333333333,109,0.8582677165354331,0.8582677165354331,0.7244094488188977,0.7244094488188977,0.9763779527559056,0.7690288713910761,0.8155230596175479,0.7944881889763779,2023-06-29,0.9448818897637795,120.0,373.2083333333333
2023-06-29,373.2083333333333,120,0.9448818897637795,0.8582677165354331,0.8582677165354331,0.7244094488188977,0.7480314960629921,0.8136482939632547,0.798650168728909,0.8031496062992126,2023-06-30,0.952755905511811,121.0,377.0416666666667
2023-06-30,377.0416666666667,121,0.952755905511811,0.9448818897637795,0.8582677165354331,0.8582677165354331,0.8503937007874016,0.8871391076115485,0.8267716535433072,0.8091863517060368,2023-07-01,0.905511811023622,115.0,358.75
2023-07-01,358.75,115,0.905511811023622,0.952755905511811,0.9448818897637795,0.8582677165354331,0.8267716535433071,0.9186351706036744,0.8413948256467941,0.8149606299212598,2023-07-02,0.905511811023622,115.0,357.5416666666667
2023-07-02,357.5416666666667,115,0.905511811023622,0.905511811023622,0.952755905511811,0.9448818897637795,0.7244094488188977,0.9343832020997375,0.8526434195725534,0.8188976377952757,2023-07-03,0.937007874015748,119.0,369.5416666666667
2023-07-03,369.5416666666667,119,0.937007874015748,0.905511811023622,0.905511811023622,0.952755905511811,0.7244094488188977,0.9212598425196848,0.8785151856017998,0.8173228346456693,2023-07-04,0.9448818897637795,120.0,373.5416666666667
2023-07-04,373.5416666666667,120,0.9448818897637795,0.937007874015748,0.905511811023622,0.905511811023622,0.8582677165354331,0.9160104986876639,0.9088863892013499,0.8170603674540682,2023-07-05,0.9212598425196851,117.0,364.9166666666667
2023-07-05,364.9166666666667,117,0.9212598425196851,0.9448818897637795,0.937007874015748,0.905511811023622,0.8582677165354331,0.9291338582677166,0.9212598425196851,0.8202099737532809,2023-07-06,0.952755905511811,121.0,375.5
2023-07-06,375.5,121,0.952755905511811,0.9212598425196851,0.9448818897637795,0.937007874015748,0.9448818897637795,0.9343832020997374,0.9302587176602924,0.831758530183727,2023-07-07,0.9133858267716536,116.0,361.25
2023-07-07,361.25,116,0.9133858267716536,0.952755905511811,0.9212598425196851,0.9448818897637795,0.952755905511811,0.9396325459317585,0.9313835770528682,0.8385826771653543,2023-07-08,0.9133858267716536,116.0,361.2083333333333
2023-07-08,361.2083333333333,116,0.9133858267716536,0.9133858267716536,0.952755905511811,0.9212598425196851,0.905511811023622,0.9291338582677163,0.9257592800899886,0.8385826771653543,2023-07-09,0.889763779527559,113.0,351.0833333333333
2023-07-09,351.0833333333333,113,0.889763779527559,0.9133858267716536,0.9133858267716536,0.952755905511811,0.905511811023622,0.926509186351706,0.9268841394825647,0.8467191601049869,2023-07-10,0.968503937007874,123.0,382.75
2023-07-10,382.75,123,0.968503937007874,0.889763779527559,0.9133858267716536,0.9133858267716536,0.937007874015748,0.9055118110236219,0.9246344206974129,0.858005249343832,2023-07-11,0.9606299212598425,122.0,379.5833333333333
2023-07-11,379.5833333333333,122,0.9606299212598425,0.968503937007874,0.889763779527559,0.9133858267716536,0.9448818897637795,0.9238845144356954,0.9291338582677166,0.8706036745406824,2023-07-12,0.968503937007874,123.0,381.375
2023-07-12,381.375,123,0.968503937007874,0.9606299212598425,0.968503937007874,0.889763779527559,0.9212598425196851,0.9396325459317584,0.9313835770528683,0.878740157480315,2023-07-13,0.9606299212598425,122.0,379.9583333333333
2023-07-13,379.9583333333333,122,0.9606299212598425,0.968503937007874,0.9606299212598425,0.968503937007874,0.952755905511811,0.9658792650918634,0.9381327334083239,0.8937007874015748,2023-07-14,0.9448818897637795,120.0,374.5
2023-07-14,374.5,120,0.9448818897637795,0.9606299212598425,0.968503937007874,0.9606299212598425,0.9133858267716536,0.9632545931758529,0.9392575928009,0.9047244094488189,2023-07-15,0.9448818897637795,120.0,372.0833333333333
2023-07-15,372.0833333333333,120,0.9448818897637795,0.9448818897637795,0.9606299212598425,0.968503937007874,0.9133858267716536,0.9580052493438318,0.9437570303712036,0.9076115485564303,2023-07-16,0.8740157480314961,111.0,347.0416666666667
2023-07-16,347.0416666666667,111,0.8740157480314961,0.9448818897637795,0.9448818897637795,0.9606299212598425,0.889763779527559,0.9501312335958004,0.9482564679415073,0.9076115485564304,2023-07-17,0.6456692913385826,82.0,257.2083333333333
2023-07-17,257.2083333333333,82,0.6456692913385826,0.8740157480314961,0.9448818897637795,0.9448818897637795,0.968503937007874,0.9212598425196848,0.9460067491563554,0.9041994750656168,2023-07-18,0.8346456692913385,106.0,330.0416666666667
2023-07-18,330.0416666666667,106,0.8346456692913385,0.6456692913385826,0.8740157480314961,0.9448818897637795,0.9606299212598425,0.8215223097112859,0.8998875140607423,0.8963254593175853,2023-07-19,0.8110236220472441,103.0,322.5416666666667
2023-07-19,322.5416666666667,103,0.8110236220472441,0.8346456692913385,0.6456692913385826,0.8740157480314961,0.968503937007874,0.7847769028871389,0.8818897637795275,0.8937007874015748,2023-07-20,0.9291338582677166,118.0,368.0
2023-07-20,368.0,118,0.9291338582677166,0.8110236220472441,0.8346456692913385,0.6456692913385826,0.9606299212598425,0.7637795275590551,0.859392575928009,0.8874015748031496,2023-07-21,0.9212598425196851,117.0,364.7916666666667
2023-07-21,364.7916666666667,117,0.9212598425196851,0.9291338582677166,0.8110236220472441,0.8346456692913385,0.9448818897637795,0.858267716535433,0.8548931383577052,0.8863517060367454,2023-07-22,0.8503937007874016,108.0,337.1666666666667
2023-07-22,337.1666666666667,108,0.8503937007874016,0.9212598425196851,0.9291338582677166,0.8110236220472441,0.9448818897637795,0.8871391076115485,0.8515185601799775,0.8845144356955381,2023-07-23,0.7559055118110236,96.0,299.4583333333333
2023-07-23,299.4583333333333,96,0.7559055118110236,0.8503937007874016,0.9212598425196851,0.9291338582677166,0.8740157480314961,0.9002624671916011,0.8380202474690664,0.8879265091863517,2023-07-24,0.8110236220472441,103.0,322.2916666666667
2023-07-24,322.2916666666667,103,0.8110236220472441,0.7559055118110236,0.8503937007874016,0.9212598425196851,0.6456692913385826,0.84251968503937,0.8211473565804275,0.8847769028871391,2023-07-25,0.9291338582677166,118.0,366.6666666666667
2023-07-25,366.6666666666667,118,0.9291338582677166,0.8110236220472441,0.7559055118110236,0.8503937007874016,0.8346456692913385,0.805774278215223,0.8447694038245219,0.884251968503937,2023-07-26,0.8976377952755905,114.0,355.7916666666667
2023-07-26,355.7916666666667,114,0.8976377952755905,0.9291338582677166,0.8110236220472441,0.7559055118110236,0.8110236220472441,0.8320209973753281,0.8582677165354331,0.8910761154855643,2023-07-27,0.9212598425196851,117.0,364.9583333333333
2023-07-27,364.9583333333333,117,0.9212598425196851,0.8976377952755905,0.9291338582677166,0.8110236220472441,0.9291338582677166,0.879265091863517,0.8706411698537683,0.8968503937007875,2023-07-28,0.9291338582677166,118.0,366.9166666666667
2023-07-28,366.9166666666667,118,0.9291338582677166,0.9212598425196851,0.8976377952755905,0.9291338582677166,0.9212598425196851,0.9160104986876639,0.8695163104611925,0.8989501312335958,2023-07-29,0.6850393700787402,87.0,271.5
2023-07-29,271.5,87,0.6850393700787402,0.9291338582677166,0.9212598425196851,0.8976377952755905,0.8503937007874016,0.9160104986876639,0.8706411698537683,0.9013123359580053,2023-07-30,0.889763779527559,113.0,350.75
2023-07-30,350.75,113,0.889763779527559,0.6850393700787402,0.9291338582677166,0.9212598425196851,0.7559055118110236,0.8451443569553806,0.8470191226096738,0.8926509186351705,2023-07-31,0.8818897637795275,112.0,347.5
2023-07-31,347.5,112,0.8818897637795275,0.889763779527559,0.6850393700787402,0.9291338582677166,0.8110236220472441,0.8346456692913385,0.8661417322834646,0.8905511811023621,2023-08-01,0.7007874015748031,89.0,279.0833333333333
2023-08-01,279.0833333333333,89,0.7007874015748031,0.8818897637795275,0.889763779527559,0.6850393700787402,0.9291338582677166,0.8188976377952755,0.8762654668166479,0.889763779527559,2023-08-02,0.7952755905511811,101.0,315.0833333333333
2023-08-02,315.0833333333333,101,0.7952755905511811,0.7007874015748031,0.8818897637795275,0.889763779527559,0.8976377952755905,0.8241469816272965,0.843644544431946,0.8829396325459318,2023-08-03,0.8661417322834646,110.0,343.125
2023-08-03,343.125,110,0.8661417322834646,0.7952755905511811,0.7007874015748031,0.8818897637795275,0.9212598425196851,0.7926509186351706,0.8290213723284588,0.878215223097113,2023-08-04,0.8267716535433071,105.0,326.9583333333333
2023-08-04,326.9583333333333,105,0.8267716535433071,0.8661417322834646,0.7952755905511811,0.7007874015748031,0.9291338582677166,0.7874015748031495,0.8211473565804274,0.8755905511811023,2023-08-05,0.8110236220472441,103.0,321.875
2023-08-05,321.875,103,0.8110236220472441,0.8267716535433071,0.8661417322834646,0.7952755905511811,0.6850393700787402,0.8293963254593174,0.8065241844769405,0.8724409448818897,2023-08-06,0.8661417322834646,110.0,343.4166666666667
2023-08-06,343.4166666666667,110,0.8661417322834646,0.8110236220472441,0.8267716535433071,0.8661417322834646,0.889763779527559,0.8346456692913385,0.8245219347581552,0.8677165354330708,2023-08-07,0.8661417322834646,110.0,341.2083333333333
2023-08-07,341.2083333333333,110,0.8661417322834646,0.8661417322834646,0.8110236220472441,0.8267716535433071,0.8818897637795275,0.8346456692913385,0.8211473565804274,0.8661417322834646,2023-08-08,0.84251968503937,107.0,334.5833333333333
2023-08-08,334.5833333333333,107,0.84251968503937,0.8661417322834646,0.8661417322834646,0.8110236220472441,0.7007874015748031,0.847769028871391,0.8188976377952757,0.8645669291338582,2023-08-09,0.8661417322834646,110.0,342.4166666666667
2023-08-09,342.4166666666667,110,0.8661417322834646,0.84251968503937,0.8661417322834646,0.8661417322834646,0.7952755905511811,0.858267716535433,0.8391451068616423,0.862992125984252,2023-08-10,0.8740157480314961,111.0,346.6666666666667
2023-08-10,346.6666666666667,111,0.8740157480314961,0.8661417322834646,0.84251968503937,0.8661417322834646,0.8661417322834646,0.858267716535433,0.8492688413948256,0.8595800524934383,2023-08-11,0.7322834645669292,93.0,291.7083333333333
2023-08-11,291.7083333333333,93,0.7322834645669292,0.8740157480314961,0.8661417322834646,0.84251968503937,0.8267716535433071,0.8608923884514436,0.8503937007874016,0.8566929133858268,2023-08-12,0.7795275590551181,99.0,309.75
2023-08-12,309.75,99,0.7795275590551181,0.7322834645669292,0.8740157480314961,0.8661417322834646,0.8110236220472441,0.8241469816272966,0.8368953880764904,0.8488188976377953,2023-08-13,0.8346456692913385,106.0,330.75
2023-08-13,330.75,106,0.8346456692913385,0.7795275590551181,0.7322834645669292,0.8740157480314961,0.8661417322834646,0.795275590551181,0.8323959505061868,0.8427821522309711,2023-08-14,0.4645669291338583,59.0,188.375
2023-08-14,188.375,59,0.4645669291338583,0.8346456692913385,0.7795275590551181,0.7322834645669292,0.8661417322834646,0.7821522309711285,0.8278965129358831,0.8391076115485564,2023-08-15,0.6614173228346457,84.0,263.625
2023-08-15,263.625,84,0.6614173228346457,0.4645669291338583,0.8346456692913385,0.7795275590551181,0.84251968503937,0.6929133858267716,0.7705286839145107,0.8230971128608924,2023-08-16,0.6692913385826772,85.0,267.4166666666667
2023-08-16,267.4166666666667,85,0.6692913385826772,0.6614173228346457,0.4645669291338583,0.8346456692913385,0.8661417322834646,0.6535433070866141,0.7446569178852644,0.816010498687664,2023-08-17,0.5275590551181102,67.0,211.79166666666663
2023-08-17,211.79166666666663,67,0.5275590551181102,0.6692913385826772,0.6614173228346457,0.4645669291338583,0.8740157480314961,0.5984251968503936,0.7165354330708661,0.8167979002624671,2023-08-18,0.5275590551181102,67.0,212.75
2023-08-18,212.75,67,0.5275590551181102,0.5275590551181102,0.6692913385826772,0.6614173228346457,0.7322834645669292,0.6194225721784776,0.6670416197975253,0.8065616797900262,2023-08-19,0.6377952755905512,81.0,255.70833333333331
2023-08-19,255.70833333333331,81,0.6377952755905512,0.5275590551181102,0.5275590551181102,0.6692913385826772,0.7795275590551181,0.5748031496062991,0.6377952755905512,0.7971128608923885,2023-08-20,0.31496062992125984,40.0,129.29166666666666
2023-08-20,129.29166666666666,40,0.31496062992125984,0.6377952755905512,0.5275590551181102,0.5275590551181102,0.8346456692913385,0.5643044619422571,0.6175478065241845,0.7874015748031495,2023-08-21,0.3700787401574803,47.0,151.45833333333334
2023-08-21,151.45833333333334,47,0.3700787401574803,0.31496062992125984,0.6377952755905512,0.5275590551181102,0.4645669291338583,0.49343832020997364,0.5433070866141733,0.7671916010498687,2023-08-22,0.4881889763779528,62.0,196.20833333333331
2023-08-22,196.20833333333331,62,0.4881889763779528,0.3700787401574803,0.31496062992125984,0.6377952755905512,0.6614173228346457,0.4409448818897637,0.5298087739032621,0.7511811023622047,2023-08-23,0.7244094488188977,92.0,288.7916666666667
2023-08-23,288.7916666666667,92,0.7244094488188977,0.4881889763779528,0.3700787401574803,0.31496062992125984,0.6692913385826772,0.3910761154855642,0.5050618672665916,0.7422572178477691,2023-08-24,0.6377952755905512,81.0,252.95833333333331
2023-08-24,252.95833333333331,81,0.6377952755905512,0.7244094488188977,0.4881889763779528,0.3700787401574803,0.5275590551181102,0.5275590551181102,0.5129358830146231,0.7393700787401575,2023-08-25,0.6299212598425197,80.0,252.83333333333331
2023-08-25,252.83333333333331,80,0.6299212598425197,0.6377952755905512,0.7244094488188977,0.4881889763779528,0.5275590551181102,0.6167979002624672,0.5286839145106861,0.7296587926509186,2023-08-26,0.7716535433070866,98.0,306.5833333333333
2023-08-26,306.5833333333333,98,0.7716535433070866,0.6299212598425197,0.6377952755905512,0.7244094488188977,0.6377952755905512,0.6640419947506561,0.5433070866141733,0.720734908136483,2023-08-27,0.7874015748031497,100.0,313.75
2023-08-27,313.75,100,0.7874015748031497,0.7716535433070866,0.6299212598425197,0.6377952755905512,0.31496062992125984,0.6797900262467191,0.562429696287964,0.7157480314960629,2023-08-28,0.7952755905511811,101.0,314.2083333333333
2023-08-28,314.2083333333333,101,0.7952755905511811,0.7874015748031497,0.7716535433070866,0.6299212598425197,0.3700787401574803,0.7296587926509185,0.6299212598425197,0.7110236220472441,2023-08-29,0.8110236220472441,103.0,322.5416666666667
2023-08-29,322.5416666666667,103,0.8110236220472441,0.7952755905511811,0.7874015748031497,0.7716535433070866,0.4881889763779528,0.7847769028871391,0.6906636670416197,0.7146981627296589,2023-08-30,0.7716535433070866,98.0,307.0
2023-08-30,307.0,98,0.7716535433070866,0.8110236220472441,0.7952755905511811,0.7874015748031497,0.7244094488188977,0.7979002624671915,0.7367829021372329,0.7120734908136483,2023-08-31,0.7637795275590551,97.0,302.4166666666667
2023-08-31,302.4166666666667,97,0.7637795275590551,0.7716535433070866,0.8110236220472441,0.7952755905511811,0.6377952755905512,0.7926509186351706,0.7435320584926883,0.7083989501312336,2023-09-01,0.1968503937007874,25.0,84.29166666666667
2023-09-01,84.29166666666667,25,0.1968503937007874,0.7637795275590551,0.7716535433070866,0.8110236220472441,0.6299212598425197,0.7821522309711285,0.7615298087739033,0.710498687664042,2023-09-02,0.30708661417322836,39.0,125.91666666666669
2023-09-02,125.91666666666669,39,0.30708661417322836,0.1968503937007874,0.7637795275590551,0.7716535433070866,0.7716535433070866,0.5774278215223096,0.6996625421822272,0.6905511811023621,2023-09-03,0.33858267716535434,43.0,138.91666666666666
2023-09-03,138.91666666666666,43,0.33858267716535434,0.30708661417322836,0.1968503937007874,0.7637795275590551,0.7874015748031497,0.4225721784776902,0.6332958380202475,0.6719160104986877,2023-09-04,0.7165354330708661,91.0,283.4583333333333
2023-09-04,283.4583333333333,91,0.7165354330708661,0.33858267716535434,0.30708661417322836,0.1968503937007874,0.7952755905511811,0.2808398950131233,0.5691788526434196,0.6556430446194226,2023-09-05,0.7322834645669292,93.0,291.5
2023-09-05,291.5,93,0.7322834645669292,0.7165354330708661,0.33858267716535434,0.30708661417322836,0.8110236220472441,0.4540682414698162,0.5579302587176602,0.65249343832021,2023-09-06,0.6062992125984252,77.0,243.25
2023-09-06,243.25,77,0.6062992125984252,0.7322834645669292,0.7165354330708661,0.33858267716535434,0.7716535433070866,0.5958005249343832,0.546681664791901,0.6480314960629922,2023-09-07,0.7322834645669292,93.0,291.5
2023-09-07,291.5,93,0.7322834645669292,0.6062992125984252,0.7322834645669292,0.7165354330708661,0.7637795275590551,0.6850393700787402,0.5230596175478065,0.6393700787401574,2023-09-08,0.7322834645669292,93.0,290.4166666666667
2023-09-08,290.4166666666667,93,0.7322834645669292,0.7322834645669292,0.6062992125984252,0.7322834645669292,0.1968503937007874,0.6902887139107611,0.5185601799775028,0.6356955380577427,2023-09-09,0.6614173228346457,84.0,262.25
2023-09-09,262.25,84,0.6614173228346457,0.7322834645669292,0.7322834645669292,0.6062992125984252,0.30708661417322836,0.6902887139107611,0.5950506186726658,0.631233595800525,2023-09-10,0.6929133858267716,88.0,276.875
2023-09-10,276.875,88,0.6929133858267716,0.6614173228346457,0.7322834645669292,0.7322834645669292,0.33858267716535434,0.7086614173228346,0.6456692913385826,0.6241469816272965,2023-09-11,0.5590551181102362,71.0,223.16666666666663
2023-09-11,223.16666666666663,71,0.5590551181102362,0.6929133858267716,0.6614173228346457,0.7322834645669292,0.7165354330708661,0.6955380577427821,0.6962879640044994,0.6228346456692914,2023-09-12,0.6850393700787402,87.0,272.2083333333333
2023-09-12,272.2083333333333,87,0.6850393700787402,0.5590551181102362,0.6929133858267716,0.6614173228346457,0.7322834645669292,0.637795275590551,0.673790776152981,0.615485564304462,2023-09-13,0.6692913385826772,85.0,267.125
2023-09-13,267.125,85,0.6692913385826772,0.6850393700787402,0.5590551181102362,0.6929133858267716,0.6062992125984252,0.6456692913385825,0.6670416197975254,0.610498687664042,2023-09-14,0.6929133858267716,88.0,274.9166666666667
2023-09-14,274.9166666666667,88,0.6929133858267716,0.6692913385826772,0.6850393700787402,0.5590551181102362,0.7322834645669292,0.637795275590551,0.6760404949381328,0.6173228346456693,2023-09-15,0.6929133858267716,88.0,275.0416666666667
2023-09-15,275.0416666666667,88,0.6929133858267716,0.6929133858267716,0.6692913385826772,0.6850393700787402,0.7322834645669292,0.6824146981627296,0.6704161979752531,0.6183727034120736,2023-09-16,0.6299212598425197,80.0,251.54166666666663
2023-09-16,251.54166666666663,80,0.6299212598425197,0.6929133858267716,0.6929133858267716,0.6692913385826772,0.6614173228346457,0.6850393700787402,0.6647919010123735,0.6191601049868767,2023-09-17,0.6299212598425197,80.0,252.08333333333331
2023-09-17,252.08333333333331,80,0.6299212598425197,0.6299212598425197,0.6929133858267716,0.6929133858267716,0.6929133858267716,0.6719160104986875,0.6602924634420697,0.6225721784776902,2023-09-18,0.4645669291338583,59.0,188.75
2023-09-18,188.75,59,0.4645669291338583,0.6299212598425197,0.6299212598425197,0.6929133858267716,0.5590551181102362,0.6509186351706036,0.6512935883014623,0.6259842519685039,2023-09-19,0.6456692913385826,82.0,257.7916666666667
2023-09-19,257.7916666666667,82,0.6456692913385826,0.4645669291338583,0.6299212598425197,0.6299212598425197,0.6850393700787402,0.5748031496062991,0.6377952755905512,0.6202099737532809,2023-09-20,0.6535433070866141,83.0,259.5
2023-09-20,259.5,83,0.6535433070866141,0.6456692913385826,0.4645669291338583,0.6299212598425197,0.6692913385826772,0.5800524934383201,0.6321709786276716,0.631233595800525,2023-09-21,0.47244094488188976,60.0,191.875
2023-09-21,191.875,60,0.47244094488188976,0.6535433070866141,0.6456692913385826,0.4645669291338583,0.6929133858267716,0.5879265091863516,0.6299212598425196,0.6406824146981627,2023-09-22,0.6456692913385826,82.0,257.75
2023-09-22,257.75,82,0.6456692913385826,0.47244094488188976,0.6535433070866141,0.6456692913385826,0.6929133858267716,0.5905511811023622,0.5984251968503936,0.6401574803149607,2023-09-23,0.6535433070866141,83.0,260.0416666666667
2023-09-23,260.0416666666667,83,0.6535433070866141,0.6456692913385826,0.47244094488188976,0.6535433070866141,0.6299212598425197,0.5905511811023622,0.591676040494938,0.6375328083989501,2023-09-24,0.6220472440944882,79.0,246.875
2023-09-24,246.875,79,0.6220472440944882,0.6535433070866141,0.6456692913385826,0.47244094488188976,0.6299212598425197,0.5905511811023622,0.5950506186726658,0.6380577427821522,2023-09-25,0.6220472440944882,79.0,248.91666666666663
2023-09-25,248.91666666666663,79,0.6220472440944882,0.6220472440944882,0.6535433070866141,0.6456692913385826,0.4645669291338583,0.6404199475065616,0.59392575928009,0.6377952755905513,2023-09-26,0.5511811023622047,70.0,222.29166666666663
2023-09-26,222.29166666666663,70,0.5511811023622047,0.6220472440944882,0.6220472440944882,0.6535433070866141,0.6456692913385826,0.6325459317585301,0.6164229471316085,0.6328083989501312,2023-09-27,0.6141732283464567,78.0,246.375
2023-09-27,246.375,78,0.6141732283464567,0.5511811023622047,0.6220472440944882,0.6220472440944882,0.6535433070866141,0.5984251968503936,0.6029246344206974,0.6249343832020997,2023-09-28,0.6062992125984252,77.0,243.625
2023-09-28,243.625,77,0.6062992125984252,0.6141732283464567,0.5511811023622047,0.6220472440944882,0.47244094488188976,0.5958005249343832,0.5973003374578177,0.6188976377952755,2023-09-29,0.5275590551181102,67.0,211.0
2023-09-29,211.0,67,0.5275590551181102,0.6062992125984252,0.6141732283464567,0.5511811023622047,0.6456692913385826,0.5905511811023622,0.6164229471316086,0.6120734908136483,2023-09-30,0.2992125984251969,38.0,122.91666666666669
2023-09-30,122.91666666666669,38,0.2992125984251969,0.5275590551181102,0.6062992125984252,0.6141732283464567,0.6535433070866141,0.5826771653543307,0.5995500562429698,0.6039370078740158,2023-10-01,0.2283464566929134,29.0,95.08333333333331
2023-10-01,95.08333333333331,29,0.2283464566929134,0.2992125984251969,0.5275590551181102,0.6062992125984252,0.6220472440944882,0.47769028871391067,0.548931383577053,0.5884514435695538,2023-10-02,0.4566929133858268,58.0,184.66666666666663
2023-10-02,184.66666666666663,58,0.4566929133858268,0.2283464566929134,0.2992125984251969,0.5275590551181102,0.6220472440944882,0.35170603674540674,0.49268841394825647,0.589501312335958,2023-10-03,0.36220472440944884,46.0,147.79166666666666
2023-10-03,147.79166666666666,46,0.36220472440944884,0.4566929133858268,0.2283464566929134,0.2992125984251969,0.5511811023622047,0.3280839895013123,0.46906636670416196,0.594488188976378,2023-10-04,0.5669291338582677,72.0,226.16666666666663
2023-10-04,226.16666666666663,72,0.5669291338582677,0.36220472440944884,0.4566929133858268,0.2283464566929134,0.6141732283464567,0.3490813648293963,0.4420697412823397,0.5952755905511811,2023-10-05,0.5669291338582677,72.0,227.08333333333331
2023-10-05,227.08333333333331,72,0.5669291338582677,0.5669291338582677,0.36220472440944884,0.4566929133858268,0.6062992125984252,0.4619422572178477,0.43532058492688414,0.5902887139107611,2023-10-06,0.5669291338582677,72.0,226.20833333333331
2023-10-06,226.20833333333331,72,0.5669291338582677,0.5669291338582677,0.5669291338582677,0.36220472440944884,0.5275590551181102,0.49868766404199466,0.4296962879640045,0.584776902887139,2023-10-07,0.5511811023622047,70.0,221.375
2023-10-07,221.375,70,0.5511811023622047,0.5669291338582677,0.5669291338582677,0.5669291338582677,0.2992125984251969,0.5669291338582677,0.43532058492688414,0.583464566929134,2023-10-08,0.5511811023622047,70.0,219.875
2023-10-08,219.875,70,0.5511811023622047,0.5511811023622047,0.5669291338582677,0.5669291338582677,0.2283464566929134,0.5616797900262467,0.4713160854893138,0.5774278215223098,2023-10-09,0.2125984251968504,27.0,90.20833333333331
2023-10-09,90.20833333333331,27,0.2125984251968504,0.5511811023622047,0.5511811023622047,0.5669291338582677,0.4566929133858268,0.5564304461942257,0.5174353205849269,0.5713910761154856,2023-10-10,0.4881889763779528,62.0,195.25
2023-10-10,195.25,62,0.4881889763779528,0.2125984251968504,0.5511811023622047,0.5511811023622047,0.36220472440944884,0.43832020997375326,0.48256467941507314,0.5564304461942258,2023-10-11,0.49606299212598426,63.0,198.91666666666663
2023-10-11,198.91666666666663,63,0.49606299212598426,0.4881889763779528,0.2125984251968504,0.5511811023622047,0.5669291338582677,0.4173228346456692,0.500562429696288,0.5496062992125984,2023-10-12,0.5433070866141733,69.0,218.04166666666663
2023-10-12,218.04166666666663,69,0.5433070866141733,0.49606299212598426,0.4881889763779528,0.2125984251968504,0.5669291338582677,0.39895013123359574,0.4904386951631046,0.54750656167979,2023-10-13,0.44881889763779526,57.0,181.75
2023-10-13,181.75,57,0.44881889763779526,0.5433070866141733,0.49606299212598426,0.4881889763779528,0.5669291338582677,0.5091863517060367,0.4870641169853768,0.5427821522309711,2023-10-14,0.4645669291338583,59.0,186.41666666666663
2023-10-14,186.41666666666663,59,0.4645669291338583,0.44881889763779526,0.5433070866141733,0.49606299212598426,0.5511811023622047,0.4960629921259841,0.47019122609673797,0.5354330708661418,2023-10-15,0.48031496062992124,61.0,194.41666666666663
2023-10-15,194.41666666666663,61,0.48031496062992124,0.4645669291338583,0.44881889763779526,0.5433070866141733,0.5511811023622047,0.48556430446194215,0.4578177727784027,0.5278215223097112,2023-10-16,0.4251968503937008,54.0,172.08333333333334
2023-10-16,172.08333333333334,54,0.4251968503937008,0.48031496062992124,0.4645669291338583,0.44881889763779526,0.2125984251968504,0.46456692913385816,0.4476940382452193,0.5207349081364829,2023-10-17,0.5039370078740157,64.0,203.875
2023-10-17,203.875,64,0.5039370078740157,0.4251968503937008,0.48031496062992124,0.4645669291338583,0.4881889763779528,0.4566929133858267,0.4780652418447694,0.5139107611548557,2023-10-18,0.49606299212598426,63.0,200.66666666666663
2023-10-18,200.66666666666663,63,0.49606299212598426,0.5039370078740157,0.4251968503937008,0.48031496062992124,0.49606299212598426,0.4698162729658792,0.48031496062992124,0.5097112860892389,2023-10-19,0.4881889763779528,62.0,196.66666666666663
2023-10-19,196.66666666666663,62,0.4881889763779528,0.49606299212598426,0.5039370078740157,0.4251968503937008,0.5433070866141733,0.47506561679790016,0.48031496062992124,0.510761154855643,2023-10-20,0.4094488188976378,52.0,166.0
2023-10-20,166.0,52,0.4094488188976378,0.4881889763779528,0.49606299212598426,0.5039370078740157,0.44881889763779526,0.4960629921259842,0.47244094488188976,0.5055118110236221,2023-10-21,0.41732283464566927,53.0,170.41666666666666
2023-10-21,170.41666666666666,53,0.41732283464566927,0.4094488188976378,0.4881889763779528,0.49606299212598426,0.4645669291338583,0.46456692913385816,0.4668166479190101,0.4973753280839895,2023-10-22,0.3858267716535433,49.0,156.75
2023-10-22,156.75,49,0.3858267716535433,0.41732283464566927,0.4094488188976378,0.4881889763779528,0.48031496062992124,0.43832020997375326,0.4600674915635545,0.49553805774278215,2023-10-23,0.4330708661417323,55.0,175.08333333333334
2023-10-23,175.08333333333334,55,0.4330708661417323,0.3858267716535433,0.41732283464566927,0.4094488188976378,0.4251968503937008,0.40419947506561665,0.4465691788526434,0.48687664041994755,2023-10-24,0.4409448818897638,56.0,177.83333333333334
2023-10-24,177.83333333333334,56,0.4409448818897638,0.4330708661417323,0.3858267716535433,0.41732283464566927,0.5039370078740157,0.41207349081364825,0.44769403824521936,0.47952755905511807,2023-10-25,0.2204724409448819,28.0,93.5
2023-10-25,93.5,28,0.2204724409448819,0.4409448818897638,0.4330708661417323,0.3858267716535433,0.49606299212598426,0.41994750656167973,0.43869516310461193,0.47349081364829393,2023-10-26,0.44881889763779526,57.0,181.08333333333331
2023-10-26,181.08333333333331,57,0.44881889763779526,0.2204724409448819,0.4409448818897638,0.4330708661417323,0.4881889763779528,0.36482939632545924,0.3993250843644544,0.4601049868766404,2023-10-27,0.4566929133858268,58.0,184.25
2023-10-27,184.25,58,0.4566929133858268,0.44881889763779526,0.2204724409448819,0.4409448818897638,0.4094488188976378,0.37007874015748027,0.3937007874015748,0.4566929133858268,2023-10-28,0.4645669291338583,59.0,186.875
2023-10-28,186.875,59,0.4645669291338583,0.4566929133858268,0.44881889763779526,0.2204724409448819,0.41732283464566927,0.37532808398950124,0.40044994375703036,0.4514435695538058,2023-10-29,0.4566929133858268,58.0,184.33333333333331
2023-10-29,184.33333333333331,58,0.4566929133858268,0.4645669291338583,0.4566929133858268,0.44881889763779526,0.3858267716535433,0.4566929133858267,0.407199100112486,0.44671916010498686,2023-10-30,0.44881889763779526,57.0,181.25
2023-10-30,181.25,57,0.44881889763779526,0.4566929133858268,0.4645669291338583,0.4566929133858268,0.4330708661417323,0.4593175853018372,0.4173228346456693,0.4443569553805774,2023-10-31,0.4094488188976378,52.0,166.0
2023-10-31,166.0,52,0.4094488188976378,0.44881889763779526,0.4566929133858268,0.4645669291338583,0.4409448818897638,0.4566929133858267,0.41957255343082117,0.4493438320209974,2023-11-01,0.33858267716535434,43.0,138.70833333333334
2023-11-01,138.70833333333334,43,0.33858267716535434,0.4094488188976378,0.44881889763779526,0.4566929133858268,0.2204724409448819,0.43832020997375315,0.41507311586051737,0.4553805774278215,2023-11-02,0.3228346456692913,41.0,133.95833333333334
2023-11-02,133.95833333333334,41,0.3228346456692913,0.33858267716535434,0.4094488188976378,0.44881889763779526,0.44881889763779526,0.3989501312335957,0.43194600674915634,0.4514435695538058,2023-11-03,0.4015748031496063,51.0,163.20833333333334
2023-11-03,163.20833333333334,51,0.4015748031496063,0.3228346456692913,0.33858267716535434,0.4094488188976378,0.4566929133858268,0.35695538057742776,0.41394825646794153,0.45013123359580054,2023-11-04,0.3464566929133858,44.0,142.5
2023-11-04,142.5,44,0.3464566929133858,0.4015748031496063,0.3228346456692913,0.33858267716535434,0.4645669291338583,0.3543307086614173,0.40607424071991,0.44461942257217846,2023-11-05,0.15748031496062992,20.0,68.95833333333333
2023-11-05,68.95833333333333,20,0.15748031496062992,0.3464566929133858,0.4015748031496063,0.3228346456692913,0.4566929133858268,0.35695538057742776,0.3892013498312711,0.4372703412073491,2023-11-06,0.3700787401574803,47.0,151.70833333333334
2023-11-06,151.70833333333334,47,0.3700787401574803,0.15748031496062992,0.3464566929133858,0.4015748031496063,0.44881889763779526,0.3018372703412073,0.34645669291338577,0.4236220472440945,2023-11-07,0.25984251968503935,33.0,107.875
2023-11-07,107.875,33,0.25984251968503935,0.3700787401574803,0.15748031496062992,0.3464566929133858,0.4094488188976378,0.2913385826771653,0.33520809898762655,0.41758530183727033,2023-11-08,0.4015748031496063,51.0,162.16666666666666
2023-11-08,162.16666666666666,51,0.4015748031496063,0.25984251968503935,0.3700787401574803,0.15748031496062992,0.33858267716535434,0.26246719160104975,0.31383577052868394,0.4078740157480315,2023-11-09,0.3464566929133858,44.0,141.91666666666666
2023-11-09,141.91666666666666,44,0.3464566929133858,0.4015748031496063,0.25984251968503935,0.3700787401574803,0.3228346456692913,0.3438320209973753,0.3228346456692913,0.4141732283464567,2023-11-10,0.3543307086614173,45.0,146.20833333333334
2023-11-10,146.20833333333334,45,0.3543307086614173,0.3464566929133858,0.4015748031496063,0.25984251968503935,0.4015748031496063,0.33595800524934377,0.3262092238470191,0.4094488188976378,2023-11-11,0.3543307086614173,45.0,146.04166666666666
2023-11-11,146.04166666666666,45,0.3543307086614173,0.3543307086614173,0.3464566929133858,0.4015748031496063,0.3464566929133858,0.36745406824146976,0.3194600674915636,0.40472440944881893,2023-11-12,0.2992125984251969,38.0,123.125
2023-11-12,123.125,38,0.2992125984251969,0.3543307086614173,0.3543307086614173,0.3464566929133858,0.15748031496062992,0.35170603674540674,0.3205849268841395,0.3984251968503937,2023-11-13,0.3464566929133858,44.0,141.83333333333334
2023-11-13,141.83333333333334,44,0.3464566929133858,0.2992125984251969,0.3543307086614173,0.3543307086614173,0.3700787401574803,0.33595800524934377,0.34083239595050613,0.39343832020997377,2023-11-14,0.36220472440944884,46.0,146.625
2023-11-14,146.625,46,0.36220472440944884,0.3464566929133858,0.2992125984251969,0.3543307086614173,0.25984251968503935,0.33333333333333326,0.33745781777277845,0.389501312335958,2023-11-15,0.25196850393700787,32.0,104.58333333333331
2023-11-15,104.58333333333331,32,0.25196850393700787,0.36220472440944884,0.3464566929133858,0.2992125984251969,0.4015748031496063,0.33595800524934377,0.35208098987626546,0.3855643044619423,2023-11-16,0.23622047244094488,30.0,99.79166666666669
2023-11-16,99.79166666666669,30,0.23622047244094488,0.25196850393700787,0.36220472440944884,0.3464566929133858,0.3464566929133858,0.3202099737532808,0.3307086614173228,0.37979002624671915,2023-11-17,0.25984251968503935,33.0,107.95833333333331
2023-11-17,107.95833333333331,33,0.25984251968503935,0.23622047244094488,0.25196850393700787,0.36220472440944884,0.3543307086614173,0.2834645669291338,0.31496062992125984,0.37086614173228344,2023-11-18,0.13385826771653545,17.0,61.04166666666666
2023-11-18,61.04166666666666,17,0.13385826771653545,0.25984251968503935,0.23622047244094488,0.25196850393700787,0.3543307086614173,0.2493438320209973,0.3014623172103487,0.36299212598425196,2023-11-19,0.2677165354330709,34.0,111.83333333333331
2023-11-19,111.83333333333331,34,0.2677165354330709,0.13385826771653545,0.25984251968503935,0.23622047244094488,0.2992125984251969,0.2099737532808398,0.26996625421822273,0.35118110236220473,2023-11-20,0.3464566929133858,44.0,140.58333333333334
2023-11-20,140.58333333333334,44,0.3464566929133858,0.2677165354330709,0.13385826771653545,0.25984251968503935,0.3464566929133858,0.22047244094488183,0.265466816647919,0.3464566929133858,2023-11-21,0.31496062992125984,40.0,129.875
2023-11-21,129.875,40,0.31496062992125984,0.3464566929133858,0.2677165354330709,0.13385826771653545,0.36220472440944884,0.2493438320209973,0.265466816647919,0.34409448818897637,2023-11-22,0.2677165354330709,34.0,112.33333333333331
2023-11-22,112.33333333333331,34,0.2677165354330709,0.31496062992125984,0.3464566929133858,0.2677165354330709,0.25196850393700787,0.3097112860892388,0.2587176602924634,0.34173228346456697,2023-11-23,0.05511811023622047,7.0,29.08333333333333
2023-11-23,29.08333333333333,7,0.05511811023622047,0.2677165354330709,0.31496062992125984,0.3464566929133858,0.23622047244094488,0.30971128608923876,0.2609673790776153,0.3362204724409449,2023-11-24,0.2755905511811024,35.0,113.75
2023-11-24,113.75,35,0.2755905511811024,0.05511811023622047,0.2677165354330709,0.31496062992125984,0.25984251968503935,0.21259842519685035,0.23509561304836898,0.32335958005249343,2023-11-25,0.25196850393700787,32.0,106.33333333333331
2023-11-25,106.33333333333331,32,0.25196850393700787,0.2755905511811024,0.05511811023622047,0.2677165354330709,0.13385826771653545,0.19947506561679784,0.23734533183352083,0.3251968503937007,2023-11-26,0.33858267716535434,43.0,138.25
2023-11-26,138.25,43,0.33858267716535434,0.25196850393700787,0.2755905511811024,0.05511811023622047,0.2677165354330709,0.19422572178477684,0.2542182227221597,0.3186351706036746,2023-11-27,0.33070866141732286,42.0,136.79166666666666
2023-11-27,136.79166666666666,42,0.33070866141732286,0.33858267716535434,0.25196850393700787,0.2755905511811024,0.3464566929133858,0.28871391076115477,0.2643419572553431,0.31469816272965884,2023-11-28,0.30708661417322836,39.0,126.5
2023-11-28,126.5,39,0.30708661417322836,0.33070866141732286,0.33858267716535434,0.25196850393700787,0.31496062992125984,0.3070866141732283,0.26209223847019125,0.3102362204724409,2023-11-29,0.2125984251968504,27.0,90.83333333333331
2023-11-29,90.83333333333331,27,0.2125984251968504,0.30708661417322836,0.33070866141732286,0.33858267716535434,0.2677165354330709,0.3254593175853018,0.2609673790776153,0.30524934383202107,2023-11-30,0.14960629921259844,19.0,65.54166666666667
2023-11-30,65.54166666666667,19,0.14960629921259844,0.2125984251968504,0.30708661417322836,0.33070866141732286,0.05511811023622047,0.2834645669291338,0.2530933633295838,0.29737532808398953,2023-12-01,0.1968503937007874,25.0,85.25
2023-12-01,85.25,25,0.1968503937007874,0.14960629921259844,0.2125984251968504,0.30708661417322836,0.2755905511811024,0.2230971128608923,0.26659167604049494,0.2887139107611549,2023-12-02,0.18110236220472442,23.0,78.25
2023-12-02,78.25,23,0.18110236220472442,0.1968503937007874,0.14960629921259844,0.2125984251968504,0.25196850393700787,0.18635170603674533,0.25534308211473566,0.2839895013123359,2023-12-03,0.14960629921259844,19.0,65.625
2023-12-03,65.625,19,0.14960629921259844,0.18110236220472442,0.1968503937007874,0.14960629921259844,0.33858267716535434,0.17585301837270337,0.2452193475815523,0.27926509186351706,2023-12-04,0.29133858267716534,37.0,121.0
2023-12-04,121.0,37,0.29133858267716534,0.14960629921259844,0.18110236220472442,0.1968503937007874,0.33070866141732286,0.17585301837270337,0.21822272215973007,0.27086614173228346,2023-12-05,0.25984251968503935,33.0,109.29166666666669
2023-12-05,109.29166666666669,33,0.25984251968503935,0.29133858267716534,0.14960629921259844,0.18110236220472442,0.30708661417322836,0.20734908136482932,0.2125984251968504,0.2690288713910761,2023-12-06,0.2755905511811024,35.0,115.41666666666669
2023-12-06,115.41666666666669,35,0.2755905511811024,0.25984251968503935,0.29133858267716534,0.14960629921259844,0.2125984251968504,0.2335958005249343,0.20584926884139484,0.27244094488188975,2023-12-07,0.1732283464566929,22.0,74.79166666666667
2023-12-07,74.79166666666667,22,0.1732283464566929,0.2755905511811024,0.25984251968503935,0.29133858267716534,0.14960629921259844,0.27559055118110226,0.21484814398200225,0.2692913385826772,2023-12-08,0.29133858267716534,37.0,121.625
2023-12-08,121.625,37,0.29133858267716534,0.1732283464566929,0.2755905511811024,0.25984251968503935,0.1968503937007874,0.2362204724409448,0.21822272215973007,0.2664041994750656,2023-12-09,0.2677165354330709,34.0,112.08333333333331
2023-12-09,112.08333333333331,34,0.2677165354330709,0.29133858267716534,0.1732283464566929,0.2755905511811024,0.18110236220472442,0.24671916010498682,0.23172103487064116,0.2627296587926509,2023-12-10,0.2047244094488189,26.0,88.25
2023-12-10,88.25,26,0.2047244094488189,0.2677165354330709,0.29133858267716534,0.1732283464566929,0.14960629921259844,0.2440944881889763,0.2440944881889764,0.2601049868766404,2023-12-11,0.2755905511811024,35.0,113.625
2023-12-11,113.625,35,0.2755905511811024,0.2047244094488189,0.2677165354330709,0.29133858267716534,0.29133858267716534,0.25459317585301827,0.25196850393700787,0.2551181102362205,2023-12-12,0.15748031496062992,20.0,67.375
2023-12-12,67.375,20,0.15748031496062992,0.2755905511811024,0.2047244094488189,0.2677165354330709,0.25984251968503935,0.24934383202099733,0.24971878515185603,0.25249343832021,2023-12-13,0.29133858267716534,37.0,120.33333333333331
2023-12-13,120.33333333333331,37,0.29133858267716534,0.15748031496062992,0.2755905511811024,0.2047244094488189,0.2755905511811024,0.21259842519685035,0.23509561304836896,0.2477690288713911,2023-12-14,0.2125984251968504,27.0,90.58333333333331
2023-12-14,90.58333333333331,27,0.2125984251968504,0.29133858267716534,0.15748031496062992,0.2755905511811024,0.1732283464566929,0.24146981627296582,0.23734533183352083,0.24593175853018373,2023-12-15,0.23622047244094488,30.0,98.70833333333331
2023-12-15,98.70833333333331,30,0.23622047244094488,0.2125984251968504,0.29133858267716534,0.15748031496062992,0.29133858267716534,0.22047244094488183,0.24296962879640044,0.2409448818897638,2023-12-16,0.28346456692913385,36.0,117.45833333333331
2023-12-16,117.45833333333331,36,0.28346456692913385,0.23622047244094488,0.2125984251968504,0.29133858267716534,0.2677165354330709,0.24671916010498682,0.23509561304836896,0.2404199475065617,2023-12-17,0.18110236220472442,23.0,76.95833333333333
2023-12-17,76.95833333333333,23,0.18110236220472442,0.28346456692913385,0.23622047244094488,0.2125984251968504,0.2047244094488189,0.2440944881889763,0.23734533183352083,0.241994750656168,2023-12-18,0.11023622047244094,14.0,50.875
2023-12-18,50.875,14,0.11023622047244094,0.18110236220472442,0.28346456692913385,0.23622047244094488,0.2755905511811024,0.2335958005249343,0.23397075365579303,0.2393700787401575,2023-12-19,0.12598425196850394,16.0,55.458333333333336
2023-12-19,55.458333333333336,16,0.12598425196850394,0.11023622047244094,0.18110236220472442,0.28346456692913385,0.15748031496062992,0.19160104986876636,0.21034870641169853,0.23858267716535433,2023-12-20,0.1732283464566929,22.0,74.625
2023-12-20,74.625,22,0.1732283464566929,0.12598425196850394,0.11023622047244094,0.18110236220472442,0.29133858267716534,0.13910761154855636,0.20584926884139484,0.23385826771653542,2023-12-21,0.2204724409448819,28.0,92.16666666666669
2023-12-21,92.16666666666669,28,0.2204724409448819,0.1732283464566929,0.12598425196850394,0.11023622047244094,0.2125984251968504,0.13648293963254585,0.18897637795275593,0.22808398950131234,2023-12-22,0.2755905511811024,35.0,113.41666666666669
2023-12-22,113.41666666666669,35,0.2755905511811024,0.2204724409448819,0.1732283464566929,0.12598425196850394,0.23622047244094488,0.17322834645669283,0.19010123734533185,0.2249343832020997,2023-12-23,0.15748031496062992,20.0,69.08333333333333
2023-12-23,69.08333333333333,20,0.15748031496062992,0.2755905511811024,0.2204724409448819,0.1732283464566929,0.28346456692913385,0.22309711286089232,0.19572553430821146,0.2251968503937008,2023-12-24,0.2047244094488189,26.0,86.08333333333333
2023-12-24,86.08333333333333,26,0.2047244094488189,0.15748031496062992,0.2755905511811024,0.2204724409448819,0.18110236220472442,0.2178477690288713,0.17772778402699663,0.22860892388451445,2023-12-25,0.23622047244094488,30.0,98.20833333333331
2023-12-25,98.20833333333331,30,0.23622047244094488,0.2047244094488189,0.15748031496062992,0.2755905511811024,0.11023622047244094,0.21259842519685032,0.1811023622047244,0.226246719160105,2023-12-26,0.25984251968503935,33.0,107.16666666666669
2023-12-26,107.16666666666669,33,0.25984251968503935,0.23622047244094488,0.2047244094488189,0.15748031496062992,0.12598425196850394,0.19947506561679784,0.19910011248593926,0.2257217847769029,2023-12-27,0.2125984251968504,27.0,90.54166666666669
2023-12-27,90.54166666666669,27,0.2125984251968504,0.25984251968503935,0.23622047244094488,0.2047244094488189,0.1732283464566929,0.2335958005249343,0.21822272215973001,0.2230971128608924,2023-12-28,0.23622047244094488,30.0,100.375
2023-12-28,100.375,30,0.23622047244094488,0.2125984251968504,0.25984251968503935,0.23622047244094488,0.2204724409448819,0.23622047244094482,0.22384701912260968,0.21916010498687663,2023-12-29,0.2283464566929134,29.0,97.625
2023-12-29,97.625,29,0.2283464566929134,0.23622047244094488,0.2125984251968504,0.25984251968503935,0.2755905511811024,0.2362204724409448,0.22609673790776155,0.2167979002624672,2023-12-30,0.11023622047244094,14.0,49.708333333333336
2023-12-30,49.708333333333336,14,0.11023622047244094,0.2283464566929134,0.23622047244094488,0.2125984251968504,0.15748031496062992,0.22572178477690283,0.21934758155230596,0.2173228346456693,2023-12-31,0.2125984251968504,27.0,91.08333333333331
2023-12-31,91.08333333333331,27,0.2125984251968504,0.11023622047244094,0.2283464566929134,0.23622047244094488,0.2047244094488189,0.19160104986876633,0.21259842519685038,0.21601049868766403,2024-01-01,0.29133858267716534,37.0,119.91666666666669
2024-01-01,119.91666666666669,37,0.29133858267716534,0.2125984251968504,0.11023622047244094,0.2283464566929134,0.23622047244094488,0.18372703412073485,0.21372328458942633,0.21653543307086617,2024-01-02,0.11811023622047244,15.0,52.333333333333336
2024-01-02,52.333333333333336,15,0.11811023622047244,0.29133858267716534,0.2125984251968504,0.11023622047244094,0.25984251968503935,0.20472440944881884,0.2215973003374578,0.22020997375328083,2024-01-03,0.16535433070866143,21.0,71.875
2024-01-03,71.875,21,0.16535433070866143,0.11811023622047244,0.29133858267716534,0.2125984251968504,0.2125984251968504,0.2073490813648293,0.2013498312710911,0.21916010498687663,2024-01-04,0.2755905511811024,35.0,114.41666666666669
2024-01-04,114.41666666666669,35,0.2755905511811024,0.16535433070866143,0.11811023622047244,0.29133858267716534,0.23622047244094488,0.19160104986876633,0.19460067491563554,0.21496062992125983,2024-01-05,0.2992125984251969,38.0,124.0
2024-01-05,124.0,38,0.2992125984251969,0.2755905511811024,0.16535433070866143,0.11811023622047244,0.2283464566929134,0.1863517060367453,0.20022497187851518,0.21548556430446195,2024-01-06,0.08661417322834646,11.0,41.5
2024-01-06,41.5,11,0.08661417322834646,0.2992125984251969,0.2755905511811024,0.16535433070866143,0.11023622047244094,0.24671916010498682,0.21034870641169853,0.2162729658792651,2024-01-07,0.25196850393700787,32.0,104.20833333333331
2024-01-07,104.20833333333331,32,0.25196850393700787,0.08661417322834646,0.2992125984251969,0.2755905511811024,0.2125984251968504,0.22047244094488183,0.20697412823397077,0.21338582677165355,2024-01-08,0.16535433070866143,21.0,70.54166666666667
2024-01-08,70.54166666666667,21,0.16535433070866143,0.25196850393700787,0.08661417322834646,0.2992125984251969,0.29133858267716534,0.21259842519685032,0.2125984251968504,0.2120734908136483,2024-01-09,0.28346456692913385,36.0,116.79166666666669
2024-01-09,116.79166666666669,36,0.28346456692913385,0.16535433070866143,0.25196850393700787,0.08661417322834646,0.11811023622047244,0.16797900262467183,0.19460067491563557,0.20866141732283466,2024-01-10,0.23622047244094488,30.0,100.0
2024-01-10,100.0,30,0.23622047244094488,0.28346456692913385,0.16535433070866143,0.25196850393700787,0.16535433070866143,0.23359580052493426,0.21822272215973007,0.21128608923884512,2024-01-11,0.18110236220472442,23.0,76.41666666666667
2024-01-11,76.41666666666667,23,0.18110236220472442,0.23622047244094488,0.28346456692913385,0.16535433070866143,0.2755905511811024,0.22834645669291329,0.2283464566929134,0.20997375328083992,2024-01-12,0.09448818897637795,12.0,43.333333333333336
2024-01-12,43.333333333333336,12,0.09448818897637795,0.18110236220472442,0.23622047244094488,0.28346456692913385,0.2992125984251969,0.23359580052493426,0.21484814398200225,0.21076115485564303,2024-01-13,0.08661417322834646,11.0,40.5
2024-01-13,40.5,11,0.08661417322834646,0.09448818897637795,0.18110236220472442,0.23622047244094488,0.08661417322834646,0.17060367454068234,0.18560179977502814,0.2041994750656168,2024-01-14,0.18110236220472442,23.0,79.20833333333333
2024-01-14,79.20833333333333,23,0.18110236220472442,0.08661417322834646,0.09448818897637795,0.18110236220472442,0.25196850393700787,0.12073490813648284,0.18560179977502814,0.2,2024-01-15,0.3228346456692913,41.0,133.45833333333334
2024-01-15,133.45833333333334,41,0.3228346456692913,0.18110236220472442,0.08661417322834646,0.09448818897637795,0.16535433070866143,0.12073490813648284,0.17547806524184478,0.19816272965879264,2024-01-16,0.16535433070866143,21.0,71.04166666666667
2024-01-16,71.04166666666667,21,0.16535433070866143,0.3228346456692913,0.18110236220472442,0.08661417322834646,0.28346456692913385,0.19685039370078727,0.19797525309336333,0.1994750656167979,2024-01-17,0.3228346456692913,41.0,131.91666666666666
2024-01-17,131.91666666666666,41,0.3228346456692913,0.16535433070866143,0.3228346456692913,0.18110236220472442,0.23622047244094488,0.2230971128608923,0.1811023622047244,0.1989501312335958,2024-01-18,0.23622047244094488,30.0,99.25
2024-01-18,99.25,30,0.23622047244094488,0.3228346456692913,0.16535433070866143,0.3228346456692913,0.18110236220472442,0.27034120734908124,0.1934758155230596,0.20603674540682418,2024-01-19,0.1968503937007874,25.0,84.29166666666667
2024-01-19,84.29166666666667,25,0.1968503937007874,0.23622047244094488,0.3228346456692913,0.16535433070866143,0.09448818897637795,0.24146981627296574,0.2013498312710911,0.20971128608923886,2024-01-20,0.2283464566929134,29.0,96.83333333333331
2024-01-20,96.83333333333331,29,0.2283464566929134,0.1968503937007874,0.23622047244094488,0.3228346456692913,0.08661417322834646,0.2519685039370077,0.21597300337457817,0.21049868766404198,2024-01-21,0.2283464566929134,29.0,96.375
2024-01-21,96.375,29,0.2283464566929134,0.2283464566929134,0.1968503937007874,0.23622047244094488,0.18110236220472442,0.22047244094488175,0.23622047244094488,0.21076115485564306,2024-01-22,0.14173228346456693,18.0,63.375
2024-01-22,63.375,18,0.14173228346456693,0.2283464566929134,0.2283464566929134,0.1968503937007874,0.3228346456692913,0.21784776902887126,0.24296962879640047,0.20918635170603672,2024-01-23,0.28346456692913385,36.0,118.375
2024-01-23,118.375,36,0.28346456692913385,0.14173228346456693,0.2283464566929134,0.2283464566929134,0.16535433070866143,0.19947506561679776,0.2170978627671541,0.20866141732283466,2024-01-24,0.1889763779527559,24.0,80.875
2024-01-24,80.875,24,0.1889763779527559,0.28346456692913385,0.14173228346456693,0.2283464566929134,0.3228346456692913,0.21784776902887126,0.23397075365579303,0.21128608923884512,2024-01-25,0.2992125984251969,38.0,124.25
2024-01-25,124.25,38,0.2992125984251969,0.1889763779527559,0.28346456692913385,0.14173228346456693,0.23622047244094488,0.20472440944881876,0.21484814398200225,0.20971128608923886,2024-01-26,0.14960629921259844,19.0,66.66666666666667
2024-01-26,66.66666666666667,19,0.14960629921259844,0.2992125984251969,0.1889763779527559,0.28346456692913385,0.1968503937007874,0.2572178477690288,0.22384701912260968,0.21102362204724406,2024-01-27,0.2677165354330709,34.0,110.04166666666669
2024-01-27,110.04166666666669,34,0.2677165354330709,0.14960629921259844,0.2992125984251969,0.1889763779527559,0.2283464566929134,0.21259842519685027,0.2170978627671541,0.20892388451443572,2024-01-28,0.2755905511811024,35.0,113.25
2024-01-28,113.25,35,0.2755905511811024,0.2677165354330709,0.14960629921259844,0.2992125984251969,0.2283464566929134,0.23884514435695525,0.22272215973003373,0.20997375328083992,2024-01-29,0.36220472440944884,46.0,149.0
2024-01-29,149.0,46,0.36220472440944884,0.2755905511811024,0.2677165354330709,0.14960629921259844,0.14173228346456693,0.23097112860892377,0.22947131608548932,0.2115485564304462,2024-01-30,0.28346456692913385,36.0,118.91666666666669
2024-01-30,118.91666666666669,36,0.28346456692913385,0.36220472440944884,0.2755905511811024,0.2677165354330709,0.28346456692913385,0.3018372703412073,0.2609673790776153,0.21994750656167977,2024-01-31,0.2125984251968504,27.0,88.625
2024-01-31,88.625,27,0.2125984251968504,0.28346456692913385,0.36220472440944884,0.2755905511811024,0.1889763779527559,0.30708661417322825,0.2609673790776153,0.22230971128608923,2024-02-01,0.2125984251968504,27.0,89.66666666666667
2024-02-01,89.66666666666667,27,0.2125984251968504,0.2125984251968504,0.28346456692913385,0.36220472440944884,0.2992125984251969,0.28608923884514426,0.2643419572553431,0.21968503937007874,2024-02-02,0.2677165354330709,34.0,111.91666666666669
2024-02-02,111.91666666666669,34,0.2677165354330709,0.2125984251968504,0.2125984251968504,0.28346456692913385,0.14960629921259844,0.23622047244094477,0.25196850393700787,0.22283464566929137,2024-02-03,0.3464566929133858,44.0,142.0
2024-02-03,142.0,44,0.3464566929133858,0.2677165354330709,0.2125984251968504,0.2125984251968504,0.2677165354330709,0.23097112860892377,0.26884139482564684,0.22624671916010497,2024-02-04,0.047244094488188976,6.0,27.041666666666668
2024-02-04,27.041666666666668,6,0.047244094488188976,0.3464566929133858,0.2677165354330709,0.2125984251968504,0.2755905511811024,0.27559055118110226,0.28008998875140606,0.22860892388451445,2024-02-05,0.30708661417322836,39.0,127.16666666666669
2024-02-05,127.16666666666669,39,0.30708661417322836,0.047244094488188976,0.3464566929133858,0.2677165354330709,0.36220472440944884,0.22047244094488175,0.24746906636670415,0.22020997375328083,2024-02-06,0.14960629921259844,19.0,64.54166666666667
2024-02-06,64.54166666666667,19,0.14960629921259844,0.30708661417322836,0.047244094488188976,0.3464566929133858,0.28346456692913385,0.23359580052493426,0.23959505061867267,0.22755905511811025,2024-02-07,0.2125984251968504,27.0,89.25
2024-02-07,89.25,27,0.2125984251968504,0.14960629921259844,0.30708661417322836,0.047244094488188976,0.2125984251968504,0.1679790026246718,0.22047244094488191,0.22414698162729657,2024-02-08,0.3228346456692913,41.0,133.625
2024-02-08,133.625,41,0.3228346456692913,0.2125984251968504,0.14960629921259844,0.30708661417322836,0.2125984251968504,0.2230971128608923,0.2204724409448819,0.2257217847769029,2024-02-09,0.2440944881889764,31.0,102.0
2024-02-09,102.0,31,0.2440944881889764,0.3228346456692913,0.2125984251968504,0.14960629921259844,0.2677165354330709,0.22834645669291329,0.23622047244094488,0.22703412073490814,2024-02-10,0.4409448818897638,56.0,177.375
2024-02-10,177.375,56,0.4409448818897638,0.2440944881889764,0.3228346456692913,0.2125984251968504,0.3464566929133858,0.2598425196850393,0.23284589426321708,0.2272965879265092,2024-02-11,0.3700787401574803,47.0,152.16666666666666
2024-02-11,152.16666666666666,47,0.3700787401574803,0.4409448818897638,0.2440944881889764,0.3228346456692913,0.047244094488188976,0.33595800524934366,0.24634420697412823,0.23595800524934385,2024-02-12,0.3858267716535433,49.0,155.58333333333334
2024-02-12,155.58333333333334,49,0.3858267716535433,0.3700787401574803,0.4409448818897638,0.2440944881889764,0.30708661417322836,0.35170603674540674,0.2924634420697413,0.24514435695538056,2024-02-13,0.18110236220472442,23.0,78.08333333333333
2024-02-13,78.08333333333333,23,0.18110236220472442,0.3858267716535433,0.3700787401574803,0.4409448818897638,0.14960629921259844,0.3989501312335957,0.3037120359955006,0.25511811023622044,2024-02-14,0.2440944881889764,31.0,103.375
2024-02-14,103.375,31,0.2440944881889764,0.18110236220472442,0.3858267716535433,0.3700787401574803,0.2125984251968504,0.3123359580052492,0.30821147356580425,0.2551181102362205,2024-02-15,0.28346456692913385,36.0,118.875
2024-02-15,118.875,36,0.28346456692913385,0.2440944881889764,0.18110236220472442,0.3858267716535433,0.3228346456692913,0.27034120734908124,0.31271091113610794,0.25249343832021,2024-02-16,0.2125984251968504,27.0,89.33333333333333
2024-02-16,89.33333333333333,27,0.2125984251968504,0.28346456692913385,0.2440944881889764,0.18110236220472442,0.2440944881889764,0.23622047244094477,0.30708661417322836,0.2564304461942257,2024-02-17,0.13385826771653545,17.0,58.333333333333336
2024-02-17,58.333333333333336,17,0.13385826771653545,0.2125984251968504,0.28346456692913385,0.2440944881889764,0.4409448818897638,0.24671916010498673,0.3025871766029246,0.25275590551181104,2024-02-18,0.4409448818897638,56.0,177.08333333333334
2024-02-18,177.08333333333334,56,0.4409448818897638,0.13385826771653545,0.2125984251968504,0.28346456692913385,0.3700787401574803,0.20997375328083978,0.2587176602924634,0.24934383202099739,2024-02-19,0.47244094488188976,60.0,189.125
2024-02-19,189.125,60,0.47244094488188976,0.4409448818897638,0.13385826771653545,0.2125984251968504,0.3858267716535433,0.26246719160104975,0.26884139482564684,0.2574803149606299,2024-02-20,0.4251968503937008,54.0,171.375
2024-02-20,171.375,54,0.4251968503937008,0.47244094488188976,0.4409448818897638,0.13385826771653545,0.18110236220472442,0.34908136482939617,0.28121484814398195,0.2656167979002625,2024-02-21,0.4251968503937008,54.0,171.79166666666666
2024-02-21,171.79166666666666,54,0.4251968503937008,0.4251968503937008,0.47244094488188976,0.4409448818897638,0.2440944881889764,0.44619422572178463,0.3160854893138358,0.2721784776902887,2024-02-22,0.49606299212598426,63.0,200.33333333333331
2024-02-22,200.33333333333331,63,0.49606299212598426,0.4251968503937008,0.4251968503937008,0.47244094488188976,0.28346456692913385,0.44094488188976366,0.34195725534308213,0.28162729658792657,2024-02-23,0.4251968503937008,54.0,171.125
2024-02-23,171.125,54,0.4251968503937008,0.49606299212598426,0.4251968503937008,0.4251968503937008,0.2125984251968504,0.44881889763779514,0.3723284589426322,0.2887139107611548,2024-02-24,0.5039370078740157,64.0,203.0
2024-02-24,203.0,64,0.5039370078740157,0.4251968503937008,0.49606299212598426,0.4251968503937008,0.13385826771653545,0.4488188976377952,0.4026996625421822,0.29658792650918636,2024-02-25,0.49606299212598426,63.0,199.75
2024-02-25,199.75,63,0.49606299212598426,0.5039370078740157,0.4251968503937008,0.49606299212598426,0.4409448818897638,0.47506561679790016,0.4555680539932508,0.3034120734908136,2024-02-26,0.3700787401574803,47.0,150.95833333333334
2024-02-26,150.95833333333334,47,0.3700787401574803,0.49606299212598426,0.5039370078740157,0.4251968503937008,0.47244094488188976,0.47506561679790016,0.4634420697412824,0.3149606299212599,2024-02-27,0.5118110236220472,65.0,206.875
2024-02-27,206.875,65,0.5118110236220472,0.3700787401574803,0.49606299212598426,0.5039370078740157,0.4251968503937008,0.4566929133858267,0.4488188976377953,0.31837270341207347,2024-02-28,0.49606299212598426,63.0,199.875
2024-02-28,199.875,63,0.49606299212598426,0.5118110236220472,0.3700787401574803,0.49606299212598426,0.4251968503937008,0.4593175853018372,0.4611923509561305,0.326246719160105,2024-02-29,0.49606299212598426,63.0,200.375
2024-02-29,200.375,63,0.49606299212598426,0.49606299212598426,0.5118110236220472,0.3700787401574803,0.49606299212598426,0.4593175853018372,0.4713160854893138,0.33070866141732286,2024-03-01,0.14960629921259844,19.0,66.70833333333333
2024-03-01,66.70833333333333,19,0.14960629921259844,0.49606299212598426,0.49606299212598426,0.5118110236220472,0.4251968503937008,0.5013123359580051,0.4713160854893138,0.3377952755905512,2024-03-02,0.11023622047244094,14.0,49.833333333333336
2024-03-02,49.833333333333336,14,0.11023622047244094,0.14960629921259844,0.49606299212598426,0.49606299212598426,0.5039370078740157,0.3805774278215222,0.4319460067491564,0.33569553805774277,2024-03-03,0.11811023622047244,15.0,52.375
2024-03-03,52.375,15,0.11811023622047244,0.11023622047244094,0.14960629921259844,0.49606299212598426,0.49606299212598426,0.25196850393700776,0.3757030371203599,0.33228346456692914,2024-03-04,0.2204724409448819,28.0,92.375
2024-03-04,92.375,28,0.2204724409448819,0.11811023622047244,0.11023622047244094,0.14960629921259844,0.3700787401574803,0.12598425196850382,0.3217097862767154,0.3272965879265092,2024-03-05,0.3937007874015748,50.0,160.16666666666666
2024-03-05,160.16666666666666,50,0.3937007874015748,0.2204724409448819,0.11811023622047244,0.11023622047244094,0.5118110236220472,0.1496062992125983,0.30033745781777277,0.3230971128608923,2024-03-06,0.4566929133858268,58.0,183.20833333333331
2024-03-06,183.20833333333331,58,0.4566929133858268,0.3937007874015748,0.2204724409448819,0.11811023622047244,0.49606299212598426,0.24409448818897625,0.28346456692913385,0.3346456692913386,2024-03-07,0.1732283464566929,22.0,74.875
2024-03-07,74.875,22,0.1732283464566929,0.4566929133858268,0.3937007874015748,0.2204724409448819,0.49606299212598426,0.3569553805774277,0.2778402699662542,0.3396325459317585,2024-03-08,0.6062992125984252,77.0,243.625
2024-03-08,243.625,77,0.6062992125984252,0.1732283464566929,0.4566929133858268,0.3937007874015748,0.14960629921259844,0.34120734908136474,0.23172103487064116,0.3404199475065617,2024-03-09,0.41732283464566927,53.0,169.79166666666666
2024-03-09,169.79166666666666,53,0.41732283464566927,0.6062992125984252,0.1732283464566929,0.4566929133858268,0.11023622047244094,0.41207349081364825,0.296962879640045,0.3535433070866142,2024-03-10,0.4330708661417323,55.0,174.58333333333334
2024-03-10,174.58333333333334,55,0.4330708661417323,0.41732283464566927,0.6062992125984252,0.1732283464566929,0.11811023622047244,0.3989501312335957,0.34083239595050624,0.3566929133858267,2024-03-11,0.5118110236220472,65.0,205.875
2024-03-11,205.875,65,0.5118110236220472,0.4330708661417323,0.41732283464566927,0.6062992125984252,0.2204724409448819,0.4855643044619422,0.38582677165354323,0.36299212598425196,2024-03-12,0.5196850393700787,66.0,207.54166666666663
2024-03-12,207.54166666666663,66,0.5196850393700787,0.5118110236220472,0.4330708661417323,0.41732283464566927,0.3937007874015748,0.4540682414698162,0.42744656917885265,0.3653543307086614,2024-03-13,0.5826771653543307,74.0,232.75
2024-03-13,232.75,74,0.5826771653543307,0.5196850393700787,0.5118110236220472,0.4330708661417323,0.4566929133858268,0.4881889763779526,0.44544431946006746,0.3703412073490814,2024-03-14,0.5984251968503937,76.0,238.875
2024-03-14,238.875,76,0.5984251968503937,0.5826771653543307,0.5196850393700787,0.5118110236220472,0.1732283464566929,0.5380577427821521,0.4634420697412823,0.3769028871391076,2024-03-15,0.6062992125984252,77.0,243.33333333333331
2024-03-15,243.33333333333331,77,0.6062992125984252,0.5984251968503937,0.5826771653543307,0.5196850393700787,0.6062992125984252,0.5669291338582676,0.5241844769403824,0.39081364829396326,2024-03-16,0.6377952755905512,81.0,255.375
2024-03-16,255.375,81,0.6377952755905512,0.6062992125984252,0.5984251968503937,0.5826771653543307,0.41732283464566927,0.5958005249343831,0.5241844769403825,0.4028871391076116,2024-03-17,0.6456692913385826,82.0,256.5833333333333
2024-03-17,256.5833333333333,82,0.6456692913385826,0.6377952755905512,0.6062992125984252,0.5984251968503937,0.4330708661417323,0.6141732283464566,0.5556805399325084,0.41469816272965876,2024-03-18,0.6456692913385826,82.0,258.4583333333333
2024-03-18,258.4583333333333,82,0.6456692913385826,0.6456692913385826,0.6377952755905512,0.6062992125984252,0.5118110236220472,0.6299212598425196,0.5860517435320585,0.42913385826771655,2024-03-19,0.6614173228346457,84.0,262.7083333333333
2024-03-19,262.7083333333333,84,0.6614173228346457,0.6456692913385826,0.6456692913385826,0.6377952755905512,0.5196850393700787,0.643044619422572,0.6051743532058493,0.4461942257217848,2024-03-20,0.6692913385826772,85.0,265.25
2024-03-20,265.25,85,0.6692913385826772,0.6614173228346457,0.6456692913385826,0.6456692913385826,0.5826771653543307,0.6509186351706036,0.625421822272216,0.4535433070866141,2024-03-21,0.6692913385826772,85.0,266.5
2024-03-21,266.5,85,0.6692913385826772,0.6692913385826772,0.6614173228346457,0.6456692913385826,0.5984251968503937,0.6587926509186351,0.6377952755905512,0.4601049868766404,2024-03-22,0.5984251968503937,76.0,238.66666666666663
2024-03-22,238.66666666666663,76,0.5984251968503937,0.6692913385826772,0.6692913385826772,0.6614173228346457,0.6062992125984252,0.6666666666666666,0.6479190101237345,0.468241469816273,2024-03-23,0.5826771653543307,74.0,231.79166666666663
2024-03-23,231.79166666666663,74,0.5826771653543307,0.5984251968503937,0.6692913385826772,0.6692913385826772,0.6377952755905512,0.6456692913385825,0.6467941507311586,0.47401574803149604,2024-03-24,0.4094488188976378,52.0,165.25
2024-03-24,165.25,52,0.4094488188976378,0.5826771653543307,0.5984251968503937,0.6692913385826772,0.6456692913385826,0.6167979002624671,0.6389201349831272,0.47690288713910767,2024-03-25,0.5669291338582677,72.0,226.66666666666663
2024-03-25,226.66666666666663,72,0.5669291338582677,0.4094488188976378,0.5826771653543307,0.5984251968503937,0.6456692913385826,0.5301837270341206,0.6051743532058492,0.4763779527559055,2024-03-26,0.5748031496062992,73.0,230.08333333333331
2024-03-26,230.08333333333331,73,0.5748031496062992,0.5669291338582677,0.4094488188976378,0.5826771653543307,0.6614173228346457,0.5196850393700786,0.59392575928009,0.47847769028871395,2024-03-27,0.49606299212598426,63.0,198.16666666666663
2024-03-27,198.16666666666663,63,0.49606299212598426,0.5748031496062992,0.5669291338582677,0.4094488188976378,0.6692913385826772,0.5170603674540681,0.5815523059617548,0.4811023622047244,2024-03-28,0.6456692913385826,82.0,257.7083333333333
2024-03-28,257.7083333333333,82,0.6456692913385826,0.49606299212598426,0.5748031496062992,0.5669291338582677,0.6692913385826772,0.5459317585301836,0.5568053993250843,0.4853018372703412,2024-03-29,0.4251968503937008,54.0,171.0
2024-03-29,171.0,54,0.4251968503937008,0.6456692913385826,0.49606299212598426,0.5748031496062992,0.5984251968503937,0.5721784776902886,0.5534308211473565,0.489763779527559,2024-03-30,0.1889763779527559,24.0,81.54166666666667
2024-03-30,81.54166666666667,24,0.1889763779527559,0.4251968503937008,0.6456692913385826,0.49606299212598426,0.5826771653543307,0.5223097112860892,0.5286839145106861,0.4874015748031496,2024-03-31,0.5275590551181102,67.0,212.08333333333331
2024-03-31,212.08333333333331,67,0.5275590551181102,0.1889763779527559,0.4251968503937008,0.6456692913385826,0.4094488188976378,0.41994750656167973,0.47244094488188976,0.47716535433070867,2024-04-01,0.7401574803149606,94.0,293.9583333333333
2024-04-01,293.9583333333333,94,0.7401574803149606,0.5275590551181102,0.1889763779527559,0.4251968503937008,0.5669291338582677,0.3805774278215222,0.4893138357705286,0.48976377952755906,2024-04-02,0.7480314960629921,95.0,296.3333333333333
2024-04-02,296.3333333333333,95,0.7480314960629921,0.7401574803149606,0.5275590551181102,0.1889763779527559,0.5748031496062992,0.48556430446194215,0.5140607424071991,0.510761154855643,2024-04-03,0.7086614173228346,90.0,281.375
2024-04-03,281.375,90,0.7086614173228346,0.7480314960629921,0.7401574803149606,0.5275590551181102,0.49606299212598426,0.6719160104986875,0.5388076490438695,0.531758530183727,2024-04-04,0.1889763779527559,24.0,79.91666666666667
2024-04-04,79.91666666666667,24,0.1889763779527559,0.7086614173228346,0.7480314960629921,0.7401574803149606,0.6456692913385826,0.732283464566929,0.5691788526434196,0.5480314960629921,2024-04-05,0.41732283464566927,53.0,170.20833333333334
2024-04-05,170.20833333333334,53,0.41732283464566927,0.1889763779527559,0.7086614173228346,0.7480314960629921,0.4251968503937008,0.5485564304461941,0.5039370078740157,0.5412073490813648,2024-04-06,0.6850393700787402,87.0,271.4583333333333
2024-04-06,271.4583333333333,87,0.6850393700787402,0.41732283464566927,0.1889763779527559,0.7086614173228346,0.1889763779527559,0.43832020997375315,0.5028121484814397,0.5398950131233596,2024-04-07,0.5433070866141733,69.0,217.79166666666663
2024-04-07,217.79166666666663,69,0.5433070866141733,0.6850393700787402,0.41732283464566927,0.1889763779527559,0.5275590551181102,0.4304461942257216,0.5736782902137233,0.5569553805774279,2024-04-08,0.7716535433070866,98.0,305.5833333333333
2024-04-08,305.5833333333333,98,0.7716535433070866,0.5433070866141733,0.6850393700787402,0.41732283464566927,0.7401574803149606,0.5485564304461941,0.5759280089988751,0.5548556430446194,2024-04-09,0.7716535433070866,98.0,305.25
2024-04-09,305.25,98,0.7716535433070866,0.7716535433070866,0.5433070866141733,0.6850393700787402,0.7480314960629921,0.6666666666666665,0.5804274465691789,0.5666666666666667,2024-04-10,0.7086614173228346,90.0,281.375
2024-04-10,281.375,90,0.7086614173228346,0.7716535433070866,0.7716535433070866,0.5433070866141733,0.7086614173228346,0.6955380577427821,0.5838020247469066,0.5779527559055119,2024-04-11,0.7795275590551181,99.0,308.625
2024-04-11,308.625,99,0.7795275590551181,0.7086614173228346,0.7716535433070866,0.7716535433070866,0.1889763779527559,0.7506561679790025,0.5838020247469066,0.5845144356955381,2024-04-12,0.6929133858267716,88.0,275.2083333333333
2024-04-12,275.2083333333333,88,0.6929133858267716,0.7795275590551181,0.7086614173228346,0.7716535433070866,0.41732283464566927,0.7532808398950129,0.6681664791901012,0.5931758530183727,2024-04-13,0.5275590551181102,67.0,211.5
2024-04-13,211.5,67,0.5275590551181102,0.6929133858267716,0.7795275590551181,0.7086614173228346,0.6850393700787402,0.727034120734908,0.7075365579302586,0.5968503937007874,2024-04-14,0.5748031496062992,73.0,230.04166666666663
2024-04-14,230.04166666666663,73,0.5748031496062992,0.5275590551181102,0.6929133858267716,0.7795275590551181,0.5433070866141733,0.6666666666666665,0.68503937007874,0.5944881889763779,2024-04-15,0.7480314960629921,95.0,298.2916666666667
2024-04-15,298.2916666666667,95,0.7480314960629921,0.5748031496062992,0.5275590551181102,0.6929133858267716,0.7716535433070866,0.5984251968503935,0.689538807649044,0.5934383202099737,2024-04-16,0.7322834645669292,93.0,290.625
2024-04-16,290.625,93,0.7322834645669292,0.7480314960629921,0.5748031496062992,0.5275590551181102,0.7716535433070866,0.616797900262467,0.6861642294713161,0.5971128608923884,2024-04-17,0.7559055118110236,96.0,300.0833333333333
2024-04-17,300.0833333333333,96,0.7559055118110236,0.7322834645669292,0.7480314960629921,0.5748031496062992,0.7086614173228346,0.6850393700787399,0.6805399325084365,0.6,2024-04-18,0.8110236220472441,103.0,321.8333333333333
2024-04-18,321.8333333333333,103,0.8110236220472441,0.7559055118110236,0.7322834645669292,0.7480314960629921,0.7795275590551181,0.7454068241469815,0.687289088863892,0.6036745406824147,2024-04-19,0.7716535433070866,98.0,307.4166666666667
2024-04-19,307.4166666666667,98,0.7716535433070866,0.8110236220472441,0.7559055118110236,0.7322834645669292,0.6929133858267716,0.7664041994750654,0.6917885264341957,0.6086614173228345,2024-04-20,0.7874015748031497,100.0,313.25
2024-04-20,313.25,100,0.7874015748031497,0.7716535433070866,0.8110236220472441,0.7559055118110236,0.5275590551181102,0.779527559055118,0.703037120359955,0.6120734908136484,2024-04-21,0.8267716535433071,105.0,327.9166666666667
2024-04-21,327.9166666666667,105,0.8267716535433071,0.7874015748031497,0.7716535433070866,0.8110236220472441,0.5748031496062992,0.79002624671916,0.7401574803149608,0.6160104986876641,2024-04-22,0.7401574803149606,94.0,293.1666666666667
2024-04-22,293.1666666666667,94,0.7401574803149606,0.8267716535433071,0.7874015748031497,0.7716535433070866,0.7480314960629921,0.795275590551181,0.7761529808773904,0.6236220472440944,2024-04-23,0.4645669291338583,59.0,186.79166666666663
2024-04-23,186.79166666666663,59,0.4645669291338583,0.7401574803149606,0.8267716535433071,0.7874015748031497,0.7322834645669292,0.7847769028871391,0.7750281214848144,0.6288713910761154,2024-04-24,0.7874015748031497,100.0,310.9583333333333
2024-04-24,310.9583333333333,100,0.7874015748031497,0.4645669291338583,0.7401574803149606,0.8267716535433071,0.7559055118110236,0.6771653543307085,0.736782902137233,0.6307086614173228,2024-04-25,0.6850393700787402,87.0,273.0833333333333
2024-04-25,273.0833333333333,87,0.6850393700787402,0.7874015748031497,0.4645669291338583,0.7401574803149606,0.8110236220472441,0.6640419947506561,0.7412823397075365,0.6380577427821522,2024-04-26,0.6535433070866141,83.0,261.9583333333333
2024-04-26,261.9583333333333,83,0.6535433070866141,0.6850393700787402,0.7874015748031497,0.4645669291338583,0.7716535433070866,0.6456692913385825,0.7232845894263217,0.6417322834645669,2024-04-27,0.8267716535433071,105.0,328.7916666666667
2024-04-27,328.7916666666667,105,0.8267716535433071,0.6535433070866141,0.6850393700787402,0.7874015748031497,0.7874015748031497,0.7086614173228346,0.7064116985376828,0.6469816272965879,2024-04-28,0.8031496062992126,102.0,319.5833333333333
2024-04-28,319.5833333333333,102,0.8031496062992126,0.8267716535433071,0.6535433070866141,0.6850393700787402,0.8267716535433071,0.721784776902887,0.7120359955005624,0.6530183727034121,2024-04-29,0.8818897637795275,112.0,347.8333333333333
2024-04-29,347.8333333333333,112,0.8818897637795275,0.8031496062992126,0.8267716535433071,0.6535433070866141,0.7401574803149606,0.7611548556430444,0.7086614173228346,0.6656167979002625,2024-04-30,0.8661417322834646,110.0,343.5833333333333
2024-04-30,343.5833333333333,110,0.8661417322834646,0.8818897637795275,0.8031496062992126,0.8267716535433071,0.4645669291338583,0.8372703412073489,0.7289088863892014,0.6887139107611548,2024-05-01,0.8818897637795275,112.0,348.8333333333333
2024-05-01,348.8333333333333,112,0.8818897637795275,0.8661417322834646,0.8818897637795275,0.8031496062992126,0.7874015748031497,0.8503937007874014,0.7862767154105736,0.7,2024-05-02,0.7952755905511811,101.0,314.4583333333333
2024-05-02,314.4583333333333,101,0.7952755905511811,0.8818897637795275,0.8661417322834646,0.8818897637795275,0.6850393700787402,0.8766404199475065,0.7997750281214849,0.7047244094488189,2024-05-03,0.8503937007874016,108.0,335.0833333333333
2024-05-03,335.0833333333333,108,0.8503937007874016,0.7952755905511811,0.8818897637795275,0.8661417322834646,0.6535433070866141,0.8477690288713909,0.8155230596175478,0.7062992125984252,2024-05-04,0.5748031496062992,73.0,230.08333333333331
2024-05-04,230.08333333333331,73,0.5748031496062992,0.8503937007874016,0.7952755905511811,0.8818897637795275,0.8267716535433071,0.84251968503937,0.843644544431946,0.7110236220472441,2024-05-05,0.6220472440944882,79.0,248.41666666666663
2024-05-05,248.41666666666663,79,0.6220472440944882,0.5748031496062992,0.8503937007874016,0.7952755905511811,0.8031496062992126,0.7401574803149605,0.8076490438695163,0.7238845144356956,2024-05-06,0.8976377952755905,114.0,353.5833333333333
2024-05-06,353.5833333333333,114,0.8976377952755905,0.6220472440944882,0.5748031496062992,0.8503937007874016,0.8818897637795275,0.6824146981627295,0.78177727784027,0.7307086614173228,2024-05-07,0.905511811023622,115.0,358.25
2024-05-07,358.25,115,0.905511811023622,0.8976377952755905,0.6220472440944882,0.5748031496062992,0.8661417322834646,0.6981627296587924,0.7840269966254219,0.7377952755905512,2024-05-08,0.9133858267716536,116.0,360.125
2024-05-08,360.125,116,0.9133858267716536,0.905511811023622,0.8976377952755905,0.6220472440944882,0.8818897637795275,0.8083989501312335,0.7896512935883014,0.7498687664041995,2024-05-09,0.889763779527559,113.0,351.125
2024-05-09,351.125,113,0.889763779527559,0.9133858267716536,0.905511811023622,0.8976377952755905,0.7952755905511811,0.9055118110236219,0.7941507311586051,0.7545931758530183,2024-05-10,0.8740157480314961,111.0,345.25
2024-05-10,345.25,111,0.8740157480314961,0.889763779527559,0.9133858267716536,0.905511811023622,0.8503937007874016,0.9028871391076114,0.8076490438695164,0.7585301837270341,2024-05-11,0.9133858267716536,116.0,359.9166666666667
2024-05-11,359.9166666666667,116,0.9133858267716536,0.8740157480314961,0.889763779527559,0.9133858267716536,0.5748031496062992,0.8923884514435695,0.8110236220472441,0.7640419947506562,2024-05-12,0.7874015748031497,100.0,313.75
2024-05-12,313.75,100,0.7874015748031497,0.9133858267716536,0.8740157480314961,0.889763779527559,0.6220472440944882,0.8923884514435695,0.859392575928009,0.7685039370078741,2024-05-13,0.7952755905511811,101.0,316.4166666666667
2024-05-13,316.4166666666667,101,0.7952755905511811,0.7874015748031497,0.9133858267716536,0.8740157480314961,0.8976377952755905,0.858267716535433,0.8830146231721036,0.7716535433070866,2024-05-14,0.8346456692913385,106.0,330.7083333333333
2024-05-14,330.7083333333333,106,0.8346456692913385,0.7952755905511811,0.7874015748031497,0.9133858267716536,0.905511811023622,0.832020997375328,0.8683914510686164,0.7805774278215224,2024-05-15,0.9212598425196851,117.0,363.2083333333333
2024-05-15,363.2083333333333,117,0.9212598425196851,0.8346456692913385,0.7952755905511811,0.7874015748031497,0.9133858267716536,0.8057742782152229,0.8582677165354331,0.789238845144357,2024-05-16,0.9212598425196851,117.0,362.5416666666667
2024-05-16,362.5416666666667,117,0.9212598425196851,0.9212598425196851,0.8346456692913385,0.7952755905511811,0.889763779527559,0.8503937007874014,0.859392575928009,0.79501312335958,2024-05-17,0.9133858267716536,116.0,361.9166666666667
2024-05-17,361.9166666666667,116,0.9133858267716536,0.9212598425196851,0.9212598425196851,0.8346456692913385,0.8740157480314961,0.8923884514435695,0.8638920134983127,0.8013123359580052,2024-05-18,0.905511811023622,115.0,357.0416666666667
2024-05-18,357.0416666666667,115,0.905511811023622,0.9133858267716536,0.9212598425196851,0.9212598425196851,0.9133858267716536,0.9186351706036744,0.8695163104611925,0.8065616797900262,2024-05-19,0.7637795275590551,97.0,304.5833333333333
2024-05-19,304.5833333333333,97,0.7637795275590551,0.905511811023622,0.9133858267716536,0.9212598425196851,0.7874015748031497,0.9133858267716534,0.8683914510686164,0.8097112860892389,2024-05-20,0.8346456692913385,106.0,331.0416666666667
2024-05-20,331.0416666666667,106,0.8346456692913385,0.7637795275590551,0.905511811023622,0.9133858267716536,0.7952755905511811,0.8608923884514433,0.8650168728908886,0.8094488188976378,2024-05-21,0.952755905511811,121.0,374.7083333333333
2024-05-21,374.7083333333333,121,0.952755905511811,0.8346456692913385,0.7637795275590551,0.905511811023622,0.8346456692913385,0.8346456692913383,0.8706411698537683,0.8110236220472441,2024-05-22,0.9212598425196851,117.0,363.75
2024-05-22,363.75,117,0.9212598425196851,0.952755905511811,0.8346456692913385,0.7637795275590551,0.9212598425196851,0.8503937007874014,0.8875140607424071,0.8152230971128609,2024-05-23,0.8818897637795275,112.0,350.125
2024-05-23,350.125,112,0.8818897637795275,0.9212598425196851,0.952755905511811,0.8346456692913385,0.9212598425196851,0.9028871391076114,0.8875140607424071,0.8212598425196851,2024-05-24,0.6850393700787402,87.0,272.1666666666667
2024-05-24,272.1666666666667,87,0.6850393700787402,0.8818897637795275,0.9212598425196851,0.952755905511811,0.9133858267716536,0.9186351706036744,0.8818897637795275,0.8351706036745408,2024-05-25,0.9133858267716536,116.0,361.75
2024-05-25,361.75,116,0.9133858267716536,0.6850393700787402,0.8818897637795275,0.9212598425196851,0.905511811023622,0.8293963254593174,0.8492688413948255,0.831758530183727,2024-05-26,0.9212598425196851,117.0,362.5833333333333
2024-05-26,362.5833333333333,117,0.9212598425196851,0.9133858267716536,0.6850393700787402,0.8818897637795275,0.7637795275590551,0.826771653543307,0.8503937007874016,0.8393700787401576,2024-05-27,0.8031496062992126,102.0,318.25
2024-05-27,318.25,102,0.8031496062992126,0.9212598425196851,0.9133858267716536,0.6850393700787402,0.8346456692913385,0.8398950131233595,0.8728908886389201,0.8482939632545932,2024-05-28,0.8976377952755905,114.0,355.875
2024-05-28,355.875,114,0.8976377952755905,0.8031496062992126,0.9212598425196851,0.9133858267716536,0.952755905511811,0.879265091863517,0.8683914510686164,0.84750656167979,2024-05-29,0.937007874015748,119.0,371.5833333333333
2024-05-29,371.5833333333333,119,0.937007874015748,0.8976377952755905,0.8031496062992126,0.9212598425196851,0.9212598425196851,0.874015748031496,0.8605174353205849,0.8506561679790027,2024-05-30,0.905511811023622,115.0,358.9583333333333
2024-05-30,358.9583333333333,115,0.905511811023622,0.937007874015748,0.8976377952755905,0.8031496062992126,0.8818897637795275,0.8792650918635169,0.8627671541057368,0.85249343832021,2024-05-31,0.9291338582677166,118.0,366.9583333333333
2024-05-31,366.9583333333333,118,0.9291338582677166,0.905511811023622,0.937007874015748,0.8976377952755905,0.6850393700787402,0.9133858267716534,0.8661417322834646,0.8538057742782154,2024-06-01,0.8976377952755905,114.0,355.5416666666667
2024-06-01,355.5416666666667,114,0.8976377952755905,0.9291338582677166,0.905511811023622,0.937007874015748,0.9133858267716536,0.9238845144356954,0.9010123734533184,0.8553805774278215,2024-06-02,0.8346456692913385,106.0,330.4166666666667
2024-06-02,330.4166666666667,106,0.8346456692913385,0.8976377952755905,0.9291338582677166,0.905511811023622,0.9212598425196851,0.9107611548556429,0.8987626546681665,0.8587926509186351,2024-06-03,0.5669291338582677,72.0,227.125
2024-06-03,227.125,72,0.5669291338582677,0.8346456692913385,0.8976377952755905,0.9291338582677166,0.8031496062992126,0.8871391076115485,0.8863892013498312,0.8582677165354331,2024-06-04,0.9448818897637795,120.0,372.1666666666667
2024-06-04,372.1666666666667,120,0.9448818897637795,0.5669291338582677,0.8346456692913385,0.8976377952755905,0.8976377952755905,0.7664041994750654,0.8526434195725534,0.8580052493438319,2024-06-05,0.8818897637795275,112.0,349.7916666666667
2024-06-05,349.7916666666667,112,0.8818897637795275,0.9448818897637795,0.5669291338582677,0.8346456692913385,0.937007874015748,0.7821522309711284,0.8593925759280089,0.868766404199475,2024-06-06,0.6535433070866141,83.0,261.4166666666667
2024-06-06,261.4166666666667,83,0.6535433070866141,0.8818897637795275,0.9448818897637795,0.5669291338582677,0.905511811023622,0.7979002624671915,0.8515185601799775,0.8682414698162729,2024-06-07,0.952755905511811,121.0,375.5833333333333
2024-06-07,375.5833333333333,121,0.952755905511811,0.6535433070866141,0.8818897637795275,0.9448818897637795,0.9291338582677166,0.826771653543307,0.8155230596175478,0.8598425196850393,2024-06-08,0.8188976377952756,104.0,325.5
2024-06-08,325.5,104,0.8188976377952756,0.952755905511811,0.6535433070866141,0.8818897637795275,0.8976377952755905,0.8293963254593173,0.8188976377952756,0.8611548556430447,2024-06-09,0.9291338582677166,118.0,367.3333333333333
2024-06-09,367.3333333333333,118,0.9291338582677166,0.8188976377952756,0.952755905511811,0.6535433070866141,0.8346456692913385,0.8083989501312335,0.8076490438695163,0.8587926509186352,2024-06-10,0.937007874015748,119.0,368.9583333333333
2024-06-10,368.9583333333333,119,0.937007874015748,0.9291338582677166,0.8188976377952756,0.952755905511811,0.5669291338582677,0.900262467191601,0.8211473565804275,0.8606299212598426,2024-06-11,0.9212598425196851,117.0,362.9166666666667
2024-06-11,362.9166666666667,117,0.9212598425196851,0.937007874015748,0.9291338582677166,0.8188976377952756,0.9448818897637795,0.8950131233595799,0.8740157480314961,0.8614173228346457,2024-06-12,0.9448818897637795,120.0,371.75
2024-06-12,371.75,120,0.9448818897637795,0.9212598425196851,0.937007874015748,0.9291338582677166,0.8818897637795275,0.9291338582677163,0.8706411698537683,0.8658792650918635,2024-06-13,0.937007874015748,119.0,369.625
2024-06-13,369.625,119,0.937007874015748,0.9448818897637795,0.9212598425196851,0.937007874015748,0.6535433070866141,0.9343832020997374,0.8796400449943756,0.8708661417322835,2024-06-14,0.9763779527559056,124.0,384.4166666666667
2024-06-14,384.4166666666667,124,0.9763779527559056,0.937007874015748,0.9448818897637795,0.9212598425196851,0.952755905511811,0.9343832020997374,0.9201349831271092,0.874278215223097,2024-06-15,0.952755905511811,121.0,375.7916666666667
2024-06-15,375.7916666666667,121,0.952755905511811,0.9763779527559056,0.937007874015748,0.9448818897637795,0.8188976377952756,0.9527559055118108,0.9235095613048369,0.8761154855643045,2024-06-16,0.9212598425196851,117.0,364.125
2024-06-16,364.125,117,0.9212598425196851,0.952755905511811,0.9763779527559056,0.937007874015748,0.9291338582677166,0.9553805774278213,0.9426321709786276,0.8771653543307087,2024-06-17,0.937007874015748,119.0,369.5416666666667
2024-06-17,369.5416666666667,119,0.937007874015748,0.9212598425196851,0.952755905511811,0.9763779527559056,0.937007874015748,0.9501312335958003,0.9415073115860517,0.8774278215223096,2024-06-18,0.952755905511811,121.0,374.7916666666667
2024-06-18,374.7916666666667,121,0.952755905511811,0.937007874015748,0.9212598425196851,0.952755905511811,0.9212598425196851,0.9370078740157478,0.9415073115860517,0.8784776902887138,2024-06-19,0.937007874015748,119.0,371.0833333333333
2024-06-19,371.0833333333333,119,0.937007874015748,0.952755905511811,0.937007874015748,0.9212598425196851,0.9448818897637795,0.9370078740157478,0.9460067491563555,0.8847769028871391,2024-06-20,0.8818897637795275,112.0,350.2083333333333
2024-06-20,350.2083333333333,112,0.8818897637795275,0.937007874015748,0.952755905511811,0.937007874015748,0.937007874015748,0.9422572178477688,0.9448818897637796,0.8881889763779527,2024-06-21,0.9448818897637795,120.0,373.3333333333333
2024-06-21,373.3333333333333,120,0.9448818897637795,0.8818897637795275,0.937007874015748,0.952755905511811,0.9763779527559056,0.9238845144356954,0.937007874015748,0.8858267716535433,2024-06-22,0.952755905511811,121.0,377.4583333333333
2024-06-22,377.4583333333333,121,0.952755905511811,0.9448818897637795,0.8818897637795275,0.937007874015748,0.952755905511811,0.9212598425196848,0.9325084364454443,0.8866141732283465,2024-06-23,0.968503937007874,123.0,381.0833333333333
2024-06-23,381.0833333333333,123,0.968503937007874,0.952755905511811,0.9448818897637795,0.8818897637795275,0.9212598425196851,0.9265091863517059,0.9325084364454443,0.888976377952756,2024-06-24,0.952755905511811,121.0,376.6666666666667
2024-06-24,376.6666666666667,121,0.952755905511811,0.968503937007874,0.952755905511811,0.9448818897637795,0.937007874015748,0.9553805774278213,0.9392575928008998,0.8984251968503937,2024-06-25,0.5826771653543307,74.0,234.25
2024-06-25,234.25,74,0.5826771653543307,0.952755905511811,0.968503937007874,0.952755905511811,0.952755905511811,0.9580052493438318,0.9415073115860517,0.8997375328083989,2024-06-26,0.8740157480314961,111.0,344.4583333333333
2024-06-26,344.4583333333333,111,0.8740157480314961,0.5826771653543307,0.952755905511811,0.968503937007874,0.937007874015748,0.8346456692913383,0.888638920134983,0.8884514435695539,2024-06-27,0.889763779527559,113.0,350.5
2024-06-27,350.5,113,0.889763779527559,0.8740157480314961,0.5826771653543307,0.952755905511811,0.8818897637795275,0.8031496062992124,0.8796400449943756,0.8908136482939633,2024-06-28,0.968503937007874,123.0,381.75
2024-06-28,381.75,123,0.968503937007874,0.889763779527559,0.8740157480314961,0.5826771653543307,0.9448818897637795,0.7821522309711284,0.8807649043869515,0.8905511811023621,2024-06-29,0.9606299212598425,122.0,378.5
2024-06-29,378.5,122,0.9606299212598425,0.968503937007874,0.889763779527559,0.8740157480314961,0.952755905511811,0.9107611548556429,0.8841394825646793,0.8916010498687663,2024-06-30,0.8188976377952756,104.0,323.9583333333333
2024-06-30,323.9583333333333,104,0.8188976377952756,0.9606299212598425,0.968503937007874,0.889763779527559,0.968503937007874,0.9396325459317584,0.8852643419572553,0.8934383202099737,2024-07-01,0.9448818897637795,120.0,374.4583333333333
2024-07-01,374.4583333333333,120,0.9448818897637795,0.8188976377952756,0.9606299212598425,0.968503937007874,0.952755905511811,0.9160104986876639,0.8638920134983127,0.889763779527559,2024-07-02,0.9606299212598425,122.0,379.8333333333333
2024-07-02,379.8333333333333,122,0.9606299212598425,0.9448818897637795,0.8188976377952756,0.9606299212598425,0.5826771653543307,0.9081364829396325,0.8627671541057368,0.8913385826771655,2024-07-03,0.968503937007874,123.0,383.7083333333333
2024-07-03,383.7083333333333,123,0.968503937007874,0.9606299212598425,0.9448818897637795,0.8188976377952756,0.8740157480314961,0.9081364829396325,0.9167604049493814,0.8955380577427821,2024-07-04,0.9763779527559056,124.0,384.6666666666667
2024-07-04,384.6666666666667,124,0.9763779527559056,0.968503937007874,0.9606299212598425,0.9448818897637795,0.889763779527559,0.9580052493438318,0.9302587176602923,0.9089238845144357,2024-07-05,0.9763779527559056,124.0,384.125
2024-07-05,384.125,124,0.9763779527559056,0.9763779527559056,0.968503937007874,0.9606299212598425,0.968503937007874,0.9685039370078737,0.9426321709786275,0.9099737532808398,2024-07-06,0.9763779527559056,124.0,384.2083333333333
2024-07-06,384.2083333333333,124,0.9763779527559056,0.9763779527559056,0.9763779527559056,0.968503937007874,0.9606299212598425,0.9737532808398948,0.9437570303712037,0.9131233595800524,2024-07-07,0.952755905511811,121.0,376.5
2024-07-07,376.5,121,0.952755905511811,0.9763779527559056,0.9763779527559056,0.9763779527559056,0.8188976377952756,0.9763779527559056,0.9460067491563555,0.9238845144356955,2024-07-08,0.9448818897637795,120.0,374.0416666666667
2024-07-08,374.0416666666667,120,0.9448818897637795,0.952755905511811,0.9763779527559056,0.9763779527559056,0.9448818897637795,0.968503937007874,0.9651293588301462,0.9238845144356955,2024-07-09,0.968503937007874,123.0,381.2916666666667
2024-07-09,381.2916666666667,123,0.968503937007874,0.9448818897637795,0.952755905511811,0.9763779527559056,0.9606299212598425,0.9580052493438318,0.9651293588301462,0.9280839895013123,2024-07-10,0.952755905511811,121.0,375.75
2024-07-10,375.75,121,0.952755905511811,0.968503937007874,0.9448818897637795,0.952755905511811,0.968503937007874,0.9553805774278213,0.9662542182227221,0.9293963254593175,2024-07-11,0.9133858267716536,116.0,362.4583333333333
2024-07-11,362.4583333333333,116,0.9133858267716536,0.952755905511811,0.968503937007874,0.9448818897637795,0.9763779527559056,0.9553805774278213,0.9640044994375704,0.9299212598425196,2024-07-12,0.6850393700787402,87.0,271.5833333333333
2024-07-12,271.5833333333333,87,0.6850393700787402,0.9133858267716536,0.952755905511811,0.968503937007874,0.9763779527559056,0.9448818897637793,0.955005624296963,0.9296587926509186,2024-07-13,0.6062992125984252,77.0,243.33333333333331
2024-07-13,243.33333333333331,77,0.6062992125984252,0.6850393700787402,0.9133858267716536,0.952755905511811,0.9763779527559056,0.8503937007874014,0.9133858267716536,0.9209973753280839,2024-07-14,0.4566929133858268,58.0,185.91666666666663
2024-07-14,185.91666666666663,58,0.4566929133858268,0.6062992125984252,0.6850393700787402,0.9133858267716536,0.952755905511811,0.7349081364829395,0.8605174353205849,0.9099737532808398,2024-07-15,0.7086614173228346,90.0,281.5416666666667
2024-07-15,281.5416666666667,90,0.7086614173228346,0.4566929133858268,0.6062992125984252,0.6850393700787402,0.9448818897637795,0.5826771653543306,0.7896512935883014,0.8926509186351705,2024-07-16,0.7559055118110236,96.0,300.0
2024-07-16,300.0,96,0.7559055118110236,0.7086614173228346,0.4566929133858268,0.6062992125984252,0.968503937007874,0.590551181102362,0.7559055118110237,0.884514435695538,2024-07-17,0.905511811023622,115.0,359.375
2024-07-17,359.375,115,0.905511811023622,0.7559055118110236,0.7086614173228346,0.4566929133858268,0.952755905511811,0.6404199475065615,0.7255343082114736,0.879002624671916,2024-07-18,0.7952755905511811,101.0,316.125
2024-07-18,316.125,101,0.7952755905511811,0.905511811023622,0.7559055118110236,0.7086614173228346,0.9133858267716536,0.7900262467191599,0.718785151856018,0.8779527559055118,2024-07-19,0.8031496062992126,102.0,316.9166666666667
2024-07-19,316.9166666666667,102,0.8031496062992126,0.7952755905511811,0.905511811023622,0.7559055118110236,0.6850393700787402,0.8188976377952755,0.7019122609673791,0.8727034120734909,2024-07-20,0.8267716535433071,105.0,328.2083333333333
2024-07-20,328.2083333333333,105,0.8267716535433071,0.8031496062992126,0.7952755905511811,0.905511811023622,0.6062992125984252,0.8346456692913384,0.718785151856018,0.8682414698162729,2024-07-21,0.6141732283464567,78.0,244.54166666666663
2024-07-21,244.54166666666663,78,0.6141732283464567,0.8267716535433071,0.8031496062992126,0.7952755905511811,0.4566929133858268,0.8083989501312335,0.7502812148481439,0.8664041994750655,2024-07-22,0.7007874015748031,89.0,278.9166666666667
2024-07-22,278.9166666666667,89,0.7007874015748031,0.6141732283464567,0.8267716535433071,0.8031496062992126,0.7086614173228346,0.748031496062992,0.7727784026996626,0.8553805774278216,2024-07-23,0.6535433070866141,83.0,260.9583333333333
2024-07-23,260.9583333333333,83,0.6535433070866141,0.7007874015748031,0.6141732283464567,0.8267716535433071,0.7559055118110236,0.7139107611548555,0.7716535433070865,0.8469816272965879,2024-07-24,0.5590551181102362,71.0,223.16666666666663
2024-07-24,223.16666666666663,71,0.5590551181102362,0.6535433070866141,0.7007874015748031,0.6141732283464567,0.905511811023622,0.6561679790026246,0.7570303712035996,0.8364829396325459,2024-07-25,0.8740157480314961,111.0,346.0416666666667
2024-07-25,346.0416666666667,111,0.8740157480314961,0.5590551181102362,0.6535433070866141,0.7007874015748031,0.7952755905511811,0.6377952755905509,0.7075365579302587,0.8233595800524934,2024-07-26,0.9212598425196851,117.0,365.1666666666667
2024-07-26,365.1666666666667,117,0.9212598425196851,0.8740157480314961,0.5590551181102362,0.6535433070866141,0.8031496062992126,0.695538057742782,0.718785151856018,0.8330708661417323,2024-07-27,0.9133858267716536,116.0,360.125
2024-07-27,360.125,116,0.9133858267716536,0.9212598425196851,0.8740157480314961,0.5590551181102362,0.8267716535433071,0.7847769028871389,0.7356580427446568,0.8346456692913387,2024-07-28,0.8661417322834646,110.0,342.9583333333333
2024-07-28,342.9583333333333,110,0.8661417322834646,0.9133858267716536,0.9212598425196851,0.8740157480314961,0.6141732283464567,0.9028871391076114,0.748031496062992,0.8354330708661417,2024-07-29,0.905511811023622,115.0,357.75
2024-07-29,357.75,115,0.905511811023622,0.8661417322834646,0.9133858267716536,0.9212598425196851,0.7007874015748031,0.900262467191601,0.7840269966254219,0.8320209973753282,2024-07-30,0.8818897637795275,112.0,348.0416666666667
2024-07-30,348.0416666666667,112,0.8818897637795275,0.905511811023622,0.8661417322834646,0.9133858267716536,0.6535433070866141,0.8950131233595799,0.813273340832396,0.8301837270341207,2024-07-31,0.8503937007874016,108.0,335.9166666666667
2024-07-31,335.9166666666667,108,0.8503937007874016,0.8818897637795275,0.905511811023622,0.8661417322834646,0.5590551181102362,0.8845144356955378,0.8458942632170979,0.8322834645669291,2024-08-01,0.8582677165354331,109.0,338.7916666666667
2024-08-01,338.7916666666667,109,0.8582677165354331,0.8503937007874016,0.8818897637795275,0.905511811023622,0.8740157480314961,0.879265091863517,0.8875140607424071,0.8291338582677166,2024-08-02,0.6456692913385826,82.0,257.5
2024-08-02,257.5,82,0.6456692913385826,0.8582677165354331,0.8503937007874016,0.8818897637795275,0.9212598425196851,0.8635170603674539,0.8852643419572553,0.825721784776903,2024-08-03,0.5039370078740157,64.0,201.25
2024-08-03,201.25,64,0.5039370078740157,0.6456692913385826,0.8582677165354331,0.8503937007874016,0.9133858267716536,0.7847769028871391,0.8458942632170977,0.8149606299212598,2024-08-04,0.8503937007874016,108.0,336.75
2024-08-04,336.75,108,0.8503937007874016,0.5039370078740157,0.6456692913385826,0.8582677165354331,0.8661417322834646,0.669291338582677,0.7874015748031497,0.7992125984251968,2024-08-05,0.8661417322834646,110.0,341.8333333333333
2024-08-05,341.8333333333333,110,0.8661417322834646,0.8503937007874016,0.5039370078740157,0.6456692913385826,0.905511811023622,0.6666666666666665,0.7851518560179978,0.7950131233595801,2024-08-06,0.8661417322834646,110.0,343.5
2024-08-06,343.5,110,0.8661417322834646,0.8661417322834646,0.8503937007874016,0.5039370078740157,0.8818897637795275,0.7401574803149605,0.7795275590551182,0.7913385826771653,2024-08-07,0.8267716535433071,105.0,327.125
2024-08-07,327.125,105,0.8267716535433071,0.8661417322834646,0.8661417322834646,0.8503937007874016,0.8503937007874016,0.8608923884514433,0.7772778402699663,0.7884514435695537,2024-08-08,0.7007874015748031,89.0,277.5
2024-08-08,277.5,89,0.7007874015748031,0.8267716535433071,0.8661417322834646,0.8661417322834646,0.8582677165354331,0.8530183727034121,0.7739032620922385,0.784514435695538,2024-08-09,0.8503937007874016,108.0,336.9166666666667
2024-08-09,336.9166666666667,108,0.8503937007874016,0.7007874015748031,0.8267716535433071,0.8661417322834646,0.6456692913385826,0.7979002624671914,0.7514060742407199,0.7755905511811023,2024-08-10,0.8188976377952756,104.0,325.9166666666667
2024-08-10,325.9166666666667,104,0.8188976377952756,0.8503937007874016,0.7007874015748031,0.8267716535433071,0.5039370078740157,0.7926509186351706,0.7806524184476941,0.7721784776902888,2024-08-11,0.6456692913385826,82.0,256.2916666666667
2024-08-11,256.2916666666667,82,0.6456692913385826,0.8188976377952756,0.8503937007874016,0.7007874015748031,0.8503937007874016,0.7900262467191599,0.8256467941507312,0.7690288713910761,2024-08-12,0.6692913385826772,85.0,265.4583333333333
2024-08-12,265.4583333333333,85,0.6692913385826772,0.6456692913385826,0.8188976377952756,0.8503937007874016,0.8661417322834646,0.7716535433070865,0.796400449943757,0.7677165354330708,2024-08-13,0.8503937007874016,108.0,336.7916666666667
2024-08-13,336.7916666666667,108,0.8503937007874016,0.6692913385826772,0.6456692913385826,0.8188976377952756,0.8661417322834646,0.7112860892388451,0.7682789651293589,0.7698162729658793,2024-08-14,0.8582677165354331,109.0,338.5
2024-08-14,338.5,109,0.8582677165354331,0.8503937007874016,0.6692913385826772,0.6456692913385826,0.8267716535433071,0.721784776902887,0.7660292463442069,0.7829396325459318,2024-08-15,0.84251968503937,107.0,333.8333333333333
2024-08-15,333.8333333333333,107,0.84251968503937,0.8582677165354331,0.8503937007874016,0.6692913385826772,0.7007874015748031,0.7926509186351706,0.7705286839145107,0.7879265091863518,2024-08-16,0.84251968503937,107.0,334.0416666666667
2024-08-16,334.0416666666667,107,0.84251968503937,0.84251968503937,0.8582677165354331,0.8503937007874016,0.8503937007874016,0.8503937007874014,0.7907761529808773,0.7908136482939632,2024-08-17,0.8346456692913385,106.0,331.75
2024-08-17,331.75,106,0.8346456692913385,0.84251968503937,0.84251968503937,0.8582677165354331,0.8188976377952756,0.8477690288713909,0.7896512935883014,0.7887139107611548,2024-08-18,0.8267716535433071,105.0,327.0416666666667
2024-08-18,327.0416666666667,105,0.8267716535433071,0.8346456692913385,0.84251968503937,0.84251968503937,0.6456692913385826,0.8398950131233592,0.7919010123734533,0.7900262467191601,2024-08-19,0.8267716535433071,105.0,326.875
2024-08-19,326.875,105,0.8267716535433071,0.8267716535433071,0.8346456692913385,0.84251968503937,0.6692913385826772,0.8346456692913384,0.8177727784026997,0.7908136482939633,2024-08-20,0.7637795275590551,97.0,302.875
2024-08-20,302.875,97,0.7637795275590551,0.8267716535433071,0.8267716535433071,0.8346456692913385,0.8503937007874016,0.8293963254593174,0.8402699662542181,0.7908136482939633,2024-08-21,0.8188976377952756,104.0,324.3333333333333
2024-08-21,324.3333333333333,104,0.8188976377952756,0.7637795275590551,0.8267716535433071,0.8267716535433071,0.8582677165354331,0.8057742782152229,0.8278965129358831,0.7958005249343831,2024-08-22,0.8110236220472441,103.0,321.75
2024-08-22,321.75,103,0.8110236220472441,0.8188976377952756,0.7637795275590551,0.8267716535433071,0.84251968503937,0.8031496062992125,0.8222722159730033,0.799737532808399,2024-08-23,0.5984251968503937,76.0,238.70833333333331
2024-08-23,238.70833333333331,76,0.5984251968503937,0.8110236220472441,0.8188976377952756,0.7637795275590551,0.84251968503937,0.7979002624671914,0.8177727784026996,0.80498687664042,2024-08-24,0.2992125984251969,38.0,123.125
2024-08-24,123.125,38,0.2992125984251969,0.5984251968503937,0.8110236220472441,0.8188976377952756,0.8346456692913385,0.742782152230971,0.7829021372328459,0.8062992125984252,2024-08-25,0.7795275590551181,99.0,310.3333333333333
2024-08-25,310.3333333333333,99,0.7795275590551181,0.2992125984251969,0.5984251968503937,0.8110236220472441,0.8267716535433071,0.569553805774278,0.7064116985376828,0.7871391076115485,2024-08-26,0.7874015748031497,100.0,313.5416666666667
2024-08-26,313.5416666666667,100,0.7874015748031497,0.7795275590551181,0.2992125984251969,0.5984251968503937,0.8267716535433071,0.5590551181102361,0.6996625421822271,0.7824146981627297,2024-08-27,0.7874015748031497,100.0,310.875
2024-08-27,310.875,100,0.7874015748031497,0.7874015748031497,0.7795275590551181,0.2992125984251969,0.7637795275590551,0.6220472440944881,0.6940382452193476,0.7782152230971129,2024-08-28,0.7716535433070866,98.0,305.9583333333333
2024-08-28,305.9583333333333,98,0.7716535433070866,0.7874015748031497,0.7874015748031497,0.7795275590551181,0.8188976377952756,0.7847769028871389,0.6974128233970754,0.7755905511811023,2024-08-29,0.7716535433070866,98.0,305.125
2024-08-29,305.125,98,0.7716535433070866,0.7716535433070866,0.7874015748031497,0.7874015748031497,0.8110236220472441,0.7821522309711284,0.6906636670416199,0.7711286089238845,2024-08-30,0.7716535433070866,98.0,306.7916666666667
2024-08-30,306.7916666666667,98,0.7716535433070866,0.7716535433070866,0.7716535433070866,0.7874015748031497,0.5984251968503937,0.7769028871391074,0.6850393700787402,0.7674540682414699,2024-08-31,0.7322834645669292,93.0,292.375
2024-08-31,292.375,93,0.7322834645669292,0.7716535433070866,0.7716535433070866,0.7716535433070866,0.2992125984251969,0.7716535433070866,0.7097862767154106,0.7648293963254592,2024-09-01,0.7165354330708661,91.0,285.75
2024-09-01,285.75,91,0.7165354330708661,0.7322834645669292,0.7716535433070866,0.7716535433070866,0.7795275590551181,0.758530183727034,0.7716535433070867,0.7606299212598425,2024-09-02,0.7480314960629921,95.0,295.9583333333333
2024-09-02,295.9583333333333,95,0.7480314960629921,0.7165354330708661,0.7322834645669292,0.7716535433070866,0.7874015748031497,0.7401574803149605,0.7626546681664792,0.7629921259842519,2024-09-03,0.7322834645669292,93.0,290.75
2024-09-03,290.75,93,0.7322834645669292,0.7480314960629921,0.7165354330708661,0.7322834645669292,0.7874015748031497,0.732283464566929,0.7570303712035995,0.7711286089238846,2024-09-04,0.7401574803149606,94.0,292.9166666666667
2024-09-04,292.9166666666667,94,0.7401574803149606,0.7322834645669292,0.7480314960629921,0.7165354330708661,0.7716535433070866,0.732283464566929,0.749156355455568,0.7671916010498686,2024-09-05,0.7244094488188977,92.0,287.8333333333333
2024-09-05,287.8333333333333,92,0.7244094488188977,0.7401574803149606,0.7322834645669292,0.7480314960629921,0.7716535433070866,0.7401574803149605,0.7446569178852643,0.7629921259842519,2024-09-06,0.5433070866141733,69.0,217.95833333333331
2024-09-06,217.95833333333331,69,0.5433070866141733,0.7244094488188977,0.7401574803149606,0.7322834645669292,0.7716535433070866,0.732283464566929,0.7379077615298087,0.7582677165354331,2024-09-07,0.6377952755905512,81.0,255.5
2024-09-07,255.5,81,0.6377952755905512,0.5433070866141733,0.7244094488188977,0.7401574803149606,0.7322834645669292,0.669291338582677,0.7052868391451069,0.7488188976377953,2024-09-08,0.6535433070866141,83.0,259.625
2024-09-08,259.625,83,0.6535433070866141,0.6377952755905512,0.5433070866141733,0.7244094488188977,0.7165354330708661,0.6351706036745406,0.6917885264341956,0.746719160104987,2024-09-09,0.6377952755905512,81.0,254.75
2024-09-09,254.75,81,0.6377952755905512,0.6535433070866141,0.6377952755905512,0.5433070866141733,0.7480314960629921,0.611548556430446,0.6827896512935884,0.7401574803149606,2024-09-10,0.6929133858267716,88.0,276.5416666666667
2024-09-10,276.5416666666667,88,0.6929133858267716,0.6377952755905512,0.6535433070866141,0.6377952755905512,0.7322834645669292,0.6430446194225721,0.6670416197975253,0.7341207349081365,2024-09-11,0.7165354330708661,91.0,284.0833333333333
2024-09-11,284.0833333333333,91,0.7165354330708661,0.6929133858267716,0.6377952755905512,0.6535433070866141,0.7401574803149606,0.6614173228346455,0.6614173228346456,0.7356955380577428,2024-09-12,0.6771653543307087,86.0,268.875
2024-09-12,268.875,86,0.6771653543307087,0.7165354330708661,0.6929133858267716,0.6377952755905512,0.7244094488188977,0.6824146981627295,0.6580427446569178,0.7372703412073491,2024-09-13,0.7007874015748031,89.0,278.1666666666667
2024-09-13,278.1666666666667,89,0.7007874015748031,0.6771653543307087,0.7165354330708661,0.6929133858267716,0.5433070866141733,0.6955380577427821,0.6512935883014623,0.7314960629921259,2024-09-14,0.6929133858267716,88.0,275.5
2024-09-14,275.5,88,0.6929133858267716,0.7007874015748031,0.6771653543307087,0.7165354330708661,0.6377952755905512,0.6981627296587924,0.6737907761529808,0.726246719160105,2024-09-15,0.5433070866141733,69.0,216.79166666666663
2024-09-15,216.79166666666663,69,0.5433070866141733,0.6929133858267716,0.7007874015748031,0.6771653543307087,0.6535433070866141,0.690288713910761,0.6816647919010125,0.7212598425196851,2024-09-16,0.36220472440944884,46.0,148.29166666666666
2024-09-16,148.29166666666666,46,0.36220472440944884,0.5433070866141733,0.6929133858267716,0.7007874015748031,0.6377952755905512,0.6456692913385825,0.6659167604049493,0.7112860892388452,2024-09-17,0.2677165354330709,34.0,110.5
2024-09-17,110.5,34,0.2677165354330709,0.36220472440944884,0.5433070866141733,0.6929133858267716,0.6929133858267716,0.532808398950131,0.6265466816647919,0.6955380577427821,2024-09-18,0.4330708661417323,55.0,175.375
2024-09-18,175.375,55,0.4330708661417323,0.2677165354330709,0.36220472440944884,0.5433070866141733,0.7165354330708661,0.3910761154855642,0.5658042744656918,0.6769028871391075,2024-09-19,0.5433070866141733,69.0,218.20833333333331
2024-09-19,218.20833333333331,69,0.5433070866141733,0.4330708661417323,0.2677165354330709,0.36220472440944884,0.6771653543307087,0.3543307086614172,0.5253093363329584,0.6637795275590551,2024-09-20,0.6456692913385826,82.0,256.25
2024-09-20,256.25,82,0.6456692913385826,0.5433070866141733,0.4330708661417323,0.2677165354330709,0.7007874015748031,0.41469816272965865,0.5061867266591676,0.6564304461942257,2024-09-21,0.6377952755905512,81.0,255.04166666666663
2024-09-21,255.04166666666663,81,0.6377952755905512,0.6456692913385826,0.5433070866141733,0.4330708661417323,0.6929133858267716,0.5406824146981626,0.4983127109111361,0.6506561679790026,2024-09-22,0.6456692913385826,82.0,257.1666666666667
2024-09-22,257.1666666666667,82,0.6456692913385826,0.6377952755905512,0.6456692913385826,0.5433070866141733,0.5433070866141733,0.6089238845144355,0.4904386951631046,0.6448818897637795,2024-09-23,0.6299212598425197,80.0,251.20833333333331
2024-09-23,251.20833333333331,80,0.6299212598425197,0.6456692913385826,0.6377952755905512,0.6456692913385826,0.36220472440944884,0.643044619422572,0.5050618672665916,0.6464566929133858,2024-09-24,0.6220472440944882,79.0,249.70833333333331
2024-09-24,249.70833333333331,79,0.6220472440944882,0.6299212598425197,0.6456692913385826,0.6377952755905512,0.2677165354330709,0.637795275590551,0.5433070866141733,0.65748031496063,2024-09-25,0.6220472440944882,79.0,247.33333333333331
2024-09-25,247.33333333333331,79,0.6220472440944882,0.6220472440944882,0.6299212598425197,0.6456692913385826,0.4330708661417323,0.63254593175853,0.59392575928009,0.6522309711286088,2024-09-26,0.6220472440944882,79.0,248.54166666666663
2024-09-26,248.54166666666663,79,0.6220472440944882,0.6220472440944882,0.6220472440944882,0.6299212598425197,0.5433070866141733,0.6246719160104985,0.6209223847019123,0.6467191601049869,2024-09-27,0.6220472440944882,79.0,247.41666666666663
2024-09-27,247.41666666666663,79,0.6220472440944882,0.6220472440944882,0.6220472440944882,0.6220472440944882,0.6456692913385826,0.6220472440944882,0.6321709786276716,0.6412073490813648,2024-09-28,0.6062992125984252,77.0,241.91666666666663
2024-09-28,241.91666666666663,77,0.6062992125984252,0.6220472440944882,0.6220472440944882,0.6220472440944882,0.6377952755905512,0.6220472440944882,0.6287964004499438,0.6362204724409449,2024-09-29,0.6062992125984252,77.0,242.625
2024-09-29,242.625,77,0.6062992125984252,0.6062992125984252,0.6220472440944882,0.6220472440944882,0.6456692913385826,0.6167979002624671,0.6242969628796401,0.6307086614173228,2024-09-30,0.5905511811023622,75.0,237.66666666666663
2024-09-30,237.66666666666663,75,0.5905511811023622,0.6062992125984252,0.6062992125984252,0.6220472440944882,0.6299212598425197,0.611548556430446,0.6186726659167604,0.6251968503937008,2024-10-01,0.5905511811023622,75.0,235.5
2024-10-01,235.5,75,0.5905511811023622,0.5905511811023622,0.6062992125984252,0.6062992125984252,0.6220472440944882,0.601049868766404,0.6130483689538808,0.6204724409448819,2024-10-02,0.5905511811023622,75.0,235.91666666666663
2024-10-02,235.91666666666663,75,0.5905511811023622,0.5905511811023622,0.5905511811023622,0.6062992125984252,0.6220472440944882,0.5958005249343831,0.608548931383577,0.6162729658792651,2024-10-03,0.5826771653543307,74.0,233.08333333333331
2024-10-03,233.08333333333331,74,0.5826771653543307,0.5905511811023622,0.5905511811023622,0.5905511811023622,0.6220472440944882,0.5905511811023622,0.6040494938132734,0.611023622047244,2024-10-04,0.5511811023622047,70.0,220.29166666666663
2024-10-04,220.29166666666663,70,0.5511811023622047,0.5826771653543307,0.5905511811023622,0.5905511811023622,0.6220472440944882,0.5879265091863516,0.5984251968503936,0.6060367454068241,2024-10-05,0.5275590551181102,67.0,212.25
2024-10-05,212.25,67,0.5275590551181102,0.5511811023622047,0.5826771653543307,0.5905511811023622,0.6062992125984252,0.5748031496062991,0.5883014623172104,0.5997375328083989,2024-10-06,0.48031496062992124,61.0,192.875
2024-10-06,192.875,61,0.48031496062992124,0.5275590551181102,0.5511811023622047,0.5826771653543307,0.6062992125984252,0.5538057742782151,0.5770528683914511,0.5931758530183727,2024-10-07,0.4409448818897638,56.0,179.04166666666666
2024-10-07,179.04166666666666,56,0.4409448818897638,0.48031496062992124,0.5275590551181102,0.5511811023622047,0.5905511811023622,0.5196850393700786,0.5590551181102362,0.5910761154855643,2024-10-08,0.5118110236220472,65.0,205.66666666666663
2024-10-08,205.66666666666663,65,0.5118110236220472,0.4409448818897638,0.48031496062992124,0.5275590551181102,0.5905511811023622,0.48293963254593164,0.5376827896512936,0.5845144356955381,2024-10-09,0.4409448818897638,56.0,178.58333333333334
2024-10-09,178.58333333333334,56,0.4409448818897638,0.5118110236220472,0.4409448818897638,0.48031496062992124,0.5905511811023622,0.47769028871391067,0.5264341957255343,0.5797900262467192,2024-10-10,0.4566929133858268,58.0,185.16666666666663
2024-10-10,185.16666666666663,58,0.4566929133858268,0.4409448818897638,0.5118110236220472,0.4409448818897638,0.5826771653543307,0.4645669291338581,0.5050618672665916,0.573228346456693,2024-10-11,0.5118110236220472,65.0,205.375
2024-10-11,205.375,65,0.5118110236220472,0.4566929133858268,0.4409448818897638,0.5118110236220472,0.5511811023622047,0.4698162729658792,0.4870641169853768,0.5653543307086614,2024-10-12,0.5196850393700787,66.0,208.70833333333331
2024-10-12,208.70833333333331,66,0.5196850393700787,0.5118110236220472,0.4566929133858268,0.4409448818897638,0.5275590551181102,0.4698162729658792,0.48143982002249713,0.5585301837270341,2024-10-13,0.5196850393700787,66.0,208.75
2024-10-13,208.75,66,0.5196850393700787,0.5196850393700787,0.5118110236220472,0.4566929133858268,0.48031496062992124,0.4960629921259841,0.48031496062992124,0.5532808398950131,2024-10-14,0.5196850393700787,66.0,209.375
2024-10-14,209.375,66,0.5196850393700787,0.5196850393700787,0.5196850393700787,0.5118110236220472,0.4409448818897638,0.517060367454068,0.4859392575928009,0.5472440944881889,2024-10-15,0.5118110236220472,65.0,207.20833333333331
2024-10-15,207.20833333333331,65,0.5118110236220472,0.5196850393700787,0.5196850393700787,0.5196850393700787,0.5118110236220472,0.5196850393700787,0.4971878515185602,0.541469816272966,2024-10-16,0.08661417322834646,11.0,40.125
2024-10-16,40.125,11,0.08661417322834646,0.5118110236220472,0.5196850393700787,0.5196850393700787,0.4409448818897638,0.517060367454068,0.4971878515185602,0.5404199475065617,2024-10-17,0.15748031496062992,20.0,70.29166666666667
2024-10-17,70.29166666666667,20,0.15748031496062992,0.08661417322834646,0.5118110236220472,0.5196850393700787,0.4566929133858268,0.37270341207349067,0.4465691788526434,0.531233595800525,2024-10-18,0.49606299212598426,63.0,201.0
2024-10-18,201.0,63,0.49606299212598426,0.15748031496062992,0.08661417322834646,0.5118110236220472,0.5118110236220472,0.25196850393700776,0.40382452193475815,0.5275590551181102,2024-10-19,0.48031496062992124,61.0,194.75
2024-10-19,194.75,61,0.48031496062992124,0.49606299212598426,0.15748031496062992,0.08661417322834646,0.5196850393700787,0.24671916010498676,0.4015748031496063,0.5296587926509186,2024-10-20,0.48031496062992124,61.0,192.70833333333331
2024-10-20,192.70833333333331,61,0.48031496062992124,0.48031496062992124,0.49606299212598426,0.15748031496062992,0.5196850393700787,0.37795275590551175,0.39595050618672667,0.5275590551181102,2024-10-21,0.47244094488188976,60.0,189.66666666666663
2024-10-21,189.66666666666663,60,0.47244094488188976,0.48031496062992124,0.48031496062992124,0.49606299212598426,0.5196850393700787,0.48556430446194215,0.39032620922384703,0.5220472440944882,2024-10-22,0.3700787401574803,47.0,150.79166666666666
2024-10-22,150.79166666666666,47,0.3700787401574803,0.47244094488188976,0.48031496062992124,0.48031496062992124,0.5118110236220472,0.47769028871391067,0.38357705286839144,0.5165354330708661,2024-10-23,0.4330708661417323,55.0,176.20833333333334
2024-10-23,176.20833333333334,55,0.4330708661417323,0.3700787401574803,0.47244094488188976,0.48031496062992124,0.08661417322834646,0.44094488188976366,0.36332958380202474,0.5073490813648294,2024-10-24,0.4645669291338583,59.0,187.875
2024-10-24,187.875,59,0.4645669291338583,0.4330708661417323,0.3700787401574803,0.47244094488188976,0.15748031496062992,0.4251968503937007,0.4128233970753656,0.5007874015748032,2024-10-25,0.3464566929133858,44.0,141.29166666666666
2024-10-25,141.29166666666666,44,0.3464566929133858,0.4645669291338583,0.4330708661417323,0.3700787401574803,0.49606299212598426,0.42257217847769013,0.4566929133858268,0.4955380577427821,2024-10-26,0.4094488188976378,52.0,166.875
2024-10-26,166.875,52,0.4094488188976378,0.3464566929133858,0.4645669291338583,0.4330708661417323,0.48031496062992124,0.41469816272965865,0.43532058492688414,0.48635170603674543,2024-10-27,0.3700787401574803,47.0,150.25
2024-10-27,150.25,47,0.3700787401574803,0.4094488188976378,0.3464566929133858,0.4645669291338583,0.48031496062992124,0.40682414698162717,0.4251968503937008,0.479265091863517,2024-10-28,0.3464566929133858,44.0,141.75
2024-10-28,141.75,44,0.3464566929133858,0.3700787401574803,0.4094488188976378,0.3464566929133858,0.47244094488188976,0.37532808398950124,0.4094488188976378,0.47086614173228347,2024-10-29,0.3228346456692913,41.0,133.33333333333334
2024-10-29,133.33333333333334,41,0.3228346456692913,0.3464566929133858,0.3700787401574803,0.4094488188976378,0.3700787401574803,0.3753280839895012,0.3914510686164229,0.4622047244094488,2024-10-30,0.2125984251968504,27.0,91.54166666666669
2024-10-30,91.54166666666669,27,0.2125984251968504,0.3228346456692913,0.3464566929133858,0.3700787401574803,0.4330708661417323,0.3464566929133857,0.3847019122609674,0.452755905511811,2024-10-31,0.41732283464566927,53.0,167.75
2024-10-31,167.75,53,0.41732283464566927,0.2125984251968504,0.3228346456692913,0.3464566929133858,0.4645669291338583,0.29396325459317574,0.3532058492688414,0.4401574803149606,2024-11-01,0.30708661417322836,39.0,127.16666666666669
2024-11-01,127.16666666666669,39,0.30708661417322836,0.41732283464566927,0.2125984251968504,0.3228346456692913,0.3464566929133858,0.31758530183727024,0.34645669291338577,0.4343832020997375,2024-11-02,0.33070866141732286,42.0,135.79166666666666
2024-11-02,135.79166666666666,42,0.33070866141732286,0.30708661417322836,0.41732283464566927,0.2125984251968504,0.4094488188976378,0.3123359580052492,0.34083239595050624,0.4249343832020997,2024-11-03,0.15748031496062992,20.0,69.79166666666667
2024-11-03,69.79166666666667,20,0.15748031496062992,0.33070866141732286,0.30708661417322836,0.41732283464566927,0.3700787401574803,0.35170603674540674,0.3295838020247469,0.41653543307086616,2024-11-04,0.3858267716535433,49.0,158.0
2024-11-04,158.0,49,0.3858267716535433,0.15748031496062992,0.33070866141732286,0.30708661417322836,0.3464566929133858,0.26509186351706027,0.2992125984251969,0.40341207349081365,2024-11-05,0.33070866141732286,42.0,135.0
2024-11-05,135.0,42,0.33070866141732286,0.3858267716535433,0.15748031496062992,0.33070866141732286,0.3228346456692913,0.2913385826771652,0.3048368953880765,0.39868766404199474,2024-11-06,0.4015748031496063,51.0,162.79166666666666
2024-11-06,162.79166666666666,51,0.4015748031496063,0.33070866141732286,0.3858267716535433,0.15748031496062992,0.2125984251968504,0.2913385826771653,0.3059617547806524,0.39370078740157477,2024-11-07,0.3858267716535433,49.0,158.54166666666666
2024-11-07,158.54166666666666,49,0.3858267716535433,0.4015748031496063,0.33070866141732286,0.3858267716535433,0.41732283464566927,0.3727034120734907,0.33295838020247465,0.39238845144356954,2024-11-08,0.3858267716535433,49.0,156.75
2024-11-08,156.75,49,0.3858267716535433,0.3858267716535433,0.4015748031496063,0.33070866141732286,0.30708661417322836,0.3727034120734907,0.32845894263217096,0.38818897637795274,2024-11-09,0.3779527559055118,48.0,153.79166666666666
2024-11-09,153.79166666666666,48,0.3779527559055118,0.3858267716535433,0.3858267716535433,0.4015748031496063,0.33070866141732286,0.3910761154855642,0.3397075365579303,0.38635170603674546,2024-11-10,0.3464566929133858,44.0,143.16666666666666
2024-11-10,143.16666666666666,44,0.3464566929133858,0.3779527559055118,0.3858267716535433,0.3858267716535433,0.15748031496062992,0.3832020997375327,0.34645669291338577,0.3837270341207349,2024-11-11,0.1889763779527559,24.0,81.29166666666667
2024-11-11,81.29166666666667,24,0.1889763779527559,0.3464566929133858,0.3779527559055118,0.3858267716535433,0.3858267716535433,0.37007874015748016,0.37345331833520806,0.37821522309711286,2024-11-12,0.33858267716535434,43.0,139.0
2024-11-12,139.0,43,0.33858267716535434,0.1889763779527559,0.3464566929133858,0.3779527559055118,0.33070866141732286,0.30446194225721773,0.34533183352080987,0.36719160104986875,2024-11-13,0.3228346456692913,41.0,134.16666666666666
2024-11-13,134.16666666666666,41,0.3228346456692913,0.33858267716535434,0.1889763779527559,0.3464566929133858,0.4015748031496063,0.2913385826771652,0.3464566929133858,0.3611548556430446,2024-11-14,0.23622047244094488,30.0,100.29166666666669
2024-11-14,100.29166666666669,30,0.23622047244094488,0.3228346456692913,0.33858267716535434,0.1889763779527559,0.3858267716535433,0.28346456692913374,0.33520809898762655,0.35459317585301836,2024-11-15,0.13385826771653545,17.0,60.208333333333336
2024-11-15,60.208333333333336,17,0.13385826771653545,0.23622047244094488,0.3228346456692913,0.33858267716535434,0.3858267716535433,0.29921259842519676,0.31383577052868394,0.3454068241469816,2024-11-16,0.3464566929133858,44.0,142.125
2024-11-16,142.125,44,0.3464566929133858,0.13385826771653545,0.23622047244094488,0.3228346456692913,0.3779527559055118,0.23097112860892377,0.2778402699662542,0.3469816272965879,2024-11-17,0.25196850393700787,32.0,103.95833333333331
2024-11-17,103.95833333333331,32,0.25196850393700787,0.3464566929133858,0.13385826771653545,0.23622047244094488,0.3464566929133858,0.23884514435695525,0.27334083239595053,0.35328083989501313,2024-11-18,0.29133858267716534,37.0,121.33333333333331
2024-11-18,121.33333333333331,37,0.29133858267716534,0.25196850393700787,0.3464566929133858,0.13385826771653545,0.1889763779527559,0.24409448818897625,0.25984251968503935,0.34514435695538054,2024-11-19,0.23622047244094488,30.0,99.875
2024-11-19,99.875,30,0.23622047244094488,0.29133858267716534,0.25196850393700787,0.3464566929133858,0.33858267716535434,0.29658792650918625,0.2744656917885264,0.3388451443569554,2024-11-20,0.13385826771653545,17.0,60.41666666666666
2024-11-20,60.41666666666666,17,0.13385826771653545,0.23622047244094488,0.29133858267716534,0.25196850393700787,0.3228346456692913,0.2598425196850393,0.2598425196850394,0.33070866141732286,2024-11-21,0.2204724409448819,28.0,93.125
2024-11-21,93.125,28,0.2204724409448819,0.13385826771653545,0.23622047244094488,0.29133858267716534,0.23622047244094488,0.2204724409448818,0.23284589426321708,0.3194225721784777,2024-11-22,0.13385826771653545,17.0,60.333333333333336
2024-11-22,60.333333333333336,17,0.13385826771653545,0.2204724409448819,0.13385826771653545,0.23622047244094488,0.13385826771653545,0.19685039370078727,0.2305961754780652,0.3144356955380577,2024-11-23,0.31496062992125984,40.0,129.54166666666666
2024-11-23,129.54166666666666,40,0.31496062992125984,0.13385826771653545,0.2204724409448819,0.13385826771653545,0.3464566929133858,0.1627296587926508,0.23059617547806524,0.30446194225721784,2024-11-24,0.3228346456692913,41.0,132.95833333333334
2024-11-24,132.95833333333334,41,0.3228346456692913,0.31496062992125984,0.13385826771653545,0.2204724409448819,0.25196850393700787,0.2230971128608923,0.2260967379077615,0.2994750656167979,2024-11-25,0.14960629921259844,19.0,66.54166666666667
2024-11-25,66.54166666666667,19,0.14960629921259844,0.3228346456692913,0.31496062992125984,0.13385826771653545,0.29133858267716534,0.2572178477690288,0.23622047244094485,0.29868766404199476,2024-11-26,0.14173228346456693,18.0,64.0
2024-11-26,64.0,18,0.14173228346456693,0.14960629921259844,0.3228346456692913,0.31496062992125984,0.23622047244094488,0.26246719160104975,0.21597300337457817,0.2900262467191601,2024-11-27,0.29133858267716534,37.0,122.0
2024-11-27,122.0,37,0.29133858267716534,0.14173228346456693,0.14960629921259844,0.3228346456692913,0.13385826771653545,0.20472440944881878,0.20247469066366702,0.2824146981627296,2024-11-28,0.33070866141732286,42.0,134.375
2024-11-28,134.375,42,0.33070866141732286,0.29133858267716534,0.14173228346456693,0.14960629921259844,0.2204724409448819,0.19422572178477682,0.22497187851518557,0.2805774278215223,2024-11-29,0.3228346456692913,41.0,133.45833333333334
2024-11-29,133.45833333333334,41,0.3228346456692913,0.33070866141732286,0.29133858267716534,0.14173228346456693,0.13385826771653545,0.25459317585301827,0.24071991001124857,0.2808398950131234,2024-11-30,0.3228346456692913,41.0,132.25
2024-11-30,132.25,41,0.3228346456692913,0.3228346456692913,0.33070866141732286,0.29133858267716534,0.31496062992125984,0.3149606299212598,0.26771653543307083,0.2845144356955381,2024-12-01,0.2204724409448819,28.0,94.0
2024-12-01,94.0,28,0.2204724409448819,0.3228346456692913,0.3228346456692913,0.33070866141732286,0.3228346456692913,0.3254593175853017,0.2688413948256468,0.28136482939632546,2024-12-02,0.2992125984251969,38.0,122.91666666666669
2024-12-02,122.91666666666669,38,0.2992125984251969,0.2204724409448819,0.3228346456692913,0.3228346456692913,0.14960629921259844,0.28871391076115477,0.2542182227221597,0.2784776902887139,2024-12-03,0.2992125984251969,38.0,123.33333333333331
2024-12-03,123.33333333333331,38,0.2992125984251969,0.2992125984251969,0.2204724409448819,0.3228346456692913,0.14173228346456693,0.28083989501312323,0.2755905511811024,0.2774278215223097,2024-12-04,0.2992125984251969,38.0,122.125
2024-12-04,122.125,38,0.2992125984251969,0.2992125984251969,0.2992125984251969,0.2204724409448819,0.29133858267716534,0.2729658792650918,0.2980877390326209,0.28215223097112857,2024-12-05,0.2992125984251969,38.0,122.29166666666669
2024-12-05,122.29166666666669,38,0.2992125984251969,0.2992125984251969,0.2992125984251969,0.2992125984251969,0.33070866141732286,0.2992125984251969,0.2992125984251968,0.27926509186351706,2024-12-06,0.29133858267716534,37.0,121.875
2024-12-06,121.875,37,0.29133858267716534,0.2992125984251969,0.2992125984251969,0.2992125984251969,0.3228346456692913,0.2992125984251969,0.29471316085489313,0.2782152230971129,2024-12-07,0.25984251968503935,33.0,108.66666666666669
2024-12-07,108.66666666666669,33,0.25984251968503935,0.29133858267716534,0.2992125984251969,0.2992125984251969,0.3228346456692913,0.29658792650918625,0.29021372328458944,0.27454068241469815,2024-12-08,0.29133858267716534,37.0,121.375
2024-12-08,121.375,37,0.29133858267716534,0.25984251968503935,0.29133858267716534,0.2992125984251969,0.2204724409448819,0.28346456692913374,0.281214848143982,0.27034120734908135,2024-12-09,0.2992125984251969,38.0,124.58333333333331
2024-12-09,124.58333333333331,38,0.2992125984251969,0.29133858267716534,0.25984251968503935,0.29133858267716534,0.2992125984251969,0.28083989501312323,0.29133858267716534,0.2671916010498688,2024-12-10,0.2992125984251969,38.0,123.45833333333331
2024-12-10,123.45833333333331,38,0.2992125984251969,0.2992125984251969,0.29133858267716534,0.25984251968503935,0.2992125984251969,0.2834645669291338,0.29133858267716534,0.26456692913385826,2024-12-11,0.2283464566929134,29.0,96.45833333333331
2024-12-11,96.45833333333331,29,0.2283464566929134,0.2992125984251969,0.2992125984251969,0.29133858267716534,0.2992125984251969,0.29658792650918625,0.29133858267716534,0.262992125984252,2024-12-12,0.18110236220472442,23.0,79.25
2024-12-12,79.25,23,0.18110236220472442,0.2283464566929134,0.2992125984251969,0.2992125984251969,0.2992125984251969,0.27559055118110226,0.281214848143982,0.2643044619422572,2024-12-13,0.16535433070866143,21.0,71.91666666666667
2024-12-13,71.91666666666667,21,0.16535433070866143,0.18110236220472442,0.2283464566929134,0.2992125984251969,0.29133858267716534,0.2362204724409448,0.2643419572553431,0.2590551181102362,2024-12-14,0.12598425196850394,16.0,57.833333333333336
2024-12-14,57.833333333333336,16,0.12598425196850394,0.16535433070866143,0.18110236220472442,0.2283464566929134,0.25984251968503935,0.19160104986876633,0.24634420697412823,0.2538057742782152,2024-12-15,0.25984251968503935,33.0,107.95833333333331
2024-12-15,107.95833333333331,33,0.25984251968503935,0.12598425196850394,0.16535433070866143,0.18110236220472442,0.29133858267716534,0.15748031496062984,0.22722159730033747,0.25013123359580053,2024-12-16,0.10236220472440945,13.0,47.833333333333336
2024-12-16,47.833333333333336,13,0.10236220472440945,0.25984251968503935,0.12598425196850394,0.16535433070866143,0.2992125984251969,0.1837270341207348,0.22272215973003376,0.2543307086614173,2024-12-17,0.2125984251968504,27.0,91.29166666666669
2024-12-17,91.29166666666669,27,0.2125984251968504,0.10236220472440945,0.25984251968503935,0.12598425196850394,0.2992125984251969,0.1627296587926508,0.19460067491563554,0.24619422572178476,2024-12-18,0.2125984251968504,27.0,89.25
2024-12-18,89.25,27,0.2125984251968504,0.2125984251968504,0.10236220472440945,0.25984251968503935,0.2283464566929134,0.19160104986876628,0.18222722159730034,0.24488188976377953,2024-12-19,0.29133858267716534,37.0,119.70833333333331
2024-12-19,119.70833333333331,37,0.29133858267716534,0.2125984251968504,0.2125984251968504,0.10236220472440945,0.18110236220472442,0.1758530183727033,0.17997750281214847,0.24225721784776902,2024-12-20,0.2283464566929134,29.0,96.625
2024-12-20,96.625,29,0.2283464566929134,0.29133858267716534,0.2125984251968504,0.2125984251968504,0.16535433070866143,0.23884514435695528,0.19572553430821146,0.2440944881889764,2024-12-21,0.2047244094488189,26.0,87.29166666666667
2024-12-21,87.29166666666667,26,0.2047244094488189,0.2283464566929134,0.29133858267716534,0.2125984251968504,0.12598425196850394,0.2440944881889763,0.2047244094488189,0.247244094488189,2024-12-22,0.1968503937007874,25.0,84.79166666666667
2024-12-22,84.79166666666667,25,0.1968503937007874,0.2047244094488189,0.2283464566929134,0.29133858267716534,0.25984251968503935,0.2414698162729658,0.21597300337457817,0.24671916010498687,2024-12-23,0.2283464566929134,29.0,97.54166666666669
2024-12-23,97.54166666666669,29,0.2283464566929134,0.1968503937007874,0.2047244094488189,0.2283464566929134,0.10236220472440945,0.2099737532808398,0.20697412823397074,0.24881889763779527,2024-12-24,0.10236220472440945,13.0,47.458333333333336
2024-12-24,47.458333333333336,13,0.10236220472440945,0.2283464566929134,0.1968503937007874,0.2047244094488189,0.2125984251968504,0.2099737532808398,0.22497187851518557,0.24593175853018373,2024-12-25,0.2204724409448819,28.0,92.41666666666669
2024-12-25,92.41666666666669,28,0.2204724409448819,0.10236220472440945,0.2283464566929134,0.1968503937007874,0.2125984251968504,0.1758530183727033,0.2092238470191226,0.23858267716535436,2024-12-26,0.15748031496062992,20.0,69.375
2024-12-26,69.375,20,0.15748031496062992,0.2204724409448819,0.10236220472440945,0.2283464566929134,0.29133858267716534,0.1837270341207348,0.21034870641169853,0.24094488188976376,2024-12-27,0.2755905511811024,35.0,113.54166666666669
2024-12-27,113.54166666666669,35,0.2755905511811024,0.15748031496062992,0.2204724409448819,0.10236220472440945,0.2283464566929134,0.16010498687664032,0.19122609673790777,0.24146981627296588,2024-12-28,0.1889763779527559,24.0,80.0
2024-12-28,80.0,24,0.1889763779527559,0.2755905511811024,0.15748031496062992,0.2204724409448819,0.2047244094488189,0.2178477690288713,0.19797525309336333,0.2409448818897638,2024-12-29,0.12598425196850394,16.0,57.25
2024-12-29,57.25,16,0.12598425196850394,0.1889763779527559,0.2755905511811024,0.15748031496062992,0.1968503937007874,0.20734908136482932,0.19572553430821146,0.23622047244094488,2024-12-30,0.15748031496062992,20.0,69.20833333333333
2024-12-30,69.20833333333333,20,0.15748031496062992,0.12598425196850394,0.1889763779527559,0.2755905511811024,0.2283464566929134,0.1968503937007873,0.18560179977502814,0.22965879265091865,2024-12-31,0.25196850393700787,32.0,105.5
