data_local,localidade,latitude_fabrica,longitude_fabrica,precipitacao_corrigida_mm_dia,nebulosidade_percentual,irradiacao_all_sky_kwh_m2_dia,irradiacao_clear_sky_kwh_m2_dia,indice_all_sky_clear_sky,chuva_relevante,muito_nublado,condicao_adversa_independente,fonte_contexto,time_standard
2024-01-01,BMW San Luis Potosi,21.9682649,-100.8491733,0.0,69.55,4.8614,5.2416,0.9274648962148961,False,False,False,NASA POWER Daily API,LST
2024-01-02,BMW San Luis Potosi,21.9682649,-100.8491733,0.01,98.4,2.515,5.1408,0.4892234671646437,False,True,True,NASA POWER Daily API,LST
2024-01-03,BMW San Luis Potosi,21.9682649,-100.8491733,0.0,22.1,5.4137,5.436,0.995897718910964,False,False,False,NASA POWER Daily API,LST
2024-01-04,BMW San Luis Potosi,21.9682649,-100.8491733,0.0,15.49,5.2718,5.351,0.9851990282190245,False,False,False,NASA POWER Daily API,LST
2024-01-05,BMW San Luis Potosi,21.9682649,-100.8491733,0.0,11.82,5.3878,5.4468,0.9891679518249249,False,False,False,NASA POWER Daily API,LST
2024-01-06,BMW San Luis Potosi,21.9682649,-100.8491733,0.04,38.94,5.3563,5.4437,0.9839447434649228,False,False,False,NASA POWER Daily API,LST
2024-01-07,BMW San Luis Potosi,21.9682649,-100.8491733,0.12,88.74,1.8478,5.155,0.35844810863239573,False,True,True,NASA POWER Daily API,LST
2024-01-08,BMW San Luis Potosi,21.9682649,-100.8491733,0.0,79.97,4.3723,5.3918,0.8109165770243704,False,False,False,NASA POWER Daily API,LST
2024-01-09,BMW San Luis Potosi,21.9682649,-100.8491733,0.0,71.97,5.1084,5.4775,0.9326152441807393,False,False,False,NASA POWER Daily API,LST
2024-01-10,BMW San Luis Potosi,21.9682649,-100.8491733,0.0,92.38,3.9802,5.4888,0.7251493951319049,False,True,True,NASA POWER Daily API,LST
2024-01-11,BMW San Luis Potosi,21.9682649,-100.8491733,0.0,88.54,4.0272,5.4338,0.7411387978946593,False,True,True,NASA POWER Daily API,LST
2024-01-12,BMW San Luis Potosi,21.9682649,-100.8491733,0.0,57.44,4.7539,5.5433,0.8575938520375949,False,False,False,NASA POWER Daily API,LST
2024-01-13,BMW San Luis Potosi,21.9682649,-100.8491733,0.0,88.8,4.1285,5.3959,0.7651179599325413,False,True,True,NASA POWER Daily API,LST
2024-01-14,BMW San Luis Potosi,21.9682649,-100.8491733,0.0,58.69,4.7424,5.609,0.8454983062934569,False,False,False,NASA POWER Daily API,LST
2024-01-15,BMW San Luis Potosi,21.9682649,-100.8491733,0.0,7.69,5.555,5.5783,0.995823100227668,False,False,False,NASA POWER Daily API,LST
2024-01-16,BMW San Luis Potosi,21.9682649,-100.8491733,0.0,38.27,5.135,5.5224,0.9298493408662899,False,False,False,NASA POWER Daily API,LST
2024-01-17,BMW San Luis Potosi,21.9682649,-100.8491733,0.0,81.1,4.2302,5.467,0.7737698920797513,False,True,True,NASA POWER Daily API,LST
2024-01-18,BMW San Luis Potosi,21.9682649,-100.8491733,0.0,97.37,3.4207,5.4502,0.6276283439139848,False,True,True,NASA POWER Daily API,LST
2024-01-19,BMW San Luis Potosi,21.9682649,-100.8491733,0.02,98.26,3.2448,5.3683,0.604437158877112,False,True,True,NASA POWER Daily API,LST
2024-01-20,BMW San Luis Potosi,21.9682649,-100.8491733,0.52,98.13,2.0513,5.0328,0.40758623430297247,False,True,True,NASA POWER Daily API,LST
2024-01-21,BMW San Luis Potosi,21.9682649,-100.8491733,0.21,79.26,4.1162,5.3066,0.7756755738137413,False,False,False,NASA POWER Daily API,LST
2024-01-22,BMW San Luis Potosi,21.9682649,-100.8491733,0.04,76.93,3.5186,5.4199,0.6492001697448293,False,False,False,NASA POWER Daily API,LST
2024-01-23,BMW San Luis Potosi,21.9682649,-100.8491733,0.0,49.05,4.825,5.5908,0.8630249695929026,False,False,False,NASA POWER Daily API,LST
2024-01-24,BMW San Luis Potosi,21.9682649,-100.8491733,0.0,54.65,5.2853,5.6738,0.9315273714265572,False,False,False,NASA POWER Daily API,LST
2024-01-25,BMW San Luis Potosi,21.9682649,-100.8491733,0.01,38.36,5.243,5.6858,0.9221217770586373,False,False,False,NASA POWER Daily API,LST
2024-01-26,BMW San Luis Potosi,21.9682649,-100.8491733,0.0,3.41,5.857,5.8646,0.9987040889404222,False,False,False,NASA POWER Daily API,LST
2024-01-27,BMW San Luis Potosi,21.9682649,-100.8491733,0.0,21.33,5.6698,5.8651,0.9667013350156008,False,False,False,NASA POWER Daily API,LST
2024-01-28,BMW San Luis Potosi,21.9682649,-100.8491733,0.0,79.95,4.0402,5.7326,0.7047761923036667,False,False,False,NASA POWER Daily API,LST
2024-01-29,BMW San Luis Potosi,21.9682649,-100.8491733,0.0,75.73,5.1218,5.8399,0.8770355656774945,False,False,False,NASA POWER Daily API,LST
2024-01-30,BMW San Luis Potosi,21.9682649,-100.8491733,0.0,93.91,3.439,5.611,0.6129032258064516,False,True,True,NASA POWER Daily API,LST
2024-01-31,BMW San Luis Potosi,21.9682649,-100.8491733,0.0,92.51,3.6626,5.4355,0.6738294545120044,False,True,True,NASA POWER Daily API,LST
2024-02-01,BMW San Luis Potosi,21.9682649,-100.8491733,0.0,59.13,4.2019,5.6088,0.7491620310939953,False,False,False,NASA POWER Daily API,LST
2024-02-02,BMW San Luis Potosi,21.9682649,-100.8491733,0.0,18.99,5.0467,5.9107,0.8538244201194444,False,False,False,NASA POWER Daily API,LST
2024-02-03,BMW San Luis Potosi,21.9682649,-100.8491733,0.0,5.11,6.1613,6.2057,0.9928452873970703,False,False,False,NASA POWER Daily API,LST
2024-02-04,BMW San Luis Potosi,21.9682649,-100.8491733,0.0,0.71,6.3881,6.3989,0.9983122099110784,False,False,False,NASA POWER Daily API,LST
2024-02-05,BMW San Luis Potosi,21.9682649,-100.8491733,0.0,0.99,6.407,6.4174,0.9983794059899648,False,False,False,NASA POWER Daily API,LST
2024-02-06,BMW San Luis Potosi,21.9682649,-100.8491733,0.0,0.95,6.3514,6.3629,0.9981926480064122,False,False,False,NASA POWER Daily API,LST
2024-02-07,BMW San Luis Potosi,21.9682649,-100.8491733,0.0,16.01,6.1387,6.265,0.9798403830806066,False,False,False,NASA POWER Daily API,LST
2024-02-08,BMW San Luis Potosi,21.9682649,-100.8491733,0.0,23.29,5.9393,6.275,0.9465019920318725,False,False,False,NASA POWER Daily API,LST
2024-02-09,BMW San Luis Potosi,21.9682649,-100.8491733,0.0,1.63,6.3605,6.3782,0.9972249223918974,False,False,False,NASA POWER Daily API,LST
2024-02-10,BMW San Luis Potosi,21.9682649,-100.8491733,0.0,36.87,5.9558,6.3233,0.9418816124491959,False,False,False,NASA POWER Daily API,LST
2024-02-11,BMW San Luis Potosi,21.9682649,-100.8491733,0.0,81.41,4.9949,6.2402,0.8004390884907536,False,True,True,NASA POWER Daily API,LST
2024-02-12,BMW San Luis Potosi,21.9682649,-100.8491733,0.0,98.08,3.0067,6.3151,0.47611280898164715,False,True,True,NASA POWER Daily API,LST
2024-02-13,BMW San Luis Potosi,21.9682649,-100.8491733,0.44,83.42,4.0222,6.162,0.6527426160337553,False,True,True,NASA POWER Daily API,LST
2024-02-14,BMW San Luis Potosi,21.9682649,-100.8491733,0.98,83.92,2.9542,5.9407,0.49728146514720495,False,True,True,NASA POWER Daily API,LST
2024-02-15,BMW San Luis Potosi,21.9682649,-100.8491733,1.31,97.05,3.8263,5.9438,0.643746424846058,True,True,True,NASA POWER Daily API,LST
2024-02-16,BMW San Luis Potosi,21.9682649,-100.8491733,6.15,94.82,2.2594,6.079,0.3716729725283764,True,True,True,NASA POWER Daily API,LST
2024-02-17,BMW San Luis Potosi,21.9682649,-100.8491733,2.63,81.26,3.511,6.3446,0.5533839800775463,True,True,True,NASA POWER Daily API,LST
2024-02-18,BMW San Luis Potosi,21.9682649,-100.8491733,0.12,30.7,6.3547,6.6641,0.9535721252682282,False,False,False,NASA POWER Daily API,LST
2024-02-19,BMW San Luis Potosi,21.9682649,-100.8491733,0.0,1.89,6.7075,6.745,0.9944403261675314,False,False,False,NASA POWER Daily API,LST
2024-02-20,BMW San Luis Potosi,21.9682649,-100.8491733,0.0,0.47,6.8465,6.8501,0.9994744602268579,False,False,False,NASA POWER Daily API,LST
2024-02-21,BMW San Luis Potosi,21.9682649,-100.8491733,0.0,1.39,7.0382,7.0601,0.996898060933981,False,False,False,NASA POWER Daily API,LST
2024-02-22,BMW San Luis Potosi,21.9682649,-100.8491733,0.0,4.06,6.9864,7.0397,0.9924286546301688,False,False,False,NASA POWER Daily API,LST
2024-02-23,BMW San Luis Potosi,21.9682649,-100.8491733,0.0,25.42,6.2206,6.7759,0.9180477870098437,False,False,False,NASA POWER Daily API,LST
2024-02-24,BMW San Luis Potosi,21.9682649,-100.8491733,0.0,39.11,6.2234,6.583,0.945374449339207,False,False,False,NASA POWER Daily API,LST
2024-02-25,BMW San Luis Potosi,21.9682649,-100.8491733,0.0,2.14,6.7524,6.7582,0.9991417833150837,False,False,False,NASA POWER Daily API,LST
2024-02-26,BMW San Luis Potosi,21.9682649,-100.8491733,0.0,5.23,6.8059,6.8911,0.9876362264369986,False,False,False,NASA POWER Daily API,LST
2024-02-27,BMW San Luis Potosi,21.9682649,-100.8491733,0.0,1.77,6.9418,6.9547,0.9981451392583433,False,False,False,NASA POWER Daily API,LST
2024-02-28,BMW San Luis Potosi,21.9682649,-100.8491733,0.04,32.08,6.6408,6.9355,0.9575084709105327,False,False,False,NASA POWER Daily API,LST
2024-02-29,BMW San Luis Potosi,21.9682649,-100.8491733,0.08,74.85,5.3597,6.612,0.8106019358741682,False,False,False,NASA POWER Daily API,LST
2024-03-01,BMW San Luis Potosi,21.9682649,-100.8491733,0.0,57.03,6.2549,7.0829,0.8830987307458809,False,False,False,NASA POWER Daily API,LST
2024-03-02,BMW San Luis Potosi,21.9682649,-100.8491733,0.0,27.23,6.9434,7.0783,0.9809417515505136,False,False,False,NASA POWER Daily API,LST
2024-03-03,BMW San Luis Potosi,21.9682649,-100.8491733,0.0,1.19,7.1602,7.1664,0.9991348515293591,False,False,False,NASA POWER Daily API,LST
2024-03-04,BMW San Luis Potosi,21.9682649,-100.8491733,0.0,3.38,7.1935,7.2022,0.998792035766849,False,False,False,NASA POWER Daily API,LST
2024-03-05,BMW San Luis Potosi,21.9682649,-100.8491733,0.0,12.68,7.0277,7.3819,0.9520177732020212,False,False,False,NASA POWER Daily API,LST
2024-03-06,BMW San Luis Potosi,21.9682649,-100.8491733,0.0,8.99,7.2468,7.3459,0.9865094814794647,False,False,False,NASA POWER Daily API,LST
2024-03-07,BMW San Luis Potosi,21.9682649,-100.8491733,0.0,42.11,7.2473,7.4904,0.9675451244259319,False,False,False,NASA POWER Daily API,LST
2024-03-08,BMW San Luis Potosi,21.9682649,-100.8491733,0.0,61.57,6.8371,7.5694,0.9032552117737206,False,False,False,NASA POWER Daily API,LST
2024-03-09,BMW San Luis Potosi,21.9682649,-100.8491733,0.0,54.51,6.8299,7.3229,0.9326769449261905,False,False,False,NASA POWER Daily API,LST
2024-03-10,BMW San Luis Potosi,21.9682649,-100.8491733,0.01,81.27,5.0141,7.1491,0.7013610104768433,False,True,True,NASA POWER Daily API,LST
2024-03-11,BMW San Luis Potosi,21.9682649,-100.8491733,0.01,35.43,7.001,7.272,0.9627337733773378,False,False,False,NASA POWER Daily API,LST
2024-03-12,BMW San Luis Potosi,21.9682649,-100.8491733,0.0,32.82,6.7884,7.3452,0.9241953929096552,False,False,False,NASA POWER Daily API,LST
2024-03-13,BMW San Luis Potosi,21.9682649,-100.8491733,0.0,43.03,6.719,7.4189,0.9056598687136908,False,False,False,NASA POWER Daily API,LST
2024-03-14,BMW San Luis Potosi,21.9682649,-100.8491733,0.0,58.27,6.9425,7.4069,0.9373017051668039,False,False,False,NASA POWER Daily API,LST
2024-03-15,BMW San Luis Potosi,21.9682649,-100.8491733,0.0,75.66,5.8162,7.4482,0.7808866571789157,False,False,False,NASA POWER Daily API,LST
2024-03-16,BMW San Luis Potosi,21.9682649,-100.8491733,0.25,27.74,6.6247,7.3685,0.8990567958200447,False,False,False,NASA POWER Daily API,LST
2024-03-17,BMW San Luis Potosi,21.9682649,-100.8491733,0.03,49.56,6.2777,7.5754,0.828695514428281,False,False,False,NASA POWER Daily API,LST
2024-03-18,BMW San Luis Potosi,21.9682649,-100.8491733,0.07,44.24,7.0613,7.5218,0.938777952085937,False,False,False,NASA POWER Daily API,LST
2024-03-19,BMW San Luis Potosi,21.9682649,-100.8491733,0.01,74.27,5.8978,7.3164,0.8061068284948882,False,False,False,NASA POWER Daily API,LST
2024-03-20,BMW San Luis Potosi,21.9682649,-100.8491733,0.0,72.26,5.4674,7.2857,0.7504289224096516,False,False,False,NASA POWER Daily API,LST
2024-03-21,BMW San Luis Potosi,21.9682649,-100.8491733,0.0,9.19,7.3697,7.5914,0.9707959006243907,False,False,False,NASA POWER Daily API,LST
2024-03-22,BMW San Luis Potosi,21.9682649,-100.8491733,0.0,4.81,7.991,8.0342,0.9946229867317218,False,False,False,NASA POWER Daily API,LST
2024-03-23,BMW San Luis Potosi,21.9682649,-100.8491733,0.0,15.25,7.5302,7.6325,0.986596790042581,False,False,False,NASA POWER Daily API,LST
2024-03-24,BMW San Luis Potosi,21.9682649,-100.8491733,0.0,42.18,7.8619,8.1982,0.9589788002244396,False,False,False,NASA POWER Daily API,LST
2024-03-25,BMW San Luis Potosi,21.9682649,-100.8491733,0.0,45.13,7.2379,8.1283,0.8904567990846795,False,False,False,NASA POWER Daily API,LST
2024-03-26,BMW San Luis Potosi,21.9682649,-100.8491733,0.0,2.54,8.1998,8.2344,0.9957981152239385,False,False,False,NASA POWER Daily API,LST
2024-03-27,BMW San Luis Potosi,21.9682649,-100.8491733,0.02,9.48,8.3335,8.352,0.9977849616858239,False,False,False,NASA POWER Daily API,LST
2024-03-28,BMW San Luis Potosi,21.9682649,-100.8491733,0.11,47.86,6.5412,7.5818,0.8627502703843414,False,False,False,NASA POWER Daily API,LST
2024-03-29,BMW San Luis Potosi,21.9682649,-100.8491733,0.0,10.74,7.7851,7.8929,0.9863421556082048,False,False,False,NASA POWER Daily API,LST
2024-03-30,BMW San Luis Potosi,21.9682649,-100.8491733,0.0,10.33,8.0628,8.0856,0.9971801721579103,False,False,False,NASA POWER Daily API,LST
2024-03-31,BMW San Luis Potosi,21.9682649,-100.8491733,0.0,5.77,7.859,7.9363,0.990259944810554,False,False,False,NASA POWER Daily API,LST
2024-04-01,BMW San Luis Potosi,21.9682649,-100.8491733,0.0,42.04,7.1772,7.7743,0.9231956574868476,False,False,False,NASA POWER Daily API,LST
2024-04-02,BMW San Luis Potosi,21.9682649,-100.8491733,0.0,69.08,7.1208,7.7695,0.9165068537228908,False,False,False,NASA POWER Daily API,LST
2024-04-03,BMW San Luis Potosi,21.9682649,-100.8491733,0.0,21.31,7.8679,7.997,0.9838564461673127,False,False,False,NASA POWER Daily API,LST
2024-04-04,BMW San Luis Potosi,21.9682649,-100.8491733,0.0,17.17,8.0249,8.207,0.9778116242232241,False,False,False,NASA POWER Daily API,LST
2024-04-05,BMW San Luis Potosi,21.9682649,-100.8491733,0.0,6.17,8.2219,8.2476,0.996883941995247,False,False,False,NASA POWER Daily API,LST
2024-04-06,BMW San Luis Potosi,21.9682649,-100.8491733,0.0,14.02,7.9577,8.1187,0.9801692389175606,False,False,False,NASA POWER Daily API,LST
2024-04-07,BMW San Luis Potosi,21.9682649,-100.8491733,0.0,11.16,7.9709,8.0976,0.984353388658368,False,False,False,NASA POWER Daily API,LST
2024-04-08,BMW San Luis Potosi,21.9682649,-100.8491733,0.0,21.07,8.0148,8.1094,0.9883345253656249,False,False,False,NASA POWER Daily API,LST
2024-04-09,BMW San Luis Potosi,21.9682649,-100.8491733,0.0,33.07,7.6946,8.1689,0.9419383270697401,False,False,False,NASA POWER Daily API,LST
2024-04-10,BMW San Luis Potosi,21.9682649,-100.8491733,0.0,5.19,8.0858,8.2428,0.9809530741980881,False,False,False,NASA POWER Daily API,LST
2024-04-11,BMW San Luis Potosi,21.9682649,-100.8491733,0.0,18.01,7.7062,7.9786,0.9658586719474594,False,False,False,NASA POWER Daily API,LST
2024-04-12,BMW San Luis Potosi,21.9682649,-100.8491733,0.0,26.24,7.6507,7.7484,0.9873909452274017,False,False,False,NASA POWER Daily API,LST
2024-04-13,BMW San Luis Potosi,21.9682649,-100.8491733,0.0,40.35,7.1232,7.7114,0.9237233187229297,False,False,False,NASA POWER Daily API,LST
2024-04-14,BMW San Luis Potosi,21.9682649,-100.8491733,0.0,52.03,6.9151,7.6188,0.9076363731821284,False,False,False,NASA POWER Daily API,LST
2024-04-15,BMW San Luis Potosi,21.9682649,-100.8491733,0.0,60.91,5.9969,7.4026,0.8101072596114879,False,False,False,NASA POWER Daily API,LST
2024-04-16,BMW San Luis Potosi,21.9682649,-100.8491733,0.01,70.52,5.7694,7.625,0.7566426229508196,False,False,False,NASA POWER Daily API,LST
2024-04-17,BMW San Luis Potosi,21.9682649,-100.8491733,0.11,37.98,7.1522,7.715,0.927051198963059,False,False,False,NASA POWER Daily API,LST
2024-04-18,BMW San Luis Potosi,21.9682649,-100.8491733,0.07,29.53,6.9226,7.8082,0.8865807740580415,False,False,False,NASA POWER Daily API,LST
2024-04-19,BMW San Luis Potosi,21.9682649,-100.8491733,0.0,47.72,6.5477,7.6884,0.8516336298839811,False,False,False,NASA POWER Daily API,LST
2024-04-20,BMW San Luis Potosi,21.9682649,-100.8491733,0.0,18.92,7.5475,8.1326,0.9280549885645427,False,False,False,NASA POWER Daily API,LST
2024-04-21,BMW San Luis Potosi,21.9682649,-100.8491733,1.08,37.89,7.0171,7.9802,0.8793138016591063,True,False,True,NASA POWER Daily API,LST
2024-04-22,BMW San Luis Potosi,21.9682649,-100.8491733,1.35,72.51,5.4643,7.8552,0.6956283735614625,True,False,True,NASA POWER Daily API,LST
2024-04-23,BMW San Luis Potosi,21.9682649,-100.8491733,0.23,47.24,7.4292,8.1862,0.9075273020449048,False,False,False,NASA POWER Daily API,LST
2024-04-24,BMW San Luis Potosi,21.9682649,-100.8491733,0.0,27.6,7.4899,8.0273,0.933053455084524,False,False,False,NASA POWER Daily API,LST
2024-04-25,BMW San Luis Potosi,21.9682649,-100.8491733,0.0,42.41,7.2468,8.0201,0.9035797558633933,False,False,False,NASA POWER Daily API,LST
2024-04-26,BMW San Luis Potosi,21.9682649,-100.8491733,0.0,75.07,6.023,8.137,0.7401990905739215,False,False,False,NASA POWER Daily API,LST
2024-04-27,BMW San Luis Potosi,21.9682649,-100.8491733,0.0,37.39,8.4809,8.6818,0.9768596374023819,False,False,False,NASA POWER Daily API,LST
2024-04-28,BMW San Luis Potosi,21.9682649,-100.8491733,0.0,17.71,8.3458,8.7677,0.9518801966308155,False,False,False,NASA POWER Daily API,LST
2024-04-29,BMW San Luis Potosi,21.9682649,-100.8491733,0.0,10.5,8.1336,8.5284,0.9537076122133108,False,False,False,NASA POWER Daily API,LST
2024-04-30,BMW San Luis Potosi,21.9682649,-100.8491733,0.0,6.66,8.1067,8.2392,0.9839183415865618,False,False,False,NASA POWER Daily API,LST
2024-05-01,BMW San Luis Potosi,21.9682649,-100.8491733,0.0,37.02,7.1126,8.2246,0.8647958563334386,False,False,False,NASA POWER Daily API,LST
2024-05-02,BMW San Luis Potosi,21.9682649,-100.8491733,0.0,40.86,7.7282,8.3338,0.9273320694041134,False,False,False,NASA POWER Daily API,LST
2024-05-03,BMW San Luis Potosi,21.9682649,-100.8491733,0.0,5.36,8.1682,8.3047,0.9835635242693896,False,False,False,NASA POWER Daily API,LST
2024-05-04,BMW San Luis Potosi,21.9682649,-100.8491733,0.0,20.97,7.8497,8.2282,0.9539996597068618,False,False,False,NASA POWER Daily API,LST
2024-05-05,BMW San Luis Potosi,21.9682649,-100.8491733,0.0,21.06,7.932,8.3779,0.9467766385371036,False,False,False,NASA POWER Daily API,LST
2024-05-06,BMW San Luis Potosi,21.9682649,-100.8491733,0.0,63.32,6.4517,8.1833,0.7883983234147593,False,False,False,NASA POWER Daily API,LST
2024-05-07,BMW San Luis Potosi,21.9682649,-100.8491733,0.0,65.42,7.1018,8.1982,0.8662633260959722,False,False,False,NASA POWER Daily API,LST
2024-05-08,BMW San Luis Potosi,21.9682649,-100.8491733,0.0,56.27,7.0265,8.0083,0.8774021952224568,False,False,False,NASA POWER Daily API,LST
2024-05-09,BMW San Luis Potosi,21.9682649,-100.8491733,0.0,24.66,7.6166,8.1934,0.9296018746796202,False,False,False,NASA POWER Daily API,LST
2024-05-10,BMW San Luis Potosi,21.9682649,-100.8491733,0.0,60.95,6.3168,7.5362,0.8381943154374883,False,False,False,NASA POWER Daily API,LST
2024-05-11,BMW San Luis Potosi,21.9682649,-100.8491733,0.97,49.1,6.7198,7.3733,0.9113694004041609,False,False,False,NASA POWER Daily API,LST
2024-05-12,BMW San Luis Potosi,21.9682649,-100.8491733,0.03,14.65,7.7153,8.0234,0.9615998205249644,False,False,False,NASA POWER Daily API,LST
2024-05-13,BMW San Luis Potosi,21.9682649,-100.8491733,0.0,14.52,7.8727,8.1276,0.9686377282346573,False,False,False,NASA POWER Daily API,LST
2024-05-14,BMW San Luis Potosi,21.9682649,-100.8491733,0.0,8.5,8.0818,8.2637,0.9779880682987039,False,False,False,NASA POWER Daily API,LST
2024-05-15,BMW San Luis Potosi,21.9682649,-100.8491733,0.0,8.13,8.5394,8.5786,0.9954304898235145,False,False,False,NASA POWER Daily API,LST
2024-05-16,BMW San Luis Potosi,21.9682649,-100.8491733,0.0,1.08,8.5752,8.5865,0.9986839806673268,False,False,False,NASA POWER Daily API,LST
2024-05-17,BMW San Luis Potosi,21.9682649,-100.8491733,0.0,4.22,8.6201,8.6426,0.9973966167588458,False,False,False,NASA POWER Daily API,LST
2024-05-18,BMW San Luis Potosi,21.9682649,-100.8491733,0.0,12.8,8.2176,8.4091,0.9772270516464305,False,False,False,NASA POWER Daily API,LST
2024-05-19,BMW San Luis Potosi,21.9682649,-100.8491733,0.11,20.58,7.4954,7.8586,0.9537831165856514,False,False,False,NASA POWER Daily API,LST
2024-05-20,BMW San Luis Potosi,21.9682649,-100.8491733,0.0,10.23,7.5706,7.9478,0.9525403256247011,False,False,False,NASA POWER Daily API,LST
2024-05-21,BMW San Luis Potosi,21.9682649,-100.8491733,0.0,23.38,7.7602,8.0021,0.969770435260744,False,False,False,NASA POWER Daily API,LST
2024-05-22,BMW San Luis Potosi,21.9682649,-100.8491733,0.0,12.63,8.0201,8.1281,0.986712761900075,False,False,False,NASA POWER Daily API,LST
2024-05-23,BMW San Luis Potosi,21.9682649,-100.8491733,0.04,22.14,7.6426,8.1583,0.9367883014843778,False,False,False,NASA POWER Daily API,LST
2024-05-24,BMW San Luis Potosi,21.9682649,-100.8491733,0.21,30.99,8.1874,8.3388,0.9818439103947809,False,False,False,NASA POWER Daily API,LST
2024-05-25,BMW San Luis Potosi,21.9682649,-100.8491733,0.23,48.83,7.5564,8.1624,0.9257571302558071,False,False,False,NASA POWER Daily API,LST
2024-05-26,BMW San Luis Potosi,21.9682649,-100.8491733,0.01,41.32,7.6217,8.2462,0.9242681477529043,False,False,False,NASA POWER Daily API,LST
2024-05-27,BMW San Luis Potosi,21.9682649,-100.8491733,1.48,48.77,6.6233,7.903,0.8380741490573201,True,False,True,NASA POWER Daily API,LST
2024-05-28,BMW San Luis Potosi,21.9682649,-100.8491733,0.56,76.0,5.9398,7.3471,0.8084550366811395,False,False,False,NASA POWER Daily API,LST
2024-05-29,BMW San Luis Potosi,21.9682649,-100.8491733,0.09,35.01,7.4203,7.8758,0.9421646055003936,False,False,False,NASA POWER Daily API,LST
2024-05-30,BMW San Luis Potosi,21.9682649,-100.8491733,0.82,27.14,7.7328,8.0868,0.9562249591927585,False,False,False,NASA POWER Daily API,LST
2024-05-31,BMW San Luis Potosi,21.9682649,-100.8491733,0.07,37.53,7.2079,7.7738,0.9272041987187735,False,False,False,NASA POWER Daily API,LST
2024-06-01,BMW San Luis Potosi,21.9682649,-100.8491733,0.0,35.4,7.253,7.4556,0.9728257953752885,False,False,False,NASA POWER Daily API,LST
2024-06-02,BMW San Luis Potosi,21.9682649,-100.8491733,9.56,67.2,5.9938,7.5984,0.7888239629395662,True,False,True,NASA POWER Daily API,LST
2024-06-03,BMW San Luis Potosi,21.9682649,-100.8491733,0.12,67.81,6.5952,7.9008,0.8347509113001215,False,False,False,NASA POWER Daily API,LST
2024-06-04,BMW San Luis Potosi,21.9682649,-100.8491733,0.05,39.58,7.219,8.1631,0.8843454079945119,False,False,False,NASA POWER Daily API,LST
2024-06-05,BMW San Luis Potosi,21.9682649,-100.8491733,0.13,42.6,7.1568,8.0755,0.8862361463686459,False,False,False,NASA POWER Daily API,LST
2024-06-06,BMW San Luis Potosi,21.9682649,-100.8491733,0.01,33.86,6.4428,7.248,0.8889072847682119,False,False,False,NASA POWER Daily API,LST
2024-06-07,BMW San Luis Potosi,21.9682649,-100.8491733,3.56,42.99,7.0615,7.6824,0.919178902426325,True,False,True,NASA POWER Daily API,LST
2024-06-08,BMW San Luis Potosi,21.9682649,-100.8491733,7.89,79.33,5.7437,7.8802,0.7288774396588918,True,False,True,NASA POWER Daily API,LST
2024-06-09,BMW San Luis Potosi,21.9682649,-100.8491733,5.46,67.22,6.2275,7.8818,0.7901113958740389,True,False,True,NASA POWER Daily API,LST
2024-06-10,BMW San Luis Potosi,21.9682649,-100.8491733,3.88,54.39,6.709,7.7474,0.865967937630689,True,False,True,NASA POWER Daily API,LST
2024-06-11,BMW San Luis Potosi,21.9682649,-100.8491733,0.0,44.25,7.7856,8.1521,0.9550422590498152,False,False,False,NASA POWER Daily API,LST
2024-06-12,BMW San Luis Potosi,21.9682649,-100.8491733,0.0,10.53,7.7441,8.0333,0.9639998506217868,False,False,False,NASA POWER Daily API,LST
2024-06-13,BMW San Luis Potosi,21.9682649,-100.8491733,0.0,34.74,7.4611,8.1727,0.9129296315783033,False,False,False,NASA POWER Daily API,LST
2024-06-14,BMW San Luis Potosi,21.9682649,-100.8491733,0.0,33.63,7.0642,8.2022,0.8612567359976592,False,False,False,NASA POWER Daily API,LST
2024-06-15,BMW San Luis Potosi,21.9682649,-100.8491733,0.0,30.25,7.4587,8.3947,0.8885010780611576,False,False,False,NASA POWER Daily API,LST
2024-06-16,BMW San Luis Potosi,21.9682649,-100.8491733,0.06,8.48,8.388,8.489,0.9881022499705501,False,False,False,NASA POWER Daily API,LST
2024-06-17,BMW San Luis Potosi,21.9682649,-100.8491733,0.22,7.82,8.2433,8.4194,0.9790840202389719,False,False,False,NASA POWER Daily API,LST
2024-06-18,BMW San Luis Potosi,21.9682649,-100.8491733,2.17,7.83,8.3179,8.3717,0.9935735872045104,True,False,True,NASA POWER Daily API,LST
2024-06-19,BMW San Luis Potosi,21.9682649,-100.8491733,28.68,60.24,6.6233,8.2142,0.8063231964159626,True,False,True,NASA POWER Daily API,LST
2024-06-20,BMW San Luis Potosi,21.9682649,-100.8491733,43.61,99.55,1.849,7.9634,0.23218725669939974,True,True,True,NASA POWER Daily API,LST
2024-06-21,BMW San Luis Potosi,21.9682649,-100.8491733,20.0,92.84,3.8945,8.1487,0.47792899480898793,True,True,True,NASA POWER Daily API,LST
2024-06-22,BMW San Luis Potosi,21.9682649,-100.8491733,2.88,95.67,4.0778,8.1235,0.5019757493691143,True,True,True,NASA POWER Daily API,LST
2024-06-23,BMW San Luis Potosi,21.9682649,-100.8491733,3.98,75.74,5.083,7.807,0.6510823619828359,True,False,True,NASA POWER Daily API,LST
2024-06-24,BMW San Luis Potosi,21.9682649,-100.8491733,50.7,97.01,3.2354,7.435,0.43515803631472766,True,True,True,NASA POWER Daily API,LST
2024-06-25,BMW San Luis Potosi,21.9682649,-100.8491733,1.28,75.84,6.1877,8.1072,0.763235149003355,True,False,True,NASA POWER Daily API,LST
2024-06-26,BMW San Luis Potosi,21.9682649,-100.8491733,0.33,47.36,7.296,8.2104,0.8886290558316282,False,False,False,NASA POWER Daily API,LST
2024-06-27,BMW San Luis Potosi,21.9682649,-100.8491733,0.0,62.19,6.5971,7.9332,0.8315812030454294,False,False,False,NASA POWER Daily API,LST
2024-06-28,BMW San Luis Potosi,21.9682649,-100.8491733,0.0,86.53,6.0355,7.7894,0.7748350322232778,False,True,True,NASA POWER Daily API,LST
2024-06-29,BMW San Luis Potosi,21.9682649,-100.8491733,3.99,83.89,5.0491,7.8518,0.6430500012735934,True,True,True,NASA POWER Daily API,LST
2024-06-30,BMW San Luis Potosi,21.9682649,-100.8491733,4.88,86.37,3.6617,7.957,0.46018599974864904,True,True,True,NASA POWER Daily API,LST
2024-07-01,BMW San Luis Potosi,21.9682649,-100.8491733,0.25,99.9,2.9292,7.7837,0.3763248840525714,False,True,True,NASA POWER Daily API,LST
2024-07-02,BMW San Luis Potosi,21.9682649,-100.8491733,0.53,69.26,5.9962,8.0578,0.7441485268931967,False,False,False,NASA POWER Daily API,LST
2024-07-03,BMW San Luis Potosi,21.9682649,-100.8491733,1.98,71.02,6.3734,8.0052,0.7961574976265428,True,False,True,NASA POWER Daily API,LST
2024-07-04,BMW San Luis Potosi,21.9682649,-100.8491733,0.93,57.81,6.6396,7.975,0.832551724137931,False,False,False,NASA POWER Daily API,LST
2024-07-05,BMW San Luis Potosi,21.9682649,-100.8491733,0.15,26.16,7.6512,8.2342,0.929197736270676,False,False,False,NASA POWER Daily API,LST
2024-07-06,BMW San Luis Potosi,21.9682649,-100.8491733,0.1,9.08,8.1173,8.2867,0.9795576043539649,False,False,False,NASA POWER Daily API,LST
2024-07-07,BMW San Luis Potosi,21.9682649,-100.8491733,1.13,34.85,7.5876,8.161,0.9297390025732142,True,False,True,NASA POWER Daily API,LST
2024-07-08,BMW San Luis Potosi,21.9682649,-100.8491733,4.77,75.66,6.4855,7.8689,0.8241939788280446,True,False,True,NASA POWER Daily API,LST
2024-07-09,BMW San Luis Potosi,21.9682649,-100.8491733,0.58,46.03,7.4609,8.0208,0.9301939956114104,False,False,False,NASA POWER Daily API,LST
2024-07-10,BMW San Luis Potosi,21.9682649,-100.8491733,6.14,92.36,3.5969,8.0544,0.44657578466428294,True,True,True,NASA POWER Daily API,LST
2024-07-11,BMW San Luis Potosi,21.9682649,-100.8491733,15.06,98.4,2.8169,7.5806,0.3715932775769728,True,True,True,NASA POWER Daily API,LST
2024-07-12,BMW San Luis Potosi,21.9682649,-100.8491733,6.72,95.46,3.4783,7.464,0.4660101822079314,True,True,True,NASA POWER Daily API,LST
2024-07-13,BMW San Luis Potosi,21.9682649,-100.8491733,6.74,77.51,5.9136,7.6951,0.768489038479032,True,False,True,NASA POWER Daily API,LST
2024-07-14,BMW San Luis Potosi,21.9682649,-100.8491733,1.53,54.62,6.8242,7.8274,0.8718348365996372,True,False,True,NASA POWER Daily API,LST
2024-07-15,BMW San Luis Potosi,21.9682649,-100.8491733,0.07,53.22,7.0274,8.011,0.8772188241168395,False,False,False,NASA POWER Daily API,LST
2024-07-16,BMW San Luis Potosi,21.9682649,-100.8491733,8.25,86.38,6.4438,7.877,0.8180525580804876,True,True,True,NASA POWER Daily API,LST
2024-07-17,BMW San Luis Potosi,21.9682649,-100.8491733,10.62,93.94,4.879,7.5302,0.6479243579187803,True,True,True,NASA POWER Daily API,LST
2024-07-18,BMW San Luis Potosi,21.9682649,-100.8491733,3.73,83.38,5.7413,7.463,0.7693018893206485,True,True,True,NASA POWER Daily API,LST
2024-07-19,BMW San Luis Potosi,21.9682649,-100.8491733,6.62,83.46,5.3995,7.6315,0.707528008910437,True,True,True,NASA POWER Daily API,LST
2024-07-20,BMW San Luis Potosi,21.9682649,-100.8491733,3.67,73.72,6.4217,7.8653,0.8164596391746024,True,False,True,NASA POWER Daily API,LST
2024-07-21,BMW San Luis Potosi,21.9682649,-100.8491733,1.07,56.94,6.3058,8.039,0.7844010449060829,True,False,True,NASA POWER Daily API,LST
2024-07-22,BMW San Luis Potosi,21.9682649,-100.8491733,1.1,58.66,5.6971,7.8962,0.7214989488614776,True,False,True,NASA POWER Daily API,LST
2024-07-23,BMW San Luis Potosi,21.9682649,-100.8491733,3.24,74.54,5.6753,7.7974,0.7278451791622849,True,False,True,NASA POWER Daily API,LST
2024-07-24,BMW San Luis Potosi,21.9682649,-100.8491733,14.43,92.96,4.4561,7.6116,0.5854353880918598,True,True,True,NASA POWER Daily API,LST
2024-07-25,BMW San Luis Potosi,21.9682649,-100.8491733,29.51,99.38,2.7158,7.3202,0.37100079232807853,True,True,True,NASA POWER Daily API,LST
2024-07-26,BMW San Luis Potosi,21.9682649,-100.8491733,21.22,99.35,3.379,7.3966,0.4568315171835708,True,True,True,NASA POWER Daily API,LST
2024-07-27,BMW San Luis Potosi,21.9682649,-100.8491733,6.06,81.07,4.6159,7.7239,0.5976126050311371,True,True,True,NASA POWER Daily API,LST
2024-07-28,BMW San Luis Potosi,21.9682649,-100.8491733,4.39,76.47,5.1202,7.5194,0.6809319892544617,True,False,True,NASA POWER Daily API,LST
2024-07-29,BMW San Luis Potosi,21.9682649,-100.8491733,0.55,55.27,6.942,7.8785,0.8811321952148252,False,False,False,NASA POWER Daily API,LST
2024-07-30,BMW San Luis Potosi,21.9682649,-100.8491733,0.18,77.11,5.3376,7.6757,0.6953893455971443,False,False,False,NASA POWER Daily API,LST
2024-07-31,BMW San Luis Potosi,21.9682649,-100.8491733,0.21,72.93,6.5446,7.8403,0.8347384666403072,False,False,False,NASA POWER Daily API,LST
2024-08-01,BMW San Luis Potosi,21.9682649,-100.8491733,0.05,34.44,7.3814,7.9836,0.9245703692569768,False,False,False,NASA POWER Daily API,LST
2024-08-02,BMW San Luis Potosi,21.9682649,-100.8491733,0.02,72.26,5.7566,7.817,0.7364206217218882,False,False,False,NASA POWER Daily API,LST
2024-08-03,BMW San Luis Potosi,21.9682649,-100.8491733,0.0,36.51,7.7503,8.0714,0.9602175582922416,False,False,False,NASA POWER Daily API,LST
2024-08-04,BMW San Luis Potosi,21.9682649,-100.8491733,0.0,33.59,7.6217,8.1602,0.9340089703683733,False,False,False,NASA POWER Daily API,LST
2024-08-05,BMW San Luis Potosi,21.9682649,-100.8491733,0.04,8.0,8.0285,8.1319,0.987284644425042,False,False,False,NASA POWER Daily API,LST
2024-08-06,BMW San Luis Potosi,21.9682649,-100.8491733,0.73,47.86,6.8556,7.9378,0.8636649953387588,False,False,False,NASA POWER Daily API,LST
2024-08-07,BMW San Luis Potosi,21.9682649,-100.8491733,0.48,24.13,7.2684,7.7045,0.9433967162048152,False,False,False,NASA POWER Daily API,LST
2024-08-08,BMW San Luis Potosi,21.9682649,-100.8491733,0.05,31.63,7.0481,7.6805,0.9176616105722283,False,False,False,NASA POWER Daily API,LST
2024-08-09,BMW San Luis Potosi,21.9682649,-100.8491733,0.15,40.02,6.7997,7.5192,0.9043116288966911,False,False,False,NASA POWER Daily API,LST
2024-08-10,BMW San Luis Potosi,21.9682649,-100.8491733,0.04,73.05,5.7838,7.7501,0.7462871446820042,False,False,False,NASA POWER Daily API,LST
2024-08-11,BMW San Luis Potosi,21.9682649,-100.8491733,0.17,82.33,6.6118,7.7616,0.8518604411461554,False,True,True,NASA POWER Daily API,LST
2024-08-12,BMW San Luis Potosi,21.9682649,-100.8491733,3.81,94.71,3.7541,7.5986,0.494051535809228,True,True,True,NASA POWER Daily API,LST
2024-08-13,BMW San Luis Potosi,21.9682649,-100.8491733,1.2,77.57,5.8663,7.6812,0.763721814299849,True,False,True,NASA POWER Daily API,LST
2024-08-14,BMW San Luis Potosi,21.9682649,-100.8491733,0.7,57.5,6.7519,7.7921,0.8665058199971767,False,False,False,NASA POWER Daily API,LST
2024-08-15,BMW San Luis Potosi,21.9682649,-100.8491733,0.9,52.06,7.0644,7.7352,0.9132795532112938,False,False,False,NASA POWER Daily API,LST
2024-08-16,BMW San Luis Potosi,21.9682649,-100.8491733,0.51,97.59,4.3771,7.2238,0.605927628118165,False,True,True,NASA POWER Daily API,LST
2024-08-17,BMW San Luis Potosi,21.9682649,-100.8491733,0.45,93.84,4.9049,7.2864,0.6731582125603863,False,True,True,NASA POWER Daily API,LST
2024-08-18,BMW San Luis Potosi,21.9682649,-100.8491733,0.4,93.65,5.5094,7.2523,0.7596762406409002,False,True,True,NASA POWER Daily API,LST
2024-08-19,BMW San Luis Potosi,21.9682649,-100.8491733,0.38,63.86,7.0944,7.7724,0.9127682569090628,False,False,False,NASA POWER Daily API,LST
2024-08-20,BMW San Luis Potosi,21.9682649,-100.8491733,1.33,70.47,6.0696,7.6265,0.7958565528092835,True,False,True,NASA POWER Daily API,LST
2024-08-21,BMW San Luis Potosi,21.9682649,-100.8491733,0.62,59.51,5.9441,7.7582,0.7661699878837874,False,False,False,NASA POWER Daily API,LST
2024-08-22,BMW San Luis Potosi,21.9682649,-100.8491733,0.12,29.12,7.1318,7.7962,0.9147789948949488,False,False,False,NASA POWER Daily API,LST
2024-08-23,BMW San Luis Potosi,21.9682649,-100.8491733,0.09,58.26,7.0354,7.7093,0.9125860973110399,False,False,False,NASA POWER Daily API,LST
2024-08-24,BMW San Luis Potosi,21.9682649,-100.8491733,0.02,55.88,6.6833,7.7258,0.8650625177975096,False,False,False,NASA POWER Daily API,LST
2024-08-25,BMW San Luis Potosi,21.9682649,-100.8491733,0.01,18.56,7.279,7.6795,0.9478481671983853,False,False,False,NASA POWER Daily API,LST
2024-08-26,BMW San Luis Potosi,21.9682649,-100.8491733,0.05,17.38,7.3171,7.65,0.956483660130719,False,False,False,NASA POWER Daily API,LST
2024-08-27,BMW San Luis Potosi,21.9682649,-100.8491733,0.21,42.95,6.5431,7.6277,0.8578077270999122,False,False,False,NASA POWER Daily API,LST
2024-08-28,BMW San Luis Potosi,21.9682649,-100.8491733,0.23,46.94,6.7546,7.6267,0.8856517235501593,False,False,False,NASA POWER Daily API,LST
2024-08-29,BMW San Luis Potosi,21.9682649,-100.8491733,1.58,62.06,6.0821,7.4518,0.8161920609785555,True,False,True,NASA POWER Daily API,LST
2024-08-30,BMW San Luis Potosi,21.9682649,-100.8491733,1.41,70.73,6.2981,7.3248,0.8598323503713412,True,False,True,NASA POWER Daily API,LST
2024-08-31,BMW San Luis Potosi,21.9682649,-100.8491733,0.9,46.71,6.9418,7.4311,0.9341551048969869,False,False,False,NASA POWER Daily API,LST
2024-09-01,BMW San Luis Potosi,21.9682649,-100.8491733,1.59,48.1,6.8755,7.4417,0.9239152344222422,True,False,True,NASA POWER Daily API,LST
2024-09-02,BMW San Luis Potosi,21.9682649,-100.8491733,2.66,61.94,5.7264,7.3037,0.784040965538015,True,False,True,NASA POWER Daily API,LST
2024-09-03,BMW San Luis Potosi,21.9682649,-100.8491733,2.78,73.34,5.4137,7.1904,0.7529066533155319,True,False,True,NASA POWER Daily API,LST
2024-09-04,BMW San Luis Potosi,21.9682649,-100.8491733,20.93,86.86,5.5654,6.9991,0.7951593776342673,True,True,True,NASA POWER Daily API,LST
2024-09-05,BMW San Luis Potosi,21.9682649,-100.8491733,4.54,94.5,4.6673,6.9022,0.676204688360233,True,True,True,NASA POWER Daily API,LST
2024-09-06,BMW San Luis Potosi,21.9682649,-100.8491733,9.83,98.5,3.0202,7.0279,0.4297443048421292,True,True,True,NASA POWER Daily API,LST
2024-09-07,BMW San Luis Potosi,21.9682649,-100.8491733,5.96,92.42,3.7608,7.063,0.5324649582330455,True,True,True,NASA POWER Daily API,LST
2024-09-08,BMW San Luis Potosi,21.9682649,-100.8491733,0.26,91.29,4.9294,6.9523,0.7090315435179725,False,True,True,NASA POWER Daily API,LST
2024-09-09,BMW San Luis Potosi,21.9682649,-100.8491733,0.01,95.88,4.842,6.2167,0.7788698183923946,False,True,True,NASA POWER Daily API,LST
2024-09-10,BMW San Luis Potosi,21.9682649,-100.8491733,0.88,75.18,5.0731,6.7985,0.746208722512319,False,False,False,NASA POWER Daily API,LST
2024-09-11,BMW San Luis Potosi,21.9682649,-100.8491733,2.53,96.35,3.8357,6.8419,0.5606191262660957,True,True,True,NASA POWER Daily API,LST
2024-09-12,BMW San Luis Potosi,21.9682649,-100.8491733,8.84,92.38,5.0186,6.8906,0.7283255449452878,True,True,True,NASA POWER Daily API,LST
2024-09-13,BMW San Luis Potosi,21.9682649,-100.8491733,13.85,66.42,6.3523,7.0716,0.8982832739408337,True,False,True,NASA POWER Daily API,LST
2024-09-14,BMW San Luis Potosi,21.9682649,-100.8491733,5.76,92.51,4.877,6.7219,0.7255389101295765,True,True,True,NASA POWER Daily API,LST
2024-09-15,BMW San Luis Potosi,21.9682649,-100.8491733,8.88,91.8,3.7706,6.5705,0.5738680465717981,True,True,True,NASA POWER Daily API,LST
2024-09-16,BMW San Luis Potosi,21.9682649,-100.8491733,6.7,94.27,4.3606,6.7757,0.643564502560621,True,True,True,NASA POWER Daily API,LST
2024-09-17,BMW San Luis Potosi,21.9682649,-100.8491733,2.61,55.87,5.7694,6.9367,0.8317211354102094,True,False,True,NASA POWER Daily API,LST
2024-09-18,BMW San Luis Potosi,21.9682649,-100.8491733,0.43,37.19,6.2376,6.9722,0.8946387080118183,False,False,False,NASA POWER Daily API,LST
2024-09-19,BMW San Luis Potosi,21.9682649,-100.8491733,0.22,37.96,5.9184,6.9641,0.8498442009735644,False,False,False,NASA POWER Daily API,LST
2024-09-20,BMW San Luis Potosi,21.9682649,-100.8491733,0.05,29.52,6.1306,6.8839,0.890570752044626,False,False,False,NASA POWER Daily API,LST
2024-09-21,BMW San Luis Potosi,21.9682649,-100.8491733,0.07,30.4,6.455,7.1203,0.9065629257194219,False,False,False,NASA POWER Daily API,LST
2024-09-22,BMW San Luis Potosi,21.9682649,-100.8491733,0.29,26.64,6.2153,6.9864,0.8896284209320967,False,False,False,NASA POWER Daily API,LST
2024-09-23,BMW San Luis Potosi,21.9682649,-100.8491733,2.77,38.9,6.595,7.189,0.9173737654750312,True,False,True,NASA POWER Daily API,LST
2024-09-24,BMW San Luis Potosi,21.9682649,-100.8491733,1.51,51.53,5.9081,7.0714,0.8354922646152106,True,False,True,NASA POWER Daily API,LST
2024-09-25,BMW San Luis Potosi,21.9682649,-100.8491733,0.38,55.79,5.2231,6.9842,0.7478451361644854,False,False,False,NASA POWER Daily API,LST
2024-09-26,BMW San Luis Potosi,21.9682649,-100.8491733,0.64,98.99,4.3039,6.841,0.629133167665546,False,True,True,NASA POWER Daily API,LST
2024-09-27,BMW San Luis Potosi,21.9682649,-100.8491733,3.31,99.22,2.5829,6.5573,0.39389687828831993,True,True,True,NASA POWER Daily API,LST
2024-09-28,BMW San Luis Potosi,21.9682649,-100.8491733,0.72,87.6,3.2518,6.641,0.4896551724137931,False,True,True,NASA POWER Daily API,LST
2024-09-29,BMW San Luis Potosi,21.9682649,-100.8491733,0.05,84.43,3.5462,6.6192,0.5357445008460237,False,True,True,NASA POWER Daily API,LST
2024-09-30,BMW San Luis Potosi,21.9682649,-100.8491733,0.0,41.36,5.6602,6.6967,0.8452222736571744,False,False,False,NASA POWER Daily API,LST
2024-10-01,BMW San Luis Potosi,21.9682649,-100.8491733,0.01,59.75,3.9223,6.7793,0.5785700588556341,False,False,False,NASA POWER Daily API,LST
2024-10-02,BMW San Luis Potosi,21.9682649,-100.8491733,0.0,61.12,6.3542,6.9257,0.9174812654316531,False,False,False,NASA POWER Daily API,LST
2024-10-03,BMW San Luis Potosi,21.9682649,-100.8491733,0.0,37.78,6.5122,6.7457,0.9653853565975362,False,False,False,NASA POWER Daily API,LST
2024-10-04,BMW San Luis Potosi,21.9682649,-100.8491733,0.0,62.75,5.5013,6.5606,0.8385361095021796,False,False,False,NASA POWER Daily API,LST
2024-10-05,BMW San Luis Potosi,21.9682649,-100.8491733,0.09,63.92,5.7113,6.4882,0.8802595481027095,False,False,False,NASA POWER Daily API,LST
2024-10-06,BMW San Luis Potosi,21.9682649,-100.8491733,1.15,92.48,3.9823,6.6257,0.6010383808503252,True,True,True,NASA POWER Daily API,LST
2024-10-07,BMW San Luis Potosi,21.9682649,-100.8491733,0.1,92.8,3.1656,6.4882,0.4879011127893715,False,True,True,NASA POWER Daily API,LST
2024-10-08,BMW San Luis Potosi,21.9682649,-100.8491733,0.01,82.87,3.6902,6.3175,0.5841234665611397,False,True,True,NASA POWER Daily API,LST
2024-10-09,BMW San Luis Potosi,21.9682649,-100.8491733,0.0,25.27,6.5722,6.7022,0.9806033839634746,False,False,False,NASA POWER Daily API,LST
2024-10-10,BMW San Luis Potosi,21.9682649,-100.8491733,0.0,5.92,6.7572,6.773,0.9976672080318914,False,False,False,NASA POWER Daily API,LST
2024-10-11,BMW San Luis Potosi,21.9682649,-100.8491733,0.0,3.51,6.7454,6.7781,0.9951756391909237,False,False,False,NASA POWER Daily API,LST
2024-10-12,BMW San Luis Potosi,21.9682649,-100.8491733,0.0,26.22,5.982,6.7279,0.8891333105426656,False,False,False,NASA POWER Daily API,LST
2024-10-13,BMW San Luis Potosi,21.9682649,-100.8491733,0.0,31.22,6.0365,6.6684,0.9052396376941996,False,False,False,NASA POWER Daily API,LST
2024-10-14,BMW San Luis Potosi,21.9682649,-100.8491733,0.0,3.98,6.4637,6.5009,0.9942777153932534,False,False,False,NASA POWER Daily API,LST
2024-10-15,BMW San Luis Potosi,21.9682649,-100.8491733,0.0,15.91,6.0571,6.4582,0.9378929113375245,False,False,False,NASA POWER Daily API,LST
2024-10-16,BMW San Luis Potosi,21.9682649,-100.8491733,0.2,41.19,5.4893,6.1891,0.8869302483398233,False,False,False,NASA POWER Daily API,LST
2024-10-17,BMW San Luis Potosi,21.9682649,-100.8491733,1.06,70.05,4.3366,6.3761,0.680133624002133,True,False,True,NASA POWER Daily API,LST
2024-10-18,BMW San Luis Potosi,21.9682649,-100.8491733,0.39,54.36,5.1972,6.2834,0.8271318076200782,False,False,False,NASA POWER Daily API,LST
2024-10-19,BMW San Luis Potosi,21.9682649,-100.8491733,1.34,84.79,3.3398,6.2777,0.5320101310989693,True,True,True,NASA POWER Daily API,LST
2024-10-20,BMW San Luis Potosi,21.9682649,-100.8491733,3.87,77.36,3.701,6.2988,0.5875722359814568,True,False,True,NASA POWER Daily API,LST
2024-10-21,BMW San Luis Potosi,21.9682649,-100.8491733,6.36,97.11,2.2822,6.1562,0.37071570124427405,True,True,True,NASA POWER Daily API,LST
2024-10-22,BMW San Luis Potosi,21.9682649,-100.8491733,0.27,39.36,5.5901,6.2575,0.8933439872153415,False,False,False,NASA POWER Daily API,LST
2024-10-23,BMW San Luis Potosi,21.9682649,-100.8491733,0.01,19.26,6.1586,6.3922,0.9634554613435125,False,False,False,NASA POWER Daily API,LST
2024-10-24,BMW San Luis Potosi,21.9682649,-100.8491733,0.0,11.28,6.2748,6.3583,0.98686755893871,False,False,False,NASA POWER Daily API,LST
2024-10-25,BMW San Luis Potosi,21.9682649,-100.8491733,0.0,12.93,6.132,6.3154,0.9709598758590112,False,False,False,NASA POWER Daily API,LST
2024-10-26,BMW San Luis Potosi,21.9682649,-100.8491733,0.0,59.77,4.5106,6.329,0.7126876283773108,False,False,False,NASA POWER Daily API,LST
2024-10-27,BMW San Luis Potosi,21.9682649,-100.8491733,0.02,44.99,4.7009,6.3528,0.7399729253242664,False,False,False,NASA POWER Daily API,LST
2024-10-28,BMW San Luis Potosi,21.9682649,-100.8491733,0.01,15.78,6.0218,6.2647,0.9612271936405573,False,False,False,NASA POWER Daily API,LST
2024-10-29,BMW San Luis Potosi,21.9682649,-100.8491733,0.26,46.33,5.5723,6.0221,0.9253084472194085,False,False,False,NASA POWER Daily API,LST
2024-10-30,BMW San Luis Potosi,21.9682649,-100.8491733,0.06,31.69,5.6208,5.987,0.938834140638049,False,False,False,NASA POWER Daily API,LST
2024-10-31,BMW San Luis Potosi,21.9682649,-100.8491733,0.03,27.3,5.6746,6.0113,0.9439888210536822,False,False,False,NASA POWER Daily API,LST
2024-11-01,BMW San Luis Potosi,21.9682649,-100.8491733,0.02,55.25,4.4455,5.603,0.7934142423701589,False,False,False,NASA POWER Daily API,LST
2024-11-02,BMW San Luis Potosi,21.9682649,-100.8491733,0.0,51.33,4.3634,5.4722,0.7973758269069113,False,False,False,NASA POWER Daily API,LST
2024-11-03,BMW San Luis Potosi,21.9682649,-100.8491733,0.0,23.04,4.8384,5.7134,0.8468512619456016,False,False,False,NASA POWER Daily API,LST
2024-11-04,BMW San Luis Potosi,21.9682649,-100.8491733,0.0,3.92,5.8601,5.9561,0.9838820704823626,False,False,False,NASA POWER Daily API,LST
2024-11-05,BMW San Luis Potosi,21.9682649,-100.8491733,0.0,7.3,6.0293,6.047,0.9970729287249877,False,False,False,NASA POWER Daily API,LST
2024-11-06,BMW San Luis Potosi,21.9682649,-100.8491733,0.0,16.33,5.7137,5.9508,0.9601566175976339,False,False,False,NASA POWER Daily API,LST
2024-11-07,BMW San Luis Potosi,21.9682649,-100.8491733,0.01,44.55,5.1257,5.6606,0.9055047168144721,False,False,False,NASA POWER Daily API,LST
2024-11-08,BMW San Luis Potosi,21.9682649,-100.8491733,0.0,33.47,5.3006,5.5867,0.9487890883705944,False,False,False,NASA POWER Daily API,LST
2024-11-09,BMW San Luis Potosi,21.9682649,-100.8491733,0.02,33.39,5.1778,5.4007,0.9587275723517323,False,False,False,NASA POWER Daily API,LST
2024-11-10,BMW San Luis Potosi,21.9682649,-100.8491733,0.01,21.16,5.441,5.5596,0.9786675300381322,False,False,False,NASA POWER Daily API,LST
2024-11-11,BMW San Luis Potosi,21.9682649,-100.8491733,0.0,16.95,5.4821,5.579,0.9826312959311705,False,False,False,NASA POWER Daily API,LST
2024-11-12,BMW San Luis Potosi,21.9682649,-100.8491733,0.02,5.53,5.5992,5.617,0.9968310486024567,False,False,False,NASA POWER Daily API,LST
2024-11-13,BMW San Luis Potosi,21.9682649,-100.8491733,0.01,10.97,5.3551,5.5495,0.9649698171006397,False,False,False,NASA POWER Daily API,LST
2024-11-14,BMW San Luis Potosi,21.9682649,-100.8491733,1.4,66.1,2.7012,5.153,0.5241994954395498,True,False,True,NASA POWER Daily API,LST
2024-11-15,BMW San Luis Potosi,21.9682649,-100.8491733,0.28,25.71,5.2555,5.5788,0.9420484692048469,False,False,False,NASA POWER Daily API,LST
2024-11-16,BMW San Luis Potosi,21.9682649,-100.8491733,0.0,16.17,5.3813,5.4684,0.9840721234730452,False,False,False,NASA POWER Daily API,LST
2024-11-17,BMW San Luis Potosi,21.9682649,-100.8491733,0.0,22.52,5.1127,5.2745,0.969324106550384,False,False,False,NASA POWER Daily API,LST
2024-11-18,BMW San Luis Potosi,21.9682649,-100.8491733,0.0,37.85,5.166,5.4134,0.9542985923818672,False,False,False,NASA POWER Daily API,LST
2024-11-19,BMW San Luis Potosi,21.9682649,-100.8491733,0.02,26.96,5.2759,5.4216,0.9731260144606758,False,False,False,NASA POWER Daily API,LST
2024-11-20,BMW San Luis Potosi,21.9682649,-100.8491733,0.08,94.69,2.2075,5.0251,0.43929474040317606,False,True,True,NASA POWER Daily API,LST
2024-11-21,BMW San Luis Potosi,21.9682649,-100.8491733,0.06,21.6,5.3263,5.3734,0.9912346000669966,False,False,False,NASA POWER Daily API,LST
2024-11-22,BMW San Luis Potosi,21.9682649,-100.8491733,0.0,14.05,5.5219,5.5855,0.9886133739146002,False,False,False,NASA POWER Daily API,LST
2024-11-23,BMW San Luis Potosi,21.9682649,-100.8491733,0.0,3.03,5.4876,5.5051,0.9968211294981018,False,False,False,NASA POWER Daily API,LST
2024-11-24,BMW San Luis Potosi,21.9682649,-100.8491733,0.0,0.72,5.4602,5.4713,0.9979712316999616,False,False,False,NASA POWER Daily API,LST
2024-11-25,BMW San Luis Potosi,21.9682649,-100.8491733,0.0,0.27,5.467,5.4708,0.9993054032317028,False,False,False,NASA POWER Daily API,LST
2024-11-26,BMW San Luis Potosi,21.9682649,-100.8491733,0.0,0.14,5.4792,5.4818,0.9995257032361633,False,False,False,NASA POWER Daily API,LST
2024-11-27,BMW San Luis Potosi,21.9682649,-100.8491733,0.0,0.17,5.5382,5.5414,0.9994225286028801,False,False,False,NASA POWER Daily API,LST
2024-11-28,BMW San Luis Potosi,21.9682649,-100.8491733,0.0,4.21,5.4257,5.4386,0.997628066046409,False,False,False,NASA POWER Daily API,LST
2024-11-29,BMW San Luis Potosi,21.9682649,-100.8491733,0.0,34.27,4.6913,5.1187,0.916502236896087,False,False,False,NASA POWER Daily API,LST
2024-11-30,BMW San Luis Potosi,21.9682649,-100.8491733,0.0,28.63,5.1216,5.2181,0.9815066786761465,False,False,False,NASA POWER Daily API,LST
2024-12-01,BMW San Luis Potosi,21.9682649,-100.8491733,0.0,15.05,5.1905,5.2339,0.9917079042396683,False,False,False,NASA POWER Daily API,LST
2024-12-02,BMW San Luis Potosi,21.9682649,-100.8491733,0.16,31.52,5.1552,5.2394,0.9839294575714777,False,False,False,NASA POWER Daily API,LST
2024-12-03,BMW San Luis Potosi,21.9682649,-100.8491733,0.06,27.01,4.9526,5.2284,0.9472496366001072,False,False,False,NASA POWER Daily API,LST
2024-12-04,BMW San Luis Potosi,21.9682649,-100.8491733,0.0,15.56,5.0806,5.1809,0.9806404292690458,False,False,False,NASA POWER Daily API,LST
2024-12-05,BMW San Luis Potosi,21.9682649,-100.8491733,0.3,38.19,4.7018,4.9865,0.9429058457836158,False,False,False,NASA POWER Daily API,LST
2024-12-06,BMW San Luis Potosi,21.9682649,-100.8491733,0.52,85.11,3.1896,4.8542,0.6570804664002308,False,True,True,NASA POWER Daily API,LST
2024-12-07,BMW San Luis Potosi,21.9682649,-100.8491733,0.11,93.61,3.0149,4.7738,0.6315513846411664,False,True,True,NASA POWER Daily API,LST
2024-12-08,BMW San Luis Potosi,21.9682649,-100.8491733,0.03,59.76,4.5434,4.8586,0.9351253447495164,False,False,False,NASA POWER Daily API,LST
2024-12-09,BMW San Luis Potosi,21.9682649,-100.8491733,0.0,11.31,4.9937,5.065,0.9859230009871667,False,False,False,NASA POWER Daily API,LST
2024-12-10,BMW San Luis Potosi,21.9682649,-100.8491733,0.02,14.56,5.0098,5.1089,0.9806024780285384,False,False,False,NASA POWER Daily API,LST
2024-12-11,BMW San Luis Potosi,21.9682649,-100.8491733,0.02,72.93,2.7554,5.0215,0.5487205018420791,False,False,False,NASA POWER Daily API,LST
2024-12-12,BMW San Luis Potosi,21.9682649,-100.8491733,0.0,31.04,4.9241,5.0479,0.9754749499791993,False,False,False,NASA POWER Daily API,LST
2024-12-13,BMW San Luis Potosi,21.9682649,-100.8491733,0.0,1.68,4.9906,4.9968,0.9987592058917706,False,False,False,NASA POWER Daily API,LST
2024-12-14,BMW San Luis Potosi,21.9682649,-100.8491733,0.0,11.86,4.9591,5.0052,0.9907895788380084,False,False,False,NASA POWER Daily API,LST
2024-12-15,BMW San Luis Potosi,21.9682649,-100.8491733,0.0,34.03,4.8307,5.0688,0.9530263573232323,False,False,False,NASA POWER Daily API,LST
2024-12-16,BMW San Luis Potosi,21.9682649,-100.8491733,0.0,51.83,4.8509,5.0465,0.9612404636877044,False,False,False,NASA POWER Daily API,LST
2024-12-17,BMW San Luis Potosi,21.9682649,-100.8491733,0.0,50.37,4.1602,5.1211,0.8123645310577805,False,False,False,NASA POWER Daily API,LST
2024-12-18,BMW San Luis Potosi,21.9682649,-100.8491733,2.57,67.71,4.3459,5.0287,0.8642193807544695,True,False,True,NASA POWER Daily API,LST
2024-12-19,BMW San Luis Potosi,21.9682649,-100.8491733,4.24,88.37,2.1353,4.8737,0.43812709030100333,True,True,True,NASA POWER Daily API,LST
2024-12-20,BMW San Luis Potosi,21.9682649,-100.8491733,1.26,88.78,2.4005,4.9022,0.4896781037085391,True,True,True,NASA POWER Daily API,LST
2024-12-21,BMW San Luis Potosi,21.9682649,-100.8491733,2.21,89.15,2.9278,4.8998,0.5975345932487041,True,True,True,NASA POWER Daily API,LST
2024-12-22,BMW San Luis Potosi,21.9682649,-100.8491733,2.47,79.95,3.5558,4.7076,0.7553318038915795,True,False,True,NASA POWER Daily API,LST
2024-12-23,BMW San Luis Potosi,21.9682649,-100.8491733,0.66,56.81,4.4112,4.9673,0.8880478328266865,False,False,False,NASA POWER Daily API,LST
2024-12-24,BMW San Luis Potosi,21.9682649,-100.8491733,0.11,35.89,4.3973,5.0042,0.8787218736261542,False,False,False,NASA POWER Daily API,LST
2024-12-25,BMW San Luis Potosi,21.9682649,-100.8491733,0.0,13.98,4.7198,5.1557,0.9154527998137983,False,False,False,NASA POWER Daily API,LST
2024-12-26,BMW San Luis Potosi,21.9682649,-100.8491733,0.0,0.77,5.3004,5.3057,0.9990010743163014,False,False,False,NASA POWER Daily API,LST
2024-12-27,BMW San Luis Potosi,21.9682649,-100.8491733,0.0,1.19,5.3599,5.3726,0.9976361538175184,False,False,False,NASA POWER Daily API,LST
2024-12-28,BMW San Luis Potosi,21.9682649,-100.8491733,0.0,3.16,5.3916,5.4113,0.9963594699979673,False,False,False,NASA POWER Daily API,LST
2024-12-29,BMW San Luis Potosi,21.9682649,-100.8491733,0.0,0.23,5.3782,5.3827,0.9991639883329927,False,False,False,NASA POWER Daily API,LST
2024-12-30,BMW San Luis Potosi,21.9682649,-100.8491733,0.0,0.46,5.3827,5.3885,0.998923633664285,False,False,False,NASA POWER Daily API,LST
2024-12-31,BMW San Luis Potosi,21.9682649,-100.8491733,0.0,17.52,5.3561,5.4305,0.9862996040880212,False,False,False,NASA POWER Daily API,LST
2024-01-01,BYD Camacari,-12.6733774,-38.2812339,0.11,32.7,6.8021,7.9694,0.8535272416995006,False,False,False,NASA POWER Daily API,LST
2024-01-02,BYD Camacari,-12.6733774,-38.2812339,0.04,27.48,7.5516,8.077,0.9349510957038504,False,False,False,NASA POWER Daily API,LST
2024-01-03,BYD Camacari,-12.6733774,-38.2812339,0.71,66.15,6.0322,7.7674,0.7766047840976388,False,False,False,NASA POWER Daily API,LST
2024-01-04,BYD Camacari,-12.6733774,-38.2812339,0.26,70.63,5.8889,7.7081,0.7639885315447386,False,False,False,NASA POWER Daily API,LST
2024-01-05,BYD Camacari,-12.6733774,-38.2812339,0.89,92.77,5.6424,7.7712,0.7260654725138975,False,True,True,NASA POWER Daily API,LST
2024-01-06,BYD Camacari,-12.6733774,-38.2812339,1.15,98.8,5.4161,7.8314,0.6915877110095258,True,True,True,NASA POWER Daily API,LST
2024-01-07,BYD Camacari,-12.6733774,-38.2812339,0.03,78.27,6.6576,7.9193,0.840680363163411,False,False,False,NASA POWER Daily API,LST
2024-01-08,BYD Camacari,-12.6733774,-38.2812339,2.94,39.24,7.1047,8.0866,0.8785769050033388,True,False,True,NASA POWER Daily API,LST
2024-01-09,BYD Camacari,-12.6733774,-38.2812339,17.76,64.81,4.5072,7.9649,0.5658828108325277,True,False,True,NASA POWER Daily API,LST
2024-01-10,BYD Camacari,-12.6733774,-38.2812339,4.04,29.04,6.7735,7.9721,0.8496506566651196,True,False,True,NASA POWER Daily API,LST
2024-01-11,BYD Camacari,-12.6733774,-38.2812339,0.3,31.8,6.1006,8.189,0.7449749664183661,False,False,False,NASA POWER Daily API,LST
2024-01-12,BYD Camacari,-12.6733774,-38.2812339,0.05,16.57,7.5766,8.2915,0.913779171440632,False,False,False,NASA POWER Daily API,LST
2024-01-13,BYD Camacari,-12.6733774,-38.2812339,0.01,13.53,7.7513,8.2771,0.9364753355643883,False,False,False,NASA POWER Daily API,LST
2024-01-14,BYD Camacari,-12.6733774,-38.2812339,0.23,14.96,7.4254,8.0606,0.9211969332307768,False,False,False,NASA POWER Daily API,LST
2024-01-15,BYD Camacari,-12.6733774,-38.2812339,0.92,29.65,6.5686,7.8439,0.8374150613852803,False,False,False,NASA POWER Daily API,LST
2024-01-16,BYD Camacari,-12.6733774,-38.2812339,0.15,36.6,6.4649,7.9848,0.8096508365895201,False,False,False,NASA POWER Daily API,LST
2024-01-17,BYD Camacari,-12.6733774,-38.2812339,0.22,11.38,7.572,8.2022,0.9231669552071397,False,False,False,NASA POWER Daily API,LST
2024-01-18,BYD Camacari,-12.6733774,-38.2812339,0.92,30.98,6.9744,7.9774,0.8742698122195202,False,False,False,NASA POWER Daily API,LST
2024-01-19,BYD Camacari,-12.6733774,-38.2812339,0.29,32.94,5.8241,7.8082,0.7458953407955738,False,False,False,NASA POWER Daily API,LST
2024-01-20,BYD Camacari,-12.6733774,-38.2812339,0.38,25.35,6.803,7.8912,0.8620995539334955,False,False,False,NASA POWER Daily API,LST
2024-01-21,BYD Camacari,-12.6733774,-38.2812339,0.16,51.81,6.6574,7.7873,0.8549047808611457,False,False,False,NASA POWER Daily API,LST
2024-01-22,BYD Camacari,-12.6733774,-38.2812339,1.0,86.84,4.5689,7.4275,0.6151329518680579,True,True,True,NASA POWER Daily API,LST
2024-01-23,BYD Camacari,-12.6733774,-38.2812339,1.92,93.78,3.2882,7.6387,0.43046591697540154,True,True,True,NASA POWER Daily API,LST
2024-01-24,BYD Camacari,-12.6733774,-38.2812339,7.57,88.75,4.7174,7.4974,0.6292047909942113,True,True,True,NASA POWER Daily API,LST
2024-01-25,BYD Camacari,-12.6733774,-38.2812339,6.1,98.56,2.6542,7.4503,0.3562541105727286,True,True,True,NASA POWER Daily API,LST
2024-01-26,BYD Camacari,-12.6733774,-38.2812339,14.79,92.37,4.8271,7.2926,0.6619175602665716,True,True,True,NASA POWER Daily API,LST
2024-01-27,BYD Camacari,-12.6733774,-38.2812339,34.85,96.06,3.6125,7.3886,0.48892889045285975,True,True,True,NASA POWER Daily API,LST
2024-01-28,BYD Camacari,-12.6733774,-38.2812339,1.02,95.3,5.1698,7.7278,0.6689872926317969,True,True,True,NASA POWER Daily API,LST
2024-01-29,BYD Camacari,-12.6733774,-38.2812339,0.08,46.96,7.1378,8.0455,0.8871791684792741,False,False,False,NASA POWER Daily API,LST
2024-01-30,BYD Camacari,-12.6733774,-38.2812339,0.01,22.19,7.6586,8.1382,0.9410680494458235,False,False,False,NASA POWER Daily API,LST
2024-01-31,BYD Camacari,-12.6733774,-38.2812339,0.0,12.31,7.9874,8.1434,0.9808433823709999,False,False,False,NASA POWER Daily API,LST
2024-02-01,BYD Camacari,-12.6733774,-38.2812339,0.37,32.48,7.7662,8.2056,0.9464512040557668,False,False,False,NASA POWER Daily API,LST
2024-02-02,BYD Camacari,-12.6733774,-38.2812339,1.11,86.26,6.2273,8.0741,0.7712686243668024,True,True,True,NASA POWER Daily API,LST
2024-02-03,BYD Camacari,-12.6733774,-38.2812339,0.11,56.01,7.4945,8.2169,0.9120836325134782,False,False,False,NASA POWER Daily API,LST
2024-02-04,BYD Camacari,-12.6733774,-38.2812339,2.46,25.62,7.4033,8.0294,0.9220240615737165,True,False,True,NASA POWER Daily API,LST
2024-02-05,BYD Camacari,-12.6733774,-38.2812339,5.03,48.65,6.8222,7.8946,0.8641603121120766,True,False,True,NASA POWER Daily API,LST
2024-02-06,BYD Camacari,-12.6733774,-38.2812339,0.1,66.44,7.086,7.9459,0.8917806667589575,False,False,False,NASA POWER Daily API,LST
2024-02-07,BYD Camacari,-12.6733774,-38.2812339,0.13,91.49,6.4051,7.9382,0.8068705751933688,False,True,True,NASA POWER Daily API,LST
2024-02-08,BYD Camacari,-12.6733774,-38.2812339,2.8,80.21,6.0787,7.7731,0.7820174705072622,True,True,True,NASA POWER Daily API,LST
2024-02-09,BYD Camacari,-12.6733774,-38.2812339,12.6,98.0,3.3264,7.5221,0.4422169341008495,True,True,True,NASA POWER Daily API,LST
2024-02-10,BYD Camacari,-12.6733774,-38.2812339,7.49,95.61,5.4326,7.5166,0.7227469866695048,True,True,True,NASA POWER Daily API,LST
2024-02-11,BYD Camacari,-12.6733774,-38.2812339,25.19,96.19,2.0657,7.6133,0.271327807915096,True,True,True,NASA POWER Daily API,LST
2024-02-12,BYD Camacari,-12.6733774,-38.2812339,5.44,81.63,5.7053,7.7294,0.7381297384014284,True,True,True,NASA POWER Daily API,LST
2024-02-13,BYD Camacari,-12.6733774,-38.2812339,3.9,38.78,6.6394,7.7801,0.8533823472706007,True,False,True,NASA POWER Daily API,LST
2024-02-14,BYD Camacari,-12.6733774,-38.2812339,0.57,13.47,7.079,7.9058,0.8954185534670748,False,False,False,NASA POWER Daily API,LST
2024-02-15,BYD Camacari,-12.6733774,-38.2812339,0.45,50.69,6.7025,7.841,0.8548016834587424,False,False,False,NASA POWER Daily API,LST
2024-02-16,BYD Camacari,-12.6733774,-38.2812339,6.36,91.41,5.6854,7.5499,0.7530430866633995,True,True,True,NASA POWER Daily API,LST
2024-02-17,BYD Camacari,-12.6733774,-38.2812339,7.18,70.26,6.4694,7.5314,0.858990360357968,True,False,True,NASA POWER Daily API,LST
2024-02-18,BYD Camacari,-12.6733774,-38.2812339,7.44,96.21,4.1182,7.3286,0.5619354310509511,True,True,True,NASA POWER Daily API,LST
2024-02-19,BYD Camacari,-12.6733774,-38.2812339,1.43,95.8,5.2925,7.1803,0.7370861941701601,True,True,True,NASA POWER Daily API,LST
2024-02-20,BYD Camacari,-12.6733774,-38.2812339,9.8,98.7,2.8301,7.4518,0.3797874339085858,True,True,True,NASA POWER Daily API,LST
2024-02-21,BYD Camacari,-12.6733774,-38.2812339,6.49,97.89,4.061,7.4153,0.5476514773508826,True,True,True,NASA POWER Daily API,LST
2024-02-22,BYD Camacari,-12.6733774,-38.2812339,5.96,95.38,4.5322,7.4779,0.6060792468473769,True,True,True,NASA POWER Daily API,LST
2024-02-23,BYD Camacari,-12.6733774,-38.2812339,7.22,66.76,3.8011,7.6939,0.49404073356815137,True,False,True,NASA POWER Daily API,LST
2024-02-24,BYD Camacari,-12.6733774,-38.2812339,3.24,60.8,3.9658,7.4575,0.5317867918203152,True,False,True,NASA POWER Daily API,LST
2024-02-25,BYD Camacari,-12.6733774,-38.2812339,0.34,23.39,6.9665,7.8086,0.8921573649565863,False,False,False,NASA POWER Daily API,LST
2024-02-26,BYD Camacari,-12.6733774,-38.2812339,0.63,48.46,6.7135,7.7359,0.8678369679028942,False,False,False,NASA POWER Daily API,LST
2024-02-27,BYD Camacari,-12.6733774,-38.2812339,0.95,33.16,7.2137,7.8072,0.9239804283225741,False,False,False,NASA POWER Daily API,LST
2024-02-28,BYD Camacari,-12.6733774,-38.2812339,0.52,20.43,6.671,7.8293,0.8520557393381273,False,False,False,NASA POWER Daily API,LST
2024-02-29,BYD Camacari,-12.6733774,-38.2812339,0.21,24.83,7.2288,7.7551,0.9321349821407847,False,False,False,NASA POWER Daily API,LST
2024-03-01,BYD Camacari,-12.6733774,-38.2812339,0.35,9.6,7.3147,7.673,0.9533037925192233,False,False,False,NASA POWER Daily API,LST
2024-03-02,BYD Camacari,-12.6733774,-38.2812339,0.35,35.07,7.0411,7.5506,0.9325219187879109,False,False,False,NASA POWER Daily API,LST
2024-03-03,BYD Camacari,-12.6733774,-38.2812339,2.76,28.5,6.7814,7.4741,0.9073199448763062,True,False,True,NASA POWER Daily API,LST
2024-03-04,BYD Camacari,-12.6733774,-38.2812339,8.71,83.65,4.0507,7.4611,0.5429092225007036,True,True,True,NASA POWER Daily API,LST
2024-03-05,BYD Camacari,-12.6733774,-38.2812339,5.29,70.74,4.6553,7.4573,0.6242607914392609,True,False,True,NASA POWER Daily API,LST
2024-03-06,BYD Camacari,-12.6733774,-38.2812339,1.55,21.99,6.8474,7.6238,0.8981610220624886,True,False,True,NASA POWER Daily API,LST
2024-03-07,BYD Camacari,-12.6733774,-38.2812339,1.5,24.99,6.7651,7.5365,0.897644795329397,True,False,True,NASA POWER Daily API,LST
2024-03-08,BYD Camacari,-12.6733774,-38.2812339,0.8,29.48,6.5995,7.5996,0.8684009684720249,False,False,False,NASA POWER Daily API,LST
2024-03-09,BYD Camacari,-12.6733774,-38.2812339,1.59,20.99,6.8174,7.6502,0.8911401009123945,True,False,True,NASA POWER Daily API,LST
2024-03-10,BYD Camacari,-12.6733774,-38.2812339,4.83,43.97,5.9177,7.4784,0.7913056268720582,True,False,True,NASA POWER Daily API,LST
2024-03-11,BYD Camacari,-12.6733774,-38.2812339,0.09,9.69,7.2869,7.6387,0.9539450430046997,False,False,False,NASA POWER Daily API,LST
2024-03-12,BYD Camacari,-12.6733774,-38.2812339,0.27,24.23,6.8868,7.6709,0.8977825287775881,False,False,False,NASA POWER Daily API,LST
2024-03-13,BYD Camacari,-12.6733774,-38.2812339,3.35,48.67,4.961,7.3627,0.6738017303434881,True,False,True,NASA POWER Daily API,LST
2024-03-14,BYD Camacari,-12.6733774,-38.2812339,8.23,80.86,4.5406,7.2288,0.6281263833554671,True,True,True,NASA POWER Daily API,LST
2024-03-15,BYD Camacari,-12.6733774,-38.2812339,1.73,15.23,6.9974,7.459,0.9381150288242392,True,False,True,NASA POWER Daily API,LST
2024-03-16,BYD Camacari,-12.6733774,-38.2812339,0.12,13.39,7.2245,7.5386,0.9583344387552065,False,False,False,NASA POWER Daily API,LST
2024-03-17,BYD Camacari,-12.6733774,-38.2812339,0.01,5.76,7.4198,7.5271,0.9857448419710115,False,False,False,NASA POWER Daily API,LST
2024-03-18,BYD Camacari,-12.6733774,-38.2812339,0.01,19.24,7.0831,7.4748,0.9475972601273612,False,False,False,NASA POWER Daily API,LST
2024-03-19,BYD Camacari,-12.6733774,-38.2812339,0.16,34.05,6.565,7.3896,0.8884107394175599,False,False,False,NASA POWER Daily API,LST
2024-03-20,BYD Camacari,-12.6733774,-38.2812339,0.02,49.56,6.3804,7.2912,0.8750822909809085,False,False,False,NASA POWER Daily API,LST
2024-03-21,BYD Camacari,-12.6733774,-38.2812339,0.0,14.67,7.1069,7.403,0.9600027016074566,False,False,False,NASA POWER Daily API,LST
2024-03-22,BYD Camacari,-12.6733774,-38.2812339,0.02,14.77,6.943,7.409,0.9371035227426103,False,False,False,NASA POWER Daily API,LST
2024-03-23,BYD Camacari,-12.6733774,-38.2812339,0.15,12.47,7.0793,7.4194,0.9541607138043506,False,False,False,NASA POWER Daily API,LST
2024-03-24,BYD Camacari,-12.6733774,-38.2812339,0.7,19.51,6.485,7.3522,0.8820489105301815,False,False,False,NASA POWER Daily API,LST
2024-03-25,BYD Camacari,-12.6733774,-38.2812339,5.36,64.32,5.4482,7.0654,0.7711099159283268,True,False,True,NASA POWER Daily API,LST
2024-03-26,BYD Camacari,-12.6733774,-38.2812339,1.85,67.84,5.1043,6.9494,0.7344950643220998,True,False,True,NASA POWER Daily API,LST
2024-03-27,BYD Camacari,-12.6733774,-38.2812339,10.6,85.86,4.7921,6.8695,0.6975907999126573,True,True,True,NASA POWER Daily API,LST
2024-03-28,BYD Camacari,-12.6733774,-38.2812339,2.15,93.65,4.9087,6.907,0.7106848125090487,True,True,True,NASA POWER Daily API,LST
2024-03-29,BYD Camacari,-12.6733774,-38.2812339,1.04,22.72,6.8813,7.0702,0.9732822268111229,True,False,True,NASA POWER Daily API,LST
2024-03-30,BYD Camacari,-12.6733774,-38.2812339,0.5,84.34,5.1761,7.0958,0.729459680374306,False,True,True,NASA POWER Daily API,LST
2024-03-31,BYD Camacari,-12.6733774,-38.2812339,0.55,95.24,5.9662,7.0718,0.8436607370117933,False,True,True,NASA POWER Daily API,LST
2024-04-01,BYD Camacari,-12.6733774,-38.2812339,5.81,93.27,5.7667,6.8693,0.8394887397551425,True,True,True,NASA POWER Daily API,LST
2024-04-02,BYD Camacari,-12.6733774,-38.2812339,4.77,86.83,4.6178,6.7843,0.6806597585602052,True,True,True,NASA POWER Daily API,LST
2024-04-03,BYD Camacari,-12.6733774,-38.2812339,3.19,74.86,4.8293,6.7399,0.7165239840353714,True,False,True,NASA POWER Daily API,LST
2024-04-04,BYD Camacari,-12.6733774,-38.2812339,10.92,87.22,4.4887,6.6552,0.6744650799374925,True,True,True,NASA POWER Daily API,LST
2024-04-05,BYD Camacari,-12.6733774,-38.2812339,3.85,90.16,4.3934,6.7769,0.6482905163127684,True,True,True,NASA POWER Daily API,LST
2024-04-06,BYD Camacari,-12.6733774,-38.2812339,11.15,75.88,4.283,6.6506,0.6440020449282772,True,False,True,NASA POWER Daily API,LST
2024-04-07,BYD Camacari,-12.6733774,-38.2812339,10.49,93.48,2.4166,6.5537,0.368738269984894,True,True,True,NASA POWER Daily API,LST
2024-04-08,BYD Camacari,-12.6733774,-38.2812339,42.74,97.67,3.6881,6.6214,0.5569970096958347,True,True,True,NASA POWER Daily API,LST
2024-04-09,BYD Camacari,-12.6733774,-38.2812339,6.04,76.11,4.195,6.6228,0.6334178897143203,True,False,True,NASA POWER Daily API,LST
2024-04-10,BYD Camacari,-12.6733774,-38.2812339,1.48,75.0,4.6102,6.5393,0.7049990060098176,True,False,True,NASA POWER Daily API,LST
2024-04-11,BYD Camacari,-12.6733774,-38.2812339,5.46,49.98,5.0434,6.5095,0.774775328366234,True,False,True,NASA POWER Daily API,LST
2024-04-12,BYD Camacari,-12.6733774,-38.2812339,3.48,38.25,5.3143,6.5818,0.8074235011698927,True,False,True,NASA POWER Daily API,LST
2024-04-13,BYD Camacari,-12.6733774,-38.2812339,1.13,22.47,5.8186,6.6734,0.8719093715347499,True,False,True,NASA POWER Daily API,LST
2024-04-14,BYD Camacari,-12.6733774,-38.2812339,2.65,46.13,4.8173,6.6679,0.7224613446512396,True,False,True,NASA POWER Daily API,LST
2024-04-15,BYD Camacari,-12.6733774,-38.2812339,5.64,66.13,4.5485,6.6091,0.6882177603607148,True,False,True,NASA POWER Daily API,LST
2024-04-16,BYD Camacari,-12.6733774,-38.2812339,22.43,97.14,2.2157,6.3876,0.3468751956916526,True,True,True,NASA POWER Daily API,LST
2024-04-17,BYD Camacari,-12.6733774,-38.2812339,10.42,96.46,3.227,6.2801,0.51384532093438,True,True,True,NASA POWER Daily API,LST
2024-04-18,BYD Camacari,-12.6733774,-38.2812339,0.54,44.74,4.8096,6.3746,0.7544943996486053,False,False,False,NASA POWER Daily API,LST
2024-04-19,BYD Camacari,-12.6733774,-38.2812339,0.28,34.76,5.1514,6.4253,0.8017368838809082,False,False,False,NASA POWER Daily API,LST
2024-04-20,BYD Camacari,-12.6733774,-38.2812339,1.98,67.4,4.6282,6.359,0.7278188394401635,True,False,True,NASA POWER Daily API,LST
2024-04-21,BYD Camacari,-12.6733774,-38.2812339,16.74,96.93,3.4776,6.2911,0.5527809127179666,True,True,True,NASA POWER Daily API,LST
2024-04-22,BYD Camacari,-12.6733774,-38.2812339,7.29,78.99,3.9758,6.3497,0.6261398176291793,True,False,True,NASA POWER Daily API,LST
2024-04-23,BYD Camacari,-12.6733774,-38.2812339,14.76,63.97,4.1018,6.2611,0.6551244988899714,True,False,True,NASA POWER Daily API,LST
2024-04-24,BYD Camacari,-12.6733774,-38.2812339,7.19,77.87,4.375,6.2388,0.701256651920241,True,False,True,NASA POWER Daily API,LST
2024-04-25,BYD Camacari,-12.6733774,-38.2812339,7.62,46.8,4.6536,6.2117,0.7491668947309109,True,False,True,NASA POWER Daily API,LST
2024-04-26,BYD Camacari,-12.6733774,-38.2812339,3.33,78.32,3.7454,6.1598,0.608039222052664,True,False,True,NASA POWER Daily API,LST
2024-04-27,BYD Camacari,-12.6733774,-38.2812339,3.47,41.59,4.1542,6.1356,0.6770649977182346,True,False,True,NASA POWER Daily API,LST
2024-04-28,BYD Camacari,-12.6733774,-38.2812339,1.09,21.8,5.8229,6.336,0.919018308080808,True,False,True,NASA POWER Daily API,LST
2024-04-29,BYD Camacari,-12.6733774,-38.2812339,0.67,19.55,5.604,6.2614,0.8950075063084934,False,False,False,NASA POWER Daily API,LST
2024-04-30,BYD Camacari,-12.6733774,-38.2812339,2.47,56.78,4.433,6.1673,0.7187910430820618,True,False,True,NASA POWER Daily API,LST
2024-05-01,BYD Camacari,-12.6733774,-38.2812339,4.09,46.9,4.3342,6.1841,0.7008618877443767,True,False,True,NASA POWER Daily API,LST
2024-05-02,BYD Camacari,-12.6733774,-38.2812339,1.35,31.57,4.8785,6.2191,0.7844382627711405,True,False,True,NASA POWER Daily API,LST
2024-05-03,BYD Camacari,-12.6733774,-38.2812339,4.6,25.13,5.1278,6.1841,0.8291909897964134,True,False,True,NASA POWER Daily API,LST
2024-05-04,BYD Camacari,-12.6733774,-38.2812339,2.83,44.92,4.506,6.1529,0.7323375969055242,True,False,True,NASA POWER Daily API,LST
2024-05-05,BYD Camacari,-12.6733774,-38.2812339,22.74,88.76,4.1748,6.0067,0.6950238899895117,True,True,True,NASA POWER Daily API,LST
2024-05-06,BYD Camacari,-12.6733774,-38.2812339,1.34,48.98,5.148,6.168,0.8346303501945525,True,False,True,NASA POWER Daily API,LST
2024-05-07,BYD Camacari,-12.6733774,-38.2812339,2.02,84.37,4.3368,6.0574,0.7159507379403705,True,True,True,NASA POWER Daily API,LST
2024-05-08,BYD Camacari,-12.6733774,-38.2812339,4.43,37.99,4.6526,6.0518,0.7687960606761624,True,False,True,NASA POWER Daily API,LST
2024-05-09,BYD Camacari,-12.6733774,-38.2812339,0.2,18.23,5.0686,6.0878,0.8325831991852558,False,False,False,NASA POWER Daily API,LST
2024-05-10,BYD Camacari,-12.6733774,-38.2812339,15.13,61.78,3.6938,5.8872,0.6274289985052317,True,False,True,NASA POWER Daily API,LST
2024-05-11,BYD Camacari,-12.6733774,-38.2812339,1.64,95.72,2.7996,5.8675,0.4771367703451214,True,True,True,NASA POWER Daily API,LST
2024-05-12,BYD Camacari,-12.6733774,-38.2812339,4.06,36.99,4.6342,5.8457,0.7927536479805669,True,False,True,NASA POWER Daily API,LST
2024-05-13,BYD Camacari,-12.6733774,-38.2812339,0.44,8.68,5.6486,5.8874,0.9594388015083058,False,False,False,NASA POWER Daily API,LST
2024-05-14,BYD Camacari,-12.6733774,-38.2812339,0.09,9.3,5.6066,5.8862,0.9524990656110904,False,False,False,NASA POWER Daily API,LST
2024-05-15,BYD Camacari,-12.6733774,-38.2812339,0.07,18.79,5.772,5.9698,0.9668665616938591,False,False,False,NASA POWER Daily API,LST
2024-05-16,BYD Camacari,-12.6733774,-38.2812339,3.41,63.21,3.5767,5.9002,0.6061997898376327,True,False,True,NASA POWER Daily API,LST
2024-05-17,BYD Camacari,-12.6733774,-38.2812339,4.1,52.2,3.6665,5.7749,0.6349027688791148,True,False,True,NASA POWER Daily API,LST
2024-05-18,BYD Camacari,-12.6733774,-38.2812339,15.3,58.42,2.4274,5.6412,0.4302985180458058,True,False,True,NASA POWER Daily API,LST
2024-05-19,BYD Camacari,-12.6733774,-38.2812339,1.75,33.37,4.5785,5.8591,0.7814340086361387,True,False,True,NASA POWER Daily API,LST
2024-05-20,BYD Camacari,-12.6733774,-38.2812339,2.35,43.01,4.2391,5.831,0.7269936546046989,True,False,True,NASA POWER Daily API,LST
2024-05-21,BYD Camacari,-12.6733774,-38.2812339,16.12,73.17,2.8075,5.6971,0.4927945796984431,True,False,True,NASA POWER Daily API,LST
2024-05-22,BYD Camacari,-12.6733774,-38.2812339,1.81,27.79,5.0465,5.7326,0.880316086941353,True,False,True,NASA POWER Daily API,LST
2024-05-23,BYD Camacari,-12.6733774,-38.2812339,0.46,34.58,5.0904,5.7456,0.8859649122807017,False,False,False,NASA POWER Daily API,LST
2024-05-24,BYD Camacari,-12.6733774,-38.2812339,1.25,36.15,3.7342,5.761,0.6481860788057628,True,False,True,NASA POWER Daily API,LST
2024-05-25,BYD Camacari,-12.6733774,-38.2812339,5.11,74.14,3.0314,5.6633,0.5352709550968517,True,False,True,NASA POWER Daily API,LST
2024-05-26,BYD Camacari,-12.6733774,-38.2812339,0.05,12.35,5.622,5.8166,0.9665440291579273,False,False,False,NASA POWER Daily API,LST
2024-05-27,BYD Camacari,-12.6733774,-38.2812339,1.49,34.24,4.5106,5.7067,0.7904042616573502,True,False,True,NASA POWER Daily API,LST
2024-05-28,BYD Camacari,-12.6733774,-38.2812339,0.49,16.8,5.1696,5.6755,0.9108624790767332,False,False,False,NASA POWER Daily API,LST
2024-05-29,BYD Camacari,-12.6733774,-38.2812339,1.67,46.44,4.0901,5.5277,0.7399279989869203,True,False,True,NASA POWER Daily API,LST
2024-05-30,BYD Camacari,-12.6733774,-38.2812339,3.06,72.75,3.5892,5.4192,0.662311780336581,True,False,True,NASA POWER Daily API,LST
2024-05-31,BYD Camacari,-12.6733774,-38.2812339,1.12,62.37,4.2578,5.4228,0.7851663347348233,True,False,True,NASA POWER Daily API,LST
2024-06-01,BYD Camacari,-12.6733774,-38.2812339,8.85,66.5,3.5882,5.4406,0.6595228467448443,True,False,True,NASA POWER Daily API,LST
2024-06-02,BYD Camacari,-12.6733774,-38.2812339,7.73,89.0,3.1126,5.3726,0.5793470572906972,True,True,True,NASA POWER Daily API,LST
2024-06-03,BYD Camacari,-12.6733774,-38.2812339,1.94,28.09,4.7446,5.4437,0.8715763175781179,True,False,True,NASA POWER Daily API,LST
2024-06-04,BYD Camacari,-12.6733774,-38.2812339,10.73,90.92,3.485,5.3832,0.6473844553425471,True,True,True,NASA POWER Daily API,LST
2024-06-05,BYD Camacari,-12.6733774,-38.2812339,6.74,91.7,3.6739,5.3417,0.6877772993616265,True,True,True,NASA POWER Daily API,LST
2024-06-06,BYD Camacari,-12.6733774,-38.2812339,4.91,50.53,4.6193,5.4233,0.8517507790459683,True,False,True,NASA POWER Daily API,LST
2024-06-07,BYD Camacari,-12.6733774,-38.2812339,0.91,18.61,4.9366,5.5164,0.8948952215212821,False,False,False,NASA POWER Daily API,LST
2024-06-08,BYD Camacari,-12.6733774,-38.2812339,0.81,26.13,4.5828,5.4307,0.8438691144787964,False,False,False,NASA POWER Daily API,LST
2024-06-09,BYD Camacari,-12.6733774,-38.2812339,2.83,54.68,4.5667,5.4703,0.8348171032667313,True,False,True,NASA POWER Daily API,LST
2024-06-10,BYD Camacari,-12.6733774,-38.2812339,3.08,53.16,4.4957,5.4281,0.82822718815055,True,False,True,NASA POWER Daily API,LST
2024-06-11,BYD Camacari,-12.6733774,-38.2812339,5.27,35.9,4.9721,5.4917,0.905384489320247,True,False,True,NASA POWER Daily API,LST
2024-06-12,BYD Camacari,-12.6733774,-38.2812339,16.54,81.77,3.0266,5.3851,0.5620322742381757,True,True,True,NASA POWER Daily API,LST
2024-06-13,BYD Camacari,-12.6733774,-38.2812339,0.62,55.01,3.9804,5.5469,0.7175900052281454,False,False,False,NASA POWER Daily API,LST
2024-06-14,BYD Camacari,-12.6733774,-38.2812339,0.55,51.7,4.5494,5.5375,0.8215620767494358,False,False,False,NASA POWER Daily API,LST
2024-06-15,BYD Camacari,-12.6733774,-38.2812339,1.2,45.98,4.6565,5.5274,0.8424394833013714,True,False,True,NASA POWER Daily API,LST
2024-06-16,BYD Camacari,-12.6733774,-38.2812339,1.3,42.17,4.4203,5.5085,0.8024507579195789,True,False,True,NASA POWER Daily API,LST
2024-06-17,BYD Camacari,-12.6733774,-38.2812339,9.18,84.94,3.4879,5.5015,0.6339907298009634,True,True,True,NASA POWER Daily API,LST
2024-06-18,BYD Camacari,-12.6733774,-38.2812339,4.29,61.52,4.2019,5.4408,0.7722945155124247,True,False,True,NASA POWER Daily API,LST
2024-06-19,BYD Camacari,-12.6733774,-38.2812339,2.27,57.04,3.8633,5.4355,0.7107533805537669,True,False,True,NASA POWER Daily API,LST
2024-06-20,BYD Camacari,-12.6733774,-38.2812339,1.57,34.26,4.9858,5.4343,0.9174686712180041,True,False,True,NASA POWER Daily API,LST
2024-06-21,BYD Camacari,-12.6733774,-38.2812339,1.63,37.73,4.987,5.5512,0.8983643176250181,True,False,True,NASA POWER Daily API,LST
2024-06-22,BYD Camacari,-12.6733774,-38.2812339,1.76,31.15,4.2187,5.453,0.7736475334678159,True,False,True,NASA POWER Daily API,LST
2024-06-23,BYD Camacari,-12.6733774,-38.2812339,1.37,34.83,4.2523,5.4082,0.7862689989275544,True,False,True,NASA POWER Daily API,LST
2024-06-24,BYD Camacari,-12.6733774,-38.2812339,1.68,83.46,3.493,5.3369,0.6544998032565722,True,True,True,NASA POWER Daily API,LST
2024-06-25,BYD Camacari,-12.6733774,-38.2812339,4.11,85.87,2.9978,5.2865,0.567067057599546,True,True,True,NASA POWER Daily API,LST
2024-06-26,BYD Camacari,-12.6733774,-38.2812339,0.79,63.59,4.2106,5.4274,0.7758042524965915,False,False,False,NASA POWER Daily API,LST
2024-06-27,BYD Camacari,-12.6733774,-38.2812339,0.34,37.32,4.0805,5.4468,0.7491554674304178,False,False,False,NASA POWER Daily API,LST
2024-06-28,BYD Camacari,-12.6733774,-38.2812339,0.04,13.22,5.0897,5.5231,0.9215295757817167,False,False,False,NASA POWER Daily API,LST
2024-06-29,BYD Camacari,-12.6733774,-38.2812339,0.03,3.7,5.5543,5.6004,0.9917684451110634,False,False,False,NASA POWER Daily API,LST
2024-06-30,BYD Camacari,-12.6733774,-38.2812339,1.76,20.47,5.2195,5.6045,0.9313052011776252,True,False,True,NASA POWER Daily API,LST
2024-07-01,BYD Camacari,-12.6733774,-38.2812339,1.21,36.34,4.1448,5.4703,0.7576915342851398,True,False,True,NASA POWER Daily API,LST
2024-07-02,BYD Camacari,-12.6733774,-38.2812339,0.9,45.34,4.9008,5.5438,0.8840145748403623,False,False,False,NASA POWER Daily API,LST
2024-07-03,BYD Camacari,-12.6733774,-38.2812339,3.24,53.45,3.9324,5.4454,0.7221508061850369,True,False,True,NASA POWER Daily API,LST
2024-07-04,BYD Camacari,-12.6733774,-38.2812339,0.81,36.43,4.2233,5.5486,0.761146955988898,False,False,False,NASA POWER Daily API,LST
2024-07-05,BYD Camacari,-12.6733774,-38.2812339,2.97,60.6,3.6314,5.4876,0.6617464829798091,True,False,True,NASA POWER Daily API,LST
2024-07-06,BYD Camacari,-12.6733774,-38.2812339,6.05,72.11,2.981,5.3822,0.5538627327115305,True,False,True,NASA POWER Daily API,LST
2024-07-07,BYD Camacari,-12.6733774,-38.2812339,1.03,13.77,4.7347,5.526,0.856804198335143,True,False,True,NASA POWER Daily API,LST
2024-07-08,BYD Camacari,-12.6733774,-38.2812339,0.81,30.34,4.0548,5.557,0.7296742846859816,False,False,False,NASA POWER Daily API,LST
2024-07-09,BYD Camacari,-12.6733774,-38.2812339,0.58,31.73,4.3865,5.4024,0.8119539463941952,False,False,False,NASA POWER Daily API,LST
2024-07-10,BYD Camacari,-12.6733774,-38.2812339,2.95,47.09,3.1985,5.2555,0.6086005137475027,True,False,True,NASA POWER Daily API,LST
2024-07-11,BYD Camacari,-12.6733774,-38.2812339,3.28,31.85,5.1842,5.707,0.9083932013316979,True,False,True,NASA POWER Daily API,LST
2024-07-12,BYD Camacari,-12.6733774,-38.2812339,5.99,46.08,4.5766,5.6182,0.8146025417393471,True,False,True,NASA POWER Daily API,LST
2024-07-13,BYD Camacari,-12.6733774,-38.2812339,0.55,38.69,4.254,5.6551,0.7522413396756908,False,False,False,NASA POWER Daily API,LST
2024-07-14,BYD Camacari,-12.6733774,-38.2812339,0.42,46.96,4.1957,5.6477,0.7429041910866371,False,False,False,NASA POWER Daily API,LST
2024-07-15,BYD Camacari,-12.6733774,-38.2812339,0.12,36.82,4.205,5.6611,0.7427885040009892,False,False,False,NASA POWER Daily API,LST
2024-07-16,BYD Camacari,-12.6733774,-38.2812339,4.05,61.29,3.6463,5.6808,0.641863821996902,True,False,True,NASA POWER Daily API,LST
2024-07-17,BYD Camacari,-12.6733774,-38.2812339,1.38,38.37,5.0203,5.7768,0.869045146101648,True,False,True,NASA POWER Daily API,LST
2024-07-18,BYD Camacari,-12.6733774,-38.2812339,0.52,62.91,3.6895,5.7814,0.6381672259314353,False,False,False,NASA POWER Daily API,LST
2024-07-19,BYD Camacari,-12.6733774,-38.2812339,0.98,39.54,4.5826,5.7929,0.7910718293082911,False,False,False,NASA POWER Daily API,LST
2024-07-20,BYD Camacari,-12.6733774,-38.2812339,1.12,44.75,4.9507,5.8562,0.8453775485809911,True,False,True,NASA POWER Daily API,LST
2024-07-21,BYD Camacari,-12.6733774,-38.2812339,0.69,39.34,4.2374,5.7967,0.7310021218969414,False,False,False,NASA POWER Daily API,LST
2024-07-22,BYD Camacari,-12.6733774,-38.2812339,0.71,27.69,4.668,5.8538,0.7974307287573884,False,False,False,NASA POWER Daily API,LST
2024-07-23,BYD Camacari,-12.6733774,-38.2812339,0.2,44.68,4.4237,5.9182,0.7474738940894191,False,False,False,NASA POWER Daily API,LST
2024-07-24,BYD Camacari,-12.6733774,-38.2812339,3.63,78.2,3.4517,5.8877,0.586256093211271,True,False,True,NASA POWER Daily API,LST
2024-07-25,BYD Camacari,-12.6733774,-38.2812339,8.65,69.38,3.4164,5.755,0.593640312771503,True,False,True,NASA POWER Daily API,LST
2024-07-26,BYD Camacari,-12.6733774,-38.2812339,0.99,46.82,4.7568,5.8306,0.8158337049360272,False,False,False,NASA POWER Daily API,LST
2024-07-27,BYD Camacari,-12.6733774,-38.2812339,0.51,60.7,5.082,5.8332,0.8712199135980251,False,False,False,NASA POWER Daily API,LST
2024-07-28,BYD Camacari,-12.6733774,-38.2812339,3.35,64.56,3.739,5.7214,0.6535113783339742,True,False,True,NASA POWER Daily API,LST
2024-07-29,BYD Camacari,-12.6733774,-38.2812339,0.56,21.24,4.8646,5.6465,0.8615248383954663,False,False,False,NASA POWER Daily API,LST
2024-07-30,BYD Camacari,-12.6733774,-38.2812339,0.58,42.09,4.1395,5.6342,0.7347094529835647,False,False,False,NASA POWER Daily API,LST
2024-07-31,BYD Camacari,-12.6733774,-38.2812339,0.41,17.31,5.0208,5.8322,0.8608758273035905,False,False,False,NASA POWER Daily API,LST
2024-08-01,BYD Camacari,-12.6733774,-38.2812339,1.6,30.67,4.7654,5.8613,0.8130278265913704,True,False,True,NASA POWER Daily API,LST
2024-08-02,BYD Camacari,-12.6733774,-38.2812339,2.25,28.28,5.2126,6.0382,0.8632705110794608,True,False,True,NASA POWER Daily API,LST
2024-08-03,BYD Camacari,-12.6733774,-38.2812339,1.29,24.61,4.8914,6.0084,0.8140936022901272,True,False,True,NASA POWER Daily API,LST
2024-08-04,BYD Camacari,-12.6733774,-38.2812339,1.96,21.72,5.3717,6.0977,0.8809387145973072,True,False,True,NASA POWER Daily API,LST
2024-08-05,BYD Camacari,-12.6733774,-38.2812339,3.44,40.86,5.045,6.0139,0.8388899050532933,True,False,True,NASA POWER Daily API,LST
2024-08-06,BYD Camacari,-12.6733774,-38.2812339,0.31,26.28,5.0878,6.0499,0.8409725780591414,False,False,False,NASA POWER Daily API,LST
2024-08-07,BYD Camacari,-12.6733774,-38.2812339,6.28,44.09,4.7184,5.9894,0.7877917654522991,True,False,True,NASA POWER Daily API,LST
2024-08-08,BYD Camacari,-12.6733774,-38.2812339,5.6,83.73,2.8918,5.7713,0.5010656177984163,True,True,True,NASA POWER Daily API,LST
2024-08-09,BYD Camacari,-12.6733774,-38.2812339,4.71,39.75,4.2518,5.9873,0.7101364554974696,True,False,True,NASA POWER Daily API,LST
2024-08-10,BYD Camacari,-12.6733774,-38.2812339,0.01,12.49,5.867,6.1555,0.9531313459507758,False,False,False,NASA POWER Daily API,LST
2024-08-11,BYD Camacari,-12.6733774,-38.2812339,0.05,21.15,5.2094,6.0614,0.8594384135678226,False,False,False,NASA POWER Daily API,LST
2024-08-12,BYD Camacari,-12.6733774,-38.2812339,0.05,28.48,4.7666,5.9645,0.7991617067650264,False,False,False,NASA POWER Daily API,LST
2024-08-13,BYD Camacari,-12.6733774,-38.2812339,0.33,20.5,5.311,6.0168,0.8826951203297434,False,False,False,NASA POWER Daily API,LST
2024-08-14,BYD Camacari,-12.6733774,-38.2812339,1.5,33.56,4.7362,6.0163,0.7872280305170952,True,False,True,NASA POWER Daily API,LST
2024-08-15,BYD Camacari,-12.6733774,-38.2812339,0.97,53.35,4.279,6.0797,0.7038176225800615,False,False,False,NASA POWER Daily API,LST
2024-08-16,BYD Camacari,-12.6733774,-38.2812339,5.75,40.49,4.7069,6.2263,0.7559706406694184,True,False,True,NASA POWER Daily API,LST
2024-08-17,BYD Camacari,-12.6733774,-38.2812339,9.18,84.92,3.2938,6.1591,0.5347859265152377,True,True,True,NASA POWER Daily API,LST
2024-08-18,BYD Camacari,-12.6733774,-38.2812339,1.5,47.29,5.0314,6.3996,0.7862053878367397,True,False,True,NASA POWER Daily API,LST
2024-08-19,BYD Camacari,-12.6733774,-38.2812339,3.69,54.25,4.8778,6.421,0.7596636038000311,True,False,True,NASA POWER Daily API,LST
2024-08-20,BYD Camacari,-12.6733774,-38.2812339,1.1,43.08,4.1988,6.4164,0.6543856368056854,True,False,True,NASA POWER Daily API,LST
2024-08-21,BYD Camacari,-12.6733774,-38.2812339,0.2,19.16,5.9107,6.4582,0.9152240562385805,False,False,False,NASA POWER Daily API,LST
2024-08-22,BYD Camacari,-12.6733774,-38.2812339,1.22,37.35,4.6812,6.067,0.771583978902258,True,False,True,NASA POWER Daily API,LST
2024-08-23,BYD Camacari,-12.6733774,-38.2812339,0.42,33.36,4.548,6.174,0.7366375121477162,False,False,False,NASA POWER Daily API,LST
2024-08-24,BYD Camacari,-12.6733774,-38.2812339,0.09,22.82,5.2999,6.2203,0.8520328601514396,False,False,False,NASA POWER Daily API,LST
2024-08-25,BYD Camacari,-12.6733774,-38.2812339,0.03,14.82,6.163,6.6257,0.9301658692666436,False,False,False,NASA POWER Daily API,LST
2024-08-26,BYD Camacari,-12.6733774,-38.2812339,0.19,29.53,4.9992,6.486,0.770767807585569,False,False,False,NASA POWER Daily API,LST
2024-08-27,BYD Camacari,-12.6733774,-38.2812339,0.25,30.45,5.0822,6.5892,0.771292417895951,False,False,False,NASA POWER Daily API,LST
2024-08-28,BYD Camacari,-12.6733774,-38.2812339,1.71,53.57,5.2704,6.6456,0.7930660888407368,True,False,True,NASA POWER Daily API,LST
2024-08-29,BYD Camacari,-12.6733774,-38.2812339,10.29,90.06,3.4944,6.4462,0.54208681083429,True,True,True,NASA POWER Daily API,LST
2024-08-30,BYD Camacari,-12.6733774,-38.2812339,7.47,90.76,3.5203,6.5129,0.5405119071381412,True,True,True,NASA POWER Daily API,LST
2024-08-31,BYD Camacari,-12.6733774,-38.2812339,13.03,74.34,3.7668,6.6324,0.5679392075266871,True,False,True,NASA POWER Daily API,LST
2024-09-01,BYD Camacari,-12.6733774,-38.2812339,2.42,36.29,4.8362,6.5868,0.7342260278132021,True,False,True,NASA POWER Daily API,LST
2024-09-02,BYD Camacari,-12.6733774,-38.2812339,1.34,44.72,4.3682,6.3209,0.691072473856571,True,False,True,NASA POWER Daily API,LST
2024-09-03,BYD Camacari,-12.6733774,-38.2812339,0.12,26.15,5.2356,6.6211,0.7907447402999501,False,False,False,NASA POWER Daily API,LST
2024-09-04,BYD Camacari,-12.6733774,-38.2812339,0.09,12.68,5.8462,6.4793,0.9022888274967974,False,False,False,NASA POWER Daily API,LST
2024-09-05,BYD Camacari,-12.6733774,-38.2812339,0.13,30.39,4.9663,6.5998,0.7524924997727205,False,False,False,NASA POWER Daily API,LST
2024-09-06,BYD Camacari,-12.6733774,-38.2812339,0.05,12.75,6.1498,6.8724,0.894854781444619,False,False,False,NASA POWER Daily API,LST
2024-09-07,BYD Camacari,-12.6733774,-38.2812339,0.82,38.76,5.1264,6.659,0.7698453221204385,False,False,False,NASA POWER Daily API,LST
2024-09-08,BYD Camacari,-12.6733774,-38.2812339,0.84,24.46,5.8373,6.8712,0.8495313773431132,False,False,False,NASA POWER Daily API,LST
2024-09-09,BYD Camacari,-12.6733774,-38.2812339,1.3,28.94,5.7655,6.9046,0.8350230281261768,True,False,True,NASA POWER Daily API,LST
2024-09-10,BYD Camacari,-12.6733774,-38.2812339,1.21,49.63,5.1782,6.9578,0.7442294978297739,True,False,True,NASA POWER Daily API,LST
2024-09-11,BYD Camacari,-12.6733774,-38.2812339,1.31,41.62,5.7432,7.105,0.808332160450387,True,False,True,NASA POWER Daily API,LST
2024-09-12,BYD Camacari,-12.6733774,-38.2812339,3.05,49.0,4.5751,6.859,0.6670214316955825,True,False,True,NASA POWER Daily API,LST
2024-09-13,BYD Camacari,-12.6733774,-38.2812339,1.98,48.4,4.6409,6.8134,0.6811430416532128,True,False,True,NASA POWER Daily API,LST
2024-09-14,BYD Camacari,-12.6733774,-38.2812339,0.71,30.99,5.879,7.0574,0.83302632697594,False,False,False,NASA POWER Daily API,LST
2024-09-15,BYD Camacari,-12.6733774,-38.2812339,0.26,24.19,5.7756,6.8292,0.8457213143560006,False,False,False,NASA POWER Daily API,LST
2024-09-16,BYD Camacari,-12.6733774,-38.2812339,0.07,13.93,6.259,7.063,0.8861673509840012,False,False,False,NASA POWER Daily API,LST
2024-09-17,BYD Camacari,-12.6733774,-38.2812339,0.02,17.65,5.982,7.0546,0.8479573611544241,False,False,False,NASA POWER Daily API,LST
2024-09-18,BYD Camacari,-12.6733774,-38.2812339,0.16,28.52,5.5704,7.074,0.7874469889737066,False,False,False,NASA POWER Daily API,LST
2024-09-19,BYD Camacari,-12.6733774,-38.2812339,0.03,15.33,6.2333,7.1158,0.8759802130470221,False,False,False,NASA POWER Daily API,LST
2024-09-20,BYD Camacari,-12.6733774,-38.2812339,0.07,23.53,5.8536,7.0918,0.8254039877041089,False,False,False,NASA POWER Daily API,LST
2024-09-21,BYD Camacari,-12.6733774,-38.2812339,0.05,16.93,6.2782,7.1645,0.8762928327168679,False,False,False,NASA POWER Daily API,LST
2024-09-22,BYD Camacari,-12.6733774,-38.2812339,0.21,33.73,5.7206,7.2358,0.7905967550236325,False,False,False,NASA POWER Daily API,LST
2024-09-23,BYD Camacari,-12.6733774,-38.2812339,1.56,29.72,5.5174,6.9782,0.7906623484566221,True,False,True,NASA POWER Daily API,LST
2024-09-24,BYD Camacari,-12.6733774,-38.2812339,0.62,72.83,4.4599,6.9826,0.6387162375046544,False,False,False,NASA POWER Daily API,LST
2024-09-25,BYD Camacari,-12.6733774,-38.2812339,0.98,68.07,5.3671,7.0543,0.760826729796011,False,False,False,NASA POWER Daily API,LST
2024-09-26,BYD Camacari,-12.6733774,-38.2812339,0.59,41.3,5.3261,7.1143,0.7486470910700983,False,False,False,NASA POWER Daily API,LST
2024-09-27,BYD Camacari,-12.6733774,-38.2812339,0.25,59.83,4.8022,7.2322,0.6640026547938387,False,False,False,NASA POWER Daily API,LST
2024-09-28,BYD Camacari,-12.6733774,-38.2812339,0.22,28.11,5.5351,7.1537,0.7737394634944155,False,False,False,NASA POWER Daily API,LST
2024-09-29,BYD Camacari,-12.6733774,-38.2812339,2.65,71.99,4.2833,7.2175,0.593460339452719,True,False,True,NASA POWER Daily API,LST
2024-09-30,BYD Camacari,-12.6733774,-38.2812339,0.43,24.34,6.5222,7.3567,0.8865659874672067,False,False,False,NASA POWER Daily API,LST
2024-10-01,BYD Camacari,-12.6733774,-38.2812339,1.09,37.54,6.1166,7.4611,0.8197986892013241,True,False,True,NASA POWER Daily API,LST
2024-10-02,BYD Camacari,-12.6733774,-38.2812339,0.21,22.43,6.6626,7.5348,0.8842437755481235,False,False,False,NASA POWER Daily API,LST
2024-10-03,BYD Camacari,-12.6733774,-38.2812339,0.07,33.17,6.173,7.332,0.8419258046917621,False,False,False,NASA POWER Daily API,LST
2024-10-04,BYD Camacari,-12.6733774,-38.2812339,0.15,26.32,6.0302,7.3188,0.8239328851724326,False,False,False,NASA POWER Daily API,LST
2024-10-05,BYD Camacari,-12.6733774,-38.2812339,0.11,23.41,5.9998,6.8818,0.8718358568979045,False,False,False,NASA POWER Daily API,LST
2024-10-06,BYD Camacari,-12.6733774,-38.2812339,0.0,35.14,6.1169,7.0123,0.8723100837100524,False,False,False,NASA POWER Daily API,LST
2024-10-07,BYD Camacari,-12.6733774,-38.2812339,0.0,23.42,6.7135,7.5067,0.8943343946074839,False,False,False,NASA POWER Daily API,LST
2024-10-08,BYD Camacari,-12.6733774,-38.2812339,0.0,12.81,7.3723,7.639,0.9650870532792251,False,False,False,NASA POWER Daily API,LST
2024-10-09,BYD Camacari,-12.6733774,-38.2812339,0.01,38.01,6.4138,7.3106,0.8773288102207754,False,False,False,NASA POWER Daily API,LST
2024-10-10,BYD Camacari,-12.6733774,-38.2812339,0.04,57.34,5.5613,6.9874,0.7959040558719982,False,False,False,NASA POWER Daily API,LST
2024-10-11,BYD Camacari,-12.6733774,-38.2812339,0.02,25.06,6.0226,6.7877,0.8872814060727492,False,False,False,NASA POWER Daily API,LST
2024-10-12,BYD Camacari,-12.6733774,-38.2812339,0.01,25.89,6.2657,6.8662,0.9125425999825231,False,False,False,NASA POWER Daily API,LST
2024-10-13,BYD Camacari,-12.6733774,-38.2812339,0.03,26.79,6.3156,7.097,0.889897139636466,False,False,False,NASA POWER Daily API,LST
2024-10-14,BYD Camacari,-12.6733774,-38.2812339,1.63,68.09,4.2682,7.1446,0.5974022338549394,True,False,True,NASA POWER Daily API,LST
2024-10-15,BYD Camacari,-12.6733774,-38.2812339,4.36,77.34,4.7818,7.3322,0.6521644254111998,True,False,True,NASA POWER Daily API,LST
2024-10-16,BYD Camacari,-12.6733774,-38.2812339,0.16,51.98,6.001,7.3102,0.8209077727011573,False,False,False,NASA POWER Daily API,LST
2024-10-17,BYD Camacari,-12.6733774,-38.2812339,0.29,87.89,4.8228,7.1182,0.6775308364474165,False,True,True,NASA POWER Daily API,LST
2024-10-18,BYD Camacari,-12.6733774,-38.2812339,0.69,82.47,4.1688,7.0303,0.5929761176621197,False,True,True,NASA POWER Daily API,LST
2024-10-19,BYD Camacari,-12.6733774,-38.2812339,0.33,70.35,4.3277,7.2242,0.5990559508319261,False,False,False,NASA POWER Daily API,LST
2024-10-20,BYD Camacari,-12.6733774,-38.2812339,0.17,51.85,4.9022,7.3474,0.6672020034297846,False,False,False,NASA POWER Daily API,LST
2024-10-21,BYD Camacari,-12.6733774,-38.2812339,0.3,36.58,6.7025,7.4666,0.8976642648595077,False,False,False,NASA POWER Daily API,LST
2024-10-22,BYD Camacari,-12.6733774,-38.2812339,0.13,29.52,6.6346,7.6286,0.869700862543586,False,False,False,NASA POWER Daily API,LST
2024-10-23,BYD Camacari,-12.6733774,-38.2812339,0.01,33.48,6.2057,7.7155,0.8043159872982957,False,False,False,NASA POWER Daily API,LST
2024-10-24,BYD Camacari,-12.6733774,-38.2812339,0.01,31.71,6.7224,7.849,0.8564657918206141,False,False,False,NASA POWER Daily API,LST
2024-10-25,BYD Camacari,-12.6733774,-38.2812339,0.0,32.17,6.8174,7.9253,0.8602071845860725,False,False,False,NASA POWER Daily API,LST
2024-10-26,BYD Camacari,-12.6733774,-38.2812339,0.0,19.0,7.5245,8.0239,0.9377609391941575,False,False,False,NASA POWER Daily API,LST
2024-10-27,BYD Camacari,-12.6733774,-38.2812339,0.01,27.33,7.3142,7.9608,0.9187770073359461,False,False,False,NASA POWER Daily API,LST
2024-10-28,BYD Camacari,-12.6733774,-38.2812339,0.12,37.58,6.7781,7.753,0.8742551270475944,False,False,False,NASA POWER Daily API,LST
2024-10-29,BYD Camacari,-12.6733774,-38.2812339,0.11,17.82,7.3118,7.7815,0.9396388871040288,False,False,False,NASA POWER Daily API,LST
2024-10-30,BYD Camacari,-12.6733774,-38.2812339,0.03,16.76,7.536,7.8986,0.9540931304281771,False,False,False,NASA POWER Daily API,LST
2024-10-31,BYD Camacari,-12.6733774,-38.2812339,0.02,80.25,5.7084,7.8658,0.7257240204429302,False,True,True,NASA POWER Daily API,LST
2024-11-01,BYD Camacari,-12.6733774,-38.2812339,0.05,73.07,6.2083,7.6248,0.8142246354002729,False,False,False,NASA POWER Daily API,LST
2024-11-02,BYD Camacari,-12.6733774,-38.2812339,0.27,33.18,6.756,7.5878,0.8903766572656107,False,False,False,NASA POWER Daily API,LST
2024-11-03,BYD Camacari,-12.6733774,-38.2812339,0.78,27.88,6.3,7.6975,0.818447547905164,False,False,False,NASA POWER Daily API,LST
2024-11-04,BYD Camacari,-12.6733774,-38.2812339,0.82,15.26,7.2372,7.8622,0.9205057108697311,False,False,False,NASA POWER Daily API,LST
2024-11-05,BYD Camacari,-12.6733774,-38.2812339,0.34,61.74,5.633,7.7285,0.7288607103577667,False,False,False,NASA POWER Daily API,LST
2024-11-06,BYD Camacari,-12.6733774,-38.2812339,1.23,60.22,5.5322,7.7705,0.7119490380284408,True,False,True,NASA POWER Daily API,LST
2024-11-07,BYD Camacari,-12.6733774,-38.2812339,2.12,58.2,5.1103,7.6615,0.6670103765581152,True,False,True,NASA POWER Daily API,LST
2024-11-08,BYD Camacari,-12.6733774,-38.2812339,0.27,30.3,6.1404,7.7702,0.7902499292167511,False,False,False,NASA POWER Daily API,LST
2024-11-09,BYD Camacari,-12.6733774,-38.2812339,0.7,43.47,5.4163,7.5605,0.7163944183585741,False,False,False,NASA POWER Daily API,LST
2024-11-10,BYD Camacari,-12.6733774,-38.2812339,0.19,93.9,4.9814,7.608,0.654758149316509,False,True,True,NASA POWER Daily API,LST
2024-11-11,BYD Camacari,-12.6733774,-38.2812339,4.65,97.9,2.5754,7.6536,0.33649524406815096,True,True,True,NASA POWER Daily API,LST
2024-11-12,BYD Camacari,-12.6733774,-38.2812339,0.84,79.82,5.3177,7.537,0.7055459731988856,False,False,False,NASA POWER Daily API,LST
2024-11-13,BYD Camacari,-12.6733774,-38.2812339,0.04,34.56,6.9598,7.7846,0.8940472214371965,False,False,False,NASA POWER Daily API,LST
2024-11-14,BYD Camacari,-12.6733774,-38.2812339,0.17,38.82,6.7291,8.0796,0.8328506361701075,False,False,False,NASA POWER Daily API,LST
2024-11-15,BYD Camacari,-12.6733774,-38.2812339,0.26,49.62,6.9569,8.0592,0.8632246376811593,False,False,False,NASA POWER Daily API,LST
2024-11-16,BYD Camacari,-12.6733774,-38.2812339,0.73,30.73,6.8172,8.0059,0.8515220025231391,False,False,False,NASA POWER Daily API,LST
2024-11-17,BYD Camacari,-12.6733774,-38.2812339,0.18,36.07,6.5095,8.0719,0.8064396238803752,False,False,False,NASA POWER Daily API,LST
2024-11-18,BYD Camacari,-12.6733774,-38.2812339,0.02,27.31,6.9706,8.081,0.8625912634574929,False,False,False,NASA POWER Daily API,LST
2024-11-19,BYD Camacari,-12.6733774,-38.2812339,0.08,25.7,6.8038,7.8881,0.862539775104271,False,False,False,NASA POWER Daily API,LST
2024-11-20,BYD Camacari,-12.6733774,-38.2812339,0.12,46.38,5.9539,7.734,0.7698344970261184,False,False,False,NASA POWER Daily API,LST
2024-11-21,BYD Camacari,-12.6733774,-38.2812339,0.15,41.57,5.8646,7.7815,0.753659320182484,False,False,False,NASA POWER Daily API,LST
2024-11-22,BYD Camacari,-12.6733774,-38.2812339,0.02,40.5,6.6612,7.8166,0.8521863725916639,False,False,False,NASA POWER Daily API,LST
2024-11-23,BYD Camacari,-12.6733774,-38.2812339,3.31,96.66,5.2351,7.5696,0.6915953286831537,True,True,True,NASA POWER Daily API,LST
2024-11-24,BYD Camacari,-12.6733774,-38.2812339,20.84,99.14,2.8092,7.3234,0.3835923205068684,True,True,True,NASA POWER Daily API,LST
2024-11-25,BYD Camacari,-12.6733774,-38.2812339,11.29,98.76,2.604,7.421,0.3508961056461393,True,True,True,NASA POWER Daily API,LST
2024-11-26,BYD Camacari,-12.6733774,-38.2812339,10.84,98.81,3.0912,7.2847,0.4243414279242797,True,True,True,NASA POWER Daily API,LST
2024-11-27,BYD Camacari,-12.6733774,-38.2812339,14.94,93.68,3.0773,7.5593,0.40708795787969787,True,True,True,NASA POWER Daily API,LST
2024-11-28,BYD Camacari,-12.6733774,-38.2812339,0.62,51.7,6.5318,7.8763,0.8292980206442111,False,False,False,NASA POWER Daily API,LST
2024-11-29,BYD Camacari,-12.6733774,-38.2812339,0.06,46.06,7.128,8.0074,0.8901765866573419,False,False,False,NASA POWER Daily API,LST
2024-11-30,BYD Camacari,-12.6733774,-38.2812339,0.03,29.53,7.0973,8.01,0.8860549313358302,False,False,False,NASA POWER Daily API,LST
2024-12-01,BYD Camacari,-12.6733774,-38.2812339,0.1,48.47,6.5918,8.0467,0.8191929610896392,False,False,False,NASA POWER Daily API,LST
2024-12-02,BYD Camacari,-12.6733774,-38.2812339,0.01,36.69,7.0231,8.0491,0.8725323328073947,False,False,False,NASA POWER Daily API,LST
2024-12-03,BYD Camacari,-12.6733774,-38.2812339,0.01,73.67,6.899,8.0616,0.8557854520194502,False,False,False,NASA POWER Daily API,LST
2024-12-04,BYD Camacari,-12.6733774,-38.2812339,0.02,18.71,7.5353,8.1965,0.9193314219483926,False,False,False,NASA POWER Daily API,LST
2024-12-05,BYD Camacari,-12.6733774,-38.2812339,0.05,20.39,6.799,8.0962,0.8397766853585633,False,False,False,NASA POWER Daily API,LST
2024-12-06,BYD Camacari,-12.6733774,-38.2812339,0.21,15.93,7.6639,8.1643,0.9387087686635718,False,False,False,NASA POWER Daily API,LST
2024-12-07,BYD Camacari,-12.6733774,-38.2812339,2.27,64.95,5.5334,8.0371,0.6884821639646141,True,False,True,NASA POWER Daily API,LST
2024-12-08,BYD Camacari,-12.6733774,-38.2812339,0.61,27.75,6.8616,8.1713,0.8397195060761445,False,False,False,NASA POWER Daily API,LST
2024-12-09,BYD Camacari,-12.6733774,-38.2812339,0.07,19.83,7.1383,8.2308,0.8672668513388735,False,False,False,NASA POWER Daily API,LST
2024-12-10,BYD Camacari,-12.6733774,-38.2812339,0.09,15.83,7.1532,8.1955,0.8728204502470869,False,False,False,NASA POWER Daily API,LST
2024-12-11,BYD Camacari,-12.6733774,-38.2812339,0.01,24.76,7.062,8.0777,0.8742587617762482,False,False,False,NASA POWER Daily API,LST
2024-12-12,BYD Camacari,-12.6733774,-38.2812339,0.04,43.31,6.1898,7.825,0.7910287539936102,False,False,False,NASA POWER Daily API,LST
2024-12-13,BYD Camacari,-12.6733774,-38.2812339,0.09,38.31,6.5294,8.017,0.8144443058500687,False,False,False,NASA POWER Daily API,LST
2024-12-14,BYD Camacari,-12.6733774,-38.2812339,0.22,77.36,5.507,7.7832,0.7075495939973275,False,False,False,NASA POWER Daily API,LST
2024-12-15,BYD Camacari,-12.6733774,-38.2812339,0.26,80.97,5.5762,7.7102,0.7232237814842676,False,True,True,NASA POWER Daily API,LST
2024-12-16,BYD Camacari,-12.6733774,-38.2812339,0.21,34.14,6.15,7.6267,0.8063775945035206,False,False,False,NASA POWER Daily API,LST
2024-12-17,BYD Camacari,-12.6733774,-38.2812339,0.03,26.85,7.044,7.9006,0.8915778548464673,False,False,False,NASA POWER Daily API,LST
2024-12-18,BYD Camacari,-12.6733774,-38.2812339,0.45,54.23,6.0322,7.9356,0.7601441604919602,False,False,False,NASA POWER Daily API,LST
2024-12-19,BYD Camacari,-12.6733774,-38.2812339,2.0,35.1,5.5639,7.7945,0.7138238501507473,True,False,True,NASA POWER Daily API,LST
2024-12-20,BYD Camacari,-12.6733774,-38.2812339,0.72,24.84,6.6912,7.8713,0.8500755910713605,False,False,False,NASA POWER Daily API,LST
2024-12-21,BYD Camacari,-12.6733774,-38.2812339,0.05,15.64,7.115,7.9994,0.8894417081281096,False,False,False,NASA POWER Daily API,LST
2024-12-22,BYD Camacari,-12.6733774,-38.2812339,0.14,23.48,6.6818,7.9339,0.8421835415117407,False,False,False,NASA POWER Daily API,LST
2024-12-23,BYD Camacari,-12.6733774,-38.2812339,0.02,16.02,7.0092,8.0179,0.8741939909452601,False,False,False,NASA POWER Daily API,LST
2024-12-24,BYD Camacari,-12.6733774,-38.2812339,0.02,34.01,7.0639,8.065,0.8758710477371359,False,False,False,NASA POWER Daily API,LST
2024-12-25,BYD Camacari,-12.6733774,-38.2812339,0.11,50.74,6.3682,7.9675,0.7992720426733605,False,False,False,NASA POWER Daily API,LST
2024-12-26,BYD Camacari,-12.6733774,-38.2812339,0.34,47.22,6.533,8.0856,0.8079796180864748,False,False,False,NASA POWER Daily API,LST
2024-12-27,BYD Camacari,-12.6733774,-38.2812339,0.45,13.84,7.4748,8.1677,0.9151658361595064,False,False,False,NASA POWER Daily API,LST
2024-12-28,BYD Camacari,-12.6733774,-38.2812339,0.05,19.92,7.327,8.1996,0.8935801746426655,False,False,False,NASA POWER Daily API,LST
2024-12-29,BYD Camacari,-12.6733774,-38.2812339,0.42,47.64,5.9616,7.8958,0.7550343220446313,False,False,False,NASA POWER Daily API,LST
2024-12-30,BYD Camacari,-12.6733774,-38.2812339,0.06,38.85,7.3483,7.915,0.9284017687934302,False,False,False,NASA POWER Daily API,LST
2024-12-31,BYD Camacari,-12.6733774,-38.2812339,0.88,55.12,6.3326,8.0628,0.7854095351490799,False,False,False,NASA POWER Daily API,LST
2024-01-01,Ford Rouge Electric Vehicle Center,42.3056229,-83.1676332,0.19,99.12,0.9535,2.3098,0.4128063035760672,False,True,True,NASA POWER Daily API,LST
2024-01-02,Ford Rouge Electric Vehicle Center,42.3056229,-83.1676332,0.03,98.17,1.2127,2.3033,0.5265054487040333,False,True,True,NASA POWER Daily API,LST
2024-01-03,Ford Rouge Electric Vehicle Center,42.3056229,-83.1676332,0.27,99.64,0.727,2.3117,0.3144871739412553,False,True,True,NASA POWER Daily API,LST
2024-01-04,Ford Rouge Electric Vehicle Center,42.3056229,-83.1676332,0.18,71.46,1.9939,2.5529,0.7810333346390379,False,False,False,NASA POWER Daily API,LST
2024-01-05,Ford Rouge Electric Vehicle Center,42.3056229,-83.1676332,0.22,96.53,1.1167,2.4118,0.4630151753876773,False,True,True,NASA POWER Daily API,LST
2024-01-06,Ford Rouge Electric Vehicle Center,42.3056229,-83.1676332,0.39,99.85,1.1779,2.3448,0.5023456158307744,False,True,True,NASA POWER Daily API,LST
2024-01-07,Ford Rouge Electric Vehicle Center,42.3056229,-83.1676332,1.0,98.08,1.0087,2.1475,0.469708963911525,True,True,True,NASA POWER Daily API,LST
2024-01-08,Ford Rouge Electric Vehicle Center,42.3056229,-83.1676332,0.13,99.9,1.2482,2.4228,0.5151890374772989,False,True,True,NASA POWER Daily API,LST
2024-01-09,Ford Rouge Electric Vehicle Center,42.3056229,-83.1676332,14.82,100.0,0.6245,2.2793,0.27398762778045893,True,True,True,NASA POWER Daily API,LST
2024-01-10,Ford Rouge Electric Vehicle Center,42.3056229,-83.1676332,3.89,99.08,0.9718,2.5291,0.38424736072120513,True,True,True,NASA POWER Daily API,LST
2024-01-11,Ford Rouge Electric Vehicle Center,42.3056229,-83.1676332,2.72,96.24,0.7632,2.4542,0.3109771004808084,True,True,True,NASA POWER Daily API,LST
2024-01-12,Ford Rouge Electric Vehicle Center,42.3056229,-83.1676332,14.31,99.51,0.899,2.3942,0.37549076935928494,True,True,True,NASA POWER Daily API,LST
2024-01-13,Ford Rouge Electric Vehicle Center,42.3056229,-83.1676332,3.13,98.67,1.3409,2.611,0.5135580237456913,True,True,True,NASA POWER Daily API,LST
2024-01-14,Ford Rouge Electric Vehicle Center,42.3056229,-83.1676332,0.7,56.24,2.6496,2.8162,0.9408422697251616,False,False,False,NASA POWER Daily API,LST
2024-01-15,Ford Rouge Electric Vehicle Center,42.3056229,-83.1676332,0.07,72.43,2.3515,2.8363,0.8290730881782604,False,False,False,NASA POWER Daily API,LST
2024-01-16,Ford Rouge Electric Vehicle Center,42.3056229,-83.1676332,0.79,58.16,2.6438,2.8654,0.922663502477839,False,False,False,NASA POWER Daily API,LST
2024-01-17,Ford Rouge Electric Vehicle Center,42.3056229,-83.1676332,0.13,78.78,2.5171,2.8754,0.8753912499130556,False,False,False,NASA POWER Daily API,LST
2024-01-18,Ford Rouge Electric Vehicle Center,42.3056229,-83.1676332,2.1,99.66,1.9193,2.7521,0.6973947167617456,True,True,True,NASA POWER Daily API,LST
2024-01-19,Ford Rouge Electric Vehicle Center,42.3056229,-83.1676332,1.54,75.62,2.3623,2.8843,0.8190202128766078,True,False,True,NASA POWER Daily API,LST
2024-01-20,Ford Rouge Electric Vehicle Center,42.3056229,-83.1676332,0.29,39.17,2.0599,2.9618,0.6954892295225875,False,False,False,NASA POWER Daily API,LST
2024-01-21,Ford Rouge Electric Vehicle Center,42.3056229,-83.1676332,0.08,38.58,2.7233,2.9544,0.9217776875169239,False,False,False,NASA POWER Daily API,LST
2024-01-22,Ford Rouge Electric Vehicle Center,42.3056229,-83.1676332,1.63,93.77,0.9137,2.3561,0.3878018759814948,True,True,True,NASA POWER Daily API,LST
2024-01-23,Ford Rouge Electric Vehicle Center,42.3056229,-83.1676332,7.07,99.37,0.9017,2.6009,0.34668768503210423,True,True,True,NASA POWER Daily API,LST
2024-01-24,Ford Rouge Electric Vehicle Center,42.3056229,-83.1676332,6.17,99.98,0.9233,2.6738,0.34531378562345727,True,True,True,NASA POWER Daily API,LST
2024-01-25,Ford Rouge Electric Vehicle Center,42.3056229,-83.1676332,11.0,95.79,1.2638,2.7192,0.4647690497205061,True,True,True,NASA POWER Daily API,LST
2024-01-26,Ford Rouge Electric Vehicle Center,42.3056229,-83.1676332,12.32,94.26,0.9096,2.4919,0.36502267346201694,True,True,True,NASA POWER Daily API,LST
2024-01-27,Ford Rouge Electric Vehicle Center,42.3056229,-83.1676332,1.24,93.38,1.4662,2.3549,0.6226166716208755,True,True,True,NASA POWER Daily API,LST
2024-01-28,Ford Rouge Electric Vehicle Center,42.3056229,-83.1676332,2.75,97.49,1.267,2.9088,0.43557480748074806,True,True,True,NASA POWER Daily API,LST
2024-01-29,Ford Rouge Electric Vehicle Center,42.3056229,-83.1676332,0.68,98.74,1.1362,3.1082,0.36554919245865775,False,True,True,NASA POWER Daily API,LST
2024-01-30,Ford Rouge Electric Vehicle Center,42.3056229,-83.1676332,5.61,99.19,0.7162,2.8111,0.2547757105759311,True,True,True,NASA POWER Daily API,LST
2024-01-31,Ford Rouge Electric Vehicle Center,42.3056229,-83.1676332,0.96,97.98,1.1861,3.1774,0.37329262919368034,False,True,True,NASA POWER Daily API,LST
2024-02-01,Ford Rouge Electric Vehicle Center,42.3056229,-83.1676332,0.38,96.75,1.2703,2.8702,0.44258239843913316,False,True,True,NASA POWER Daily API,LST
2024-02-02,Ford Rouge Electric Vehicle Center,42.3056229,-83.1676332,0.25,69.91,2.2898,3.2546,0.7035580409266884,False,False,False,NASA POWER Daily API,LST
2024-02-03,Ford Rouge Electric Vehicle Center,42.3056229,-83.1676332,0.3,43.97,3.0643,3.3199,0.923009729208711,False,False,False,NASA POWER Daily API,LST
2024-02-04,Ford Rouge Electric Vehicle Center,42.3056229,-83.1676332,0.37,5.64,3.4229,3.4598,0.9893346436210185,False,False,False,NASA POWER Daily API,LST
2024-02-05,Ford Rouge Electric Vehicle Center,42.3056229,-83.1676332,0.29,88.25,1.4196,3.2489,0.4369478900550956,False,True,True,NASA POWER Daily API,LST
2024-02-06,Ford Rouge Electric Vehicle Center,42.3056229,-83.1676332,0.01,57.06,3.3098,3.3542,0.9867628644684276,False,False,False,NASA POWER Daily API,LST
2024-02-07,Ford Rouge Electric Vehicle Center,42.3056229,-83.1676332,0.01,92.51,2.8507,3.2479,0.8777055943840635,False,True,True,NASA POWER Daily API,LST
2024-02-08,Ford Rouge Electric Vehicle Center,42.3056229,-83.1676332,0.12,81.06,2.814,3.3034,0.8518496094932494,False,True,True,NASA POWER Daily API,LST
2024-02-09,Ford Rouge Electric Vehicle Center,42.3056229,-83.1676332,0.06,41.53,3.1202,3.4452,0.9056658539417161,False,False,False,NASA POWER Daily API,LST
2024-02-10,Ford Rouge Electric Vehicle Center,42.3056229,-83.1676332,0.0,68.68,2.2543,3.6643,0.6152061785334171,False,False,False,NASA POWER Daily API,LST
2024-02-11,Ford Rouge Electric Vehicle Center,42.3056229,-83.1676332,0.0,85.45,2.1518,3.6838,0.5841250882241165,False,True,True,NASA POWER Daily API,LST
2024-02-12,Ford Rouge Electric Vehicle Center,42.3056229,-83.1676332,0.0,29.37,3.7282,3.7778,0.9868706654666738,False,False,False,NASA POWER Daily API,LST
2024-02-13,Ford Rouge Electric Vehicle Center,42.3056229,-83.1676332,0.16,72.82,1.7626,3.804,0.46335436382754996,False,False,False,NASA POWER Daily API,LST
2024-02-14,Ford Rouge Electric Vehicle Center,42.3056229,-83.1676332,0.2,57.53,3.4202,3.9826,0.8587857178727464,False,False,False,NASA POWER Daily API,LST
2024-02-15,Ford Rouge Electric Vehicle Center,42.3056229,-83.1676332,2.11,82.98,0.8002,3.635,0.2201375515818432,True,True,True,NASA POWER Daily API,LST
2024-02-16,Ford Rouge Electric Vehicle Center,42.3056229,-83.1676332,0.51,88.5,1.7486,4.0459,0.43219061271904896,False,True,True,NASA POWER Daily API,LST
2024-02-17,Ford Rouge Electric Vehicle Center,42.3056229,-83.1676332,0.23,78.01,2.3438,4.2161,0.5559166053936102,False,False,False,NASA POWER Daily API,LST
2024-02-18,Ford Rouge Electric Vehicle Center,42.3056229,-83.1676332,0.07,81.95,1.6651,4.0178,0.4144307830155807,False,True,True,NASA POWER Daily API,LST
2024-02-19,Ford Rouge Electric Vehicle Center,42.3056229,-83.1676332,0.01,41.28,3.6845,4.014,0.9179123069257598,False,False,False,NASA POWER Daily API,LST
2024-02-20,Ford Rouge Electric Vehicle Center,42.3056229,-83.1676332,0.0,27.97,4.056,4.0891,0.9919053092367514,False,False,False,NASA POWER Daily API,LST
2024-02-21,Ford Rouge Electric Vehicle Center,42.3056229,-83.1676332,0.0,72.02,2.976,3.7656,0.7903123008285532,False,False,False,NASA POWER Daily API,LST
2024-02-22,Ford Rouge Electric Vehicle Center,42.3056229,-83.1676332,0.56,84.31,2.3083,3.9175,0.5892278238672622,False,True,True,NASA POWER Daily API,LST
2024-02-23,Ford Rouge Electric Vehicle Center,42.3056229,-83.1676332,0.22,41.91,3.7884,4.1088,0.9220210280373833,False,False,False,NASA POWER Daily API,LST
2024-02-24,Ford Rouge Electric Vehicle Center,42.3056229,-83.1676332,0.09,45.33,4.5048,4.5497,0.9901312174429084,False,False,False,NASA POWER Daily API,LST
2024-02-25,Ford Rouge Electric Vehicle Center,42.3056229,-83.1676332,0.15,61.8,3.661,4.1522,0.8817012667983238,False,False,False,NASA POWER Daily API,LST
2024-02-26,Ford Rouge Electric Vehicle Center,42.3056229,-83.1676332,0.02,61.95,3.8323,4.1892,0.9148047359877782,False,False,False,NASA POWER Daily API,LST
2024-02-27,Ford Rouge Electric Vehicle Center,42.3056229,-83.1676332,2.35,71.16,3.8066,4.0711,0.9350298445137677,True,False,True,NASA POWER Daily API,LST
2024-02-28,Ford Rouge Electric Vehicle Center,42.3056229,-83.1676332,2.94,82.91,1.6622,4.6661,0.35622897066072307,True,True,True,NASA POWER Daily API,LST
2024-02-29,Ford Rouge Electric Vehicle Center,42.3056229,-83.1676332,0.36,21.19,4.728,4.7954,0.985944863827835,False,False,False,NASA POWER Daily API,LST
2024-03-01,Ford Rouge Electric Vehicle Center,42.3056229,-83.1676332,0.29,58.61,3.7411,4.6454,0.80533430920911,False,False,False,NASA POWER Daily API,LST
2024-03-02,Ford Rouge Electric Vehicle Center,42.3056229,-83.1676332,0.65,67.54,2.6057,4.2122,0.6186078533782822,False,False,False,NASA POWER Daily API,LST
2024-03-03,Ford Rouge Electric Vehicle Center,42.3056229,-83.1676332,0.94,67.31,3.881,4.5566,0.8517315542290302,False,False,False,NASA POWER Daily API,LST
2024-03-04,Ford Rouge Electric Vehicle Center,42.3056229,-83.1676332,0.39,61.97,3.5086,4.3584,0.8050201908957416,False,False,False,NASA POWER Daily API,LST
2024-03-05,Ford Rouge Electric Vehicle Center,42.3056229,-83.1676332,3.93,94.4,1.4674,3.6612,0.4007975527149569,True,True,True,NASA POWER Daily API,LST
2024-03-06,Ford Rouge Electric Vehicle Center,42.3056229,-83.1676332,0.86,82.4,2.0582,4.8893,0.4209600556316854,False,True,True,NASA POWER Daily API,LST
2024-03-07,Ford Rouge Electric Vehicle Center,42.3056229,-83.1676332,0.61,80.27,3.5582,4.9284,0.721978735492249,False,True,True,NASA POWER Daily API,LST
2024-03-08,Ford Rouge Electric Vehicle Center,42.3056229,-83.1676332,11.5,99.02,1.0464,4.2557,0.24588199356157622,True,True,True,NASA POWER Daily API,LST
2024-03-09,Ford Rouge Electric Vehicle Center,42.3056229,-83.1676332,4.61,98.78,1.663,5.0402,0.3299472243164954,True,True,True,NASA POWER Daily API,LST
2024-03-10,Ford Rouge Electric Vehicle Center,42.3056229,-83.1676332,1.8,67.2,3.1111,5.3496,0.5815574996261403,True,False,True,NASA POWER Daily API,LST
2024-03-11,Ford Rouge Electric Vehicle Center,42.3056229,-83.1676332,0.14,9.53,5.131,5.1869,0.9892228498717925,False,False,False,NASA POWER Daily API,LST
2024-03-12,Ford Rouge Electric Vehicle Center,42.3056229,-83.1676332,0.19,74.39,4.3349,4.9118,0.8825481493546153,False,False,False,NASA POWER Daily API,LST
2024-03-13,Ford Rouge Electric Vehicle Center,42.3056229,-83.1676332,0.06,53.39,5.0347,5.1794,0.9720624010503146,False,False,False,NASA POWER Daily API,LST
2024-03-14,Ford Rouge Electric Vehicle Center,42.3056229,-83.1676332,8.24,98.74,0.9586,4.7093,0.2035546684220585,True,True,True,NASA POWER Daily API,LST
2024-03-15,Ford Rouge Electric Vehicle Center,42.3056229,-83.1676332,0.82,50.87,4.0013,5.3359,0.7498828688693566,False,False,False,NASA POWER Daily API,LST
2024-03-16,Ford Rouge Electric Vehicle Center,42.3056229,-83.1676332,1.57,70.09,3.3269,5.2289,0.6362523666545545,True,False,True,NASA POWER Daily API,LST
2024-03-17,Ford Rouge Electric Vehicle Center,42.3056229,-83.1676332,0.89,85.91,2.9714,5.6618,0.5248154297219965,False,True,True,NASA POWER Daily API,LST
2024-03-18,Ford Rouge Electric Vehicle Center,42.3056229,-83.1676332,0.15,94.94,1.9519,5.8286,0.33488316233743953,False,True,True,NASA POWER Daily API,LST
2024-03-19,Ford Rouge Electric Vehicle Center,42.3056229,-83.1676332,0.2,94.49,3.0305,5.3911,0.5621301775147929,False,True,True,NASA POWER Daily API,LST
2024-03-20,Ford Rouge Electric Vehicle Center,42.3056229,-83.1676332,0.18,77.8,3.9403,6.1416,0.641575485215579,False,False,False,NASA POWER Daily API,LST
2024-03-21,Ford Rouge Electric Vehicle Center,42.3056229,-83.1676332,0.19,58.68,4.6421,5.9868,0.7753891895503442,False,False,False,NASA POWER Daily API,LST
2024-03-22,Ford Rouge Electric Vehicle Center,42.3056229,-83.1676332,4.23,99.11,1.8667,5.4794,0.340675986421871,True,True,True,NASA POWER Daily API,LST
2024-03-23,Ford Rouge Electric Vehicle Center,42.3056229,-83.1676332,1.45,57.95,4.4258,6.1584,0.7186606910885943,True,False,True,NASA POWER Daily API,LST
2024-03-24,Ford Rouge Electric Vehicle Center,42.3056229,-83.1676332,0.59,68.04,4.4146,5.6743,0.7779990483407646,False,False,False,NASA POWER Daily API,LST
2024-03-25,Ford Rouge Electric Vehicle Center,42.3056229,-83.1676332,0.0,94.1,4.0884,5.6369,0.7252922705742518,False,True,True,NASA POWER Daily API,LST
2024-03-26,Ford Rouge Electric Vehicle Center,42.3056229,-83.1676332,6.51,94.64,1.6738,5.6114,0.29828563281890436,True,True,True,NASA POWER Daily API,LST
2024-03-27,Ford Rouge Electric Vehicle Center,42.3056229,-83.1676332,0.76,70.54,1.7194,6.2436,0.27538599525914537,False,False,False,NASA POWER Daily API,LST
2024-03-28,Ford Rouge Electric Vehicle Center,42.3056229,-83.1676332,0.7,13.35,5.9942,6.3077,0.9502988410989743,False,False,False,NASA POWER Daily API,LST
2024-03-29,Ford Rouge Electric Vehicle Center,42.3056229,-83.1676332,1.02,29.37,6.305,6.3979,0.9854796104971943,True,False,True,NASA POWER Daily API,LST
2024-03-30,Ford Rouge Electric Vehicle Center,42.3056229,-83.1676332,1.91,98.77,1.3399,5.527,0.24242808033291116,True,True,True,NASA POWER Daily API,LST
2024-03-31,Ford Rouge Electric Vehicle Center,42.3056229,-83.1676332,0.8,99.64,2.1478,6.101,0.35204064907392235,False,True,True,NASA POWER Daily API,LST
2024-04-01,Ford Rouge Electric Vehicle Center,42.3056229,-83.1676332,5.18,71.38,5.333,5.8274,0.9151594192950544,True,False,True,NASA POWER Daily API,LST
2024-04-02,Ford Rouge Electric Vehicle Center,42.3056229,-83.1676332,6.74,94.52,1.296,6.0031,0.2158884576302244,True,True,True,NASA POWER Daily API,LST
2024-04-03,Ford Rouge Electric Vehicle Center,42.3056229,-83.1676332,1.4,87.69,2.8169,6.5774,0.4282695289932192,True,True,True,NASA POWER Daily API,LST
2024-04-04,Ford Rouge Electric Vehicle Center,42.3056229,-83.1676332,1.06,91.94,3.4486,6.3108,0.5464600367623755,True,True,True,NASA POWER Daily API,LST
2024-04-05,Ford Rouge Electric Vehicle Center,42.3056229,-83.1676332,0.83,83.3,4.2005,6.8112,0.61670483908856,False,True,True,NASA POWER Daily API,LST
2024-04-06,Ford Rouge Electric Vehicle Center,42.3056229,-83.1676332,0.38,28.89,6.5832,6.8758,0.9574449518601471,False,False,False,NASA POWER Daily API,LST
2024-04-07,Ford Rouge Electric Vehicle Center,42.3056229,-83.1676332,0.12,43.3,6.3737,6.8746,0.9271375789136823,False,False,False,NASA POWER Daily API,LST
2024-04-08,Ford Rouge Electric Vehicle Center,42.3056229,-83.1676332,0.33,34.45,6.3677,6.6082,0.9636058230683091,False,False,False,NASA POWER Daily API,LST
2024-04-09,Ford Rouge Electric Vehicle Center,42.3056229,-83.1676332,0.12,39.69,5.7619,6.3768,0.9035723246769539,False,False,False,NASA POWER Daily API,LST
2024-04-10,Ford Rouge Electric Vehicle Center,42.3056229,-83.1676332,1.94,83.17,5.1266,6.5628,0.781160480282806,True,True,True,NASA POWER Daily API,LST
2024-04-11,Ford Rouge Electric Vehicle Center,42.3056229,-83.1676332,21.41,99.89,0.8695,6.4896,0.13398360453648916,True,True,True,NASA POWER Daily API,LST
2024-04-12,Ford Rouge Electric Vehicle Center,42.3056229,-83.1676332,10.85,99.33,1.8058,6.2726,0.2878870006058094,True,True,True,NASA POWER Daily API,LST
2024-04-13,Ford Rouge Electric Vehicle Center,42.3056229,-83.1676332,1.17,17.41,6.9948,7.1014,0.9849888754330132,True,False,True,NASA POWER Daily API,LST
2024-04-14,Ford Rouge Electric Vehicle Center,42.3056229,-83.1676332,0.01,29.42,6.2417,6.5638,0.9509278162040282,False,False,False,NASA POWER Daily API,LST
2024-04-15,Ford Rouge Electric Vehicle Center,42.3056229,-83.1676332,0.02,10.45,7.0049,7.0663,0.991310869903627,False,False,False,NASA POWER Daily API,LST
2024-04-16,Ford Rouge Electric Vehicle Center,42.3056229,-83.1676332,0.1,60.18,6.4946,6.9552,0.9337761674718197,False,False,False,NASA POWER Daily API,LST
2024-04-17,Ford Rouge Electric Vehicle Center,42.3056229,-83.1676332,9.33,92.18,2.5397,6.3797,0.39809081931752277,True,True,True,NASA POWER Daily API,LST
2024-04-18,Ford Rouge Electric Vehicle Center,42.3056229,-83.1676332,2.35,89.69,5.3561,6.8522,0.7816613642333848,True,True,True,NASA POWER Daily API,LST
2024-04-19,Ford Rouge Electric Vehicle Center,42.3056229,-83.1676332,7.1,52.98,7.0447,7.4837,0.9413391771449952,True,False,True,NASA POWER Daily API,LST
2024-04-20,Ford Rouge Electric Vehicle Center,42.3056229,-83.1676332,0.28,85.91,3.5995,7.6474,0.47068284645761954,False,True,True,NASA POWER Daily API,LST
2024-04-21,Ford Rouge Electric Vehicle Center,42.3056229,-83.1676332,0.07,43.37,6.7843,7.5144,0.9028398807622697,False,False,False,NASA POWER Daily API,LST
2024-04-22,Ford Rouge Electric Vehicle Center,42.3056229,-83.1676332,0.01,40.3,7.1222,7.3483,0.9692309785936883,False,False,False,NASA POWER Daily API,LST
2024-04-23,Ford Rouge Electric Vehicle Center,42.3056229,-83.1676332,3.29,95.22,2.4917,6.636,0.3754822182037372,True,True,True,NASA POWER Daily API,LST
2024-04-24,Ford Rouge Electric Vehicle Center,42.3056229,-83.1676332,0.48,61.22,4.1194,7.6099,0.5413211737342146,False,False,False,NASA POWER Daily API,LST
2024-04-25,Ford Rouge Electric Vehicle Center,42.3056229,-83.1676332,0.01,12.08,7.5828,7.787,0.973776807499679,False,False,False,NASA POWER Daily API,LST
2024-04-26,Ford Rouge Electric Vehicle Center,42.3056229,-83.1676332,0.1,64.69,6.5822,7.5583,0.8708572033393753,False,False,False,NASA POWER Daily API,LST
2024-04-27,Ford Rouge Electric Vehicle Center,42.3056229,-83.1676332,3.91,78.31,4.4638,6.8153,0.6549674995964961,True,False,True,NASA POWER Daily API,LST
2024-04-28,Ford Rouge Electric Vehicle Center,42.3056229,-83.1676332,6.83,98.51,3.0048,6.2282,0.48245078834976396,True,True,True,NASA POWER Daily API,LST
2024-04-29,Ford Rouge Electric Vehicle Center,42.3056229,-83.1676332,7.52,87.6,4.0548,6.6084,0.6135827129108408,True,True,True,NASA POWER Daily API,LST
2024-04-30,Ford Rouge Electric Vehicle Center,42.3056229,-83.1676332,1.83,38.52,7.4858,7.7323,0.9681207402713293,True,False,True,NASA POWER Daily API,LST
2024-05-01,Ford Rouge Electric Vehicle Center,42.3056229,-83.1676332,0.53,57.7,6.1068,7.4369,0.8211485968615956,False,False,False,NASA POWER Daily API,LST
2024-05-02,Ford Rouge Electric Vehicle Center,42.3056229,-83.1676332,0.96,37.89,7.1755,7.5288,0.9530735309743916,False,False,False,NASA POWER Daily API,LST
2024-05-03,Ford Rouge Electric Vehicle Center,42.3056229,-83.1676332,9.32,94.72,3.3372,6.9946,0.47711091413376033,True,True,True,NASA POWER Daily API,LST
2024-05-04,Ford Rouge Electric Vehicle Center,42.3056229,-83.1676332,0.81,82.33,4.4942,7.1568,0.6279622177509502,False,True,True,NASA POWER Daily API,LST
2024-05-05,Ford Rouge Electric Vehicle Center,42.3056229,-83.1676332,0.56,96.05,2.7559,7.5826,0.3634505314799673,False,True,True,NASA POWER Daily API,LST
2024-05-06,Ford Rouge Electric Vehicle Center,42.3056229,-83.1676332,0.44,64.0,5.8154,7.8473,0.7410701770035555,False,False,False,NASA POWER Daily API,LST
2024-05-07,Ford Rouge Electric Vehicle Center,42.3056229,-83.1676332,9.42,66.68,4.3392,7.1042,0.6107936150446215,True,False,True,NASA POWER Daily API,LST
2024-05-08,Ford Rouge Electric Vehicle Center,42.3056229,-83.1676332,1.01,19.7,7.5862,7.8926,0.9611788257354991,True,False,True,NASA POWER Daily API,LST
2024-05-09,Ford Rouge Electric Vehicle Center,42.3056229,-83.1676332,3.13,99.08,2.0767,7.5672,0.27443440109948203,True,True,True,NASA POWER Daily API,LST
2024-05-10,Ford Rouge Electric Vehicle Center,42.3056229,-83.1676332,0.34,44.31,6.6394,8.1811,0.8115534585813643,False,False,False,NASA POWER Daily API,LST
2024-05-11,Ford Rouge Electric Vehicle Center,42.3056229,-83.1676332,5.7,81.73,2.585,7.799,0.3314527503526093,True,True,True,NASA POWER Daily API,LST
2024-05-12,Ford Rouge Electric Vehicle Center,42.3056229,-83.1676332,0.97,24.32,7.7594,8.0513,0.96374498528188,False,False,False,NASA POWER Daily API,LST
2024-05-13,Ford Rouge Electric Vehicle Center,42.3056229,-83.1676332,1.4,69.27,7.1242,7.6478,0.9315358665237061,True,False,True,NASA POWER Daily API,LST
2024-05-14,Ford Rouge Electric Vehicle Center,42.3056229,-83.1676332,0.76,94.94,5.263,7.4899,0.7026796085394998,False,True,True,NASA POWER Daily API,LST
2024-05-15,Ford Rouge Electric Vehicle Center,42.3056229,-83.1676332,1.05,49.14,6.5822,7.7933,0.8445972822809337,True,False,True,NASA POWER Daily API,LST
2024-05-16,Ford Rouge Electric Vehicle Center,42.3056229,-83.1676332,1.08,43.55,7.4285,7.7335,0.9605611948018361,True,False,True,NASA POWER Daily API,LST
2024-05-17,Ford Rouge Electric Vehicle Center,42.3056229,-83.1676332,8.32,87.08,5.4905,7.4938,0.732672342469775,True,True,True,NASA POWER Daily API,LST
2024-05-18,Ford Rouge Electric Vehicle Center,42.3056229,-83.1676332,1.05,32.23,7.2653,7.865,0.9237507946598855,True,False,True,NASA POWER Daily API,LST
2024-05-19,Ford Rouge Electric Vehicle Center,42.3056229,-83.1676332,2.17,39.28,6.7735,7.6798,0.8819891142998516,True,False,True,NASA POWER Daily API,LST
2024-05-20,Ford Rouge Electric Vehicle Center,42.3056229,-83.1676332,3.65,79.0,6.2609,7.3788,0.8484984008239823,True,False,True,NASA POWER Daily API,LST
2024-05-21,Ford Rouge Electric Vehicle Center,42.3056229,-83.1676332,1.44,36.75,6.8803,7.733,0.8897323160481055,True,False,True,NASA POWER Daily API,LST
2024-05-22,Ford Rouge Electric Vehicle Center,42.3056229,-83.1676332,0.81,45.33,7.127,8.0167,0.8890191724774533,False,False,False,NASA POWER Daily API,LST
2024-05-23,Ford Rouge Electric Vehicle Center,42.3056229,-83.1676332,0.7,1.85,8.3114,8.3383,0.9967739227420458,False,False,False,NASA POWER Daily API,LST
2024-05-24,Ford Rouge Electric Vehicle Center,42.3056229,-83.1676332,0.07,65.23,7.1525,8.0158,0.8923002070909952,False,False,False,NASA POWER Daily API,LST
2024-05-25,Ford Rouge Electric Vehicle Center,42.3056229,-83.1676332,3.76,45.5,7.0968,8.2255,0.8627803780925172,True,False,True,NASA POWER Daily API,LST
2024-05-26,Ford Rouge Electric Vehicle Center,42.3056229,-83.1676332,7.84,85.17,5.0364,7.9262,0.6354116726804775,True,True,True,NASA POWER Daily API,LST
2024-05-27,Ford Rouge Electric Vehicle Center,42.3056229,-83.1676332,15.71,96.86,2.628,8.1384,0.3229135948097906,True,True,True,NASA POWER Daily API,LST
2024-05-28,Ford Rouge Electric Vehicle Center,42.3056229,-83.1676332,3.28,90.68,5.2231,7.9642,0.6558223048140428,True,True,True,NASA POWER Daily API,LST
2024-05-29,Ford Rouge Electric Vehicle Center,42.3056229,-83.1676332,2.54,60.95,6.2419,8.2956,0.752435025796808,True,False,True,NASA POWER Daily API,LST
2024-05-30,Ford Rouge Electric Vehicle Center,42.3056229,-83.1676332,0.18,3.09,8.7089,8.7295,0.997640185577639,False,False,False,NASA POWER Daily API,LST
2024-05-31,Ford Rouge Electric Vehicle Center,42.3056229,-83.1676332,0.03,25.35,8.5714,8.7041,0.9847543111866821,False,False,False,NASA POWER Daily API,LST
2024-06-01,Ford Rouge Electric Vehicle Center,42.3056229,-83.1676332,3.34,92.76,6.0108,8.2997,0.7242189476728075,True,True,True,NASA POWER Daily API,LST
2024-06-02,Ford Rouge Electric Vehicle Center,42.3056229,-83.1676332,4.06,84.65,3.3185,7.9826,0.41571668378723725,True,True,True,NASA POWER Daily API,LST
2024-06-03,Ford Rouge Electric Vehicle Center,42.3056229,-83.1676332,0.01,64.05,6.4262,8.0554,0.7977505772525262,False,False,False,NASA POWER Daily API,LST
2024-06-04,Ford Rouge Electric Vehicle Center,42.3056229,-83.1676332,2.38,94.54,6.126,7.7042,0.7951506970224034,True,True,True,NASA POWER Daily API,LST
2024-06-05,Ford Rouge Electric Vehicle Center,42.3056229,-83.1676332,11.07,77.35,3.6312,7.4671,0.4862932061978546,True,False,True,NASA POWER Daily API,LST
2024-06-06,Ford Rouge Electric Vehicle Center,42.3056229,-83.1676332,2.38,58.34,7.1885,8.3928,0.8565079592031266,True,False,True,NASA POWER Daily API,LST
2024-06-07,Ford Rouge Electric Vehicle Center,42.3056229,-83.1676332,0.76,71.51,4.4676,8.5486,0.5226118896661441,False,False,False,NASA POWER Daily API,LST
2024-06-08,Ford Rouge Electric Vehicle Center,42.3056229,-83.1676332,7.56,59.7,4.9006,8.2368,0.5949640637140636,True,False,True,NASA POWER Daily API,LST
2024-06-09,Ford Rouge Electric Vehicle Center,42.3056229,-83.1676332,1.41,64.48,6.0734,8.4502,0.7187285508035313,True,False,True,NASA POWER Daily API,LST
2024-06-10,Ford Rouge Electric Vehicle Center,42.3056229,-83.1676332,0.43,50.33,6.8314,8.6237,0.7921657757111218,False,False,False,NASA POWER Daily API,LST
2024-06-11,Ford Rouge Electric Vehicle Center,42.3056229,-83.1676332,0.0,34.55,8.4866,8.6837,0.9773023020141183,False,False,False,NASA POWER Daily API,LST
2024-06-12,Ford Rouge Electric Vehicle Center,42.3056229,-83.1676332,1.54,54.24,7.9097,8.3239,0.9502396713079205,True,False,True,NASA POWER Daily API,LST
2024-06-13,Ford Rouge Electric Vehicle Center,42.3056229,-83.1676332,0.75,57.37,6.571,7.9198,0.8296926690067931,False,False,False,NASA POWER Daily API,LST
2024-06-14,Ford Rouge Electric Vehicle Center,42.3056229,-83.1676332,0.64,20.67,8.0006,8.4718,0.944380178946623,False,False,False,NASA POWER Daily API,LST
2024-06-15,Ford Rouge Electric Vehicle Center,42.3056229,-83.1676332,0.0,47.93,8.2046,8.6381,0.9498153529132564,False,False,False,NASA POWER Daily API,LST
2024-06-16,Ford Rouge Electric Vehicle Center,42.3056229,-83.1676332,0.1,46.89,8.1756,8.4566,0.9667715157391858,False,False,False,NASA POWER Daily API,LST
2024-06-17,Ford Rouge Electric Vehicle Center,42.3056229,-83.1676332,8.15,54.96,7.1081,7.6663,0.9271878220262709,True,False,True,NASA POWER Daily API,LST
2024-06-18,Ford Rouge Electric Vehicle Center,42.3056229,-83.1676332,0.9,76.88,5.3496,7.6066,0.7032839902190202,False,False,False,NASA POWER Daily API,LST
2024-06-19,Ford Rouge Electric Vehicle Center,42.3056229,-83.1676332,4.43,89.9,5.202,7.6452,0.6804269345471669,True,True,True,NASA POWER Daily API,LST
2024-06-20,Ford Rouge Electric Vehicle Center,42.3056229,-83.1676332,7.4,60.99,6.055,7.5571,0.8012332773153722,True,False,True,NASA POWER Daily API,LST
2024-06-21,Ford Rouge Electric Vehicle Center,42.3056229,-83.1676332,9.86,45.09,5.5169,7.7746,0.7096056388753118,True,False,True,NASA POWER Daily API,LST
2024-06-22,Ford Rouge Electric Vehicle Center,42.3056229,-83.1676332,2.09,76.65,5.6347,7.4914,0.7521558053234375,True,False,True,NASA POWER Daily API,LST
2024-06-23,Ford Rouge Electric Vehicle Center,42.3056229,-83.1676332,3.84,79.21,4.3812,8.1732,0.5360446336808105,True,False,True,NASA POWER Daily API,LST
2024-06-24,Ford Rouge Electric Vehicle Center,42.3056229,-83.1676332,0.54,34.5,7.5804,8.3198,0.9111276713382532,False,False,False,NASA POWER Daily API,LST
2024-06-25,Ford Rouge Electric Vehicle Center,42.3056229,-83.1676332,1.21,94.1,3.875,7.6495,0.5065690568010981,True,True,True,NASA POWER Daily API,LST
2024-06-26,Ford Rouge Electric Vehicle Center,42.3056229,-83.1676332,4.32,71.46,3.1586,8.1878,0.38576907105693836,True,False,True,NASA POWER Daily API,LST
2024-06-27,Ford Rouge Electric Vehicle Center,42.3056229,-83.1676332,1.67,57.06,7.6966,8.6167,0.8932189817447515,True,False,True,NASA POWER Daily API,LST
2024-06-28,Ford Rouge Electric Vehicle Center,42.3056229,-83.1676332,6.09,99.76,3.1946,8.003,0.39917530925902783,True,True,True,NASA POWER Daily API,LST
2024-06-29,Ford Rouge Electric Vehicle Center,42.3056229,-83.1676332,13.57,72.32,5.1161,7.8048,0.6555068675686757,True,False,True,NASA POWER Daily API,LST
2024-06-30,Ford Rouge Electric Vehicle Center,42.3056229,-83.1676332,0.05,43.74,6.3307,8.6376,0.7329234972677595,False,False,False,NASA POWER Daily API,LST
2024-07-01,Ford Rouge Electric Vehicle Center,42.3056229,-83.1676332,0.05,23.53,8.544,8.724,0.9793672627235214,False,False,False,NASA POWER Daily API,LST
2024-07-02,Ford Rouge Electric Vehicle Center,42.3056229,-83.1676332,0.0,75.02,5.0774,8.0782,0.628531108415241,False,False,False,NASA POWER Daily API,LST
2024-07-03,Ford Rouge Electric Vehicle Center,42.3056229,-83.1676332,0.15,75.1,5.2313,7.7587,0.6742495521156895,False,False,False,NASA POWER Daily API,LST
2024-07-04,Ford Rouge Electric Vehicle Center,42.3056229,-83.1676332,0.34,70.52,4.1621,7.9145,0.5258828732074041,False,False,False,NASA POWER Daily API,LST
2024-07-05,Ford Rouge Electric Vehicle Center,42.3056229,-83.1676332,4.24,64.92,4.3486,7.8948,0.5508182601205858,True,False,True,NASA POWER Daily API,LST
2024-07-06,Ford Rouge Electric Vehicle Center,42.3056229,-83.1676332,1.31,41.7,5.1586,8.0182,0.6433613529221022,True,False,True,NASA POWER Daily API,LST
2024-07-07,Ford Rouge Electric Vehicle Center,42.3056229,-83.1676332,0.47,23.58,7.8209,8.1569,0.9588078804447768,False,False,False,NASA POWER Daily API,LST
2024-07-08,Ford Rouge Electric Vehicle Center,42.3056229,-83.1676332,2.44,78.38,6.7087,7.8216,0.8577145341106679,True,False,True,NASA POWER Daily API,LST
2024-07-09,Ford Rouge Electric Vehicle Center,42.3056229,-83.1676332,23.66,98.75,3.9377,7.5156,0.5239368779605088,True,True,True,NASA POWER Daily API,LST
2024-07-10,Ford Rouge Electric Vehicle Center,42.3056229,-83.1676332,39.09,90.72,1.7966,7.553,0.2378657487091222,True,True,True,NASA POWER Daily API,LST
2024-07-11,Ford Rouge Electric Vehicle Center,42.3056229,-83.1676332,3.31,29.67,7.3126,7.7726,0.9408177443841186,True,False,True,NASA POWER Daily API,LST
2024-07-12,Ford Rouge Electric Vehicle Center,42.3056229,-83.1676332,0.43,49.02,5.9287,7.6224,0.7777996431570109,False,False,False,NASA POWER Daily API,LST
2024-07-13,Ford Rouge Electric Vehicle Center,42.3056229,-83.1676332,0.03,16.88,7.0411,7.6601,0.919191655461417,False,False,False,NASA POWER Daily API,LST
2024-07-14,Ford Rouge Electric Vehicle Center,42.3056229,-83.1676332,1.5,79.91,5.2795,7.3524,0.7180648495729285,True,False,True,NASA POWER Daily API,LST
2024-07-15,Ford Rouge Electric Vehicle Center,42.3056229,-83.1676332,6.59,50.82,6.7831,7.7057,0.8802704491480333,True,False,True,NASA POWER Daily API,LST
2024-07-16,Ford Rouge Electric Vehicle Center,42.3056229,-83.1676332,10.91,60.11,6.4858,7.5622,0.8576604691756368,True,False,True,NASA POWER Daily API,LST
2024-07-17,Ford Rouge Electric Vehicle Center,42.3056229,-83.1676332,1.34,50.11,6.3648,7.8034,0.8156444626701181,True,False,True,NASA POWER Daily API,LST
2024-07-18,Ford Rouge Electric Vehicle Center,42.3056229,-83.1676332,0.19,28.36,6.4531,8.0398,0.8026443443866763,False,False,False,NASA POWER Daily API,LST
2024-07-19,Ford Rouge Electric Vehicle Center,42.3056229,-83.1676332,0.0,12.21,7.5761,8.0981,0.9355404354107754,False,False,False,NASA POWER Daily API,LST
2024-07-20,Ford Rouge Electric Vehicle Center,42.3056229,-83.1676332,0.0,51.38,6.588,7.7342,0.8518010912570143,False,False,False,NASA POWER Daily API,LST
2024-07-21,Ford Rouge Electric Vehicle Center,42.3056229,-83.1676332,0.02,65.08,5.6393,6.9703,0.8090469563720357,False,False,False,NASA POWER Daily API,LST
2024-07-22,Ford Rouge Electric Vehicle Center,42.3056229,-83.1676332,5.05,87.09,4.0063,6.8882,0.5816178392032751,True,True,True,NASA POWER Daily API,LST
2024-07-23,Ford Rouge Electric Vehicle Center,42.3056229,-83.1676332,1.04,46.84,5.8538,6.7826,0.8630613628991831,True,False,True,NASA POWER Daily API,LST
2024-07-24,Ford Rouge Electric Vehicle Center,42.3056229,-83.1676332,6.71,75.48,4.1546,7.0186,0.591941412817371,True,False,True,NASA POWER Daily API,LST
2024-07-25,Ford Rouge Electric Vehicle Center,42.3056229,-83.1676332,0.45,27.2,6.517,7.7458,0.8413591882052209,False,False,False,NASA POWER Daily API,LST
2024-07-26,Ford Rouge Electric Vehicle Center,42.3056229,-83.1676332,0.39,8.97,7.7278,7.8355,0.9862548656754515,False,False,False,NASA POWER Daily API,LST
2024-07-27,Ford Rouge Electric Vehicle Center,42.3056229,-83.1676332,0.07,2.4,7.8758,7.9073,0.9960163393320096,False,False,False,NASA POWER Daily API,LST
2024-07-28,Ford Rouge Electric Vehicle Center,42.3056229,-83.1676332,0.04,40.04,7.3106,7.6061,0.9611496036076308,False,False,False,NASA POWER Daily API,LST
2024-07-29,Ford Rouge Electric Vehicle Center,42.3056229,-83.1676332,10.67,96.71,4.5466,7.0918,0.6411066301926168,True,True,True,NASA POWER Daily API,LST
2024-07-30,Ford Rouge Electric Vehicle Center,42.3056229,-83.1676332,3.57,55.82,4.3325,7.1335,0.6073456227658232,True,False,True,NASA POWER Daily API,LST
2024-07-31,Ford Rouge Electric Vehicle Center,42.3056229,-83.1676332,1.25,24.28,6.2638,6.9199,0.9051864911342649,True,False,True,NASA POWER Daily API,LST
2024-08-01,Ford Rouge Electric Vehicle Center,42.3056229,-83.1676332,6.66,80.93,5.4091,6.8194,0.7931929495263512,True,True,True,NASA POWER Daily API,LST
2024-08-02,Ford Rouge Electric Vehicle Center,42.3056229,-83.1676332,11.06,91.82,3.5292,6.5875,0.535741935483871,True,True,True,NASA POWER Daily API,LST
2024-08-03,Ford Rouge Electric Vehicle Center,42.3056229,-83.1676332,3.62,16.54,7.1244,7.2233,0.9863081970844351,True,False,True,NASA POWER Daily API,LST
2024-08-04,Ford Rouge Electric Vehicle Center,42.3056229,-83.1676332,0.26,28.86,6.0866,7.0896,0.8585251636199503,False,False,False,NASA POWER Daily API,LST
2024-08-05,Ford Rouge Electric Vehicle Center,42.3056229,-83.1676332,6.64,88.64,3.8198,6.4176,0.5952069309399152,True,True,True,NASA POWER Daily API,LST
2024-08-06,Ford Rouge Electric Vehicle Center,42.3056229,-83.1676332,23.59,75.9,1.9466,6.8813,0.2828825948585296,True,False,True,NASA POWER Daily API,LST
2024-08-07,Ford Rouge Electric Vehicle Center,42.3056229,-83.1676332,2.17,8.83,7.2473,7.3291,0.9888390116112483,True,False,True,NASA POWER Daily API,LST
2024-08-08,Ford Rouge Electric Vehicle Center,42.3056229,-83.1676332,0.01,56.67,5.5363,7.1623,0.7729779540091869,False,False,False,NASA POWER Daily API,LST
2024-08-09,Ford Rouge Electric Vehicle Center,42.3056229,-83.1676332,0.04,32.17,7.0267,7.4921,0.9378812349007621,False,False,False,NASA POWER Daily API,LST
2024-08-10,Ford Rouge Electric Vehicle Center,42.3056229,-83.1676332,0.02,47.14,5.5301,7.3879,0.7485347663070696,False,False,False,NASA POWER Daily API,LST
2024-08-11,Ford Rouge Electric Vehicle Center,42.3056229,-83.1676332,0.04,42.91,5.4266,7.2454,0.7489717613934358,False,False,False,NASA POWER Daily API,LST
2024-08-12,Ford Rouge Electric Vehicle Center,42.3056229,-83.1676332,0.17,11.28,6.7378,7.1822,0.9381248085544819,False,False,False,NASA POWER Daily API,LST
2024-08-13,Ford Rouge Electric Vehicle Center,42.3056229,-83.1676332,0.15,17.59,6.1056,6.8947,0.8855497701132754,False,False,False,NASA POWER Daily API,LST
2024-08-14,Ford Rouge Electric Vehicle Center,42.3056229,-83.1676332,0.0,10.52,6.5194,6.7798,0.9615917873683589,False,False,False,NASA POWER Daily API,LST
2024-08-15,Ford Rouge Electric Vehicle Center,42.3056229,-83.1676332,2.21,81.95,4.3154,6.5482,0.6590207996090529,True,True,True,NASA POWER Daily API,LST
2024-08-16,Ford Rouge Electric Vehicle Center,42.3056229,-83.1676332,5.24,67.37,3.553,6.3883,0.5561730037725217,True,False,True,NASA POWER Daily API,LST
2024-08-17,Ford Rouge Electric Vehicle Center,42.3056229,-83.1676332,4.96,82.17,3.8525,6.5532,0.5878807300250259,True,True,True,NASA POWER Daily API,LST
2024-08-18,Ford Rouge Electric Vehicle Center,42.3056229,-83.1676332,5.5,79.9,3.7493,6.535,0.573726090283091,True,False,True,NASA POWER Daily API,LST
2024-08-19,Ford Rouge Electric Vehicle Center,42.3056229,-83.1676332,1.42,45.91,4.8602,6.6989,0.7255221006433892,True,False,True,NASA POWER Daily API,LST
2024-08-20,Ford Rouge Electric Vehicle Center,42.3056229,-83.1676332,0.21,28.41,6.0394,7.0174,0.8606321429589305,False,False,False,NASA POWER Daily API,LST
2024-08-21,Ford Rouge Electric Vehicle Center,42.3056229,-83.1676332,0.16,20.9,5.9779,6.7246,0.8889599381375844,False,False,False,NASA POWER Daily API,LST
2024-08-22,Ford Rouge Electric Vehicle Center,42.3056229,-83.1676332,0.27,8.12,6.5611,6.7183,0.9766012235238081,False,False,False,NASA POWER Daily API,LST
2024-08-23,Ford Rouge Electric Vehicle Center,42.3056229,-83.1676332,0.08,49.96,5.6746,6.6523,0.853028275934639,False,False,False,NASA POWER Daily API,LST
2024-08-24,Ford Rouge Electric Vehicle Center,42.3056229,-83.1676332,0.02,30.26,6.1589,6.5602,0.9388280845096186,False,False,False,NASA POWER Daily API,LST
2024-08-25,Ford Rouge Electric Vehicle Center,42.3056229,-83.1676332,1.72,40.81,5.2622,6.1034,0.8621751810466298,True,False,True,NASA POWER Daily API,LST
2024-08-26,Ford Rouge Electric Vehicle Center,42.3056229,-83.1676332,0.39,40.91,5.6525,6.3158,0.8949776750372082,False,False,False,NASA POWER Daily API,LST
2024-08-27,Ford Rouge Electric Vehicle Center,42.3056229,-83.1676332,9.0,68.85,5.2375,6.1207,0.8557027790938945,True,False,True,NASA POWER Daily API,LST
2024-08-28,Ford Rouge Electric Vehicle Center,42.3056229,-83.1676332,13.99,87.83,3.2431,6.1102,0.5307682236260679,True,True,True,NASA POWER Daily API,LST
2024-08-29,Ford Rouge Electric Vehicle Center,42.3056229,-83.1676332,0.57,62.43,4.0783,6.1313,0.6651607326341884,False,False,False,NASA POWER Daily API,LST
2024-08-30,Ford Rouge Electric Vehicle Center,42.3056229,-83.1676332,2.97,85.88,4.4885,5.7725,0.7775660459073193,True,True,True,NASA POWER Daily API,LST
2024-08-31,Ford Rouge Electric Vehicle Center,42.3056229,-83.1676332,1.06,40.27,6.0528,6.5138,0.9292271792195033,True,False,True,NASA POWER Daily API,LST
2024-09-01,Ford Rouge Electric Vehicle Center,42.3056229,-83.1676332,0.34,11.26,6.0036,6.4591,0.9294793392268271,False,False,False,NASA POWER Daily API,LST
2024-09-02,Ford Rouge Electric Vehicle Center,42.3056229,-83.1676332,0.01,4.94,6.5712,6.6948,0.9815379100197168,False,False,False,NASA POWER Daily API,LST
2024-09-03,Ford Rouge Electric Vehicle Center,42.3056229,-83.1676332,0.12,2.77,6.4579,6.4901,0.9950385972481164,False,False,False,NASA POWER Daily API,LST
2024-09-04,Ford Rouge Electric Vehicle Center,42.3056229,-83.1676332,0.0,0.36,6.1102,6.1154,0.9991496876737417,False,False,False,NASA POWER Daily API,LST
2024-09-05,Ford Rouge Electric Vehicle Center,42.3056229,-83.1676332,1.26,42.59,5.0491,5.9834,0.8438513219908415,True,False,True,NASA POWER Daily API,LST
2024-09-06,Ford Rouge Electric Vehicle Center,42.3056229,-83.1676332,3.24,84.86,2.9434,5.9158,0.49754893674566414,True,True,True,NASA POWER Daily API,LST
2024-09-07,Ford Rouge Electric Vehicle Center,42.3056229,-83.1676332,1.54,51.63,4.0586,6.4519,0.6290550070521862,True,False,True,NASA POWER Daily API,LST
2024-09-08,Ford Rouge Electric Vehicle Center,42.3056229,-83.1676332,0.01,36.73,5.7593,6.1174,0.9414620590446922,False,False,False,NASA POWER Daily API,LST
2024-09-09,Ford Rouge Electric Vehicle Center,42.3056229,-83.1676332,0.02,22.6,5.3846,5.8714,0.9170896208740674,False,False,False,NASA POWER Daily API,LST
2024-09-10,Ford Rouge Electric Vehicle Center,42.3056229,-83.1676332,0.01,19.35,5.6014,5.8637,0.9552671521394341,False,False,False,NASA POWER Daily API,LST
2024-09-11,Ford Rouge Electric Vehicle Center,42.3056229,-83.1676332,0.04,8.93,5.3112,5.3527,0.992246903431913,False,False,False,NASA POWER Daily API,LST
2024-09-12,Ford Rouge Electric Vehicle Center,42.3056229,-83.1676332,0.64,1.78,5.4468,5.4526,0.9989362872757949,False,False,False,NASA POWER Daily API,LST
2024-09-13,Ford Rouge Electric Vehicle Center,42.3056229,-83.1676332,3.28,7.17,5.3518,5.3736,0.9959431293732321,True,False,True,NASA POWER Daily API,LST
2024-09-14,Ford Rouge Electric Vehicle Center,42.3056229,-83.1676332,0.06,10.83,5.0707,5.1905,0.9769193719294866,False,False,False,NASA POWER Daily API,LST
2024-09-15,Ford Rouge Electric Vehicle Center,42.3056229,-83.1676332,0.15,0.54,5.6407,5.6467,0.998937432482689,False,False,False,NASA POWER Daily API,LST
2024-09-16,Ford Rouge Electric Vehicle Center,42.3056229,-83.1676332,0.01,0.44,5.6659,5.67,0.9992768959435626,False,False,False,NASA POWER Daily API,LST
2024-09-17,Ford Rouge Electric Vehicle Center,42.3056229,-83.1676332,0.26,6.69,5.561,5.5826,0.9961308350947586,False,False,False,NASA POWER Daily API,LST
2024-09-18,Ford Rouge Electric Vehicle Center,42.3056229,-83.1676332,0.45,10.49,4.8725,5.149,0.9463002524762089,False,False,False,NASA POWER Daily API,LST
2024-09-19,Ford Rouge Electric Vehicle Center,42.3056229,-83.1676332,0.13,17.78,4.6838,5.2294,0.895666806899453,False,False,False,NASA POWER Daily API,LST
2024-09-20,Ford Rouge Electric Vehicle Center,42.3056229,-83.1676332,0.68,67.97,3.3514,5.1535,0.6503153196856505,False,False,False,NASA POWER Daily API,LST
2024-09-21,Ford Rouge Electric Vehicle Center,42.3056229,-83.1676332,0.12,26.91,5.297,5.4086,0.9793661945790038,False,False,False,NASA POWER Daily API,LST
2024-09-22,Ford Rouge Electric Vehicle Center,42.3056229,-83.1676332,5.16,86.23,2.2042,4.8382,0.4555826547062958,True,True,True,NASA POWER Daily API,LST
2024-09-23,Ford Rouge Electric Vehicle Center,42.3056229,-83.1676332,1.16,98.92,2.069,5.316,0.38920240782543264,True,True,True,NASA POWER Daily API,LST
2024-09-24,Ford Rouge Electric Vehicle Center,42.3056229,-83.1676332,4.98,88.15,1.6966,4.5926,0.369420371902626,True,True,True,NASA POWER Daily API,LST
2024-09-25,Ford Rouge Electric Vehicle Center,42.3056229,-83.1676332,0.67,74.62,3.1349,4.9663,0.6312345206693111,False,False,False,NASA POWER Daily API,LST
2024-09-26,Ford Rouge Electric Vehicle Center,42.3056229,-83.1676332,0.21,96.81,2.7984,4.9289,0.5677534541175516,False,True,True,NASA POWER Daily API,LST
2024-09-27,Ford Rouge Electric Vehicle Center,42.3056229,-83.1676332,0.68,99.32,3.2299,4.885,0.6611873080859776,False,True,True,NASA POWER Daily API,LST
2024-09-28,Ford Rouge Electric Vehicle Center,42.3056229,-83.1676332,5.98,94.45,1.4095,4.7515,0.29664316531621593,True,True,True,NASA POWER Daily API,LST
2024-09-29,Ford Rouge Electric Vehicle Center,42.3056229,-83.1676332,2.02,74.54,1.6778,4.8478,0.3460951359379512,True,False,True,NASA POWER Daily API,LST
2024-09-30,Ford Rouge Electric Vehicle Center,42.3056229,-83.1676332,0.67,59.17,2.3868,4.8161,0.49558771620190617,False,False,False,NASA POWER Daily API,LST
2024-10-01,Ford Rouge Electric Vehicle Center,42.3056229,-83.1676332,3.75,71.11,2.4862,4.566,0.5445028471309681,True,False,True,NASA POWER Daily API,LST
2024-10-02,Ford Rouge Electric Vehicle Center,42.3056229,-83.1676332,1.04,22.09,4.866,4.9526,0.9825142349473003,True,False,True,NASA POWER Daily API,LST
2024-10-03,Ford Rouge Electric Vehicle Center,42.3056229,-83.1676332,0.02,23.02,4.5276,4.7021,0.9628889219710342,False,False,False,NASA POWER Daily API,LST
2024-10-04,Ford Rouge Electric Vehicle Center,42.3056229,-83.1676332,0.08,43.92,2.623,4.5641,0.5747025700576237,False,False,False,NASA POWER Daily API,LST
2024-10-05,Ford Rouge Electric Vehicle Center,42.3056229,-83.1676332,0.23,3.13,4.7834,4.8041,0.9956911804500324,False,False,False,NASA POWER Daily API,LST
2024-10-06,Ford Rouge Electric Vehicle Center,42.3056229,-83.1676332,0.19,43.41,4.1882,4.6202,0.9064975542184323,False,False,False,NASA POWER Daily API,LST
2024-10-07,Ford Rouge Electric Vehicle Center,42.3056229,-83.1676332,0.54,30.82,4.776,4.8607,0.982574526302796,False,False,False,NASA POWER Daily API,LST
2024-10-08,Ford Rouge Electric Vehicle Center,42.3056229,-83.1676332,0.28,33.2,4.2886,4.6978,0.9128953978458001,False,False,False,NASA POWER Daily API,LST
2024-10-09,Ford Rouge Electric Vehicle Center,42.3056229,-83.1676332,0.0,2.68,4.7213,4.7604,0.9917864045038233,False,False,False,NASA POWER Daily API,LST
2024-10-10,Ford Rouge Electric Vehicle Center,42.3056229,-83.1676332,0.0,1.72,4.6457,4.6603,0.9968671544750337,False,False,False,NASA POWER Daily API,LST
2024-10-11,Ford Rouge Electric Vehicle Center,42.3056229,-83.1676332,0.26,53.9,3.6598,4.073,0.8985514362877486,False,False,False,NASA POWER Daily API,LST
2024-10-12,Ford Rouge Electric Vehicle Center,42.3056229,-83.1676332,11.25,65.16,3.8837,3.9936,0.9724809695512822,True,False,True,NASA POWER Daily API,LST
2024-10-13,Ford Rouge Electric Vehicle Center,42.3056229,-83.1676332,13.95,97.72,0.9038,3.7838,0.23886040488397908,True,True,True,NASA POWER Daily API,LST
2024-10-14,Ford Rouge Electric Vehicle Center,42.3056229,-83.1676332,3.52,93.6,2.7881,4.3735,0.6374985709386075,True,True,True,NASA POWER Daily API,LST
2024-10-15,Ford Rouge Electric Vehicle Center,42.3056229,-83.1676332,1.78,70.76,3.1253,4.2914,0.7282704944773267,True,False,True,NASA POWER Daily API,LST
2024-10-16,Ford Rouge Electric Vehicle Center,42.3056229,-83.1676332,0.48,16.34,4.2468,4.321,0.9828280490627171,False,False,False,NASA POWER Daily API,LST
2024-10-17,Ford Rouge Electric Vehicle Center,42.3056229,-83.1676332,0.32,2.26,4.1767,4.2048,0.9933171613394217,False,False,False,NASA POWER Daily API,LST
2024-10-18,Ford Rouge Electric Vehicle Center,42.3056229,-83.1676332,0.0,0.37,4.0975,4.1011,0.9991221867303895,False,False,False,NASA POWER Daily API,LST
2024-10-19,Ford Rouge Electric Vehicle Center,42.3056229,-83.1676332,0.0,7.24,4.038,4.0675,0.9927473878303628,False,False,False,NASA POWER Daily API,LST
2024-10-20,Ford Rouge Electric Vehicle Center,42.3056229,-83.1676332,0.0,1.39,3.8184,3.8251,0.9982484118062273,False,False,False,NASA POWER Daily API,LST
2024-10-21,Ford Rouge Electric Vehicle Center,42.3056229,-83.1676332,0.0,5.41,3.7764,3.7819,0.9985457045400461,False,False,False,NASA POWER Daily API,LST
2024-10-22,Ford Rouge Electric Vehicle Center,42.3056229,-83.1676332,0.2,70.09,3.2486,3.7584,0.8643571732652193,False,False,False,NASA POWER Daily API,LST
2024-10-23,Ford Rouge Electric Vehicle Center,42.3056229,-83.1676332,0.03,58.4,2.2253,3.7481,0.5937141485019076,False,False,False,NASA POWER Daily API,LST
2024-10-24,Ford Rouge Electric Vehicle Center,42.3056229,-83.1676332,0.01,20.37,3.9578,3.965,0.9981841109709964,False,False,False,NASA POWER Daily API,LST
2024-10-25,Ford Rouge Electric Vehicle Center,42.3056229,-83.1676332,0.67,75.15,1.6958,3.4327,0.4940134587933696,False,False,False,NASA POWER Daily API,LST
2024-10-26,Ford Rouge Electric Vehicle Center,42.3056229,-83.1676332,0.11,22.74,3.5599,3.9084,0.9108330774741582,False,False,False,NASA POWER Daily API,LST
2024-10-27,Ford Rouge Electric Vehicle Center,42.3056229,-83.1676332,0.14,56.35,3.1884,3.6845,0.8653548649748949,False,False,False,NASA POWER Daily API,LST
2024-10-28,Ford Rouge Electric Vehicle Center,42.3056229,-83.1676332,0.13,64.27,3.2153,3.6912,0.8710717381881231,False,False,False,NASA POWER Daily API,LST
2024-10-29,Ford Rouge Electric Vehicle Center,42.3056229,-83.1676332,2.21,99.05,2.3647,3.2018,0.7385533137610094,True,True,True,NASA POWER Daily API,LST
2024-10-30,Ford Rouge Electric Vehicle Center,42.3056229,-83.1676332,0.04,87.51,2.6546,3.3089,0.8022605699779383,False,True,True,NASA POWER Daily API,LST
2024-10-31,Ford Rouge Electric Vehicle Center,42.3056229,-83.1676332,0.29,79.03,1.182,3.0598,0.3862997581541277,False,False,False,NASA POWER Daily API,LST
2024-11-01,Ford Rouge Electric Vehicle Center,42.3056229,-83.1676332,0.72,73.52,2.0899,3.497,0.5976265370317415,False,False,False,NASA POWER Daily API,LST
2024-11-02,Ford Rouge Electric Vehicle Center,42.3056229,-83.1676332,0.01,7.63,3.3307,3.3826,0.9846567728965885,False,False,False,NASA POWER Daily API,LST
2024-11-03,Ford Rouge Electric Vehicle Center,42.3056229,-83.1676332,0.25,77.36,2.7206,3.0089,0.9041842533816344,False,False,False,NASA POWER Daily API,LST
2024-11-04,Ford Rouge Electric Vehicle Center,42.3056229,-83.1676332,2.21,99.38,1.0447,2.6136,0.39971686562595654,True,True,True,NASA POWER Daily API,LST
2024-11-05,Ford Rouge Electric Vehicle Center,42.3056229,-83.1676332,2.03,99.07,1.0483,2.6508,0.39546551984306627,True,True,True,NASA POWER Daily API,LST
2024-11-06,Ford Rouge Electric Vehicle Center,42.3056229,-83.1676332,0.94,70.51,2.2025,3.0653,0.7185267347404822,False,False,False,NASA POWER Daily API,LST
2024-11-07,Ford Rouge Electric Vehicle Center,42.3056229,-83.1676332,0.03,12.44,3.1459,3.2002,0.9830323104805949,False,False,False,NASA POWER Daily API,LST
2024-11-08,Ford Rouge Electric Vehicle Center,42.3056229,-83.1676332,0.01,1.4,3.1447,3.1558,0.9964826668356676,False,False,False,NASA POWER Daily API,LST
2024-11-09,Ford Rouge Electric Vehicle Center,42.3056229,-83.1676332,0.0,65.16,2.3566,3.179,0.7413022963195973,False,False,False,NASA POWER Daily API,LST
2024-11-10,Ford Rouge Electric Vehicle Center,42.3056229,-83.1676332,12.21,87.98,0.6384,2.7089,0.23566761416072946,True,True,True,NASA POWER Daily API,LST
2024-11-11,Ford Rouge Electric Vehicle Center,42.3056229,-83.1676332,1.64,74.55,1.398,2.9484,0.47415547415547415,True,False,True,NASA POWER Daily API,LST
2024-11-12,Ford Rouge Electric Vehicle Center,42.3056229,-83.1676332,0.3,7.65,3.1039,3.1742,0.9778526872912859,False,False,False,NASA POWER Daily API,LST
2024-11-13,Ford Rouge Electric Vehicle Center,42.3056229,-83.1676332,0.23,70.98,2.2058,2.9897,0.7377997792420644,False,False,False,NASA POWER Daily API,LST
2024-11-14,Ford Rouge Electric Vehicle Center,42.3056229,-83.1676332,9.32,96.77,0.5297,2.579,0.20538968592477702,True,True,True,NASA POWER Daily API,LST
2024-11-15,Ford Rouge Electric Vehicle Center,42.3056229,-83.1676332,1.43,86.54,0.8894,2.7264,0.3262177230046948,True,True,True,NASA POWER Daily API,LST
2024-11-16,Ford Rouge Electric Vehicle Center,42.3056229,-83.1676332,0.08,97.97,0.9144,2.8128,0.32508532423208186,False,True,True,NASA POWER Daily API,LST
2024-11-17,Ford Rouge Electric Vehicle Center,42.3056229,-83.1676332,0.29,96.28,1.1297,2.4329,0.46434296518558094,False,True,True,NASA POWER Daily API,LST
2024-11-18,Ford Rouge Electric Vehicle Center,42.3056229,-83.1676332,0.69,72.34,2.1257,2.5946,0.819278501503122,False,False,False,NASA POWER Daily API,LST
2024-11-19,Ford Rouge Electric Vehicle Center,42.3056229,-83.1676332,2.43,86.77,0.749,2.382,0.3144416456759026,True,True,True,NASA POWER Daily API,LST
2024-11-20,Ford Rouge Electric Vehicle Center,42.3056229,-83.1676332,5.14,70.83,0.6449,2.6546,0.2429367889700897,True,False,True,NASA POWER Daily API,LST
2024-11-21,Ford Rouge Electric Vehicle Center,42.3056229,-83.1676332,2.44,94.43,1.123,2.7026,0.41552578998001927,True,True,True,NASA POWER Daily API,LST
2024-11-22,Ford Rouge Electric Vehicle Center,42.3056229,-83.1676332,1.49,93.6,0.7411,2.5958,0.2854996532860775,True,True,True,NASA POWER Daily API,LST
2024-11-23,Ford Rouge Electric Vehicle Center,42.3056229,-83.1676332,2.35,89.38,1.0358,2.6734,0.38744669708984814,True,True,True,NASA POWER Daily API,LST
2024-11-24,Ford Rouge Electric Vehicle Center,42.3056229,-83.1676332,1.3,99.08,1.0663,2.3321,0.45722739162128556,True,True,True,NASA POWER Daily API,LST
2024-11-25,Ford Rouge Electric Vehicle Center,42.3056229,-83.1676332,0.97,99.66,0.6314,2.1226,0.2974653726561764,False,True,True,NASA POWER Daily API,LST
2024-11-26,Ford Rouge Electric Vehicle Center,42.3056229,-83.1676332,0.27,52.77,2.5826,2.7062,0.9543271007316532,False,False,False,NASA POWER Daily API,LST
2024-11-27,Ford Rouge Electric Vehicle Center,42.3056229,-83.1676332,0.25,98.27,1.657,2.4866,0.6663717525939032,False,True,True,NASA POWER Daily API,LST
2024-11-28,Ford Rouge Electric Vehicle Center,42.3056229,-83.1676332,0.71,98.05,1.021,2.5522,0.4000470182587571,False,True,True,NASA POWER Daily API,LST
2024-11-29,Ford Rouge Electric Vehicle Center,42.3056229,-83.1676332,0.98,97.83,1.0678,2.5666,0.41603678017610846,False,True,True,NASA POWER Daily API,LST
2024-11-30,Ford Rouge Electric Vehicle Center,42.3056229,-83.1676332,0.43,98.58,1.0128,2.6222,0.38624056136068946,False,True,True,NASA POWER Daily API,LST
2024-12-01,Ford Rouge Electric Vehicle Center,42.3056229,-83.1676332,0.06,76.01,1.3824,2.5615,0.5396837790357213,False,False,False,NASA POWER Daily API,LST
2024-12-02,Ford Rouge Electric Vehicle Center,42.3056229,-83.1676332,0.04,57.79,1.6214,2.5157,0.6445124617402711,False,False,False,NASA POWER Daily API,LST
2024-12-03,Ford Rouge Electric Vehicle Center,42.3056229,-83.1676332,0.03,74.61,1.7138,2.4811,0.6907420095925194,False,False,False,NASA POWER Daily API,LST
2024-12-04,Ford Rouge Electric Vehicle Center,42.3056229,-83.1676332,1.18,99.13,0.5381,2.304,0.23355034722222226,True,True,True,NASA POWER Daily API,LST
2024-12-05,Ford Rouge Electric Vehicle Center,42.3056229,-83.1676332,0.64,51.02,1.361,2.5277,0.5384341496221862,False,False,False,NASA POWER Daily API,LST
2024-12-06,Ford Rouge Electric Vehicle Center,42.3056229,-83.1676332,0.04,82.22,1.6661,2.4905,0.6689821321019875,False,True,True,NASA POWER Daily API,LST
2024-12-07,Ford Rouge Electric Vehicle Center,42.3056229,-83.1676332,0.34,99.27,1.2706,2.1967,0.5784130741566896,False,True,True,NASA POWER Daily API,LST
2024-12-08,Ford Rouge Electric Vehicle Center,42.3056229,-83.1676332,0.73,68.21,1.7983,2.2171,0.8111045960939968,False,False,False,NASA POWER Daily API,LST
2024-12-09,Ford Rouge Electric Vehicle Center,42.3056229,-83.1676332,5.51,99.19,0.605,2.1425,0.2823803967327888,True,True,True,NASA POWER Daily API,LST
2024-12-10,Ford Rouge Electric Vehicle Center,42.3056229,-83.1676332,0.61,94.95,1.2595,2.1386,0.5889366875526045,False,True,True,NASA POWER Daily API,LST
2024-12-11,Ford Rouge Electric Vehicle Center,42.3056229,-83.1676332,0.93,93.31,1.4926,2.3693,0.6299750981302494,False,True,True,NASA POWER Daily API,LST
2024-12-12,Ford Rouge Electric Vehicle Center,42.3056229,-83.1676332,0.47,82.68,1.5425,2.4965,0.6178650110154216,False,True,True,NASA POWER Daily API,LST
2024-12-13,Ford Rouge Electric Vehicle Center,42.3056229,-83.1676332,0.02,62.24,1.9812,2.49,0.7956626506024096,False,False,False,NASA POWER Daily API,LST
2024-12-14,Ford Rouge Electric Vehicle Center,42.3056229,-83.1676332,0.0,86.97,1.9334,2.1564,0.896586904099425,False,True,True,NASA POWER Daily API,LST
2024-12-15,Ford Rouge Electric Vehicle Center,42.3056229,-83.1676332,6.96,98.83,0.515,2.0813,0.24744150290683706,True,True,True,NASA POWER Daily API,LST
2024-12-16,Ford Rouge Electric Vehicle Center,42.3056229,-83.1676332,3.02,93.25,0.8184,1.8216,0.4492753623188406,True,True,True,NASA POWER Daily API,LST
2024-12-17,Ford Rouge Electric Vehicle Center,42.3056229,-83.1676332,0.51,99.05,0.6902,2.2987,0.3002566668116762,False,True,True,NASA POWER Daily API,LST
2024-12-18,Ford Rouge Electric Vehicle Center,42.3056229,-83.1676332,0.21,99.67,0.6521,2.1866,0.29822555565718467,False,True,True,NASA POWER Daily API,LST
2024-12-19,Ford Rouge Electric Vehicle Center,42.3056229,-83.1676332,0.72,99.84,0.8479,2.3165,0.3660263328297,False,True,True,NASA POWER Daily API,LST
2024-12-20,Ford Rouge Electric Vehicle Center,42.3056229,-83.1676332,1.86,95.36,0.6773,2.2231,0.3046646574603032,True,True,True,NASA POWER Daily API,LST
2024-12-21,Ford Rouge Electric Vehicle Center,42.3056229,-83.1676332,0.6,58.13,1.4506,2.4542,0.5910683725857713,False,False,False,NASA POWER Daily API,LST
2024-12-22,Ford Rouge Electric Vehicle Center,42.3056229,-83.1676332,0.01,51.45,1.8348,2.3837,0.7697277341947392,False,False,False,NASA POWER Daily API,LST
2024-12-23,Ford Rouge Electric Vehicle Center,42.3056229,-83.1676332,4.47,98.76,0.6048,1.9668,0.30750457596095176,True,True,True,NASA POWER Daily API,LST
2024-12-24,Ford Rouge Electric Vehicle Center,42.3056229,-83.1676332,0.99,99.4,0.888,2.3431,0.3789851052025095,False,True,True,NASA POWER Daily API,LST
2024-12-25,Ford Rouge Electric Vehicle Center,42.3056229,-83.1676332,0.1,95.95,1.3217,2.2685,0.5826316949526119,False,True,True,NASA POWER Daily API,LST
2024-12-26,Ford Rouge Electric Vehicle Center,42.3056229,-83.1676332,0.53,83.63,0.8796,1.8542,0.4743824830115414,False,True,True,NASA POWER Daily API,LST
2024-12-27,Ford Rouge Electric Vehicle Center,42.3056229,-83.1676332,2.05,98.11,1.0267,1.9466,0.5274324463166546,True,True,True,NASA POWER Daily API,LST
2024-12-28,Ford Rouge Electric Vehicle Center,42.3056229,-83.1676332,0.75,76.58,1.458,2.1679,0.6725402463213248,False,False,False,NASA POWER Daily API,LST
2024-12-29,Ford Rouge Electric Vehicle Center,42.3056229,-83.1676332,24.98,99.28,0.5537,2.0815,0.2660100888782128,True,True,True,NASA POWER Daily API,LST
2024-12-30,Ford Rouge Electric Vehicle Center,42.3056229,-83.1676332,6.8,61.29,2.0069,2.2848,0.8783700980392156,True,False,True,NASA POWER Daily API,LST
2024-12-31,Ford Rouge Electric Vehicle Center,42.3056229,-83.1676332,3.94,99.77,0.5194,2.1715,0.23918950034538336,True,True,True,NASA POWER Daily API,LST
2024-01-01,GM Factory Zero,42.3815123,-83.0453415,0.19,99.12,0.9535,2.3098,0.4128063035760672,False,True,True,NASA POWER Daily API,LST
2024-01-02,GM Factory Zero,42.3815123,-83.0453415,0.03,98.17,1.2127,2.3033,0.5265054487040333,False,True,True,NASA POWER Daily API,LST
2024-01-03,GM Factory Zero,42.3815123,-83.0453415,0.27,99.64,0.727,2.3117,0.3144871739412553,False,True,True,NASA POWER Daily API,LST
2024-01-04,GM Factory Zero,42.3815123,-83.0453415,0.18,71.46,1.9939,2.5529,0.7810333346390379,False,False,False,NASA POWER Daily API,LST
2024-01-05,GM Factory Zero,42.3815123,-83.0453415,0.22,96.53,1.1167,2.4118,0.4630151753876773,False,True,True,NASA POWER Daily API,LST
2024-01-06,GM Factory Zero,42.3815123,-83.0453415,0.39,99.85,1.1779,2.3448,0.5023456158307744,False,True,True,NASA POWER Daily API,LST
2024-01-07,GM Factory Zero,42.3815123,-83.0453415,1.0,98.08,1.0087,2.1475,0.469708963911525,True,True,True,NASA POWER Daily API,LST
2024-01-08,GM Factory Zero,42.3815123,-83.0453415,0.13,99.9,1.2482,2.4228,0.5151890374772989,False,True,True,NASA POWER Daily API,LST
2024-01-09,GM Factory Zero,42.3815123,-83.0453415,14.82,100.0,0.6245,2.2793,0.27398762778045893,True,True,True,NASA POWER Daily API,LST
2024-01-10,GM Factory Zero,42.3815123,-83.0453415,3.89,99.08,0.9718,2.5291,0.38424736072120513,True,True,True,NASA POWER Daily API,LST
2024-01-11,GM Factory Zero,42.3815123,-83.0453415,2.72,96.24,0.7632,2.4542,0.3109771004808084,True,True,True,NASA POWER Daily API,LST
2024-01-12,GM Factory Zero,42.3815123,-83.0453415,14.31,99.51,0.899,2.3942,0.37549076935928494,True,True,True,NASA POWER Daily API,LST
2024-01-13,GM Factory Zero,42.3815123,-83.0453415,3.13,98.67,1.3409,2.611,0.5135580237456913,True,True,True,NASA POWER Daily API,LST
2024-01-14,GM Factory Zero,42.3815123,-83.0453415,0.7,56.24,2.6496,2.8162,0.9408422697251616,False,False,False,NASA POWER Daily API,LST
2024-01-15,GM Factory Zero,42.3815123,-83.0453415,0.07,72.43,2.3515,2.8363,0.8290730881782604,False,False,False,NASA POWER Daily API,LST
2024-01-16,GM Factory Zero,42.3815123,-83.0453415,0.79,58.16,2.6438,2.8654,0.922663502477839,False,False,False,NASA POWER Daily API,LST
2024-01-17,GM Factory Zero,42.3815123,-83.0453415,0.13,78.78,2.5171,2.8754,0.8753912499130556,False,False,False,NASA POWER Daily API,LST
2024-01-18,GM Factory Zero,42.3815123,-83.0453415,2.1,99.66,1.9193,2.7521,0.6973947167617456,True,True,True,NASA POWER Daily API,LST
2024-01-19,GM Factory Zero,42.3815123,-83.0453415,1.54,75.62,2.3623,2.8843,0.8190202128766078,True,False,True,NASA POWER Daily API,LST
2024-01-20,GM Factory Zero,42.3815123,-83.0453415,0.29,39.17,2.0599,2.9618,0.6954892295225875,False,False,False,NASA POWER Daily API,LST
2024-01-21,GM Factory Zero,42.3815123,-83.0453415,0.08,38.58,2.7233,2.9544,0.9217776875169239,False,False,False,NASA POWER Daily API,LST
2024-01-22,GM Factory Zero,42.3815123,-83.0453415,1.63,93.77,0.9137,2.3561,0.3878018759814948,True,True,True,NASA POWER Daily API,LST
2024-01-23,GM Factory Zero,42.3815123,-83.0453415,7.07,99.37,0.9017,2.6009,0.34668768503210423,True,True,True,NASA POWER Daily API,LST
2024-01-24,GM Factory Zero,42.3815123,-83.0453415,6.17,99.98,0.9233,2.6738,0.34531378562345727,True,True,True,NASA POWER Daily API,LST
2024-01-25,GM Factory Zero,42.3815123,-83.0453415,11.0,95.79,1.2638,2.7192,0.4647690497205061,True,True,True,NASA POWER Daily API,LST
2024-01-26,GM Factory Zero,42.3815123,-83.0453415,12.32,94.26,0.9096,2.4919,0.36502267346201694,True,True,True,NASA POWER Daily API,LST
2024-01-27,GM Factory Zero,42.3815123,-83.0453415,1.24,93.38,1.4662,2.3549,0.6226166716208755,True,True,True,NASA POWER Daily API,LST
2024-01-28,GM Factory Zero,42.3815123,-83.0453415,2.75,97.49,1.267,2.9088,0.43557480748074806,True,True,True,NASA POWER Daily API,LST
2024-01-29,GM Factory Zero,42.3815123,-83.0453415,0.68,98.74,1.1362,3.1082,0.36554919245865775,False,True,True,NASA POWER Daily API,LST
2024-01-30,GM Factory Zero,42.3815123,-83.0453415,5.61,99.19,0.7162,2.8111,0.2547757105759311,True,True,True,NASA POWER Daily API,LST
2024-01-31,GM Factory Zero,42.3815123,-83.0453415,0.96,97.98,1.1861,3.1774,0.37329262919368034,False,True,True,NASA POWER Daily API,LST
2024-02-01,GM Factory Zero,42.3815123,-83.0453415,0.38,96.75,1.2703,2.8702,0.44258239843913316,False,True,True,NASA POWER Daily API,LST
2024-02-02,GM Factory Zero,42.3815123,-83.0453415,0.25,69.91,2.2898,3.2546,0.7035580409266884,False,False,False,NASA POWER Daily API,LST
2024-02-03,GM Factory Zero,42.3815123,-83.0453415,0.3,43.97,3.0643,3.3199,0.923009729208711,False,False,False,NASA POWER Daily API,LST
2024-02-04,GM Factory Zero,42.3815123,-83.0453415,0.37,5.64,3.4229,3.4598,0.9893346436210185,False,False,False,NASA POWER Daily API,LST
2024-02-05,GM Factory Zero,42.3815123,-83.0453415,0.29,88.25,1.4196,3.2489,0.4369478900550956,False,True,True,NASA POWER Daily API,LST
2024-02-06,GM Factory Zero,42.3815123,-83.0453415,0.01,57.06,3.3098,3.3542,0.9867628644684276,False,False,False,NASA POWER Daily API,LST
2024-02-07,GM Factory Zero,42.3815123,-83.0453415,0.01,92.51,2.8507,3.2479,0.8777055943840635,False,True,True,NASA POWER Daily API,LST
2024-02-08,GM Factory Zero,42.3815123,-83.0453415,0.12,81.06,2.814,3.3034,0.8518496094932494,False,True,True,NASA POWER Daily API,LST
2024-02-09,GM Factory Zero,42.3815123,-83.0453415,0.06,41.53,3.1202,3.4452,0.9056658539417161,False,False,False,NASA POWER Daily API,LST
2024-02-10,GM Factory Zero,42.3815123,-83.0453415,0.0,68.68,2.2543,3.6643,0.6152061785334171,False,False,False,NASA POWER Daily API,LST
2024-02-11,GM Factory Zero,42.3815123,-83.0453415,0.0,85.45,2.1518,3.6838,0.5841250882241165,False,True,True,NASA POWER Daily API,LST
2024-02-12,GM Factory Zero,42.3815123,-83.0453415,0.0,29.37,3.7282,3.7778,0.9868706654666738,False,False,False,NASA POWER Daily API,LST
2024-02-13,GM Factory Zero,42.3815123,-83.0453415,0.16,72.82,1.7626,3.804,0.46335436382754996,False,False,False,NASA POWER Daily API,LST
2024-02-14,GM Factory Zero,42.3815123,-83.0453415,0.2,57.53,3.4202,3.9826,0.8587857178727464,False,False,False,NASA POWER Daily API,LST
2024-02-15,GM Factory Zero,42.3815123,-83.0453415,2.11,82.98,0.8002,3.635,0.2201375515818432,True,True,True,NASA POWER Daily API,LST
2024-02-16,GM Factory Zero,42.3815123,-83.0453415,0.51,88.5,1.7486,4.0459,0.43219061271904896,False,True,True,NASA POWER Daily API,LST
2024-02-17,GM Factory Zero,42.3815123,-83.0453415,0.23,78.01,2.3438,4.2161,0.5559166053936102,False,False,False,NASA POWER Daily API,LST
2024-02-18,GM Factory Zero,42.3815123,-83.0453415,0.07,81.95,1.6651,4.0178,0.4144307830155807,False,True,True,NASA POWER Daily API,LST
2024-02-19,GM Factory Zero,42.3815123,-83.0453415,0.01,41.28,3.6845,4.014,0.9179123069257598,False,False,False,NASA POWER Daily API,LST
2024-02-20,GM Factory Zero,42.3815123,-83.0453415,0.0,27.97,4.056,4.0891,0.9919053092367514,False,False,False,NASA POWER Daily API,LST
2024-02-21,GM Factory Zero,42.3815123,-83.0453415,0.0,72.02,2.976,3.7656,0.7903123008285532,False,False,False,NASA POWER Daily API,LST
2024-02-22,GM Factory Zero,42.3815123,-83.0453415,0.56,84.31,2.3083,3.9175,0.5892278238672622,False,True,True,NASA POWER Daily API,LST
2024-02-23,GM Factory Zero,42.3815123,-83.0453415,0.22,41.91,3.7884,4.1088,0.9220210280373833,False,False,False,NASA POWER Daily API,LST
2024-02-24,GM Factory Zero,42.3815123,-83.0453415,0.09,45.33,4.5048,4.5497,0.9901312174429084,False,False,False,NASA POWER Daily API,LST
2024-02-25,GM Factory Zero,42.3815123,-83.0453415,0.15,61.8,3.661,4.1522,0.8817012667983238,False,False,False,NASA POWER Daily API,LST
2024-02-26,GM Factory Zero,42.3815123,-83.0453415,0.02,61.95,3.8323,4.1892,0.9148047359877782,False,False,False,NASA POWER Daily API,LST
2024-02-27,GM Factory Zero,42.3815123,-83.0453415,2.35,71.16,3.8066,4.0711,0.9350298445137677,True,False,True,NASA POWER Daily API,LST
2024-02-28,GM Factory Zero,42.3815123,-83.0453415,2.94,82.91,1.6622,4.6661,0.35622897066072307,True,True,True,NASA POWER Daily API,LST
2024-02-29,GM Factory Zero,42.3815123,-83.0453415,0.36,21.19,4.728,4.7954,0.985944863827835,False,False,False,NASA POWER Daily API,LST
2024-03-01,GM Factory Zero,42.3815123,-83.0453415,0.29,58.61,3.7411,4.6454,0.80533430920911,False,False,False,NASA POWER Daily API,LST
2024-03-02,GM Factory Zero,42.3815123,-83.0453415,0.65,67.54,2.6057,4.2122,0.6186078533782822,False,False,False,NASA POWER Daily API,LST
2024-03-03,GM Factory Zero,42.3815123,-83.0453415,0.94,67.31,3.881,4.5566,0.8517315542290302,False,False,False,NASA POWER Daily API,LST
2024-03-04,GM Factory Zero,42.3815123,-83.0453415,0.39,61.97,3.5086,4.3584,0.8050201908957416,False,False,False,NASA POWER Daily API,LST
2024-03-05,GM Factory Zero,42.3815123,-83.0453415,3.93,94.4,1.4674,3.6612,0.4007975527149569,True,True,True,NASA POWER Daily API,LST
2024-03-06,GM Factory Zero,42.3815123,-83.0453415,0.86,82.4,2.0582,4.8893,0.4209600556316854,False,True,True,NASA POWER Daily API,LST
2024-03-07,GM Factory Zero,42.3815123,-83.0453415,0.61,80.27,3.5582,4.9284,0.721978735492249,False,True,True,NASA POWER Daily API,LST
2024-03-08,GM Factory Zero,42.3815123,-83.0453415,11.5,99.02,1.0464,4.2557,0.24588199356157622,True,True,True,NASA POWER Daily API,LST
2024-03-09,GM Factory Zero,42.3815123,-83.0453415,4.61,98.78,1.663,5.0402,0.3299472243164954,True,True,True,NASA POWER Daily API,LST
2024-03-10,GM Factory Zero,42.3815123,-83.0453415,1.8,67.2,3.1111,5.3496,0.5815574996261403,True,False,True,NASA POWER Daily API,LST
2024-03-11,GM Factory Zero,42.3815123,-83.0453415,0.14,9.53,5.131,5.1869,0.9892228498717925,False,False,False,NASA POWER Daily API,LST
2024-03-12,GM Factory Zero,42.3815123,-83.0453415,0.19,74.39,4.3349,4.9118,0.8825481493546153,False,False,False,NASA POWER Daily API,LST
2024-03-13,GM Factory Zero,42.3815123,-83.0453415,0.06,53.39,5.0347,5.1794,0.9720624010503146,False,False,False,NASA POWER Daily API,LST
2024-03-14,GM Factory Zero,42.3815123,-83.0453415,8.24,98.74,0.9586,4.7093,0.2035546684220585,True,True,True,NASA POWER Daily API,LST
2024-03-15,GM Factory Zero,42.3815123,-83.0453415,0.82,50.87,4.0013,5.3359,0.7498828688693566,False,False,False,NASA POWER Daily API,LST
2024-03-16,GM Factory Zero,42.3815123,-83.0453415,1.57,70.09,3.3269,5.2289,0.6362523666545545,True,False,True,NASA POWER Daily API,LST
2024-03-17,GM Factory Zero,42.3815123,-83.0453415,0.89,85.91,2.9714,5.6618,0.5248154297219965,False,True,True,NASA POWER Daily API,LST
2024-03-18,GM Factory Zero,42.3815123,-83.0453415,0.15,94.94,1.9519,5.8286,0.33488316233743953,False,True,True,NASA POWER Daily API,LST
2024-03-19,GM Factory Zero,42.3815123,-83.0453415,0.2,94.49,3.0305,5.3911,0.5621301775147929,False,True,True,NASA POWER Daily API,LST
2024-03-20,GM Factory Zero,42.3815123,-83.0453415,0.18,77.8,3.9403,6.1416,0.641575485215579,False,False,False,NASA POWER Daily API,LST
2024-03-21,GM Factory Zero,42.3815123,-83.0453415,0.19,58.68,4.6421,5.9868,0.7753891895503442,False,False,False,NASA POWER Daily API,LST
2024-03-22,GM Factory Zero,42.3815123,-83.0453415,4.23,99.11,1.8667,5.4794,0.340675986421871,True,True,True,NASA POWER Daily API,LST
2024-03-23,GM Factory Zero,42.3815123,-83.0453415,1.45,57.95,4.4258,6.1584,0.7186606910885943,True,False,True,NASA POWER Daily API,LST
2024-03-24,GM Factory Zero,42.3815123,-83.0453415,0.59,68.04,4.4146,5.6743,0.7779990483407646,False,False,False,NASA POWER Daily API,LST
2024-03-25,GM Factory Zero,42.3815123,-83.0453415,0.0,94.1,4.0884,5.6369,0.7252922705742518,False,True,True,NASA POWER Daily API,LST
2024-03-26,GM Factory Zero,42.3815123,-83.0453415,6.51,94.64,1.6738,5.6114,0.29828563281890436,True,True,True,NASA POWER Daily API,LST
2024-03-27,GM Factory Zero,42.3815123,-83.0453415,0.76,70.54,1.7194,6.2436,0.27538599525914537,False,False,False,NASA POWER Daily API,LST
2024-03-28,GM Factory Zero,42.3815123,-83.0453415,0.7,13.35,5.9942,6.3077,0.9502988410989743,False,False,False,NASA POWER Daily API,LST
2024-03-29,GM Factory Zero,42.3815123,-83.0453415,1.02,29.37,6.305,6.3979,0.9854796104971943,True,False,True,NASA POWER Daily API,LST
2024-03-30,GM Factory Zero,42.3815123,-83.0453415,1.91,98.77,1.3399,5.527,0.24242808033291116,True,True,True,NASA POWER Daily API,LST
2024-03-31,GM Factory Zero,42.3815123,-83.0453415,0.8,99.64,2.1478,6.101,0.35204064907392235,False,True,True,NASA POWER Daily API,LST
2024-04-01,GM Factory Zero,42.3815123,-83.0453415,5.18,71.38,5.333,5.8274,0.9151594192950544,True,False,True,NASA POWER Daily API,LST
2024-04-02,GM Factory Zero,42.3815123,-83.0453415,6.74,94.52,1.296,6.0031,0.2158884576302244,True,True,True,NASA POWER Daily API,LST
2024-04-03,GM Factory Zero,42.3815123,-83.0453415,1.4,87.69,2.8169,6.5774,0.4282695289932192,True,True,True,NASA POWER Daily API,LST
2024-04-04,GM Factory Zero,42.3815123,-83.0453415,1.06,91.94,3.4486,6.3108,0.5464600367623755,True,True,True,NASA POWER Daily API,LST
2024-04-05,GM Factory Zero,42.3815123,-83.0453415,0.83,83.3,4.2005,6.8112,0.61670483908856,False,True,True,NASA POWER Daily API,LST
2024-04-06,GM Factory Zero,42.3815123,-83.0453415,0.38,28.89,6.5832,6.8758,0.9574449518601471,False,False,False,NASA POWER Daily API,LST
2024-04-07,GM Factory Zero,42.3815123,-83.0453415,0.12,43.3,6.3737,6.8746,0.9271375789136823,False,False,False,NASA POWER Daily API,LST
2024-04-08,GM Factory Zero,42.3815123,-83.0453415,0.33,34.45,6.3677,6.6082,0.9636058230683091,False,False,False,NASA POWER Daily API,LST
2024-04-09,GM Factory Zero,42.3815123,-83.0453415,0.12,39.69,5.7619,6.3768,0.9035723246769539,False,False,False,NASA POWER Daily API,LST
2024-04-10,GM Factory Zero,42.3815123,-83.0453415,1.94,83.17,5.1266,6.5628,0.781160480282806,True,True,True,NASA POWER Daily API,LST
2024-04-11,GM Factory Zero,42.3815123,-83.0453415,21.41,99.89,0.8695,6.4896,0.13398360453648916,True,True,True,NASA POWER Daily API,LST
2024-04-12,GM Factory Zero,42.3815123,-83.0453415,10.85,99.33,1.8058,6.2726,0.2878870006058094,True,True,True,NASA POWER Daily API,LST
2024-04-13,GM Factory Zero,42.3815123,-83.0453415,1.17,17.41,6.9948,7.1014,0.9849888754330132,True,False,True,NASA POWER Daily API,LST
2024-04-14,GM Factory Zero,42.3815123,-83.0453415,0.01,29.42,6.2417,6.5638,0.9509278162040282,False,False,False,NASA POWER Daily API,LST
2024-04-15,GM Factory Zero,42.3815123,-83.0453415,0.02,10.45,7.0049,7.0663,0.991310869903627,False,False,False,NASA POWER Daily API,LST
2024-04-16,GM Factory Zero,42.3815123,-83.0453415,0.1,60.18,6.4946,6.9552,0.9337761674718197,False,False,False,NASA POWER Daily API,LST
2024-04-17,GM Factory Zero,42.3815123,-83.0453415,9.33,92.18,2.5397,6.3797,0.39809081931752277,True,True,True,NASA POWER Daily API,LST
2024-04-18,GM Factory Zero,42.3815123,-83.0453415,2.35,89.69,5.3561,6.8522,0.7816613642333848,True,True,True,NASA POWER Daily API,LST
2024-04-19,GM Factory Zero,42.3815123,-83.0453415,7.1,52.98,7.0447,7.4837,0.9413391771449952,True,False,True,NASA POWER Daily API,LST
2024-04-20,GM Factory Zero,42.3815123,-83.0453415,0.28,85.91,3.5995,7.6474,0.47068284645761954,False,True,True,NASA POWER Daily API,LST
2024-04-21,GM Factory Zero,42.3815123,-83.0453415,0.07,43.37,6.7843,7.5144,0.9028398807622697,False,False,False,NASA POWER Daily API,LST
2024-04-22,GM Factory Zero,42.3815123,-83.0453415,0.01,40.3,7.1222,7.3483,0.9692309785936883,False,False,False,NASA POWER Daily API,LST
2024-04-23,GM Factory Zero,42.3815123,-83.0453415,3.29,95.22,2.4917,6.636,0.3754822182037372,True,True,True,NASA POWER Daily API,LST
2024-04-24,GM Factory Zero,42.3815123,-83.0453415,0.48,61.22,4.1194,7.6099,0.5413211737342146,False,False,False,NASA POWER Daily API,LST
2024-04-25,GM Factory Zero,42.3815123,-83.0453415,0.01,12.08,7.5828,7.787,0.973776807499679,False,False,False,NASA POWER Daily API,LST
2024-04-26,GM Factory Zero,42.3815123,-83.0453415,0.1,64.69,6.5822,7.5583,0.8708572033393753,False,False,False,NASA POWER Daily API,LST
2024-04-27,GM Factory Zero,42.3815123,-83.0453415,3.91,78.31,4.4638,6.8153,0.6549674995964961,True,False,True,NASA POWER Daily API,LST
2024-04-28,GM Factory Zero,42.3815123,-83.0453415,6.83,98.51,3.0048,6.2282,0.48245078834976396,True,True,True,NASA POWER Daily API,LST
2024-04-29,GM Factory Zero,42.3815123,-83.0453415,7.52,87.6,4.0548,6.6084,0.6135827129108408,True,True,True,NASA POWER Daily API,LST
2024-04-30,GM Factory Zero,42.3815123,-83.0453415,1.83,38.52,7.4858,7.7323,0.9681207402713293,True,False,True,NASA POWER Daily API,LST
2024-05-01,GM Factory Zero,42.3815123,-83.0453415,0.53,57.7,6.1068,7.4369,0.8211485968615956,False,False,False,NASA POWER Daily API,LST
2024-05-02,GM Factory Zero,42.3815123,-83.0453415,0.96,37.89,7.1755,7.5288,0.9530735309743916,False,False,False,NASA POWER Daily API,LST
2024-05-03,GM Factory Zero,42.3815123,-83.0453415,9.32,94.72,3.3372,6.9946,0.47711091413376033,True,True,True,NASA POWER Daily API,LST
2024-05-04,GM Factory Zero,42.3815123,-83.0453415,0.81,82.33,4.4942,7.1568,0.6279622177509502,False,True,True,NASA POWER Daily API,LST
2024-05-05,GM Factory Zero,42.3815123,-83.0453415,0.56,96.05,2.7559,7.5826,0.3634505314799673,False,True,True,NASA POWER Daily API,LST
2024-05-06,GM Factory Zero,42.3815123,-83.0453415,0.44,64.0,5.8154,7.8473,0.7410701770035555,False,False,False,NASA POWER Daily API,LST
2024-05-07,GM Factory Zero,42.3815123,-83.0453415,9.42,66.68,4.3392,7.1042,0.6107936150446215,True,False,True,NASA POWER Daily API,LST
2024-05-08,GM Factory Zero,42.3815123,-83.0453415,1.01,19.7,7.5862,7.8926,0.9611788257354991,True,False,True,NASA POWER Daily API,LST
2024-05-09,GM Factory Zero,42.3815123,-83.0453415,3.13,99.08,2.0767,7.5672,0.27443440109948203,True,True,True,NASA POWER Daily API,LST
2024-05-10,GM Factory Zero,42.3815123,-83.0453415,0.34,44.31,6.6394,8.1811,0.8115534585813643,False,False,False,NASA POWER Daily API,LST
2024-05-11,GM Factory Zero,42.3815123,-83.0453415,5.7,81.73,2.585,7.799,0.3314527503526093,True,True,True,NASA POWER Daily API,LST
2024-05-12,GM Factory Zero,42.3815123,-83.0453415,0.97,24.32,7.7594,8.0513,0.96374498528188,False,False,False,NASA POWER Daily API,LST
2024-05-13,GM Factory Zero,42.3815123,-83.0453415,1.4,69.27,7.1242,7.6478,0.9315358665237061,True,False,True,NASA POWER Daily API,LST
2024-05-14,GM Factory Zero,42.3815123,-83.0453415,0.76,94.94,5.263,7.4899,0.7026796085394998,False,True,True,NASA POWER Daily API,LST
2024-05-15,GM Factory Zero,42.3815123,-83.0453415,1.05,49.14,6.5822,7.7933,0.8445972822809337,True,False,True,NASA POWER Daily API,LST
2024-05-16,GM Factory Zero,42.3815123,-83.0453415,1.08,43.55,7.4285,7.7335,0.9605611948018361,True,False,True,NASA POWER Daily API,LST
2024-05-17,GM Factory Zero,42.3815123,-83.0453415,8.32,87.08,5.4905,7.4938,0.732672342469775,True,True,True,NASA POWER Daily API,LST
2024-05-18,GM Factory Zero,42.3815123,-83.0453415,1.05,32.23,7.2653,7.865,0.9237507946598855,True,False,True,NASA POWER Daily API,LST
2024-05-19,GM Factory Zero,42.3815123,-83.0453415,2.17,39.28,6.7735,7.6798,0.8819891142998516,True,False,True,NASA POWER Daily API,LST
2024-05-20,GM Factory Zero,42.3815123,-83.0453415,3.65,79.0,6.2609,7.3788,0.8484984008239823,True,False,True,NASA POWER Daily API,LST
2024-05-21,GM Factory Zero,42.3815123,-83.0453415,1.44,36.75,6.8803,7.733,0.8897323160481055,True,False,True,NASA POWER Daily API,LST
2024-05-22,GM Factory Zero,42.3815123,-83.0453415,0.81,45.33,7.127,8.0167,0.8890191724774533,False,False,False,NASA POWER Daily API,LST
2024-05-23,GM Factory Zero,42.3815123,-83.0453415,0.7,1.85,8.3114,8.3383,0.9967739227420458,False,False,False,NASA POWER Daily API,LST
2024-05-24,GM Factory Zero,42.3815123,-83.0453415,0.07,65.23,7.1525,8.0158,0.8923002070909952,False,False,False,NASA POWER Daily API,LST
2024-05-25,GM Factory Zero,42.3815123,-83.0453415,3.76,45.5,7.0968,8.2255,0.8627803780925172,True,False,True,NASA POWER Daily API,LST
2024-05-26,GM Factory Zero,42.3815123,-83.0453415,7.84,85.17,5.0364,7.9262,0.6354116726804775,True,True,True,NASA POWER Daily API,LST
2024-05-27,GM Factory Zero,42.3815123,-83.0453415,15.71,96.86,2.628,8.1384,0.3229135948097906,True,True,True,NASA POWER Daily API,LST
2024-05-28,GM Factory Zero,42.3815123,-83.0453415,3.28,90.68,5.2231,7.9642,0.6558223048140428,True,True,True,NASA POWER Daily API,LST
2024-05-29,GM Factory Zero,42.3815123,-83.0453415,2.54,60.95,6.2419,8.2956,0.752435025796808,True,False,True,NASA POWER Daily API,LST
2024-05-30,GM Factory Zero,42.3815123,-83.0453415,0.18,3.09,8.7089,8.7295,0.997640185577639,False,False,False,NASA POWER Daily API,LST
2024-05-31,GM Factory Zero,42.3815123,-83.0453415,0.03,25.35,8.5714,8.7041,0.9847543111866821,False,False,False,NASA POWER Daily API,LST
2024-06-01,GM Factory Zero,42.3815123,-83.0453415,3.34,92.76,6.0108,8.2997,0.7242189476728075,True,True,True,NASA POWER Daily API,LST
2024-06-02,GM Factory Zero,42.3815123,-83.0453415,4.06,84.65,3.3185,7.9826,0.41571668378723725,True,True,True,NASA POWER Daily API,LST
2024-06-03,GM Factory Zero,42.3815123,-83.0453415,0.01,64.05,6.4262,8.0554,0.7977505772525262,False,False,False,NASA POWER Daily API,LST
2024-06-04,GM Factory Zero,42.3815123,-83.0453415,2.38,94.54,6.126,7.7042,0.7951506970224034,True,True,True,NASA POWER Daily API,LST
2024-06-05,GM Factory Zero,42.3815123,-83.0453415,11.07,77.35,3.6312,7.4671,0.4862932061978546,True,False,True,NASA POWER Daily API,LST
2024-06-06,GM Factory Zero,42.3815123,-83.0453415,2.38,58.34,7.1885,8.3928,0.8565079592031266,True,False,True,NASA POWER Daily API,LST
2024-06-07,GM Factory Zero,42.3815123,-83.0453415,0.76,71.51,4.4676,8.5486,0.5226118896661441,False,False,False,NASA POWER Daily API,LST
2024-06-08,GM Factory Zero,42.3815123,-83.0453415,7.56,59.7,4.9006,8.2368,0.5949640637140636,True,False,True,NASA POWER Daily API,LST
2024-06-09,GM Factory Zero,42.3815123,-83.0453415,1.41,64.48,6.0734,8.4502,0.7187285508035313,True,False,True,NASA POWER Daily API,LST
2024-06-10,GM Factory Zero,42.3815123,-83.0453415,0.43,50.33,6.8314,8.6237,0.7921657757111218,False,False,False,NASA POWER Daily API,LST
2024-06-11,GM Factory Zero,42.3815123,-83.0453415,0.0,34.55,8.4866,8.6837,0.9773023020141183,False,False,False,NASA POWER Daily API,LST
2024-06-12,GM Factory Zero,42.3815123,-83.0453415,1.54,54.24,7.9097,8.3239,0.9502396713079205,True,False,True,NASA POWER Daily API,LST
2024-06-13,GM Factory Zero,42.3815123,-83.0453415,0.75,57.37,6.571,7.9198,0.8296926690067931,False,False,False,NASA POWER Daily API,LST
2024-06-14,GM Factory Zero,42.3815123,-83.0453415,0.64,20.67,8.0006,8.4718,0.944380178946623,False,False,False,NASA POWER Daily API,LST
2024-06-15,GM Factory Zero,42.3815123,-83.0453415,0.0,47.93,8.2046,8.6381,0.9498153529132564,False,False,False,NASA POWER Daily API,LST
2024-06-16,GM Factory Zero,42.3815123,-83.0453415,0.1,46.89,8.1756,8.4566,0.9667715157391858,False,False,False,NASA POWER Daily API,LST
2024-06-17,GM Factory Zero,42.3815123,-83.0453415,8.15,54.96,7.1081,7.6663,0.9271878220262709,True,False,True,NASA POWER Daily API,LST
2024-06-18,GM Factory Zero,42.3815123,-83.0453415,0.9,76.88,5.3496,7.6066,0.7032839902190202,False,False,False,NASA POWER Daily API,LST
2024-06-19,GM Factory Zero,42.3815123,-83.0453415,4.43,89.9,5.202,7.6452,0.6804269345471669,True,True,True,NASA POWER Daily API,LST
2024-06-20,GM Factory Zero,42.3815123,-83.0453415,7.4,60.99,6.055,7.5571,0.8012332773153722,True,False,True,NASA POWER Daily API,LST
2024-06-21,GM Factory Zero,42.3815123,-83.0453415,9.86,45.09,5.5169,7.7746,0.7096056388753118,True,False,True,NASA POWER Daily API,LST
2024-06-22,GM Factory Zero,42.3815123,-83.0453415,2.09,76.65,5.6347,7.4914,0.7521558053234375,True,False,True,NASA POWER Daily API,LST
2024-06-23,GM Factory Zero,42.3815123,-83.0453415,3.84,79.21,4.3812,8.1732,0.5360446336808105,True,False,True,NASA POWER Daily API,LST
2024-06-24,GM Factory Zero,42.3815123,-83.0453415,0.54,34.5,7.5804,8.3198,0.9111276713382532,False,False,False,NASA POWER Daily API,LST
2024-06-25,GM Factory Zero,42.3815123,-83.0453415,1.21,94.1,3.875,7.6495,0.5065690568010981,True,True,True,NASA POWER Daily API,LST
2024-06-26,GM Factory Zero,42.3815123,-83.0453415,4.32,71.46,3.1586,8.1878,0.38576907105693836,True,False,True,NASA POWER Daily API,LST
2024-06-27,GM Factory Zero,42.3815123,-83.0453415,1.67,57.06,7.6966,8.6167,0.8932189817447515,True,False,True,NASA POWER Daily API,LST
2024-06-28,GM Factory Zero,42.3815123,-83.0453415,6.09,99.76,3.1946,8.003,0.39917530925902783,True,True,True,NASA POWER Daily API,LST
2024-06-29,GM Factory Zero,42.3815123,-83.0453415,13.57,72.32,5.1161,7.8048,0.6555068675686757,True,False,True,NASA POWER Daily API,LST
2024-06-30,GM Factory Zero,42.3815123,-83.0453415,0.05,43.74,6.3307,8.6376,0.7329234972677595,False,False,False,NASA POWER Daily API,LST
2024-07-01,GM Factory Zero,42.3815123,-83.0453415,0.05,23.53,8.544,8.724,0.9793672627235214,False,False,False,NASA POWER Daily API,LST
2024-07-02,GM Factory Zero,42.3815123,-83.0453415,0.0,75.02,5.0774,8.0782,0.628531108415241,False,False,False,NASA POWER Daily API,LST
2024-07-03,GM Factory Zero,42.3815123,-83.0453415,0.15,75.1,5.2313,7.7587,0.6742495521156895,False,False,False,NASA POWER Daily API,LST
2024-07-04,GM Factory Zero,42.3815123,-83.0453415,0.34,70.52,4.1621,7.9145,0.5258828732074041,False,False,False,NASA POWER Daily API,LST
2024-07-05,GM Factory Zero,42.3815123,-83.0453415,4.24,64.92,4.3486,7.8948,0.5508182601205858,True,False,True,NASA POWER Daily API,LST
2024-07-06,GM Factory Zero,42.3815123,-83.0453415,1.31,41.7,5.1586,8.0182,0.6433613529221022,True,False,True,NASA POWER Daily API,LST
2024-07-07,GM Factory Zero,42.3815123,-83.0453415,0.47,23.58,7.8209,8.1569,0.9588078804447768,False,False,False,NASA POWER Daily API,LST
2024-07-08,GM Factory Zero,42.3815123,-83.0453415,2.44,78.38,6.7087,7.8216,0.8577145341106679,True,False,True,NASA POWER Daily API,LST
2024-07-09,GM Factory Zero,42.3815123,-83.0453415,23.66,98.75,3.9377,7.5156,0.5239368779605088,True,True,True,NASA POWER Daily API,LST
2024-07-10,GM Factory Zero,42.3815123,-83.0453415,39.09,90.72,1.7966,7.553,0.2378657487091222,True,True,True,NASA POWER Daily API,LST
2024-07-11,GM Factory Zero,42.3815123,-83.0453415,3.31,29.67,7.3126,7.7726,0.9408177443841186,True,False,True,NASA POWER Daily API,LST
2024-07-12,GM Factory Zero,42.3815123,-83.0453415,0.43,49.02,5.9287,7.6224,0.7777996431570109,False,False,False,NASA POWER Daily API,LST
2024-07-13,GM Factory Zero,42.3815123,-83.0453415,0.03,16.88,7.0411,7.6601,0.919191655461417,False,False,False,NASA POWER Daily API,LST
2024-07-14,GM Factory Zero,42.3815123,-83.0453415,1.5,79.91,5.2795,7.3524,0.7180648495729285,True,False,True,NASA POWER Daily API,LST
2024-07-15,GM Factory Zero,42.3815123,-83.0453415,6.59,50.82,6.7831,7.7057,0.8802704491480333,True,False,True,NASA POWER Daily API,LST
2024-07-16,GM Factory Zero,42.3815123,-83.0453415,10.91,60.11,6.4858,7.5622,0.8576604691756368,True,False,True,NASA POWER Daily API,LST
2024-07-17,GM Factory Zero,42.3815123,-83.0453415,1.34,50.11,6.3648,7.8034,0.8156444626701181,True,False,True,NASA POWER Daily API,LST
2024-07-18,GM Factory Zero,42.3815123,-83.0453415,0.19,28.36,6.4531,8.0398,0.8026443443866763,False,False,False,NASA POWER Daily API,LST
2024-07-19,GM Factory Zero,42.3815123,-83.0453415,0.0,12.21,7.5761,8.0981,0.9355404354107754,False,False,False,NASA POWER Daily API,LST
2024-07-20,GM Factory Zero,42.3815123,-83.0453415,0.0,51.38,6.588,7.7342,0.8518010912570143,False,False,False,NASA POWER Daily API,LST
2024-07-21,GM Factory Zero,42.3815123,-83.0453415,0.02,65.08,5.6393,6.9703,0.8090469563720357,False,False,False,NASA POWER Daily API,LST
2024-07-22,GM Factory Zero,42.3815123,-83.0453415,5.05,87.09,4.0063,6.8882,0.5816178392032751,True,True,True,NASA POWER Daily API,LST
2024-07-23,GM Factory Zero,42.3815123,-83.0453415,1.04,46.84,5.8538,6.7826,0.8630613628991831,True,False,True,NASA POWER Daily API,LST
2024-07-24,GM Factory Zero,42.3815123,-83.0453415,6.71,75.48,4.1546,7.0186,0.591941412817371,True,False,True,NASA POWER Daily API,LST
2024-07-25,GM Factory Zero,42.3815123,-83.0453415,0.45,27.2,6.517,7.7458,0.8413591882052209,False,False,False,NASA POWER Daily API,LST
2024-07-26,GM Factory Zero,42.3815123,-83.0453415,0.39,8.97,7.7278,7.8355,0.9862548656754515,False,False,False,NASA POWER Daily API,LST
2024-07-27,GM Factory Zero,42.3815123,-83.0453415,0.07,2.4,7.8758,7.9073,0.9960163393320096,False,False,False,NASA POWER Daily API,LST
2024-07-28,GM Factory Zero,42.3815123,-83.0453415,0.04,40.04,7.3106,7.6061,0.9611496036076308,False,False,False,NASA POWER Daily API,LST
2024-07-29,GM Factory Zero,42.3815123,-83.0453415,10.67,96.71,4.5466,7.0918,0.6411066301926168,True,True,True,NASA POWER Daily API,LST
2024-07-30,GM Factory Zero,42.3815123,-83.0453415,3.57,55.82,4.3325,7.1335,0.6073456227658232,True,False,True,NASA POWER Daily API,LST
2024-07-31,GM Factory Zero,42.3815123,-83.0453415,1.25,24.28,6.2638,6.9199,0.9051864911342649,True,False,True,NASA POWER Daily API,LST
2024-08-01,GM Factory Zero,42.3815123,-83.0453415,6.66,80.93,5.4091,6.8194,0.7931929495263512,True,True,True,NASA POWER Daily API,LST
2024-08-02,GM Factory Zero,42.3815123,-83.0453415,11.06,91.82,3.5292,6.5875,0.535741935483871,True,True,True,NASA POWER Daily API,LST
2024-08-03,GM Factory Zero,42.3815123,-83.0453415,3.62,16.54,7.1244,7.2233,0.9863081970844351,True,False,True,NASA POWER Daily API,LST
2024-08-04,GM Factory Zero,42.3815123,-83.0453415,0.26,28.86,6.0866,7.0896,0.8585251636199503,False,False,False,NASA POWER Daily API,LST
2024-08-05,GM Factory Zero,42.3815123,-83.0453415,6.64,88.64,3.8198,6.4176,0.5952069309399152,True,True,True,NASA POWER Daily API,LST
2024-08-06,GM Factory Zero,42.3815123,-83.0453415,23.59,75.9,1.9466,6.8813,0.2828825948585296,True,False,True,NASA POWER Daily API,LST
2024-08-07,GM Factory Zero,42.3815123,-83.0453415,2.17,8.83,7.2473,7.3291,0.9888390116112483,True,False,True,NASA POWER Daily API,LST
2024-08-08,GM Factory Zero,42.3815123,-83.0453415,0.01,56.67,5.5363,7.1623,0.7729779540091869,False,False,False,NASA POWER Daily API,LST
2024-08-09,GM Factory Zero,42.3815123,-83.0453415,0.04,32.17,7.0267,7.4921,0.9378812349007621,False,False,False,NASA POWER Daily API,LST
2024-08-10,GM Factory Zero,42.3815123,-83.0453415,0.02,47.14,5.5301,7.3879,0.7485347663070696,False,False,False,NASA POWER Daily API,LST
2024-08-11,GM Factory Zero,42.3815123,-83.0453415,0.04,42.91,5.4266,7.2454,0.7489717613934358,False,False,False,NASA POWER Daily API,LST
2024-08-12,GM Factory Zero,42.3815123,-83.0453415,0.17,11.28,6.7378,7.1822,0.9381248085544819,False,False,False,NASA POWER Daily API,LST
2024-08-13,GM Factory Zero,42.3815123,-83.0453415,0.15,17.59,6.1056,6.8947,0.8855497701132754,False,False,False,NASA POWER Daily API,LST
2024-08-14,GM Factory Zero,42.3815123,-83.0453415,0.0,10.52,6.5194,6.7798,0.9615917873683589,False,False,False,NASA POWER Daily API,LST
2024-08-15,GM Factory Zero,42.3815123,-83.0453415,2.21,81.95,4.3154,6.5482,0.6590207996090529,True,True,True,NASA POWER Daily API,LST
2024-08-16,GM Factory Zero,42.3815123,-83.0453415,5.24,67.37,3.553,6.3883,0.5561730037725217,True,False,True,NASA POWER Daily API,LST
2024-08-17,GM Factory Zero,42.3815123,-83.0453415,4.96,82.17,3.8525,6.5532,0.5878807300250259,True,True,True,NASA POWER Daily API,LST
2024-08-18,GM Factory Zero,42.3815123,-83.0453415,5.5,79.9,3.7493,6.535,0.573726090283091,True,False,True,NASA POWER Daily API,LST
2024-08-19,GM Factory Zero,42.3815123,-83.0453415,1.42,45.91,4.8602,6.6989,0.7255221006433892,True,False,True,NASA POWER Daily API,LST
2024-08-20,GM Factory Zero,42.3815123,-83.0453415,0.21,28.41,6.0394,7.0174,0.8606321429589305,False,False,False,NASA POWER Daily API,LST
2024-08-21,GM Factory Zero,42.3815123,-83.0453415,0.16,20.9,5.9779,6.7246,0.8889599381375844,False,False,False,NASA POWER Daily API,LST
2024-08-22,GM Factory Zero,42.3815123,-83.0453415,0.27,8.12,6.5611,6.7183,0.9766012235238081,False,False,False,NASA POWER Daily API,LST
2024-08-23,GM Factory Zero,42.3815123,-83.0453415,0.08,49.96,5.6746,6.6523,0.853028275934639,False,False,False,NASA POWER Daily API,LST
2024-08-24,GM Factory Zero,42.3815123,-83.0453415,0.02,30.26,6.1589,6.5602,0.9388280845096186,False,False,False,NASA POWER Daily API,LST
2024-08-25,GM Factory Zero,42.3815123,-83.0453415,1.72,40.81,5.2622,6.1034,0.8621751810466298,True,False,True,NASA POWER Daily API,LST
2024-08-26,GM Factory Zero,42.3815123,-83.0453415,0.39,40.91,5.6525,6.3158,0.8949776750372082,False,False,False,NASA POWER Daily API,LST
2024-08-27,GM Factory Zero,42.3815123,-83.0453415,9.0,68.85,5.2375,6.1207,0.8557027790938945,True,False,True,NASA POWER Daily API,LST
2024-08-28,GM Factory Zero,42.3815123,-83.0453415,13.99,87.83,3.2431,6.1102,0.5307682236260679,True,True,True,NASA POWER Daily API,LST
2024-08-29,GM Factory Zero,42.3815123,-83.0453415,0.57,62.43,4.0783,6.1313,0.6651607326341884,False,False,False,NASA POWER Daily API,LST
2024-08-30,GM Factory Zero,42.3815123,-83.0453415,2.97,85.88,4.4885,5.7725,0.7775660459073193,True,True,True,NASA POWER Daily API,LST
2024-08-31,GM Factory Zero,42.3815123,-83.0453415,1.06,40.27,6.0528,6.5138,0.9292271792195033,True,False,True,NASA POWER Daily API,LST
2024-09-01,GM Factory Zero,42.3815123,-83.0453415,0.34,11.26,6.0036,6.4591,0.9294793392268271,False,False,False,NASA POWER Daily API,LST
2024-09-02,GM Factory Zero,42.3815123,-83.0453415,0.01,4.94,6.5712,6.6948,0.9815379100197168,False,False,False,NASA POWER Daily API,LST
2024-09-03,GM Factory Zero,42.3815123,-83.0453415,0.12,2.77,6.4579,6.4901,0.9950385972481164,False,False,False,NASA POWER Daily API,LST
2024-09-04,GM Factory Zero,42.3815123,-83.0453415,0.0,0.36,6.1102,6.1154,0.9991496876737417,False,False,False,NASA POWER Daily API,LST
2024-09-05,GM Factory Zero,42.3815123,-83.0453415,1.26,42.59,5.0491,5.9834,0.8438513219908415,True,False,True,NASA POWER Daily API,LST
2024-09-06,GM Factory Zero,42.3815123,-83.0453415,3.24,84.86,2.9434,5.9158,0.49754893674566414,True,True,True,NASA POWER Daily API,LST
2024-09-07,GM Factory Zero,42.3815123,-83.0453415,1.54,51.63,4.0586,6.4519,0.6290550070521862,True,False,True,NASA POWER Daily API,LST
2024-09-08,GM Factory Zero,42.3815123,-83.0453415,0.01,36.73,5.7593,6.1174,0.9414620590446922,False,False,False,NASA POWER Daily API,LST
2024-09-09,GM Factory Zero,42.3815123,-83.0453415,0.02,22.6,5.3846,5.8714,0.9170896208740674,False,False,False,NASA POWER Daily API,LST
2024-09-10,GM Factory Zero,42.3815123,-83.0453415,0.01,19.35,5.6014,5.8637,0.9552671521394341,False,False,False,NASA POWER Daily API,LST
2024-09-11,GM Factory Zero,42.3815123,-83.0453415,0.04,8.93,5.3112,5.3527,0.992246903431913,False,False,False,NASA POWER Daily API,LST
2024-09-12,GM Factory Zero,42.3815123,-83.0453415,0.64,1.78,5.4468,5.4526,0.9989362872757949,False,False,False,NASA POWER Daily API,LST
2024-09-13,GM Factory Zero,42.3815123,-83.0453415,3.28,7.17,5.3518,5.3736,0.9959431293732321,True,False,True,NASA POWER Daily API,LST
2024-09-14,GM Factory Zero,42.3815123,-83.0453415,0.06,10.83,5.0707,5.1905,0.9769193719294866,False,False,False,NASA POWER Daily API,LST
2024-09-15,GM Factory Zero,42.3815123,-83.0453415,0.15,0.54,5.6407,5.6467,0.998937432482689,False,False,False,NASA POWER Daily API,LST
2024-09-16,GM Factory Zero,42.3815123,-83.0453415,0.01,0.44,5.6659,5.67,0.9992768959435626,False,False,False,NASA POWER Daily API,LST
2024-09-17,GM Factory Zero,42.3815123,-83.0453415,0.26,6.69,5.561,5.5826,0.9961308350947586,False,False,False,NASA POWER Daily API,LST
2024-09-18,GM Factory Zero,42.3815123,-83.0453415,0.45,10.49,4.8725,5.149,0.9463002524762089,False,False,False,NASA POWER Daily API,LST
2024-09-19,GM Factory Zero,42.3815123,-83.0453415,0.13,17.78,4.6838,5.2294,0.895666806899453,False,False,False,NASA POWER Daily API,LST
2024-09-20,GM Factory Zero,42.3815123,-83.0453415,0.68,67.97,3.3514,5.1535,0.6503153196856505,False,False,False,NASA POWER Daily API,LST
2024-09-21,GM Factory Zero,42.3815123,-83.0453415,0.12,26.91,5.297,5.4086,0.9793661945790038,False,False,False,NASA POWER Daily API,LST
2024-09-22,GM Factory Zero,42.3815123,-83.0453415,5.16,86.23,2.2042,4.8382,0.4555826547062958,True,True,True,NASA POWER Daily API,LST
2024-09-23,GM Factory Zero,42.3815123,-83.0453415,1.16,98.92,2.069,5.316,0.38920240782543264,True,True,True,NASA POWER Daily API,LST
2024-09-24,GM Factory Zero,42.3815123,-83.0453415,4.98,88.15,1.6966,4.5926,0.369420371902626,True,True,True,NASA POWER Daily API,LST
2024-09-25,GM Factory Zero,42.3815123,-83.0453415,0.67,74.62,3.1349,4.9663,0.6312345206693111,False,False,False,NASA POWER Daily API,LST
2024-09-26,GM Factory Zero,42.3815123,-83.0453415,0.21,96.81,2.7984,4.9289,0.5677534541175516,False,True,True,NASA POWER Daily API,LST
2024-09-27,GM Factory Zero,42.3815123,-83.0453415,0.68,99.32,3.2299,4.885,0.6611873080859776,False,True,True,NASA POWER Daily API,LST
2024-09-28,GM Factory Zero,42.3815123,-83.0453415,5.98,94.45,1.4095,4.7515,0.29664316531621593,True,True,True,NASA POWER Daily API,LST
2024-09-29,GM Factory Zero,42.3815123,-83.0453415,2.02,74.54,1.6778,4.8478,0.3460951359379512,True,False,True,NASA POWER Daily API,LST
2024-09-30,GM Factory Zero,42.3815123,-83.0453415,0.67,59.17,2.3868,4.8161,0.49558771620190617,False,False,False,NASA POWER Daily API,LST
2024-10-01,GM Factory Zero,42.3815123,-83.0453415,3.75,71.11,2.4862,4.566,0.5445028471309681,True,False,True,NASA POWER Daily API,LST
2024-10-02,GM Factory Zero,42.3815123,-83.0453415,1.04,22.09,4.866,4.9526,0.9825142349473003,True,False,True,NASA POWER Daily API,LST
2024-10-03,GM Factory Zero,42.3815123,-83.0453415,0.02,23.02,4.5276,4.7021,0.9628889219710342,False,False,False,NASA POWER Daily API,LST
2024-10-04,GM Factory Zero,42.3815123,-83.0453415,0.08,43.92,2.623,4.5641,0.5747025700576237,False,False,False,NASA POWER Daily API,LST
2024-10-05,GM Factory Zero,42.3815123,-83.0453415,0.23,3.13,4.7834,4.8041,0.9956911804500324,False,False,False,NASA POWER Daily API,LST
2024-10-06,GM Factory Zero,42.3815123,-83.0453415,0.19,43.41,4.1882,4.6202,0.9064975542184323,False,False,False,NASA POWER Daily API,LST
2024-10-07,GM Factory Zero,42.3815123,-83.0453415,0.54,30.82,4.776,4.8607,0.982574526302796,False,False,False,NASA POWER Daily API,LST
2024-10-08,GM Factory Zero,42.3815123,-83.0453415,0.28,33.2,4.2886,4.6978,0.9128953978458001,False,False,False,NASA POWER Daily API,LST
2024-10-09,GM Factory Zero,42.3815123,-83.0453415,0.0,2.68,4.7213,4.7604,0.9917864045038233,False,False,False,NASA POWER Daily API,LST
2024-10-10,GM Factory Zero,42.3815123,-83.0453415,0.0,1.72,4.6457,4.6603,0.9968671544750337,False,False,False,NASA POWER Daily API,LST
2024-10-11,GM Factory Zero,42.3815123,-83.0453415,0.26,53.9,3.6598,4.073,0.8985514362877486,False,False,False,NASA POWER Daily API,LST
2024-10-12,GM Factory Zero,42.3815123,-83.0453415,11.25,65.16,3.8837,3.9936,0.9724809695512822,True,False,True,NASA POWER Daily API,LST
2024-10-13,GM Factory Zero,42.3815123,-83.0453415,13.95,97.72,0.9038,3.7838,0.23886040488397908,True,True,True,NASA POWER Daily API,LST
2024-10-14,GM Factory Zero,42.3815123,-83.0453415,3.52,93.6,2.7881,4.3735,0.6374985709386075,True,True,True,NASA POWER Daily API,LST
2024-10-15,GM Factory Zero,42.3815123,-83.0453415,1.78,70.76,3.1253,4.2914,0.7282704944773267,True,False,True,NASA POWER Daily API,LST
2024-10-16,GM Factory Zero,42.3815123,-83.0453415,0.48,16.34,4.2468,4.321,0.9828280490627171,False,False,False,NASA POWER Daily API,LST
2024-10-17,GM Factory Zero,42.3815123,-83.0453415,0.32,2.26,4.1767,4.2048,0.9933171613394217,False,False,False,NASA POWER Daily API,LST
2024-10-18,GM Factory Zero,42.3815123,-83.0453415,0.0,0.37,4.0975,4.1011,0.9991221867303895,False,False,False,NASA POWER Daily API,LST
2024-10-19,GM Factory Zero,42.3815123,-83.0453415,0.0,7.24,4.038,4.0675,0.9927473878303628,False,False,False,NASA POWER Daily API,LST
2024-10-20,GM Factory Zero,42.3815123,-83.0453415,0.0,1.39,3.8184,3.8251,0.9982484118062273,False,False,False,NASA POWER Daily API,LST
2024-10-21,GM Factory Zero,42.3815123,-83.0453415,0.0,5.41,3.7764,3.7819,0.9985457045400461,False,False,False,NASA POWER Daily API,LST
2024-10-22,GM Factory Zero,42.3815123,-83.0453415,0.2,70.09,3.2486,3.7584,0.8643571732652193,False,False,False,NASA POWER Daily API,LST
2024-10-23,GM Factory Zero,42.3815123,-83.0453415,0.03,58.4,2.2253,3.7481,0.5937141485019076,False,False,False,NASA POWER Daily API,LST
2024-10-24,GM Factory Zero,42.3815123,-83.0453415,0.01,20.37,3.9578,3.965,0.9981841109709964,False,False,False,NASA POWER Daily API,LST
2024-10-25,GM Factory Zero,42.3815123,-83.0453415,0.67,75.15,1.6958,3.4327,0.4940134587933696,False,False,False,NASA POWER Daily API,LST
2024-10-26,GM Factory Zero,42.3815123,-83.0453415,0.11,22.74,3.5599,3.9084,0.9108330774741582,False,False,False,NASA POWER Daily API,LST
2024-10-27,GM Factory Zero,42.3815123,-83.0453415,0.14,56.35,3.1884,3.6845,0.8653548649748949,False,False,False,NASA POWER Daily API,LST
2024-10-28,GM Factory Zero,42.3815123,-83.0453415,0.13,64.27,3.2153,3.6912,0.8710717381881231,False,False,False,NASA POWER Daily API,LST
2024-10-29,GM Factory Zero,42.3815123,-83.0453415,2.21,99.05,2.3647,3.2018,0.7385533137610094,True,True,True,NASA POWER Daily API,LST
2024-10-30,GM Factory Zero,42.3815123,-83.0453415,0.04,87.51,2.6546,3.3089,0.8022605699779383,False,True,True,NASA POWER Daily API,LST
2024-10-31,GM Factory Zero,42.3815123,-83.0453415,0.29,79.03,1.182,3.0598,0.3862997581541277,False,False,False,NASA POWER Daily API,LST
2024-11-01,GM Factory Zero,42.3815123,-83.0453415,0.72,73.52,2.0899,3.497,0.5976265370317415,False,False,False,NASA POWER Daily API,LST
2024-11-02,GM Factory Zero,42.3815123,-83.0453415,0.01,7.63,3.3307,3.3826,0.9846567728965885,False,False,False,NASA POWER Daily API,LST
2024-11-03,GM Factory Zero,42.3815123,-83.0453415,0.25,77.36,2.7206,3.0089,0.9041842533816344,False,False,False,NASA POWER Daily API,LST
2024-11-04,GM Factory Zero,42.3815123,-83.0453415,2.21,99.38,1.0447,2.6136,0.39971686562595654,True,True,True,NASA POWER Daily API,LST
2024-11-05,GM Factory Zero,42.3815123,-83.0453415,2.03,99.07,1.0483,2.6508,0.39546551984306627,True,True,True,NASA POWER Daily API,LST
2024-11-06,GM Factory Zero,42.3815123,-83.0453415,0.94,70.51,2.2025,3.0653,0.7185267347404822,False,False,False,NASA POWER Daily API,LST
2024-11-07,GM Factory Zero,42.3815123,-83.0453415,0.03,12.44,3.1459,3.2002,0.9830323104805949,False,False,False,NASA POWER Daily API,LST
2024-11-08,GM Factory Zero,42.3815123,-83.0453415,0.01,1.4,3.1447,3.1558,0.9964826668356676,False,False,False,NASA POWER Daily API,LST
2024-11-09,GM Factory Zero,42.3815123,-83.0453415,0.0,65.16,2.3566,3.179,0.7413022963195973,False,False,False,NASA POWER Daily API,LST
2024-11-10,GM Factory Zero,42.3815123,-83.0453415,12.21,87.98,0.6384,2.7089,0.23566761416072946,True,True,True,NASA POWER Daily API,LST
2024-11-11,GM Factory Zero,42.3815123,-83.0453415,1.64,74.55,1.398,2.9484,0.47415547415547415,True,False,True,NASA POWER Daily API,LST
2024-11-12,GM Factory Zero,42.3815123,-83.0453415,0.3,7.65,3.1039,3.1742,0.9778526872912859,False,False,False,NASA POWER Daily API,LST
2024-11-13,GM Factory Zero,42.3815123,-83.0453415,0.23,70.98,2.2058,2.9897,0.7377997792420644,False,False,False,NASA POWER Daily API,LST
2024-11-14,GM Factory Zero,42.3815123,-83.0453415,9.32,96.77,0.5297,2.579,0.20538968592477702,True,True,True,NASA POWER Daily API,LST
2024-11-15,GM Factory Zero,42.3815123,-83.0453415,1.43,86.54,0.8894,2.7264,0.3262177230046948,True,True,True,NASA POWER Daily API,LST
2024-11-16,GM Factory Zero,42.3815123,-83.0453415,0.08,97.97,0.9144,2.8128,0.32508532423208186,False,True,True,NASA POWER Daily API,LST
2024-11-17,GM Factory Zero,42.3815123,-83.0453415,0.29,96.28,1.1297,2.4329,0.46434296518558094,False,True,True,NASA POWER Daily API,LST
2024-11-18,GM Factory Zero,42.3815123,-83.0453415,0.69,72.34,2.1257,2.5946,0.819278501503122,False,False,False,NASA POWER Daily API,LST
2024-11-19,GM Factory Zero,42.3815123,-83.0453415,2.43,86.77,0.749,2.382,0.3144416456759026,True,True,True,NASA POWER Daily API,LST
2024-11-20,GM Factory Zero,42.3815123,-83.0453415,5.14,70.83,0.6449,2.6546,0.2429367889700897,True,False,True,NASA POWER Daily API,LST
2024-11-21,GM Factory Zero,42.3815123,-83.0453415,2.44,94.43,1.123,2.7026,0.41552578998001927,True,True,True,NASA POWER Daily API,LST
2024-11-22,GM Factory Zero,42.3815123,-83.0453415,1.49,93.6,0.7411,2.5958,0.2854996532860775,True,True,True,NASA POWER Daily API,LST
2024-11-23,GM Factory Zero,42.3815123,-83.0453415,2.35,89.38,1.0358,2.6734,0.38744669708984814,True,True,True,NASA POWER Daily API,LST
2024-11-24,GM Factory Zero,42.3815123,-83.0453415,1.3,99.08,1.0663,2.3321,0.45722739162128556,True,True,True,NASA POWER Daily API,LST
2024-11-25,GM Factory Zero,42.3815123,-83.0453415,0.97,99.66,0.6314,2.1226,0.2974653726561764,False,True,True,NASA POWER Daily API,LST
2024-11-26,GM Factory Zero,42.3815123,-83.0453415,0.27,52.77,2.5826,2.7062,0.9543271007316532,False,False,False,NASA POWER Daily API,LST
2024-11-27,GM Factory Zero,42.3815123,-83.0453415,0.25,98.27,1.657,2.4866,0.6663717525939032,False,True,True,NASA POWER Daily API,LST
2024-11-28,GM Factory Zero,42.3815123,-83.0453415,0.71,98.05,1.021,2.5522,0.4000470182587571,False,True,True,NASA POWER Daily API,LST
2024-11-29,GM Factory Zero,42.3815123,-83.0453415,0.98,97.83,1.0678,2.5666,0.41603678017610846,False,True,True,NASA POWER Daily API,LST
2024-11-30,GM Factory Zero,42.3815123,-83.0453415,0.43,98.58,1.0128,2.6222,0.38624056136068946,False,True,True,NASA POWER Daily API,LST
2024-12-01,GM Factory Zero,42.3815123,-83.0453415,0.06,76.01,1.3824,2.5615,0.5396837790357213,False,False,False,NASA POWER Daily API,LST
2024-12-02,GM Factory Zero,42.3815123,-83.0453415,0.04,57.79,1.6214,2.5157,0.6445124617402711,False,False,False,NASA POWER Daily API,LST
2024-12-03,GM Factory Zero,42.3815123,-83.0453415,0.03,74.61,1.7138,2.4811,0.6907420095925194,False,False,False,NASA POWER Daily API,LST
2024-12-04,GM Factory Zero,42.3815123,-83.0453415,1.18,99.13,0.5381,2.304,0.23355034722222226,True,True,True,NASA POWER Daily API,LST
2024-12-05,GM Factory Zero,42.3815123,-83.0453415,0.64,51.02,1.361,2.5277,0.5384341496221862,False,False,False,NASA POWER Daily API,LST
2024-12-06,GM Factory Zero,42.3815123,-83.0453415,0.04,82.22,1.6661,2.4905,0.6689821321019875,False,True,True,NASA POWER Daily API,LST
2024-12-07,GM Factory Zero,42.3815123,-83.0453415,0.34,99.27,1.2706,2.1967,0.5784130741566896,False,True,True,NASA POWER Daily API,LST
2024-12-08,GM Factory Zero,42.3815123,-83.0453415,0.73,68.21,1.7983,2.2171,0.8111045960939968,False,False,False,NASA POWER Daily API,LST
2024-12-09,GM Factory Zero,42.3815123,-83.0453415,5.51,99.19,0.605,2.1425,0.2823803967327888,True,True,True,NASA POWER Daily API,LST
2024-12-10,GM Factory Zero,42.3815123,-83.0453415,0.61,94.95,1.2595,2.1386,0.5889366875526045,False,True,True,NASA POWER Daily API,LST
2024-12-11,GM Factory Zero,42.3815123,-83.0453415,0.93,93.31,1.4926,2.3693,0.6299750981302494,False,True,True,NASA POWER Daily API,LST
2024-12-12,GM Factory Zero,42.3815123,-83.0453415,0.47,82.68,1.5425,2.4965,0.6178650110154216,False,True,True,NASA POWER Daily API,LST
2024-12-13,GM Factory Zero,42.3815123,-83.0453415,0.02,62.24,1.9812,2.49,0.7956626506024096,False,False,False,NASA POWER Daily API,LST
2024-12-14,GM Factory Zero,42.3815123,-83.0453415,0.0,86.97,1.9334,2.1564,0.896586904099425,False,True,True,NASA POWER Daily API,LST
2024-12-15,GM Factory Zero,42.3815123,-83.0453415,6.96,98.83,0.515,2.0813,0.24744150290683706,True,True,True,NASA POWER Daily API,LST
2024-12-16,GM Factory Zero,42.3815123,-83.0453415,3.02,93.25,0.8184,1.8216,0.4492753623188406,True,True,True,NASA POWER Daily API,LST
2024-12-17,GM Factory Zero,42.3815123,-83.0453415,0.51,99.05,0.6902,2.2987,0.3002566668116762,False,True,True,NASA POWER Daily API,LST
2024-12-18,GM Factory Zero,42.3815123,-83.0453415,0.21,99.67,0.6521,2.1866,0.29822555565718467,False,True,True,NASA POWER Daily API,LST
2024-12-19,GM Factory Zero,42.3815123,-83.0453415,0.72,99.84,0.8479,2.3165,0.3660263328297,False,True,True,NASA POWER Daily API,LST
2024-12-20,GM Factory Zero,42.3815123,-83.0453415,1.86,95.36,0.6773,2.2231,0.3046646574603032,True,True,True,NASA POWER Daily API,LST
2024-12-21,GM Factory Zero,42.3815123,-83.0453415,0.6,58.13,1.4506,2.4542,0.5910683725857713,False,False,False,NASA POWER Daily API,LST
2024-12-22,GM Factory Zero,42.3815123,-83.0453415,0.01,51.45,1.8348,2.3837,0.7697277341947392,False,False,False,NASA POWER Daily API,LST
2024-12-23,GM Factory Zero,42.3815123,-83.0453415,4.47,98.76,0.6048,1.9668,0.30750457596095176,True,True,True,NASA POWER Daily API,LST
2024-12-24,GM Factory Zero,42.3815123,-83.0453415,0.99,99.4,0.888,2.3431,0.3789851052025095,False,True,True,NASA POWER Daily API,LST
2024-12-25,GM Factory Zero,42.3815123,-83.0453415,0.1,95.95,1.3217,2.2685,0.5826316949526119,False,True,True,NASA POWER Daily API,LST
2024-12-26,GM Factory Zero,42.3815123,-83.0453415,0.53,83.63,0.8796,1.8542,0.4743824830115414,False,True,True,NASA POWER Daily API,LST
2024-12-27,GM Factory Zero,42.3815123,-83.0453415,2.05,98.11,1.0267,1.9466,0.5274324463166546,True,True,True,NASA POWER Daily API,LST
2024-12-28,GM Factory Zero,42.3815123,-83.0453415,0.75,76.58,1.458,2.1679,0.6725402463213248,False,False,False,NASA POWER Daily API,LST
2024-12-29,GM Factory Zero,42.3815123,-83.0453415,24.98,99.28,0.5537,2.0815,0.2660100888782128,True,True,True,NASA POWER Daily API,LST
2024-12-30,GM Factory Zero,42.3815123,-83.0453415,6.8,61.29,2.0069,2.2848,0.8783700980392156,True,False,True,NASA POWER Daily API,LST
2024-12-31,GM Factory Zero,42.3815123,-83.0453415,3.94,99.77,0.5194,2.1715,0.23918950034538336,True,True,True,NASA POWER Daily API,LST
2024-01-01,Hyundai Metaplant Georgia,32.1605262,-81.4509985,0.08,36.06,3.383,3.5278,0.9589545892624298,False,False,False,NASA POWER Daily API,LST
2024-01-02,Hyundai Metaplant Georgia,32.1605262,-81.4509985,0.0,0.25,3.7759,3.7771,0.9996822959413307,False,False,False,NASA POWER Daily API,LST
2024-01-03,Hyundai Metaplant Georgia,32.1605262,-81.4509985,1.31,66.34,1.7947,3.6334,0.49394506522816095,True,False,True,NASA POWER Daily API,LST
2024-01-04,Hyundai Metaplant Georgia,32.1605262,-81.4509985,1.37,10.59,3.6638,3.6725,0.9976310415248469,True,False,True,NASA POWER Daily API,LST
2024-01-05,Hyundai Metaplant Georgia,32.1605262,-81.4509985,0.06,33.04,3.5923,3.6456,0.9853796357252578,False,False,False,NASA POWER Daily API,LST
2024-01-06,Hyundai Metaplant Georgia,32.1605262,-81.4509985,18.34,66.85,2.275,3.4394,0.6614525789381869,True,False,True,NASA POWER Daily API,LST
2024-01-07,Hyundai Metaplant Georgia,32.1605262,-81.4509985,0.0,64.57,3.3175,3.7884,0.8756995037482842,False,False,False,NASA POWER Daily API,LST
2024-01-08,Hyundai Metaplant Georgia,32.1605262,-81.4509985,0.1,97.15,2.0482,3.7152,0.5513027562446168,False,True,True,NASA POWER Daily API,LST
2024-01-09,Hyundai Metaplant Georgia,32.1605262,-81.4509985,28.43,81.11,0.6238,3.2525,0.19179093005380476,True,True,True,NASA POWER Daily API,LST
2024-01-10,Hyundai Metaplant Georgia,32.1605262,-81.4509985,0.01,24.17,3.8717,3.8962,0.9937118217750629,False,False,False,NASA POWER Daily API,LST
2024-01-11,Hyundai Metaplant Georgia,32.1605262,-81.4509985,0.0,86.25,2.0297,3.8062,0.5332615206767906,False,True,True,NASA POWER Daily API,LST
2024-01-12,Hyundai Metaplant Georgia,32.1605262,-81.4509985,3.34,81.93,1.0882,3.425,0.3177226277372263,True,True,True,NASA POWER Daily API,LST
2024-01-13,Hyundai Metaplant Georgia,32.1605262,-81.4509985,0.37,84.64,3.6679,4.0423,0.9073794621873685,False,True,True,NASA POWER Daily API,LST
2024-01-14,Hyundai Metaplant Georgia,32.1605262,-81.4509985,0.0,39.41,3.9456,4.0498,0.9742703343374981,False,False,False,NASA POWER Daily API,LST
2024-01-15,Hyundai Metaplant Georgia,32.1605262,-81.4509985,0.02,65.16,3.5366,3.797,0.9314195417434816,False,False,False,NASA POWER Daily API,LST
2024-01-16,Hyundai Metaplant Georgia,32.1605262,-81.4509985,1.84,72.24,1.2295,3.3941,0.36224625084705814,True,False,True,NASA POWER Daily API,LST
2024-01-17,Hyundai Metaplant Georgia,32.1605262,-81.4509985,0.0,18.02,4.1676,4.2053,0.9910351223456115,False,False,False,NASA POWER Daily API,LST
2024-01-18,Hyundai Metaplant Georgia,32.1605262,-81.4509985,0.0,42.76,3.6677,4.0114,0.9143191903076232,False,False,False,NASA POWER Daily API,LST
2024-01-19,Hyundai Metaplant Georgia,32.1605262,-81.4509985,0.13,51.83,3.2635,3.9994,0.8159973996099414,False,False,False,NASA POWER Daily API,LST
2024-01-20,Hyundai Metaplant Georgia,32.1605262,-81.4509985,0.0,0.64,4.201,4.2086,0.9981941738345292,False,False,False,NASA POWER Daily API,LST
2024-01-21,Hyundai Metaplant Georgia,32.1605262,-81.4509985,0.0,11.57,4.2816,4.3594,0.9821535073633987,False,False,False,NASA POWER Daily API,LST
2024-01-22,Hyundai Metaplant Georgia,32.1605262,-81.4509985,0.01,75.03,3.5892,4.1074,0.8738374640892048,False,False,False,NASA POWER Daily API,LST
2024-01-23,Hyundai Metaplant Georgia,32.1605262,-81.4509985,0.63,99.97,1.4654,3.8136,0.3842563457100902,False,True,True,NASA POWER Daily API,LST
2024-01-24,Hyundai Metaplant Georgia,32.1605262,-81.4509985,1.13,81.84,1.6337,3.7997,0.4299549964470879,True,True,True,NASA POWER Daily API,LST
2024-01-25,Hyundai Metaplant Georgia,32.1605262,-81.4509985,1.13,63.23,2.4958,3.7906,0.658418192370601,True,False,True,NASA POWER Daily API,LST
2024-01-26,Hyundai Metaplant Georgia,32.1605262,-81.4509985,0.63,80.23,3.1471,3.8227,0.8232662777617914,False,True,True,NASA POWER Daily API,LST
2024-01-27,Hyundai Metaplant Georgia,32.1605262,-81.4509985,0.59,92.0,2.3105,3.8066,0.6069721010875848,False,True,True,NASA POWER Daily API,LST
2024-01-28,Hyundai Metaplant Georgia,32.1605262,-81.4509985,0.2,34.7,3.9305,4.3178,0.9103015424521747,False,False,False,NASA POWER Daily API,LST
2024-01-29,Hyundai Metaplant Georgia,32.1605262,-81.4509985,0.0,0.4,4.3483,4.35,0.999609195402299,False,False,False,NASA POWER Daily API,LST
2024-01-30,Hyundai Metaplant Georgia,32.1605262,-81.4509985,0.0,5.55,4.3963,4.4016,0.9987958924027626,False,False,False,NASA POWER Daily API,LST
2024-01-31,Hyundai Metaplant Georgia,32.1605262,-81.4509985,0.68,49.66,2.9909,4.2456,0.7044705106463163,False,False,False,NASA POWER Daily API,LST
2024-02-01,Hyundai Metaplant Georgia,32.1605262,-81.4509985,0.0,37.49,4.3524,4.4669,0.9743670106785467,False,False,False,NASA POWER Daily API,LST
2024-02-02,Hyundai Metaplant Georgia,32.1605262,-81.4509985,0.01,49.22,3.9391,4.4134,0.8925318348665428,False,False,False,NASA POWER Daily API,LST
2024-02-03,Hyundai Metaplant Georgia,32.1605262,-81.4509985,0.02,22.0,4.2461,4.3354,0.9794021312912304,False,False,False,NASA POWER Daily API,LST
2024-02-04,Hyundai Metaplant Georgia,32.1605262,-81.4509985,29.9,98.94,1.2307,4.2797,0.2875668855293595,True,True,True,NASA POWER Daily API,LST
2024-02-05,Hyundai Metaplant Georgia,32.1605262,-81.4509985,3.91,89.52,1.1165,4.361,0.2560192616372392,True,True,True,NASA POWER Daily API,LST
2024-02-06,Hyundai Metaplant Georgia,32.1605262,-81.4509985,0.03,0.79,4.7206,4.729,0.9982237259462888,False,False,False,NASA POWER Daily API,LST
2024-02-07,Hyundai Metaplant Georgia,32.1605262,-81.4509985,0.0,2.61,4.8581,4.8686,0.9978433225157131,False,False,False,NASA POWER Daily API,LST
2024-02-08,Hyundai Metaplant Georgia,32.1605262,-81.4509985,0.0,87.83,4.091,4.7419,0.8627343469917121,False,True,True,NASA POWER Daily API,LST
2024-02-09,Hyundai Metaplant Georgia,32.1605262,-81.4509985,0.03,96.53,2.7811,4.5226,0.6149338875867864,False,True,True,NASA POWER Daily API,LST
2024-02-10,Hyundai Metaplant Georgia,32.1605262,-81.4509985,0.06,99.23,2.9386,4.482,0.6556448014279339,False,True,True,NASA POWER Daily API,LST
2024-02-11,Hyundai Metaplant Georgia,32.1605262,-81.4509985,0.8,98.12,1.752,4.3507,0.4026938193853863,False,True,True,NASA POWER Daily API,LST
2024-02-12,Hyundai Metaplant Georgia,32.1605262,-81.4509985,22.59,99.7,0.6398,4.5005,0.14216198200199978,True,True,True,NASA POWER Daily API,LST
2024-02-13,Hyundai Metaplant Georgia,32.1605262,-81.4509985,0.06,20.41,4.9627,5.0266,0.9872876298094139,False,False,False,NASA POWER Daily API,LST
2024-02-14,Hyundai Metaplant Georgia,32.1605262,-81.4509985,0.0,10.55,5.0741,5.0822,0.9984062020384872,False,False,False,NASA POWER Daily API,LST
2024-02-15,Hyundai Metaplant Georgia,32.1605262,-81.4509985,0.01,56.84,4.5821,5.0251,0.9118425503970069,False,False,False,NASA POWER Daily API,LST
2024-02-16,Hyundai Metaplant Georgia,32.1605262,-81.4509985,0.01,96.73,3.4202,4.788,0.7143274853801169,False,True,True,NASA POWER Daily API,LST
2024-02-17,Hyundai Metaplant Georgia,32.1605262,-81.4509985,1.25,99.9,1.6315,4.584,0.35591186736474695,True,True,True,NASA POWER Daily API,LST
2024-02-18,Hyundai Metaplant Georgia,32.1605262,-81.4509985,0.08,97.2,1.9258,5.1302,0.3753849752446298,False,True,True,NASA POWER Daily API,LST
2024-02-19,Hyundai Metaplant Georgia,32.1605262,-81.4509985,0.0,31.22,4.0975,5.263,0.7785483564506935,False,False,False,NASA POWER Daily API,LST
2024-02-20,Hyundai Metaplant Georgia,32.1605262,-81.4509985,0.0,20.43,5.0724,5.3256,0.952456061288869,False,False,False,NASA POWER Daily API,LST
2024-02-21,Hyundai Metaplant Georgia,32.1605262,-81.4509985,0.0,3.69,5.3189,5.3237,0.9990983714334016,False,False,False,NASA POWER Daily API,LST
2024-02-22,Hyundai Metaplant Georgia,32.1605262,-81.4509985,0.04,41.91,4.8593,5.1934,0.9356683482882121,False,False,False,NASA POWER Daily API,LST
2024-02-23,Hyundai Metaplant Georgia,32.1605262,-81.4509985,4.16,66.68,2.8982,4.9757,0.5824708081274997,True,False,True,NASA POWER Daily API,LST
2024-02-24,Hyundai Metaplant Georgia,32.1605262,-81.4509985,0.04,12.17,4.7045,5.393,0.8723345076951605,False,False,False,NASA POWER Daily API,LST
2024-02-25,Hyundai Metaplant Georgia,32.1605262,-81.4509985,0.0,28.22,5.5217,5.5942,0.9870401487254657,False,False,False,NASA POWER Daily API,LST
2024-02-26,Hyundai Metaplant Georgia,32.1605262,-81.4509985,0.01,17.56,5.449,5.4598,0.9980219055643063,False,False,False,NASA POWER Daily API,LST
2024-02-27,Hyundai Metaplant Georgia,32.1605262,-81.4509985,0.08,65.88,3.4447,4.9932,0.6898782343987824,False,False,False,NASA POWER Daily API,LST
2024-02-28,Hyundai Metaplant Georgia,32.1605262,-81.4509985,1.45,87.84,3.3905,5.0443,0.6721447970977142,True,True,True,NASA POWER Daily API,LST
2024-02-29,Hyundai Metaplant Georgia,32.1605262,-81.4509985,0.95,98.75,3.7039,5.6726,0.6529457391672249,False,True,True,NASA POWER Daily API,LST
2024-03-01,Hyundai Metaplant Georgia,32.1605262,-81.4509985,23.71,99.78,0.8549,5.035,0.1697914597815293,True,True,True,NASA POWER Daily API,LST
2024-03-02,Hyundai Metaplant Georgia,32.1605262,-81.4509985,4.41,95.13,2.3462,5.2306,0.44855274729476546,True,True,True,NASA POWER Daily API,LST
2024-03-03,Hyundai Metaplant Georgia,32.1605262,-81.4509985,0.56,88.28,1.62,5.2279,0.3098758583752559,False,True,True,NASA POWER Daily API,LST
2024-03-04,Hyundai Metaplant Georgia,32.1605262,-81.4509985,0.12,38.11,4.7892,5.5505,0.8628411854787856,False,False,False,NASA POWER Daily API,LST
2024-03-05,Hyundai Metaplant Georgia,32.1605262,-81.4509985,2.52,87.63,2.7655,5.4089,0.5112869529848952,True,True,True,NASA POWER Daily API,LST
2024-03-06,Hyundai Metaplant Georgia,32.1605262,-81.4509985,15.78,81.01,3.7337,5.5246,0.6758317344242116,True,True,True,NASA POWER Daily API,LST
2024-03-07,Hyundai Metaplant Georgia,32.1605262,-81.4509985,0.11,44.42,4.8646,5.7746,0.8424133273300315,False,False,False,NASA POWER Daily API,LST
2024-03-08,Hyundai Metaplant Georgia,32.1605262,-81.4509985,1.62,93.83,2.7972,5.4142,0.5166414244024972,True,True,True,NASA POWER Daily API,LST
2024-03-09,Hyundai Metaplant Georgia,32.1605262,-81.4509985,24.52,99.72,1.9363,5.1154,0.37852367361301165,True,True,True,NASA POWER Daily API,LST
2024-03-10,Hyundai Metaplant Georgia,32.1605262,-81.4509985,0.04,42.21,6.0588,6.365,0.9518931657501963,False,False,False,NASA POWER Daily API,LST
2024-03-11,Hyundai Metaplant Georgia,32.1605262,-81.4509985,0.0,58.9,5.7958,6.5208,0.8888173230278492,False,False,False,NASA POWER Daily API,LST
2024-03-12,Hyundai Metaplant Georgia,32.1605262,-81.4509985,0.0,46.46,6.0214,6.2266,0.9670446150387049,False,False,False,NASA POWER Daily API,LST
2024-03-13,Hyundai Metaplant Georgia,32.1605262,-81.4509985,0.02,28.3,5.6333,5.9702,0.9435697296572979,False,False,False,NASA POWER Daily API,LST
2024-03-14,Hyundai Metaplant Georgia,32.1605262,-81.4509985,0.0,10.72,5.8303,5.9273,0.9836350446240278,False,False,False,NASA POWER Daily API,LST
2024-03-15,Hyundai Metaplant Georgia,32.1605262,-81.4509985,3.91,90.73,3.5563,5.5224,0.6439772562653918,True,True,True,NASA POWER Daily API,LST
2024-03-16,Hyundai Metaplant Georgia,32.1605262,-81.4509985,0.77,63.52,5.7,6.001,0.9498416930511581,False,False,False,NASA POWER Daily API,LST
2024-03-17,Hyundai Metaplant Georgia,32.1605262,-81.4509985,1.29,89.67,4.2434,5.9431,0.714004475778634,True,True,True,NASA POWER Daily API,LST
2024-03-18,Hyundai Metaplant Georgia,32.1605262,-81.4509985,0.58,43.63,5.0765,6.139,0.8269262094803714,False,False,False,NASA POWER Daily API,LST
2024-03-19,Hyundai Metaplant Georgia,32.1605262,-81.4509985,0.0,2.28,6.8842,6.8981,0.9979849523781911,False,False,False,NASA POWER Daily API,LST
2024-03-20,Hyundai Metaplant Georgia,32.1605262,-81.4509985,0.0,21.02,6.2801,6.5628,0.9569238739562381,False,False,False,NASA POWER Daily API,LST
2024-03-21,Hyundai Metaplant Georgia,32.1605262,-81.4509985,0.03,32.02,6.2266,6.3502,0.980536046108784,False,False,False,NASA POWER Daily API,LST
2024-03-22,Hyundai Metaplant Georgia,32.1605262,-81.4509985,12.95,99.73,1.3274,6.1687,0.21518310178805905,True,True,True,NASA POWER Daily API,LST
2024-03-23,Hyundai Metaplant Georgia,32.1605262,-81.4509985,1.68,80.71,4.645,6.3322,0.7335523198888221,True,True,True,NASA POWER Daily API,LST
2024-03-24,Hyundai Metaplant Georgia,32.1605262,-81.4509985,0.0,23.74,6.8414,6.9264,0.9877281127281128,False,False,False,NASA POWER Daily API,LST
2024-03-25,Hyundai Metaplant Georgia,32.1605262,-81.4509985,0.05,86.29,4.441,6.7174,0.6611188852829964,False,True,True,NASA POWER Daily API,LST
2024-03-26,Hyundai Metaplant Georgia,32.1605262,-81.4509985,0.18,96.43,3.8839,6.3132,0.6152030665906355,False,True,True,NASA POWER Daily API,LST
2024-03-27,Hyundai Metaplant Georgia,32.1605262,-81.4509985,13.28,98.1,2.5927,5.9544,0.4354259035335214,True,True,True,NASA POWER Daily API,LST
2024-03-28,Hyundai Metaplant Georgia,32.1605262,-81.4509985,6.05,70.9,4.2847,6.541,0.6550527442287112,True,False,True,NASA POWER Daily API,LST
2024-03-29,Hyundai Metaplant Georgia,32.1605262,-81.4509985,0.0,12.99,7.0764,7.0918,0.9978284779604613,False,False,False,NASA POWER Daily API,LST
2024-03-30,Hyundai Metaplant Georgia,32.1605262,-81.4509985,0.03,26.99,6.8638,6.9506,0.987511869478894,False,False,False,NASA POWER Daily API,LST
2024-03-31,Hyundai Metaplant Georgia,32.1605262,-81.4509985,0.01,55.99,5.5253,6.7159,0.8227192185708542,False,False,False,NASA POWER Daily API,LST
2024-04-01,Hyundai Metaplant Georgia,32.1605262,-81.4509985,0.02,98.91,4.6798,6.2282,0.7513888442888796,False,True,True,NASA POWER Daily API,LST
2024-04-02,Hyundai Metaplant Georgia,32.1605262,-81.4509985,0.04,88.53,5.0909,6.5093,0.7820963851719848,False,True,True,NASA POWER Daily API,LST
2024-04-03,Hyundai Metaplant Georgia,32.1605262,-81.4509985,27.18,74.4,2.6525,6.6365,0.39968356814586,True,False,True,NASA POWER Daily API,LST
2024-04-04,Hyundai Metaplant Georgia,32.1605262,-81.4509985,0.0,11.46,7.2612,7.2965,0.9951620640032892,False,False,False,NASA POWER Daily API,LST
2024-04-05,Hyundai Metaplant Georgia,32.1605262,-81.4509985,0.0,0.33,7.3361,7.337,0.9998773340602426,False,False,False,NASA POWER Daily API,LST
2024-04-06,Hyundai Metaplant Georgia,32.1605262,-81.4509985,0.0,19.24,7.3963,7.5094,0.9849388766079846,False,False,False,NASA POWER Daily API,LST
2024-04-07,Hyundai Metaplant Georgia,32.1605262,-81.4509985,0.01,41.18,7.1412,7.326,0.9747747747747749,False,False,False,NASA POWER Daily API,LST
2024-04-08,Hyundai Metaplant Georgia,32.1605262,-81.4509985,0.01,33.11,7.1808,7.3068,0.9827557891279356,False,False,False,NASA POWER Daily API,LST
2024-04-09,Hyundai Metaplant Georgia,32.1605262,-81.4509985,0.53,97.38,4.4208,6.9946,0.6320304234695336,False,True,True,NASA POWER Daily API,LST
2024-04-10,Hyundai Metaplant Georgia,32.1605262,-81.4509985,2.87,96.98,5.0664,7.0087,0.7228730006991311,True,True,True,NASA POWER Daily API,LST
2024-04-11,Hyundai Metaplant Georgia,32.1605262,-81.4509985,41.34,75.81,4.6075,6.6694,0.6908417548804989,True,False,True,NASA POWER Daily API,LST
2024-04-12,Hyundai Metaplant Georgia,32.1605262,-81.4509985,0.01,1.53,7.5811,7.5823,0.9998417366762065,False,False,False,NASA POWER Daily API,LST
2024-04-13,Hyundai Metaplant Georgia,32.1605262,-81.4509985,0.0,0.21,7.7107,7.7162,0.9992872139135844,False,False,False,NASA POWER Daily API,LST
2024-04-14,Hyundai Metaplant Georgia,32.1605262,-81.4509985,0.0,15.36,7.5067,7.5223,0.9979261661991679,False,False,False,NASA POWER Daily API,LST
2024-04-15,Hyundai Metaplant Georgia,32.1605262,-81.4509985,0.0,30.96,7.2754,7.3786,0.9860136069173014,False,False,False,NASA POWER Daily API,LST
2024-04-16,Hyundai Metaplant Georgia,32.1605262,-81.4509985,0.07,58.55,5.2207,7.2348,0.7216094432465306,False,False,False,NASA POWER Daily API,LST
2024-04-17,Hyundai Metaplant Georgia,32.1605262,-81.4509985,0.0,89.08,5.2186,6.9605,0.7497449895840816,False,True,True,NASA POWER Daily API,LST
2024-04-18,Hyundai Metaplant Georgia,32.1605262,-81.4509985,0.0,57.66,7.1146,7.4172,0.95920293372162,False,False,False,NASA POWER Daily API,LST
2024-04-19,Hyundai Metaplant Georgia,32.1605262,-81.4509985,0.01,51.63,6.287,7.1198,0.8830304222028709,False,False,False,NASA POWER Daily API,LST
2024-04-20,Hyundai Metaplant Georgia,32.1605262,-81.4509985,0.45,66.21,6.2698,7.0034,0.895250878144901,False,False,False,NASA POWER Daily API,LST
2024-04-21,Hyundai Metaplant Georgia,32.1605262,-81.4509985,8.51,87.04,2.4751,6.9264,0.3573429198429198,True,True,True,NASA POWER Daily API,LST
2024-04-22,Hyundai Metaplant Georgia,32.1605262,-81.4509985,0.2,51.98,6.4574,7.7254,0.8358661040205038,False,False,False,NASA POWER Daily API,LST
2024-04-23,Hyundai Metaplant Georgia,32.1605262,-81.4509985,0.0,0.72,8.0443,8.0477,0.9995775190427078,False,False,False,NASA POWER Daily API,LST
2024-04-24,Hyundai Metaplant Georgia,32.1605262,-81.4509985,0.0,6.72,7.727,7.7635,0.9952985122689509,False,False,False,NASA POWER Daily API,LST
2024-04-25,Hyundai Metaplant Georgia,32.1605262,-81.4509985,0.03,20.38,7.362,7.6536,0.9619002822201317,False,False,False,NASA POWER Daily API,LST
2024-04-26,Hyundai Metaplant Georgia,32.1605262,-81.4509985,0.11,34.57,6.8825,7.5588,0.9105281261575913,False,False,False,NASA POWER Daily API,LST
2024-04-27,Hyundai Metaplant Georgia,32.1605262,-81.4509985,0.11,77.95,5.0844,7.4141,0.6857744028270457,False,False,False,NASA POWER Daily API,LST
2024-04-28,Hyundai Metaplant Georgia,32.1605262,-81.4509985,0.0,54.86,5.8495,7.4422,0.7859907016742361,False,False,False,NASA POWER Daily API,LST
2024-04-29,Hyundai Metaplant Georgia,32.1605262,-81.4509985,0.02,18.35,6.941,7.6812,0.903634848721554,False,False,False,NASA POWER Daily API,LST
2024-04-30,Hyundai Metaplant Georgia,32.1605262,-81.4509985,1.92,64.98,5.6494,7.4626,0.7570283815292257,True,False,True,NASA POWER Daily API,LST
2024-05-01,Hyundai Metaplant Georgia,32.1605262,-81.4509985,2.89,24.12,7.0428,7.6296,0.9230890217049387,True,False,True,NASA POWER Daily API,LST
2024-05-02,Hyundai Metaplant Georgia,32.1605262,-81.4509985,0.37,22.7,7.0164,7.6056,0.9225307668034081,False,False,False,NASA POWER Daily API,LST
2024-05-03,Hyundai Metaplant Georgia,32.1605262,-81.4509985,0.1,48.57,7.003,7.6522,0.9151616528580017,False,False,False,NASA POWER Daily API,LST
2024-05-04,Hyundai Metaplant Georgia,32.1605262,-81.4509985,1.77,96.99,4.5485,7.4947,0.6068955395145903,True,True,True,NASA POWER Daily API,LST
2024-05-05,Hyundai Metaplant Georgia,32.1605262,-81.4509985,3.11,34.17,6.7411,7.5682,0.8907137760630005,True,False,True,NASA POWER Daily API,LST
2024-05-06,Hyundai Metaplant Georgia,32.1605262,-81.4509985,16.77,66.8,4.9222,7.2677,0.677270663346038,True,False,True,NASA POWER Daily API,LST
2024-05-07,Hyundai Metaplant Georgia,32.1605262,-81.4509985,3.33,22.58,7.3356,7.5912,0.9663294340815682,True,False,True,NASA POWER Daily API,LST
2024-05-08,Hyundai Metaplant Georgia,32.1605262,-81.4509985,0.9,9.39,6.8892,7.1047,0.9696679662758455,False,False,False,NASA POWER Daily API,LST
2024-05-09,Hyundai Metaplant Georgia,32.1605262,-81.4509985,7.94,62.16,2.5913,6.9194,0.3744977888256207,True,False,True,NASA POWER Daily API,LST
2024-05-10,Hyundai Metaplant Georgia,32.1605262,-81.4509985,10.12,69.49,4.9697,7.506,0.6620969890754063,True,False,True,NASA POWER Daily API,LST
2024-05-11,Hyundai Metaplant Georgia,32.1605262,-81.4509985,0.01,4.53,8.0642,8.1859,0.9851329725503609,False,False,False,NASA POWER Daily API,LST
2024-05-12,Hyundai Metaplant Georgia,32.1605262,-81.4509985,0.0,54.5,6.2095,8.0294,0.7733454554512167,False,False,False,NASA POWER Daily API,LST
2024-05-13,Hyundai Metaplant Georgia,32.1605262,-81.4509985,4.84,99.7,1.9548,7.3164,0.26718058061341643,True,True,True,NASA POWER Daily API,LST
2024-05-14,Hyundai Metaplant Georgia,32.1605262,-81.4509985,8.37,95.53,4.1724,6.7445,0.6186374082585809,True,True,True,NASA POWER Daily API,LST
2024-05-15,Hyundai Metaplant Georgia,32.1605262,-81.4509985,2.23,35.76,6.7164,7.7887,0.8623261905067597,True,False,True,NASA POWER Daily API,LST
2024-05-16,Hyundai Metaplant Georgia,32.1605262,-81.4509985,0.11,10.8,7.6817,7.9459,0.9667501478750048,False,False,False,NASA POWER Daily API,LST
2024-05-17,Hyundai Metaplant Georgia,32.1605262,-81.4509985,1.9,94.06,2.4528,7.247,0.33845729267283015,True,True,True,NASA POWER Daily API,LST
2024-05-18,Hyundai Metaplant Georgia,32.1605262,-81.4509985,13.64,94.89,1.7304,6.9319,0.24962852897473997,True,True,True,NASA POWER Daily API,LST
2024-05-19,Hyundai Metaplant Georgia,32.1605262,-81.4509985,24.68,84.19,3.5657,7.7539,0.4598589097099524,True,True,True,NASA POWER Daily API,LST
2024-05-20,Hyundai Metaplant Georgia,32.1605262,-81.4509985,0.9,36.39,6.2647,8.052,0.7780303030303031,False,False,False,NASA POWER Daily API,LST
2024-05-21,Hyundai Metaplant Georgia,32.1605262,-81.4509985,0.28,14.23,7.6229,8.2162,0.9277890022151358,False,False,False,NASA POWER Daily API,LST
2024-05-22,Hyundai Metaplant Georgia,32.1605262,-81.4509985,0.29,33.49,7.3733,8.1012,0.9101491137115489,False,False,False,NASA POWER Daily API,LST
2024-05-23,Hyundai Metaplant Georgia,32.1605262,-81.4509985,0.45,33.28,6.9086,7.5986,0.9091937988576843,False,False,False,NASA POWER Daily API,LST
2024-05-24,Hyundai Metaplant Georgia,32.1605262,-81.4509985,8.02,64.7,5.6158,7.6418,0.7348792169384176,True,False,True,NASA POWER Daily API,LST
2024-05-25,Hyundai Metaplant Georgia,32.1605262,-81.4509985,4.8,43.77,5.7523,7.6805,0.7489486361565002,True,False,True,NASA POWER Daily API,LST
2024-05-26,Hyundai Metaplant Georgia,32.1605262,-81.4509985,0.35,22.87,7.4592,7.8605,0.9489472679854971,False,False,False,NASA POWER Daily API,LST
2024-05-27,Hyundai Metaplant Georgia,32.1605262,-81.4509985,0.38,81.1,4.5694,7.4189,0.6159134103438515,False,True,True,NASA POWER Daily API,LST
2024-05-28,Hyundai Metaplant Georgia,32.1605262,-81.4509985,0.52,30.27,7.7057,8.0074,0.9623223518245623,False,False,False,NASA POWER Daily API,LST
2024-05-29,Hyundai Metaplant Georgia,32.1605262,-81.4509985,0.0,26.68,7.9738,8.1562,0.9776366445158284,False,False,False,NASA POWER Daily API,LST
2024-05-30,Hyundai Metaplant Georgia,32.1605262,-81.4509985,0.0,20.62,8.1554,8.2855,0.984297869772494,False,False,False,NASA POWER Daily API,LST
2024-05-31,Hyundai Metaplant Georgia,32.1605262,-81.4509985,0.0,37.61,7.8775,8.3158,0.9472931046922727,False,False,False,NASA POWER Daily API,LST
2024-06-01,Hyundai Metaplant Georgia,32.1605262,-81.4509985,0.0,84.91,7.1306,8.3479,0.8541788952910314,False,True,True,NASA POWER Daily API,LST
2024-06-02,Hyundai Metaplant Georgia,32.1605262,-81.4509985,0.14,79.67,5.0093,7.8158,0.6409196755290565,False,False,False,NASA POWER Daily API,LST
2024-06-03,Hyundai Metaplant Georgia,32.1605262,-81.4509985,0.87,36.37,6.8237,7.8574,0.868442487336778,False,False,False,NASA POWER Daily API,LST
2024-06-04,Hyundai Metaplant Georgia,32.1605262,-81.4509985,0.16,43.99,6.6163,7.777,0.8507522180789507,False,False,False,NASA POWER Daily API,LST
2024-06-05,Hyundai Metaplant Georgia,32.1605262,-81.4509985,3.61,62.92,6.2225,7.8636,0.7913042372450277,True,False,True,NASA POWER Daily API,LST
2024-06-06,Hyundai Metaplant Georgia,32.1605262,-81.4509985,2.98,44.4,7.2874,7.8312,0.9305598120339156,True,False,True,NASA POWER Daily API,LST
2024-06-07,Hyundai Metaplant Georgia,32.1605262,-81.4509985,0.98,20.43,7.6118,8.1158,0.9378989132309815,False,False,False,NASA POWER Daily API,LST
2024-06-08,Hyundai Metaplant Georgia,32.1605262,-81.4509985,0.05,30.79,8.0527,8.2596,0.97495036079229,False,False,False,NASA POWER Daily API,LST
2024-06-09,Hyundai Metaplant Georgia,32.1605262,-81.4509985,0.02,8.89,7.915,7.9454,0.9961738867772547,False,False,False,NASA POWER Daily API,LST
2024-06-10,Hyundai Metaplant Georgia,32.1605262,-81.4509985,2.5,83.88,5.5075,7.7297,0.712511481687517,True,True,True,NASA POWER Daily API,LST
2024-06-11,Hyundai Metaplant Georgia,32.1605262,-81.4509985,7.54,56.6,6.8602,8.0311,0.8542042808581638,True,False,True,NASA POWER Daily API,LST
2024-06-12,Hyundai Metaplant Georgia,32.1605262,-81.4509985,0.06,53.63,7.6241,8.1686,0.9333423107998924,False,False,False,NASA POWER Daily API,LST
2024-06-13,Hyundai Metaplant Georgia,32.1605262,-81.4509985,1.03,51.28,6.8849,8.1331,0.8465283840110166,True,False,True,NASA POWER Daily API,LST
2024-06-14,Hyundai Metaplant Georgia,32.1605262,-81.4509985,0.22,5.23,8.0122,8.2001,0.9770856452970085,False,False,False,NASA POWER Daily API,LST
2024-06-15,Hyundai Metaplant Georgia,32.1605262,-81.4509985,0.03,21.08,7.5979,7.8605,0.9665924559506393,False,False,False,NASA POWER Daily API,LST
2024-06-16,Hyundai Metaplant Georgia,32.1605262,-81.4509985,0.56,36.19,7.1738,7.7839,0.9216202674751731,False,False,False,NASA POWER Daily API,LST
2024-06-17,Hyundai Metaplant Georgia,32.1605262,-81.4509985,0.16,60.07,6.4322,7.915,0.8126595072646873,False,False,False,NASA POWER Daily API,LST
2024-06-18,Hyundai Metaplant Georgia,32.1605262,-81.4509985,0.13,29.8,7.1206,8.2481,0.8633018513354589,False,False,False,NASA POWER Daily API,LST
2024-06-19,Hyundai Metaplant Georgia,32.1605262,-81.4509985,0.26,36.42,7.1134,8.3362,0.85331445982582,False,False,False,NASA POWER Daily API,LST
2024-06-20,Hyundai Metaplant Georgia,32.1605262,-81.4509985,0.34,17.5,7.3538,8.3098,0.8849551132397893,False,False,False,NASA POWER Daily API,LST
2024-06-21,Hyundai Metaplant Georgia,32.1605262,-81.4509985,5.29,31.09,6.3986,8.0633,0.7935460667468655,True,False,True,NASA POWER Daily API,LST
2024-06-22,Hyundai Metaplant Georgia,32.1605262,-81.4509985,10.28,46.87,5.1487,8.0014,0.6434748918939185,True,False,True,NASA POWER Daily API,LST
2024-06-23,Hyundai Metaplant Georgia,32.1605262,-81.4509985,5.91,44.02,6.9706,8.0182,0.8693472350402833,True,False,True,NASA POWER Daily API,LST
2024-06-24,Hyundai Metaplant Georgia,32.1605262,-81.4509985,1.8,50.44,5.9215,7.7354,0.7655066318483853,True,False,True,NASA POWER Daily API,LST
2024-06-25,Hyundai Metaplant Georgia,32.1605262,-81.4509985,1.57,10.95,7.5362,7.9531,0.9475801888571752,True,False,True,NASA POWER Daily API,LST
2024-06-26,Hyundai Metaplant Georgia,32.1605262,-81.4509985,2.91,35.07,6.6326,7.867,0.8430913944324393,True,False,True,NASA POWER Daily API,LST
2024-06-27,Hyundai Metaplant Georgia,32.1605262,-81.4509985,5.38,82.06,4.9891,7.5079,0.6645133792405332,True,True,True,NASA POWER Daily API,LST
2024-06-28,Hyundai Metaplant Georgia,32.1605262,-81.4509985,6.72,65.08,5.3035,7.7234,0.6866794416966621,True,False,True,NASA POWER Daily API,LST
2024-06-29,Hyundai Metaplant Georgia,32.1605262,-81.4509985,3.91,38.95,6.8179,7.9241,0.8604005502202142,True,False,True,NASA POWER Daily API,LST
2024-06-30,Hyundai Metaplant Georgia,32.1605262,-81.4509985,4.01,44.63,7.069,7.8449,0.9010949789034914,True,False,True,NASA POWER Daily API,LST
2024-07-01,Hyundai Metaplant Georgia,32.1605262,-81.4509985,16.81,56.27,5.7679,7.5379,0.7651865904296953,True,False,True,NASA POWER Daily API,LST
2024-07-02,Hyundai Metaplant Georgia,32.1605262,-81.4509985,5.38,81.78,3.8885,7.8804,0.4934394193188163,True,True,True,NASA POWER Daily API,LST
2024-07-03,Hyundai Metaplant Georgia,32.1605262,-81.4509985,2.81,41.41,6.6269,7.9174,0.8370045722080481,True,False,True,NASA POWER Daily API,LST
2024-07-04,Hyundai Metaplant Georgia,32.1605262,-81.4509985,0.28,48.23,7.0699,7.8437,0.9013475783112561,False,False,False,NASA POWER Daily API,LST
2024-07-05,Hyundai Metaplant Georgia,32.1605262,-81.4509985,0.16,25.91,7.3246,7.6862,0.9529546459889152,False,False,False,NASA POWER Daily API,LST
2024-07-06,Hyundai Metaplant Georgia,32.1605262,-81.4509985,2.17,60.96,6.4716,7.6087,0.8505526568270532,True,False,True,NASA POWER Daily API,LST
2024-07-07,Hyundai Metaplant Georgia,32.1605262,-81.4509985,0.95,83.02,5.814,7.603,0.7646981454688939,False,True,True,NASA POWER Daily API,LST
2024-07-08,Hyundai Metaplant Georgia,32.1605262,-81.4509985,7.93,89.32,5.8699,7.5842,0.7739642941905541,True,True,True,NASA POWER Daily API,LST
2024-07-09,Hyundai Metaplant Georgia,32.1605262,-81.4509985,3.54,62.69,6.7776,7.5389,0.8990170979851172,True,False,True,NASA POWER Daily API,LST
2024-07-10,Hyundai Metaplant Georgia,32.1605262,-81.4509985,1.99,67.87,6.3854,7.6879,0.8305779211488182,True,False,True,NASA POWER Daily API,LST
2024-07-11,Hyundai Metaplant Georgia,32.1605262,-81.4509985,0.03,47.92,7.1945,7.9306,0.9071823065089653,False,False,False,NASA POWER Daily API,LST
2024-07-12,Hyundai Metaplant Georgia,32.1605262,-81.4509985,2.17,51.71,6.5016,7.6601,0.8487617655121996,True,False,True,NASA POWER Daily API,LST
2024-07-13,Hyundai Metaplant Georgia,32.1605262,-81.4509985,4.0,85.05,5.5656,7.7306,0.7199441181797014,True,True,True,NASA POWER Daily API,LST
2024-07-14,Hyundai Metaplant Georgia,32.1605262,-81.4509985,3.07,57.39,6.4181,7.6082,0.8435766672800399,True,False,True,NASA POWER Daily API,LST
2024-07-15,Hyundai Metaplant Georgia,32.1605262,-81.4509985,6.7,50.96,5.808,7.3078,0.7947672350091682,True,False,True,NASA POWER Daily API,LST
2024-07-16,Hyundai Metaplant Georgia,32.1605262,-81.4509985,4.76,50.08,6.893,7.5019,0.918833895413162,True,False,True,NASA POWER Daily API,LST
2024-07-17,Hyundai Metaplant Georgia,32.1605262,-81.4509985,8.66,57.13,6.7918,7.4628,0.9100873666720266,True,False,True,NASA POWER Daily API,LST
2024-07-18,Hyundai Metaplant Georgia,32.1605262,-81.4509985,8.17,66.4,6.0917,7.6534,0.7959468994172525,True,False,True,NASA POWER Daily API,LST
2024-07-19,Hyundai Metaplant Georgia,32.1605262,-81.4509985,22.01,71.28,5.2598,7.5463,0.697003829691372,True,False,True,NASA POWER Daily API,LST
2024-07-20,Hyundai Metaplant Georgia,32.1605262,-81.4509985,15.67,76.01,5.7403,7.6855,0.7469000065057576,True,False,True,NASA POWER Daily API,LST
2024-07-21,Hyundai Metaplant Georgia,32.1605262,-81.4509985,5.24,79.75,5.9405,7.5749,0.7842347753765726,True,False,True,NASA POWER Daily API,LST
2024-07-22,Hyundai Metaplant Georgia,32.1605262,-81.4509985,7.45,63.1,6.0211,7.547,0.7978137008082682,True,False,True,NASA POWER Daily API,LST
2024-07-23,Hyundai Metaplant Georgia,32.1605262,-81.4509985,6.62,48.13,7.134,7.5864,0.9403669724770642,True,False,True,NASA POWER Daily API,LST
2024-07-24,Hyundai Metaplant Georgia,32.1605262,-81.4509985,3.99,89.39,5.4708,7.4582,0.7335281971521278,True,True,True,NASA POWER Daily API,LST
2024-07-25,Hyundai Metaplant Georgia,32.1605262,-81.4509985,16.36,88.82,4.9176,7.3123,0.6725107011473819,True,True,True,NASA POWER Daily API,LST
2024-07-26,Hyundai Metaplant Georgia,32.1605262,-81.4509985,10.76,76.63,5.2495,7.1018,0.7391787997409108,True,False,True,NASA POWER Daily API,LST
2024-07-27,Hyundai Metaplant Georgia,32.1605262,-81.4509985,6.69,78.31,5.563,7.139,0.7792407900266143,True,False,True,NASA POWER Daily API,LST
2024-07-28,Hyundai Metaplant Georgia,32.1605262,-81.4509985,0.2,79.28,5.7134,7.2545,0.7875663381349507,False,False,False,NASA POWER Daily API,LST
2024-07-29,Hyundai Metaplant Georgia,32.1605262,-81.4509985,1.32,92.21,4.169,6.9276,0.6017957156879727,True,True,True,NASA POWER Daily API,LST
2024-07-30,Hyundai Metaplant Georgia,32.1605262,-81.4509985,1.72,50.17,6.859,7.2122,0.9510274257508111,True,False,True,NASA POWER Daily API,LST
2024-07-31,Hyundai Metaplant Georgia,32.1605262,-81.4509985,3.48,84.37,5.4955,7.1606,0.7674636203670083,True,True,True,NASA POWER Daily API,LST
2024-08-01,Hyundai Metaplant Georgia,32.1605262,-81.4509985,0.84,31.46,6.8045,7.2617,0.9370395361967583,False,False,False,NASA POWER Daily API,LST
2024-08-02,Hyundai Metaplant Georgia,32.1605262,-81.4509985,2.43,61.73,5.0465,7.1431,0.7064859794766978,True,False,True,NASA POWER Daily API,LST
2024-08-03,Hyundai Metaplant Georgia,32.1605262,-81.4509985,4.73,45.53,6.5095,7.2446,0.8985313198796345,True,False,True,NASA POWER Daily API,LST
2024-08-04,Hyundai Metaplant Georgia,32.1605262,-81.4509985,9.47,97.04,3.7202,7.1534,0.5200603908630861,True,True,True,NASA POWER Daily API,LST
2024-08-05,Hyundai Metaplant Georgia,32.1605262,-81.4509985,82.66,99.47,1.0426,7.2074,0.14465688042844854,True,True,True,NASA POWER Daily API,LST
2024-08-06,Hyundai Metaplant Georgia,32.1605262,-81.4509985,63.58,98.25,1.6008,7.4306,0.21543347778106747,True,True,True,NASA POWER Daily API,LST
2024-08-07,Hyundai Metaplant Georgia,32.1605262,-81.4509985,18.32,83.59,3.1519,7.2074,0.43731442683908206,True,True,True,NASA POWER Daily API,LST
2024-08-08,Hyundai Metaplant Georgia,32.1605262,-81.4509985,2.23,38.78,6.5148,7.2418,0.8996105940512028,True,False,True,NASA POWER Daily API,LST
2024-08-09,Hyundai Metaplant Georgia,32.1605262,-81.4509985,4.16,52.07,6.5779,7.0246,0.9364091905588929,True,False,True,NASA POWER Daily API,LST
2024-08-10,Hyundai Metaplant Georgia,32.1605262,-81.4509985,2.36,32.1,6.4922,7.0618,0.9193406780141041,True,False,True,NASA POWER Daily API,LST
2024-08-11,Hyundai Metaplant Georgia,32.1605262,-81.4509985,4.5,51.79,5.7749,6.9439,0.8316508014228314,True,False,True,NASA POWER Daily API,LST
2024-08-12,Hyundai Metaplant Georgia,32.1605262,-81.4509985,2.87,30.0,6.6931,7.0517,0.9491470141951586,True,False,True,NASA POWER Daily API,LST
2024-08-13,Hyundai Metaplant Georgia,32.1605262,-81.4509985,1.4,31.14,6.4603,6.8794,0.939078989446754,True,False,True,NASA POWER Daily API,LST
2024-08-14,Hyundai Metaplant Georgia,32.1605262,-81.4509985,3.37,68.97,4.9723,7.0654,0.7037535029863843,True,False,True,NASA POWER Daily API,LST
2024-08-15,Hyundai Metaplant Georgia,32.1605262,-81.4509985,0.11,20.87,6.8556,7.2235,0.9490690108673081,False,False,False,NASA POWER Daily API,LST
2024-08-16,Hyundai Metaplant Georgia,32.1605262,-81.4509985,0.0,7.44,6.5602,6.9348,0.9459825806079483,False,False,False,NASA POWER Daily API,LST
2024-08-17,Hyundai Metaplant Georgia,32.1605262,-81.4509985,0.02,49.38,5.3616,6.8194,0.7862275273484471,False,False,False,NASA POWER Daily API,LST
2024-08-18,Hyundai Metaplant Georgia,32.1605262,-81.4509985,2.58,54.14,6.4582,6.9446,0.9299599688966966,True,False,True,NASA POWER Daily API,LST
2024-08-19,Hyundai Metaplant Georgia,32.1605262,-81.4509985,3.67,17.95,6.787,7.1645,0.9473096517551818,True,False,True,NASA POWER Daily API,LST
2024-08-20,Hyundai Metaplant Georgia,32.1605262,-81.4509985,4.02,11.77,6.5184,7.0879,0.9196518009565597,True,False,True,NASA POWER Daily API,LST
2024-08-21,Hyundai Metaplant Georgia,32.1605262,-81.4509985,3.37,37.32,6.0466,7.1342,0.8475512320932971,True,False,True,NASA POWER Daily API,LST
2024-08-22,Hyundai Metaplant Georgia,32.1605262,-81.4509985,1.01,49.46,6.2551,7.0306,0.8896964697180895,True,False,True,NASA POWER Daily API,LST
2024-08-23,Hyundai Metaplant Georgia,32.1605262,-81.4509985,3.88,70.03,5.3174,6.7831,0.7839188571597058,True,False,True,NASA POWER Daily API,LST
2024-08-24,Hyundai Metaplant Georgia,32.1605262,-81.4509985,2.57,54.8,5.2111,6.7524,0.7717404182216694,True,False,True,NASA POWER Daily API,LST
2024-08-25,Hyundai Metaplant Georgia,32.1605262,-81.4509985,2.14,39.48,4.9663,6.8738,0.7224970176612645,True,False,True,NASA POWER Daily API,LST
2024-08-26,Hyundai Metaplant Georgia,32.1605262,-81.4509985,1.03,24.22,5.4634,6.9259,0.78883610794265,True,False,True,NASA POWER Daily API,LST
2024-08-27,Hyundai Metaplant Georgia,32.1605262,-81.4509985,0.44,17.59,6.181,6.8254,0.9055879508893252,False,False,False,NASA POWER Daily API,LST
2024-08-28,Hyundai Metaplant Georgia,32.1605262,-81.4509985,0.38,9.37,6.5395,6.8486,0.9548666880822358,False,False,False,NASA POWER Daily API,LST
2024-08-29,Hyundai Metaplant Georgia,32.1605262,-81.4509985,0.15,22.89,6.1087,6.7754,0.9015999055406322,False,False,False,NASA POWER Daily API,LST
2024-08-30,Hyundai Metaplant Georgia,32.1605262,-81.4509985,0.11,13.94,6.3893,6.8465,0.9332213539764844,False,False,False,NASA POWER Daily API,LST
2024-08-31,Hyundai Metaplant Georgia,32.1605262,-81.4509985,0.08,43.3,6.1865,6.6482,0.9305526307872807,False,False,False,NASA POWER Daily API,LST
2024-09-01,Hyundai Metaplant Georgia,32.1605262,-81.4509985,0.22,13.84,6.3677,6.6857,0.9524357958029825,False,False,False,NASA POWER Daily API,LST
2024-09-02,Hyundai Metaplant Georgia,32.1605262,-81.4509985,1.86,46.7,5.7367,6.5278,0.8788106253255308,True,False,True,NASA POWER Daily API,LST
2024-09-03,Hyundai Metaplant Georgia,32.1605262,-81.4509985,0.6,45.29,5.8824,6.6324,0.8869187624389361,False,False,False,NASA POWER Daily API,LST
2024-09-04,Hyundai Metaplant Georgia,32.1605262,-81.4509985,9.72,57.49,4.14,6.5837,0.6288257362881053,True,False,True,NASA POWER Daily API,LST
2024-09-05,Hyundai Metaplant Georgia,32.1605262,-81.4509985,15.53,96.58,3.9852,6.4733,0.6156365377782583,True,True,True,NASA POWER Daily API,LST
2024-09-06,Hyundai Metaplant Georgia,32.1605262,-81.4509985,11.49,99.86,3.065,6.3094,0.48578311725362155,True,True,True,NASA POWER Daily API,LST
2024-09-07,Hyundai Metaplant Georgia,32.1605262,-81.4509985,5.03,92.4,3.8546,6.4126,0.6010978386301967,True,True,True,NASA POWER Daily API,LST
2024-09-08,Hyundai Metaplant Georgia,32.1605262,-81.4509985,36.05,95.49,2.4029,6.0828,0.39503189320707566,True,True,True,NASA POWER Daily API,LST
2024-09-09,Hyundai Metaplant Georgia,32.1605262,-81.4509985,1.76,60.69,5.3472,6.5342,0.8183404242294389,True,False,True,NASA POWER Daily API,LST
2024-09-10,Hyundai Metaplant Georgia,32.1605262,-81.4509985,0.44,43.72,6.1121,6.4654,0.9453552757756674,False,False,False,NASA POWER Daily API,LST
2024-09-11,Hyundai Metaplant Georgia,32.1605262,-81.4509985,2.46,99.84,3.2246,5.8958,0.5469317141015638,True,True,True,NASA POWER Daily API,LST
2024-09-12,Hyundai Metaplant Georgia,32.1605262,-81.4509985,3.81,90.26,2.2562,6.0391,0.3735987150403206,True,True,True,NASA POWER Daily API,LST
2024-09-13,Hyundai Metaplant Georgia,32.1605262,-81.4509985,0.84,80.22,2.7883,6.0312,0.46231264093381086,False,True,True,NASA POWER Daily API,LST
2024-09-14,Hyundai Metaplant Georgia,32.1605262,-81.4509985,0.75,86.15,2.5634,5.9854,0.4282754703110903,False,True,True,NASA POWER Daily API,LST
2024-09-15,Hyundai Metaplant Georgia,32.1605262,-81.4509985,1.36,70.92,2.5392,6.005,0.42284762697751876,True,False,True,NASA POWER Daily API,LST
2024-09-16,Hyundai Metaplant Georgia,32.1605262,-81.4509985,0.13,62.52,2.8435,6.0722,0.468281677151609,False,False,False,NASA POWER Daily API,LST
2024-09-17,Hyundai Metaplant Georgia,32.1605262,-81.4509985,0.02,16.68,6.0888,6.2525,0.9738184726109556,False,False,False,NASA POWER Daily API,LST
2024-09-18,Hyundai Metaplant Georgia,32.1605262,-81.4509985,5.54,54.1,4.1366,5.9868,0.6909534308812721,True,False,True,NASA POWER Daily API,LST
2024-09-19,Hyundai Metaplant Georgia,32.1605262,-81.4509985,1.37,42.46,4.8984,5.9935,0.8172853925085508,True,False,True,NASA POWER Daily API,LST
2024-09-20,Hyundai Metaplant Georgia,32.1605262,-81.4509985,0.84,6.37,5.712,6.018,0.9491525423728814,False,False,False,NASA POWER Daily API,LST
2024-09-21,Hyundai Metaplant Georgia,32.1605262,-81.4509985,0.26,7.72,5.5759,6.0686,0.9188115875160663,False,False,False,NASA POWER Daily API,LST
2024-09-22,Hyundai Metaplant Georgia,32.1605262,-81.4509985,0.04,17.59,5.8354,5.9354,0.9831519358425718,False,False,False,NASA POWER Daily API,LST
2024-09-23,Hyundai Metaplant Georgia,32.1605262,-81.4509985,0.37,34.76,5.621,5.7067,0.9849825643541803,False,False,False,NASA POWER Daily API,LST
2024-09-24,Hyundai Metaplant Georgia,32.1605262,-81.4509985,0.53,20.07,5.3304,5.7878,0.9209716990911918,False,False,False,NASA POWER Daily API,LST
2024-09-25,Hyundai Metaplant Georgia,32.1605262,-81.4509985,2.29,69.17,3.4109,5.7934,0.5887561708150654,True,False,True,NASA POWER Daily API,LST
2024-09-26,Hyundai Metaplant Georgia,32.1605262,-81.4509985,39.23,99.86,1.1642,5.6328,0.20668228944752165,True,True,True,NASA POWER Daily API,LST
2024-09-27,Hyundai Metaplant Georgia,32.1605262,-81.4509985,12.68,52.41,4.6898,5.945,0.7888645920941968,True,False,True,NASA POWER Daily API,LST
2024-09-28,Hyundai Metaplant Georgia,32.1605262,-81.4509985,0.59,11.79,5.6198,5.879,0.9559108691954414,False,False,False,NASA POWER Daily API,LST
2024-09-29,Hyundai Metaplant Georgia,32.1605262,-81.4509985,0.15,27.69,4.9934,5.7132,0.8740110621017995,False,False,False,NASA POWER Daily API,LST
2024-09-30,Hyundai Metaplant Georgia,32.1605262,-81.4509985,0.1,30.38,5.0957,5.6148,0.9075479090973855,False,False,False,NASA POWER Daily API,LST
2024-10-01,Hyundai Metaplant Georgia,32.1605262,-81.4509985,0.09,62.83,3.0298,5.4494,0.5559878151723125,False,False,False,NASA POWER Daily API,LST
2024-10-02,Hyundai Metaplant Georgia,32.1605262,-81.4509985,0.12,15.36,5.0045,5.6059,0.8927201698210814,False,False,False,NASA POWER Daily API,LST
2024-10-03,Hyundai Metaplant Georgia,32.1605262,-81.4509985,0.31,22.54,5.225,5.5901,0.9346881093361479,False,False,False,NASA POWER Daily API,LST
2024-10-04,Hyundai Metaplant Georgia,32.1605262,-81.4509985,4.02,87.11,3.2765,5.3424,0.6133011380652891,True,True,True,NASA POWER Daily API,LST
2024-10-05,Hyundai Metaplant Georgia,32.1605262,-81.4509985,3.15,98.79,2.7415,5.2802,0.5192038180371955,True,True,True,NASA POWER Daily API,LST
2024-10-06,Hyundai Metaplant Georgia,32.1605262,-81.4509985,2.48,72.8,3.8671,5.3506,0.722741374799088,True,False,True,NASA POWER Daily API,LST
2024-10-07,Hyundai Metaplant Georgia,32.1605262,-81.4509985,0.02,5.99,5.2486,5.4499,0.9630635424503201,False,False,False,NASA POWER Daily API,LST
2024-10-08,Hyundai Metaplant Georgia,32.1605262,-81.4509985,1.41,22.18,4.9469,5.2668,0.9392610313662946,True,False,True,NASA POWER Daily API,LST
2024-10-09,Hyundai Metaplant Georgia,32.1605262,-81.4509985,0.82,98.67,2.8063,5.5145,0.5088947320699972,False,True,True,NASA POWER Daily API,LST
2024-10-10,Hyundai Metaplant Georgia,32.1605262,-81.4509985,1.42,24.83,5.3863,5.4643,0.9857255275149609,True,False,True,NASA POWER Daily API,LST
2024-10-11,Hyundai Metaplant Georgia,32.1605262,-81.4509985,0.16,0.18,5.7629,5.7646,0.9997050966242238,False,False,False,NASA POWER Daily API,LST
2024-10-12,Hyundai Metaplant Georgia,32.1605262,-81.4509985,0.01,0.43,5.5651,5.5714,0.9988692249703846,False,False,False,NASA POWER Daily API,LST
2024-10-13,Hyundai Metaplant Georgia,32.1605262,-81.4509985,0.0,0.68,5.5044,5.5195,0.9972642449497238,False,False,False,NASA POWER Daily API,LST
2024-10-14,Hyundai Metaplant Georgia,32.1605262,-81.4509985,0.01,0.62,5.1598,5.166,0.9987998451413085,False,False,False,NASA POWER Daily API,LST
2024-10-15,Hyundai Metaplant Georgia,32.1605262,-81.4509985,0.0,21.88,5.1878,5.2128,0.9952041129527318,False,False,False,NASA POWER Daily API,LST
2024-10-16,Hyundai Metaplant Georgia,32.1605262,-81.4509985,0.0,39.0,5.0078,5.347,0.9365625584439872,False,False,False,NASA POWER Daily API,LST
2024-10-17,Hyundai Metaplant Georgia,32.1605262,-81.4509985,0.0,0.95,5.448,5.4497,0.9996880562232784,False,False,False,NASA POWER Daily API,LST
2024-10-18,Hyundai Metaplant Georgia,32.1605262,-81.4509985,0.01,0.55,5.3657,5.3714,0.9989388241426816,False,False,False,NASA POWER Daily API,LST
2024-10-19,Hyundai Metaplant Georgia,32.1605262,-81.4509985,0.09,0.3,5.2973,5.3035,0.9988309606863393,False,False,False,NASA POWER Daily API,LST
2024-10-20,Hyundai Metaplant Georgia,32.1605262,-81.4509985,0.0,0.23,5.22,5.2217,0.9996744355286592,False,False,False,NASA POWER Daily API,LST
2024-10-21,Hyundai Metaplant Georgia,32.1605262,-81.4509985,0.0,0.32,5.1274,5.1343,0.9986560972284441,False,False,False,NASA POWER Daily API,LST
2024-10-22,Hyundai Metaplant Georgia,32.1605262,-81.4509985,0.0,8.44,4.6524,4.9507,0.9397458945199668,False,False,False,NASA POWER Daily API,LST
2024-10-23,Hyundai Metaplant Georgia,32.1605262,-81.4509985,0.0,0.67,4.8996,4.9142,0.9970290179479875,False,False,False,NASA POWER Daily API,LST
2024-10-24,Hyundai Metaplant Georgia,32.1605262,-81.4509985,0.0,1.3,4.7578,4.7647,0.9985518500640123,False,False,False,NASA POWER Daily API,LST
2024-10-25,Hyundai Metaplant Georgia,32.1605262,-81.4509985,0.0,3.81,4.735,4.7813,0.9903164411352562,False,False,False,NASA POWER Daily API,LST
2024-10-26,Hyundai Metaplant Georgia,32.1605262,-81.4509985,0.0,8.5,4.494,4.566,0.9842312746386334,False,False,False,NASA POWER Daily API,LST
2024-10-27,Hyundai Metaplant Georgia,32.1605262,-81.4509985,0.07,57.23,2.2884,3.8755,0.5904786479163979,False,False,False,NASA POWER Daily API,LST
2024-10-28,Hyundai Metaplant Georgia,32.1605262,-81.4509985,0.08,58.62,3.3742,4.5624,0.7395668946168683,False,False,False,NASA POWER Daily API,LST
2024-10-29,Hyundai Metaplant Georgia,32.1605262,-81.4509985,1.35,56.12,2.6021,4.4885,0.5797259663584716,True,False,True,NASA POWER Daily API,LST
2024-10-30,Hyundai Metaplant Georgia,32.1605262,-81.4509985,0.05,26.36,4.1698,4.6054,0.9054153819429366,False,False,False,NASA POWER Daily API,LST
2024-10-31,Hyundai Metaplant Georgia,32.1605262,-81.4509985,0.06,21.91,4.0378,4.4539,0.9065762590089584,False,False,False,NASA POWER Daily API,LST
2024-11-01,Hyundai Metaplant Georgia,32.1605262,-81.4509985,0.09,20.55,3.7027,4.3519,0.8508237781199017,False,False,False,NASA POWER Daily API,LST
2024-11-02,Hyundai Metaplant Georgia,32.1605262,-81.4509985,0.36,20.1,3.8086,4.0913,0.9309021582382128,False,False,False,NASA POWER Daily API,LST
2024-11-03,Hyundai Metaplant Georgia,32.1605262,-81.4509985,5.72,59.26,3.1296,4.1527,0.7536301683242227,True,False,True,NASA POWER Daily API,LST
2024-11-04,Hyundai Metaplant Georgia,32.1605262,-81.4509985,4.64,76.52,2.6165,4.1614,0.6287547459989425,True,False,True,NASA POWER Daily API,LST
2024-11-05,Hyundai Metaplant Georgia,32.1605262,-81.4509985,1.11,54.6,3.1092,4.2816,0.7261771300448431,True,False,True,NASA POWER Daily API,LST
2024-11-06,Hyundai Metaplant Georgia,32.1605262,-81.4509985,18.77,88.47,1.7038,4.0387,0.42186842300740335,True,True,True,NASA POWER Daily API,LST
2024-11-07,Hyundai Metaplant Georgia,32.1605262,-81.4509985,17.85,80.26,1.5317,3.931,0.38964640040702114,True,True,True,NASA POWER Daily API,LST
2024-11-08,Hyundai Metaplant Georgia,32.1605262,-81.4509985,1.58,76.15,2.0606,3.9946,0.5158463926300505,True,False,True,NASA POWER Daily API,LST
2024-11-09,Hyundai Metaplant Georgia,32.1605262,-81.4509985,7.58,38.35,3.4387,3.9655,0.8671542050182827,True,False,True,NASA POWER Daily API,LST
2024-11-10,Hyundai Metaplant Georgia,32.1605262,-81.4509985,10.11,97.86,1.8034,3.7498,0.48093231639020745,True,True,True,NASA POWER Daily API,LST
2024-11-11,Hyundai Metaplant Georgia,32.1605262,-81.4509985,5.96,63.38,2.1516,3.9348,0.5468130527599878,True,False,True,NASA POWER Daily API,LST
2024-11-12,Hyundai Metaplant Georgia,32.1605262,-81.4509985,0.01,10.26,3.8359,4.1486,0.9246251747577496,False,False,False,NASA POWER Daily API,LST
2024-11-13,Hyundai Metaplant Georgia,32.1605262,-81.4509985,0.04,39.74,3.9202,4.1834,0.9370846679734188,False,False,False,NASA POWER Daily API,LST
2024-11-14,Hyundai Metaplant Georgia,32.1605262,-81.4509985,1.85,95.01,1.3778,3.8563,0.3572854809013821,True,True,True,NASA POWER Daily API,LST
2024-11-15,Hyundai Metaplant Georgia,32.1605262,-81.4509985,0.07,33.62,4.0433,4.1237,0.9805029463831025,False,False,False,NASA POWER Daily API,LST
2024-11-16,Hyundai Metaplant Georgia,32.1605262,-81.4509985,0.0,0.32,4.1374,4.1383,0.999782519392021,False,False,False,NASA POWER Daily API,LST
2024-11-17,Hyundai Metaplant Georgia,32.1605262,-81.4509985,0.0,46.07,3.863,4.0603,0.9514075314631925,False,False,False,NASA POWER Daily API,LST
2024-11-18,Hyundai Metaplant Georgia,32.1605262,-81.4509985,0.0,21.07,3.827,3.9449,0.9701133108570559,False,False,False,NASA POWER Daily API,LST
2024-11-19,Hyundai Metaplant Georgia,32.1605262,-81.4509985,0.05,94.99,2.5495,3.8107,0.6690371847692025,False,True,True,NASA POWER Daily API,LST
2024-11-20,Hyundai Metaplant Georgia,32.1605262,-81.4509985,2.0,64.78,1.362,3.6494,0.37321203485504467,True,False,True,NASA POWER Daily API,LST
2024-11-21,Hyundai Metaplant Georgia,32.1605262,-81.4509985,0.0,0.21,4.188,4.1887,0.9998328837109365,False,False,False,NASA POWER Daily API,LST
2024-11-22,Hyundai Metaplant Georgia,32.1605262,-81.4509985,0.0,0.7,4.0625,4.0687,0.9984761717501905,False,False,False,NASA POWER Daily API,LST
2024-11-23,Hyundai Metaplant Georgia,32.1605262,-81.4509985,0.0,0.01,3.9902,3.9905,0.9999248214509461,False,False,False,NASA POWER Daily API,LST
2024-11-24,Hyundai Metaplant Georgia,32.1605262,-81.4509985,0.0,0.1,3.9458,3.9478,0.999493388722833,False,False,False,NASA POWER Daily API,LST
2024-11-25,Hyundai Metaplant Georgia,32.1605262,-81.4509985,0.03,5.48,3.8438,3.851,0.9981303557517528,False,False,False,NASA POWER Daily API,LST
2024-11-26,Hyundai Metaplant Georgia,32.1605262,-81.4509985,0.69,54.87,1.9106,3.4094,0.5603918578048923,False,False,False,NASA POWER Daily API,LST
2024-11-27,Hyundai Metaplant Georgia,32.1605262,-81.4509985,0.14,57.51,3.0149,3.5004,0.8613015655353674,False,False,False,NASA POWER Daily API,LST
2024-11-28,Hyundai Metaplant Georgia,32.1605262,-81.4509985,2.08,90.84,1.7786,3.3667,0.5282917990910981,True,True,True,NASA POWER Daily API,LST
2024-11-29,Hyundai Metaplant Georgia,32.1605262,-81.4509985,0.79,65.71,1.405,3.6475,0.385195339273475,False,False,False,NASA POWER Daily API,LST
2024-11-30,Hyundai Metaplant Georgia,32.1605262,-81.4509985,0.0,12.49,3.8813,3.9588,0.9804233606143276,False,False,False,NASA POWER Daily API,LST
2024-12-01,Hyundai Metaplant Georgia,32.1605262,-81.4509985,0.0,3.06,3.72,3.7632,0.9885204081632654,False,False,False,NASA POWER Daily API,LST
2024-12-02,Hyundai Metaplant Georgia,32.1605262,-81.4509985,0.0,0.51,3.7968,3.8009,0.9989213081112369,False,False,False,NASA POWER Daily API,LST
2024-12-03,Hyundai Metaplant Georgia,32.1605262,-81.4509985,0.0,2.45,3.805,3.8213,0.995734435924947,False,False,False,NASA POWER Daily API,LST
2024-12-04,Hyundai Metaplant Georgia,32.1605262,-81.4509985,0.0,19.7,3.6823,3.8294,0.9615866715412336,False,False,False,NASA POWER Daily API,LST
2024-12-05,Hyundai Metaplant Georgia,32.1605262,-81.4509985,0.1,67.71,2.3244,3.5462,0.6554621848739496,False,False,False,NASA POWER Daily API,LST
2024-12-06,Hyundai Metaplant Georgia,32.1605262,-81.4509985,0.0,3.26,3.8506,3.8561,0.9985736884416898,False,False,False,NASA POWER Daily API,LST
2024-12-07,Hyundai Metaplant Georgia,32.1605262,-81.4509985,0.01,11.97,3.767,3.7898,0.9939838513905747,False,False,False,NASA POWER Daily API,LST
2024-12-08,Hyundai Metaplant Georgia,32.1605262,-81.4509985,0.0,81.76,2.3666,3.5208,0.6721767780049989,False,True,True,NASA POWER Daily API,LST
2024-12-09,Hyundai Metaplant Georgia,32.1605262,-81.4509985,0.19,99.36,1.6579,3.3516,0.49465926721565817,False,True,True,NASA POWER Daily API,LST
2024-12-10,Hyundai Metaplant Georgia,32.1605262,-81.4509985,0.52,94.59,2.4482,3.2779,0.7468806247902621,False,True,True,NASA POWER Daily API,LST
2024-12-11,Hyundai Metaplant Georgia,32.1605262,-81.4509985,9.22,58.75,1.4998,3.2688,0.45882280959373467,True,False,True,NASA POWER Daily API,LST
2024-12-12,Hyundai Metaplant Georgia,32.1605262,-81.4509985,0.0,13.21,3.7308,3.7397,0.9976201299569484,False,False,False,NASA POWER Daily API,LST
2024-12-13,Hyundai Metaplant Georgia,32.1605262,-81.4509985,0.01,66.69,3.1884,3.5921,0.8876144873472342,False,False,False,NASA POWER Daily API,LST
2024-12-14,Hyundai Metaplant Georgia,32.1605262,-81.4509985,0.14,46.63,3.1279,3.4056,0.9184578341555085,False,False,False,NASA POWER Daily API,LST
2024-12-15,Hyundai Metaplant Georgia,32.1605262,-81.4509985,0.07,71.38,2.153,3.3182,0.6488457597492616,False,False,False,NASA POWER Daily API,LST
2024-12-16,Hyundai Metaplant Georgia,32.1605262,-81.4509985,0.19,24.06,3.324,3.4013,0.9772733954664392,False,False,False,NASA POWER Daily API,LST
2024-12-17,Hyundai Metaplant Georgia,32.1605262,-81.4509985,0.88,37.6,2.291,3.2926,0.6958027091052663,False,False,False,NASA POWER Daily API,LST
2024-12-18,Hyundai Metaplant Georgia,32.1605262,-81.4509985,1.75,46.35,2.7408,3.3473,0.8188091894960117,True,False,True,NASA POWER Daily API,LST
2024-12-19,Hyundai Metaplant Georgia,32.1605262,-81.4509985,0.34,38.91,3.035,3.2582,0.9314959179915291,False,False,False,NASA POWER Daily API,LST
2024-12-20,Hyundai Metaplant Georgia,32.1605262,-81.4509985,0.07,34.16,3.4774,3.5866,0.9695533374226287,False,False,False,NASA POWER Daily API,LST
2024-12-21,Hyundai Metaplant Georgia,32.1605262,-81.4509985,0.0,0.37,3.5645,3.5714,0.9980679845438762,False,False,False,NASA POWER Daily API,LST
2024-12-22,Hyundai Metaplant Georgia,32.1605262,-81.4509985,0.0,0.38,3.6226,3.6283,0.9984290163437423,False,False,False,NASA POWER Daily API,LST
2024-12-23,Hyundai Metaplant Georgia,32.1605262,-81.4509985,0.45,42.69,2.1946,3.5326,0.6212421445960482,False,False,False,NASA POWER Daily API,LST
2024-12-24,Hyundai Metaplant Georgia,32.1605262,-81.4509985,2.43,15.24,3.2251,3.4817,0.9263003705086595,True,False,True,NASA POWER Daily API,LST
2024-12-25,Hyundai Metaplant Georgia,32.1605262,-81.4509985,0.0,58.36,2.8882,3.5206,0.820371527580526,False,False,False,NASA POWER Daily API,LST
2024-12-26,Hyundai Metaplant Georgia,32.1605262,-81.4509985,6.08,94.89,1.2912,3.2887,0.39261714355216343,True,True,True,NASA POWER Daily API,LST
2024-12-27,Hyundai Metaplant Georgia,32.1605262,-81.4509985,4.37,84.6,1.2835,3.3266,0.3858293753381832,True,True,True,NASA POWER Daily API,LST
2024-12-28,Hyundai Metaplant Georgia,32.1605262,-81.4509985,5.82,94.51,1.3481,3.2981,0.4087504927079228,True,True,True,NASA POWER Daily API,LST
2024-12-29,Hyundai Metaplant Georgia,32.1605262,-81.4509985,13.15,71.3,1.1602,3.215,0.36087091757387246,True,False,True,NASA POWER Daily API,LST
2024-12-30,Hyundai Metaplant Georgia,32.1605262,-81.4509985,0.07,31.2,3.2246,3.5527,0.9076477045627269,False,False,False,NASA POWER Daily API,LST
2024-12-31,Hyundai Metaplant Georgia,32.1605262,-81.4509985,0.09,29.19,3.2076,3.5304,0.9085656016315431,False,False,False,NASA POWER Daily API,LST
2024-01-01,Lucid AMP 1 Casa Grande,32.8568519,-111.7784376,0.0,83.47,1.6723,3.7274,0.44865053388420884,False,True,True,NASA POWER Daily API,LST
2024-01-02,Lucid AMP 1 Casa Grande,32.8568519,-111.7784376,0.08,18.11,3.7106,3.7298,0.9948522708992439,False,False,False,NASA POWER Daily API,LST
2024-01-03,Lucid AMP 1 Casa Grande,32.8568519,-111.7784376,1.1,55.68,3.3005,3.7392,0.8826754385964912,True,False,True,NASA POWER Daily API,LST
2024-01-04,Lucid AMP 1 Casa Grande,32.8568519,-111.7784376,0.49,37.43,2.8577,3.6703,0.778601204261232,False,False,False,NASA POWER Daily API,LST
2024-01-05,Lucid AMP 1 Casa Grande,32.8568519,-111.7784376,0.0,43.09,3.1313,3.7289,0.8397382606130495,False,False,False,NASA POWER Daily API,LST
2024-01-06,Lucid AMP 1 Casa Grande,32.8568519,-111.7784376,0.0,33.82,3.8318,3.9547,0.9689230535818141,False,False,False,NASA POWER Daily API,LST
2024-01-07,Lucid AMP 1 Casa Grande,32.8568519,-111.7784376,2.46,67.23,1.3097,3.6814,0.35576139512142124,True,False,True,NASA POWER Daily API,LST
2024-01-08,Lucid AMP 1 Casa Grande,32.8568519,-111.7784376,0.0,0.67,4.0147,4.019,0.9989300821099777,False,False,False,NASA POWER Daily API,LST
2024-01-09,Lucid AMP 1 Casa Grande,32.8568519,-111.7784376,0.0,5.93,3.9869,3.9888,0.9995236662655436,False,False,False,NASA POWER Daily API,LST
2024-01-10,Lucid AMP 1 Casa Grande,32.8568519,-111.7784376,0.0,2.18,4.0176,4.0181,0.9998755630770763,False,False,False,NASA POWER Daily API,LST
2024-01-11,Lucid AMP 1 Casa Grande,32.8568519,-111.7784376,1.11,23.5,2.628,3.7579,0.699326751643205,True,False,True,NASA POWER Daily API,LST
2024-01-12,Lucid AMP 1 Casa Grande,32.8568519,-111.7784376,0.0,24.18,4.074,4.1093,0.9914097291509502,False,False,False,NASA POWER Daily API,LST
2024-01-13,Lucid AMP 1 Casa Grande,32.8568519,-111.7784376,0.0,30.43,4.0735,4.1038,0.9926165992494762,False,False,False,NASA POWER Daily API,LST
2024-01-14,Lucid AMP 1 Casa Grande,32.8568519,-111.7784376,0.0,38.94,3.8904,3.9799,0.9775119977888891,False,False,False,NASA POWER Daily API,LST
2024-01-15,Lucid AMP 1 Casa Grande,32.8568519,-111.7784376,0.0,20.43,3.9379,4.1023,0.9599249201667358,False,False,False,NASA POWER Daily API,LST
2024-01-16,Lucid AMP 1 Casa Grande,32.8568519,-111.7784376,0.0,1.26,4.151,4.1686,0.9957779590270115,False,False,False,NASA POWER Daily API,LST
2024-01-17,Lucid AMP 1 Casa Grande,32.8568519,-111.7784376,0.0,32.8,3.6355,4.0032,0.908148481215028,False,False,False,NASA POWER Daily API,LST
2024-01-18,Lucid AMP 1 Casa Grande,32.8568519,-111.7784376,0.0,2.47,4.0538,4.0685,0.996386874769571,False,False,False,NASA POWER Daily API,LST
2024-01-19,Lucid AMP 1 Casa Grande,32.8568519,-111.7784376,0.0,71.4,2.9774,4.0589,0.733548498361625,False,False,False,NASA POWER Daily API,LST
2024-01-20,Lucid AMP 1 Casa Grande,32.8568519,-111.7784376,0.01,97.29,2.1077,3.8964,0.5409352222564419,False,True,True,NASA POWER Daily API,LST
2024-01-21,Lucid AMP 1 Casa Grande,32.8568519,-111.7784376,5.18,94.44,1.6627,3.8393,0.4330737374000469,True,True,True,NASA POWER Daily API,LST
2024-01-22,Lucid AMP 1 Casa Grande,32.8568519,-111.7784376,12.45,91.23,2.4662,3.9794,0.6197416695984319,True,True,True,NASA POWER Daily API,LST
2024-01-23,Lucid AMP 1 Casa Grande,32.8568519,-111.7784376,10.06,94.5,2.19,4.0094,0.5462163914800219,True,True,True,NASA POWER Daily API,LST
2024-01-24,Lucid AMP 1 Casa Grande,32.8568519,-111.7784376,0.45,82.14,3.0053,4.0622,0.739820786765792,False,True,True,NASA POWER Daily API,LST
2024-01-25,Lucid AMP 1 Casa Grande,32.8568519,-111.7784376,0.18,49.88,3.3326,4.009,0.8312796208530805,False,False,False,NASA POWER Daily API,LST
2024-01-26,Lucid AMP 1 Casa Grande,32.8568519,-111.7784376,0.0,17.53,4.2636,4.319,0.9871729567029406,False,False,False,NASA POWER Daily API,LST
2024-01-27,Lucid AMP 1 Casa Grande,32.8568519,-111.7784376,0.0,22.87,4.4256,4.4654,0.9910870246786403,False,False,False,NASA POWER Daily API,LST
2024-01-28,Lucid AMP 1 Casa Grande,32.8568519,-111.7784376,0.0,86.37,3.7682,4.451,0.8465962705010112,False,True,True,NASA POWER Daily API,LST
2024-01-29,Lucid AMP 1 Casa Grande,32.8568519,-111.7784376,0.0,74.21,3.9838,4.409,0.9035608981628488,False,False,False,NASA POWER Daily API,LST
2024-01-30,Lucid AMP 1 Casa Grande,32.8568519,-111.7784376,0.0,6.11,4.3082,4.3867,0.9821049992021337,False,False,False,NASA POWER Daily API,LST
2024-01-31,Lucid AMP 1 Casa Grande,32.8568519,-111.7784376,0.0,26.03,4.3356,4.3541,0.9957511311177971,False,False,False,NASA POWER Daily API,LST
2024-02-01,Lucid AMP 1 Casa Grande,32.8568519,-111.7784376,12.49,40.81,4.2204,4.3925,0.9608195788275469,True,False,True,NASA POWER Daily API,LST
2024-02-02,Lucid AMP 1 Casa Grande,32.8568519,-111.7784376,7.83,53.75,3.3031,4.5374,0.7279719663243268,True,False,True,NASA POWER Daily API,LST
2024-02-03,Lucid AMP 1 Casa Grande,32.8568519,-111.7784376,0.1,8.43,4.547,4.6644,0.9748306320212675,False,False,False,NASA POWER Daily API,LST
2024-02-04,Lucid AMP 1 Casa Grande,32.8568519,-111.7784376,0.0,28.74,4.6037,4.693,0.9809716599190283,False,False,False,NASA POWER Daily API,LST
2024-02-05,Lucid AMP 1 Casa Grande,32.8568519,-111.7784376,0.0,70.23,3.24,4.7741,0.6786619467543622,False,False,False,NASA POWER Daily API,LST
2024-02-06,Lucid AMP 1 Casa Grande,32.8568519,-111.7784376,8.85,88.9,1.4638,4.3622,0.3355646233551878,True,True,True,NASA POWER Daily API,LST
2024-02-07,Lucid AMP 1 Casa Grande,32.8568519,-111.7784376,6.7,69.16,2.8615,4.805,0.595525494276795,True,False,True,NASA POWER Daily API,LST
2024-02-08,Lucid AMP 1 Casa Grande,32.8568519,-111.7784376,5.26,39.04,3.1735,4.7323,0.6706041459755299,True,False,True,NASA POWER Daily API,LST
2024-02-09,Lucid AMP 1 Casa Grande,32.8568519,-111.7784376,0.02,39.32,4.368,4.9406,0.8841031453669596,False,False,False,NASA POWER Daily API,LST
2024-02-10,Lucid AMP 1 Casa Grande,32.8568519,-111.7784376,7.44,72.17,3.0857,4.8091,0.6416377284731031,True,False,True,NASA POWER Daily API,LST
2024-02-11,Lucid AMP 1 Casa Grande,32.8568519,-111.7784376,0.0,4.97,5.0162,5.047,0.9938973647711513,False,False,False,NASA POWER Daily API,LST
2024-02-12,Lucid AMP 1 Casa Grande,32.8568519,-111.7784376,0.0,7.65,5.0846,5.154,0.986534730306558,False,False,False,NASA POWER Daily API,LST
2024-02-13,Lucid AMP 1 Casa Grande,32.8568519,-111.7784376,0.0,4.08,5.226,5.2279,0.9996365653512883,False,False,False,NASA POWER Daily API,LST
2024-02-14,Lucid AMP 1 Casa Grande,32.8568519,-111.7784376,0.0,1.14,5.2097,5.215,0.9989837008628955,False,False,False,NASA POWER Daily API,LST
2024-02-15,Lucid AMP 1 Casa Grande,32.8568519,-111.7784376,0.0,0.35,5.2534,5.2562,0.9994672957650014,False,False,False,NASA POWER Daily API,LST
2024-02-16,Lucid AMP 1 Casa Grande,32.8568519,-111.7784376,0.0,7.77,4.896,5.1823,0.9447542596916427,False,False,False,NASA POWER Daily API,LST
2024-02-17,Lucid AMP 1 Casa Grande,32.8568519,-111.7784376,0.0,32.12,5.0834,5.1917,0.9791397808039756,False,False,False,NASA POWER Daily API,LST
2024-02-18,Lucid AMP 1 Casa Grande,32.8568519,-111.7784376,0.0,21.68,5.2262,5.2433,0.9967386950965996,False,False,False,NASA POWER Daily API,LST
2024-02-19,Lucid AMP 1 Casa Grande,32.8568519,-111.7784376,0.0,43.42,4.7959,5.3789,0.8916135269292977,False,False,False,NASA POWER Daily API,LST
2024-02-20,Lucid AMP 1 Casa Grande,32.8568519,-111.7784376,0.0,37.55,5.525,5.5699,0.9919388139822979,False,False,False,NASA POWER Daily API,LST
2024-02-21,Lucid AMP 1 Casa Grande,32.8568519,-111.7784376,0.01,45.68,5.1295,5.3753,0.9542723196844827,False,False,False,NASA POWER Daily API,LST
2024-02-22,Lucid AMP 1 Casa Grande,32.8568519,-111.7784376,0.0,12.57,5.4348,5.4734,0.9929477107465196,False,False,False,NASA POWER Daily API,LST
2024-02-23,Lucid AMP 1 Casa Grande,32.8568519,-111.7784376,0.0,51.99,4.4642,5.6162,0.79487909974716,False,False,False,NASA POWER Daily API,LST
2024-02-24,Lucid AMP 1 Casa Grande,32.8568519,-111.7784376,0.0,81.67,4.4518,5.5531,0.8016783418270876,False,True,True,NASA POWER Daily API,LST
2024-02-25,Lucid AMP 1 Casa Grande,32.8568519,-111.7784376,0.0,95.91,3.875,5.4526,0.7106701390162491,False,True,True,NASA POWER Daily API,LST
2024-02-26,Lucid AMP 1 Casa Grande,32.8568519,-111.7784376,0.04,99.79,2.3105,5.4295,0.4255456303527029,False,True,True,NASA POWER Daily API,LST
2024-02-27,Lucid AMP 1 Casa Grande,32.8568519,-111.7784376,0.0,85.46,4.4702,5.5217,0.8095695166343698,False,True,True,NASA POWER Daily API,LST
2024-02-28,Lucid AMP 1 Casa Grande,32.8568519,-111.7784376,1.85,59.82,3.0178,5.4847,0.5502215253341112,True,False,True,NASA POWER Daily API,LST
2024-02-29,Lucid AMP 1 Casa Grande,32.8568519,-111.7784376,0.01,6.29,5.681,5.7317,0.9911544567929236,False,False,False,NASA POWER Daily API,LST
2024-03-01,Lucid AMP 1 Casa Grande,32.8568519,-111.7784376,0.0,9.21,6.0178,6.0194,0.9997341927766887,False,False,False,NASA POWER Daily API,LST
2024-03-02,Lucid AMP 1 Casa Grande,32.8568519,-111.7784376,0.0,22.38,6.048,6.0617,0.9977399079466156,False,False,False,NASA POWER Daily API,LST
2024-03-03,Lucid AMP 1 Casa Grande,32.8568519,-111.7784376,0.0,3.62,5.9534,5.9868,0.9944210596645955,False,False,False,NASA POWER Daily API,LST
2024-03-04,Lucid AMP 1 Casa Grande,32.8568519,-111.7784376,0.0,10.27,6.0624,6.1094,0.9923069368514094,False,False,False,NASA POWER Daily API,LST
2024-03-05,Lucid AMP 1 Casa Grande,32.8568519,-111.7784376,0.0,71.59,5.7019,6.1925,0.9207751312071054,False,False,False,NASA POWER Daily API,LST
2024-03-06,Lucid AMP 1 Casa Grande,32.8568519,-111.7784376,0.0,88.01,3.1658,6.1162,0.5176089728916647,False,True,True,NASA POWER Daily API,LST
2024-03-07,Lucid AMP 1 Casa Grande,32.8568519,-111.7784376,4.85,66.9,3.631,6.0058,0.6045822371707349,True,False,True,NASA POWER Daily API,LST
2024-03-08,Lucid AMP 1 Casa Grande,32.8568519,-111.7784376,1.92,49.29,5.0328,6.0074,0.8377667543363185,True,False,True,NASA POWER Daily API,LST
2024-03-09,Lucid AMP 1 Casa Grande,32.8568519,-111.7784376,0.08,5.66,6.0511,6.1805,0.9790631825904053,False,False,False,NASA POWER Daily API,LST
2024-03-10,Lucid AMP 1 Casa Grande,32.8568519,-111.7784376,0.0,20.63,6.2904,6.3715,0.9872714431452562,False,False,False,NASA POWER Daily API,LST
2024-03-11,Lucid AMP 1 Casa Grande,32.8568519,-111.7784376,0.1,34.54,6.2544,6.3593,0.9835044737628356,False,False,False,NASA POWER Daily API,LST
2024-03-12,Lucid AMP 1 Casa Grande,32.8568519,-111.7784376,0.0,16.95,6.1483,6.4092,0.9592928914685139,False,False,False,NASA POWER Daily API,LST
2024-03-13,Lucid AMP 1 Casa Grande,32.8568519,-111.7784376,0.12,21.01,5.9604,6.1039,0.9764904405380166,False,False,False,NASA POWER Daily API,LST
2024-03-14,Lucid AMP 1 Casa Grande,32.8568519,-111.7784376,0.01,53.04,4.8262,6.2294,0.7747455613702764,False,False,False,NASA POWER Daily API,LST
2024-03-15,Lucid AMP 1 Casa Grande,32.8568519,-111.7784376,7.42,68.98,3.2906,5.9717,0.5510323693420633,True,False,True,NASA POWER Daily API,LST
2024-03-16,Lucid AMP 1 Casa Grande,32.8568519,-111.7784376,0.13,17.21,5.9604,6.4022,0.9309924713379776,False,False,False,NASA POWER Daily API,LST
2024-03-17,Lucid AMP 1 Casa Grande,32.8568519,-111.7784376,0.74,38.35,5.6976,6.4769,0.8796800938720686,False,False,False,NASA POWER Daily API,LST
2024-03-18,Lucid AMP 1 Casa Grande,32.8568519,-111.7784376,0.76,29.41,6.0581,6.5892,0.9193984095186062,False,False,False,NASA POWER Daily API,LST
2024-03-19,Lucid AMP 1 Casa Grande,32.8568519,-111.7784376,0.07,10.77,6.192,6.6221,0.9350508146962445,False,False,False,NASA POWER Daily API,LST
2024-03-20,Lucid AMP 1 Casa Grande,32.8568519,-111.7784376,0.08,28.78,6.3214,6.607,0.9567731194187982,False,False,False,NASA POWER Daily API,LST
2024-03-21,Lucid AMP 1 Casa Grande,32.8568519,-111.7784376,0.02,2.08,6.6907,6.7174,0.9960252478637568,False,False,False,NASA POWER Daily API,LST
2024-03-22,Lucid AMP 1 Casa Grande,32.8568519,-111.7784376,0.0,34.81,6.6336,6.8503,0.9683663489190255,False,False,False,NASA POWER Daily API,LST
2024-03-23,Lucid AMP 1 Casa Grande,32.8568519,-111.7784376,0.31,96.48,3.9876,6.7008,0.5950931232091691,False,True,True,NASA POWER Daily API,LST
2024-03-24,Lucid AMP 1 Casa Grande,32.8568519,-111.7784376,9.31,75.59,4.6058,6.7656,0.6807674116116826,True,False,True,NASA POWER Daily API,LST
2024-03-25,Lucid AMP 1 Casa Grande,32.8568519,-111.7784376,0.29,54.24,5.9018,6.8503,0.8615389107046406,False,False,False,NASA POWER Daily API,LST
2024-03-26,Lucid AMP 1 Casa Grande,32.8568519,-111.7784376,2.97,52.43,5.4718,6.7238,0.8137957702489664,True,False,True,NASA POWER Daily API,LST
2024-03-27,Lucid AMP 1 Casa Grande,32.8568519,-111.7784376,0.0,0.67,7.0553,7.0637,0.9988108215241304,False,False,False,NASA POWER Daily API,LST
2024-03-28,Lucid AMP 1 Casa Grande,32.8568519,-111.7784376,0.0,62.22,5.8121,7.1191,0.8164093775898639,False,False,False,NASA POWER Daily API,LST
2024-03-29,Lucid AMP 1 Casa Grande,32.8568519,-111.7784376,0.0,56.5,7.0135,7.1602,0.9795117454819697,False,False,False,NASA POWER Daily API,LST
2024-03-30,Lucid AMP 1 Casa Grande,32.8568519,-111.7784376,0.0,36.5,6.967,7.1921,0.9687017699976362,False,False,False,NASA POWER Daily API,LST
2024-03-31,Lucid AMP 1 Casa Grande,32.8568519,-111.7784376,18.1,72.15,2.203,6.7586,0.32595507945432484,True,False,True,NASA POWER Daily API,LST
2024-04-01,Lucid AMP 1 Casa Grande,32.8568519,-111.7784376,3.88,86.36,4.7714,7.0961,0.6723975141274785,True,True,True,NASA POWER Daily API,LST
2024-04-02,Lucid AMP 1 Casa Grande,32.8568519,-111.7784376,0.0,6.98,7.0661,7.1458,0.9888465952027764,False,False,False,NASA POWER Daily API,LST
2024-04-03,Lucid AMP 1 Casa Grande,32.8568519,-111.7784376,0.0,0.16,7.5478,7.5506,0.9996291685428972,False,False,False,NASA POWER Daily API,LST
2024-04-04,Lucid AMP 1 Casa Grande,32.8568519,-111.7784376,0.0,13.46,7.5893,7.5948,0.9992758202980986,False,False,False,NASA POWER Daily API,LST
2024-04-05,Lucid AMP 1 Casa Grande,32.8568519,-111.7784376,0.33,57.6,7.11,7.4894,0.9493417363206667,False,False,False,NASA POWER Daily API,LST
2024-04-06,Lucid AMP 1 Casa Grande,32.8568519,-111.7784376,0.16,11.99,7.6954,7.7309,0.9954080378739862,False,False,False,NASA POWER Daily API,LST
2024-04-07,Lucid AMP 1 Casa Grande,32.8568519,-111.7784376,0.0,6.7,7.7424,7.783,0.9947835025054605,False,False,False,NASA POWER Daily API,LST
2024-04-08,Lucid AMP 1 Casa Grande,32.8568519,-111.7784376,0.0,58.36,6.9079,7.3795,0.9360932312487296,False,False,False,NASA POWER Daily API,LST
2024-04-09,Lucid AMP 1 Casa Grande,32.8568519,-111.7784376,0.0,7.12,7.4124,7.4174,0.9993259093482891,False,False,False,NASA POWER Daily API,LST
2024-04-10,Lucid AMP 1 Casa Grande,32.8568519,-111.7784376,0.0,4.32,7.8631,7.865,0.999758423394787,False,False,False,NASA POWER Daily API,LST
2024-04-11,Lucid AMP 1 Casa Grande,32.8568519,-111.7784376,0.0,0.13,7.8487,7.8497,0.9998726065964304,False,False,False,NASA POWER Daily API,LST
2024-04-12,Lucid AMP 1 Casa Grande,32.8568519,-111.7784376,0.0,0.19,7.6783,7.6802,0.9997526106090987,False,False,False,NASA POWER Daily API,LST
2024-04-13,Lucid AMP 1 Casa Grande,32.8568519,-111.7784376,0.0,1.95,7.782,7.8118,0.9961852581991346,False,False,False,NASA POWER Daily API,LST
2024-04-14,Lucid AMP 1 Casa Grande,32.8568519,-111.7784376,0.0,7.16,7.866,7.9109,0.994324286743607,False,False,False,NASA POWER Daily API,LST
2024-04-15,Lucid AMP 1 Casa Grande,32.8568519,-111.7784376,0.0,3.43,7.981,7.9819,0.9998872448915671,False,False,False,NASA POWER Daily API,LST
2024-04-16,Lucid AMP 1 Casa Grande,32.8568519,-111.7784376,0.0,3.85,8.0494,8.0592,0.998783998411753,False,False,False,NASA POWER Daily API,LST
2024-04-17,Lucid AMP 1 Casa Grande,32.8568519,-111.7784376,0.0,5.59,8.1034,8.1408,0.995405856918239,False,False,False,NASA POWER Daily API,LST
2024-04-18,Lucid AMP 1 Casa Grande,32.8568519,-111.7784376,0.0,59.77,6.3938,8.0815,0.7911650064963187,False,False,False,NASA POWER Daily API,LST
2024-04-19,Lucid AMP 1 Casa Grande,32.8568519,-111.7784376,0.0,13.34,7.9937,7.9975,0.9995248515160988,False,False,False,NASA POWER Daily API,LST
2024-04-20,Lucid AMP 1 Casa Grande,32.8568519,-111.7784376,0.0,10.53,7.9673,7.9879,0.997421099412862,False,False,False,NASA POWER Daily API,LST
2024-04-21,Lucid AMP 1 Casa Grande,32.8568519,-111.7784376,0.0,14.38,7.8338,7.9769,0.9820607002720355,False,False,False,NASA POWER Daily API,LST
2024-04-22,Lucid AMP 1 Casa Grande,32.8568519,-111.7784376,0.0,3.31,7.919,7.9637,0.9943870311538605,False,False,False,NASA POWER Daily API,LST
2024-04-23,Lucid AMP 1 Casa Grande,32.8568519,-111.7784376,0.0,5.92,8.1283,8.165,0.995505205143907,False,False,False,NASA POWER Daily API,LST
2024-04-24,Lucid AMP 1 Casa Grande,32.8568519,-111.7784376,0.0,60.63,4.5578,7.9867,0.5706737451012308,False,False,False,NASA POWER Daily API,LST
2024-04-25,Lucid AMP 1 Casa Grande,32.8568519,-111.7784376,0.0,5.15,7.9805,8.1257,0.9821307702720996,False,False,False,NASA POWER Daily API,LST
2024-04-26,Lucid AMP 1 Casa Grande,32.8568519,-111.7784376,0.37,7.55,8.011,8.1281,0.9855931890601739,False,False,False,NASA POWER Daily API,LST
2024-04-27,Lucid AMP 1 Casa Grande,32.8568519,-111.7784376,0.17,13.78,7.459,7.9994,0.9324449333700028,False,False,False,NASA POWER Daily API,LST
2024-04-28,Lucid AMP 1 Casa Grande,32.8568519,-111.7784376,0.0,0.21,8.2186,8.2217,0.9996229490251408,False,False,False,NASA POWER Daily API,LST
2024-04-29,Lucid AMP 1 Casa Grande,32.8568519,-111.7784376,0.0,0.16,8.2882,8.2906,0.9997105155236051,False,False,False,NASA POWER Daily API,LST
2024-04-30,Lucid AMP 1 Casa Grande,32.8568519,-111.7784376,0.0,0.15,8.25,8.3398,0.989232355691983,False,False,False,NASA POWER Daily API,LST
2024-05-01,Lucid AMP 1 Casa Grande,32.8568519,-111.7784376,0.0,0.77,8.3563,8.3594,0.9996291599875587,False,False,False,NASA POWER Daily API,LST
2024-05-02,Lucid AMP 1 Casa Grande,32.8568519,-111.7784376,0.0,0.35,8.3246,8.328,0.9995917387127763,False,False,False,NASA POWER Daily API,LST
2024-05-03,Lucid AMP 1 Casa Grande,32.8568519,-111.7784376,0.0,9.86,8.3662,8.395,0.9965693865396069,False,False,False,NASA POWER Daily API,LST
2024-05-04,Lucid AMP 1 Casa Grande,32.8568519,-111.7784376,0.0,32.98,8.2121,8.3258,0.9863436546638161,False,False,False,NASA POWER Daily API,LST
2024-05-05,Lucid AMP 1 Casa Grande,32.8568519,-111.7784376,0.0,44.2,7.0908,8.2536,0.8591160220994475,False,False,False,NASA POWER Daily API,LST
2024-05-06,Lucid AMP 1 Casa Grande,32.8568519,-111.7784376,0.0,0.45,8.6633,8.6678,0.9994808371212995,False,False,False,NASA POWER Daily API,LST
2024-05-07,Lucid AMP 1 Casa Grande,32.8568519,-111.7784376,0.0,0.12,8.6198,8.6213,0.9998260123183279,False,False,False,NASA POWER Daily API,LST
2024-05-08,Lucid AMP 1 Casa Grande,32.8568519,-111.7784376,0.0,0.13,8.4782,8.4792,0.9998820643456928,False,False,False,NASA POWER Daily API,LST
2024-05-09,Lucid AMP 1 Casa Grande,32.8568519,-111.7784376,0.0,2.31,8.6666,8.6712,0.9994695082572194,False,False,False,NASA POWER Daily API,LST
2024-05-10,Lucid AMP 1 Casa Grande,32.8568519,-111.7784376,0.0,3.08,8.4972,8.515,0.9979095713446857,False,False,False,NASA POWER Daily API,LST
2024-05-11,Lucid AMP 1 Casa Grande,32.8568519,-111.7784376,0.0,1.51,8.4859,8.5248,0.9954368430930931,False,False,False,NASA POWER Daily API,LST
2024-05-12,Lucid AMP 1 Casa Grande,32.8568519,-111.7784376,0.0,0.32,8.5085,8.5133,0.999436176335851,False,False,False,NASA POWER Daily API,LST
2024-05-13,Lucid AMP 1 Casa Grande,32.8568519,-111.7784376,0.0,18.35,8.2697,8.4494,0.9787322176722607,False,False,False,NASA POWER Daily API,LST
2024-05-14,Lucid AMP 1 Casa Grande,32.8568519,-111.7784376,0.0,8.1,8.2558,8.357,0.9878903912887401,False,False,False,NASA POWER Daily API,LST
2024-05-15,Lucid AMP 1 Casa Grande,32.8568519,-111.7784376,0.0,25.32,7.7887,8.1941,0.9505253780158894,False,False,False,NASA POWER Daily API,LST
2024-05-16,Lucid AMP 1 Casa Grande,32.8568519,-111.7784376,0.05,48.67,6.3228,8.071,0.7833973485317804,False,False,False,NASA POWER Daily API,LST
2024-05-17,Lucid AMP 1 Casa Grande,32.8568519,-111.7784376,0.04,2.24,8.4358,8.4626,0.9968331245716446,False,False,False,NASA POWER Daily API,LST
2024-05-18,Lucid AMP 1 Casa Grande,32.8568519,-111.7784376,0.0,4.09,8.5524,8.6345,0.9904916324048875,False,False,False,NASA POWER Daily API,LST
2024-05-19,Lucid AMP 1 Casa Grande,32.8568519,-111.7784376,0.0,2.91,8.8558,8.8718,0.998196532834374,False,False,False,NASA POWER Daily API,LST
2024-05-20,Lucid AMP 1 Casa Grande,32.8568519,-111.7784376,0.06,45.12,5.6774,8.5018,0.6677879978357524,False,False,False,NASA POWER Daily API,LST
2024-05-21,Lucid AMP 1 Casa Grande,32.8568519,-111.7784376,0.0,0.42,8.8303,8.8368,0.9992644396161505,False,False,False,NASA POWER Daily API,LST
2024-05-22,Lucid AMP 1 Casa Grande,32.8568519,-111.7784376,0.0,0.58,9.0274,9.0326,0.9994243075083585,False,False,False,NASA POWER Daily API,LST
2024-05-23,Lucid AMP 1 Casa Grande,32.8568519,-111.7784376,0.0,3.56,8.9076,8.9472,0.995574034334764,False,False,False,NASA POWER Daily API,LST
2024-05-24,Lucid AMP 1 Casa Grande,32.8568519,-111.7784376,0.0,5.72,8.8164,8.8586,0.995236267581785,False,False,False,NASA POWER Daily API,LST
2024-05-25,Lucid AMP 1 Casa Grande,32.8568519,-111.7784376,0.0,1.54,8.8553,8.8601,0.9994582453922642,False,False,False,NASA POWER Daily API,LST
2024-05-26,Lucid AMP 1 Casa Grande,32.8568519,-111.7784376,0.0,0.34,8.7696,8.7761,0.9992593521040098,False,False,False,NASA POWER Daily API,LST
2024-05-27,Lucid AMP 1 Casa Grande,32.8568519,-111.7784376,0.0,2.25,8.8495,8.8891,0.9955451058037373,False,False,False,NASA POWER Daily API,LST
2024-05-28,Lucid AMP 1 Casa Grande,32.8568519,-111.7784376,0.0,13.6,8.9239,8.9539,0.9966495046851092,False,False,False,NASA POWER Daily API,LST
2024-05-29,Lucid AMP 1 Casa Grande,32.8568519,-111.7784376,0.0,1.31,8.9954,8.9988,0.999622171845135,False,False,False,NASA POWER Daily API,LST
2024-05-30,Lucid AMP 1 Casa Grande,32.8568519,-111.7784376,0.0,4.39,8.8954,8.9203,0.9972086140600653,False,False,False,NASA POWER Daily API,LST
2024-05-31,Lucid AMP 1 Casa Grande,32.8568519,-111.7784376,0.0,6.19,8.7125,8.808,0.9891575840145324,False,False,False,NASA POWER Daily API,LST
2024-06-01,Lucid AMP 1 Casa Grande,32.8568519,-111.7784376,0.0,2.33,8.8788,8.9191,0.9954816068885873,False,False,False,NASA POWER Daily API,LST
2024-06-02,Lucid AMP 1 Casa Grande,32.8568519,-111.7784376,0.0,1.59,8.965,8.9863,0.9976297252484337,False,False,False,NASA POWER Daily API,LST
2024-06-03,Lucid AMP 1 Casa Grande,32.8568519,-111.7784376,0.0,22.31,8.7346,8.8402,0.9880545689011562,False,False,False,NASA POWER Daily API,LST
2024-06-04,Lucid AMP 1 Casa Grande,32.8568519,-111.7784376,0.0,73.45,7.0344,8.5483,0.8229004597405333,False,False,False,NASA POWER Daily API,LST
2024-06-05,Lucid AMP 1 Casa Grande,32.8568519,-111.7784376,0.0,4.84,8.5061,8.5462,0.9953078561231892,False,False,False,NASA POWER Daily API,LST
2024-06-06,Lucid AMP 1 Casa Grande,32.8568519,-111.7784376,0.0,51.89,7.926,8.3501,0.9492101890995318,False,False,False,NASA POWER Daily API,LST
2024-06-07,Lucid AMP 1 Casa Grande,32.8568519,-111.7784376,0.0,15.29,8.3071,8.3549,0.9942788064489102,False,False,False,NASA POWER Daily API,LST
2024-06-08,Lucid AMP 1 Casa Grande,32.8568519,-111.7784376,0.0,21.48,8.3832,8.6712,0.9667866039302518,False,False,False,NASA POWER Daily API,LST
2024-06-09,Lucid AMP 1 Casa Grande,32.8568519,-111.7784376,0.0,34.96,7.8271,8.2286,0.9512067666431713,False,False,False,NASA POWER Daily API,LST
2024-06-10,Lucid AMP 1 Casa Grande,32.8568519,-111.7784376,0.0,8.68,8.6585,8.7014,0.9950697588893742,False,False,False,NASA POWER Daily API,LST
2024-06-11,Lucid AMP 1 Casa Grande,32.8568519,-111.7784376,0.0,1.61,8.7869,8.8058,0.9978536873424334,False,False,False,NASA POWER Daily API,LST
2024-06-12,Lucid AMP 1 Casa Grande,32.8568519,-111.7784376,0.0,4.86,8.6426,8.6779,0.9959321955772711,False,False,False,NASA POWER Daily API,LST
2024-06-13,Lucid AMP 1 Casa Grande,32.8568519,-111.7784376,0.0,69.78,5.6774,8.4266,0.6737474188878075,False,False,False,NASA POWER Daily API,LST
2024-06-14,Lucid AMP 1 Casa Grande,32.8568519,-111.7784376,0.0,2.52,8.9462,8.9765,0.9966245195789004,False,False,False,NASA POWER Daily API,LST
2024-06-15,Lucid AMP 1 Casa Grande,32.8568519,-111.7784376,0.0,2.35,8.7583,8.7979,0.9954989258800395,False,False,False,NASA POWER Daily API,LST
2024-06-16,Lucid AMP 1 Casa Grande,32.8568519,-111.7784376,0.0,1.3,8.8666,8.8877,0.9976259324684676,False,False,False,NASA POWER Daily API,LST
2024-06-17,Lucid AMP 1 Casa Grande,32.8568519,-111.7784376,0.0,1.02,8.9462,8.9611,0.9983372577027373,False,False,False,NASA POWER Daily API,LST
2024-06-18,Lucid AMP 1 Casa Grande,32.8568519,-111.7784376,0.0,10.27,8.6513,8.8594,0.9765108246608123,False,False,False,NASA POWER Daily API,LST
2024-06-19,Lucid AMP 1 Casa Grande,32.8568519,-111.7784376,0.0,2.34,8.831,8.8582,0.9969293987491815,False,False,False,NASA POWER Daily API,LST
2024-06-20,Lucid AMP 1 Casa Grande,32.8568519,-111.7784376,0.88,14.59,8.0676,8.4516,0.9545648161294904,False,False,False,NASA POWER Daily API,LST
2024-06-21,Lucid AMP 1 Casa Grande,32.8568519,-111.7784376,1.46,79.33,6.06,8.3165,0.7286719172728913,True,False,True,NASA POWER Daily API,LST
2024-06-22,Lucid AMP 1 Casa Grande,32.8568519,-111.7784376,0.25,98.01,3.937,8.0158,0.49115496893635063,False,True,True,NASA POWER Daily API,LST
2024-06-23,Lucid AMP 1 Casa Grande,32.8568519,-111.7784376,0.77,85.47,6.1373,8.1094,0.7568130811157421,False,True,True,NASA POWER Daily API,LST
2024-06-24,Lucid AMP 1 Casa Grande,32.8568519,-111.7784376,0.31,72.52,6.5866,8.1494,0.8082312808304906,False,False,False,NASA POWER Daily API,LST
2024-06-25,Lucid AMP 1 Casa Grande,32.8568519,-111.7784376,0.25,75.17,6.4661,8.1017,0.7981164446967921,False,False,False,NASA POWER Daily API,LST
2024-06-26,Lucid AMP 1 Casa Grande,32.8568519,-111.7784376,0.05,73.15,7.1772,8.1917,0.8761551326342516,False,False,False,NASA POWER Daily API,LST
2024-06-27,Lucid AMP 1 Casa Grande,32.8568519,-111.7784376,0.01,55.72,7.8538,8.2015,0.9576053161007133,False,False,False,NASA POWER Daily API,LST
2024-06-28,Lucid AMP 1 Casa Grande,32.8568519,-111.7784376,0.05,64.96,7.3769,8.3186,0.8867958550717668,False,False,False,NASA POWER Daily API,LST
2024-06-29,Lucid AMP 1 Casa Grande,32.8568519,-111.7784376,1.5,80.79,6.2381,8.142,0.7661631048882339,True,True,True,NASA POWER Daily API,LST
2024-06-30,Lucid AMP 1 Casa Grande,32.8568519,-111.7784376,0.58,83.04,6.367,8.0674,0.789225772863624,False,True,True,NASA POWER Daily API,LST
2024-07-01,Lucid AMP 1 Casa Grande,32.8568519,-111.7784376,1.99,66.21,5.9822,8.0472,0.7433890048712595,True,False,True,NASA POWER Daily API,LST
2024-07-02,Lucid AMP 1 Casa Grande,32.8568519,-111.7784376,0.43,33.94,7.5336,8.1302,0.9266192713586381,False,False,False,NASA POWER Daily API,LST
2024-07-03,Lucid AMP 1 Casa Grande,32.8568519,-111.7784376,0.0,33.04,8.1953,8.2747,0.9904044859632374,False,False,False,NASA POWER Daily API,LST
2024-07-04,Lucid AMP 1 Casa Grande,32.8568519,-111.7784376,0.0,19.15,8.3448,8.4,0.9934285714285713,False,False,False,NASA POWER Daily API,LST
2024-07-05,Lucid AMP 1 Casa Grande,32.8568519,-111.7784376,0.0,9.77,8.4809,8.6333,0.9823474221908193,False,False,False,NASA POWER Daily API,LST
2024-07-06,Lucid AMP 1 Casa Grande,32.8568519,-111.7784376,0.01,11.71,8.6338,8.7012,0.9922539419850136,False,False,False,NASA POWER Daily API,LST
2024-07-07,Lucid AMP 1 Casa Grande,32.8568519,-111.7784376,0.0,6.14,8.3489,8.417,0.9919092313175717,False,False,False,NASA POWER Daily API,LST
2024-07-08,Lucid AMP 1 Casa Grande,32.8568519,-111.7784376,0.0,5.37,8.556,8.6042,0.9943980846563305,False,False,False,NASA POWER Daily API,LST
2024-07-09,Lucid AMP 1 Casa Grande,32.8568519,-111.7784376,0.05,19.24,8.2409,8.5258,0.9665837809941589,False,False,False,NASA POWER Daily API,LST
2024-07-10,Lucid AMP 1 Casa Grande,32.8568519,-111.7784376,0.04,20.18,8.0726,8.2745,0.9755997341229077,False,False,False,NASA POWER Daily API,LST
2024-07-11,Lucid AMP 1 Casa Grande,32.8568519,-111.7784376,0.11,43.72,7.4664,8.0263,0.9302418299839278,False,False,False,NASA POWER Daily API,LST
2024-07-12,Lucid AMP 1 Casa Grande,32.8568519,-111.7784376,0.12,25.32,8.01,8.1998,0.9768530939779019,False,False,False,NASA POWER Daily API,LST
2024-07-13,Lucid AMP 1 Casa Grande,32.8568519,-111.7784376,0.14,33.38,7.7614,8.2469,0.9411293940753496,False,False,False,NASA POWER Daily API,LST
2024-07-14,Lucid AMP 1 Casa Grande,32.8568519,-111.7784376,1.76,47.52,7.9454,8.0683,0.9847675470669162,True,False,True,NASA POWER Daily API,LST
2024-07-15,Lucid AMP 1 Casa Grande,32.8568519,-111.7784376,2.82,51.1,7.7885,8.0182,0.9713526726696765,True,False,True,NASA POWER Daily API,LST
2024-07-16,Lucid AMP 1 Casa Grande,32.8568519,-111.7784376,0.1,52.01,7.1474,7.9829,0.8953387866564783,False,False,False,NASA POWER Daily API,LST
2024-07-17,Lucid AMP 1 Casa Grande,32.8568519,-111.7784376,0.61,45.91,7.7114,7.931,0.9723111839616694,False,False,False,NASA POWER Daily API,LST
2024-07-18,Lucid AMP 1 Casa Grande,32.8568519,-111.7784376,0.0,51.59,7.5379,7.8905,0.9553133514986375,False,False,False,NASA POWER Daily API,LST
2024-07-19,Lucid AMP 1 Casa Grande,32.8568519,-111.7784376,1.03,46.95,7.8322,7.9212,0.9887643286370752,True,False,True,NASA POWER Daily API,LST
2024-07-20,Lucid AMP 1 Casa Grande,32.8568519,-111.7784376,1.91,63.19,7.1988,7.8751,0.9141217254384072,True,False,True,NASA POWER Daily API,LST
2024-07-21,Lucid AMP 1 Casa Grande,32.8568519,-111.7784376,1.97,62.04,7.073,7.8682,0.8989349533565492,True,False,True,NASA POWER Daily API,LST
2024-07-22,Lucid AMP 1 Casa Grande,32.8568519,-111.7784376,0.21,52.79,7.746,7.913,0.9788954884367497,False,False,False,NASA POWER Daily API,LST
2024-07-23,Lucid AMP 1 Casa Grande,32.8568519,-111.7784376,0.0,31.83,7.6008,7.8466,0.96867433028318,False,False,False,NASA POWER Daily API,LST
2024-07-24,Lucid AMP 1 Casa Grande,32.8568519,-111.7784376,0.21,50.91,7.0342,7.8574,0.8952325196629929,False,False,False,NASA POWER Daily API,LST
2024-07-25,Lucid AMP 1 Casa Grande,32.8568519,-111.7784376,2.4,60.62,7.2218,7.7395,0.9331093739905679,True,False,True,NASA POWER Daily API,LST
2024-07-26,Lucid AMP 1 Casa Grande,32.8568519,-111.7784376,7.69,49.75,7.5792,7.691,0.9854635287998961,True,False,True,NASA POWER Daily API,LST
2024-07-27,Lucid AMP 1 Casa Grande,32.8568519,-111.7784376,1.19,65.19,7.1899,7.8115,0.9204250144018434,True,False,True,NASA POWER Daily API,LST
2024-07-28,Lucid AMP 1 Casa Grande,32.8568519,-111.7784376,0.44,66.15,5.6081,7.6942,0.7288736970705206,False,False,False,NASA POWER Daily API,LST
2024-07-29,Lucid AMP 1 Casa Grande,32.8568519,-111.7784376,0.09,80.27,6.4517,7.6054,0.8483051516028085,False,True,True,NASA POWER Daily API,LST
2024-07-30,Lucid AMP 1 Casa Grande,32.8568519,-111.7784376,0.1,64.24,7.0682,7.9025,0.894425814615628,False,False,False,NASA POWER Daily API,LST
2024-07-31,Lucid AMP 1 Casa Grande,32.8568519,-111.7784376,0.69,59.47,5.369,7.7381,0.6938395730218012,False,False,False,NASA POWER Daily API,LST
2024-08-01,Lucid AMP 1 Casa Grande,32.8568519,-111.7784376,0.44,62.85,7.2482,7.6548,0.9468830015153891,False,False,False,NASA POWER Daily API,LST
2024-08-02,Lucid AMP 1 Casa Grande,32.8568519,-111.7784376,0.57,60.72,7.3934,7.7942,0.948577147109389,False,False,False,NASA POWER Daily API,LST
2024-08-03,Lucid AMP 1 Casa Grande,32.8568519,-111.7784376,0.0,46.28,7.1738,7.7863,0.9213361930570361,False,False,False,NASA POWER Daily API,LST
2024-08-04,Lucid AMP 1 Casa Grande,32.8568519,-111.7784376,1.75,55.77,7.1758,7.7345,0.9277652078350249,True,False,True,NASA POWER Daily API,LST
2024-08-05,Lucid AMP 1 Casa Grande,32.8568519,-111.7784376,1.61,56.62,7.3637,7.6795,0.9588775310892635,True,False,True,NASA POWER Daily API,LST
2024-08-06,Lucid AMP 1 Casa Grande,32.8568519,-111.7784376,6.86,49.02,7.3464,7.7174,0.9519268147303497,True,False,True,NASA POWER Daily API,LST
2024-08-07,Lucid AMP 1 Casa Grande,32.8568519,-111.7784376,2.9,74.78,6.671,7.5461,0.8840328116510515,True,False,True,NASA POWER Daily API,LST
2024-08-08,Lucid AMP 1 Casa Grande,32.8568519,-111.7784376,2.34,69.71,6.9943,7.5859,0.9220132087161709,True,False,True,NASA POWER Daily API,LST
2024-08-09,Lucid AMP 1 Casa Grande,32.8568519,-111.7784376,0.9,68.82,6.4332,7.5396,0.8532548145790227,False,False,False,NASA POWER Daily API,LST
2024-08-10,Lucid AMP 1 Casa Grande,32.8568519,-111.7784376,0.31,68.55,6.2861,7.5355,0.8341981288567448,False,False,False,NASA POWER Daily API,LST
2024-08-11,Lucid AMP 1 Casa Grande,32.8568519,-111.7784376,0.79,53.84,6.5472,7.5557,0.8665246105589158,False,False,False,NASA POWER Daily API,LST
2024-08-12,Lucid AMP 1 Casa Grande,32.8568519,-111.7784376,0.02,49.17,6.8448,7.5674,0.9045114570394059,False,False,False,NASA POWER Daily API,LST
2024-08-13,Lucid AMP 1 Casa Grande,32.8568519,-111.7784376,0.82,42.9,6.8186,7.4059,0.9206983621166908,False,False,False,NASA POWER Daily API,LST
2024-08-14,Lucid AMP 1 Casa Grande,32.8568519,-111.7784376,0.01,20.2,7.3195,7.517,0.9737262205667153,False,False,False,NASA POWER Daily API,LST
2024-08-15,Lucid AMP 1 Casa Grande,32.8568519,-111.7784376,0.0,11.74,7.453,7.5893,0.9820405043943448,False,False,False,NASA POWER Daily API,LST
2024-08-16,Lucid AMP 1 Casa Grande,32.8568519,-111.7784376,0.0,42.06,7.3615,7.4839,0.9836448910327503,False,False,False,NASA POWER Daily API,LST
2024-08-17,Lucid AMP 1 Casa Grande,32.8568519,-111.7784376,4.29,44.06,7.0116,7.5017,0.9346681418878388,True,False,True,NASA POWER Daily API,LST
2024-08-18,Lucid AMP 1 Casa Grande,32.8568519,-111.7784376,0.25,75.93,5.6018,7.3078,0.766550808724924,False,False,False,NASA POWER Daily API,LST
2024-08-19,Lucid AMP 1 Casa Grande,32.8568519,-111.7784376,0.29,21.86,7.2734,7.3759,0.9861033907726515,False,False,False,NASA POWER Daily API,LST
2024-08-20,Lucid AMP 1 Casa Grande,32.8568519,-111.7784376,0.04,41.56,7.2727,7.3699,0.9868112186054085,False,False,False,NASA POWER Daily API,LST
2024-08-21,Lucid AMP 1 Casa Grande,32.8568519,-111.7784376,0.95,76.44,3.5724,7.1688,0.4983260796786073,False,False,False,NASA POWER Daily API,LST
2024-08-22,Lucid AMP 1 Casa Grande,32.8568519,-111.7784376,1.64,52.51,6.335,7.3066,0.8670243341636328,True,False,True,NASA POWER Daily API,LST
2024-08-23,Lucid AMP 1 Casa Grande,32.8568519,-111.7784376,2.16,40.03,6.4354,7.2756,0.8845181153444389,True,False,True,NASA POWER Daily API,LST
2024-08-24,Lucid AMP 1 Casa Grande,32.8568519,-111.7784376,0.54,52.93,7.0078,7.3327,0.9556916279133197,False,False,False,NASA POWER Daily API,LST
2024-08-25,Lucid AMP 1 Casa Grande,32.8568519,-111.7784376,0.02,9.49,7.2394,7.2754,0.9950518184567171,False,False,False,NASA POWER Daily API,LST
2024-08-26,Lucid AMP 1 Casa Grande,32.8568519,-111.7784376,0.0,18.08,7.2612,7.405,0.9805806887238352,False,False,False,NASA POWER Daily API,LST
2024-08-27,Lucid AMP 1 Casa Grande,32.8568519,-111.7784376,0.01,70.02,5.3585,7.0128,0.7641027834816336,False,False,False,NASA POWER Daily API,LST
2024-08-28,Lucid AMP 1 Casa Grande,32.8568519,-111.7784376,0.11,64.01,5.5469,6.9602,0.7969454900721243,False,False,False,NASA POWER Daily API,LST
2024-08-29,Lucid AMP 1 Casa Grande,32.8568519,-111.7784376,0.32,24.87,6.8165,7.1491,0.9534766613979382,False,False,False,NASA POWER Daily API,LST
2024-08-30,Lucid AMP 1 Casa Grande,32.8568519,-111.7784376,0.07,30.14,6.6612,7.0903,0.9394806989831178,False,False,False,NASA POWER Daily API,LST
2024-08-31,Lucid AMP 1 Casa Grande,32.8568519,-111.7784376,0.53,53.04,6.5599,7.0999,0.9239425907407146,False,False,False,NASA POWER Daily API,LST
2024-09-01,Lucid AMP 1 Casa Grande,32.8568519,-111.7784376,0.08,42.17,5.9405,7.0027,0.8483156496779813,False,False,False,NASA POWER Daily API,LST
2024-09-02,Lucid AMP 1 Casa Grande,32.8568519,-111.7784376,0.51,7.9,6.7586,6.9929,0.9664945873671869,False,False,False,NASA POWER Daily API,LST
2024-09-03,Lucid AMP 1 Casa Grande,32.8568519,-111.7784376,0.1,5.44,7.0495,7.0862,0.9948209195337416,False,False,False,NASA POWER Daily API,LST
2024-09-04,Lucid AMP 1 Casa Grande,32.8568519,-111.7784376,0.0,0.93,7.0817,7.0975,0.9977738640366326,False,False,False,NASA POWER Daily API,LST
2024-09-05,Lucid AMP 1 Casa Grande,32.8568519,-111.7784376,0.0,5.37,6.9137,6.9989,0.9878266584749033,False,False,False,NASA POWER Daily API,LST
2024-09-06,Lucid AMP 1 Casa Grande,32.8568519,-111.7784376,0.0,15.74,6.7534,6.8258,0.989393184681649,False,False,False,NASA POWER Daily API,LST
2024-09-07,Lucid AMP 1 Casa Grande,32.8568519,-111.7784376,0.03,15.03,6.7606,6.8551,0.9862146431124272,False,False,False,NASA POWER Daily API,LST
2024-09-08,Lucid AMP 1 Casa Grande,32.8568519,-111.7784376,0.0,17.13,6.4622,6.8554,0.9426437552878023,False,False,False,NASA POWER Daily API,LST
2024-09-09,Lucid AMP 1 Casa Grande,32.8568519,-111.7784376,0.0,2.33,7.0445,7.0714,0.9961959442260373,False,False,False,NASA POWER Daily API,LST
2024-09-10,Lucid AMP 1 Casa Grande,32.8568519,-111.7784376,0.0,0.99,6.9559,6.9686,0.9981775392474814,False,False,False,NASA POWER Daily API,LST
2024-09-11,Lucid AMP 1 Casa Grande,32.8568519,-111.7784376,0.0,1.11,6.6931,6.7003,0.9989254212497948,False,False,False,NASA POWER Daily API,LST
2024-09-12,Lucid AMP 1 Casa Grande,32.8568519,-111.7784376,0.0,3.37,6.9521,6.9761,0.996559682344003,False,False,False,NASA POWER Daily API,LST
2024-09-13,Lucid AMP 1 Casa Grande,32.8568519,-111.7784376,0.0,3.88,6.8748,6.8873,0.998185065265053,False,False,False,NASA POWER Daily API,LST
2024-09-14,Lucid AMP 1 Casa Grande,32.8568519,-111.7784376,0.0,13.87,6.2978,6.5261,0.9650173917040805,False,False,False,NASA POWER Daily API,LST
2024-09-15,Lucid AMP 1 Casa Grande,32.8568519,-111.7784376,1.26,28.8,6.0182,6.498,0.9261618959679901,True,False,True,NASA POWER Daily API,LST
2024-09-16,Lucid AMP 1 Casa Grande,32.8568519,-111.7784376,0.67,27.98,5.496,6.3948,0.8594483017451681,False,False,False,NASA POWER Daily API,LST
2024-09-17,Lucid AMP 1 Casa Grande,32.8568519,-111.7784376,0.01,20.82,6.2638,6.7094,0.9335857155632397,False,False,False,NASA POWER Daily API,LST
2024-09-18,Lucid AMP 1 Casa Grande,32.8568519,-111.7784376,0.03,3.84,6.6869,6.7195,0.9951484485452786,False,False,False,NASA POWER Daily API,LST
2024-09-19,Lucid AMP 1 Casa Grande,32.8568519,-111.7784376,0.0,3.77,6.5436,6.5822,0.9941356993102609,False,False,False,NASA POWER Daily API,LST
2024-09-20,Lucid AMP 1 Casa Grande,32.8568519,-111.7784376,0.06,11.71,6.4771,6.5594,0.9874531207122602,False,False,False,NASA POWER Daily API,LST
2024-09-21,Lucid AMP 1 Casa Grande,32.8568519,-111.7784376,0.05,9.13,6.4584,6.5062,0.992653161599705,False,False,False,NASA POWER Daily API,LST
2024-09-22,Lucid AMP 1 Casa Grande,32.8568519,-111.7784376,0.0,0.5,6.535,6.539,0.9993882856705919,False,False,False,NASA POWER Daily API,LST
2024-09-23,Lucid AMP 1 Casa Grande,32.8568519,-111.7784376,0.0,2.14,6.4865,6.499,0.9980766271734114,False,False,False,NASA POWER Daily API,LST
2024-09-24,Lucid AMP 1 Casa Grande,32.8568519,-111.7784376,0.0,0.58,6.4502,6.456,0.9991016109045848,False,False,False,NASA POWER Daily API,LST
2024-09-25,Lucid AMP 1 Casa Grande,32.8568519,-111.7784376,0.0,12.9,5.9282,6.1954,0.9568712270394164,False,False,False,NASA POWER Daily API,LST
2024-09-26,Lucid AMP 1 Casa Grande,32.8568519,-111.7784376,0.0,5.61,6.1824,6.2141,0.9948986981220128,False,False,False,NASA POWER Daily API,LST
2024-09-27,Lucid AMP 1 Casa Grande,32.8568519,-111.7784376,0.0,6.72,6.1037,6.1553,0.9916169804883596,False,False,False,NASA POWER Daily API,LST
2024-09-28,Lucid AMP 1 Casa Grande,32.8568519,-111.7784376,0.0,1.54,5.977,5.989,0.9979963265987645,False,False,False,NASA POWER Daily API,LST
2024-09-29,Lucid AMP 1 Casa Grande,32.8568519,-111.7784376,0.0,4.18,5.9285,5.983,0.9908908574293832,False,False,False,NASA POWER Daily API,LST
2024-09-30,Lucid AMP 1 Casa Grande,32.8568519,-111.7784376,0.0,18.51,5.9294,5.9702,0.9931660580885062,False,False,False,NASA POWER Daily API,LST
2024-10-01,Lucid AMP 1 Casa Grande,32.8568519,-111.7784376,0.0,25.82,5.6664,5.869,0.9654796387800307,False,False,False,NASA POWER Daily API,LST
2024-10-02,Lucid AMP 1 Casa Grande,32.8568519,-111.7784376,0.01,10.5,5.8675,5.9858,0.9802365598583312,False,False,False,NASA POWER Daily API,LST
2024-10-03,Lucid AMP 1 Casa Grande,32.8568519,-111.7784376,0.0,1.43,5.9246,5.9405,0.9973234576214123,False,False,False,NASA POWER Daily API,LST
2024-10-04,Lucid AMP 1 Casa Grande,32.8568519,-111.7784376,0.0,2.29,5.8356,5.9122,0.9870437400629207,False,False,False,NASA POWER Daily API,LST
2024-10-05,Lucid AMP 1 Casa Grande,32.8568519,-111.7784376,0.0,0.41,5.8582,5.8642,0.9989768425360662,False,False,False,NASA POWER Daily API,LST
2024-10-06,Lucid AMP 1 Casa Grande,32.8568519,-111.7784376,0.0,0.6,5.8891,5.8949,0.9990160986615549,False,False,False,NASA POWER Daily API,LST
2024-10-07,Lucid AMP 1 Casa Grande,32.8568519,-111.7784376,0.0,1.59,5.7725,5.79,0.9969775474956822,False,False,False,NASA POWER Daily API,LST
2024-10-08,Lucid AMP 1 Casa Grande,32.8568519,-111.7784376,0.0,21.82,5.2001,5.5538,0.9363138751845583,False,False,False,NASA POWER Daily API,LST
2024-10-09,Lucid AMP 1 Casa Grande,32.8568519,-111.7784376,0.0,73.07,4.7779,5.4684,0.87372906151708,False,False,False,NASA POWER Daily API,LST
2024-10-10,Lucid AMP 1 Casa Grande,32.8568519,-111.7784376,0.0,35.6,5.293,5.5073,0.9610880104588456,False,False,False,NASA POWER Daily API,LST
2024-10-11,Lucid AMP 1 Casa Grande,32.8568519,-111.7784376,0.0,1.45,5.4559,5.4821,0.9952208095437879,False,False,False,NASA POWER Daily API,LST
2024-10-12,Lucid AMP 1 Casa Grande,32.8568519,-111.7784376,0.0,0.45,5.5498,5.5514,0.9997117844147423,False,False,False,NASA POWER Daily API,LST
2024-10-13,Lucid AMP 1 Casa Grande,32.8568519,-111.7784376,0.0,1.6,5.3959,5.4127,0.996896188593493,False,False,False,NASA POWER Daily API,LST
2024-10-14,Lucid AMP 1 Casa Grande,32.8568519,-111.7784376,0.0,6.66,5.3062,5.3995,0.9827206222798407,False,False,False,NASA POWER Daily API,LST
2024-10-15,Lucid AMP 1 Casa Grande,32.8568519,-111.7784376,0.0,0.79,5.533,5.5394,0.9988446402137416,False,False,False,NASA POWER Daily API,LST
2024-10-16,Lucid AMP 1 Casa Grande,32.8568519,-111.7784376,0.0,5.85,5.345,5.3952,0.9906954329774614,False,False,False,NASA POWER Daily API,LST
2024-10-17,Lucid AMP 1 Casa Grande,32.8568519,-111.7784376,0.0,14.73,5.3309,5.3594,0.9946822405493152,False,False,False,NASA POWER Daily API,LST
2024-10-18,Lucid AMP 1 Casa Grande,32.8568519,-111.7784376,2.0,31.2,3.4279,5.1485,0.665805574439157,True,False,True,NASA POWER Daily API,LST
2024-10-19,Lucid AMP 1 Casa Grande,32.8568519,-111.7784376,0.04,30.39,4.4472,5.2452,0.8478609013955616,False,False,False,NASA POWER Daily API,LST
2024-10-20,Lucid AMP 1 Casa Grande,32.8568519,-111.7784376,0.0,0.28,5.3232,5.3244,0.9997746224926752,False,False,False,NASA POWER Daily API,LST
2024-10-21,Lucid AMP 1 Casa Grande,32.8568519,-111.7784376,0.0,0.62,5.4326,5.4348,0.9995952012953558,False,False,False,NASA POWER Daily API,LST
2024-10-22,Lucid AMP 1 Casa Grande,32.8568519,-111.7784376,0.0,10.22,5.1552,5.3604,0.9617192746809938,False,False,False,NASA POWER Daily API,LST
2024-10-23,Lucid AMP 1 Casa Grande,32.8568519,-111.7784376,0.0,3.42,5.1293,5.1835,0.9895437445741293,False,False,False,NASA POWER Daily API,LST
2024-10-24,Lucid AMP 1 Casa Grande,32.8568519,-111.7784376,0.0,7.82,5.2378,5.2723,0.9934563662917512,False,False,False,NASA POWER Daily API,LST
2024-10-25,Lucid AMP 1 Casa Grande,32.8568519,-111.7784376,0.0,4.19,5.2056,5.2277,0.9957725194636264,False,False,False,NASA POWER Daily API,LST
2024-10-26,Lucid AMP 1 Casa Grande,32.8568519,-111.7784376,0.0,15.26,5.0287,5.1173,0.9826861821663767,False,False,False,NASA POWER Daily API,LST
2024-10-27,Lucid AMP 1 Casa Grande,32.8568519,-111.7784376,0.0,26.32,4.7335,5.0215,0.9426466195359954,False,False,False,NASA POWER Daily API,LST
2024-10-28,Lucid AMP 1 Casa Grande,32.8568519,-111.7784376,0.0,18.91,4.8358,4.884,0.99013104013104,False,False,False,NASA POWER Daily API,LST
2024-10-29,Lucid AMP 1 Casa Grande,32.8568519,-111.7784376,0.04,29.21,4.9157,5.0741,0.9687826412565776,False,False,False,NASA POWER Daily API,LST
2024-10-30,Lucid AMP 1 Casa Grande,32.8568519,-111.7784376,0.0,10.46,5.0004,5.0789,0.9845438973005965,False,False,False,NASA POWER Daily API,LST
2024-10-31,Lucid AMP 1 Casa Grande,32.8568519,-111.7784376,0.0,8.32,5.0698,5.1048,0.993143707882777,False,False,False,NASA POWER Daily API,LST
2024-11-01,Lucid AMP 1 Casa Grande,32.8568519,-111.7784376,0.0,29.89,4.8048,4.9358,0.973459216337777,False,False,False,NASA POWER Daily API,LST
2024-11-02,Lucid AMP 1 Casa Grande,32.8568519,-111.7784376,0.31,28.62,4.4707,4.687,0.953851077448261,False,False,False,NASA POWER Daily API,LST
2024-11-03,Lucid AMP 1 Casa Grande,32.8568519,-111.7784376,3.99,59.11,1.9661,4.3711,0.44979524604790555,True,False,True,NASA POWER Daily API,LST
2024-11-04,Lucid AMP 1 Casa Grande,32.8568519,-111.7784376,0.01,6.0,4.6745,4.7791,0.9781130338348225,False,False,False,NASA POWER Daily API,LST
2024-11-05,Lucid AMP 1 Casa Grande,32.8568519,-111.7784376,0.0,7.87,4.7966,4.8091,0.9974007610571625,False,False,False,NASA POWER Daily API,LST
2024-11-06,Lucid AMP 1 Casa Grande,32.8568519,-111.7784376,0.0,24.17,4.0114,4.6046,0.8711723059549148,False,False,False,NASA POWER Daily API,LST
2024-11-07,Lucid AMP 1 Casa Grande,32.8568519,-111.7784376,0.0,1.16,4.711,4.722,0.9976704786107581,False,False,False,NASA POWER Daily API,LST
2024-11-08,Lucid AMP 1 Casa Grande,32.8568519,-111.7784376,0.0,0.4,4.6123,4.6154,0.9993283355722148,False,False,False,NASA POWER Daily API,LST
2024-11-09,Lucid AMP 1 Casa Grande,32.8568519,-111.7784376,0.0,0.45,4.6498,4.6526,0.9993981859605383,False,False,False,NASA POWER Daily API,LST
2024-11-10,Lucid AMP 1 Casa Grande,32.8568519,-111.7784376,0.0,20.89,4.5696,4.6289,0.987189181014928,False,False,False,NASA POWER Daily API,LST
2024-11-11,Lucid AMP 1 Casa Grande,32.8568519,-111.7784376,0.0,55.43,3.8902,4.5422,0.8564572233719343,False,False,False,NASA POWER Daily API,LST
2024-11-12,Lucid AMP 1 Casa Grande,32.8568519,-111.7784376,0.0,1.14,4.513,4.5151,0.9995348940222807,False,False,False,NASA POWER Daily API,LST
2024-11-13,Lucid AMP 1 Casa Grande,32.8568519,-111.7784376,0.01,0.61,4.536,4.5401,0.9990969361908327,False,False,False,NASA POWER Daily API,LST
2024-11-14,Lucid AMP 1 Casa Grande,32.8568519,-111.7784376,0.0,7.27,4.4554,4.4983,0.9904630638241112,False,False,False,NASA POWER Daily API,LST
2024-11-15,Lucid AMP 1 Casa Grande,32.8568519,-111.7784376,0.0,8.01,4.3066,4.3301,0.9945728736056906,False,False,False,NASA POWER Daily API,LST
2024-11-16,Lucid AMP 1 Casa Grande,32.8568519,-111.7784376,0.0,57.34,3.2573,4.2876,0.7597023976117174,False,False,False,NASA POWER Daily API,LST
2024-11-17,Lucid AMP 1 Casa Grande,32.8568519,-111.7784376,0.0,21.26,3.9269,4.2415,0.9258281268419191,False,False,False,NASA POWER Daily API,LST
2024-11-18,Lucid AMP 1 Casa Grande,32.8568519,-111.7784376,0.0,0.36,4.1916,4.1926,0.9997614845203455,False,False,False,NASA POWER Daily API,LST
2024-11-19,Lucid AMP 1 Casa Grande,32.8568519,-111.7784376,0.0,8.88,4.0886,4.176,0.9790708812260535,False,False,False,NASA POWER Daily API,LST
2024-11-20,Lucid AMP 1 Casa Grande,32.8568519,-111.7784376,0.0,1.33,4.2864,4.2917,0.998765058135471,False,False,False,NASA POWER Daily API,LST
2024-11-21,Lucid AMP 1 Casa Grande,32.8568519,-111.7784376,0.0,18.23,4.2425,4.3195,0.982173862715592,False,False,False,NASA POWER Daily API,LST
2024-11-22,Lucid AMP 1 Casa Grande,32.8568519,-111.7784376,0.0,33.45,3.8938,4.1791,0.9317317125696921,False,False,False,NASA POWER Daily API,LST
2024-11-23,Lucid AMP 1 Casa Grande,32.8568519,-111.7784376,0.0,29.19,4.1575,4.2022,0.9893627147684545,False,False,False,NASA POWER Daily API,LST
2024-11-24,Lucid AMP 1 Casa Grande,32.8568519,-111.7784376,0.0,87.01,3.4598,4.0138,0.8619761821715083,False,True,True,NASA POWER Daily API,LST
2024-11-25,Lucid AMP 1 Casa Grande,32.8568519,-111.7784376,0.0,78.4,3.1082,3.8957,0.7978540442025823,False,False,False,NASA POWER Daily API,LST
2024-11-26,Lucid AMP 1 Casa Grande,32.8568519,-111.7784376,0.0,57.67,3.144,3.9024,0.8056580565805658,False,False,False,NASA POWER Daily API,LST
2024-11-27,Lucid AMP 1 Casa Grande,32.8568519,-111.7784376,0.0,98.57,2.0618,3.6437,0.565853390784093,False,True,True,NASA POWER Daily API,LST
2024-11-28,Lucid AMP 1 Casa Grande,32.8568519,-111.7784376,0.0,61.81,3.684,3.8122,0.9663711242851898,False,False,False,NASA POWER Daily API,LST
2024-11-29,Lucid AMP 1 Casa Grande,32.8568519,-111.7784376,0.0,89.88,3.2371,3.8292,0.8453724015460148,False,True,True,NASA POWER Daily API,LST
2024-11-30,Lucid AMP 1 Casa Grande,32.8568519,-111.7784376,0.0,29.59,3.762,3.8028,0.9892710634269486,False,False,False,NASA POWER Daily API,LST
2024-12-01,Lucid AMP 1 Casa Grande,32.8568519,-111.7784376,0.0,1.74,3.798,3.8148,0.9955960994023278,False,False,False,NASA POWER Daily API,LST
2024-12-02,Lucid AMP 1 Casa Grande,32.8568519,-111.7784376,0.0,0.36,3.8434,3.8443,0.99976588715761,False,False,False,NASA POWER Daily API,LST
2024-12-03,Lucid AMP 1 Casa Grande,32.8568519,-111.7784376,0.0,12.96,3.63,3.7222,0.9752297028638977,False,False,False,NASA POWER Daily API,LST
2024-12-04,Lucid AMP 1 Casa Grande,32.8568519,-111.7784376,0.0,0.31,3.671,3.6718,0.999782123209325,False,False,False,NASA POWER Daily API,LST
2024-12-05,Lucid AMP 1 Casa Grande,32.8568519,-111.7784376,0.01,17.73,3.5551,3.5964,0.9885162940718496,False,False,False,NASA POWER Daily API,LST
2024-12-06,Lucid AMP 1 Casa Grande,32.8568519,-111.7784376,0.05,15.73,3.5028,3.558,0.9844856661045532,False,False,False,NASA POWER Daily API,LST
2024-12-07,Lucid AMP 1 Casa Grande,32.8568519,-111.7784376,0.0,0.65,3.6883,3.6926,0.9988355088555488,False,False,False,NASA POWER Daily API,LST
2024-12-08,Lucid AMP 1 Casa Grande,32.8568519,-111.7784376,0.0,11.79,3.6118,3.7687,0.9583676068670895,False,False,False,NASA POWER Daily API,LST
2024-12-09,Lucid AMP 1 Casa Grande,32.8568519,-111.7784376,0.0,2.12,3.6713,3.6742,0.9992107125360623,False,False,False,NASA POWER Daily API,LST
2024-12-10,Lucid AMP 1 Casa Grande,32.8568519,-111.7784376,0.0,2.47,3.9996,4.0258,0.9934919767499627,False,False,False,NASA POWER Daily API,LST
2024-12-11,Lucid AMP 1 Casa Grande,32.8568519,-111.7784376,0.0,68.9,3.3626,3.9614,0.8488413187257031,False,False,False,NASA POWER Daily API,LST
2024-12-12,Lucid AMP 1 Casa Grande,32.8568519,-111.7784376,0.0,43.45,3.6257,3.8124,0.9510282236911133,False,False,False,NASA POWER Daily API,LST
2024-12-13,Lucid AMP 1 Casa Grande,32.8568519,-111.7784376,0.0,35.66,3.5398,3.6773,0.962608435536943,False,False,False,NASA POWER Daily API,LST
2024-12-14,Lucid AMP 1 Casa Grande,32.8568519,-111.7784376,0.0,46.18,3.2844,3.6878,0.8906122891696947,False,False,False,NASA POWER Daily API,LST
2024-12-15,Lucid AMP 1 Casa Grande,32.8568519,-111.7784376,0.0,18.9,3.7078,3.7438,0.9903841017148353,False,False,False,NASA POWER Daily API,LST
2024-12-16,Lucid AMP 1 Casa Grande,32.8568519,-111.7784376,0.0,14.39,3.5918,3.8431,0.9346100804038406,False,False,False,NASA POWER Daily API,LST
2024-12-17,Lucid AMP 1 Casa Grande,32.8568519,-111.7784376,0.0,51.48,3.1603,3.7548,0.8416693299243635,False,False,False,NASA POWER Daily API,LST
2024-12-18,Lucid AMP 1 Casa Grande,32.8568519,-111.7784376,0.0,19.18,3.6166,3.7426,0.9663335649014054,False,False,False,NASA POWER Daily API,LST
2024-12-19,Lucid AMP 1 Casa Grande,32.8568519,-111.7784376,0.0,17.48,3.6341,3.7032,0.9813404623028733,False,False,False,NASA POWER Daily API,LST
2024-12-20,Lucid AMP 1 Casa Grande,32.8568519,-111.7784376,0.0,15.7,3.6506,3.7318,0.9782410632938529,False,False,False,NASA POWER Daily API,LST
2024-12-21,Lucid AMP 1 Casa Grande,32.8568519,-111.7784376,0.0,15.49,3.7075,3.7697,0.983500013263655,False,False,False,NASA POWER Daily API,LST
2024-12-22,Lucid AMP 1 Casa Grande,32.8568519,-111.7784376,0.0,42.2,3.5738,3.7368,0.956379790194819,False,False,False,NASA POWER Daily API,LST
2024-12-23,Lucid AMP 1 Casa Grande,32.8568519,-111.7784376,0.0,40.61,3.4118,3.5947,0.9491195370962806,False,False,False,NASA POWER Daily API,LST
2024-12-24,Lucid AMP 1 Casa Grande,32.8568519,-111.7784376,0.0,27.02,3.5143,3.5777,0.982279117869022,False,False,False,NASA POWER Daily API,LST
2024-12-25,Lucid AMP 1 Casa Grande,32.8568519,-111.7784376,0.0,28.06,3.5674,3.6019,0.9904217218690136,False,False,False,NASA POWER Daily API,LST
2024-12-26,Lucid AMP 1 Casa Grande,32.8568519,-111.7784376,0.0,67.02,2.3114,3.6187,0.6387376682233951,False,False,False,NASA POWER Daily API,LST
2024-12-27,Lucid AMP 1 Casa Grande,32.8568519,-111.7784376,0.0,30.86,3.3456,3.6149,0.9255027801598938,False,False,False,NASA POWER Daily API,LST
2024-12-28,Lucid AMP 1 Casa Grande,32.8568519,-111.7784376,0.0,63.13,3.145,3.7075,0.8482805124747134,False,False,False,NASA POWER Daily API,LST
2024-12-29,Lucid AMP 1 Casa Grande,32.8568519,-111.7784376,0.0,19.95,3.8021,3.8172,0.9960442208948967,False,False,False,NASA POWER Daily API,LST
2024-12-30,Lucid AMP 1 Casa Grande,32.8568519,-111.7784376,0.0,1.1,3.8434,3.8489,0.9985710202915118,False,False,False,NASA POWER Daily API,LST
2024-12-31,Lucid AMP 1 Casa Grande,32.8568519,-111.7784376,0.0,35.52,3.5335,3.8326,0.921958983457705,False,False,False,NASA POWER Daily API,LST
2024-01-01,Rivian Normal,40.5092914,-89.0545444,0.0,88.62,1.1659,2.6455,0.44071064071064064,False,True,True,NASA POWER Daily API,LST
2024-01-02,Rivian Normal,40.5092914,-89.0545444,0.0,33.38,2.4554,2.5694,0.9556316649801511,False,False,False,NASA POWER Daily API,LST
2024-01-03,Rivian Normal,40.5092914,-89.0545444,0.0,97.47,0.6439,2.6314,0.2446986395074865,False,True,True,NASA POWER Daily API,LST
2024-01-04,Rivian Normal,40.5092914,-89.0545444,0.0,77.84,1.8499,2.7526,0.6720555111530916,False,False,False,NASA POWER Daily API,LST
2024-01-05,Rivian Normal,40.5092914,-89.0545444,1.41,98.93,1.6598,2.5757,0.6444073455759599,True,True,True,NASA POWER Daily API,LST
2024-01-06,Rivian Normal,40.5092914,-89.0545444,3.01,99.56,0.7562,2.4374,0.3102486255846394,True,True,True,NASA POWER Daily API,LST
2024-01-07,Rivian Normal,40.5092914,-89.0545444,0.43,97.2,0.8316,2.677,0.3106462457975345,False,True,True,NASA POWER Daily API,LST
2024-01-08,Rivian Normal,40.5092914,-89.0545444,4.97,99.86,1.169,2.6683,0.4381066596709516,True,True,True,NASA POWER Daily API,LST
2024-01-09,Rivian Normal,40.5092914,-89.0545444,17.16,99.08,0.816,2.5714,0.31733685929843664,True,True,True,NASA POWER Daily API,LST
2024-01-10,Rivian Normal,40.5092914,-89.0545444,0.05,98.13,0.9552,2.7852,0.34295562257647566,False,True,True,NASA POWER Daily API,LST
2024-01-11,Rivian Normal,40.5092914,-89.0545444,0.23,76.34,2.4449,2.861,0.8545613421880461,False,False,False,NASA POWER Daily API,LST
2024-01-12,Rivian Normal,40.5092914,-89.0545444,27.36,99.66,0.744,2.5226,0.2949337984619044,True,True,True,NASA POWER Daily API,LST
2024-01-13,Rivian Normal,40.5092914,-89.0545444,1.16,75.75,1.237,2.9434,0.4202622817150235,True,False,True,NASA POWER Daily API,LST
2024-01-14,Rivian Normal,40.5092914,-89.0545444,0.0,37.81,2.4242,3.1423,0.7714731247812112,False,False,False,NASA POWER Daily API,LST
2024-01-15,Rivian Normal,40.5092914,-89.0545444,0.04,68.32,2.454,3.1222,0.7859842418807252,False,False,False,NASA POWER Daily API,LST
2024-01-16,Rivian Normal,40.5092914,-89.0545444,0.01,29.97,2.9081,3.1982,0.909292727159027,False,False,False,NASA POWER Daily API,LST
2024-01-17,Rivian Normal,40.5092914,-89.0545444,0.0,60.22,2.6993,3.036,0.8890974967061923,False,False,False,NASA POWER Daily API,LST
2024-01-18,Rivian Normal,40.5092914,-89.0545444,1.35,98.0,2.2942,2.9042,0.7899593691894498,True,True,True,NASA POWER Daily API,LST
2024-01-19,Rivian Normal,40.5092914,-89.0545444,0.48,38.03,3.1522,3.2669,0.9648902629404023,False,False,False,NASA POWER Daily API,LST
2024-01-20,Rivian Normal,40.5092914,-89.0545444,0.0,10.71,3.1692,3.3182,0.9550961364595263,False,False,False,NASA POWER Daily API,LST
2024-01-21,Rivian Normal,40.5092914,-89.0545444,0.02,49.4,2.8109,3.1646,0.8882323200404475,False,False,False,NASA POWER Daily API,LST
2024-01-22,Rivian Normal,40.5092914,-89.0545444,8.64,99.98,0.8143,2.7314,0.29812550340484734,True,True,True,NASA POWER Daily API,LST
2024-01-23,Rivian Normal,40.5092914,-89.0545444,11.12,99.3,1.4136,2.9191,0.484258846904868,True,True,True,NASA POWER Daily API,LST
2024-01-24,Rivian Normal,40.5092914,-89.0545444,10.61,96.03,1.1249,2.8884,0.38945436920094173,True,True,True,NASA POWER Daily API,LST
2024-01-25,Rivian Normal,40.5092914,-89.0545444,14.09,98.74,0.9353,2.7818,0.33622115177223383,True,True,True,NASA POWER Daily API,LST
2024-01-26,Rivian Normal,40.5092914,-89.0545444,0.38,86.26,1.3308,3.1068,0.42835071456160684,False,True,True,NASA POWER Daily API,LST
2024-01-27,Rivian Normal,40.5092914,-89.0545444,6.56,97.65,0.7193,3.0545,0.23548862334260928,True,True,True,NASA POWER Daily API,LST
2024-01-28,Rivian Normal,40.5092914,-89.0545444,1.71,82.03,1.3099,3.2671,0.40093661044963425,True,True,True,NASA POWER Daily API,LST
2024-01-29,Rivian Normal,40.5092914,-89.0545444,0.26,71.08,1.9548,3.2734,0.5971772468992484,False,False,False,NASA POWER Daily API,LST
2024-01-30,Rivian Normal,40.5092914,-89.0545444,1.4,97.73,1.3889,3.3874,0.4100194839700065,True,True,True,NASA POWER Daily API,LST
2024-01-31,Rivian Normal,40.5092914,-89.0545444,0.0,73.8,1.4198,3.4466,0.41194220391110076,False,False,False,NASA POWER Daily API,LST
2024-02-01,Rivian Normal,40.5092914,-89.0545444,0.0,46.44,2.0626,3.2369,0.6372146189255152,False,False,False,NASA POWER Daily API,LST
2024-02-02,Rivian Normal,40.5092914,-89.0545444,0.0,84.1,2.2735,3.432,0.6624417249417249,False,True,True,NASA POWER Daily API,LST
2024-02-03,Rivian Normal,40.5092914,-89.0545444,0.0,39.63,3.5755,3.6286,0.9853662569586066,False,False,False,NASA POWER Daily API,LST
2024-02-04,Rivian Normal,40.5092914,-89.0545444,0.0,86.0,3.114,3.6398,0.8555415132699599,False,True,True,NASA POWER Daily API,LST
2024-02-05,Rivian Normal,40.5092914,-89.0545444,0.0,48.49,3.485,3.7073,0.9400372238556362,False,False,False,NASA POWER Daily API,LST
2024-02-06,Rivian Normal,40.5092914,-89.0545444,0.0,75.5,2.4463,3.6031,0.6789431323027393,False,False,False,NASA POWER Daily API,LST
2024-02-07,Rivian Normal,40.5092914,-89.0545444,0.0,95.55,1.9517,3.5386,0.5515458090770361,False,True,True,NASA POWER Daily API,LST
2024-02-08,Rivian Normal,40.5092914,-89.0545444,0.25,55.09,2.6522,3.5251,0.7523758191256986,False,False,False,NASA POWER Daily API,LST
2024-02-09,Rivian Normal,40.5092914,-89.0545444,0.02,28.59,3.0946,3.7063,0.8349566953565549,False,False,False,NASA POWER Daily API,LST
2024-02-10,Rivian Normal,40.5092914,-89.0545444,0.0,62.82,3.2906,3.9528,0.8324731835660798,False,False,False,NASA POWER Daily API,LST
2024-02-11,Rivian Normal,40.5092914,-89.0545444,0.0,30.33,3.6646,3.9463,0.9286166789144262,False,False,False,NASA POWER Daily API,LST
2024-02-12,Rivian Normal,40.5092914,-89.0545444,0.0,2.82,4.0169,4.0541,0.990824103993488,False,False,False,NASA POWER Daily API,LST
2024-02-13,Rivian Normal,40.5092914,-89.0545444,0.0,69.39,2.3102,3.9763,0.5809923798506149,False,False,False,NASA POWER Daily API,LST
2024-02-14,Rivian Normal,40.5092914,-89.0545444,0.0,36.82,3.972,4.02,0.9880597014925374,False,False,False,NASA POWER Daily API,LST
2024-02-15,Rivian Normal,40.5092914,-89.0545444,1.07,68.43,3.7562,4.2197,0.8901580681091075,True,False,True,NASA POWER Daily API,LST
2024-02-16,Rivian Normal,40.5092914,-89.0545444,4.25,78.78,1.0166,4.0894,0.24859392575928005,True,False,True,NASA POWER Daily API,LST
2024-02-17,Rivian Normal,40.5092914,-89.0545444,0.0,25.64,4.2118,4.5062,0.9346677910434513,False,False,False,NASA POWER Daily API,LST
2024-02-18,Rivian Normal,40.5092914,-89.0545444,0.0,8.91,4.374,4.4846,0.9753378227712615,False,False,False,NASA POWER Daily API,LST
2024-02-19,Rivian Normal,40.5092914,-89.0545444,0.0,10.99,4.3078,4.4251,0.9734921244717635,False,False,False,NASA POWER Daily API,LST
2024-02-20,Rivian Normal,40.5092914,-89.0545444,0.08,21.73,4.247,4.2974,0.9882719784055476,False,False,False,NASA POWER Daily API,LST
2024-02-21,Rivian Normal,40.5092914,-89.0545444,0.86,63.82,2.9167,4.0898,0.7131644579197026,False,False,False,NASA POWER Daily API,LST
2024-02-22,Rivian Normal,40.5092914,-89.0545444,6.21,55.37,3.6074,4.1184,0.8759226884226884,True,False,True,NASA POWER Daily API,LST
2024-02-23,Rivian Normal,40.5092914,-89.0545444,0.17,32.89,4.2617,4.3627,0.9768491988905953,False,False,False,NASA POWER Daily API,LST
2024-02-24,Rivian Normal,40.5092914,-89.0545444,0.0,23.15,4.7551,4.7741,0.9960201922875516,False,False,False,NASA POWER Daily API,LST
2024-02-25,Rivian Normal,40.5092914,-89.0545444,0.0,9.06,4.493,4.5065,0.9970043270831023,False,False,False,NASA POWER Daily API,LST
2024-02-26,Rivian Normal,40.5092914,-89.0545444,0.0,30.53,4.1743,4.3956,0.9496541996541996,False,False,False,NASA POWER Daily API,LST
2024-02-27,Rivian Normal,40.5092914,-89.0545444,0.7,34.13,3.9614,4.3675,0.9070177447052089,False,False,False,NASA POWER Daily API,LST
2024-02-28,Rivian Normal,40.5092914,-89.0545444,0.83,33.56,4.9639,5.1204,0.9694359815639403,False,False,False,NASA POWER Daily API,LST
2024-02-29,Rivian Normal,40.5092914,-89.0545444,0.0,8.66,4.9877,5.0117,0.9952112057784783,False,False,False,NASA POWER Daily API,LST
2024-03-01,Rivian Normal,40.5092914,-89.0545444,0.01,71.67,1.627,4.1825,0.3890017931858936,False,False,False,NASA POWER Daily API,LST
2024-03-02,Rivian Normal,40.5092914,-89.0545444,0.0,0.19,4.1772,4.769,0.8759068987209059,False,False,False,NASA POWER Daily API,LST
2024-03-03,Rivian Normal,40.5092914,-89.0545444,0.0,28.94,4.8146,4.8583,0.9910050840829098,False,False,False,NASA POWER Daily API,LST
2024-03-04,Rivian Normal,40.5092914,-89.0545444,0.47,63.61,3.4452,4.3714,0.7881227981882234,False,False,False,NASA POWER Daily API,LST
2024-03-05,Rivian Normal,40.5092914,-89.0545444,9.23,90.15,1.5276,4.6572,0.32800824529760375,True,True,True,NASA POWER Daily API,LST
2024-03-06,Rivian Normal,40.5092914,-89.0545444,0.21,54.49,3.6622,5.243,0.6984932290673278,False,False,False,NASA POWER Daily API,LST
2024-03-07,Rivian Normal,40.5092914,-89.0545444,0.69,97.63,1.4206,4.795,0.29626694473409804,False,True,True,NASA POWER Daily API,LST
2024-03-08,Rivian Normal,40.5092914,-89.0545444,25.39,95.87,1.1383,4.6073,0.24706444121285787,True,True,True,NASA POWER Daily API,LST
2024-03-09,Rivian Normal,40.5092914,-89.0545444,0.09,29.95,5.3719,5.4936,0.9778469491772245,False,False,False,NASA POWER Daily API,LST
2024-03-10,Rivian Normal,40.5092914,-89.0545444,0.0,0.39,5.6777,5.682,0.999243224216825,False,False,False,NASA POWER Daily API,LST
2024-03-11,Rivian Normal,40.5092914,-89.0545444,0.29,5.91,5.4398,5.4406,0.999852957394405,False,False,False,NASA POWER Daily API,LST
2024-03-12,Rivian Normal,40.5092914,-89.0545444,0.0,76.69,4.7057,5.183,0.9079104765579781,False,False,False,NASA POWER Daily API,LST
2024-03-13,Rivian Normal,40.5092914,-89.0545444,2.18,81.26,3.4181,4.9694,0.6878295166418481,True,True,True,NASA POWER Daily API,LST
2024-03-14,Rivian Normal,40.5092914,-89.0545444,9.18,81.56,3.648,4.8876,0.7463785907193715,True,True,True,NASA POWER Daily API,LST
2024-03-15,Rivian Normal,40.5092914,-89.0545444,0.7,36.17,5.399,5.5646,0.9702404485497609,False,False,False,NASA POWER Daily API,LST
2024-03-16,Rivian Normal,40.5092914,-89.0545444,0.03,17.85,4.9776,5.6772,0.8767702388501374,False,False,False,NASA POWER Daily API,LST
2024-03-17,Rivian Normal,40.5092914,-89.0545444,0.0,50.17,4.8418,6.0787,0.7965189925477486,False,False,False,NASA POWER Daily API,LST
2024-03-18,Rivian Normal,40.5092914,-89.0545444,0.0,49.46,4.3454,6.115,0.7106132461161079,False,False,False,NASA POWER Daily API,LST
2024-03-19,Rivian Normal,40.5092914,-89.0545444,0.0,12.47,5.7912,5.8699,0.9865926165692771,False,False,False,NASA POWER Daily API,LST
2024-03-20,Rivian Normal,40.5092914,-89.0545444,0.0,29.47,5.6897,6.1834,0.9201571950706732,False,False,False,NASA POWER Daily API,LST
2024-03-21,Rivian Normal,40.5092914,-89.0545444,0.0,54.62,5.1463,5.8339,0.8821371638183719,False,False,False,NASA POWER Daily API,LST
2024-03-22,Rivian Normal,40.5092914,-89.0545444,0.87,82.43,3.2422,5.341,0.6070398801722524,False,True,True,NASA POWER Daily API,LST
2024-03-23,Rivian Normal,40.5092914,-89.0545444,0.02,52.51,5.7341,6.1056,0.9391542190775681,False,False,False,NASA POWER Daily API,LST
2024-03-24,Rivian Normal,40.5092914,-89.0545444,0.01,91.13,4.548,5.8226,0.7810943564730533,False,True,True,NASA POWER Daily API,LST
2024-03-25,Rivian Normal,40.5092914,-89.0545444,6.64,99.54,1.2161,5.6131,0.21665389891503803,True,True,True,NASA POWER Daily API,LST
2024-03-26,Rivian Normal,40.5092914,-89.0545444,2.08,95.65,1.8444,6.1975,0.2976038725292457,True,True,True,NASA POWER Daily API,LST
2024-03-27,Rivian Normal,40.5092914,-89.0545444,0.02,47.11,6.2263,6.523,0.9545147938065308,False,False,False,NASA POWER Daily API,LST
2024-03-28,Rivian Normal,40.5092914,-89.0545444,0.03,47.61,5.5656,6.2282,0.8936129218714877,False,False,False,NASA POWER Daily API,LST
2024-03-29,Rivian Normal,40.5092914,-89.0545444,1.57,75.26,4.4839,5.8805,0.7625031885043789,True,False,True,NASA POWER Daily API,LST
2024-03-30,Rivian Normal,40.5092914,-89.0545444,1.01,65.96,5.483,6.1034,0.8983517383753318,True,False,True,NASA POWER Daily API,LST
2024-03-31,Rivian Normal,40.5092914,-89.0545444,7.8,79.26,4.5216,5.7677,0.7839520085996152,True,False,True,NASA POWER Daily API,LST
2024-04-01,Rivian Normal,40.5092914,-89.0545444,15.74,99.57,1.3406,5.5068,0.24344446865693325,True,True,True,NASA POWER Daily API,LST
2024-04-02,Rivian Normal,40.5092914,-89.0545444,17.56,95.49,2.1103,6.1759,0.34169918554380735,True,True,True,NASA POWER Daily API,LST
2024-04-03,Rivian Normal,40.5092914,-89.0545444,4.26,98.34,2.7446,6.7618,0.40589783785382594,True,True,True,NASA POWER Daily API,LST
2024-04-04,Rivian Normal,40.5092914,-89.0545444,2.66,99.03,2.1341,6.8462,0.3117203704244691,True,True,True,NASA POWER Daily API,LST
2024-04-05,Rivian Normal,40.5092914,-89.0545444,0.0,74.81,2.9947,6.9742,0.4293969200768547,False,False,False,NASA POWER Daily API,LST
2024-04-06,Rivian Normal,40.5092914,-89.0545444,0.0,1.39,7.0368,7.0426,0.9991764405191265,False,False,False,NASA POWER Daily API,LST
2024-04-07,Rivian Normal,40.5092914,-89.0545444,7.85,63.06,3.0655,6.1565,0.49792901811093965,True,False,True,NASA POWER Daily API,LST
2024-04-08,Rivian Normal,40.5092914,-89.0545444,0.01,23.39,6.8935,6.965,0.9897343862167983,False,False,False,NASA POWER Daily API,LST
2024-04-09,Rivian Normal,40.5092914,-89.0545444,0.0,57.2,6.6017,6.9926,0.9440980465063067,False,False,False,NASA POWER Daily API,LST
2024-04-10,Rivian Normal,40.5092914,-89.0545444,5.42,94.47,4.3464,6.7058,0.6481553282233291,True,True,True,NASA POWER Daily API,LST
2024-04-11,Rivian Normal,40.5092914,-89.0545444,11.33,92.66,3.486,6.5597,0.5314267420766193,True,True,True,NASA POWER Daily API,LST
2024-04-12,Rivian Normal,40.5092914,-89.0545444,1.78,28.61,7.0008,7.0994,0.9861115023804828,True,False,True,NASA POWER Daily API,LST
2024-04-13,Rivian Normal,40.5092914,-89.0545444,0.0,7.15,6.6574,6.9958,0.9516281197289802,False,False,False,NASA POWER Daily API,LST
2024-04-14,Rivian Normal,40.5092914,-89.0545444,0.0,12.63,6.8369,6.8686,0.9953847945724019,False,False,False,NASA POWER Daily API,LST
2024-04-15,Rivian Normal,40.5092914,-89.0545444,0.0,30.76,7.0428,7.1098,0.9905763875214493,False,False,False,NASA POWER Daily API,LST
2024-04-16,Rivian Normal,40.5092914,-89.0545444,1.12,60.42,3.204,6.1714,0.519169070227177,True,False,True,NASA POWER Daily API,LST
2024-04-17,Rivian Normal,40.5092914,-89.0545444,0.26,51.32,3.3358,7.2552,0.4597805711765354,False,False,False,NASA POWER Daily API,LST
2024-04-18,Rivian Normal,40.5092914,-89.0545444,14.47,79.41,2.849,6.4558,0.44130859072461975,True,False,True,NASA POWER Daily API,LST
2024-04-19,Rivian Normal,40.5092914,-89.0545444,0.0,47.93,5.743,7.4846,0.7673088742217353,False,False,False,NASA POWER Daily API,LST
2024-04-20,Rivian Normal,40.5092914,-89.0545444,0.0,51.12,5.9388,7.7609,0.7652205285469468,False,False,False,NASA POWER Daily API,LST
2024-04-21,Rivian Normal,40.5092914,-89.0545444,0.0,3.73,7.6478,7.6598,0.9984333794616048,False,False,False,NASA POWER Daily API,LST
2024-04-22,Rivian Normal,40.5092914,-89.0545444,0.0,55.17,6.7159,7.53,0.8918857901726428,False,False,False,NASA POWER Daily API,LST
2024-04-23,Rivian Normal,40.5092914,-89.0545444,16.74,65.91,3.0278,7.0579,0.4289944601085309,True,False,True,NASA POWER Daily API,LST
2024-04-24,Rivian Normal,40.5092914,-89.0545444,0.0,29.6,6.5998,7.679,0.8594608673004297,False,False,False,NASA POWER Daily API,LST
2024-04-25,Rivian Normal,40.5092914,-89.0545444,0.0,64.39,6.6518,7.572,0.878473322768093,False,False,False,NASA POWER Daily API,LST
2024-04-26,Rivian Normal,40.5092914,-89.0545444,18.81,96.82,1.2602,6.0377,0.2087218642860692,True,True,True,NASA POWER Daily API,LST
2024-04-27,Rivian Normal,40.5092914,-89.0545444,5.44,81.87,4.7066,6.9228,0.6798694169989022,True,True,True,NASA POWER Daily API,LST
2024-04-28,Rivian Normal,40.5092914,-89.0545444,19.83,97.21,3.4447,6.1855,0.5568991997413305,True,True,True,NASA POWER Daily API,LST
2024-04-29,Rivian Normal,40.5092914,-89.0545444,11.8,81.85,4.5271,7.5612,0.598727715177485,True,True,True,NASA POWER Daily API,LST
2024-04-30,Rivian Normal,40.5092914,-89.0545444,0.02,39.02,6.9031,7.5744,0.9113725179552177,False,False,False,NASA POWER Daily API,LST
2024-05-01,Rivian Normal,40.5092914,-89.0545444,1.49,63.89,7.2502,7.9471,0.9123076342313549,True,False,True,NASA POWER Daily API,LST
2024-05-02,Rivian Normal,40.5092914,-89.0545444,0.57,83.22,4.6915,6.6958,0.7006631022431972,False,True,True,NASA POWER Daily API,LST
2024-05-03,Rivian Normal,40.5092914,-89.0545444,1.67,66.04,6.3463,7.793,0.81435904016425,True,False,True,NASA POWER Daily API,LST
2024-05-04,Rivian Normal,40.5092914,-89.0545444,5.48,78.6,5.4593,7.2408,0.7539636504253673,True,False,True,NASA POWER Daily API,LST
2024-05-05,Rivian Normal,40.5092914,-89.0545444,0.12,64.98,6.9785,8.0597,0.8658510862687198,False,False,False,NASA POWER Daily API,LST
2024-05-06,Rivian Normal,40.5092914,-89.0545444,0.46,77.19,4.4916,7.3099,0.6144543701008222,False,False,False,NASA POWER Daily API,LST
2024-05-07,Rivian Normal,40.5092914,-89.0545444,6.4,49.71,5.5946,7.3505,0.7611182912727025,True,False,True,NASA POWER Daily API,LST
2024-05-08,Rivian Normal,40.5092914,-89.0545444,0.49,58.56,5.8793,7.7513,0.7584921239017971,False,False,False,NASA POWER Daily API,LST
2024-05-09,Rivian Normal,40.5092914,-89.0545444,4.23,91.73,2.3359,7.4119,0.3151553582752061,True,True,True,NASA POWER Daily API,LST
2024-05-10,Rivian Normal,40.5092914,-89.0545444,0.04,66.63,6.7255,7.957,0.8452306145532236,False,False,False,NASA POWER Daily API,LST
2024-05-11,Rivian Normal,40.5092914,-89.0545444,0.05,8.72,8.1768,8.2342,0.9930290738626704,False,False,False,NASA POWER Daily API,LST
2024-05-12,Rivian Normal,40.5092914,-89.0545444,0.0,18.55,7.429,7.9402,0.9356187501574268,False,False,False,NASA POWER Daily API,LST
2024-05-13,Rivian Normal,40.5092914,-89.0545444,31.84,86.17,4.3207,7.369,0.5863346451350252,True,True,True,NASA POWER Daily API,LST
2024-05-14,Rivian Normal,40.5092914,-89.0545444,4.44,95.18,2.7833,7.381,0.377089825226934,True,True,True,NASA POWER Daily API,LST
2024-05-15,Rivian Normal,40.5092914,-89.0545444,0.42,42.98,7.139,7.8679,0.9073577447603555,False,False,False,NASA POWER Daily API,LST
2024-05-16,Rivian Normal,40.5092914,-89.0545444,7.15,95.98,2.9731,7.5204,0.39533801393542894,True,True,True,NASA POWER Daily API,LST
2024-05-17,Rivian Normal,40.5092914,-89.0545444,0.39,34.1,7.2389,7.9282,0.9130571882646754,False,False,False,NASA POWER Daily API,LST
2024-05-18,Rivian Normal,40.5092914,-89.0545444,0.02,6.73,7.7563,7.8862,0.9835281884811444,False,False,False,NASA POWER Daily API,LST
2024-05-19,Rivian Normal,40.5092914,-89.0545444,2.12,49.82,6.9586,7.9231,0.8782673448523937,True,False,True,NASA POWER Daily API,LST
2024-05-20,Rivian Normal,40.5092914,-89.0545444,1.14,59.83,5.5805,7.5182,0.7422654358756084,True,False,True,NASA POWER Daily API,LST
2024-05-21,Rivian Normal,40.5092914,-89.0545444,1.08,55.58,6.9403,7.6366,0.9088206793599246,True,False,True,NASA POWER Daily API,LST
2024-05-22,Rivian Normal,40.5092914,-89.0545444,0.77,9.49,8.1221,8.3446,0.9733360496608585,False,False,False,NASA POWER Daily API,LST
2024-05-23,Rivian Normal,40.5092914,-89.0545444,0.01,9.16,7.9673,8.3234,0.9572170026671794,False,False,False,NASA POWER Daily API,LST
2024-05-24,Rivian Normal,40.5092914,-89.0545444,9.55,86.9,2.4029,7.3138,0.3285433017036287,True,True,True,NASA POWER Daily API,LST
2024-05-25,Rivian Normal,40.5092914,-89.0545444,12.6,30.97,8.3326,8.6978,0.9580123709443765,True,False,True,NASA POWER Daily API,LST
2024-05-26,Rivian Normal,40.5092914,-89.0545444,21.25,74.36,5.6218,7.573,0.742347814604516,True,False,True,NASA POWER Daily API,LST
2024-05-27,Rivian Normal,40.5092914,-89.0545444,1.6,33.22,8.0342,8.2685,0.9716635423595574,True,False,True,NASA POWER Daily API,LST
2024-05-28,Rivian Normal,40.5092914,-89.0545444,0.9,17.75,7.3622,8.2349,0.8940242140159564,False,False,False,NASA POWER Daily API,LST
2024-05-29,Rivian Normal,40.5092914,-89.0545444,0.31,17.18,7.4666,8.3753,0.8915023939440976,False,False,False,NASA POWER Daily API,LST
2024-05-30,Rivian Normal,40.5092914,-89.0545444,0.0,30.78,8.4101,8.5495,0.9836949529212234,False,False,False,NASA POWER Daily API,LST
2024-05-31,Rivian Normal,40.5092914,-89.0545444,0.0,91.25,7.3435,8.1778,0.8979798967937588,False,True,True,NASA POWER Daily API,LST
2024-06-01,Rivian Normal,40.5092914,-89.0545444,6.06,96.84,2.9902,7.8202,0.38236873737244575,True,True,True,NASA POWER Daily API,LST
2024-06-02,Rivian Normal,40.5092914,-89.0545444,0.29,69.41,5.2874,8.3054,0.6366219567991909,False,False,False,NASA POWER Daily API,LST
2024-06-03,Rivian Normal,40.5092914,-89.0545444,0.76,78.9,6.8477,7.632,0.8972353249475891,False,False,False,NASA POWER Daily API,LST
2024-06-04,Rivian Normal,40.5092914,-89.0545444,7.91,94.76,4.2422,7.3829,0.5745980576738139,True,True,True,NASA POWER Daily API,LST
2024-06-05,Rivian Normal,40.5092914,-89.0545444,11.42,46.94,6.3317,8.3995,0.7538186796833145,True,False,True,NASA POWER Daily API,LST
2024-06-06,Rivian Normal,40.5092914,-89.0545444,0.23,8.36,8.7096,8.7221,0.9985668588986598,False,False,False,NASA POWER Daily API,LST
2024-06-07,Rivian Normal,40.5092914,-89.0545444,0.0,40.21,7.7662,8.6213,0.9008154222681035,False,False,False,NASA POWER Daily API,LST
2024-06-08,Rivian Normal,40.5092914,-89.0545444,0.06,83.72,4.1047,7.9015,0.5194836423463899,False,True,True,NASA POWER Daily API,LST
2024-06-09,Rivian Normal,40.5092914,-89.0545444,0.0,38.38,7.8343,8.6503,0.9056680115140515,False,False,False,NASA POWER Daily API,LST
2024-06-10,Rivian Normal,40.5092914,-89.0545444,0.0,32.8,7.5648,8.7274,0.8667873593510095,False,False,False,NASA POWER Daily API,LST
2024-06-11,Rivian Normal,40.5092914,-89.0545444,0.0,15.89,8.1895,8.6904,0.9423616864586211,False,False,False,NASA POWER Daily API,LST
2024-06-12,Rivian Normal,40.5092914,-89.0545444,0.0,20.17,7.9411,8.346,0.9514857416726575,False,False,False,NASA POWER Daily API,LST
2024-06-13,Rivian Normal,40.5092914,-89.0545444,1.2,60.56,6.809,8.0237,0.848610989942296,True,False,True,NASA POWER Daily API,LST
2024-06-14,Rivian Normal,40.5092914,-89.0545444,13.56,19.8,8.5368,8.58,0.9949650349650349,True,False,True,NASA POWER Daily API,LST
2024-06-15,Rivian Normal,40.5092914,-89.0545444,0.0,64.9,6.5256,8.184,0.7973607038123167,False,False,False,NASA POWER Daily API,LST
2024-06-16,Rivian Normal,40.5092914,-89.0545444,0.0,37.49,7.2062,7.7606,0.9285622245702652,False,False,False,NASA POWER Daily API,LST
2024-06-17,Rivian Normal,40.5092914,-89.0545444,0.39,33.92,7.3471,7.7957,0.9424554562130405,False,False,False,NASA POWER Daily API,LST
2024-06-18,Rivian Normal,40.5092914,-89.0545444,0.55,50.42,7.4186,8.083,0.9178027959915872,False,False,False,NASA POWER Daily API,LST
2024-06-19,Rivian Normal,40.5092914,-89.0545444,0.03,25.4,7.4148,7.8329,0.9466225791213981,False,False,False,NASA POWER Daily API,LST
2024-06-20,Rivian Normal,40.5092914,-89.0545444,0.03,15.19,7.404,7.8096,0.9480639213275969,False,False,False,NASA POWER Daily API,LST
2024-06-21,Rivian Normal,40.5092914,-89.0545444,0.0,25.11,7.7162,8.1312,0.9489620228256592,False,False,False,NASA POWER Daily API,LST
2024-06-22,Rivian Normal,40.5092914,-89.0545444,0.16,83.88,5.9779,7.907,0.7560263058049829,False,True,True,NASA POWER Daily API,LST
2024-06-23,Rivian Normal,40.5092914,-89.0545444,9.58,22.75,8.0966,8.467,0.9562536907995748,True,False,True,NASA POWER Daily API,LST
2024-06-24,Rivian Normal,40.5092914,-89.0545444,0.04,19.71,7.6289,8.1622,0.9346622234201563,False,False,False,NASA POWER Daily API,LST
2024-06-25,Rivian Normal,40.5092914,-89.0545444,5.13,74.85,1.333,7.8766,0.16923545692303785,True,False,True,NASA POWER Daily API,LST
2024-06-26,Rivian Normal,40.5092914,-89.0545444,2.56,58.84,4.5338,8.1106,0.5589968682958105,True,False,True,NASA POWER Daily API,LST
2024-06-27,Rivian Normal,40.5092914,-89.0545444,0.0,33.9,8.1038,8.411,0.9634763999524433,False,False,False,NASA POWER Daily API,LST
2024-06-28,Rivian Normal,40.5092914,-89.0545444,2.01,96.28,2.73,7.4666,0.36562826453807623,True,True,True,NASA POWER Daily API,LST
2024-06-29,Rivian Normal,40.5092914,-89.0545444,3.86,51.16,6.4349,8.0201,0.8023466041570555,True,False,True,NASA POWER Daily API,LST
2024-06-30,Rivian Normal,40.5092914,-89.0545444,0.0,1.25,8.6966,8.753,0.9935564949160288,False,False,False,NASA POWER Daily API,LST
2024-07-01,Rivian Normal,40.5092914,-89.0545444,0.0,46.91,7.4287,8.4485,0.8792921820441499,False,False,False,NASA POWER Daily API,LST
2024-07-02,Rivian Normal,40.5092914,-89.0545444,0.0,62.67,7.4434,8.0635,0.9230979103367024,False,False,False,NASA POWER Daily API,LST
2024-07-03,Rivian Normal,40.5092914,-89.0545444,1.19,96.14,4.8559,8.1257,0.5975977454250095,True,True,True,NASA POWER Daily API,LST
2024-07-04,Rivian Normal,40.5092914,-89.0545444,5.61,68.39,4.3322,7.8365,0.552823326740254,True,False,True,NASA POWER Daily API,LST
2024-07-05,Rivian Normal,40.5092914,-89.0545444,2.01,39.42,7.3279,8.2318,0.8901941252217012,True,False,True,NASA POWER Daily API,LST
2024-07-06,Rivian Normal,40.5092914,-89.0545444,0.05,9.78,7.7326,8.1456,0.9492977803967786,False,False,False,NASA POWER Daily API,LST
2024-07-07,Rivian Normal,40.5092914,-89.0545444,0.12,50.99,6.9511,7.8523,0.8852310787922011,False,False,False,NASA POWER Daily API,LST
2024-07-08,Rivian Normal,40.5092914,-89.0545444,1.13,88.13,6.0475,7.7443,0.7808969177330424,True,True,True,NASA POWER Daily API,LST
2024-07-09,Rivian Normal,40.5092914,-89.0545444,54.93,99.67,1.8509,7.9327,0.2333253495026914,True,True,True,NASA POWER Daily API,LST
2024-07-10,Rivian Normal,40.5092914,-89.0545444,14.85,57.52,7.0637,7.5427,0.9364948890980683,True,False,True,NASA POWER Daily API,LST
2024-07-11,Rivian Normal,40.5092914,-89.0545444,2.64,36.63,6.2131,7.5209,0.8261112366870986,True,False,True,NASA POWER Daily API,LST
2024-07-12,Rivian Normal,40.5092914,-89.0545444,0.03,8.22,7.4172,7.5996,0.9759987367756199,False,False,False,NASA POWER Daily API,LST
2024-07-13,Rivian Normal,40.5092914,-89.0545444,0.23,25.43,6.9732,7.4642,0.9342193403177836,False,False,False,NASA POWER Daily API,LST
2024-07-14,Rivian Normal,40.5092914,-89.0545444,8.44,53.18,6.6547,7.6085,0.8746402050338437,True,False,True,NASA POWER Daily API,LST
2024-07-15,Rivian Normal,40.5092914,-89.0545444,14.2,54.63,6.8122,7.1654,0.9507075669188042,True,False,True,NASA POWER Daily API,LST
2024-07-16,Rivian Normal,40.5092914,-89.0545444,5.93,95.59,2.7504,7.17,0.38359832635983265,True,True,True,NASA POWER Daily API,LST
2024-07-17,Rivian Normal,40.5092914,-89.0545444,0.03,6.44,8.0839,8.136,0.9935963618485744,False,False,False,NASA POWER Daily API,LST
2024-07-18,Rivian Normal,40.5092914,-89.0545444,0.0,21.98,7.0826,8.009,0.884330128605319,False,False,False,NASA POWER Daily API,LST
2024-07-19,Rivian Normal,40.5092914,-89.0545444,0.0,15.1,7.5163,8.0791,0.9303387753586414,False,False,False,NASA POWER Daily API,LST
2024-07-20,Rivian Normal,40.5092914,-89.0545444,0.0,78.88,5.8776,7.2122,0.8149524416960151,False,False,False,NASA POWER Daily API,LST
2024-07-21,Rivian Normal,40.5092914,-89.0545444,0.0,84.36,5.0606,7.3176,0.6915655406144091,False,True,True,NASA POWER Daily API,LST
2024-07-22,Rivian Normal,40.5092914,-89.0545444,0.45,46.11,6.3919,7.3421,0.8705819860802767,False,False,False,NASA POWER Daily API,LST
2024-07-23,Rivian Normal,40.5092914,-89.0545444,1.97,20.74,6.4906,6.6372,0.9779123726872777,True,False,True,NASA POWER Daily API,LST
2024-07-24,Rivian Normal,40.5092914,-89.0545444,6.63,52.17,4.8235,6.6026,0.7305455426650108,True,False,True,NASA POWER Daily API,LST
2024-07-25,Rivian Normal,40.5092914,-89.0545444,0.37,51.55,5.9198,7.0536,0.8392593852784394,False,False,False,NASA POWER Daily API,LST
2024-07-26,Rivian Normal,40.5092914,-89.0545444,0.04,4.44,7.189,7.2166,0.996175484300086,False,False,False,NASA POWER Daily API,LST
2024-07-27,Rivian Normal,40.5092914,-89.0545444,1.36,57.27,6.0156,7.4028,0.8126114443183661,True,False,True,NASA POWER Daily API,LST
2024-07-28,Rivian Normal,40.5092914,-89.0545444,7.01,65.91,5.9074,7.0555,0.8372758840620792,True,False,True,NASA POWER Daily API,LST
2024-07-29,Rivian Normal,40.5092914,-89.0545444,9.65,58.17,4.8926,6.8664,0.7125422346498893,True,False,True,NASA POWER Daily API,LST
2024-07-30,Rivian Normal,40.5092914,-89.0545444,0.37,34.18,5.4996,6.9864,0.7871865338371694,False,False,False,NASA POWER Daily API,LST
2024-07-31,Rivian Normal,40.5092914,-89.0545444,19.02,71.06,3.8016,7.2494,0.524402019477474,True,False,True,NASA POWER Daily API,LST
2024-08-01,Rivian Normal,40.5092914,-89.0545444,7.49,63.38,5.0371,6.9427,0.7255246517925302,True,False,True,NASA POWER Daily API,LST
2024-08-02,Rivian Normal,40.5092914,-89.0545444,1.38,42.39,6.0288,7.2958,0.8263384412949917,True,False,True,NASA POWER Daily API,LST
2024-08-03,Rivian Normal,40.5092914,-89.0545444,0.02,12.91,6.8825,7.4606,0.9225129346165187,False,False,False,NASA POWER Daily API,LST
2024-08-04,Rivian Normal,40.5092914,-89.0545444,0.19,44.35,6.7056,7.0315,0.9536514257270852,False,False,False,NASA POWER Daily API,LST
2024-08-05,Rivian Normal,40.5092914,-89.0545444,0.83,23.36,6.6523,6.8738,0.9677761936628939,False,False,False,NASA POWER Daily API,LST
2024-08-06,Rivian Normal,40.5092914,-89.0545444,0.0,76.55,2.423,7.2173,0.33572111454422016,False,False,False,NASA POWER Daily API,LST
2024-08-07,Rivian Normal,40.5092914,-89.0545444,0.0,62.29,4.3622,7.4885,0.5825198637911464,False,False,False,NASA POWER Daily API,LST
2024-08-08,Rivian Normal,40.5092914,-89.0545444,0.0,42.84,6.3386,7.0834,0.894852754327018,False,False,False,NASA POWER Daily API,LST
2024-08-09,Rivian Normal,40.5092914,-89.0545444,0.0,35.1,5.5886,7.2216,0.7738728259665448,False,False,False,NASA POWER Daily API,LST
2024-08-10,Rivian Normal,40.5092914,-89.0545444,0.0,15.2,7.1138,7.5418,0.9432496221061285,False,False,False,NASA POWER Daily API,LST
2024-08-11,Rivian Normal,40.5092914,-89.0545444,0.0,31.86,6.7457,7.403,0.9112116709442118,False,False,False,NASA POWER Daily API,LST
2024-08-12,Rivian Normal,40.5092914,-89.0545444,0.1,75.92,3.1282,6.8042,0.45974545133887895,False,False,False,NASA POWER Daily API,LST
2024-08-13,Rivian Normal,40.5092914,-89.0545444,0.0,62.38,5.694,7.1419,0.7972668337557233,False,False,False,NASA POWER Daily API,LST
2024-08-14,Rivian Normal,40.5092914,-89.0545444,0.0,74.52,4.3586,6.6072,0.6596742947088026,False,False,False,NASA POWER Daily API,LST
2024-08-15,Rivian Normal,40.5092914,-89.0545444,17.77,88.44,3.1891,6.2558,0.5097829214488954,True,True,True,NASA POWER Daily API,LST
2024-08-16,Rivian Normal,40.5092914,-89.0545444,22.86,36.38,6.5885,6.6871,0.9852551928339639,True,False,True,NASA POWER Daily API,LST
2024-08-17,Rivian Normal,40.5092914,-89.0545444,3.04,51.81,4.4417,6.8621,0.6472799871759374,True,False,True,NASA POWER Daily API,LST
2024-08-18,Rivian Normal,40.5092914,-89.0545444,0.36,38.84,5.3664,6.7927,0.7900245852164823,False,False,False,NASA POWER Daily API,LST
2024-08-19,Rivian Normal,40.5092914,-89.0545444,0.0,18.53,6.2378,6.847,0.9110267270337373,False,False,False,NASA POWER Daily API,LST
2024-08-20,Rivian Normal,40.5092914,-89.0545444,0.0,50.05,5.9369,7.0594,0.8409921523075615,False,False,False,NASA POWER Daily API,LST
2024-08-21,Rivian Normal,40.5092914,-89.0545444,0.0,36.73,6.3804,7.1189,0.896262062959165,False,False,False,NASA POWER Daily API,LST
2024-08-22,Rivian Normal,40.5092914,-89.0545444,0.0,41.28,6.7834,7.031,0.964784525672024,False,False,False,NASA POWER Daily API,LST
2024-08-23,Rivian Normal,40.5092914,-89.0545444,0.0,25.99,6.5167,6.8822,0.9468919822149894,False,False,False,NASA POWER Daily API,LST
2024-08-24,Rivian Normal,40.5092914,-89.0545444,0.0,54.49,5.8339,6.335,0.9208997632202052,False,False,False,NASA POWER Daily API,LST
2024-08-25,Rivian Normal,40.5092914,-89.0545444,0.0,31.05,5.9263,6.437,0.9206617989746777,False,False,False,NASA POWER Daily API,LST
2024-08-26,Rivian Normal,40.5092914,-89.0545444,0.0,3.24,6.4903,6.5018,0.9982312590359593,False,False,False,NASA POWER Daily API,LST
2024-08-27,Rivian Normal,40.5092914,-89.0545444,19.6,25.8,6.3994,6.4742,0.9884464489821136,True,False,True,NASA POWER Daily API,LST
2024-08-28,Rivian Normal,40.5092914,-89.0545444,2.99,72.3,4.9404,6.2954,0.7847634780951172,True,False,True,NASA POWER Daily API,LST
2024-08-29,Rivian Normal,40.5092914,-89.0545444,0.01,12.59,6.1414,6.2083,0.9892241032166615,False,False,False,NASA POWER Daily API,LST
2024-08-30,Rivian Normal,40.5092914,-89.0545444,2.53,84.71,4.5655,5.9292,0.7700026985090738,True,True,True,NASA POWER Daily API,LST
2024-08-31,Rivian Normal,40.5092914,-89.0545444,10.03,31.55,6.3852,6.8328,0.9344924481910784,True,False,True,NASA POWER Daily API,LST
2024-09-01,Rivian Normal,40.5092914,-89.0545444,0.0,3.26,6.5606,6.6492,0.986675088732479,False,False,False,NASA POWER Daily API,LST
2024-09-02,Rivian Normal,40.5092914,-89.0545444,0.0,12.69,6.8592,6.8683,0.9986750724342269,False,False,False,NASA POWER Daily API,LST
2024-09-03,Rivian Normal,40.5092914,-89.0545444,0.0,32.34,6.7411,6.8014,0.9911341782574177,False,False,False,NASA POWER Daily API,LST
2024-09-04,Rivian Normal,40.5092914,-89.0545444,0.0,3.81,6.5974,6.6014,0.9993940679249856,False,False,False,NASA POWER Daily API,LST
2024-09-05,Rivian Normal,40.5092914,-89.0545444,1.24,36.02,6.2158,6.3929,0.9722973924197156,True,False,True,NASA POWER Daily API,LST
2024-09-06,Rivian Normal,40.5092914,-89.0545444,0.7,46.95,5.3489,6.253,0.8554134015672478,False,False,False,NASA POWER Daily API,LST
2024-09-07,Rivian Normal,40.5092914,-89.0545444,0.0,2.37,6.7157,6.7217,0.9991073686716158,False,False,False,NASA POWER Daily API,LST
2024-09-08,Rivian Normal,40.5092914,-89.0545444,0.0,17.18,6.0355,6.1706,0.9781058568048487,False,False,False,NASA POWER Daily API,LST
2024-09-09,Rivian Normal,40.5092914,-89.0545444,0.0,0.03,5.7734,6.1037,0.9458852826973803,False,False,False,NASA POWER Daily API,LST
2024-09-10,Rivian Normal,40.5092914,-89.0545444,0.0,1.08,5.921,5.9232,0.9996285791464075,False,False,False,NASA POWER Daily API,LST
2024-09-11,Rivian Normal,40.5092914,-89.0545444,0.0,11.02,5.5123,5.5315,0.9965289704420138,False,False,False,NASA POWER Daily API,LST
2024-09-12,Rivian Normal,40.5092914,-89.0545444,0.0,51.32,5.5567,5.8978,0.9421648750381498,False,False,False,NASA POWER Daily API,LST
2024-09-13,Rivian Normal,40.5092914,-89.0545444,0.05,96.63,2.8738,5.6729,0.5065839341430309,False,True,True,NASA POWER Daily API,LST
2024-09-14,Rivian Normal,40.5092914,-89.0545444,0.0,65.03,5.293,5.7602,0.9188917051491268,False,False,False,NASA POWER Daily API,LST
2024-09-15,Rivian Normal,40.5092914,-89.0545444,0.0,95.22,4.338,5.5315,0.7842357407574798,False,True,True,NASA POWER Daily API,LST
2024-09-16,Rivian Normal,40.5092914,-89.0545444,0.0,64.31,4.8859,5.6566,0.8637520772195312,False,False,False,NASA POWER Daily API,LST
2024-09-17,Rivian Normal,40.5092914,-89.0545444,0.0,0.1,5.7744,5.7766,0.9996191531350621,False,False,False,NASA POWER Daily API,LST
2024-09-18,Rivian Normal,40.5092914,-89.0545444,0.0,48.14,5.1636,5.6071,0.9209038540421964,False,False,False,NASA POWER Daily API,LST
2024-09-19,Rivian Normal,40.5092914,-89.0545444,0.0,9.79,5.55,5.5687,0.9966419451577567,False,False,False,NASA POWER Daily API,LST
2024-09-20,Rivian Normal,40.5092914,-89.0545444,1.65,27.56,5.2562,5.3772,0.9774975823848843,True,False,True,NASA POWER Daily API,LST
2024-09-21,Rivian Normal,40.5092914,-89.0545444,0.28,69.29,2.9047,5.3911,0.5387954220845468,False,False,False,NASA POWER Daily API,LST
2024-09-22,Rivian Normal,40.5092914,-89.0545444,7.13,99.51,1.871,4.9087,0.38115998125776684,True,True,True,NASA POWER Daily API,LST
2024-09-23,Rivian Normal,40.5092914,-89.0545444,27.29,96.35,1.1621,5.0309,0.2309924665566797,True,True,True,NASA POWER Daily API,LST
2024-09-24,Rivian Normal,40.5092914,-89.0545444,4.53,95.8,2.3549,5.1427,0.4579112139537598,True,True,True,NASA POWER Daily API,LST
2024-09-25,Rivian Normal,40.5092914,-89.0545444,0.1,17.32,5.2692,5.3959,0.9765192090290775,False,False,False,NASA POWER Daily API,LST
2024-09-26,Rivian Normal,40.5092914,-89.0545444,0.0,17.74,5.303,5.3628,0.988849108674573,False,False,False,NASA POWER Daily API,LST
2024-09-27,Rivian Normal,40.5092914,-89.0545444,3.97,99.71,1.619,5.1662,0.3133831442839998,True,True,True,NASA POWER Daily API,LST
2024-09-28,Rivian Normal,40.5092914,-89.0545444,0.84,98.49,1.9618,4.9927,0.39293368317743904,False,True,True,NASA POWER Daily API,LST
2024-09-29,Rivian Normal,40.5092914,-89.0545444,0.16,50.04,3.3955,5.0892,0.6671972019177868,False,False,False,NASA POWER Daily API,LST
2024-09-30,Rivian Normal,40.5092914,-89.0545444,0.02,38.0,3.6283,5.011,0.724067052484534,False,False,False,NASA POWER Daily API,LST
2024-10-01,Rivian Normal,40.5092914,-89.0545444,0.0,37.09,5.2615,5.3671,0.9803245700657711,False,False,False,NASA POWER Daily API,LST
2024-10-02,Rivian Normal,40.5092914,-89.0545444,0.0,25.78,5.2121,5.2495,0.9928755119535194,False,False,False,NASA POWER Daily API,LST
2024-10-03,Rivian Normal,40.5092914,-89.0545444,0.0,10.28,4.9042,5.0554,0.9700913874273056,False,False,False,NASA POWER Daily API,LST
2024-10-04,Rivian Normal,40.5092914,-89.0545444,0.46,67.2,3.2736,4.733,0.6916543418550603,False,False,False,NASA POWER Daily API,LST
2024-10-05,Rivian Normal,40.5092914,-89.0545444,1.02,8.53,4.5797,4.6582,0.9831479970804173,True,False,True,NASA POWER Daily API,LST
2024-10-06,Rivian Normal,40.5092914,-89.0545444,0.0,0.28,5.0357,5.0374,0.9996625243181007,False,False,False,NASA POWER Daily API,LST
2024-10-07,Rivian Normal,40.5092914,-89.0545444,0.0,0.22,5.0693,5.0693,1.0,False,False,False,NASA POWER Daily API,LST
2024-10-08,Rivian Normal,40.5092914,-89.0545444,0.0,0.37,4.8919,4.897,0.9989585460486011,False,False,False,NASA POWER Daily API,LST
2024-10-09,Rivian Normal,40.5092914,-89.0545444,0.0,0.02,4.5218,4.7232,0.9573594173441733,False,False,False,NASA POWER Daily API,LST
2024-10-10,Rivian Normal,40.5092914,-89.0545444,0.0,0.04,4.6339,4.6342,0.9999352639074705,False,False,False,NASA POWER Daily API,LST
2024-10-11,Rivian Normal,40.5092914,-89.0545444,0.0,21.9,4.4736,4.523,0.9890780455449923,False,False,False,NASA POWER Daily API,LST
2024-10-12,Rivian Normal,40.5092914,-89.0545444,0.14,46.72,3.5232,3.8273,0.9205445091840201,False,False,False,NASA POWER Daily API,LST
2024-10-13,Rivian Normal,40.5092914,-89.0545444,0.04,32.43,4.2864,4.591,0.9336527989544762,False,False,False,NASA POWER Daily API,LST
2024-10-14,Rivian Normal,40.5092914,-89.0545444,0.02,68.38,3.4757,4.5538,0.7632526681013658,False,False,False,NASA POWER Daily API,LST
2024-10-15,Rivian Normal,40.5092914,-89.0545444,0.74,32.15,3.7337,4.5898,0.8134777114471218,False,False,False,NASA POWER Daily API,LST
2024-10-16,Rivian Normal,40.5092914,-89.0545444,0.0,6.76,4.6327,4.6747,0.9910154662331273,False,False,False,NASA POWER Daily API,LST
2024-10-17,Rivian Normal,40.5092914,-89.0545444,0.0,2.65,4.6289,4.6356,0.9985546639054275,False,False,False,NASA POWER Daily API,LST
2024-10-18,Rivian Normal,40.5092914,-89.0545444,0.0,1.11,4.5216,4.5242,0.9994253127624773,False,False,False,NASA POWER Daily API,LST
2024-10-19,Rivian Normal,40.5092914,-89.0545444,0.0,8.27,4.4047,4.4237,0.995704952867509,False,False,False,NASA POWER Daily API,LST
2024-10-20,Rivian Normal,40.5092914,-89.0545444,0.0,0.5,3.9096,4.1215,0.9485866796069392,False,False,False,NASA POWER Daily API,LST
2024-10-21,Rivian Normal,40.5092914,-89.0545444,0.0,22.98,3.9662,4.1016,0.9669884922956894,False,False,False,NASA POWER Daily API,LST
2024-10-22,Rivian Normal,40.5092914,-89.0545444,0.14,36.75,2.7005,3.8566,0.7002281802624073,False,False,False,NASA POWER Daily API,LST
2024-10-23,Rivian Normal,40.5092914,-89.0545444,0.55,35.75,3.1198,4.1472,0.7522665895061729,False,False,False,NASA POWER Daily API,LST
2024-10-24,Rivian Normal,40.5092914,-89.0545444,3.87,27.02,4.0524,4.1227,0.9829480680136803,True,False,True,NASA POWER Daily API,LST
2024-10-25,Rivian Normal,40.5092914,-89.0545444,0.66,53.09,2.9378,3.6886,0.7964539391639105,False,False,False,NASA POWER Daily API,LST
2024-10-26,Rivian Normal,40.5092914,-89.0545444,0.0,31.44,4.0805,4.153,0.9825427401878161,False,False,False,NASA POWER Daily API,LST
2024-10-27,Rivian Normal,40.5092914,-89.0545444,0.0,21.54,3.9655,4.0526,0.9785076247347382,False,False,False,NASA POWER Daily API,LST
2024-10-28,Rivian Normal,40.5092914,-89.0545444,0.0,98.03,2.3314,3.6468,0.6393002084018866,False,True,True,NASA POWER Daily API,LST
2024-10-29,Rivian Normal,40.5092914,-89.0545444,0.0,78.23,3.1711,3.6451,0.8699624152972484,False,False,False,NASA POWER Daily API,LST
2024-10-30,Rivian Normal,40.5092914,-89.0545444,0.01,83.41,2.7948,3.5551,0.7861382239599448,False,True,True,NASA POWER Daily API,LST
2024-10-31,Rivian Normal,40.5092914,-89.0545444,10.26,75.35,2.0078,3.6929,0.5436919494164478,True,False,True,NASA POWER Daily API,LST
2024-11-01,Rivian Normal,40.5092914,-89.0545444,0.0,3.04,3.7901,3.8126,0.994098515448775,False,False,False,NASA POWER Daily API,LST
2024-11-02,Rivian Normal,40.5092914,-89.0545444,0.02,33.44,3.3506,3.5395,0.9466308800678063,False,False,False,NASA POWER Daily API,LST
2024-11-03,Rivian Normal,40.5092914,-89.0545444,3.53,99.51,0.7332,2.8378,0.25836915920783704,True,True,True,NASA POWER Daily API,LST
2024-11-04,Rivian Normal,40.5092914,-89.0545444,54.08,99.8,1.2497,2.8934,0.43191401119789863,True,True,True,NASA POWER Daily API,LST
2024-11-05,Rivian Normal,40.5092914,-89.0545444,10.98,77.96,0.7392,3.1042,0.23812898653437278,True,False,True,NASA POWER Daily API,LST
2024-11-06,Rivian Normal,40.5092914,-89.0545444,0.03,85.11,1.1902,3.4337,0.3466231761656522,False,True,True,NASA POWER Daily API,LST
2024-11-07,Rivian Normal,40.5092914,-89.0545444,0.0,16.67,3.396,3.4548,0.9829802014588398,False,False,False,NASA POWER Daily API,LST
2024-11-08,Rivian Normal,40.5092914,-89.0545444,0.0,49.84,2.5193,3.3338,0.7556842042114104,False,False,False,NASA POWER Daily API,LST
2024-11-09,Rivian Normal,40.5092914,-89.0545444,6.92,97.34,0.7994,2.8829,0.2772902285892678,True,True,True,NASA POWER Daily API,LST
2024-11-10,Rivian Normal,40.5092914,-89.0545444,1.08,52.34,2.6918,3.2364,0.8317266098133729,True,False,True,NASA POWER Daily API,LST
2024-11-11,Rivian Normal,40.5092914,-89.0545444,0.09,3.56,3.305,3.3058,0.9997580010889952,False,False,False,NASA POWER Daily API,LST
2024-11-12,Rivian Normal,40.5092914,-89.0545444,0.06,51.99,2.0189,3.3091,0.6101054667432232,False,False,False,NASA POWER Daily API,LST
2024-11-13,Rivian Normal,40.5092914,-89.0545444,4.68,99.63,1.5403,2.8349,0.5433348618998907,True,True,True,NASA POWER Daily API,LST
2024-11-14,Rivian Normal,40.5092914,-89.0545444,3.37,99.09,0.655,2.8752,0.22781023928770175,True,True,True,NASA POWER Daily API,LST
2024-11-15,Rivian Normal,40.5092914,-89.0545444,0.0,34.87,3.0874,3.1814,0.9704532595712579,False,False,False,NASA POWER Daily API,LST
2024-11-16,Rivian Normal,40.5092914,-89.0545444,0.0,75.57,1.4023,3.1154,0.4501187648456057,False,False,False,NASA POWER Daily API,LST
2024-11-17,Rivian Normal,40.5092914,-89.0545444,0.16,91.57,1.6918,2.6323,0.6427078980359382,False,True,True,NASA POWER Daily API,LST
2024-11-18,Rivian Normal,40.5092914,-89.0545444,6.98,98.59,0.7517,2.4876,0.3021788068821354,True,True,True,NASA POWER Daily API,LST
2024-11-19,Rivian Normal,40.5092914,-89.0545444,0.84,40.04,2.808,2.989,0.9394446303111408,False,False,False,NASA POWER Daily API,LST
2024-11-20,Rivian Normal,40.5092914,-89.0545444,2.53,94.64,2.0268,3.083,0.6574116120661694,True,True,True,NASA POWER Daily API,LST
2024-11-21,Rivian Normal,40.5092914,-89.0545444,3.51,96.5,1.0133,2.9527,0.34317743082602364,True,True,True,NASA POWER Daily API,LST
2024-11-22,Rivian Normal,40.5092914,-89.0545444,0.17,86.51,0.9883,2.9124,0.33934212333470676,False,True,True,NASA POWER Daily API,LST
2024-11-23,Rivian Normal,40.5092914,-89.0545444,0.02,95.72,1.1309,2.8164,0.4015409742934243,False,True,True,NASA POWER Daily API,LST
2024-11-24,Rivian Normal,40.5092914,-89.0545444,0.0,83.8,2.3923,2.6527,0.9018358653447431,False,True,True,NASA POWER Daily API,LST
2024-11-25,Rivian Normal,40.5092914,-89.0545444,0.02,81.92,0.5062,2.3196,0.21822728056561477,False,True,True,NASA POWER Daily API,LST
2024-11-26,Rivian Normal,40.5092914,-89.0545444,0.0,54.73,2.6227,2.963,0.8851501856226797,False,False,False,NASA POWER Daily API,LST
2024-11-27,Rivian Normal,40.5092914,-89.0545444,4.57,99.39,0.5489,2.5267,0.21723987810187204,True,True,True,NASA POWER Daily API,LST
2024-11-28,Rivian Normal,40.5092914,-89.0545444,0.01,80.57,1.1491,2.8826,0.3986331783806286,False,True,True,NASA POWER Daily API,LST
2024-11-29,Rivian Normal,40.5092914,-89.0545444,0.0,45.8,2.3947,3.0005,0.7981003166138976,False,False,False,NASA POWER Daily API,LST
2024-11-30,Rivian Normal,40.5092914,-89.0545444,0.0,77.12,1.8883,2.8918,0.6529843004357149,False,False,False,NASA POWER Daily API,LST
2024-12-01,Rivian Normal,40.5092914,-89.0545444,0.0,22.1,2.7101,2.8754,0.9425123461083676,False,False,False,NASA POWER Daily API,LST
2024-12-02,Rivian Normal,40.5092914,-89.0545444,0.24,77.19,1.2377,2.8169,0.43938371969185985,False,False,False,NASA POWER Daily API,LST
2024-12-03,Rivian Normal,40.5092914,-89.0545444,0.0,43.92,1.7242,2.7982,0.6161818311771853,False,False,False,NASA POWER Daily API,LST
2024-12-04,Rivian Normal,40.5092914,-89.0545444,0.02,31.48,2.0621,2.6491,0.7784153108602923,False,False,False,NASA POWER Daily API,LST
2024-12-05,Rivian Normal,40.5092914,-89.0545444,0.0,3.82,2.8618,2.8658,0.9986042291855677,False,False,False,NASA POWER Daily API,LST
2024-12-06,Rivian Normal,40.5092914,-89.0545444,0.0,15.56,2.7101,2.7586,0.9824186181396362,False,False,False,NASA POWER Daily API,LST
2024-12-07,Rivian Normal,40.5092914,-89.0545444,0.0,39.44,2.5524,2.6239,0.9727504859179085,False,False,False,NASA POWER Daily API,LST
2024-12-08,Rivian Normal,40.5092914,-89.0545444,1.15,34.08,2.472,2.5147,0.9830198433212709,True,False,True,NASA POWER Daily API,LST
2024-12-09,Rivian Normal,40.5092914,-89.0545444,2.37,77.63,2.1638,2.5243,0.8571881313631502,True,False,True,NASA POWER Daily API,LST
2024-12-10,Rivian Normal,40.5092914,-89.0545444,0.0,84.66,1.295,2.6496,0.4887530193236715,False,True,True,NASA POWER Daily API,LST
2024-12-11,Rivian Normal,40.5092914,-89.0545444,0.18,60.52,1.7364,2.646,0.6562358276643991,False,False,False,NASA POWER Daily API,LST
2024-12-12,Rivian Normal,40.5092914,-89.0545444,1.55,78.55,0.8148,2.4518,0.3323272697609919,True,False,True,NASA POWER Daily API,LST
2024-12-13,Rivian Normal,40.5092914,-89.0545444,0.0,92.45,1.494,2.4204,0.6172533465542885,False,True,True,NASA POWER Daily API,LST
2024-12-14,Rivian Normal,40.5092914,-89.0545444,10.56,98.28,0.5191,2.2858,0.2270977338349812,True,True,True,NASA POWER Daily API,LST
2024-12-15,Rivian Normal,40.5092914,-89.0545444,1.23,96.4,0.8986,2.4466,0.3672852121311207,True,True,True,NASA POWER Daily API,LST
2024-12-16,Rivian Normal,40.5092914,-89.0545444,2.08,56.95,2.1379,2.5116,0.8512103838190795,True,False,True,NASA POWER Daily API,LST
2024-12-17,Rivian Normal,40.5092914,-89.0545444,0.01,65.24,1.8931,2.459,0.7698657991053274,False,False,False,NASA POWER Daily API,LST
2024-12-18,Rivian Normal,40.5092914,-89.0545444,0.08,88.93,1.3548,2.4694,0.5486352960233255,False,True,True,NASA POWER Daily API,LST
2024-12-19,Rivian Normal,40.5092914,-89.0545444,0.38,73.59,2.2505,2.3854,0.9434476398088371,False,False,False,NASA POWER Daily API,LST
2024-12-20,Rivian Normal,40.5092914,-89.0545444,0.53,75.89,1.2528,2.5442,0.49241411838691923,False,False,False,NASA POWER Daily API,LST
2024-12-21,Rivian Normal,40.5092914,-89.0545444,0.0,36.94,2.5834,2.6726,0.9666242610192323,False,False,False,NASA POWER Daily API,LST
2024-12-22,Rivian Normal,40.5092914,-89.0545444,0.0,65.68,1.8274,2.3124,0.7902612004843453,False,False,False,NASA POWER Daily API,LST
2024-12-23,Rivian Normal,40.5092914,-89.0545444,0.36,81.47,1.1054,2.1797,0.5071340092673303,False,True,True,NASA POWER Daily API,LST
2024-12-24,Rivian Normal,40.5092914,-89.0545444,0.12,94.78,0.6034,2.4072,0.2506646726487205,False,True,True,NASA POWER Daily API,LST
2024-12-25,Rivian Normal,40.5092914,-89.0545444,2.1,95.61,0.6703,1.9622,0.3416063602079299,True,True,True,NASA POWER Daily API,LST
2024-12-26,Rivian Normal,40.5092914,-89.0545444,0.57,98.05,0.773,2.034,0.38003933136676504,False,True,True,NASA POWER Daily API,LST
2024-12-27,Rivian Normal,40.5092914,-89.0545444,2.79,98.93,0.4822,2.2462,0.21467367108895025,True,True,True,NASA POWER Daily API,LST
2024-12-28,Rivian Normal,40.5092914,-89.0545444,2.94,88.62,1.6217,2.4638,0.6582108937413751,True,True,True,NASA POWER Daily API,LST
2024-12-29,Rivian Normal,40.5092914,-89.0545444,23.65,99.14,1.0596,2.526,0.419477434679335,True,True,True,NASA POWER Daily API,LST
2024-12-30,Rivian Normal,40.5092914,-89.0545444,4.66,98.47,1.2806,2.4089,0.5316119390593217,True,True,True,NASA POWER Daily API,LST
2024-12-31,Rivian Normal,40.5092914,-89.0545444,15.65,97.12,0.7944,2.419,0.32840016535758576,True,True,True,NASA POWER Daily API,LST
2024-01-01,Tesla Fremont Factory,37.4926897,-121.9415083,0.06,22.62,2.7214,2.8378,0.958982310240327,False,False,False,NASA POWER Daily API,LST
2024-01-02,Tesla Fremont Factory,37.4926897,-121.9415083,14.88,88.64,1.5146,2.8375,0.5337797356828193,True,True,True,NASA POWER Daily API,LST
2024-01-03,Tesla Fremont Factory,37.4926897,-121.9415083,2.91,63.93,1.5274,2.9076,0.5253129728986106,True,False,True,NASA POWER Daily API,LST
2024-01-04,Tesla Fremont Factory,37.4926897,-121.9415083,0.1,43.94,2.9234,2.9777,0.981764449071431,False,False,False,NASA POWER Daily API,LST
2024-01-05,Tesla Fremont Factory,37.4926897,-121.9415083,0.06,34.11,2.9412,3.06,0.9611764705882352,False,False,False,NASA POWER Daily API,LST
2024-01-06,Tesla Fremont Factory,37.4926897,-121.9415083,5.49,73.33,0.9446,3.0084,0.31398750166201306,True,False,True,NASA POWER Daily API,LST
2024-01-07,Tesla Fremont Factory,37.4926897,-121.9415083,0.14,1.37,3.1406,3.1661,0.9919459271659139,False,False,False,NASA POWER Daily API,LST
2024-01-08,Tesla Fremont Factory,37.4926897,-121.9415083,0.02,24.55,2.9942,3.0806,0.9719535155489191,False,False,False,NASA POWER Daily API,LST
2024-01-09,Tesla Fremont Factory,37.4926897,-121.9415083,1.36,58.74,1.7438,3.0012,0.5810342529654805,True,False,True,NASA POWER Daily API,LST
2024-01-10,Tesla Fremont Factory,37.4926897,-121.9415083,8.09,62.09,1.2857,3.0353,0.42358251243699147,True,False,True,NASA POWER Daily API,LST
2024-01-11,Tesla Fremont Factory,37.4926897,-121.9415083,0.0,32.34,2.7274,3.3031,0.8257091822833095,False,False,False,NASA POWER Daily API,LST
2024-01-12,Tesla Fremont Factory,37.4926897,-121.9415083,0.01,91.34,1.7717,3.1176,0.568289710033359,False,True,True,NASA POWER Daily API,LST
2024-01-13,Tesla Fremont Factory,37.4926897,-121.9415083,12.34,98.19,1.3286,3.0542,0.43500753061358133,True,True,True,NASA POWER Daily API,LST
2024-01-14,Tesla Fremont Factory,37.4926897,-121.9415083,3.35,65.26,2.5663,3.2016,0.8015679660169915,True,False,True,NASA POWER Daily API,LST
2024-01-15,Tesla Fremont Factory,37.4926897,-121.9415083,0.06,74.25,2.0086,3.2174,0.6242929073164667,False,False,False,NASA POWER Daily API,LST
2024-01-16,Tesla Fremont Factory,37.4926897,-121.9415083,10.55,97.23,1.5878,3.0233,0.5251877087950254,True,True,True,NASA POWER Daily API,LST
2024-01-17,Tesla Fremont Factory,37.4926897,-121.9415083,0.35,74.72,2.563,3.2026,0.8002872665958909,False,False,False,NASA POWER Daily API,LST
2024-01-18,Tesla Fremont Factory,37.4926897,-121.9415083,0.02,92.42,1.5247,3.12,0.4886858974358974,False,True,True,NASA POWER Daily API,LST
2024-01-19,Tesla Fremont Factory,37.4926897,-121.9415083,5.41,98.68,1.1122,3.1193,0.3565543551437823,True,True,True,NASA POWER Daily API,LST
2024-01-20,Tesla Fremont Factory,37.4926897,-121.9415083,12.47,97.4,1.5266,3.2414,0.47096933423829207,True,True,True,NASA POWER Daily API,LST
2024-01-21,Tesla Fremont Factory,37.4926897,-121.9415083,18.58,92.47,1.9037,3.2275,0.5898373353989156,True,True,True,NASA POWER Daily API,LST
2024-01-22,Tesla Fremont Factory,37.4926897,-121.9415083,22.36,83.3,1.5398,3.2616,0.4720995830267354,True,True,True,NASA POWER Daily API,LST
2024-01-23,Tesla Fremont Factory,37.4926897,-121.9415083,2.41,71.13,2.154,3.4219,0.6294748531517578,True,False,True,NASA POWER Daily API,LST
2024-01-24,Tesla Fremont Factory,37.4926897,-121.9415083,10.56,75.25,1.5461,3.2928,0.46953960155490765,True,False,True,NASA POWER Daily API,LST
2024-01-25,Tesla Fremont Factory,37.4926897,-121.9415083,0.19,28.2,3.4831,3.5614,0.9780142640534621,False,False,False,NASA POWER Daily API,LST
2024-01-26,Tesla Fremont Factory,37.4926897,-121.9415083,0.0,94.64,1.8554,3.3977,0.5460752862230333,False,True,True,NASA POWER Daily API,LST
2024-01-27,Tesla Fremont Factory,37.4926897,-121.9415083,0.0,98.27,2.2111,3.3742,0.6552960701795981,False,True,True,NASA POWER Daily API,LST
2024-01-28,Tesla Fremont Factory,37.4926897,-121.9415083,0.01,64.76,2.6381,3.4678,0.7607416806044178,False,False,False,NASA POWER Daily API,LST
2024-01-29,Tesla Fremont Factory,37.4926897,-121.9415083,0.0,29.87,3.4056,3.499,0.9733066590454416,False,False,False,NASA POWER Daily API,LST
2024-01-30,Tesla Fremont Factory,37.4926897,-121.9415083,0.01,86.63,2.8867,3.5525,0.8125826882477127,False,True,True,NASA POWER Daily API,LST
2024-01-31,Tesla Fremont Factory,37.4926897,-121.9415083,23.36,99.12,0.5436,3.7157,0.1462981403234922,True,True,True,NASA POWER Daily API,LST
2024-02-01,Tesla Fremont Factory,37.4926897,-121.9415083,15.45,78.39,2.633,3.7997,0.6929494433771087,True,False,True,NASA POWER Daily API,LST
2024-02-02,Tesla Fremont Factory,37.4926897,-121.9415083,5.31,68.93,2.5831,3.8316,0.674157010126318,True,False,True,NASA POWER Daily API,LST
2024-02-03,Tesla Fremont Factory,37.4926897,-121.9415083,9.68,99.49,2.0808,3.8712,0.5375077495350279,True,True,True,NASA POWER Daily API,LST
2024-02-04,Tesla Fremont Factory,37.4926897,-121.9415083,36.82,91.54,1.5787,3.8309,0.4120963742201571,True,True,True,NASA POWER Daily API,LST
2024-02-05,Tesla Fremont Factory,37.4926897,-121.9415083,7.86,86.8,2.0921,3.9473,0.5300078534694601,True,True,True,NASA POWER Daily API,LST
2024-02-06,Tesla Fremont Factory,37.4926897,-121.9415083,1.01,66.4,2.3143,3.9518,0.5856318639607268,True,False,True,NASA POWER Daily API,LST
2024-02-07,Tesla Fremont Factory,37.4926897,-121.9415083,15.38,74.9,0.9806,4.0459,0.2423688178155664,True,False,True,NASA POWER Daily API,LST
2024-02-08,Tesla Fremont Factory,37.4926897,-121.9415083,0.24,44.52,3.1966,4.0145,0.7962635446506414,False,False,False,NASA POWER Daily API,LST
2024-02-09,Tesla Fremont Factory,37.4926897,-121.9415083,0.02,58.09,3.3473,3.9797,0.8410935497650578,False,False,False,NASA POWER Daily API,LST
2024-02-10,Tesla Fremont Factory,37.4926897,-121.9415083,0.01,3.12,4.2312,4.2403,0.9978539254298044,False,False,False,NASA POWER Daily API,LST
2024-02-11,Tesla Fremont Factory,37.4926897,-121.9415083,0.03,37.59,3.7176,4.2079,0.8834810713182346,False,False,False,NASA POWER Daily API,LST
2024-02-12,Tesla Fremont Factory,37.4926897,-121.9415083,0.01,43.04,3.431,4.1959,0.8177029957815963,False,False,False,NASA POWER Daily API,LST
2024-02-13,Tesla Fremont Factory,37.4926897,-121.9415083,0.02,69.81,3.2678,4.1431,0.7887330742680602,False,False,False,NASA POWER Daily API,LST
2024-02-14,Tesla Fremont Factory,37.4926897,-121.9415083,7.93,97.73,2.1002,4.153,0.5057067180351553,True,True,True,NASA POWER Daily API,LST
2024-02-15,Tesla Fremont Factory,37.4926897,-121.9415083,0.46,73.17,3.505,4.3207,0.8112111463420278,False,False,False,NASA POWER Daily API,LST
2024-02-16,Tesla Fremont Factory,37.4926897,-121.9415083,0.01,99.94,2.0314,4.2842,0.47416087017412817,False,True,True,NASA POWER Daily API,LST
2024-02-17,Tesla Fremont Factory,37.4926897,-121.9415083,13.27,93.69,0.929,4.3646,0.21284882921688128,True,True,True,NASA POWER Daily API,LST
2024-02-18,Tesla Fremont Factory,37.4926897,-121.9415083,18.46,56.17,3.385,4.493,0.7533941687068773,True,False,True,NASA POWER Daily API,LST
2024-02-19,Tesla Fremont Factory,37.4926897,-121.9415083,5.23,61.02,2.5922,4.5864,0.5651927437641723,True,False,True,NASA POWER Daily API,LST
2024-02-20,Tesla Fremont Factory,37.4926897,-121.9415083,10.9,70.58,2.3777,4.6097,0.5158036314727639,True,False,True,NASA POWER Daily API,LST
2024-02-21,Tesla Fremont Factory,37.4926897,-121.9415083,0.42,40.43,3.8825,4.6963,0.8267146477013819,False,False,False,NASA POWER Daily API,LST
2024-02-22,Tesla Fremont Factory,37.4926897,-121.9415083,0.15,23.97,4.235,4.7234,0.896599906846763,False,False,False,NASA POWER Daily API,LST
2024-02-23,Tesla Fremont Factory,37.4926897,-121.9415083,0.0,63.92,3.383,4.6339,0.7300545976391377,False,False,False,NASA POWER Daily API,LST
2024-02-24,Tesla Fremont Factory,37.4926897,-121.9415083,0.0,27.79,4.5264,4.7273,0.9575021682567216,False,False,False,NASA POWER Daily API,LST
2024-02-25,Tesla Fremont Factory,37.4926897,-121.9415083,0.02,13.19,4.6481,4.7486,0.9788358674135536,False,False,False,NASA POWER Daily API,LST
2024-02-26,Tesla Fremont Factory,37.4926897,-121.9415083,0.31,48.16,3.1606,4.747,0.6658099852538446,False,False,False,NASA POWER Daily API,LST
2024-02-27,Tesla Fremont Factory,37.4926897,-121.9415083,0.0,13.49,4.931,5.093,0.9681916355782446,False,False,False,NASA POWER Daily API,LST
2024-02-28,Tesla Fremont Factory,37.4926897,-121.9415083,0.01,9.29,4.9894,5.0124,0.9954113797781501,False,False,False,NASA POWER Daily API,LST
2024-02-29,Tesla Fremont Factory,37.4926897,-121.9415083,10.94,94.04,2.436,4.9908,0.488098100504929,True,True,True,NASA POWER Daily API,LST
2024-03-01,Tesla Fremont Factory,37.4926897,-121.9415083,19.11,94.36,2.5104,5.1266,0.4896812702375844,True,True,True,NASA POWER Daily API,LST
2024-03-02,Tesla Fremont Factory,37.4926897,-121.9415083,12.08,89.57,3.1697,5.3482,0.5926666915971729,True,True,True,NASA POWER Daily API,LST
2024-03-03,Tesla Fremont Factory,37.4926897,-121.9415083,5.18,87.76,3.041,5.3453,0.5689110059304435,True,True,True,NASA POWER Daily API,LST
2024-03-04,Tesla Fremont Factory,37.4926897,-121.9415083,0.31,85.29,3.7726,5.2594,0.7173061565958094,False,True,True,NASA POWER Daily API,LST
2024-03-05,Tesla Fremont Factory,37.4926897,-121.9415083,1.22,94.6,2.6875,5.1749,0.5193337069315349,True,True,True,NASA POWER Daily API,LST
2024-03-06,Tesla Fremont Factory,37.4926897,-121.9415083,6.31,80.08,2.959,5.2356,0.5651692260676905,True,True,True,NASA POWER Daily API,LST
2024-03-07,Tesla Fremont Factory,37.4926897,-121.9415083,0.13,40.0,4.1546,5.5128,0.7536279204759831,False,False,False,NASA POWER Daily API,LST
2024-03-08,Tesla Fremont Factory,37.4926897,-121.9415083,0.02,5.31,5.5824,5.6004,0.9967859438611528,False,False,False,NASA POWER Daily API,LST
2024-03-09,Tesla Fremont Factory,37.4926897,-121.9415083,0.1,89.04,4.2125,5.4451,0.7736313382674331,False,True,True,NASA POWER Daily API,LST
2024-03-10,Tesla Fremont Factory,37.4926897,-121.9415083,0.87,86.5,4.8437,5.621,0.8617149973314356,False,True,True,NASA POWER Daily API,LST
2024-03-11,Tesla Fremont Factory,37.4926897,-121.9415083,1.68,85.41,4.0426,5.6143,0.7200541474449175,True,True,True,NASA POWER Daily API,LST
2024-03-12,Tesla Fremont Factory,37.4926897,-121.9415083,2.58,77.52,3.1601,5.5618,0.5681793663921751,True,False,True,NASA POWER Daily API,LST
2024-03-13,Tesla Fremont Factory,37.4926897,-121.9415083,0.0,57.9,5.3081,5.8747,0.903552521830902,False,False,False,NASA POWER Daily API,LST
2024-03-14,Tesla Fremont Factory,37.4926897,-121.9415083,0.0,0.99,6.1778,6.1918,0.997738945056365,False,False,False,NASA POWER Daily API,LST
2024-03-15,Tesla Fremont Factory,37.4926897,-121.9415083,0.0,0.47,6.0677,6.0744,0.9988970104043199,False,False,False,NASA POWER Daily API,LST
2024-03-16,Tesla Fremont Factory,37.4926897,-121.9415083,0.0,1.18,5.879,5.887,0.998641073551894,False,False,False,NASA POWER Daily API,LST
2024-03-17,Tesla Fremont Factory,37.4926897,-121.9415083,0.0,7.22,5.863,5.9633,0.983180453775594,False,False,False,NASA POWER Daily API,LST
2024-03-18,Tesla Fremont Factory,37.4926897,-121.9415083,0.0,22.16,5.795,5.8771,0.9860305252590562,False,False,False,NASA POWER Daily API,LST
2024-03-19,Tesla Fremont Factory,37.4926897,-121.9415083,0.0,7.91,6.0679,6.1051,0.9939067337144354,False,False,False,NASA POWER Daily API,LST
2024-03-20,Tesla Fremont Factory,37.4926897,-121.9415083,0.0,29.32,6.0132,6.211,0.9681532764450169,False,False,False,NASA POWER Daily API,LST
2024-03-21,Tesla Fremont Factory,37.4926897,-121.9415083,0.0,42.02,5.6839,6.1975,0.9171278741427996,False,False,False,NASA POWER Daily API,LST
2024-03-22,Tesla Fremont Factory,37.4926897,-121.9415083,11.75,78.19,4.4839,6.0281,0.7438330485559297,True,False,True,NASA POWER Daily API,LST
2024-03-23,Tesla Fremont Factory,37.4926897,-121.9415083,8.03,75.28,4.1491,6.3046,0.6581067791771088,True,False,True,NASA POWER Daily API,LST
2024-03-24,Tesla Fremont Factory,37.4926897,-121.9415083,3.39,56.69,5.0894,6.3936,0.7960147647647648,True,False,True,NASA POWER Daily API,LST
2024-03-25,Tesla Fremont Factory,37.4926897,-121.9415083,0.14,75.15,5.0561,6.2645,0.8071035198339851,False,False,False,NASA POWER Daily API,LST
2024-03-26,Tesla Fremont Factory,37.4926897,-121.9415083,0.1,30.96,5.6244,6.4632,0.870219086520609,False,False,False,NASA POWER Daily API,LST
2024-03-27,Tesla Fremont Factory,37.4926897,-121.9415083,5.62,79.83,2.8858,6.2004,0.46542158570414816,True,False,True,NASA POWER Daily API,LST
2024-03-28,Tesla Fremont Factory,37.4926897,-121.9415083,0.61,78.68,4.589,6.6406,0.6910520133722857,False,False,False,NASA POWER Daily API,LST
2024-03-29,Tesla Fremont Factory,37.4926897,-121.9415083,16.0,92.32,2.4367,6.5959,0.3694264618929941,True,True,True,NASA POWER Daily API,LST
2024-03-30,Tesla Fremont Factory,37.4926897,-121.9415083,3.66,69.22,5.0059,6.6715,0.7503410027729895,True,False,True,NASA POWER Daily API,LST
2024-03-31,Tesla Fremont Factory,37.4926897,-121.9415083,0.23,71.65,4.9882,6.5167,0.7654487700830175,False,False,False,NASA POWER Daily API,LST
2024-04-01,Tesla Fremont Factory,37.4926897,-121.9415083,0.01,3.28,6.7421,6.7752,0.9951145353642696,False,False,False,NASA POWER Daily API,LST
2024-04-02,Tesla Fremont Factory,37.4926897,-121.9415083,0.01,1.8,6.737,6.7591,0.9967303339201965,False,False,False,NASA POWER Daily API,LST
2024-04-03,Tesla Fremont Factory,37.4926897,-121.9415083,0.05,31.94,6.3864,6.7154,0.9510081305655658,False,False,False,NASA POWER Daily API,LST
2024-04-04,Tesla Fremont Factory,37.4926897,-121.9415083,16.58,84.23,2.8822,6.9689,0.4135803354905366,True,True,True,NASA POWER Daily API,LST
2024-04-05,Tesla Fremont Factory,37.4926897,-121.9415083,3.09,72.11,4.537,6.9962,0.6484948972299248,True,False,True,NASA POWER Daily API,LST
2024-04-06,Tesla Fremont Factory,37.4926897,-121.9415083,0.01,40.9,6.289,7.0018,0.8981976063298008,False,False,False,NASA POWER Daily API,LST
2024-04-07,Tesla Fremont Factory,37.4926897,-121.9415083,0.0,20.7,6.2201,7.0058,0.8878500670872707,False,False,False,NASA POWER Daily API,LST
2024-04-08,Tesla Fremont Factory,37.4926897,-121.9415083,0.0,2.77,7.0891,7.1059,0.9976357674608424,False,False,False,NASA POWER Daily API,LST
2024-04-09,Tesla Fremont Factory,37.4926897,-121.9415083,0.0,1.93,7.0342,7.0428,0.9987788947577668,False,False,False,NASA POWER Daily API,LST
2024-04-10,Tesla Fremont Factory,37.4926897,-121.9415083,0.0,38.27,6.7186,7.0555,0.952250017716675,False,False,False,NASA POWER Daily API,LST
2024-04-11,Tesla Fremont Factory,37.4926897,-121.9415083,0.01,3.0,7.1165,7.133,0.9976868077947568,False,False,False,NASA POWER Daily API,LST
2024-04-12,Tesla Fremont Factory,37.4926897,-121.9415083,0.96,38.22,6.547,7.127,0.9186193349235302,False,False,False,NASA POWER Daily API,LST
2024-04-13,Tesla Fremont Factory,37.4926897,-121.9415083,13.55,95.38,1.2026,7.2991,0.16476003890890656,True,True,True,NASA POWER Daily API,LST
2024-04-14,Tesla Fremont Factory,37.4926897,-121.9415083,4.18,88.93,3.9082,7.0901,0.551219305792584,True,True,True,NASA POWER Daily API,LST
2024-04-15,Tesla Fremont Factory,37.4926897,-121.9415083,0.07,40.61,5.4034,7.1638,0.7542644964962729,False,False,False,NASA POWER Daily API,LST
2024-04-16,Tesla Fremont Factory,37.4926897,-121.9415083,0.0,18.88,7.1273,7.3248,0.9730368064657056,False,False,False,NASA POWER Daily API,LST
2024-04-17,Tesla Fremont Factory,37.4926897,-121.9415083,0.0,52.55,6.6602,7.4107,0.8987275156193072,False,False,False,NASA POWER Daily API,LST
2024-04-18,Tesla Fremont Factory,37.4926897,-121.9415083,0.0,25.48,7.1311,7.4892,0.9521844789830689,False,False,False,NASA POWER Daily API,LST
2024-04-19,Tesla Fremont Factory,37.4926897,-121.9415083,0.0,14.34,7.4081,7.5293,0.983902886058465,False,False,False,NASA POWER Daily API,LST
2024-04-20,Tesla Fremont Factory,37.4926897,-121.9415083,0.0,7.16,7.5852,7.6798,0.9876819708846585,False,False,False,NASA POWER Daily API,LST
2024-04-21,Tesla Fremont Factory,37.4926897,-121.9415083,0.0,1.46,7.6457,7.6673,0.9971828414174481,False,False,False,NASA POWER Daily API,LST
2024-04-22,Tesla Fremont Factory,37.4926897,-121.9415083,0.02,8.79,7.4347,7.4887,0.9927891356310174,False,False,False,NASA POWER Daily API,LST
2024-04-23,Tesla Fremont Factory,37.4926897,-121.9415083,0.01,55.38,5.7682,7.6999,0.7491266120339225,False,False,False,NASA POWER Daily API,LST
2024-04-24,Tesla Fremont Factory,37.4926897,-121.9415083,0.01,92.49,4.6277,7.5305,0.6145275878095744,False,True,True,NASA POWER Daily API,LST
2024-04-25,Tesla Fremont Factory,37.4926897,-121.9415083,0.03,79.44,5.4703,7.4414,0.7351170478673368,False,False,False,NASA POWER Daily API,LST
2024-04-26,Tesla Fremont Factory,37.4926897,-121.9415083,0.33,46.58,6.2232,7.7042,0.8077671919212898,False,False,False,NASA POWER Daily API,LST
2024-04-27,Tesla Fremont Factory,37.4926897,-121.9415083,0.04,12.75,7.6675,7.8365,0.978434249984049,False,False,False,NASA POWER Daily API,LST
2024-04-28,Tesla Fremont Factory,37.4926897,-121.9415083,0.0,3.59,7.8118,7.8986,0.9890107107588686,False,False,False,NASA POWER Daily API,LST
2024-04-29,Tesla Fremont Factory,37.4926897,-121.9415083,0.0,0.89,8.0779,8.0851,0.9991094729811627,False,False,False,NASA POWER Daily API,LST
2024-04-30,Tesla Fremont Factory,37.4926897,-121.9415083,0.0,0.77,8.1139,8.1245,0.9986953043264201,False,False,False,NASA POWER Daily API,LST
2024-05-01,Tesla Fremont Factory,37.4926897,-121.9415083,0.0,0.51,8.2298,8.2433,0.9983623063578906,False,False,False,NASA POWER Daily API,LST
2024-05-02,Tesla Fremont Factory,37.4926897,-121.9415083,0.01,1.37,7.8768,7.8881,0.9985674623800409,False,False,False,NASA POWER Daily API,LST
2024-05-03,Tesla Fremont Factory,37.4926897,-121.9415083,0.07,13.49,7.908,7.9546,0.9941417544565408,False,False,False,NASA POWER Daily API,LST
2024-05-04,Tesla Fremont Factory,37.4926897,-121.9415083,22.49,78.22,2.6926,7.9217,0.3399017887574637,True,False,True,NASA POWER Daily API,LST
2024-05-05,Tesla Fremont Factory,37.4926897,-121.9415083,0.41,23.25,7.6608,8.3297,0.9196969878867185,False,False,False,NASA POWER Daily API,LST
2024-05-06,Tesla Fremont Factory,37.4926897,-121.9415083,0.0,22.77,8.07,8.1715,0.9875787799057701,False,False,False,NASA POWER Daily API,LST
2024-05-07,Tesla Fremont Factory,37.4926897,-121.9415083,0.0,6.2,8.1919,8.2399,0.9941746865860023,False,False,False,NASA POWER Daily API,LST
2024-05-08,Tesla Fremont Factory,37.4926897,-121.9415083,0.0,0.43,8.4862,8.496,0.9988465160075329,False,False,False,NASA POWER Daily API,LST
2024-05-09,Tesla Fremont Factory,37.4926897,-121.9415083,0.0,0.64,8.0899,8.0988,0.998901071763718,False,False,False,NASA POWER Daily API,LST
2024-05-10,Tesla Fremont Factory,37.4926897,-121.9415083,0.0,1.62,7.9862,8.0239,0.9953015366592306,False,False,False,NASA POWER Daily API,LST
2024-05-11,Tesla Fremont Factory,37.4926897,-121.9415083,0.0,3.28,7.9238,8.1017,0.9780416455805573,False,False,False,NASA POWER Daily API,LST
2024-05-12,Tesla Fremont Factory,37.4926897,-121.9415083,0.01,3.61,8.095,8.1324,0.9954011116029708,False,False,False,NASA POWER Daily API,LST
2024-05-13,Tesla Fremont Factory,37.4926897,-121.9415083,0.0,5.53,8.0088,8.0825,0.9908815341787814,False,False,False,NASA POWER Daily API,LST
2024-05-14,Tesla Fremont Factory,37.4926897,-121.9415083,0.0,16.84,7.8742,8.0249,0.9812209497937668,False,False,False,NASA POWER Daily API,LST
2024-05-15,Tesla Fremont Factory,37.4926897,-121.9415083,0.01,7.75,8.0232,8.159,0.9833558034072801,False,False,False,NASA POWER Daily API,LST
2024-05-16,Tesla Fremont Factory,37.4926897,-121.9415083,0.01,14.08,8.0702,8.2769,0.9750268820452102,False,False,False,NASA POWER Daily API,LST
2024-05-17,Tesla Fremont Factory,37.4926897,-121.9415083,0.01,14.24,8.167,8.3568,0.9772879571127704,False,False,False,NASA POWER Daily API,LST
2024-05-18,Tesla Fremont Factory,37.4926897,-121.9415083,0.0,11.46,8.0256,8.1857,0.9804415016431094,False,False,False,NASA POWER Daily API,LST
2024-05-19,Tesla Fremont Factory,37.4926897,-121.9415083,0.0,5.75,8.4622,8.5087,0.9945350053474679,False,False,False,NASA POWER Daily API,LST
2024-05-20,Tesla Fremont Factory,37.4926897,-121.9415083,0.0,5.79,8.4778,8.5205,0.9949885570095651,False,False,False,NASA POWER Daily API,LST
2024-05-21,Tesla Fremont Factory,37.4926897,-121.9415083,0.0,2.78,8.4,8.4278,0.9967013930088517,False,False,False,NASA POWER Daily API,LST
2024-05-22,Tesla Fremont Factory,37.4926897,-121.9415083,0.0,2.34,8.3414,8.371,0.9964639827977542,False,False,False,NASA POWER Daily API,LST
2024-05-23,Tesla Fremont Factory,37.4926897,-121.9415083,0.0,13.63,8.5447,8.5879,0.9949696666239711,False,False,False,NASA POWER Daily API,LST
2024-05-24,Tesla Fremont Factory,37.4926897,-121.9415083,0.01,36.18,7.968,8.4646,0.9413321361907236,False,False,False,NASA POWER Daily API,LST
2024-05-25,Tesla Fremont Factory,37.4926897,-121.9415083,0.03,19.64,7.4138,8.503,0.8719040338703987,False,False,False,NASA POWER Daily API,LST
2024-05-26,Tesla Fremont Factory,37.4926897,-121.9415083,0.0,2.12,8.5332,8.5464,0.9984554900308903,False,False,False,NASA POWER Daily API,LST
2024-05-27,Tesla Fremont Factory,37.4926897,-121.9415083,0.0,3.14,8.425,8.5421,0.9862914271666219,False,False,False,NASA POWER Daily API,LST
2024-05-28,Tesla Fremont Factory,37.4926897,-121.9415083,0.37,10.41,8.4847,8.5795,0.9889504050352586,False,False,False,NASA POWER Daily API,LST
2024-05-29,Tesla Fremont Factory,37.4926897,-121.9415083,0.0,3.22,8.6117,8.6412,0.9965861222978292,False,False,False,NASA POWER Daily API,LST
2024-05-30,Tesla Fremont Factory,37.4926897,-121.9415083,0.0,3.04,8.5925,8.6482,0.9935593533914572,False,False,False,NASA POWER Daily API,LST
2024-05-31,Tesla Fremont Factory,37.4926897,-121.9415083,0.02,1.14,8.5896,8.6064,0.998047964305633,False,False,False,NASA POWER Daily API,LST
2024-06-01,Tesla Fremont Factory,37.4926897,-121.9415083,0.03,9.57,8.5517,8.6405,0.9897228169666108,False,False,False,NASA POWER Daily API,LST
2024-06-02,Tesla Fremont Factory,37.4926897,-121.9415083,0.11,46.28,8.1826,8.4454,0.968882468562768,False,False,False,NASA POWER Daily API,LST
2024-06-03,Tesla Fremont Factory,37.4926897,-121.9415083,0.04,88.49,6.3019,8.3813,0.7519000632360135,False,True,True,NASA POWER Daily API,LST
2024-06-04,Tesla Fremont Factory,37.4926897,-121.9415083,0.01,3.23,8.4936,8.5224,0.9966206702337371,False,False,False,NASA POWER Daily API,LST
2024-06-05,Tesla Fremont Factory,37.4926897,-121.9415083,0.0,3.89,8.4749,8.5229,0.9943681141395534,False,False,False,NASA POWER Daily API,LST
2024-06-06,Tesla Fremont Factory,37.4926897,-121.9415083,0.01,3.34,8.5867,8.6671,0.9907235407460397,False,False,False,NASA POWER Daily API,LST
2024-06-07,Tesla Fremont Factory,37.4926897,-121.9415083,0.01,9.28,8.7526,8.8889,0.9846662691671635,False,False,False,NASA POWER Daily API,LST
2024-06-08,Tesla Fremont Factory,37.4926897,-121.9415083,0.02,43.31,8.0393,8.5656,0.9385565517885497,False,False,False,NASA POWER Daily API,LST
2024-06-09,Tesla Fremont Factory,37.4926897,-121.9415083,0.0,21.07,8.1869,8.4871,0.9646286717488894,False,False,False,NASA POWER Daily API,LST
2024-06-10,Tesla Fremont Factory,37.4926897,-121.9415083,0.0,7.04,8.4725,8.5301,0.9932474414133482,False,False,False,NASA POWER Daily API,LST
2024-06-11,Tesla Fremont Factory,37.4926897,-121.9415083,0.0,3.56,8.448,8.4866,0.9954516531944478,False,False,False,NASA POWER Daily API,LST
2024-06-12,Tesla Fremont Factory,37.4926897,-121.9415083,0.0,4.17,8.4125,8.6494,0.9726108169352787,False,False,False,NASA POWER Daily API,LST
2024-06-13,Tesla Fremont Factory,37.4926897,-121.9415083,0.0,3.75,8.7737,8.8596,0.9903043026773217,False,False,False,NASA POWER Daily API,LST
2024-06-14,Tesla Fremont Factory,37.4926897,-121.9415083,0.0,12.56,8.7492,8.8469,0.9889565836620737,False,False,False,NASA POWER Daily API,LST
2024-06-15,Tesla Fremont Factory,37.4926897,-121.9415083,0.0,1.42,8.8474,8.8826,0.9960371963163939,False,False,False,NASA POWER Daily API,LST
2024-06-16,Tesla Fremont Factory,37.4926897,-121.9415083,0.0,7.25,8.6897,8.8565,0.9811663749788291,False,False,False,NASA POWER Daily API,LST
2024-06-17,Tesla Fremont Factory,37.4926897,-121.9415083,0.0,3.61,9.011,9.0869,0.9916473164665617,False,False,False,NASA POWER Daily API,LST
2024-06-18,Tesla Fremont Factory,37.4926897,-121.9415083,0.01,25.11,8.0328,8.8678,0.9058391032725139,False,False,False,NASA POWER Daily API,LST
2024-06-19,Tesla Fremont Factory,37.4926897,-121.9415083,0.02,4.66,8.6959,8.7725,0.991268167569108,False,False,False,NASA POWER Daily API,LST
2024-06-20,Tesla Fremont Factory,37.4926897,-121.9415083,0.06,13.13,8.3568,8.5433,0.9781700279751383,False,False,False,NASA POWER Daily API,LST
2024-06-21,Tesla Fremont Factory,37.4926897,-121.9415083,0.04,9.66,8.4398,8.5102,0.9917275739700595,False,False,False,NASA POWER Daily API,LST
2024-06-22,Tesla Fremont Factory,37.4926897,-121.9415083,0.0,4.3,8.6105,8.6832,0.9916275105951724,False,False,False,NASA POWER Daily API,LST
2024-06-23,Tesla Fremont Factory,37.4926897,-121.9415083,0.0,3.34,8.5519,8.7077,0.9821077896574295,False,False,False,NASA POWER Daily API,LST
2024-06-24,Tesla Fremont Factory,37.4926897,-121.9415083,0.0,21.97,7.5686,8.4888,0.8915983413438885,False,False,False,NASA POWER Daily API,LST
2024-06-25,Tesla Fremont Factory,37.4926897,-121.9415083,0.0,52.9,7.5043,8.4624,0.8867815276989979,False,False,False,NASA POWER Daily API,LST
2024-06-26,Tesla Fremont Factory,37.4926897,-121.9415083,0.0,15.02,8.4106,8.5788,0.9803935282323869,False,False,False,NASA POWER Daily API,LST
2024-06-27,Tesla Fremont Factory,37.4926897,-121.9415083,0.0,1.16,8.9158,8.9242,0.9990587391586921,False,False,False,NASA POWER Daily API,LST
2024-06-28,Tesla Fremont Factory,37.4926897,-121.9415083,0.0,3.39,8.7871,8.897,0.9876475216365067,False,False,False,NASA POWER Daily API,LST
2024-06-29,Tesla Fremont Factory,37.4926897,-121.9415083,0.02,1.91,8.6866,8.7521,0.9925160818546406,False,False,False,NASA POWER Daily API,LST
2024-06-30,Tesla Fremont Factory,37.4926897,-121.9415083,0.0,2.1,8.544,8.5985,0.9936616851776474,False,False,False,NASA POWER Daily API,LST
2024-07-01,Tesla Fremont Factory,37.4926897,-121.9415083,0.0,3.16,8.6467,8.7041,0.9934054066474419,False,False,False,NASA POWER Daily API,LST
2024-07-02,Tesla Fremont Factory,37.4926897,-121.9415083,0.0,1.02,8.5812,8.5925,0.9986848996217633,False,False,False,NASA POWER Daily API,LST
2024-07-03,Tesla Fremont Factory,37.4926897,-121.9415083,0.0,1.62,8.442,8.4674,0.9970002598200156,False,False,False,NASA POWER Daily API,LST
2024-07-04,Tesla Fremont Factory,37.4926897,-121.9415083,0.0,2.53,8.4122,8.4749,0.9926016826157241,False,False,False,NASA POWER Daily API,LST
2024-07-05,Tesla Fremont Factory,37.4926897,-121.9415083,0.0,1.52,8.6083,8.6374,0.996630930604117,False,False,False,NASA POWER Daily API,LST
2024-07-06,Tesla Fremont Factory,37.4926897,-121.9415083,0.0,2.35,8.2243,8.2836,0.9928412767395818,False,False,False,NASA POWER Daily API,LST
2024-07-07,Tesla Fremont Factory,37.4926897,-121.9415083,0.0,3.14,8.3954,8.4422,0.9944564213119804,False,False,False,NASA POWER Daily API,LST
2024-07-08,Tesla Fremont Factory,37.4926897,-121.9415083,0.0,5.19,8.5435,8.6875,0.9834244604316547,False,False,False,NASA POWER Daily API,LST
2024-07-09,Tesla Fremont Factory,37.4926897,-121.9415083,0.0,2.73,8.635,8.6815,0.9946437827564361,False,False,False,NASA POWER Daily API,LST
2024-07-10,Tesla Fremont Factory,37.4926897,-121.9415083,0.01,6.28,8.4953,8.5457,0.9941022970616802,False,False,False,NASA POWER Daily API,LST
2024-07-11,Tesla Fremont Factory,37.4926897,-121.9415083,0.0,1.55,8.2584,8.2925,0.9958878504672897,False,False,False,NASA POWER Daily API,LST
2024-07-12,Tesla Fremont Factory,37.4926897,-121.9415083,0.0,12.87,7.8629,7.9214,0.9926149418032165,False,False,False,NASA POWER Daily API,LST
2024-07-13,Tesla Fremont Factory,37.4926897,-121.9415083,0.0,79.99,5.8567,7.6469,0.7658920608351097,False,False,False,NASA POWER Daily API,LST
2024-07-14,Tesla Fremont Factory,37.4926897,-121.9415083,0.01,35.77,7.6438,7.9378,0.9629620297815515,False,False,False,NASA POWER Daily API,LST
2024-07-15,Tesla Fremont Factory,37.4926897,-121.9415083,0.02,10.79,8.0729,8.2006,0.9844279686852183,False,False,False,NASA POWER Daily API,LST
2024-07-16,Tesla Fremont Factory,37.4926897,-121.9415083,0.02,6.76,8.3078,8.4235,0.9862646168457292,False,False,False,NASA POWER Daily API,LST
2024-07-17,Tesla Fremont Factory,37.4926897,-121.9415083,0.04,5.77,8.5054,8.5682,0.9926705725823395,False,False,False,NASA POWER Daily API,LST
2024-07-18,Tesla Fremont Factory,37.4926897,-121.9415083,0.04,4.11,8.3801,8.4139,0.9959828379229609,False,False,False,NASA POWER Daily API,LST
2024-07-19,Tesla Fremont Factory,37.4926897,-121.9415083,0.01,1.96,8.2627,8.2807,0.9978262707259049,False,False,False,NASA POWER Daily API,LST
2024-07-20,Tesla Fremont Factory,37.4926897,-121.9415083,0.02,1.64,8.0179,8.0527,0.9956784680914476,False,False,False,NASA POWER Daily API,LST
2024-07-21,Tesla Fremont Factory,37.4926897,-121.9415083,0.05,2.35,8.1007,8.1372,0.9955144275672221,False,False,False,NASA POWER Daily API,LST
2024-07-22,Tesla Fremont Factory,37.4926897,-121.9415083,0.03,3.2,8.0602,8.1295,0.9914754904975706,False,False,False,NASA POWER Daily API,LST
2024-07-23,Tesla Fremont Factory,37.4926897,-121.9415083,0.0,7.72,7.7959,7.8463,0.9935765902399857,False,False,False,NASA POWER Daily API,LST
2024-07-24,Tesla Fremont Factory,37.4926897,-121.9415083,0.0,9.38,7.6781,7.7141,0.9953332209849496,False,False,False,NASA POWER Daily API,LST
2024-07-25,Tesla Fremont Factory,37.4926897,-121.9415083,0.0,4.89,8.0009,8.1518,0.9814887509507103,False,False,False,NASA POWER Daily API,LST
2024-07-26,Tesla Fremont Factory,37.4926897,-121.9415083,0.0,3.06,8.2829,8.3508,0.9918690424869474,False,False,False,NASA POWER Daily API,LST
2024-07-27,Tesla Fremont Factory,37.4926897,-121.9415083,0.0,23.82,7.4129,8.1854,0.905624648764874,False,False,False,NASA POWER Daily API,LST
2024-07-28,Tesla Fremont Factory,37.4926897,-121.9415083,0.0,12.32,7.9517,8.0414,0.9888452259556794,False,False,False,NASA POWER Daily API,LST
2024-07-29,Tesla Fremont Factory,37.4926897,-121.9415083,0.0,10.36,7.9589,8.0402,0.9898883112360388,False,False,False,NASA POWER Daily API,LST
2024-07-30,Tesla Fremont Factory,37.4926897,-121.9415083,0.01,5.97,8.0724,8.1454,0.9910378864144179,False,False,False,NASA POWER Daily API,LST
2024-07-31,Tesla Fremont Factory,37.4926897,-121.9415083,0.0,16.94,7.7902,7.9711,0.9773055161771901,False,False,False,NASA POWER Daily API,LST
2024-08-01,Tesla Fremont Factory,37.4926897,-121.9415083,0.0,28.22,7.8031,7.9738,0.9785923900775038,False,False,False,NASA POWER Daily API,LST
2024-08-02,Tesla Fremont Factory,37.4926897,-121.9415083,0.01,58.86,4.6776,6.9576,0.6723007933770265,False,False,False,NASA POWER Daily API,LST
2024-08-03,Tesla Fremont Factory,37.4926897,-121.9415083,0.0,17.3,7.4011,7.4496,0.9934895833333333,False,False,False,NASA POWER Daily API,LST
2024-08-04,Tesla Fremont Factory,37.4926897,-121.9415083,0.01,6.71,7.7609,7.9241,0.9794046011534433,False,False,False,NASA POWER Daily API,LST
2024-08-05,Tesla Fremont Factory,37.4926897,-121.9415083,0.01,14.65,7.8302,7.9973,0.9791054480887299,False,False,False,NASA POWER Daily API,LST
2024-08-06,Tesla Fremont Factory,37.4926897,-121.9415083,0.0,1.77,7.7506,7.813,0.9920133111480866,False,False,False,NASA POWER Daily API,LST
2024-08-07,Tesla Fremont Factory,37.4926897,-121.9415083,0.0,3.29,7.6819,7.7246,0.9944722056805531,False,False,False,NASA POWER Daily API,LST
2024-08-08,Tesla Fremont Factory,37.4926897,-121.9415083,0.0,4.37,7.691,7.7218,0.9960112927037738,False,False,False,NASA POWER Daily API,LST
2024-08-09,Tesla Fremont Factory,37.4926897,-121.9415083,0.0,5.76,7.627,7.7561,0.983355036680806,False,False,False,NASA POWER Daily API,LST
2024-08-10,Tesla Fremont Factory,37.4926897,-121.9415083,0.0,33.63,7.224,7.7789,0.9286660067618815,False,False,False,NASA POWER Daily API,LST
2024-08-11,Tesla Fremont Factory,37.4926897,-121.9415083,0.0,49.92,6.4018,7.6421,0.8377016788579055,False,False,False,NASA POWER Daily API,LST
2024-08-12,Tesla Fremont Factory,37.4926897,-121.9415083,0.0,22.2,7.1508,7.5859,0.9426435887633637,False,False,False,NASA POWER Daily API,LST
2024-08-13,Tesla Fremont Factory,37.4926897,-121.9415083,0.0,27.78,7.4398,7.704,0.9657061266874352,False,False,False,NASA POWER Daily API,LST
2024-08-14,Tesla Fremont Factory,37.4926897,-121.9415083,0.0,1.7,7.6966,7.7119,0.9980160531127219,False,False,False,NASA POWER Daily API,LST
2024-08-15,Tesla Fremont Factory,37.4926897,-121.9415083,0.0,1.85,7.6685,7.703,0.9955212254965597,False,False,False,NASA POWER Daily API,LST
2024-08-16,Tesla Fremont Factory,37.4926897,-121.9415083,0.0,1.92,7.5557,7.6027,0.9938179857156011,False,False,False,NASA POWER Daily API,LST
2024-08-17,Tesla Fremont Factory,37.4926897,-121.9415083,0.0,15.5,7.0217,7.5206,0.9336622078025689,False,False,False,NASA POWER Daily API,LST
2024-08-18,Tesla Fremont Factory,37.4926897,-121.9415083,0.0,3.0,7.6253,7.6404,0.9980236636825298,False,False,False,NASA POWER Daily API,LST
2024-08-19,Tesla Fremont Factory,37.4926897,-121.9415083,0.0,1.33,7.638,7.6488,0.9985880138060873,False,False,False,NASA POWER Daily API,LST
2024-08-20,Tesla Fremont Factory,37.4926897,-121.9415083,0.0,1.35,7.5398,7.5614,0.9971433861454227,False,False,False,NASA POWER Daily API,LST
2024-08-21,Tesla Fremont Factory,37.4926897,-121.9415083,0.01,2.6,7.4666,7.5226,0.9925557652939143,False,False,False,NASA POWER Daily API,LST
2024-08-22,Tesla Fremont Factory,37.4926897,-121.9415083,0.01,19.41,6.8016,7.3858,0.9209022719272116,False,False,False,NASA POWER Daily API,LST
2024-08-23,Tesla Fremont Factory,37.4926897,-121.9415083,0.04,65.84,4.6529,7.0416,0.6607731197455123,False,False,False,NASA POWER Daily API,LST
2024-08-24,Tesla Fremont Factory,37.4926897,-121.9415083,0.2,50.56,5.7014,7.0147,0.812778878640569,False,False,False,NASA POWER Daily API,LST
2024-08-25,Tesla Fremont Factory,37.4926897,-121.9415083,0.01,2.53,7.1674,7.2017,0.9952372356526931,False,False,False,NASA POWER Daily API,LST
2024-08-26,Tesla Fremont Factory,37.4926897,-121.9415083,0.0,4.31,6.9917,7.1453,0.9785033518536661,False,False,False,NASA POWER Daily API,LST
2024-08-27,Tesla Fremont Factory,37.4926897,-121.9415083,0.01,0.93,7.0697,7.0939,0.9965886183904482,False,False,False,NASA POWER Daily API,LST
2024-08-28,Tesla Fremont Factory,37.4926897,-121.9415083,0.01,1.18,7.0219,7.049,0.9961554830472407,False,False,False,NASA POWER Daily API,LST
2024-08-29,Tesla Fremont Factory,37.4926897,-121.9415083,0.0,3.37,6.8882,6.9343,0.9933518884386312,False,False,False,NASA POWER Daily API,LST
2024-08-30,Tesla Fremont Factory,37.4926897,-121.9415083,0.0,4.44,6.9593,6.9881,0.9958787080894663,False,False,False,NASA POWER Daily API,LST
2024-08-31,Tesla Fremont Factory,37.4926897,-121.9415083,0.0,6.36,6.8983,6.9545,0.9919189014307283,False,False,False,NASA POWER Daily API,LST
2024-09-01,Tesla Fremont Factory,37.4926897,-121.9415083,0.0,4.0,6.9432,6.9919,0.9930347974084297,False,False,False,NASA POWER Daily API,LST
2024-09-02,Tesla Fremont Factory,37.4926897,-121.9415083,0.0,2.3,7.074,7.0975,0.996688974991194,False,False,False,NASA POWER Daily API,LST
2024-09-03,Tesla Fremont Factory,37.4926897,-121.9415083,0.01,1.67,6.9413,6.9646,0.9966545099503202,False,False,False,NASA POWER Daily API,LST
2024-09-04,Tesla Fremont Factory,37.4926897,-121.9415083,0.0,3.27,6.7615,6.8146,0.992207906553576,False,False,False,NASA POWER Daily API,LST
2024-09-05,Tesla Fremont Factory,37.4926897,-121.9415083,0.0,4.61,6.5729,6.6204,0.9928252069361367,False,False,False,NASA POWER Daily API,LST
2024-09-06,Tesla Fremont Factory,37.4926897,-121.9415083,0.0,2.06,6.4711,6.5052,0.9947580397220684,False,False,False,NASA POWER Daily API,LST
2024-09-07,Tesla Fremont Factory,37.4926897,-121.9415083,0.0,1.11,6.6266,6.6473,0.9968859536954853,False,False,False,NASA POWER Daily API,LST
2024-09-08,Tesla Fremont Factory,37.4926897,-121.9415083,0.0,1.16,6.7361,6.751,0.9977929195674715,False,False,False,NASA POWER Daily API,LST
2024-09-09,Tesla Fremont Factory,37.4926897,-121.9415083,0.01,2.03,6.6557,6.6797,0.9964070242675569,False,False,False,NASA POWER Daily API,LST
2024-09-10,Tesla Fremont Factory,37.4926897,-121.9415083,0.02,18.16,6.3854,6.6934,0.9539845220665133,False,False,False,NASA POWER Daily API,LST
2024-09-11,Tesla Fremont Factory,37.4926897,-121.9415083,0.01,5.4,6.5935,6.6449,0.9922647443904348,False,False,False,NASA POWER Daily API,LST
2024-09-12,Tesla Fremont Factory,37.4926897,-121.9415083,0.0,3.3,6.5582,6.5928,0.9947518505035796,False,False,False,NASA POWER Daily API,LST
2024-09-13,Tesla Fremont Factory,37.4926897,-121.9415083,0.01,1.57,6.407,6.4296,0.9964850068433495,False,False,False,NASA POWER Daily API,LST
2024-09-14,Tesla Fremont Factory,37.4926897,-121.9415083,0.02,1.36,6.3761,6.3965,0.9968107558821231,False,False,False,NASA POWER Daily API,LST
2024-09-15,Tesla Fremont Factory,37.4926897,-121.9415083,0.06,53.38,5.2903,6.3502,0.8330918711221694,False,False,False,NASA POWER Daily API,LST
2024-09-16,Tesla Fremont Factory,37.4926897,-121.9415083,0.09,59.79,3.7714,6.0886,0.6194198994842821,False,False,False,NASA POWER Daily API,LST
2024-09-17,Tesla Fremont Factory,37.4926897,-121.9415083,0.04,59.82,5.454,5.9736,0.9130172760144636,False,False,False,NASA POWER Daily API,LST
2024-09-18,Tesla Fremont Factory,37.4926897,-121.9415083,0.02,88.8,4.1566,5.8862,0.7061601712480039,False,True,True,NASA POWER Daily API,LST
2024-09-19,Tesla Fremont Factory,37.4926897,-121.9415083,0.01,19.59,5.5992,5.815,0.9628890799656061,False,False,False,NASA POWER Daily API,LST
2024-09-20,Tesla Fremont Factory,37.4926897,-121.9415083,0.03,11.89,5.8426,5.939,0.9837683111634955,False,False,False,NASA POWER Daily API,LST
2024-09-21,Tesla Fremont Factory,37.4926897,-121.9415083,0.01,7.44,5.7559,5.9386,0.9692351732731619,False,False,False,NASA POWER Daily API,LST
2024-09-22,Tesla Fremont Factory,37.4926897,-121.9415083,0.0,5.64,5.7348,5.8363,0.9826088446447236,False,False,False,NASA POWER Daily API,LST
2024-09-23,Tesla Fremont Factory,37.4926897,-121.9415083,0.0,16.89,5.7418,5.8066,0.9888402851927116,False,False,False,NASA POWER Daily API,LST
2024-09-24,Tesla Fremont Factory,37.4926897,-121.9415083,0.0,1.48,5.6201,5.6357,0.9972319321468496,False,False,False,NASA POWER Daily API,LST
2024-09-25,Tesla Fremont Factory,37.4926897,-121.9415083,0.0,11.99,5.6078,5.7396,0.9770367272980696,False,False,False,NASA POWER Daily API,LST
2024-09-26,Tesla Fremont Factory,37.4926897,-121.9415083,0.0,13.28,5.7158,5.8464,0.9776614668856047,False,False,False,NASA POWER Daily API,LST
2024-09-27,Tesla Fremont Factory,37.4926897,-121.9415083,0.0,1.71,5.813,5.8318,0.9967762954833841,False,False,False,NASA POWER Daily API,LST
2024-09-28,Tesla Fremont Factory,37.4926897,-121.9415083,0.0,7.01,5.5243,5.6124,0.9843026156368042,False,False,False,NASA POWER Daily API,LST
2024-09-29,Tesla Fremont Factory,37.4926897,-121.9415083,0.0,10.4,5.6292,5.7089,0.9860393420799103,False,False,False,NASA POWER Daily API,LST
2024-09-30,Tesla Fremont Factory,37.4926897,-121.9415083,0.0,0.84,5.485,5.4979,0.9976536495752926,False,False,False,NASA POWER Daily API,LST
2024-10-01,Tesla Fremont Factory,37.4926897,-121.9415083,0.0,0.82,5.3285,5.3366,0.9984821796649552,False,False,False,NASA POWER Daily API,LST
2024-10-02,Tesla Fremont Factory,37.4926897,-121.9415083,0.0,1.42,5.3167,5.3338,0.9967940305223293,False,False,False,NASA POWER Daily API,LST
2024-10-03,Tesla Fremont Factory,37.4926897,-121.9415083,0.0,1.35,5.3657,5.3892,0.9956394270021526,False,False,False,NASA POWER Daily API,LST
2024-10-04,Tesla Fremont Factory,37.4926897,-121.9415083,0.0,16.08,5.1984,5.2822,0.9841353981295674,False,False,False,NASA POWER Daily API,LST
2024-10-05,Tesla Fremont Factory,37.4926897,-121.9415083,0.0,2.16,5.1379,5.1751,0.9928117331066068,False,False,False,NASA POWER Daily API,LST
2024-10-06,Tesla Fremont Factory,37.4926897,-121.9415083,0.0,26.88,4.956,5.0887,0.9739226128480751,False,False,False,NASA POWER Daily API,LST
2024-10-07,Tesla Fremont Factory,37.4926897,-121.9415083,0.0,41.68,4.8775,5.0273,0.9702026932946114,False,False,False,NASA POWER Daily API,LST
2024-10-08,Tesla Fremont Factory,37.4926897,-121.9415083,0.01,3.86,5.147,5.1708,0.9953972306026148,False,False,False,NASA POWER Daily API,LST
2024-10-09,Tesla Fremont Factory,37.4926897,-121.9415083,0.03,42.35,4.8298,5.2505,0.9198742976859346,False,False,False,NASA POWER Daily API,LST
2024-10-10,Tesla Fremont Factory,37.4926897,-121.9415083,0.01,54.39,3.9382,5.0995,0.7722717913520933,False,False,False,NASA POWER Daily API,LST
2024-10-11,Tesla Fremont Factory,37.4926897,-121.9415083,0.0,8.07,5.065,5.1122,0.9907671843824578,False,False,False,NASA POWER Daily API,LST
2024-10-12,Tesla Fremont Factory,37.4926897,-121.9415083,0.11,10.88,4.7268,4.9082,0.9630414408540809,False,False,False,NASA POWER Daily API,LST
2024-10-13,Tesla Fremont Factory,37.4926897,-121.9415083,0.03,15.71,4.5732,4.8667,0.939692193889083,False,False,False,NASA POWER Daily API,LST
2024-10-14,Tesla Fremont Factory,37.4926897,-121.9415083,0.07,8.67,4.704,4.8962,0.9607450676034475,False,False,False,NASA POWER Daily API,LST
2024-10-15,Tesla Fremont Factory,37.4926897,-121.9415083,0.06,1.11,4.8586,4.8818,0.9952476545536483,False,False,False,NASA POWER Daily API,LST
2024-10-16,Tesla Fremont Factory,37.4926897,-121.9415083,0.02,40.76,3.0574,4.6632,0.6556441928289587,False,False,False,NASA POWER Daily API,LST
2024-10-17,Tesla Fremont Factory,37.4926897,-121.9415083,0.01,5.53,4.7585,4.8746,0.9761826611414269,False,False,False,NASA POWER Daily API,LST
2024-10-18,Tesla Fremont Factory,37.4926897,-121.9415083,0.0,7.64,4.897,4.9596,0.9873780143559965,False,False,False,NASA POWER Daily API,LST
2024-10-19,Tesla Fremont Factory,37.4926897,-121.9415083,0.0,5.78,4.8086,4.8276,0.9960642969591516,False,False,False,NASA POWER Daily API,LST
2024-10-20,Tesla Fremont Factory,37.4926897,-121.9415083,0.0,26.11,4.6284,4.6795,0.9890800299177263,False,False,False,NASA POWER Daily API,LST
2024-10-21,Tesla Fremont Factory,37.4926897,-121.9415083,0.0,7.89,4.5295,4.537,0.9983469252810226,False,False,False,NASA POWER Daily API,LST
2024-10-22,Tesla Fremont Factory,37.4926897,-121.9415083,0.01,6.61,4.5041,4.5461,0.9907613118937111,False,False,False,NASA POWER Daily API,LST
2024-10-23,Tesla Fremont Factory,37.4926897,-121.9415083,0.0,4.37,4.5154,4.5514,0.9920903458276573,False,False,False,NASA POWER Daily API,LST
2024-10-24,Tesla Fremont Factory,37.4926897,-121.9415083,0.0,5.02,4.4582,4.4897,0.9929839410205581,False,False,False,NASA POWER Daily API,LST
2024-10-25,Tesla Fremont Factory,37.4926897,-121.9415083,0.0,28.41,3.5959,4.4177,0.8139755981619394,False,False,False,NASA POWER Daily API,LST
2024-10-26,Tesla Fremont Factory,37.4926897,-121.9415083,0.02,67.7,3.4982,4.3586,0.8025971642270454,False,False,False,NASA POWER Daily API,LST
2024-10-27,Tesla Fremont Factory,37.4926897,-121.9415083,0.06,67.96,3.4918,4.2478,0.822025519092236,False,False,False,NASA POWER Daily API,LST
2024-10-28,Tesla Fremont Factory,37.4926897,-121.9415083,0.15,28.65,3.6216,4.2809,0.8459903291363966,False,False,False,NASA POWER Daily API,LST
2024-10-29,Tesla Fremont Factory,37.4926897,-121.9415083,0.01,8.54,4.332,4.3596,0.9936691439581612,False,False,False,NASA POWER Daily API,LST
2024-10-30,Tesla Fremont Factory,37.4926897,-121.9415083,0.55,55.08,3.6386,4.2715,0.8518319091653986,False,False,False,NASA POWER Daily API,LST
2024-10-31,Tesla Fremont Factory,37.4926897,-121.9415083,1.43,41.13,3.8911,4.1405,0.9397657287767177,True,False,True,NASA POWER Daily API,LST
2024-11-01,Tesla Fremont Factory,37.4926897,-121.9415083,1.97,66.0,3.4738,3.9876,0.8711505667569466,True,False,True,NASA POWER Daily API,LST
2024-11-02,Tesla Fremont Factory,37.4926897,-121.9415083,1.61,44.44,3.5971,3.9962,0.9001301236174366,True,False,True,NASA POWER Daily API,LST
2024-11-03,Tesla Fremont Factory,37.4926897,-121.9415083,0.06,2.17,4.0634,4.0891,0.993714998410408,False,False,False,NASA POWER Daily API,LST
2024-11-04,Tesla Fremont Factory,37.4926897,-121.9415083,0.0,7.96,3.9554,3.9785,0.9941937916300113,False,False,False,NASA POWER Daily API,LST
2024-11-05,Tesla Fremont Factory,37.4926897,-121.9415083,0.0,79.7,3.1812,3.9473,0.8059179692448003,False,False,False,NASA POWER Daily API,LST
2024-11-06,Tesla Fremont Factory,37.4926897,-121.9415083,0.0,1.33,3.9991,4.0106,0.9971325986136736,False,False,False,NASA POWER Daily API,LST
2024-11-07,Tesla Fremont Factory,37.4926897,-121.9415083,0.0,0.25,3.8995,3.9026,0.9992056577666172,False,False,False,NASA POWER Daily API,LST
2024-11-08,Tesla Fremont Factory,37.4926897,-121.9415083,0.01,3.17,3.8254,3.8407,0.9960163511859818,False,False,False,NASA POWER Daily API,LST
2024-11-09,Tesla Fremont Factory,37.4926897,-121.9415083,0.01,27.56,3.6134,3.7872,0.9541085762568653,False,False,False,NASA POWER Daily API,LST
2024-11-10,Tesla Fremont Factory,37.4926897,-121.9415083,0.05,9.24,3.7334,3.7543,0.994433050102549,False,False,False,NASA POWER Daily API,LST
2024-11-11,Tesla Fremont Factory,37.4926897,-121.9415083,8.91,56.69,0.8899,3.557,0.25018273826258086,True,False,True,NASA POWER Daily API,LST
2024-11-12,Tesla Fremont Factory,37.4926897,-121.9415083,0.13,29.01,3.5129,3.6634,0.9589179450783425,False,False,False,NASA POWER Daily API,LST
2024-11-13,Tesla Fremont Factory,37.4926897,-121.9415083,0.45,58.41,2.616,3.6048,0.725699067909454,False,False,False,NASA POWER Daily API,LST
2024-11-14,Tesla Fremont Factory,37.4926897,-121.9415083,0.9,43.9,2.6815,3.4757,0.7714992663348391,False,False,False,NASA POWER Daily API,LST
2024-11-15,Tesla Fremont Factory,37.4926897,-121.9415083,0.06,22.94,3.2347,3.5976,0.8991271959083834,False,False,False,NASA POWER Daily API,LST
2024-11-16,Tesla Fremont Factory,37.4926897,-121.9415083,0.0,6.03,3.558,3.6163,0.9838785498990681,False,False,False,NASA POWER Daily API,LST
2024-11-17,Tesla Fremont Factory,37.4926897,-121.9415083,0.95,34.47,2.6705,3.3924,0.7872008017922415,False,False,False,NASA POWER Daily API,LST
2024-11-18,Tesla Fremont Factory,37.4926897,-121.9415083,0.02,42.93,3.3588,3.5342,0.9503706637994455,False,False,False,NASA POWER Daily API,LST
2024-11-19,Tesla Fremont Factory,37.4926897,-121.9415083,0.0,93.51,2.5994,3.4258,0.7587716737696305,False,True,True,NASA POWER Daily API,LST
2024-11-20,Tesla Fremont Factory,37.4926897,-121.9415083,4.78,99.88,1.1858,3.2546,0.3643458489522522,True,True,True,NASA POWER Daily API,LST
2024-11-21,Tesla Fremont Factory,37.4926897,-121.9415083,6.33,95.1,1.3891,3.21,0.43274143302180684,True,True,True,NASA POWER Daily API,LST
2024-11-22,Tesla Fremont Factory,37.4926897,-121.9415083,41.95,99.64,0.6598,3.1577,0.20894955188903316,True,True,True,NASA POWER Daily API,LST
2024-11-23,Tesla Fremont Factory,37.4926897,-121.9415083,1.21,62.95,2.3806,3.246,0.7333949476278496,True,False,True,NASA POWER Daily API,LST
2024-11-24,Tesla Fremont Factory,37.4926897,-121.9415083,0.31,47.76,2.862,3.2333,0.8851637645748927,False,False,False,NASA POWER Daily API,LST
2024-11-25,Tesla Fremont Factory,37.4926897,-121.9415083,8.96,99.61,0.8602,3.0845,0.27887826227913765,True,True,True,NASA POWER Daily API,LST
2024-11-26,Tesla Fremont Factory,37.4926897,-121.9415083,0.84,92.09,1.4314,3.1039,0.46116176423209515,False,True,True,NASA POWER Daily API,LST
2024-11-27,Tesla Fremont Factory,37.4926897,-121.9415083,0.02,27.85,3.2604,3.3163,0.9831438651509212,False,False,False,NASA POWER Daily API,LST
2024-11-28,Tesla Fremont Factory,37.4926897,-121.9415083,0.0,31.84,3.198,3.2957,0.9703553114664563,False,False,False,NASA POWER Daily API,LST
2024-11-29,Tesla Fremont Factory,37.4926897,-121.9415083,0.0,60.41,2.7924,3.2074,0.8706117104196547,False,False,False,NASA POWER Daily API,LST
2024-11-30,Tesla Fremont Factory,37.4926897,-121.9415083,0.0,83.4,2.2512,3.0854,0.7296298697089518,False,True,True,NASA POWER Daily API,LST
2024-12-01,Tesla Fremont Factory,37.4926897,-121.9415083,0.0,71.64,2.3801,2.8944,0.822312050856827,False,False,False,NASA POWER Daily API,LST
2024-12-02,Tesla Fremont Factory,37.4926897,-121.9415083,0.0,14.68,2.7758,2.8817,0.9632508588680293,False,False,False,NASA POWER Daily API,LST
2024-12-03,Tesla Fremont Factory,37.4926897,-121.9415083,0.0,2.78,2.8363,2.8598,0.9917826421428072,False,False,False,NASA POWER Daily API,LST
2024-12-04,Tesla Fremont Factory,37.4926897,-121.9415083,0.0,5.36,2.825,2.8279,0.998974504048941,False,False,False,NASA POWER Daily API,LST
2024-12-05,Tesla Fremont Factory,37.4926897,-121.9415083,0.01,45.88,2.6887,2.8939,0.9290922284805971,False,False,False,NASA POWER Daily API,LST
2024-12-06,Tesla Fremont Factory,37.4926897,-121.9415083,0.0,6.84,2.7571,2.8774,0.958191422812261,False,False,False,NASA POWER Daily API,LST
2024-12-07,Tesla Fremont Factory,37.4926897,-121.9415083,0.01,59.66,2.2915,2.7689,0.8275849615370725,False,False,False,NASA POWER Daily API,LST
2024-12-08,Tesla Fremont Factory,37.4926897,-121.9415083,0.03,46.37,2.7847,2.9254,0.9519040131264102,False,False,False,NASA POWER Daily API,LST
2024-12-09,Tesla Fremont Factory,37.4926897,-121.9415083,0.0,14.45,2.9678,3.0722,0.9660178373803788,False,False,False,NASA POWER Daily API,LST
2024-12-10,Tesla Fremont Factory,37.4926897,-121.9415083,0.0,54.95,2.6594,2.9374,0.9053584802886908,False,False,False,NASA POWER Daily API,LST
2024-12-11,Tesla Fremont Factory,37.4926897,-121.9415083,0.45,77.9,2.5534,2.8846,0.8851833876447341,False,False,False,NASA POWER Daily API,LST
2024-12-12,Tesla Fremont Factory,37.4926897,-121.9415083,17.66,88.63,1.5564,2.8368,0.5486463620981387,True,True,True,NASA POWER Daily API,LST
2024-12-13,Tesla Fremont Factory,37.4926897,-121.9415083,4.98,93.23,1.2919,2.761,0.4679101774719305,True,True,True,NASA POWER Daily API,LST
2024-12-14,Tesla Fremont Factory,37.4926897,-121.9415083,36.27,74.95,1.7438,2.8286,0.616488722336138,True,False,True,NASA POWER Daily API,LST
2024-12-15,Tesla Fremont Factory,37.4926897,-121.9415083,0.19,55.11,2.3494,2.9028,0.8093564833953425,False,False,False,NASA POWER Daily API,LST
2024-12-16,Tesla Fremont Factory,37.4926897,-121.9415083,9.6,92.83,0.7524,2.6904,0.2796610169491525,True,True,True,NASA POWER Daily API,LST
2024-12-17,Tesla Fremont Factory,37.4926897,-121.9415083,0.1,66.52,1.8847,2.7895,0.6756407958415487,False,False,False,NASA POWER Daily API,LST
2024-12-18,Tesla Fremont Factory,37.4926897,-121.9415083,0.0,49.77,1.9334,2.9273,0.6604721074027261,False,False,False,NASA POWER Daily API,LST
2024-12-19,Tesla Fremont Factory,37.4926897,-121.9415083,0.01,53.65,1.907,2.8526,0.6685129355675524,False,False,False,NASA POWER Daily API,LST
2024-12-20,Tesla Fremont Factory,37.4926897,-121.9415083,0.02,86.84,1.4662,2.7302,0.537030254193832,False,True,True,NASA POWER Daily API,LST
2024-12-21,Tesla Fremont Factory,37.4926897,-121.9415083,2.83,99.0,0.9012,2.6794,0.33634395760244834,True,True,True,NASA POWER Daily API,LST
2024-12-22,Tesla Fremont Factory,37.4926897,-121.9415083,1.82,89.43,1.8199,2.623,0.6938238658025162,True,True,True,NASA POWER Daily API,LST
2024-12-23,Tesla Fremont Factory,37.4926897,-121.9415083,5.07,88.61,1.597,2.5711,0.6211349227956906,True,True,True,NASA POWER Daily API,LST
2024-12-24,Tesla Fremont Factory,37.4926897,-121.9415083,9.61,64.8,1.9214,2.899,0.662780269058296,True,False,True,NASA POWER Daily API,LST
2024-12-25,Tesla Fremont Factory,37.4926897,-121.9415083,0.23,82.43,2.2411,2.851,0.7860750613819713,False,True,True,NASA POWER Daily API,LST
2024-12-26,Tesla Fremont Factory,37.4926897,-121.9415083,9.35,95.69,1.6418,2.7223,0.6030929728538368,True,True,True,NASA POWER Daily API,LST
2024-12-27,Tesla Fremont Factory,37.4926897,-121.9415083,9.98,83.63,1.8096,2.7998,0.6463318808486321,True,True,True,NASA POWER Daily API,LST
2024-12-28,Tesla Fremont Factory,37.4926897,-121.9415083,0.58,80.42,1.9382,2.761,0.7019920318725099,False,True,True,NASA POWER Daily API,LST
2024-12-29,Tesla Fremont Factory,37.4926897,-121.9415083,10.08,47.81,1.8898,2.801,0.6746876115672973,True,False,True,NASA POWER Daily API,LST
2024-12-30,Tesla Fremont Factory,37.4926897,-121.9415083,0.09,41.22,2.8428,2.9887,0.9511827885033626,False,False,False,NASA POWER Daily API,LST
2024-12-31,Tesla Fremont Factory,37.4926897,-121.9415083,0.0,45.77,2.9666,3.0574,0.9703015634198994,False,False,False,NASA POWER Daily API,LST
2024-01-01,Tesla Gigafactory Nevada,39.5403926,-119.4390524,0.0,13.67,2.7137,2.7888,0.9730708548479632,False,False,False,NASA POWER Daily API,LST
2024-01-02,Tesla Gigafactory Nevada,39.5403926,-119.4390524,1.33,64.29,1.2175,2.7598,0.44115515617073703,True,False,True,NASA POWER Daily API,LST
2024-01-03,Tesla Gigafactory Nevada,39.5403926,-119.4390524,2.03,76.13,1.2763,2.8882,0.4419015303649332,True,False,True,NASA POWER Daily API,LST
2024-01-04,Tesla Gigafactory Nevada,39.5403926,-119.4390524,0.04,35.63,2.754,2.9134,0.9452872931969519,False,False,False,NASA POWER Daily API,LST
2024-01-05,Tesla Gigafactory Nevada,39.5403926,-119.4390524,0.56,47.68,2.7329,3.0252,0.9033782890387413,False,False,False,NASA POWER Daily API,LST
2024-01-06,Tesla Gigafactory Nevada,39.5403926,-119.4390524,1.84,89.21,0.511,2.8997,0.17622512673724866,True,True,True,NASA POWER Daily API,LST
2024-01-07,Tesla Gigafactory Nevada,39.5403926,-119.4390524,0.04,51.2,2.1982,3.0326,0.7248565587284838,False,False,False,NASA POWER Daily API,LST
2024-01-08,Tesla Gigafactory Nevada,39.5403926,-119.4390524,0.0,68.68,1.6591,2.9297,0.5663037171041404,False,False,False,NASA POWER Daily API,LST
2024-01-09,Tesla Gigafactory Nevada,39.5403926,-119.4390524,0.09,58.79,2.6616,2.9647,0.8977636860390595,False,False,False,NASA POWER Daily API,LST
2024-01-10,Tesla Gigafactory Nevada,39.5403926,-119.4390524,7.8,68.63,2.011,2.9815,0.6744927050142546,True,False,True,NASA POWER Daily API,LST
2024-01-11,Tesla Gigafactory Nevada,39.5403926,-119.4390524,0.16,81.3,1.68,3.1488,0.5335365853658536,False,True,True,NASA POWER Daily API,LST
2024-01-12,Tesla Gigafactory Nevada,39.5403926,-119.4390524,0.74,96.63,0.9007,3.0353,0.2967416729812539,False,True,True,NASA POWER Daily API,LST
2024-01-13,Tesla Gigafactory Nevada,39.5403926,-119.4390524,1.74,77.99,0.8004,2.995,0.267245409015025,True,False,True,NASA POWER Daily API,LST
2024-01-14,Tesla Gigafactory Nevada,39.5403926,-119.4390524,0.28,48.99,2.1797,3.0929,0.7047431213424293,False,False,False,NASA POWER Daily API,LST
2024-01-15,Tesla Gigafactory Nevada,39.5403926,-119.4390524,0.01,27.72,3.0394,3.1949,0.9513286800838837,False,False,False,NASA POWER Daily API,LST
2024-01-16,Tesla Gigafactory Nevada,39.5403926,-119.4390524,1.93,62.43,1.8326,3.1142,0.588465737589108,True,False,True,NASA POWER Daily API,LST
2024-01-17,Tesla Gigafactory Nevada,39.5403926,-119.4390524,0.11,61.9,2.7602,3.209,0.8601433468370209,False,False,False,NASA POWER Daily API,LST
2024-01-18,Tesla Gigafactory Nevada,39.5403926,-119.4390524,0.0,94.02,2.4706,3.1613,0.7815139341410179,False,True,True,NASA POWER Daily API,LST
2024-01-19,Tesla Gigafactory Nevada,39.5403926,-119.4390524,0.02,98.06,2.4156,3.0552,0.7906520031421838,False,True,True,NASA POWER Daily API,LST
2024-01-20,Tesla Gigafactory Nevada,39.5403926,-119.4390524,0.46,91.22,2.4583,3.131,0.7851485148514852,False,True,True,NASA POWER Daily API,LST
2024-01-21,Tesla Gigafactory Nevada,39.5403926,-119.4390524,0.25,90.64,2.3278,3.198,0.7278924327704815,False,True,True,NASA POWER Daily API,LST
2024-01-22,Tesla Gigafactory Nevada,39.5403926,-119.4390524,3.4,93.27,1.1484,3.2659,0.35163354664870333,True,True,True,NASA POWER Daily API,LST
2024-01-23,Tesla Gigafactory Nevada,39.5403926,-119.4390524,0.36,58.8,2.4574,3.3523,0.7330489514661575,False,False,False,NASA POWER Daily API,LST
2024-01-24,Tesla Gigafactory Nevada,39.5403926,-119.4390524,0.62,88.37,1.8931,3.2918,0.5750956923263868,False,True,True,NASA POWER Daily API,LST
2024-01-25,Tesla Gigafactory Nevada,39.5403926,-119.4390524,0.14,24.57,3.1925,3.4745,0.9188372427687437,False,False,False,NASA POWER Daily API,LST
2024-01-26,Tesla Gigafactory Nevada,39.5403926,-119.4390524,0.0,93.12,1.5348,3.3173,0.46266542067343924,False,True,True,NASA POWER Daily API,LST
2024-01-27,Tesla Gigafactory Nevada,39.5403926,-119.4390524,0.0,97.2,2.7869,3.3511,0.8316373728029602,False,True,True,NASA POWER Daily API,LST
2024-01-28,Tesla Gigafactory Nevada,39.5403926,-119.4390524,0.0,40.1,3.1572,3.3446,0.9439693834838248,False,False,False,NASA POWER Daily API,LST
2024-01-29,Tesla Gigafactory Nevada,39.5403926,-119.4390524,0.0,9.98,3.4378,3.4759,0.9890388100923502,False,False,False,NASA POWER Daily API,LST
2024-01-30,Tesla Gigafactory Nevada,39.5403926,-119.4390524,0.0,65.96,2.8891,3.4315,0.8419350138423429,False,False,False,NASA POWER Daily API,LST
2024-01-31,Tesla Gigafactory Nevada,39.5403926,-119.4390524,0.32,99.06,1.4412,3.5086,0.4107621273442399,False,True,True,NASA POWER Daily API,LST
2024-02-01,Tesla Gigafactory Nevada,39.5403926,-119.4390524,2.51,78.47,1.8509,3.7037,0.49974349974349974,True,False,True,NASA POWER Daily API,LST
2024-02-02,Tesla Gigafactory Nevada,39.5403926,-119.4390524,0.76,66.23,2.4497,3.713,0.6597629948828441,False,False,False,NASA POWER Daily API,LST
2024-02-03,Tesla Gigafactory Nevada,39.5403926,-119.4390524,0.09,47.82,3.2422,3.9353,0.8238761974944732,False,False,False,NASA POWER Daily API,LST
2024-02-04,Tesla Gigafactory Nevada,39.5403926,-119.4390524,10.18,92.0,0.4126,3.8263,0.10783263204662469,True,True,True,NASA POWER Daily API,LST
2024-02-05,Tesla Gigafactory Nevada,39.5403926,-119.4390524,3.18,71.42,2.4346,3.9444,0.6172294899097455,True,False,True,NASA POWER Daily API,LST
2024-02-06,Tesla Gigafactory Nevada,39.5403926,-119.4390524,4.54,88.86,1.2425,3.9574,0.31396876737251733,True,True,True,NASA POWER Daily API,LST
2024-02-07,Tesla Gigafactory Nevada,39.5403926,-119.4390524,0.78,79.78,1.7803,3.9478,0.4509600283702315,False,False,False,NASA POWER Daily API,LST
2024-02-08,Tesla Gigafactory Nevada,39.5403926,-119.4390524,0.05,56.06,2.3892,3.9648,0.6026029055690073,False,False,False,NASA POWER Daily API,LST
2024-02-09,Tesla Gigafactory Nevada,39.5403926,-119.4390524,0.02,71.38,2.5051,3.9492,0.6343310037475945,False,False,False,NASA POWER Daily API,LST
2024-02-10,Tesla Gigafactory Nevada,39.5403926,-119.4390524,0.0,17.33,3.7409,4.2552,0.8791361158112426,False,False,False,NASA POWER Daily API,LST
2024-02-11,Tesla Gigafactory Nevada,39.5403926,-119.4390524,0.0,41.36,3.5177,4.2324,0.8311359984878556,False,False,False,NASA POWER Daily API,LST
2024-02-12,Tesla Gigafactory Nevada,39.5403926,-119.4390524,0.0,64.55,3.5707,4.243,0.8415507895357058,False,False,False,NASA POWER Daily API,LST
2024-02-13,Tesla Gigafactory Nevada,39.5403926,-119.4390524,0.0,72.84,2.0743,4.1302,0.50222749503656,False,False,False,NASA POWER Daily API,LST
2024-02-14,Tesla Gigafactory Nevada,39.5403926,-119.4390524,1.55,92.02,2.5668,4.0968,0.6265377855887523,True,True,True,NASA POWER Daily API,LST
2024-02-15,Tesla Gigafactory Nevada,39.5403926,-119.4390524,0.29,85.51,2.915,4.3464,0.6706699797533591,False,True,True,NASA POWER Daily API,LST
2024-02-16,Tesla Gigafactory Nevada,39.5403926,-119.4390524,0.01,98.09,2.0707,4.3106,0.4803739618614578,False,True,True,NASA POWER Daily API,LST
2024-02-17,Tesla Gigafactory Nevada,39.5403926,-119.4390524,0.73,95.18,0.7783,4.3226,0.18005367140147133,False,True,True,NASA POWER Daily API,LST
2024-02-18,Tesla Gigafactory Nevada,39.5403926,-119.4390524,2.16,29.72,4.1986,4.5698,0.9187710621909055,True,False,True,NASA POWER Daily API,LST
2024-02-19,Tesla Gigafactory Nevada,39.5403926,-119.4390524,11.69,59.6,3.9314,4.5874,0.8569996076208747,True,False,True,NASA POWER Daily API,LST
2024-02-20,Tesla Gigafactory Nevada,39.5403926,-119.4390524,0.56,48.01,4.2341,4.6462,0.9113038612199216,False,False,False,NASA POWER Daily API,LST
2024-02-21,Tesla Gigafactory Nevada,39.5403926,-119.4390524,0.25,43.27,3.8664,4.7366,0.8162817210657434,False,False,False,NASA POWER Daily API,LST
2024-02-22,Tesla Gigafactory Nevada,39.5403926,-119.4390524,0.0,9.44,4.5732,4.7974,0.9532663526076626,False,False,False,NASA POWER Daily API,LST
2024-02-23,Tesla Gigafactory Nevada,39.5403926,-119.4390524,0.0,55.17,3.6228,4.7465,0.7632571368376698,False,False,False,NASA POWER Daily API,LST
2024-02-24,Tesla Gigafactory Nevada,39.5403926,-119.4390524,0.0,16.07,4.669,4.7868,0.9753906576418483,False,False,False,NASA POWER Daily API,LST
2024-02-25,Tesla Gigafactory Nevada,39.5403926,-119.4390524,0.0,21.53,4.5648,4.8062,0.9497732096042613,False,False,False,NASA POWER Daily API,LST
2024-02-26,Tesla Gigafactory Nevada,39.5403926,-119.4390524,0.06,53.64,3.6062,4.8302,0.7465943439195065,False,False,False,NASA POWER Daily API,LST
2024-02-27,Tesla Gigafactory Nevada,39.5403926,-119.4390524,0.01,17.98,4.9594,5.063,0.9795378234248469,False,False,False,NASA POWER Daily API,LST
2024-02-28,Tesla Gigafactory Nevada,39.5403926,-119.4390524,0.01,31.87,4.8662,4.9637,0.980357394685416,False,False,False,NASA POWER Daily API,LST
2024-02-29,Tesla Gigafactory Nevada,39.5403926,-119.4390524,2.41,64.64,4.0968,5.029,0.8146351163253132,True,False,True,NASA POWER Daily API,LST
2024-03-01,Tesla Gigafactory Nevada,39.5403926,-119.4390524,7.05,96.53,1.7251,5.2078,0.33125312031952076,True,True,True,NASA POWER Daily API,LST
2024-03-02,Tesla Gigafactory Nevada,39.5403926,-119.4390524,9.66,98.33,1.7669,5.3623,0.32950413069018886,True,True,True,NASA POWER Daily API,LST
2024-03-03,Tesla Gigafactory Nevada,39.5403926,-119.4390524,2.34,89.79,1.8353,5.3851,0.3408107556034242,True,True,True,NASA POWER Daily API,LST
2024-03-04,Tesla Gigafactory Nevada,39.5403926,-119.4390524,0.24,88.13,2.4598,5.3222,0.4621772951035287,False,True,True,NASA POWER Daily API,LST
2024-03-05,Tesla Gigafactory Nevada,39.5403926,-119.4390524,0.03,72.06,3.4265,5.3122,0.6450246602161063,False,False,False,NASA POWER Daily API,LST
2024-03-06,Tesla Gigafactory Nevada,39.5403926,-119.4390524,0.03,89.66,3.5472,5.31,0.6680225988700565,False,True,True,NASA POWER Daily API,LST
2024-03-07,Tesla Gigafactory Nevada,39.5403926,-119.4390524,0.6,65.37,2.7223,5.4581,0.4987633059123138,False,False,False,NASA POWER Daily API,LST
2024-03-08,Tesla Gigafactory Nevada,39.5403926,-119.4390524,0.0,11.34,5.1926,5.7953,0.8960019326005555,False,False,False,NASA POWER Daily API,LST
2024-03-09,Tesla Gigafactory Nevada,39.5403926,-119.4390524,0.0,75.99,3.4793,5.5793,0.623608696431452,False,False,False,NASA POWER Daily API,LST
2024-03-10,Tesla Gigafactory Nevada,39.5403926,-119.4390524,0.01,92.45,3.9547,5.5104,0.7176792973286876,False,True,True,NASA POWER Daily API,LST
2024-03-11,Tesla Gigafactory Nevada,39.5403926,-119.4390524,0.07,73.05,4.6411,5.6206,0.8257303490730528,False,False,False,NASA POWER Daily API,LST
2024-03-12,Tesla Gigafactory Nevada,39.5403926,-119.4390524,0.14,80.19,4.5946,5.7252,0.8025221826311744,False,True,True,NASA POWER Daily API,LST
2024-03-13,Tesla Gigafactory Nevada,39.5403926,-119.4390524,0.0,44.51,5.1449,5.9642,0.8626303611548908,False,False,False,NASA POWER Daily API,LST
2024-03-14,Tesla Gigafactory Nevada,39.5403926,-119.4390524,0.0,13.78,5.809,6.1471,0.9449984545558068,False,False,False,NASA POWER Daily API,LST
2024-03-15,Tesla Gigafactory Nevada,39.5403926,-119.4390524,0.0,10.61,5.7338,6.0552,0.9469216541154709,False,False,False,NASA POWER Daily API,LST
2024-03-16,Tesla Gigafactory Nevada,39.5403926,-119.4390524,0.0,5.8,5.7691,5.9532,0.969075455217362,False,False,False,NASA POWER Daily API,LST
2024-03-17,Tesla Gigafactory Nevada,39.5403926,-119.4390524,0.0,16.07,5.7557,5.9462,0.9679627325014295,False,False,False,NASA POWER Daily API,LST
2024-03-18,Tesla Gigafactory Nevada,39.5403926,-119.4390524,0.0,11.98,5.64,6.019,0.9370327296893171,False,False,False,NASA POWER Daily API,LST
2024-03-19,Tesla Gigafactory Nevada,39.5403926,-119.4390524,0.0,4.26,5.8495,5.9969,0.9754206339942303,False,False,False,NASA POWER Daily API,LST
2024-03-20,Tesla Gigafactory Nevada,39.5403926,-119.4390524,0.0,32.97,6.0516,6.2282,0.9716450981021804,False,False,False,NASA POWER Daily API,LST
2024-03-21,Tesla Gigafactory Nevada,39.5403926,-119.4390524,0.0,51.73,6.1754,6.324,0.9765022137887412,False,False,False,NASA POWER Daily API,LST
2024-03-22,Tesla Gigafactory Nevada,39.5403926,-119.4390524,1.81,61.94,5.5649,6.1661,0.9024991485704091,True,False,True,NASA POWER Daily API,LST
2024-03-23,Tesla Gigafactory Nevada,39.5403926,-119.4390524,3.55,82.09,4.933,6.5369,0.7546390490905475,True,True,True,NASA POWER Daily API,LST
2024-03-24,Tesla Gigafactory Nevada,39.5403926,-119.4390524,1.47,72.62,3.6994,6.6005,0.5604726914627679,True,False,True,NASA POWER Daily API,LST
2024-03-25,Tesla Gigafactory Nevada,39.5403926,-119.4390524,0.39,59.88,5.4156,6.5237,0.8301424038505757,False,False,False,NASA POWER Daily API,LST
2024-03-26,Tesla Gigafactory Nevada,39.5403926,-119.4390524,0.49,61.88,5.8776,6.6458,0.8844081976586716,False,False,False,NASA POWER Daily API,LST
2024-03-27,Tesla Gigafactory Nevada,39.5403926,-119.4390524,0.54,85.64,4.6416,6.4661,0.7178360990396067,False,True,True,NASA POWER Daily API,LST
2024-03-28,Tesla Gigafactory Nevada,39.5403926,-119.4390524,0.81,65.8,5.9342,6.8431,0.8671800792038695,False,False,False,NASA POWER Daily API,LST
2024-03-29,Tesla Gigafactory Nevada,39.5403926,-119.4390524,2.3,98.91,3.373,6.7102,0.5026675806980417,True,True,True,NASA POWER Daily API,LST
2024-03-30,Tesla Gigafactory Nevada,39.5403926,-119.4390524,12.41,98.05,2.1686,6.8731,0.3155199255066855,True,True,True,NASA POWER Daily API,LST
2024-03-31,Tesla Gigafactory Nevada,39.5403926,-119.4390524,3.0,73.07,4.0606,6.6106,0.6142558920521587,True,False,True,NASA POWER Daily API,LST
2024-04-01,Tesla Gigafactory Nevada,39.5403926,-119.4390524,0.0,6.93,6.7188,6.9139,0.9717814836778085,False,False,False,NASA POWER Daily API,LST
2024-04-02,Tesla Gigafactory Nevada,39.5403926,-119.4390524,0.0,2.92,6.7543,6.8321,0.988612578855696,False,False,False,NASA POWER Daily API,LST
2024-04-03,Tesla Gigafactory Nevada,39.5403926,-119.4390524,0.46,39.04,6.0204,6.8064,0.8845204513399154,False,False,False,NASA POWER Daily API,LST
2024-04-04,Tesla Gigafactory Nevada,39.5403926,-119.4390524,1.48,65.59,3.9886,7.0946,0.5622022383221041,True,False,True,NASA POWER Daily API,LST
2024-04-05,Tesla Gigafactory Nevada,39.5403926,-119.4390524,1.14,81.02,3.9382,7.2535,0.5429378920521128,True,True,True,NASA POWER Daily API,LST
2024-04-06,Tesla Gigafactory Nevada,39.5403926,-119.4390524,0.0,50.97,6.2376,7.1923,0.867260820599808,False,False,False,NASA POWER Daily API,LST
2024-04-07,Tesla Gigafactory Nevada,39.5403926,-119.4390524,0.0,47.59,4.9358,6.8282,0.7228552180662547,False,False,False,NASA POWER Daily API,LST
2024-04-08,Tesla Gigafactory Nevada,39.5403926,-119.4390524,0.0,7.26,7.1518,7.3082,0.9785993815166525,False,False,False,NASA POWER Daily API,LST
2024-04-09,Tesla Gigafactory Nevada,39.5403926,-119.4390524,0.0,26.63,7.1597,7.3018,0.9805390451669451,False,False,False,NASA POWER Daily API,LST
2024-04-10,Tesla Gigafactory Nevada,39.5403926,-119.4390524,0.0,53.05,6.4817,7.1597,0.905303294830789,False,False,False,NASA POWER Daily API,LST
2024-04-11,Tesla Gigafactory Nevada,39.5403926,-119.4390524,0.0,4.0,7.1426,7.2689,0.9826246061990122,False,False,False,NASA POWER Daily API,LST
2024-04-12,Tesla Gigafactory Nevada,39.5403926,-119.4390524,0.01,51.5,5.8699,7.0843,0.8285786880849202,False,False,False,NASA POWER Daily API,LST
2024-04-13,Tesla Gigafactory Nevada,39.5403926,-119.4390524,0.92,55.85,5.0484,7.1422,0.7068410293747025,False,False,False,NASA POWER Daily API,LST
2024-04-14,Tesla Gigafactory Nevada,39.5403926,-119.4390524,0.59,97.56,4.4246,7.4782,0.5916664437966356,False,True,True,NASA POWER Daily API,LST
2024-04-15,Tesla Gigafactory Nevada,39.5403926,-119.4390524,0.05,28.23,6.8098,7.4786,0.9105714973390742,False,False,False,NASA POWER Daily API,LST
2024-04-16,Tesla Gigafactory Nevada,39.5403926,-119.4390524,0.0,39.25,6.8222,7.543,0.9044412037650801,False,False,False,NASA POWER Daily API,LST
2024-04-17,Tesla Gigafactory Nevada,39.5403926,-119.4390524,0.0,25.56,7.1755,7.59,0.9453886693017128,False,False,False,NASA POWER Daily API,LST
2024-04-18,Tesla Gigafactory Nevada,39.5403926,-119.4390524,0.0,29.13,7.6464,7.7251,0.9898124296125616,False,False,False,NASA POWER Daily API,LST
2024-04-19,Tesla Gigafactory Nevada,39.5403926,-119.4390524,0.0,32.96,7.3855,7.6169,0.9696201866901233,False,False,False,NASA POWER Daily API,LST
2024-04-20,Tesla Gigafactory Nevada,39.5403926,-119.4390524,0.0,30.56,7.4201,7.7376,0.9589666046319272,False,False,False,NASA POWER Daily API,LST
2024-04-21,Tesla Gigafactory Nevada,39.5403926,-119.4390524,0.0,6.75,7.7299,7.8221,0.9882128840081308,False,False,False,NASA POWER Daily API,LST
2024-04-22,Tesla Gigafactory Nevada,39.5403926,-119.4390524,0.0,37.51,7.1426,7.638,0.9351400890285415,False,False,False,NASA POWER Daily API,LST
2024-04-23,Tesla Gigafactory Nevada,39.5403926,-119.4390524,1.2,76.61,5.2601,7.4842,0.7028272894898586,True,False,True,NASA POWER Daily API,LST
2024-04-24,Tesla Gigafactory Nevada,39.5403926,-119.4390524,0.49,52.39,6.9799,7.6898,0.9076829046269084,False,False,False,NASA POWER Daily API,LST
2024-04-25,Tesla Gigafactory Nevada,39.5403926,-119.4390524,0.33,64.89,5.9138,7.7441,0.7636523288697201,False,False,False,NASA POWER Daily API,LST
2024-04-26,Tesla Gigafactory Nevada,39.5403926,-119.4390524,1.97,70.78,5.1713,8.0074,0.6458151210130628,True,False,True,NASA POWER Daily API,LST
2024-04-27,Tesla Gigafactory Nevada,39.5403926,-119.4390524,0.06,43.29,7.7251,8.131,0.9500799409666708,False,False,False,NASA POWER Daily API,LST
2024-04-28,Tesla Gigafactory Nevada,39.5403926,-119.4390524,0.0,20.98,7.7035,8.1326,0.9472370459631606,False,False,False,NASA POWER Daily API,LST
2024-04-29,Tesla Gigafactory Nevada,39.5403926,-119.4390524,0.0,4.03,8.249,8.3004,0.9938075273480798,False,False,False,NASA POWER Daily API,LST
2024-04-30,Tesla Gigafactory Nevada,39.5403926,-119.4390524,0.0,5.91,8.2898,8.3705,0.9903589988650618,False,False,False,NASA POWER Daily API,LST
2024-05-01,Tesla Gigafactory Nevada,39.5403926,-119.4390524,0.0,22.3,8.3825,8.5046,0.9856430637537333,False,False,False,NASA POWER Daily API,LST
2024-05-02,Tesla Gigafactory Nevada,39.5403926,-119.4390524,0.0,34.5,7.4568,8.1895,0.9105317784968557,False,False,False,NASA POWER Daily API,LST
2024-05-03,Tesla Gigafactory Nevada,39.5403926,-119.4390524,0.0,28.76,7.9613,8.1946,0.9715300319722744,False,False,False,NASA POWER Daily API,LST
2024-05-04,Tesla Gigafactory Nevada,39.5403926,-119.4390524,1.4,88.61,4.1904,8.3066,0.5044663279801604,True,True,True,NASA POWER Daily API,LST
2024-05-05,Tesla Gigafactory Nevada,39.5403926,-119.4390524,0.41,78.16,6.4236,8.5162,0.7542800779690473,False,False,False,NASA POWER Daily API,LST
2024-05-06,Tesla Gigafactory Nevada,39.5403926,-119.4390524,0.0,31.44,8.2526,8.4463,0.9770668813563333,False,False,False,NASA POWER Daily API,LST
2024-05-07,Tesla Gigafactory Nevada,39.5403926,-119.4390524,0.0,26.77,8.3856,8.6201,0.972796139255925,False,False,False,NASA POWER Daily API,LST
2024-05-08,Tesla Gigafactory Nevada,39.5403926,-119.4390524,0.0,6.97,8.6234,8.7523,0.9852724426722119,False,False,False,NASA POWER Daily API,LST
2024-05-09,Tesla Gigafactory Nevada,39.5403926,-119.4390524,0.0,4.43,8.5123,8.5848,0.9915548411145281,False,False,False,NASA POWER Daily API,LST
2024-05-10,Tesla Gigafactory Nevada,39.5403926,-119.4390524,0.0,8.47,8.3136,8.4972,0.9783928823612484,False,False,False,NASA POWER Daily API,LST
2024-05-11,Tesla Gigafactory Nevada,39.5403926,-119.4390524,0.0,1.6,8.437,8.4684,0.9962920976807896,False,False,False,NASA POWER Daily API,LST
2024-05-12,Tesla Gigafactory Nevada,39.5403926,-119.4390524,0.0,14.23,7.7465,8.3448,0.9283026555459688,False,False,False,NASA POWER Daily API,LST
2024-05-13,Tesla Gigafactory Nevada,39.5403926,-119.4390524,0.09,26.43,7.5202,8.2066,0.9163600029244754,False,False,False,NASA POWER Daily API,LST
2024-05-14,Tesla Gigafactory Nevada,39.5403926,-119.4390524,0.0,27.86,7.6075,8.2548,0.9215850172021127,False,False,False,NASA POWER Daily API,LST
2024-05-15,Tesla Gigafactory Nevada,39.5403926,-119.4390524,0.0,4.19,8.5205,8.5574,0.9956879425993878,False,False,False,NASA POWER Daily API,LST
2024-05-16,Tesla Gigafactory Nevada,39.5403926,-119.4390524,0.0,3.15,8.5068,8.5543,0.9944472370620624,False,False,False,NASA POWER Daily API,LST
2024-05-17,Tesla Gigafactory Nevada,39.5403926,-119.4390524,0.0,4.13,8.5498,8.6755,0.985510921560717,False,False,False,NASA POWER Daily API,LST
2024-05-18,Tesla Gigafactory Nevada,39.5403926,-119.4390524,0.0,21.07,8.4713,8.6417,0.9802816575442331,False,False,False,NASA POWER Daily API,LST
2024-05-19,Tesla Gigafactory Nevada,39.5403926,-119.4390524,0.0,27.78,7.2715,8.6626,0.8394131092281764,False,False,False,NASA POWER Daily API,LST
2024-05-20,Tesla Gigafactory Nevada,39.5403926,-119.4390524,0.02,22.43,8.1739,8.7365,0.9356035025467865,False,False,False,NASA POWER Daily API,LST
2024-05-21,Tesla Gigafactory Nevada,39.5403926,-119.4390524,0.0,10.53,8.8711,8.9141,0.9951761815550645,False,False,False,NASA POWER Daily API,LST
2024-05-22,Tesla Gigafactory Nevada,39.5403926,-119.4390524,0.0,31.1,8.5886,8.6818,0.9892648989840815,False,False,False,NASA POWER Daily API,LST
2024-05-23,Tesla Gigafactory Nevada,39.5403926,-119.4390524,0.01,42.03,8.1086,8.9182,0.909219349196026,False,False,False,NASA POWER Daily API,LST
2024-05-24,Tesla Gigafactory Nevada,39.5403926,-119.4390524,0.04,52.0,7.1179,8.5397,0.833507031862946,False,False,False,NASA POWER Daily API,LST
2024-05-25,Tesla Gigafactory Nevada,39.5403926,-119.4390524,0.11,20.33,8.5682,8.725,0.9820286532951289,False,False,False,NASA POWER Daily API,LST
2024-05-26,Tesla Gigafactory Nevada,39.5403926,-119.4390524,0.0,4.22,8.7221,8.7706,0.99447016167651,False,False,False,NASA POWER Daily API,LST
2024-05-27,Tesla Gigafactory Nevada,39.5403926,-119.4390524,0.0,21.15,8.2961,8.5992,0.964752535119546,False,False,False,NASA POWER Daily API,LST
2024-05-28,Tesla Gigafactory Nevada,39.5403926,-119.4390524,0.01,25.21,8.5308,8.6988,0.9806869913091459,False,False,False,NASA POWER Daily API,LST
2024-05-29,Tesla Gigafactory Nevada,39.5403926,-119.4390524,0.0,13.92,8.82,8.887,0.9924608979408124,False,False,False,NASA POWER Daily API,LST
2024-05-30,Tesla Gigafactory Nevada,39.5403926,-119.4390524,0.0,14.95,8.4194,8.7552,0.9616456505847952,False,False,False,NASA POWER Daily API,LST
2024-05-31,Tesla Gigafactory Nevada,39.5403926,-119.4390524,0.0,19.3,8.5222,8.6806,0.9817524134276432,False,False,False,NASA POWER Daily API,LST
2024-06-01,Tesla Gigafactory Nevada,39.5403926,-119.4390524,0.0,38.72,8.3189,8.6513,0.9615780287355655,False,False,False,NASA POWER Daily API,LST
2024-06-02,Tesla Gigafactory Nevada,39.5403926,-119.4390524,0.05,74.79,7.9015,8.6851,0.9097765137994958,False,False,False,NASA POWER Daily API,LST
2024-06-03,Tesla Gigafactory Nevada,39.5403926,-119.4390524,0.0,98.29,4.9044,8.6861,0.5646262419267566,False,True,True,NASA POWER Daily API,LST
2024-06-04,Tesla Gigafactory Nevada,39.5403926,-119.4390524,0.0,1.19,8.7526,8.7746,0.997492763202881,False,False,False,NASA POWER Daily API,LST
2024-06-05,Tesla Gigafactory Nevada,39.5403926,-119.4390524,0.09,26.19,8.2682,8.6292,0.9581652992166133,False,False,False,NASA POWER Daily API,LST
2024-06-06,Tesla Gigafactory Nevada,39.5403926,-119.4390524,0.07,27.83,7.5739,8.5286,0.8880590014773819,False,False,False,NASA POWER Daily API,LST
2024-06-07,Tesla Gigafactory Nevada,39.5403926,-119.4390524,0.04,2.39,8.9472,8.9921,0.9950067281280235,False,False,False,NASA POWER Daily API,LST
2024-06-08,Tesla Gigafactory Nevada,39.5403926,-119.4390524,0.01,65.12,7.601,8.9359,0.8506138161796797,False,False,False,NASA POWER Daily API,LST
2024-06-09,Tesla Gigafactory Nevada,39.5403926,-119.4390524,0.0,15.58,8.6189,8.7259,0.9877376545685833,False,False,False,NASA POWER Daily API,LST
2024-06-10,Tesla Gigafactory Nevada,39.5403926,-119.4390524,0.0,3.06,8.5296,8.5889,0.9930957398502718,False,False,False,NASA POWER Daily API,LST
2024-06-11,Tesla Gigafactory Nevada,39.5403926,-119.4390524,0.0,2.55,8.6767,8.7379,0.9929960287941039,False,False,False,NASA POWER Daily API,LST
2024-06-12,Tesla Gigafactory Nevada,39.5403926,-119.4390524,0.0,8.06,8.7794,8.8596,0.9909476725811549,False,False,False,NASA POWER Daily API,LST
2024-06-13,Tesla Gigafactory Nevada,39.5403926,-119.4390524,0.1,10.11,8.8099,8.9921,0.9797377698201755,False,False,False,NASA POWER Daily API,LST
2024-06-14,Tesla Gigafactory Nevada,39.5403926,-119.4390524,0.0,12.22,9.0535,9.143,0.9902110904517116,False,False,False,NASA POWER Daily API,LST
2024-06-15,Tesla Gigafactory Nevada,39.5403926,-119.4390524,0.0,20.28,8.831,9.0523,0.9755531743313852,False,False,False,NASA POWER Daily API,LST
2024-06-16,Tesla Gigafactory Nevada,39.5403926,-119.4390524,0.0,17.17,8.6184,9.037,0.953679318357862,False,False,False,NASA POWER Daily API,LST
2024-06-17,Tesla Gigafactory Nevada,39.5403926,-119.4390524,0.0,13.22,9.2148,9.4109,0.9791624605510632,False,False,False,NASA POWER Daily API,LST
2024-06-18,Tesla Gigafactory Nevada,39.5403926,-119.4390524,0.0,27.75,8.9426,9.4054,0.950794224594382,False,False,False,NASA POWER Daily API,LST
2024-06-19,Tesla Gigafactory Nevada,39.5403926,-119.4390524,0.0,15.48,8.8829,9.0859,0.977657689386852,False,False,False,NASA POWER Daily API,LST
2024-06-20,Tesla Gigafactory Nevada,39.5403926,-119.4390524,0.0,40.65,8.1053,8.7226,0.9292298167977437,False,False,False,NASA POWER Daily API,LST
2024-06-21,Tesla Gigafactory Nevada,39.5403926,-119.4390524,0.0,11.4,8.645,8.8433,0.9775762441622472,False,False,False,NASA POWER Daily API,LST
2024-06-22,Tesla Gigafactory Nevada,39.5403926,-119.4390524,0.0,1.23,8.9078,8.9429,0.9960750986816357,False,False,False,NASA POWER Daily API,LST
2024-06-23,Tesla Gigafactory Nevada,39.5403926,-119.4390524,0.0,1.79,8.977,9.0214,0.9950783692109872,False,False,False,NASA POWER Daily API,LST
2024-06-24,Tesla Gigafactory Nevada,39.5403926,-119.4390524,0.0,14.2,8.8454,9.0113,0.981589781718509,False,False,False,NASA POWER Daily API,LST
2024-06-25,Tesla Gigafactory Nevada,39.5403926,-119.4390524,1.32,73.58,5.5404,8.5872,0.6451928451648966,True,False,True,NASA POWER Daily API,LST
2024-06-26,Tesla Gigafactory Nevada,39.5403926,-119.4390524,0.98,22.11,8.1038,8.8162,0.9191942106576529,False,False,False,NASA POWER Daily API,LST
2024-06-27,Tesla Gigafactory Nevada,39.5403926,-119.4390524,0.0,25.73,8.3345,9.113,0.9145725886096786,False,False,False,NASA POWER Daily API,LST
2024-06-28,Tesla Gigafactory Nevada,39.5403926,-119.4390524,0.0,2.04,9.0374,9.0689,0.9965265908765121,False,False,False,NASA POWER Daily API,LST
2024-06-29,Tesla Gigafactory Nevada,39.5403926,-119.4390524,0.0,3.99,8.9818,9.0211,0.9956435467958452,False,False,False,NASA POWER Daily API,LST
2024-06-30,Tesla Gigafactory Nevada,39.5403926,-119.4390524,1.03,26.95,8.0527,8.8214,0.9128596367923458,True,False,True,NASA POWER Daily API,LST
2024-07-01,Tesla Gigafactory Nevada,39.5403926,-119.4390524,0.0,4.29,8.7043,8.8169,0.9872290714423436,False,False,False,NASA POWER Daily API,LST
2024-07-02,Tesla Gigafactory Nevada,39.5403926,-119.4390524,0.0,2.72,8.8934,8.9489,0.9937981204393835,False,False,False,NASA POWER Daily API,LST
2024-07-03,Tesla Gigafactory Nevada,39.5403926,-119.4390524,0.0,2.94,8.957,9.0058,0.99458126984832,False,False,False,NASA POWER Daily API,LST
2024-07-04,Tesla Gigafactory Nevada,39.5403926,-119.4390524,0.0,2.07,8.9635,8.9983,0.996132602824978,False,False,False,NASA POWER Daily API,LST
2024-07-05,Tesla Gigafactory Nevada,39.5403926,-119.4390524,0.0,1.78,8.9246,8.9618,0.9958490481822848,False,False,False,NASA POWER Daily API,LST
2024-07-06,Tesla Gigafactory Nevada,39.5403926,-119.4390524,0.0,3.36,8.892,8.9856,0.9895833333333333,False,False,False,NASA POWER Daily API,LST
2024-07-07,Tesla Gigafactory Nevada,39.5403926,-119.4390524,0.0,1.58,8.7089,8.7442,0.9959630383568537,False,False,False,NASA POWER Daily API,LST
2024-07-08,Tesla Gigafactory Nevada,39.5403926,-119.4390524,0.0,1.39,8.8529,8.8884,0.9960060303316681,False,False,False,NASA POWER Daily API,LST
2024-07-09,Tesla Gigafactory Nevada,39.5403926,-119.4390524,0.0,1.34,8.9573,8.9796,0.9975165931667336,False,False,False,NASA POWER Daily API,LST
2024-07-10,Tesla Gigafactory Nevada,39.5403926,-119.4390524,0.0,2.2,8.8118,8.8522,0.9954361627617994,False,False,False,NASA POWER Daily API,LST
2024-07-11,Tesla Gigafactory Nevada,39.5403926,-119.4390524,0.0,11.29,8.4122,8.5934,0.9789140503176856,False,False,False,NASA POWER Daily API,LST
2024-07-12,Tesla Gigafactory Nevada,39.5403926,-119.4390524,0.0,69.32,6.7639,8.1874,0.8261352810416004,False,False,False,NASA POWER Daily API,LST
2024-07-13,Tesla Gigafactory Nevada,39.5403926,-119.4390524,0.09,90.22,5.1773,7.7774,0.6656851904235348,False,True,True,NASA POWER Daily API,LST
2024-07-14,Tesla Gigafactory Nevada,39.5403926,-119.4390524,1.01,82.06,4.2178,7.9378,0.5313562951951423,True,True,True,NASA POWER Daily API,LST
2024-07-15,Tesla Gigafactory Nevada,39.5403926,-119.4390524,0.16,40.92,6.895,8.3203,0.8286960806701681,False,False,False,NASA POWER Daily API,LST
2024-07-16,Tesla Gigafactory Nevada,39.5403926,-119.4390524,0.0,32.25,7.5317,8.2954,0.9079369289003543,False,False,False,NASA POWER Daily API,LST
2024-07-17,Tesla Gigafactory Nevada,39.5403926,-119.4390524,0.0,11.85,8.5517,8.6443,0.9892877387411358,False,False,False,NASA POWER Daily API,LST
2024-07-18,Tesla Gigafactory Nevada,39.5403926,-119.4390524,0.0,36.63,7.4006,8.3273,0.8887154299712993,False,False,False,NASA POWER Daily API,LST
2024-07-19,Tesla Gigafactory Nevada,39.5403926,-119.4390524,0.08,32.11,7.5367,8.076,0.9332218920257552,False,False,False,NASA POWER Daily API,LST
2024-07-20,Tesla Gigafactory Nevada,39.5403926,-119.4390524,0.37,42.32,6.9017,7.7978,0.8850829721203417,False,False,False,NASA POWER Daily API,LST
2024-07-21,Tesla Gigafactory Nevada,39.5403926,-119.4390524,0.56,37.34,7.1004,8.0172,0.8856458613979942,False,False,False,NASA POWER Daily API,LST
2024-07-22,Tesla Gigafactory Nevada,39.5403926,-119.4390524,0.33,24.86,7.0118,8.0378,0.8723531314538804,False,False,False,NASA POWER Daily API,LST
2024-07-23,Tesla Gigafactory Nevada,39.5403926,-119.4390524,0.06,37.2,6.9614,8.0484,0.8649421002932259,False,False,False,NASA POWER Daily API,LST
2024-07-24,Tesla Gigafactory Nevada,39.5403926,-119.4390524,1.87,31.42,6.3305,7.8175,0.8097857371282379,True,False,True,NASA POWER Daily API,LST
2024-07-25,Tesla Gigafactory Nevada,39.5403926,-119.4390524,0.01,13.22,7.8449,8.2606,0.9496767789264702,False,False,False,NASA POWER Daily API,LST
2024-07-26,Tesla Gigafactory Nevada,39.5403926,-119.4390524,0.09,10.25,8.5351,8.6986,0.9812038718874301,False,False,False,NASA POWER Daily API,LST
2024-07-27,Tesla Gigafactory Nevada,39.5403926,-119.4390524,0.0,3.51,8.4578,8.4754,0.9979234018453407,False,False,False,NASA POWER Daily API,LST
2024-07-28,Tesla Gigafactory Nevada,39.5403926,-119.4390524,0.0,2.7,8.2226,8.2716,0.9940761158663379,False,False,False,NASA POWER Daily API,LST
2024-07-29,Tesla Gigafactory Nevada,39.5403926,-119.4390524,0.0,1.61,8.3146,8.3455,0.9962974057875503,False,False,False,NASA POWER Daily API,LST
2024-07-30,Tesla Gigafactory Nevada,39.5403926,-119.4390524,0.0,2.68,8.2994,8.3554,0.9932977475644494,False,False,False,NASA POWER Daily API,LST
2024-07-31,Tesla Gigafactory Nevada,39.5403926,-119.4390524,0.0,2.76,7.9946,8.0292,0.9956907288397351,False,False,False,NASA POWER Daily API,LST
2024-08-01,Tesla Gigafactory Nevada,39.5403926,-119.4390524,0.0,17.74,7.7789,7.9219,0.9819487749151088,False,False,False,NASA POWER Daily API,LST
2024-08-02,Tesla Gigafactory Nevada,39.5403926,-119.4390524,0.45,74.67,5.6966,7.3214,0.7780752315130987,False,False,False,NASA POWER Daily API,LST
2024-08-03,Tesla Gigafactory Nevada,39.5403926,-119.4390524,0.66,66.13,4.5744,7.2257,0.6330736122451804,False,False,False,NASA POWER Daily API,LST
2024-08-04,Tesla Gigafactory Nevada,39.5403926,-119.4390524,0.0,13.56,7.7904,7.9687,0.977624957646793,False,False,False,NASA POWER Daily API,LST
2024-08-05,Tesla Gigafactory Nevada,39.5403926,-119.4390524,0.06,21.98,7.9747,8.0662,0.9886563685502467,False,False,False,NASA POWER Daily API,LST
2024-08-06,Tesla Gigafactory Nevada,39.5403926,-119.4390524,0.0,4.98,8.0242,8.0662,0.994793087203392,False,False,False,NASA POWER Daily API,LST
2024-08-07,Tesla Gigafactory Nevada,39.5403926,-119.4390524,0.0,6.75,7.7794,7.9289,0.9811449255256088,False,False,False,NASA POWER Daily API,LST
2024-08-08,Tesla Gigafactory Nevada,39.5403926,-119.4390524,0.06,27.92,7.0214,7.8602,0.8932851581384698,False,False,False,NASA POWER Daily API,LST
2024-08-09,Tesla Gigafactory Nevada,39.5403926,-119.4390524,0.0,0.87,7.9867,8.0026,0.9980131457276386,False,False,False,NASA POWER Daily API,LST
2024-08-10,Tesla Gigafactory Nevada,39.5403926,-119.4390524,0.0,17.76,7.8017,8.1065,0.9624005427743169,False,False,False,NASA POWER Daily API,LST
2024-08-11,Tesla Gigafactory Nevada,39.5403926,-119.4390524,0.0,42.41,6.3739,7.987,0.7980343057468385,False,False,False,NASA POWER Daily API,LST
2024-08-12,Tesla Gigafactory Nevada,39.5403926,-119.4390524,0.0,36.09,6.9533,7.849,0.8858835520448464,False,False,False,NASA POWER Daily API,LST
2024-08-13,Tesla Gigafactory Nevada,39.5403926,-119.4390524,0.0,16.11,7.5206,7.8415,0.959076707262641,False,False,False,NASA POWER Daily API,LST
2024-08-14,Tesla Gigafactory Nevada,39.5403926,-119.4390524,0.0,2.37,7.8811,7.9272,0.9941845796750429,False,False,False,NASA POWER Daily API,LST
2024-08-15,Tesla Gigafactory Nevada,39.5403926,-119.4390524,0.0,2.76,7.8362,7.8919,0.992942130538907,False,False,False,NASA POWER Daily API,LST
2024-08-16,Tesla Gigafactory Nevada,39.5403926,-119.4390524,0.0,2.57,7.8386,7.8722,0.9957318157567134,False,False,False,NASA POWER Daily API,LST
2024-08-17,Tesla Gigafactory Nevada,39.5403926,-119.4390524,0.0,2.56,7.7942,7.8194,0.996777246336036,False,False,False,NASA POWER Daily API,LST
2024-08-18,Tesla Gigafactory Nevada,39.5403926,-119.4390524,0.0,3.15,7.6486,7.7215,0.9905588292430227,False,False,False,NASA POWER Daily API,LST
2024-08-19,Tesla Gigafactory Nevada,39.5403926,-119.4390524,0.0,5.89,7.5864,7.645,0.9923348593852191,False,False,False,NASA POWER Daily API,LST
2024-08-20,Tesla Gigafactory Nevada,39.5403926,-119.4390524,0.0,38.59,7.1119,7.7431,0.9184822616264804,False,False,False,NASA POWER Daily API,LST
2024-08-21,Tesla Gigafactory Nevada,39.5403926,-119.4390524,0.0,2.17,7.6274,7.6574,0.99608222111944,False,False,False,NASA POWER Daily API,LST
2024-08-22,Tesla Gigafactory Nevada,39.5403926,-119.4390524,0.0,2.58,7.5074,7.5331,0.9965883899058819,False,False,False,NASA POWER Daily API,LST
2024-08-23,Tesla Gigafactory Nevada,39.5403926,-119.4390524,0.01,76.9,5.6909,7.4014,0.7688950739049369,False,False,False,NASA POWER Daily API,LST
2024-08-24,Tesla Gigafactory Nevada,39.5403926,-119.4390524,1.63,74.39,2.9638,7.049,0.4204568023833168,True,False,True,NASA POWER Daily API,LST
2024-08-25,Tesla Gigafactory Nevada,39.5403926,-119.4390524,0.0,7.58,7.2487,7.3853,0.9815037980853859,False,False,False,NASA POWER Daily API,LST
2024-08-26,Tesla Gigafactory Nevada,39.5403926,-119.4390524,0.0,2.61,7.3294,7.3668,0.9949231688114243,False,False,False,NASA POWER Daily API,LST
2024-08-27,Tesla Gigafactory Nevada,39.5403926,-119.4390524,0.0,1.67,7.2288,7.2569,0.996127823175185,False,False,False,NASA POWER Daily API,LST
2024-08-28,Tesla Gigafactory Nevada,39.5403926,-119.4390524,0.0,1.44,7.0661,7.1069,0.9942591003109653,False,False,False,NASA POWER Daily API,LST
2024-08-29,Tesla Gigafactory Nevada,39.5403926,-119.4390524,0.0,0.99,7.0145,7.0421,0.9960807145595775,False,False,False,NASA POWER Daily API,LST
2024-08-30,Tesla Gigafactory Nevada,39.5403926,-119.4390524,0.0,1.62,6.973,6.9912,0.997396727314338,False,False,False,NASA POWER Daily API,LST
2024-08-31,Tesla Gigafactory Nevada,39.5403926,-119.4390524,0.11,11.02,6.491,6.7843,0.9567678316112199,False,False,False,NASA POWER Daily API,LST
2024-09-01,Tesla Gigafactory Nevada,39.5403926,-119.4390524,0.01,27.03,6.6967,6.8222,0.981604174606432,False,False,False,NASA POWER Daily API,LST
2024-09-02,Tesla Gigafactory Nevada,39.5403926,-119.4390524,0.21,16.3,6.8426,6.9624,0.9827932896702287,False,False,False,NASA POWER Daily API,LST
2024-09-03,Tesla Gigafactory Nevada,39.5403926,-119.4390524,0.0,1.84,6.9761,7.0114,0.9949653421570585,False,False,False,NASA POWER Daily API,LST
2024-09-04,Tesla Gigafactory Nevada,39.5403926,-119.4390524,0.0,0.99,6.7975,6.8309,0.9951104539665345,False,False,False,NASA POWER Daily API,LST
2024-09-05,Tesla Gigafactory Nevada,39.5403926,-119.4390524,0.0,3.12,6.6655,6.6943,0.9956978324843523,False,False,False,NASA POWER Daily API,LST
2024-09-06,Tesla Gigafactory Nevada,39.5403926,-119.4390524,0.1,40.73,5.119,6.235,0.8210104250200481,False,False,False,NASA POWER Daily API,LST
2024-09-07,Tesla Gigafactory Nevada,39.5403926,-119.4390524,0.0,58.34,6.1826,6.611,0.9351989109060657,False,False,False,NASA POWER Daily API,LST
2024-09-08,Tesla Gigafactory Nevada,39.5403926,-119.4390524,0.0,2.83,6.6946,6.727,0.9951835885238591,False,False,False,NASA POWER Daily API,LST
2024-09-09,Tesla Gigafactory Nevada,39.5403926,-119.4390524,0.0,23.83,6.3698,6.6065,0.9641716491334292,False,False,False,NASA POWER Daily API,LST
2024-09-10,Tesla Gigafactory Nevada,39.5403926,-119.4390524,0.0,10.24,6.5148,6.6994,0.9724452936083829,False,False,False,NASA POWER Daily API,LST
2024-09-11,Tesla Gigafactory Nevada,39.5403926,-119.4390524,0.0,5.48,6.6595,6.7164,0.9915281996307546,False,False,False,NASA POWER Daily API,LST
2024-09-12,Tesla Gigafactory Nevada,39.5403926,-119.4390524,0.0,9.24,6.5765,6.7234,0.9781509355385669,False,False,False,NASA POWER Daily API,LST
2024-09-13,Tesla Gigafactory Nevada,39.5403926,-119.4390524,0.0,1.86,6.5234,6.5424,0.997095866960137,False,False,False,NASA POWER Daily API,LST
2024-09-14,Tesla Gigafactory Nevada,39.5403926,-119.4390524,0.0,23.97,6.2789,6.3557,0.9879163585442989,False,False,False,NASA POWER Daily API,LST
2024-09-15,Tesla Gigafactory Nevada,39.5403926,-119.4390524,0.55,57.62,4.8953,6.3998,0.7649145285790181,False,False,False,NASA POWER Daily API,LST
2024-09-16,Tesla Gigafactory Nevada,39.5403926,-119.4390524,4.73,88.69,3.3751,6.0218,0.560480255073234,True,True,True,NASA POWER Daily API,LST
2024-09-17,Tesla Gigafactory Nevada,39.5403926,-119.4390524,2.49,96.46,2.7746,5.7031,0.48650733811435887,True,True,True,NASA POWER Daily API,LST
2024-09-18,Tesla Gigafactory Nevada,39.5403926,-119.4390524,5.49,89.59,4.1662,5.796,0.7188060731538992,True,True,True,NASA POWER Daily API,LST
2024-09-19,Tesla Gigafactory Nevada,39.5403926,-119.4390524,0.31,49.12,5.1924,5.797,0.8957046748318096,False,False,False,NASA POWER Daily API,LST
2024-09-20,Tesla Gigafactory Nevada,39.5403926,-119.4390524,0.0,6.49,5.7077,5.9129,0.9652962167464358,False,False,False,NASA POWER Daily API,LST
2024-09-21,Tesla Gigafactory Nevada,39.5403926,-119.4390524,0.0,2.26,5.9239,5.9978,0.9876788155657074,False,False,False,NASA POWER Daily API,LST
2024-09-22,Tesla Gigafactory Nevada,39.5403926,-119.4390524,0.0,3.84,5.9484,5.9762,0.9953482145845186,False,False,False,NASA POWER Daily API,LST
2024-09-23,Tesla Gigafactory Nevada,39.5403926,-119.4390524,0.0,10.83,5.7895,5.8978,0.9816372206585506,False,False,False,NASA POWER Daily API,LST
2024-09-24,Tesla Gigafactory Nevada,39.5403926,-119.4390524,0.0,1.46,5.7245,5.7574,0.9942856150345643,False,False,False,NASA POWER Daily API,LST
2024-09-25,Tesla Gigafactory Nevada,39.5403926,-119.4390524,0.0,8.46,5.7065,5.7475,0.9928664636798609,False,False,False,NASA POWER Daily API,LST
2024-09-26,Tesla Gigafactory Nevada,39.5403926,-119.4390524,0.0,1.65,5.8589,5.8843,0.9956834287850722,False,False,False,NASA POWER Daily API,LST
2024-09-27,Tesla Gigafactory Nevada,39.5403926,-119.4390524,0.0,1.61,5.707,5.7336,0.9953606808985628,False,False,False,NASA POWER Daily API,LST
2024-09-28,Tesla Gigafactory Nevada,39.5403926,-119.4390524,0.0,1.58,5.6419,5.6609,0.9966436432369411,False,False,False,NASA POWER Daily API,LST
2024-09-29,Tesla Gigafactory Nevada,39.5403926,-119.4390524,0.0,2.02,5.6405,5.6645,0.9957630858857799,False,False,False,NASA POWER Daily API,LST
2024-09-30,Tesla Gigafactory Nevada,39.5403926,-119.4390524,0.0,1.34,5.4415,5.4842,0.9922139965719702,False,False,False,NASA POWER Daily API,LST
2024-10-01,Tesla Gigafactory Nevada,39.5403926,-119.4390524,0.01,1.74,5.4391,5.4845,0.9917221259914304,False,False,False,NASA POWER Daily API,LST
2024-10-02,Tesla Gigafactory Nevada,39.5403926,-119.4390524,0.0,1.41,5.5229,5.5404,0.996841383293625,False,False,False,NASA POWER Daily API,LST
2024-10-03,Tesla Gigafactory Nevada,39.5403926,-119.4390524,0.0,2.58,5.4463,5.4924,0.9916065836428519,False,False,False,NASA POWER Daily API,LST
2024-10-04,Tesla Gigafactory Nevada,39.5403926,-119.4390524,0.0,6.51,5.0681,5.2855,0.9588686027811939,False,False,False,NASA POWER Daily API,LST
2024-10-05,Tesla Gigafactory Nevada,39.5403926,-119.4390524,0.0,28.72,4.7237,5.2301,0.9031758474981357,False,False,False,NASA POWER Daily API,LST
2024-10-06,Tesla Gigafactory Nevada,39.5403926,-119.4390524,0.0,19.7,4.7578,5.129,0.9276272177812439,False,False,False,NASA POWER Daily API,LST
2024-10-07,Tesla Gigafactory Nevada,39.5403926,-119.4390524,0.02,49.28,4.3418,4.9634,0.8747632671152838,False,False,False,NASA POWER Daily API,LST
2024-10-08,Tesla Gigafactory Nevada,39.5403926,-119.4390524,0.0,5.16,5.0441,5.106,0.987877007442225,False,False,False,NASA POWER Daily API,LST
2024-10-09,Tesla Gigafactory Nevada,39.5403926,-119.4390524,0.0,43.88,4.6402,5.1874,0.8945136291783938,False,False,False,NASA POWER Daily API,LST
2024-10-10,Tesla Gigafactory Nevada,39.5403926,-119.4390524,0.0,43.56,4.4916,5.0326,0.8925008941700114,False,False,False,NASA POWER Daily API,LST
2024-10-11,Tesla Gigafactory Nevada,39.5403926,-119.4390524,0.0,41.32,4.6682,4.9541,0.9422902242586947,False,False,False,NASA POWER Daily API,LST
2024-10-12,Tesla Gigafactory Nevada,39.5403926,-119.4390524,0.0,9.3,4.9661,5.0352,0.9862766126469654,False,False,False,NASA POWER Daily API,LST
2024-10-13,Tesla Gigafactory Nevada,39.5403926,-119.4390524,0.0,2.13,4.9675,4.9918,0.9951320165070717,False,False,False,NASA POWER Daily API,LST
2024-10-14,Tesla Gigafactory Nevada,39.5403926,-119.4390524,0.0,1.71,4.8782,4.9044,0.9946578582497348,False,False,False,NASA POWER Daily API,LST
2024-10-15,Tesla Gigafactory Nevada,39.5403926,-119.4390524,0.0,2.58,4.7383,4.776,0.992106365159129,False,False,False,NASA POWER Daily API,LST
2024-10-16,Tesla Gigafactory Nevada,39.5403926,-119.4390524,5.93,63.83,1.1563,4.5156,0.25606785366285767,True,False,True,NASA POWER Daily API,LST
2024-10-17,Tesla Gigafactory Nevada,39.5403926,-119.4390524,4.41,68.59,2.1372,4.6106,0.46354053702338094,True,False,True,NASA POWER Daily API,LST
2024-10-18,Tesla Gigafactory Nevada,39.5403926,-119.4390524,0.0,2.78,4.8298,4.8523,0.9953630237207097,False,False,False,NASA POWER Daily API,LST
2024-10-19,Tesla Gigafactory Nevada,39.5403926,-119.4390524,0.0,4.21,4.6757,4.7117,0.9923594456353332,False,False,False,NASA POWER Daily API,LST
2024-10-20,Tesla Gigafactory Nevada,39.5403926,-119.4390524,0.0,31.12,4.5067,4.5713,0.9858683525474154,False,False,False,NASA POWER Daily API,LST
2024-10-21,Tesla Gigafactory Nevada,39.5403926,-119.4390524,0.0,26.58,4.4446,4.499,0.9879084240942433,False,False,False,NASA POWER Daily API,LST
2024-10-22,Tesla Gigafactory Nevada,39.5403926,-119.4390524,0.0,48.34,3.9178,4.4117,0.8880476913661401,False,False,False,NASA POWER Daily API,LST
2024-10-23,Tesla Gigafactory Nevada,39.5403926,-119.4390524,0.0,11.67,4.297,4.4772,0.9597516304833378,False,False,False,NASA POWER Daily API,LST
2024-10-24,Tesla Gigafactory Nevada,39.5403926,-119.4390524,0.0,2.71,4.4551,4.4928,0.9916087962962963,False,False,False,NASA POWER Daily API,LST
2024-10-25,Tesla Gigafactory Nevada,39.5403926,-119.4390524,0.0,32.39,2.681,4.4014,0.6091243695187896,False,False,False,NASA POWER Daily API,LST
2024-10-26,Tesla Gigafactory Nevada,39.5403926,-119.4390524,0.02,64.88,3.8705,4.4273,0.8742348609762157,False,False,False,NASA POWER Daily API,LST
2024-10-27,Tesla Gigafactory Nevada,39.5403926,-119.4390524,0.03,35.22,3.9247,4.2967,0.9134219284567225,False,False,False,NASA POWER Daily API,LST
2024-10-28,Tesla Gigafactory Nevada,39.5403926,-119.4390524,1.33,67.17,3.4865,4.2494,0.8204687720619382,True,False,True,NASA POWER Daily API,LST
2024-10-29,Tesla Gigafactory Nevada,39.5403926,-119.4390524,0.41,48.87,3.3722,4.2799,0.7879156055048016,False,False,False,NASA POWER Daily API,LST
2024-10-30,Tesla Gigafactory Nevada,39.5403926,-119.4390524,0.0,67.65,1.9678,4.2262,0.4656192324073635,False,False,False,NASA POWER Daily API,LST
2024-10-31,Tesla Gigafactory Nevada,39.5403926,-119.4390524,0.09,60.02,3.4135,4.0862,0.8353727179286379,False,False,False,NASA POWER Daily API,LST
2024-11-01,Tesla Gigafactory Nevada,39.5403926,-119.4390524,0.16,75.08,2.7701,3.9091,0.7086285845846869,False,False,False,NASA POWER Daily API,LST
2024-11-02,Tesla Gigafactory Nevada,39.5403926,-119.4390524,1.27,61.09,3.2028,3.9247,0.8160623741942059,True,False,True,NASA POWER Daily API,LST
2024-11-03,Tesla Gigafactory Nevada,39.5403926,-119.4390524,0.01,48.27,2.5884,4.0003,0.6470514711396645,False,False,False,NASA POWER Daily API,LST
2024-11-04,Tesla Gigafactory Nevada,39.5403926,-119.4390524,0.0,35.71,3.763,3.8736,0.9714477488641057,False,False,False,NASA POWER Daily API,LST
2024-11-05,Tesla Gigafactory Nevada,39.5403926,-119.4390524,0.0,71.48,3.3674,3.8837,0.8670597625975229,False,False,False,NASA POWER Daily API,LST
2024-11-06,Tesla Gigafactory Nevada,39.5403926,-119.4390524,0.0,4.51,3.8465,3.9406,0.9761203877582094,False,False,False,NASA POWER Daily API,LST
2024-11-07,Tesla Gigafactory Nevada,39.5403926,-119.4390524,0.0,2.05,3.8191,3.8448,0.993315647107782,False,False,False,NASA POWER Daily API,LST
2024-11-08,Tesla Gigafactory Nevada,39.5403926,-119.4390524,0.0,11.53,3.756,3.7922,0.9904540899741575,False,False,False,NASA POWER Daily API,LST
2024-11-09,Tesla Gigafactory Nevada,39.5403926,-119.4390524,0.0,36.45,3.5858,3.707,0.9673050984623685,False,False,False,NASA POWER Daily API,LST
2024-11-10,Tesla Gigafactory Nevada,39.5403926,-119.4390524,0.0,46.15,3.5062,3.6938,0.9492121934051655,False,False,False,NASA POWER Daily API,LST
2024-11-11,Tesla Gigafactory Nevada,39.5403926,-119.4390524,0.74,60.0,2.2966,3.5014,0.6559090649454504,False,False,False,NASA POWER Daily API,LST
2024-11-12,Tesla Gigafactory Nevada,39.5403926,-119.4390524,0.05,63.04,3.3658,3.6271,0.927958975490061,False,False,False,NASA POWER Daily API,LST
2024-11-13,Tesla Gigafactory Nevada,39.5403926,-119.4390524,0.06,60.42,2.9083,3.5143,0.8275616765785505,False,False,False,NASA POWER Daily API,LST
2024-11-14,Tesla Gigafactory Nevada,39.5403926,-119.4390524,0.13,44.0,2.8894,3.4937,0.8270315138678193,False,False,False,NASA POWER Daily API,LST
2024-11-15,Tesla Gigafactory Nevada,39.5403926,-119.4390524,0.74,86.59,1.7146,3.4637,0.49501977653953866,False,True,True,NASA POWER Daily API,LST
2024-11-16,Tesla Gigafactory Nevada,39.5403926,-119.4390524,0.01,17.2,3.2822,3.5083,0.9355528318558846,False,False,False,NASA POWER Daily API,LST
2024-11-17,Tesla Gigafactory Nevada,39.5403926,-119.4390524,0.1,47.06,2.6515,3.329,0.7964854310603784,False,False,False,NASA POWER Daily API,LST
2024-11-18,Tesla Gigafactory Nevada,39.5403926,-119.4390524,0.07,26.04,3.0583,3.4361,0.8900497657227671,False,False,False,NASA POWER Daily API,LST
2024-11-19,Tesla Gigafactory Nevada,39.5403926,-119.4390524,0.0,81.11,1.8581,3.3629,0.5525290671741652,False,True,True,NASA POWER Daily API,LST
2024-11-20,Tesla Gigafactory Nevada,39.5403926,-119.4390524,0.44,81.75,1.867,3.167,0.589516892958636,False,True,True,NASA POWER Daily API,LST
2024-11-21,Tesla Gigafactory Nevada,39.5403926,-119.4390524,0.89,77.36,1.951,3.114,0.6265253692999359,False,False,False,NASA POWER Daily API,LST
2024-11-22,Tesla Gigafactory Nevada,39.5403926,-119.4390524,1.86,89.51,1.2034,3.1248,0.3851126472094214,True,True,True,NASA POWER Daily API,LST
2024-11-23,Tesla Gigafactory Nevada,39.5403926,-119.4390524,1.64,63.53,2.5008,3.1764,0.7873063845863241,True,False,True,NASA POWER Daily API,LST
2024-11-24,Tesla Gigafactory Nevada,39.5403926,-119.4390524,0.02,14.25,3.0638,3.2242,0.9502512251101048,False,False,False,NASA POWER Daily API,LST
2024-11-25,Tesla Gigafactory Nevada,39.5403926,-119.4390524,1.53,80.31,1.5379,3.1061,0.49512250088535464,True,True,True,NASA POWER Daily API,LST
2024-11-26,Tesla Gigafactory Nevada,39.5403926,-119.4390524,0.45,77.43,2.0844,3.0562,0.6820234277861397,False,False,False,NASA POWER Daily API,LST
2024-11-27,Tesla Gigafactory Nevada,39.5403926,-119.4390524,0.01,12.09,3.0593,3.2179,0.9507131980484166,False,False,False,NASA POWER Daily API,LST
2024-11-28,Tesla Gigafactory Nevada,39.5403926,-119.4390524,0.0,5.95,3.1505,3.2417,0.9718666131967796,False,False,False,NASA POWER Daily API,LST
2024-11-29,Tesla Gigafactory Nevada,39.5403926,-119.4390524,0.0,14.28,3.0842,3.2069,0.9617387508185475,False,False,False,NASA POWER Daily API,LST
2024-11-30,Tesla Gigafactory Nevada,39.5403926,-119.4390524,0.0,12.25,3.0547,3.2076,0.9523319615912209,False,False,False,NASA POWER Daily API,LST
2024-12-01,Tesla Gigafactory Nevada,39.5403926,-119.4390524,0.0,76.97,2.0407,3.0036,0.679418031695299,False,False,False,NASA POWER Daily API,LST
2024-12-02,Tesla Gigafactory Nevada,39.5403926,-119.4390524,0.0,19.3,2.6909,2.8498,0.944241701172012,False,False,False,NASA POWER Daily API,LST
2024-12-03,Tesla Gigafactory Nevada,39.5403926,-119.4390524,0.0,7.88,2.6186,2.8313,0.9248754988874367,False,False,False,NASA POWER Daily API,LST
2024-12-04,Tesla Gigafactory Nevada,39.5403926,-119.4390524,0.0,5.53,2.7418,2.7962,0.9805450253916029,False,False,False,NASA POWER Daily API,LST
2024-12-05,Tesla Gigafactory Nevada,39.5403926,-119.4390524,0.0,11.25,2.7511,2.8394,0.9689018806790167,False,False,False,NASA POWER Daily API,LST
2024-12-06,Tesla Gigafactory Nevada,39.5403926,-119.4390524,0.0,30.38,2.8301,2.9081,0.9731783638801966,False,False,False,NASA POWER Daily API,LST
2024-12-07,Tesla Gigafactory Nevada,39.5403926,-119.4390524,0.0,63.23,2.3496,2.7257,0.8620170965256633,False,False,False,NASA POWER Daily API,LST
2024-12-08,Tesla Gigafactory Nevada,39.5403926,-119.4390524,0.0,19.6,2.8039,2.8658,0.9784004466466606,False,False,False,NASA POWER Daily API,LST
2024-12-09,Tesla Gigafactory Nevada,39.5403926,-119.4390524,0.0,5.92,2.9561,3.0312,0.9752243335972552,False,False,False,NASA POWER Daily API,LST
2024-12-10,Tesla Gigafactory Nevada,39.5403926,-119.4390524,0.0,55.4,2.8289,3.0031,0.9419932736172622,False,False,False,NASA POWER Daily API,LST
2024-12-11,Tesla Gigafactory Nevada,39.5403926,-119.4390524,0.0,94.33,2.2313,2.8205,0.791100868640312,False,True,True,NASA POWER Daily API,LST
2024-12-12,Tesla Gigafactory Nevada,39.5403926,-119.4390524,0.67,77.3,2.2118,2.7017,0.8186697264685199,False,False,False,NASA POWER Daily API,LST
2024-12-13,Tesla Gigafactory Nevada,39.5403926,-119.4390524,0.73,87.19,1.3615,2.6702,0.5098868998576885,False,True,True,NASA POWER Daily API,LST
2024-12-14,Tesla Gigafactory Nevada,39.5403926,-119.4390524,4.28,75.17,0.9595,2.7427,0.34983775112115795,True,False,True,NASA POWER Daily API,LST
2024-12-15,Tesla Gigafactory Nevada,39.5403926,-119.4390524,0.05,55.13,2.3861,2.8474,0.8379925546112242,False,False,False,NASA POWER Daily API,LST
2024-12-16,Tesla Gigafactory Nevada,39.5403926,-119.4390524,1.82,90.68,0.5861,2.6546,0.2207865591802908,True,True,True,NASA POWER Daily API,LST
2024-12-17,Tesla Gigafactory Nevada,39.5403926,-119.4390524,0.04,81.67,2.2346,2.706,0.8257945306725795,False,True,True,NASA POWER Daily API,LST
2024-12-18,Tesla Gigafactory Nevada,39.5403926,-119.4390524,0.0,39.72,2.0201,2.772,0.7287518037518037,False,False,False,NASA POWER Daily API,LST
2024-12-19,Tesla Gigafactory Nevada,39.5403926,-119.4390524,0.0,18.28,2.7127,2.8265,0.9597381921103839,False,False,False,NASA POWER Daily API,LST
2024-12-20,Tesla Gigafactory Nevada,39.5403926,-119.4390524,0.0,90.09,2.0981,2.6134,0.8028239075533787,False,True,True,NASA POWER Daily API,LST
2024-12-21,Tesla Gigafactory Nevada,39.5403926,-119.4390524,0.33,84.74,1.7604,2.6362,0.6677793794097564,False,True,True,NASA POWER Daily API,LST
2024-12-22,Tesla Gigafactory Nevada,39.5403926,-119.4390524,1.28,86.07,2.1091,2.6018,0.8106311015450843,True,True,True,NASA POWER Daily API,LST
2024-12-23,Tesla Gigafactory Nevada,39.5403926,-119.4390524,0.38,60.58,2.2507,2.6143,0.860918792793482,False,False,False,NASA POWER Daily API,LST
2024-12-24,Tesla Gigafactory Nevada,39.5403926,-119.4390524,1.68,78.21,1.061,2.7314,0.38844548583144173,True,False,True,NASA POWER Daily API,LST
2024-12-25,Tesla Gigafactory Nevada,39.5403926,-119.4390524,0.07,85.9,2.2781,2.7643,0.8241146040588937,False,True,True,NASA POWER Daily API,LST
2024-12-26,Tesla Gigafactory Nevada,39.5403926,-119.4390524,1.27,84.74,1.4772,2.7029,0.5465241037404269,True,True,True,NASA POWER Daily API,LST
2024-12-27,Tesla Gigafactory Nevada,39.5403926,-119.4390524,0.58,58.94,2.5082,2.7458,0.913467841794741,False,False,False,NASA POWER Daily API,LST
2024-12-28,Tesla Gigafactory Nevada,39.5403926,-119.4390524,0.3,78.32,1.5943,2.6328,0.6055530233971438,False,False,False,NASA POWER Daily API,LST
2024-12-29,Tesla Gigafactory Nevada,39.5403926,-119.4390524,3.15,42.59,1.667,2.7422,0.6079060608270732,True,False,True,NASA POWER Daily API,LST
2024-12-30,Tesla Gigafactory Nevada,39.5403926,-119.4390524,0.37,40.33,2.1233,2.869,0.740083652840711,False,False,False,NASA POWER Daily API,LST
2024-12-31,Tesla Gigafactory Nevada,39.5403926,-119.4390524,0.0,54.96,2.7679,2.9417,0.9409185165040623,False,False,False,NASA POWER Daily API,LST
2024-01-01,Tesla Gigafactory Texas,30.2219321,-97.6187733,0.0,34.9,3.5832,3.8304,0.9354636591478697,False,False,False,NASA POWER Daily API,LST
2024-01-02,Tesla Gigafactory Texas,30.2219321,-97.6187733,19.39,84.0,1.6824,3.395,0.4955522827687776,True,True,True,NASA POWER Daily API,LST
2024-01-03,Tesla Gigafactory Texas,30.2219321,-97.6187733,0.35,83.07,1.2264,3.8023,0.32254161954606425,False,True,True,NASA POWER Daily API,LST
2024-01-04,Tesla Gigafactory Texas,30.2219321,-97.6187733,4.96,72.54,2.3376,3.8702,0.6039997932923363,True,False,True,NASA POWER Daily API,LST
2024-01-05,Tesla Gigafactory Texas,30.2219321,-97.6187733,0.99,47.81,3.5467,3.9547,0.8968316180746959,False,False,False,NASA POWER Daily API,LST
2024-01-06,Tesla Gigafactory Texas,30.2219321,-97.6187733,0.03,15.84,3.8784,3.9307,0.9866944818988984,False,False,False,NASA POWER Daily API,LST
2024-01-07,Tesla Gigafactory Texas,30.2219321,-97.6187733,0.28,38.13,3.7553,4.0601,0.9249279574394719,False,False,False,NASA POWER Daily API,LST
2024-01-08,Tesla Gigafactory Texas,30.2219321,-97.6187733,6.83,93.11,1.6339,3.774,0.4329358770535241,True,True,True,NASA POWER Daily API,LST
2024-01-09,Tesla Gigafactory Texas,30.2219321,-97.6187733,0.0,1.57,4.326,4.3315,0.9987302320212397,False,False,False,NASA POWER Daily API,LST
2024-01-10,Tesla Gigafactory Texas,30.2219321,-97.6187733,0.01,6.15,4.1842,4.1969,0.9969739569682383,False,False,False,NASA POWER Daily API,LST
2024-01-11,Tesla Gigafactory Texas,30.2219321,-97.6187733,0.0,24.51,3.7457,4.0738,0.919460945554519,False,False,False,NASA POWER Daily API,LST
2024-01-12,Tesla Gigafactory Texas,30.2219321,-97.6187733,0.0,8.61,4.3315,4.3632,0.9927346901356803,False,False,False,NASA POWER Daily API,LST
2024-01-13,Tesla Gigafactory Texas,30.2219321,-97.6187733,0.0,43.38,2.857,4.1966,0.6807892103131107,False,False,False,NASA POWER Daily API,LST
2024-01-14,Tesla Gigafactory Texas,30.2219321,-97.6187733,0.0,92.54,1.6603,4.1609,0.399024249561393,False,True,True,NASA POWER Daily API,LST
2024-01-15,Tesla Gigafactory Texas,30.2219321,-97.6187733,0.0,74.57,1.4306,4.1604,0.343861167195462,False,False,False,NASA POWER Daily API,LST
2024-01-16,Tesla Gigafactory Texas,30.2219321,-97.6187733,0.0,10.54,4.3625,4.4734,0.9752090132784906,False,False,False,NASA POWER Daily API,LST
2024-01-17,Tesla Gigafactory Texas,30.2219321,-97.6187733,0.0,37.63,4.3536,4.4299,0.9827761349014651,False,False,False,NASA POWER Daily API,LST
2024-01-18,Tesla Gigafactory Texas,30.2219321,-97.6187733,0.0,5.9,4.2365,4.2569,0.9952077803096151,False,False,False,NASA POWER Daily API,LST
2024-01-19,Tesla Gigafactory Texas,30.2219321,-97.6187733,0.0,0.62,4.3656,4.3793,0.9968716461534949,False,False,False,NASA POWER Daily API,LST
2024-01-20,Tesla Gigafactory Texas,30.2219321,-97.6187733,0.0,46.18,3.9348,4.3462,0.9053425981317014,False,False,False,NASA POWER Daily API,LST
2024-01-21,Tesla Gigafactory Texas,30.2219321,-97.6187733,5.93,93.45,1.0406,3.983,0.26126035651518953,True,True,True,NASA POWER Daily API,LST
2024-01-22,Tesla Gigafactory Texas,30.2219321,-97.6187733,48.54,96.21,1.2626,4.0366,0.31278798989248374,True,True,True,NASA POWER Daily API,LST
2024-01-23,Tesla Gigafactory Texas,30.2219321,-97.6187733,17.19,99.78,1.085,3.7838,0.2867487710766954,True,True,True,NASA POWER Daily API,LST
2024-01-24,Tesla Gigafactory Texas,30.2219321,-97.6187733,36.7,99.56,0.9941,3.8146,0.2606039951764274,True,True,True,NASA POWER Daily API,LST
2024-01-25,Tesla Gigafactory Texas,30.2219321,-97.6187733,0.49,87.16,2.1458,4.4443,0.4828206916724793,False,True,True,NASA POWER Daily API,LST
2024-01-26,Tesla Gigafactory Texas,30.2219321,-97.6187733,0.31,96.8,1.0298,4.1304,0.24932209955452259,False,True,True,NASA POWER Daily API,LST
2024-01-27,Tesla Gigafactory Texas,30.2219321,-97.6187733,0.02,44.32,3.3559,4.489,0.7475829806192916,False,False,False,NASA POWER Daily API,LST
2024-01-28,Tesla Gigafactory Texas,30.2219321,-97.6187733,0.0,0.3,4.7018,4.7052,0.9992773952223074,False,False,False,NASA POWER Daily API,LST
2024-01-29,Tesla Gigafactory Texas,30.2219321,-97.6187733,0.0,34.29,4.5257,4.6102,0.9816710771766951,False,False,False,NASA POWER Daily API,LST
2024-01-30,Tesla Gigafactory Texas,30.2219321,-97.6187733,0.0,44.89,4.4777,4.6546,0.9619945860009451,False,False,False,NASA POWER Daily API,LST
2024-01-31,Tesla Gigafactory Texas,30.2219321,-97.6187733,0.0,67.99,4.4446,4.6594,0.9538996437309526,False,False,False,NASA POWER Daily API,LST
2024-02-01,Tesla Gigafactory Texas,30.2219321,-97.6187733,0.0,47.61,4.0051,4.5595,0.8784077201447527,False,False,False,NASA POWER Daily API,LST
2024-02-02,Tesla Gigafactory Texas,30.2219321,-97.6187733,6.33,96.47,0.9432,4.309,0.2188906938964957,True,True,True,NASA POWER Daily API,LST
2024-02-03,Tesla Gigafactory Texas,30.2219321,-97.6187733,15.07,57.05,3.8966,4.7522,0.819957072513783,True,False,True,NASA POWER Daily API,LST
2024-02-04,Tesla Gigafactory Texas,30.2219321,-97.6187733,0.01,17.18,4.6164,4.8247,0.9568263311708499,False,False,False,NASA POWER Daily API,LST
2024-02-05,Tesla Gigafactory Texas,30.2219321,-97.6187733,0.0,51.63,2.9194,4.7714,0.6118539631973844,False,False,False,NASA POWER Daily API,LST
2024-02-06,Tesla Gigafactory Texas,30.2219321,-97.6187733,0.0,38.86,4.7522,4.9447,0.9610694278722673,False,False,False,NASA POWER Daily API,LST
2024-02-07,Tesla Gigafactory Texas,30.2219321,-97.6187733,0.0,86.71,3.3516,4.9102,0.6825791210134007,False,True,True,NASA POWER Daily API,LST
2024-02-08,Tesla Gigafactory Texas,30.2219321,-97.6187733,0.03,99.32,2.2918,4.789,0.47855502192524535,False,True,True,NASA POWER Daily API,LST
2024-02-09,Tesla Gigafactory Texas,30.2219321,-97.6187733,0.36,99.79,1.5684,4.3538,0.36023703431485143,False,True,True,NASA POWER Daily API,LST
2024-02-10,Tesla Gigafactory Texas,30.2219321,-97.6187733,12.7,99.93,0.935,4.3668,0.2141155995236787,True,True,True,NASA POWER Daily API,LST
2024-02-11,Tesla Gigafactory Texas,30.2219321,-97.6187733,2.53,91.04,1.8638,4.9997,0.3727823669420165,True,True,True,NASA POWER Daily API,LST
2024-02-12,Tesla Gigafactory Texas,30.2219321,-97.6187733,0.0,32.5,5.1926,5.31,0.9778907721280603,False,False,False,NASA POWER Daily API,LST
2024-02-13,Tesla Gigafactory Texas,30.2219321,-97.6187733,0.0,3.92,5.3158,5.3371,0.9960090685953046,False,False,False,NASA POWER Daily API,LST
2024-02-14,Tesla Gigafactory Texas,30.2219321,-97.6187733,0.0,57.71,4.1362,5.0842,0.8135399866252311,False,False,False,NASA POWER Daily API,LST
2024-02-15,Tesla Gigafactory Texas,30.2219321,-97.6187733,0.18,97.6,2.9335,5.1938,0.5648080403558088,False,True,True,NASA POWER Daily API,LST
2024-02-16,Tesla Gigafactory Texas,30.2219321,-97.6187733,1.01,99.64,3.0763,5.0342,0.6110802113543363,True,True,True,NASA POWER Daily API,LST
2024-02-17,Tesla Gigafactory Texas,30.2219321,-97.6187733,0.04,72.38,2.933,5.4612,0.537061451695598,False,False,False,NASA POWER Daily API,LST
2024-02-18,Tesla Gigafactory Texas,30.2219321,-97.6187733,0.0,17.51,5.579,5.6402,0.9891493209460657,False,False,False,NASA POWER Daily API,LST
2024-02-19,Tesla Gigafactory Texas,30.2219321,-97.6187733,0.0,0.91,5.4533,5.4787,0.9953638636902914,False,False,False,NASA POWER Daily API,LST
2024-02-20,Tesla Gigafactory Texas,30.2219321,-97.6187733,0.0,4.38,5.3966,5.4403,0.9919673547414666,False,False,False,NASA POWER Daily API,LST
2024-02-21,Tesla Gigafactory Texas,30.2219321,-97.6187733,0.0,50.83,4.7736,5.4818,0.8708088584041739,False,False,False,NASA POWER Daily API,LST
2024-02-22,Tesla Gigafactory Texas,30.2219321,-97.6187733,0.0,41.15,5.4211,5.5922,0.9694038124530596,False,False,False,NASA POWER Daily API,LST
2024-02-23,Tesla Gigafactory Texas,30.2219321,-97.6187733,0.0,18.7,5.5567,5.6155,0.989528982281186,False,False,False,NASA POWER Daily API,LST
2024-02-24,Tesla Gigafactory Texas,30.2219321,-97.6187733,0.0,8.17,5.6503,5.6803,0.9947185888069292,False,False,False,NASA POWER Daily API,LST
2024-02-25,Tesla Gigafactory Texas,30.2219321,-97.6187733,0.0,5.55,5.5358,5.5774,0.992541327500269,False,False,False,NASA POWER Daily API,LST
2024-02-26,Tesla Gigafactory Texas,30.2219321,-97.6187733,0.01,79.86,4.6399,5.4948,0.844416539273495,False,False,False,NASA POWER Daily API,LST
2024-02-27,Tesla Gigafactory Texas,30.2219321,-97.6187733,0.0,99.13,2.5877,5.215,0.4962032598274209,False,True,True,NASA POWER Daily API,LST
2024-02-28,Tesla Gigafactory Texas,30.2219321,-97.6187733,0.0,99.67,3.6242,5.6234,0.6444855425543266,False,True,True,NASA POWER Daily API,LST
2024-02-29,Tesla Gigafactory Texas,30.2219321,-97.6187733,0.24,97.75,1.1227,5.317,0.21115290577393267,False,True,True,NASA POWER Daily API,LST
2024-03-01,Tesla Gigafactory Texas,30.2219321,-97.6187733,0.0,31.64,5.509,5.9642,0.9236779450722645,False,False,False,NASA POWER Daily API,LST
2024-03-02,Tesla Gigafactory Texas,30.2219321,-97.6187733,0.0,17.98,5.8606,5.9851,0.9791983425506674,False,False,False,NASA POWER Daily API,LST
2024-03-03,Tesla Gigafactory Texas,30.2219321,-97.6187733,0.0,62.71,4.9666,5.7427,0.8648545109443292,False,False,False,NASA POWER Daily API,LST
2024-03-04,Tesla Gigafactory Texas,30.2219321,-97.6187733,0.02,79.42,4.3339,5.6419,0.7681632074301211,False,False,False,NASA POWER Daily API,LST
2024-03-05,Tesla Gigafactory Texas,30.2219321,-97.6187733,0.0,12.2,6.0259,6.1226,0.9842060562506124,False,False,False,NASA POWER Daily API,LST
2024-03-06,Tesla Gigafactory Texas,30.2219321,-97.6187733,0.0,62.72,4.7902,5.5894,0.8570150642287185,False,False,False,NASA POWER Daily API,LST
2024-03-07,Tesla Gigafactory Texas,30.2219321,-97.6187733,1.73,99.36,1.9848,5.6076,0.35394821313931096,True,True,True,NASA POWER Daily API,LST
2024-03-08,Tesla Gigafactory Texas,30.2219321,-97.6187733,2.65,69.67,5.2615,5.8118,0.9053133280567122,True,False,True,NASA POWER Daily API,LST
2024-03-09,Tesla Gigafactory Texas,30.2219321,-97.6187733,0.0,62.33,5.4838,6.3187,0.8678683906499755,False,False,False,NASA POWER Daily API,LST
2024-03-10,Tesla Gigafactory Texas,30.2219321,-97.6187733,0.0,63.27,5.9203,6.337,0.9342433328073221,False,False,False,NASA POWER Daily API,LST
2024-03-11,Tesla Gigafactory Texas,30.2219321,-97.6187733,0.0,38.13,5.9364,6.1855,0.9597283970576347,False,False,False,NASA POWER Daily API,LST
2024-03-12,Tesla Gigafactory Texas,30.2219321,-97.6187733,0.0,87.75,3.7536,5.9921,0.6264247926436475,False,True,True,NASA POWER Daily API,LST
2024-03-13,Tesla Gigafactory Texas,30.2219321,-97.6187733,0.0,71.44,4.0543,6.1418,0.6601159269269594,False,False,False,NASA POWER Daily API,LST
2024-03-14,Tesla Gigafactory Texas,30.2219321,-97.6187733,1.15,99.37,2.1854,5.6669,0.3856429441140659,True,True,True,NASA POWER Daily API,LST
2024-03-15,Tesla Gigafactory Texas,30.2219321,-97.6187733,1.17,93.91,2.3345,5.8286,0.4005249974264832,True,True,True,NASA POWER Daily API,LST
2024-03-16,Tesla Gigafactory Texas,30.2219321,-97.6187733,10.28,98.41,1.9174,5.6208,0.34112581838884143,True,True,True,NASA POWER Daily API,LST
2024-03-17,Tesla Gigafactory Texas,30.2219321,-97.6187733,9.61,96.2,1.5391,6.0086,0.25614951902273403,True,True,True,NASA POWER Daily API,LST
2024-03-18,Tesla Gigafactory Texas,30.2219321,-97.6187733,0.01,87.43,5.1319,6.6953,0.7664929129389273,False,True,True,NASA POWER Daily API,LST
2024-03-19,Tesla Gigafactory Texas,30.2219321,-97.6187733,0.01,58.94,5.9338,6.6799,0.8883067111783111,False,False,False,NASA POWER Daily API,LST
2024-03-20,Tesla Gigafactory Texas,30.2219321,-97.6187733,0.66,93.42,3.0658,6.463,0.47436175150858734,False,True,True,NASA POWER Daily API,LST
2024-03-21,Tesla Gigafactory Texas,30.2219321,-97.6187733,10.17,89.88,1.469,6.1214,0.23997778286013002,True,True,True,NASA POWER Daily API,LST
2024-03-22,Tesla Gigafactory Texas,30.2219321,-97.6187733,0.05,27.17,6.1726,6.576,0.9386557177615572,False,False,False,NASA POWER Daily API,LST
2024-03-23,Tesla Gigafactory Texas,30.2219321,-97.6187733,0.0,61.4,5.1614,6.5645,0.7862594256988348,False,False,False,NASA POWER Daily API,LST
2024-03-24,Tesla Gigafactory Texas,30.2219321,-97.6187733,1.96,97.64,2.55,6.5693,0.38816921133149646,True,True,True,NASA POWER Daily API,LST
2024-03-25,Tesla Gigafactory Texas,30.2219321,-97.6187733,3.04,57.51,6.2126,6.7949,0.9143033745897658,True,False,True,NASA POWER Daily API,LST
2024-03-26,Tesla Gigafactory Texas,30.2219321,-97.6187733,0.0,34.73,6.9079,7.1186,0.9704014834377546,False,False,False,NASA POWER Daily API,LST
2024-03-27,Tesla Gigafactory Texas,30.2219321,-97.6187733,3.16,69.38,4.6279,6.8866,0.6720152179595157,True,False,True,NASA POWER Daily API,LST
2024-03-28,Tesla Gigafactory Texas,30.2219321,-97.6187733,0.06,2.14,7.0853,7.1124,0.9961897531072493,False,False,False,NASA POWER Daily API,LST
2024-03-29,Tesla Gigafactory Texas,30.2219321,-97.6187733,0.02,57.53,5.6904,6.895,0.8252936910804932,False,False,False,NASA POWER Daily API,LST
2024-03-30,Tesla Gigafactory Texas,30.2219321,-97.6187733,0.0,93.66,3.5098,6.7054,0.523428878217556,False,True,True,NASA POWER Daily API,LST
2024-03-31,Tesla Gigafactory Texas,30.2219321,-97.6187733,0.01,98.14,2.5582,6.6679,0.38365902308073,False,True,True,NASA POWER Daily API,LST
2024-04-01,Tesla Gigafactory Texas,30.2219321,-97.6187733,2.33,97.92,3.3826,6.3206,0.5351707116412999,True,True,True,NASA POWER Daily API,LST
2024-04-02,Tesla Gigafactory Texas,30.2219321,-97.6187733,0.0,21.2,7.397,7.4242,0.9963363055952157,False,False,False,NASA POWER Daily API,LST
2024-04-03,Tesla Gigafactory Texas,30.2219321,-97.6187733,0.01,0.05,7.5559,7.5559,1.0,False,False,False,NASA POWER Daily API,LST
2024-04-04,Tesla Gigafactory Texas,30.2219321,-97.6187733,0.0,0.09,7.4818,7.4842,0.9996793244434942,False,False,False,NASA POWER Daily API,LST
2024-04-05,Tesla Gigafactory Texas,30.2219321,-97.6187733,0.0,8.55,7.4009,7.5557,0.9795121563852456,False,False,False,NASA POWER Daily API,LST
2024-04-06,Tesla Gigafactory Texas,30.2219321,-97.6187733,0.37,84.12,3.0343,7.0529,0.4302201931120532,False,True,True,NASA POWER Daily API,LST
2024-04-07,Tesla Gigafactory Texas,30.2219321,-97.6187733,0.08,75.36,5.9885,7.5437,0.7938412185002055,False,False,False,NASA POWER Daily API,LST
2024-04-08,Tesla Gigafactory Texas,30.2219321,-97.6187733,0.9,88.22,4.2437,7.0046,0.605844730605602,False,True,True,NASA POWER Daily API,LST
2024-04-09,Tesla Gigafactory Texas,30.2219321,-97.6187733,13.66,90.7,2.4252,6.443,0.3764085053546484,True,True,True,NASA POWER Daily API,LST
2024-04-10,Tesla Gigafactory Texas,30.2219321,-97.6187733,11.66,63.33,5.7331,7.2372,0.7921710053611895,True,False,True,NASA POWER Daily API,LST
2024-04-11,Tesla Gigafactory Texas,30.2219321,-97.6187733,0.0,1.37,7.5883,7.5967,0.9988942567167323,False,False,False,NASA POWER Daily API,LST
2024-04-12,Tesla Gigafactory Texas,30.2219321,-97.6187733,0.0,35.51,7.3716,7.609,0.9688001051386516,False,False,False,NASA POWER Daily API,LST
2024-04-13,Tesla Gigafactory Texas,30.2219321,-97.6187733,0.0,45.84,6.1548,7.2458,0.8494300146291645,False,False,False,NASA POWER Daily API,LST
2024-04-14,Tesla Gigafactory Texas,30.2219321,-97.6187733,0.0,74.97,4.9654,7.1256,0.6968395643875602,False,False,False,NASA POWER Daily API,LST
2024-04-15,Tesla Gigafactory Texas,30.2219321,-97.6187733,0.09,92.51,3.4478,6.6103,0.5215799585495363,False,True,True,NASA POWER Daily API,LST
2024-04-16,Tesla Gigafactory Texas,30.2219321,-97.6187733,0.25,97.67,2.8531,6.9089,0.41296009494999203,False,True,True,NASA POWER Daily API,LST
2024-04-17,Tesla Gigafactory Texas,30.2219321,-97.6187733,0.04,99.62,2.6974,6.8196,0.3955363950964866,False,True,True,NASA POWER Daily API,LST
2024-04-18,Tesla Gigafactory Texas,30.2219321,-97.6187733,0.03,82.8,4.7827,6.7992,0.7034209907047888,False,True,True,NASA POWER Daily API,LST
2024-04-19,Tesla Gigafactory Texas,30.2219321,-97.6187733,0.02,83.66,4.146,6.7476,0.6144406900231193,False,True,True,NASA POWER Daily API,LST
2024-04-20,Tesla Gigafactory Texas,30.2219321,-97.6187733,16.14,99.43,1.308,6.3583,0.205715364169668,True,True,True,NASA POWER Daily API,LST
2024-04-21,Tesla Gigafactory Texas,30.2219321,-97.6187733,2.2,50.61,6.7322,7.6438,0.8807399461001073,True,False,True,NASA POWER Daily API,LST
2024-04-22,Tesla Gigafactory Texas,30.2219321,-97.6187733,0.0,25.41,7.6968,7.7678,0.9908597028759751,False,False,False,NASA POWER Daily API,LST
2024-04-23,Tesla Gigafactory Texas,30.2219321,-97.6187733,0.01,70.97,3.9415,7.6068,0.5181548088552348,False,False,False,NASA POWER Daily API,LST
2024-04-24,Tesla Gigafactory Texas,30.2219321,-97.6187733,0.01,93.06,3.7414,7.1726,0.5216239578395561,False,True,True,NASA POWER Daily API,LST
2024-04-25,Tesla Gigafactory Texas,30.2219321,-97.6187733,0.03,96.8,2.6818,6.4944,0.412940379403794,False,True,True,NASA POWER Daily API,LST
2024-04-26,Tesla Gigafactory Texas,30.2219321,-97.6187733,0.23,83.9,2.3878,6.9139,0.345362241282055,False,True,True,NASA POWER Daily API,LST
2024-04-27,Tesla Gigafactory Texas,30.2219321,-97.6187733,2.65,93.3,3.227,6.6586,0.484636410056168,True,True,True,NASA POWER Daily API,LST
2024-04-28,Tesla Gigafactory Texas,30.2219321,-97.6187733,11.65,83.63,2.629,7.1162,0.3694387453978247,True,True,True,NASA POWER Daily API,LST
2024-04-29,Tesla Gigafactory Texas,30.2219321,-97.6187733,1.04,39.8,7.0375,7.7419,0.9090145829835052,True,False,True,NASA POWER Daily API,LST
2024-04-30,Tesla Gigafactory Texas,30.2219321,-97.6187733,0.0,67.09,5.7178,7.339,0.7790979697506473,False,False,False,NASA POWER Daily API,LST
2024-05-01,Tesla Gigafactory Texas,30.2219321,-97.6187733,7.43,87.74,1.3572,6.4574,0.2101774708086846,True,True,True,NASA POWER Daily API,LST
2024-05-02,Tesla Gigafactory Texas,30.2219321,-97.6187733,2.48,96.78,2.7178,6.9922,0.3886902548554103,True,True,True,NASA POWER Daily API,LST
2024-05-03,Tesla Gigafactory Texas,30.2219321,-97.6187733,1.63,98.02,1.8374,7.3764,0.24909169784718832,True,True,True,NASA POWER Daily API,LST
2024-05-04,Tesla Gigafactory Texas,30.2219321,-97.6187733,10.01,93.39,1.7347,6.7106,0.2585014752779185,True,True,True,NASA POWER Daily API,LST
2024-05-05,Tesla Gigafactory Texas,30.2219321,-97.6187733,4.81,76.94,4.1069,7.1513,0.5742871925384196,True,False,True,NASA POWER Daily API,LST
2024-05-06,Tesla Gigafactory Texas,30.2219321,-97.6187733,0.47,74.85,3.3504,6.8969,0.4857834679348693,False,False,False,NASA POWER Daily API,LST
2024-05-07,Tesla Gigafactory Texas,30.2219321,-97.6187733,0.0,81.3,5.9642,7.5389,0.791123373436443,False,True,True,NASA POWER Daily API,LST
2024-05-08,Tesla Gigafactory Texas,30.2219321,-97.6187733,0.0,73.04,4.4796,7.1486,0.6266401812942394,False,False,False,NASA POWER Daily API,LST
2024-05-09,Tesla Gigafactory Texas,30.2219321,-97.6187733,4.54,69.14,5.4379,6.6926,0.8125242805486658,True,False,True,NASA POWER Daily API,LST
2024-05-10,Tesla Gigafactory Texas,30.2219321,-97.6187733,2.19,76.07,5.8277,7.7818,0.7488884319823178,True,False,True,NASA POWER Daily API,LST
2024-05-11,Tesla Gigafactory Texas,30.2219321,-97.6187733,0.44,98.32,3.6698,7.0159,0.5230690289200245,False,True,True,NASA POWER Daily API,LST
2024-05-12,Tesla Gigafactory Texas,30.2219321,-97.6187733,0.89,99.77,1.6128,6.5326,0.24688485442243516,False,True,True,NASA POWER Daily API,LST
2024-05-13,Tesla Gigafactory Texas,30.2219321,-97.6187733,6.23,80.17,1.6946,7.6687,0.22097617588378735,True,True,True,NASA POWER Daily API,LST
2024-05-14,Tesla Gigafactory Texas,30.2219321,-97.6187733,0.0,4.25,8.1571,8.1653,0.9989957503092354,False,False,False,NASA POWER Daily API,LST
2024-05-15,Tesla Gigafactory Texas,30.2219321,-97.6187733,0.09,50.64,7.217,8.0208,0.899785557550369,False,False,False,NASA POWER Daily API,LST
2024-05-16,Tesla Gigafactory Texas,30.2219321,-97.6187733,14.9,80.27,1.2677,5.8651,0.21614294726432629,True,True,True,NASA POWER Daily API,LST
2024-05-17,Tesla Gigafactory Texas,30.2219321,-97.6187733,0.9,65.29,6.5256,7.8533,0.8309373129767104,False,False,False,NASA POWER Daily API,LST
2024-05-18,Tesla Gigafactory Texas,30.2219321,-97.6187733,0.05,21.59,8.0844,8.1286,0.9945624092709692,False,False,False,NASA POWER Daily API,LST
2024-05-19,Tesla Gigafactory Texas,30.2219321,-97.6187733,0.0,18.92,7.788,8.0033,0.9730985968288082,False,False,False,NASA POWER Daily API,LST
2024-05-20,Tesla Gigafactory Texas,30.2219321,-97.6187733,0.0,26.68,7.4971,7.9159,0.9470938238229386,False,False,False,NASA POWER Daily API,LST
2024-05-21,Tesla Gigafactory Texas,30.2219321,-97.6187733,0.0,90.62,5.0316,6.8489,0.7346581202820891,False,True,True,NASA POWER Daily API,LST
2024-05-22,Tesla Gigafactory Texas,30.2219321,-97.6187733,0.18,89.9,4.6776,6.7918,0.6887128596248417,False,True,True,NASA POWER Daily API,LST
2024-05-23,Tesla Gigafactory Texas,30.2219321,-97.6187733,0.74,73.05,4.0099,6.882,0.5826649229875036,False,False,False,NASA POWER Daily API,LST
2024-05-24,Tesla Gigafactory Texas,30.2219321,-97.6187733,0.25,54.05,4.7138,7.1894,0.655659721256294,False,False,False,NASA POWER Daily API,LST
2024-05-25,Tesla Gigafactory Texas,30.2219321,-97.6187733,0.0,20.84,6.9655,7.3865,0.9430041291545387,False,False,False,NASA POWER Daily API,LST
2024-05-26,Tesla Gigafactory Texas,30.2219321,-97.6187733,0.0,52.84,5.2668,7.4208,0.7097347994825356,False,False,False,NASA POWER Daily API,LST
2024-05-27,Tesla Gigafactory Texas,30.2219321,-97.6187733,0.15,63.64,6.8467,7.7981,0.8779959220835846,False,False,False,NASA POWER Daily API,LST
2024-05-28,Tesla Gigafactory Texas,30.2219321,-97.6187733,4.31,64.29,6.27,7.3438,0.8537814210626651,True,False,True,NASA POWER Daily API,LST
2024-05-29,Tesla Gigafactory Texas,30.2219321,-97.6187733,4.29,48.02,7.103,7.6246,0.9315898538939748,True,False,True,NASA POWER Daily API,LST
2024-05-30,Tesla Gigafactory Texas,30.2219321,-97.6187733,17.53,84.13,5.1528,7.4162,0.6948032685202664,True,True,True,NASA POWER Daily API,LST
2024-05-31,Tesla Gigafactory Texas,30.2219321,-97.6187733,16.4,71.34,5.9506,7.6061,0.7823457488068787,True,False,True,NASA POWER Daily API,LST
2024-06-01,Tesla Gigafactory Texas,30.2219321,-97.6187733,5.93,55.87,6.1706,7.3891,0.8350949371371345,True,False,True,NASA POWER Daily API,LST
2024-06-02,Tesla Gigafactory Texas,30.2219321,-97.6187733,3.85,76.26,5.1617,7.0421,0.7329773789068602,True,False,True,NASA POWER Daily API,LST
2024-06-03,Tesla Gigafactory Texas,30.2219321,-97.6187733,4.03,63.72,5.669,7.3248,0.7739460463084316,True,False,True,NASA POWER Daily API,LST
2024-06-04,Tesla Gigafactory Texas,30.2219321,-97.6187733,0.05,55.47,5.9453,7.5108,0.7915668104596049,False,False,False,NASA POWER Daily API,LST
2024-06-05,Tesla Gigafactory Texas,30.2219321,-97.6187733,1.37,64.86,5.551,7.8694,0.7053904999110479,True,False,True,NASA POWER Daily API,LST
2024-06-06,Tesla Gigafactory Texas,30.2219321,-97.6187733,0.28,1.02,8.3038,8.3167,0.9984489040124087,False,False,False,NASA POWER Daily API,LST
2024-06-07,Tesla Gigafactory Texas,30.2219321,-97.6187733,0.0,2.79,8.2459,8.2618,0.9980754799196303,False,False,False,NASA POWER Daily API,LST
2024-06-08,Tesla Gigafactory Texas,30.2219321,-97.6187733,0.0,7.09,8.2834,8.3122,0.9965352133009311,False,False,False,NASA POWER Daily API,LST
2024-06-09,Tesla Gigafactory Texas,30.2219321,-97.6187733,0.18,32.38,7.9831,8.238,0.9690580237921826,False,False,False,NASA POWER Daily API,LST
2024-06-10,Tesla Gigafactory Texas,30.2219321,-97.6187733,6.35,63.73,6.4776,7.7412,0.8367694931018447,True,False,True,NASA POWER Daily API,LST
2024-06-11,Tesla Gigafactory Texas,30.2219321,-97.6187733,6.16,42.37,5.2769,7.4105,0.7120842048444775,True,False,True,NASA POWER Daily API,LST
2024-06-12,Tesla Gigafactory Texas,30.2219321,-97.6187733,8.57,52.41,4.8773,7.7484,0.6294589850807909,True,False,True,NASA POWER Daily API,LST
2024-06-13,Tesla Gigafactory Texas,30.2219321,-97.6187733,0.79,7.04,7.7849,8.0772,0.96381171693161,False,False,False,NASA POWER Daily API,LST
2024-06-14,Tesla Gigafactory Texas,30.2219321,-97.6187733,0.0,12.5,7.7712,8.2872,0.9377353026353895,False,False,False,NASA POWER Daily API,LST
2024-06-15,Tesla Gigafactory Texas,30.2219321,-97.6187733,0.0,17.3,7.8024,8.1948,0.9521159759847707,False,False,False,NASA POWER Daily API,LST
2024-06-16,Tesla Gigafactory Texas,30.2219321,-97.6187733,0.0,20.88,7.5809,8.0678,0.9396489749374054,False,False,False,NASA POWER Daily API,LST
2024-06-17,Tesla Gigafactory Texas,30.2219321,-97.6187733,0.09,15.7,7.2079,7.9555,0.9060272767267928,False,False,False,NASA POWER Daily API,LST
2024-06-18,Tesla Gigafactory Texas,30.2219321,-97.6187733,0.35,36.42,6.665,8.0525,0.8276932629618131,False,False,False,NASA POWER Daily API,LST
2024-06-19,Tesla Gigafactory Texas,30.2219321,-97.6187733,32.2,84.74,2.6458,7.8122,0.3386754051355572,True,True,True,NASA POWER Daily API,LST
2024-06-20,Tesla Gigafactory Texas,30.2219321,-97.6187733,8.06,77.46,5.5025,7.9642,0.6909042967278572,True,False,True,NASA POWER Daily API,LST
2024-06-21,Tesla Gigafactory Texas,30.2219321,-97.6187733,0.75,52.74,6.8486,8.0983,0.8456836620031365,False,False,False,NASA POWER Daily API,LST
2024-06-22,Tesla Gigafactory Texas,30.2219321,-97.6187733,0.03,6.72,8.0486,8.2339,0.9774954760198691,False,False,False,NASA POWER Daily API,LST
2024-06-23,Tesla Gigafactory Texas,30.2219321,-97.6187733,0.01,3.09,8.1742,8.2258,0.9937270539035719,False,False,False,NASA POWER Daily API,LST
2024-06-24,Tesla Gigafactory Texas,30.2219321,-97.6187733,2.88,9.21,7.765,8.087,0.9601830097687647,True,False,True,NASA POWER Daily API,LST
2024-06-25,Tesla Gigafactory Texas,30.2219321,-97.6187733,0.4,17.49,7.7218,8.07,0.9568525402726146,False,False,False,NASA POWER Daily API,LST
2024-06-26,Tesla Gigafactory Texas,30.2219321,-97.6187733,0.06,27.82,7.5115,8.0076,0.9380463559618363,False,False,False,NASA POWER Daily API,LST
2024-06-27,Tesla Gigafactory Texas,30.2219321,-97.6187733,0.01,45.12,7.6385,8.0124,0.9533348310119315,False,False,False,NASA POWER Daily API,LST
2024-06-28,Tesla Gigafactory Texas,30.2219321,-97.6187733,0.03,11.09,8.0666,8.1696,0.9873922835879356,False,False,False,NASA POWER Daily API,LST
2024-06-29,Tesla Gigafactory Texas,30.2219321,-97.6187733,0.74,12.65,7.7251,7.9754,0.9686159941821101,False,False,False,NASA POWER Daily API,LST
2024-06-30,Tesla Gigafactory Texas,30.2219321,-97.6187733,0.03,30.04,7.2809,8.003,0.9097713357490941,False,False,False,NASA POWER Daily API,LST
2024-07-01,Tesla Gigafactory Texas,30.2219321,-97.6187733,0.0,15.8,7.926,8.0688,0.9823022010707912,False,False,False,NASA POWER Daily API,LST
2024-07-02,Tesla Gigafactory Texas,30.2219321,-97.6187733,0.0,21.79,8.0326,8.0714,0.9951929033377109,False,False,False,NASA POWER Daily API,LST
2024-07-03,Tesla Gigafactory Texas,30.2219321,-97.6187733,0.0,32.76,7.7551,8.0294,0.9658380451839489,False,False,False,NASA POWER Daily API,LST
2024-07-04,Tesla Gigafactory Texas,30.2219321,-97.6187733,0.0,22.28,7.8967,8.0542,0.9804449852250999,False,False,False,NASA POWER Daily API,LST
2024-07-05,Tesla Gigafactory Texas,30.2219321,-97.6187733,0.04,52.62,7.5358,8.0376,0.9375684283865832,False,False,False,NASA POWER Daily API,LST
2024-07-06,Tesla Gigafactory Texas,30.2219321,-97.6187733,20.28,55.07,6.523,7.8101,0.8352005736162148,True,False,True,NASA POWER Daily API,LST
2024-07-07,Tesla Gigafactory Texas,30.2219321,-97.6187733,6.52,89.97,6.293,7.6476,0.8228725351744338,True,True,True,NASA POWER Daily API,LST
2024-07-08,Tesla Gigafactory Texas,30.2219321,-97.6187733,0.21,94.43,4.8005,7.5554,0.6353733753341981,False,True,True,NASA POWER Daily API,LST
2024-07-09,Tesla Gigafactory Texas,30.2219321,-97.6187733,0.85,41.23,7.1974,8.0246,0.8969169802856217,False,False,False,NASA POWER Daily API,LST
2024-07-10,Tesla Gigafactory Texas,30.2219321,-97.6187733,2.86,26.6,7.4018,7.9716,0.9285212504390586,True,False,True,NASA POWER Daily API,LST
2024-07-11,Tesla Gigafactory Texas,30.2219321,-97.6187733,0.04,42.82,7.2929,7.9714,0.9148832074666935,False,False,False,NASA POWER Daily API,LST
2024-07-12,Tesla Gigafactory Texas,30.2219321,-97.6187733,2.79,71.14,4.8252,7.877,0.6125682366383141,True,False,True,NASA POWER Daily API,LST
2024-07-13,Tesla Gigafactory Texas,30.2219321,-97.6187733,3.67,93.84,4.242,7.6546,0.5541765735636088,True,True,True,NASA POWER Daily API,LST
2024-07-14,Tesla Gigafactory Texas,30.2219321,-97.6187733,0.57,58.94,6.2033,7.6918,0.8064822278270366,False,False,False,NASA POWER Daily API,LST
2024-07-15,Tesla Gigafactory Texas,30.2219321,-97.6187733,0.0,11.53,7.9123,7.9582,0.9942323641024353,False,False,False,NASA POWER Daily API,LST
2024-07-16,Tesla Gigafactory Texas,30.2219321,-97.6187733,0.0,15.65,7.9478,8.0203,0.9909604378888569,False,False,False,NASA POWER Daily API,LST
2024-07-17,Tesla Gigafactory Texas,30.2219321,-97.6187733,0.36,56.33,6.4498,7.9147,0.8149140207462064,False,False,False,NASA POWER Daily API,LST
2024-07-18,Tesla Gigafactory Texas,30.2219321,-97.6187733,11.96,71.46,6.1997,7.6015,0.8155890284812208,True,False,True,NASA POWER Daily API,LST
2024-07-19,Tesla Gigafactory Texas,30.2219321,-97.6187733,8.17,42.07,7.2888,7.7436,0.9412676274600961,True,False,True,NASA POWER Daily API,LST
2024-07-20,Tesla Gigafactory Texas,30.2219321,-97.6187733,1.14,35.19,7.3337,7.8062,0.9394711895672672,True,False,True,NASA POWER Daily API,LST
2024-07-21,Tesla Gigafactory Texas,30.2219321,-97.6187733,2.93,72.71,4.7419,7.4412,0.6372493683814439,True,False,True,NASA POWER Daily API,LST
2024-07-22,Tesla Gigafactory Texas,30.2219321,-97.6187733,8.53,89.72,3.816,7.4954,0.5091122555167169,True,True,True,NASA POWER Daily API,LST
2024-07-23,Tesla Gigafactory Texas,30.2219321,-97.6187733,21.23,97.58,2.2639,7.3402,0.3084248385602572,True,True,True,NASA POWER Daily API,LST
2024-07-24,Tesla Gigafactory Texas,30.2219321,-97.6187733,1.85,62.88,5.9527,7.3471,0.8102108314845313,True,False,True,NASA POWER Daily API,LST
2024-07-25,Tesla Gigafactory Texas,30.2219321,-97.6187733,3.24,76.37,5.1074,7.2958,0.7000466021546644,True,False,True,NASA POWER Daily API,LST
2024-07-26,Tesla Gigafactory Texas,30.2219321,-97.6187733,2.17,72.34,4.3063,7.2504,0.5939396447092574,True,False,True,NASA POWER Daily API,LST
2024-07-27,Tesla Gigafactory Texas,30.2219321,-97.6187733,3.42,53.77,5.3688,7.5456,0.7115139949109415,True,False,True,NASA POWER Daily API,LST
2024-07-28,Tesla Gigafactory Texas,30.2219321,-97.6187733,11.2,57.18,5.5814,7.5199,0.7422173167196373,True,False,True,NASA POWER Daily API,LST
2024-07-29,Tesla Gigafactory Texas,30.2219321,-97.6187733,1.41,24.46,7.0027,7.5209,0.931098671701525,True,False,True,NASA POWER Daily API,LST
2024-07-30,Tesla Gigafactory Texas,30.2219321,-97.6187733,0.01,18.96,7.1186,7.5929,0.9375337486335918,False,False,False,NASA POWER Daily API,LST
2024-07-31,Tesla Gigafactory Texas,30.2219321,-97.6187733,0.0,9.7,7.5871,7.6003,0.9982632264515875,False,False,False,NASA POWER Daily API,LST
2024-08-01,Tesla Gigafactory Texas,30.2219321,-97.6187733,0.0,15.04,7.7791,7.8554,0.9902869363749777,False,False,False,NASA POWER Daily API,LST
2024-08-02,Tesla Gigafactory Texas,30.2219321,-97.6187733,0.0,15.98,7.5062,7.7911,0.963432634672896,False,False,False,NASA POWER Daily API,LST
2024-08-03,Tesla Gigafactory Texas,30.2219321,-97.6187733,0.13,43.76,6.8827,7.5924,0.9065249459986302,False,False,False,NASA POWER Daily API,LST
2024-08-04,Tesla Gigafactory Texas,30.2219321,-97.6187733,2.64,49.69,5.7043,7.4914,0.7614464586058681,True,False,True,NASA POWER Daily API,LST
2024-08-05,Tesla Gigafactory Texas,30.2219321,-97.6187733,0.62,14.67,7.122,7.5725,0.9405084186200066,False,False,False,NASA POWER Daily API,LST
2024-08-06,Tesla Gigafactory Texas,30.2219321,-97.6187733,0.0,7.57,7.2209,7.5281,0.9591928906364156,False,False,False,NASA POWER Daily API,LST
2024-08-07,Tesla Gigafactory Texas,30.2219321,-97.6187733,0.0,7.41,7.4717,7.6711,0.9740063354668822,False,False,False,NASA POWER Daily API,LST
2024-08-08,Tesla Gigafactory Texas,30.2219321,-97.6187733,0.01,0.59,7.5773,7.585,0.9989848384970337,False,False,False,NASA POWER Daily API,LST
2024-08-09,Tesla Gigafactory Texas,30.2219321,-97.6187733,3.2,36.67,6.2549,7.0246,0.8904279247216923,True,False,True,NASA POWER Daily API,LST
2024-08-10,Tesla Gigafactory Texas,30.2219321,-97.6187733,3.6,20.42,6.2184,6.9797,0.8909265441208074,True,False,True,NASA POWER Daily API,LST
2024-08-11,Tesla Gigafactory Texas,30.2219321,-97.6187733,0.14,16.54,7.2122,7.3308,0.9838216838544225,False,False,False,NASA POWER Daily API,LST
2024-08-12,Tesla Gigafactory Texas,30.2219321,-97.6187733,0.01,18.38,7.1928,7.3956,0.9725782897939316,False,False,False,NASA POWER Daily API,LST
2024-08-13,Tesla Gigafactory Texas,30.2219321,-97.6187733,0.01,33.19,6.8155,7.2857,0.935462618554154,False,False,False,NASA POWER Daily API,LST
2024-08-14,Tesla Gigafactory Texas,30.2219321,-97.6187733,0.0,37.67,6.9154,7.3918,0.9355502042804188,False,False,False,NASA POWER Daily API,LST
2024-08-15,Tesla Gigafactory Texas,30.2219321,-97.6187733,0.0,13.92,7.3404,7.4472,0.985659039639059,False,False,False,NASA POWER Daily API,LST
2024-08-16,Tesla Gigafactory Texas,30.2219321,-97.6187733,0.0,9.98,7.3519,7.4412,0.9879992474332097,False,False,False,NASA POWER Daily API,LST
2024-08-17,Tesla Gigafactory Texas,30.2219321,-97.6187733,0.0,55.72,6.6965,7.4102,0.9036868100726028,False,False,False,NASA POWER Daily API,LST
2024-08-18,Tesla Gigafactory Texas,30.2219321,-97.6187733,0.0,50.82,7.1866,7.4806,0.9606983397053713,False,False,False,NASA POWER Daily API,LST
2024-08-19,Tesla Gigafactory Texas,30.2219321,-97.6187733,0.0,23.29,7.3195,7.3944,0.9898707129719787,False,False,False,NASA POWER Daily API,LST
2024-08-20,Tesla Gigafactory Texas,30.2219321,-97.6187733,0.0,9.67,7.3711,7.3992,0.9962022921396907,False,False,False,NASA POWER Daily API,LST
2024-08-21,Tesla Gigafactory Texas,30.2219321,-97.6187733,0.04,5.11,7.1182,7.17,0.9927754532775453,False,False,False,NASA POWER Daily API,LST
2024-08-22,Tesla Gigafactory Texas,30.2219321,-97.6187733,0.23,8.74,6.9821,7.0406,0.9916910490583188,False,False,False,NASA POWER Daily API,LST
2024-08-23,Tesla Gigafactory Texas,30.2219321,-97.6187733,3.46,44.62,6.1332,6.8215,0.8990984387598036,True,False,True,NASA POWER Daily API,LST
2024-08-24,Tesla Gigafactory Texas,30.2219321,-97.6187733,0.65,39.98,6.8081,6.9696,0.9768279384756657,False,False,False,NASA POWER Daily API,LST
2024-08-25,Tesla Gigafactory Texas,30.2219321,-97.6187733,0.85,17.91,6.3264,6.9266,0.913348540409436,False,False,False,NASA POWER Daily API,LST
2024-08-26,Tesla Gigafactory Texas,30.2219321,-97.6187733,4.76,57.92,4.5108,6.9545,0.64861600402617,True,False,True,NASA POWER Daily API,LST
2024-08-27,Tesla Gigafactory Texas,30.2219321,-97.6187733,7.83,83.87,4.7971,6.8808,0.6971718404836648,True,True,True,NASA POWER Daily API,LST
2024-08-28,Tesla Gigafactory Texas,30.2219321,-97.6187733,5.34,57.96,6.191,7.0186,0.88208474624569,True,False,True,NASA POWER Daily API,LST
2024-08-29,Tesla Gigafactory Texas,30.2219321,-97.6187733,2.13,31.13,5.6551,6.8849,0.8213772168077967,True,False,True,NASA POWER Daily API,LST
2024-08-30,Tesla Gigafactory Texas,30.2219321,-97.6187733,0.24,32.92,5.6359,6.7152,0.8392750774362641,False,False,False,NASA POWER Daily API,LST
2024-08-31,Tesla Gigafactory Texas,30.2219321,-97.6187733,0.01,50.38,5.3407,6.5899,0.8104371841757841,False,False,False,NASA POWER Daily API,LST
2024-09-01,Tesla Gigafactory Texas,30.2219321,-97.6187733,0.69,54.4,5.5838,6.5501,0.8524755347246608,False,False,False,NASA POWER Daily API,LST
2024-09-02,Tesla Gigafactory Texas,30.2219321,-97.6187733,5.06,96.18,3.8508,6.5724,0.5859046923498266,True,True,True,NASA POWER Daily API,LST
2024-09-03,Tesla Gigafactory Texas,30.2219321,-97.6187733,8.23,99.0,3.1462,6.4944,0.4844481399359448,True,True,True,NASA POWER Daily API,LST
2024-09-04,Tesla Gigafactory Texas,30.2219321,-97.6187733,16.61,86.81,4.1028,6.383,0.6427698574338085,True,True,True,NASA POWER Daily API,LST
2024-09-05,Tesla Gigafactory Texas,30.2219321,-97.6187733,1.94,79.17,2.9026,6.3526,0.45691527878349025,True,False,True,NASA POWER Daily API,LST
2024-09-06,Tesla Gigafactory Texas,30.2219321,-97.6187733,0.13,33.09,5.2255,6.6026,0.7914306485323964,False,False,False,NASA POWER Daily API,LST
2024-09-07,Tesla Gigafactory Texas,30.2219321,-97.6187733,0.0,1.33,6.9216,6.9379,0.9976505859121636,False,False,False,NASA POWER Daily API,LST
2024-09-08,Tesla Gigafactory Texas,30.2219321,-97.6187733,0.0,0.05,7.259,7.2607,0.9997658627955983,False,False,False,NASA POWER Daily API,LST
2024-09-09,Tesla Gigafactory Texas,30.2219321,-97.6187733,0.0,12.41,7.0438,7.1306,0.9878271113230302,False,False,False,NASA POWER Daily API,LST
2024-09-10,Tesla Gigafactory Texas,30.2219321,-97.6187733,0.0,29.1,6.0367,6.8045,0.8871629068998457,False,False,False,NASA POWER Daily API,LST
2024-09-11,Tesla Gigafactory Texas,30.2219321,-97.6187733,0.0,42.52,5.4377,6.6475,0.8180067694622039,False,False,False,NASA POWER Daily API,LST
2024-09-12,Tesla Gigafactory Texas,30.2219321,-97.6187733,0.0,33.3,5.9899,6.6386,0.902283614015003,False,False,False,NASA POWER Daily API,LST
2024-09-13,Tesla Gigafactory Texas,30.2219321,-97.6187733,0.0,28.03,6.3473,6.4637,0.9819917384779615,False,False,False,NASA POWER Daily API,LST
2024-09-14,Tesla Gigafactory Texas,30.2219321,-97.6187733,0.0,79.29,5.3496,6.3096,0.8478508938759984,False,False,False,NASA POWER Daily API,LST
2024-09-15,Tesla Gigafactory Texas,30.2219321,-97.6187733,0.01,54.43,6.0694,6.193,0.9800419828839012,False,False,False,NASA POWER Daily API,LST
2024-09-16,Tesla Gigafactory Texas,30.2219321,-97.6187733,0.07,14.76,6.1762,6.3473,0.9730436563578214,False,False,False,NASA POWER Daily API,LST
2024-09-17,Tesla Gigafactory Texas,30.2219321,-97.6187733,0.04,30.86,5.3302,6.3398,0.8407520741979241,False,False,False,NASA POWER Daily API,LST
2024-09-18,Tesla Gigafactory Texas,30.2219321,-97.6187733,0.0,21.53,5.7175,6.3866,0.8952337707074187,False,False,False,NASA POWER Daily API,LST
2024-09-19,Tesla Gigafactory Texas,30.2219321,-97.6187733,0.02,13.84,6.2208,6.3917,0.973262199414866,False,False,False,NASA POWER Daily API,LST
2024-09-20,Tesla Gigafactory Texas,30.2219321,-97.6187733,0.0,19.87,5.9676,6.3895,0.9339697941935989,False,False,False,NASA POWER Daily API,LST
2024-09-21,Tesla Gigafactory Texas,30.2219321,-97.6187733,0.0,18.79,5.8553,6.2527,0.9364434564268236,False,False,False,NASA POWER Daily API,LST
2024-09-22,Tesla Gigafactory Texas,30.2219321,-97.6187733,0.0,52.88,5.1326,6.1572,0.8335931917105178,False,False,False,NASA POWER Daily API,LST
2024-09-23,Tesla Gigafactory Texas,30.2219321,-97.6187733,0.78,72.04,3.7853,5.8807,0.6436818746067645,False,False,False,NASA POWER Daily API,LST
2024-09-24,Tesla Gigafactory Texas,30.2219321,-97.6187733,3.87,57.41,4.6956,5.849,0.8028038981022396,True,False,True,NASA POWER Daily API,LST
2024-09-25,Tesla Gigafactory Texas,30.2219321,-97.6187733,0.24,17.47,5.3393,6.0847,0.8774960145939816,False,False,False,NASA POWER Daily API,LST
2024-09-26,Tesla Gigafactory Texas,30.2219321,-97.6187733,0.0,3.97,6.2563,6.3482,0.9855234554676916,False,False,False,NASA POWER Daily API,LST
2024-09-27,Tesla Gigafactory Texas,30.2219321,-97.6187733,0.0,0.2,6.3355,6.3382,0.9995740115490203,False,False,False,NASA POWER Daily API,LST
2024-09-28,Tesla Gigafactory Texas,30.2219321,-97.6187733,0.0,0.76,6.1944,6.2069,0.9979861122299376,False,False,False,NASA POWER Daily API,LST
2024-09-29,Tesla Gigafactory Texas,30.2219321,-97.6187733,0.0,1.7,6.0984,6.1188,0.9966660129437144,False,False,False,NASA POWER Daily API,LST
2024-09-30,Tesla Gigafactory Texas,30.2219321,-97.6187733,0.0,8.01,6.1169,6.1219,0.999183260098989,False,False,False,NASA POWER Daily API,LST
2024-10-01,Tesla Gigafactory Texas,30.2219321,-97.6187733,0.0,17.12,5.917,6.0427,0.9791980406109851,False,False,False,NASA POWER Daily API,LST
2024-10-02,Tesla Gigafactory Texas,30.2219321,-97.6187733,0.0,3.42,5.8008,5.8649,0.989070572388276,False,False,False,NASA POWER Daily API,LST
2024-10-03,Tesla Gigafactory Texas,30.2219321,-97.6187733,0.0,7.62,5.6424,5.8644,0.962144464906896,False,False,False,NASA POWER Daily API,LST
2024-10-04,Tesla Gigafactory Texas,30.2219321,-97.6187733,0.0,3.47,5.9222,5.9462,0.9959638088190778,False,False,False,NASA POWER Daily API,LST
2024-10-05,Tesla Gigafactory Texas,30.2219321,-97.6187733,0.0,34.62,5.0796,5.7449,0.8841929363435395,False,False,False,NASA POWER Daily API,LST
2024-10-06,Tesla Gigafactory Texas,30.2219321,-97.6187733,0.0,20.12,5.1684,5.7864,0.8931978432185814,False,False,False,NASA POWER Daily API,LST
2024-10-07,Tesla Gigafactory Texas,30.2219321,-97.6187733,0.0,10.19,5.1919,5.5531,0.9349552502205977,False,False,False,NASA POWER Daily API,LST
2024-10-08,Tesla Gigafactory Texas,30.2219321,-97.6187733,0.0,0.51,5.586,5.5946,0.9984628034175813,False,False,False,NASA POWER Daily API,LST
2024-10-09,Tesla Gigafactory Texas,30.2219321,-97.6187733,0.0,1.04,5.6364,5.6498,0.9976282346277745,False,False,False,NASA POWER Daily API,LST
2024-10-10,Tesla Gigafactory Texas,30.2219321,-97.6187733,0.0,1.28,5.5006,5.5217,0.9961787130774943,False,False,False,NASA POWER Daily API,LST
2024-10-11,Tesla Gigafactory Texas,30.2219321,-97.6187733,0.0,1.91,5.4286,5.4362,0.9986019646076303,False,False,False,NASA POWER Daily API,LST
2024-10-12,Tesla Gigafactory Texas,30.2219321,-97.6187733,0.0,0.51,5.5058,5.5082,0.9995642859736392,False,False,False,NASA POWER Daily API,LST
2024-10-13,Tesla Gigafactory Texas,30.2219321,-97.6187733,0.0,0.51,5.4662,5.4701,0.9992870331438181,False,False,False,NASA POWER Daily API,LST
2024-10-14,Tesla Gigafactory Texas,30.2219321,-97.6187733,0.0,0.35,5.3635,5.3681,0.9991430860080848,False,False,False,NASA POWER Daily API,LST
2024-10-15,Tesla Gigafactory Texas,30.2219321,-97.6187733,0.0,1.47,5.4449,5.4725,0.9949566011877569,False,False,False,NASA POWER Daily API,LST
2024-10-16,Tesla Gigafactory Texas,30.2219321,-97.6187733,0.0,29.65,3.9113,5.0218,0.7788641522959896,False,False,False,NASA POWER Daily API,LST
2024-10-17,Tesla Gigafactory Texas,30.2219321,-97.6187733,0.0,25.77,4.8461,5.377,0.901264645713223,False,False,False,NASA POWER Daily API,LST
2024-10-18,Tesla Gigafactory Texas,30.2219321,-97.6187733,0.02,46.97,3.5647,5.2361,0.6807929565898283,False,False,False,NASA POWER Daily API,LST
2024-10-19,Tesla Gigafactory Texas,30.2219321,-97.6187733,0.01,23.43,5.0309,5.3014,0.9489757422567623,False,False,False,NASA POWER Daily API,LST
2024-10-20,Tesla Gigafactory Texas,30.2219321,-97.6187733,0.0,1.33,5.3839,5.3911,0.9986644655079668,False,False,False,NASA POWER Daily API,LST
2024-10-21,Tesla Gigafactory Texas,30.2219321,-97.6187733,0.0,2.99,5.3381,5.3534,0.9971420032129115,False,False,False,NASA POWER Daily API,LST
2024-10-22,Tesla Gigafactory Texas,30.2219321,-97.6187733,0.0,27.73,4.3817,5.0731,0.863712522914983,False,False,False,NASA POWER Daily API,LST
2024-10-23,Tesla Gigafactory Texas,30.2219321,-97.6187733,0.0,12.85,5.0064,5.1048,0.9807240244475788,False,False,False,NASA POWER Daily API,LST
2024-10-24,Tesla Gigafactory Texas,30.2219321,-97.6187733,0.0,21.09,4.9046,5.1163,0.958622441999101,False,False,False,NASA POWER Daily API,LST
2024-10-25,Tesla Gigafactory Texas,30.2219321,-97.6187733,0.0,31.49,4.6003,4.9366,0.9318761900903455,False,False,False,NASA POWER Daily API,LST
2024-10-26,Tesla Gigafactory Texas,30.2219321,-97.6187733,0.0,18.33,4.5516,4.8758,0.9335083473481274,False,False,False,NASA POWER Daily API,LST
2024-10-27,Tesla Gigafactory Texas,30.2219321,-97.6187733,0.0,9.34,4.4938,4.789,0.9383587387763626,False,False,False,NASA POWER Daily API,LST
2024-10-28,Tesla Gigafactory Texas,30.2219321,-97.6187733,0.01,28.81,4.3162,4.9301,0.8754791992048843,False,False,False,NASA POWER Daily API,LST
2024-10-29,Tesla Gigafactory Texas,30.2219321,-97.6187733,0.03,56.8,3.4625,4.8362,0.715954675158182,False,False,False,NASA POWER Daily API,LST
2024-10-30,Tesla Gigafactory Texas,30.2219321,-97.6187733,0.03,77.92,3.1694,4.6649,0.6794143497181075,False,False,False,NASA POWER Daily API,LST
2024-10-31,Tesla Gigafactory Texas,30.2219321,-97.6187733,0.13,41.25,3.8846,4.5799,0.8481844581759426,False,False,False,NASA POWER Daily API,LST
2024-11-01,Tesla Gigafactory Texas,30.2219321,-97.6187733,0.07,91.35,1.4006,4.5574,0.30732435160398475,False,True,True,NASA POWER Daily API,LST
2024-11-02,Tesla Gigafactory Texas,30.2219321,-97.6187733,1.14,92.93,1.5811,4.3783,0.36112189662654454,True,True,True,NASA POWER Daily API,LST
2024-11-03,Tesla Gigafactory Texas,30.2219321,-97.6187733,0.39,77.99,2.2596,4.1606,0.5430947459501033,False,False,False,NASA POWER Daily API,LST
2024-11-04,Tesla Gigafactory Texas,30.2219321,-97.6187733,21.71,73.06,2.0167,4.1004,0.4918300653594772,True,False,True,NASA POWER Daily API,LST
2024-11-05,Tesla Gigafactory Texas,30.2219321,-97.6187733,7.72,46.81,3.8323,4.6075,0.8317525773195876,True,False,True,NASA POWER Daily API,LST
2024-11-06,Tesla Gigafactory Texas,30.2219321,-97.6187733,0.01,14.62,4.7474,4.7647,0.9963691313199151,False,False,False,NASA POWER Daily API,LST
2024-11-07,Tesla Gigafactory Texas,30.2219321,-97.6187733,0.14,68.31,2.207,4.0099,0.5503877902192075,False,False,False,NASA POWER Daily API,LST
2024-11-08,Tesla Gigafactory Texas,30.2219321,-97.6187733,1.88,70.71,2.5248,4.0591,0.6220098051292158,True,False,True,NASA POWER Daily API,LST
2024-11-09,Tesla Gigafactory Texas,30.2219321,-97.6187733,0.03,17.55,4.5864,4.6022,0.9965668593281475,False,False,False,NASA POWER Daily API,LST
2024-11-10,Tesla Gigafactory Texas,30.2219321,-97.6187733,0.0,7.85,4.4122,4.4508,0.991327401815404,False,False,False,NASA POWER Daily API,LST
2024-11-11,Tesla Gigafactory Texas,30.2219321,-97.6187733,0.0,1.68,4.447,4.4618,0.9966829530682684,False,False,False,NASA POWER Daily API,LST
2024-11-12,Tesla Gigafactory Texas,30.2219321,-97.6187733,0.0,2.22,4.333,4.3637,0.9929646859316636,False,False,False,NASA POWER Daily API,LST
2024-11-13,Tesla Gigafactory Texas,30.2219321,-97.6187733,0.0,12.5,4.133,4.3313,0.9542169787361763,False,False,False,NASA POWER Daily API,LST
2024-11-14,Tesla Gigafactory Texas,30.2219321,-97.6187733,0.0,0.82,4.705,4.7107,0.9987899887490181,False,False,False,NASA POWER Daily API,LST
2024-11-15,Tesla Gigafactory Texas,30.2219321,-97.6187733,0.0,0.53,4.6553,4.6601,0.9989699791849962,False,False,False,NASA POWER Daily API,LST
2024-11-16,Tesla Gigafactory Texas,30.2219321,-97.6187733,0.0,50.77,4.0049,4.2982,0.9317621329859012,False,False,False,NASA POWER Daily API,LST
2024-11-17,Tesla Gigafactory Texas,30.2219321,-97.6187733,1.45,84.59,3.2136,3.8971,0.8246131738985399,True,True,True,NASA POWER Daily API,LST
2024-11-18,Tesla Gigafactory Texas,30.2219321,-97.6187733,5.31,65.22,1.9781,3.9722,0.4979860027188963,True,False,True,NASA POWER Daily API,LST
2024-11-19,Tesla Gigafactory Texas,30.2219321,-97.6187733,0.0,0.48,4.4542,4.4551,0.9997979843325627,False,False,False,NASA POWER Daily API,LST
2024-11-20,Tesla Gigafactory Texas,30.2219321,-97.6187733,0.0,0.73,4.5454,4.5552,0.99784861257464,False,False,False,NASA POWER Daily API,LST
2024-11-21,Tesla Gigafactory Texas,30.2219321,-97.6187733,0.0,0.42,4.3164,4.32,0.9991666666666665,False,False,False,NASA POWER Daily API,LST
2024-11-22,Tesla Gigafactory Texas,30.2219321,-97.6187733,0.0,11.46,4.1918,4.2458,0.9872815488247209,False,False,False,NASA POWER Daily API,LST
2024-11-23,Tesla Gigafactory Texas,30.2219321,-97.6187733,0.0,5.71,4.1892,4.195,0.998617401668653,False,False,False,NASA POWER Daily API,LST
2024-11-24,Tesla Gigafactory Texas,30.2219321,-97.6187733,0.0,34.27,3.445,4.0222,0.8564964447317388,False,False,False,NASA POWER Daily API,LST
2024-11-25,Tesla Gigafactory Texas,30.2219321,-97.6187733,0.0,7.77,3.7296,3.929,0.9492491728175109,False,False,False,NASA POWER Daily API,LST
2024-11-26,Tesla Gigafactory Texas,30.2219321,-97.6187733,0.0,39.0,3.5042,3.9624,0.8843630123157682,False,False,False,NASA POWER Daily API,LST
2024-11-27,Tesla Gigafactory Texas,30.2219321,-97.6187733,0.0,73.03,2.9014,3.8527,0.7530822540036858,False,False,False,NASA POWER Daily API,LST
2024-11-28,Tesla Gigafactory Texas,30.2219321,-97.6187733,0.0,91.07,2.183,3.618,0.603372028745163,False,True,True,NASA POWER Daily API,LST
2024-11-29,Tesla Gigafactory Texas,30.2219321,-97.6187733,0.0,51.88,3.8491,4.0891,0.9413073781516714,False,False,False,NASA POWER Daily API,LST
2024-11-30,Tesla Gigafactory Texas,30.2219321,-97.6187733,0.0,54.99,3.2784,3.936,0.8329268292682926,False,False,False,NASA POWER Daily API,LST
2024-12-01,Tesla Gigafactory Texas,30.2219321,-97.6187733,0.0,29.15,3.4205,3.9809,0.8592278128061493,False,False,False,NASA POWER Daily API,LST
2024-12-02,Tesla Gigafactory Texas,30.2219321,-97.6187733,0.0,32.37,3.7157,3.9761,0.9345086894192801,False,False,False,NASA POWER Daily API,LST
2024-12-03,Tesla Gigafactory Texas,30.2219321,-97.6187733,0.21,76.76,2.6275,3.863,0.6801708516696867,False,False,False,NASA POWER Daily API,LST
2024-12-04,Tesla Gigafactory Texas,30.2219321,-97.6187733,5.21,98.33,1.1753,3.5462,0.3314251875246743,True,True,True,NASA POWER Daily API,LST
2024-12-05,Tesla Gigafactory Texas,30.2219321,-97.6187733,0.3,97.68,1.5382,3.8335,0.4012521194730664,False,True,True,NASA POWER Daily API,LST
2024-12-06,Tesla Gigafactory Texas,30.2219321,-97.6187733,1.63,94.8,2.1715,3.6478,0.595290311968858,True,True,True,NASA POWER Daily API,LST
2024-12-07,Tesla Gigafactory Texas,30.2219321,-97.6187733,5.9,99.67,0.727,3.4553,0.21040141232309786,True,True,True,NASA POWER Daily API,LST
2024-12-08,Tesla Gigafactory Texas,30.2219321,-97.6187733,5.38,90.75,1.3771,3.6062,0.3818701125838833,True,True,True,NASA POWER Daily API,LST
2024-12-09,Tesla Gigafactory Texas,30.2219321,-97.6187733,0.06,25.61,3.9307,3.973,0.989353133652152,False,False,False,NASA POWER Daily API,LST
2024-12-10,Tesla Gigafactory Texas,30.2219321,-97.6187733,0.0,32.43,3.0941,3.8309,0.8076692161110965,False,False,False,NASA POWER Daily API,LST
2024-12-11,Tesla Gigafactory Texas,30.2219321,-97.6187733,0.0,8.36,4.1102,4.1239,0.9966779019859842,False,False,False,NASA POWER Daily API,LST
2024-12-12,Tesla Gigafactory Texas,30.2219321,-97.6187733,0.0,57.73,3.5105,3.96,0.8864898989898989,False,False,False,NASA POWER Daily API,LST
2024-12-13,Tesla Gigafactory Texas,30.2219321,-97.6187733,3.83,98.56,0.7894,3.4846,0.226539631521552,True,True,True,NASA POWER Daily API,LST
2024-12-14,Tesla Gigafactory Texas,30.2219321,-97.6187733,2.99,64.07,2.7034,3.5556,0.7603217459781751,True,False,True,NASA POWER Daily API,LST
2024-12-15,Tesla Gigafactory Texas,30.2219321,-97.6187733,1.47,87.12,1.9241,3.4762,0.5535067027213624,True,True,True,NASA POWER Daily API,LST
2024-12-16,Tesla Gigafactory Texas,30.2219321,-97.6187733,0.24,60.74,2.3544,3.5338,0.6662516271435849,False,False,False,NASA POWER Daily API,LST
2024-12-17,Tesla Gigafactory Texas,30.2219321,-97.6187733,0.06,30.44,2.783,3.5244,0.7896379525593008,False,False,False,NASA POWER Daily API,LST
2024-12-18,Tesla Gigafactory Texas,30.2219321,-97.6187733,0.65,26.36,3.5532,3.6454,0.9747078509902891,False,False,False,NASA POWER Daily API,LST
2024-12-19,Tesla Gigafactory Texas,30.2219321,-97.6187733,0.0,1.03,3.8486,3.857,0.9978221415607984,False,False,False,NASA POWER Daily API,LST
2024-12-20,Tesla Gigafactory Texas,30.2219321,-97.6187733,0.0,0.64,3.9353,3.9372,0.9995174235497307,False,False,False,NASA POWER Daily API,LST
2024-12-21,Tesla Gigafactory Texas,30.2219321,-97.6187733,0.0,4.86,3.8628,3.8803,0.995490039429941,False,False,False,NASA POWER Daily API,LST
2024-12-22,Tesla Gigafactory Texas,30.2219321,-97.6187733,0.0,61.68,3.2952,3.6984,0.890979883192732,False,False,False,NASA POWER Daily API,LST
2024-12-23,Tesla Gigafactory Texas,30.2219321,-97.6187733,0.0,65.59,2.3107,3.5359,0.6534969880369921,False,False,False,NASA POWER Daily API,LST
2024-12-24,Tesla Gigafactory Texas,30.2219321,-97.6187733,5.39,89.33,1.859,3.2935,0.5644451191741309,True,True,True,NASA POWER Daily API,LST
2024-12-25,Tesla Gigafactory Texas,30.2219321,-97.6187733,1.99,97.15,1.0027,3.6761,0.2727618943989554,True,True,True,NASA POWER Daily API,LST
2024-12-26,Tesla Gigafactory Texas,30.2219321,-97.6187733,1.18,58.7,2.1737,3.5114,0.6190408384120294,True,False,True,NASA POWER Daily API,LST
2024-12-27,Tesla Gigafactory Texas,30.2219321,-97.6187733,0.01,39.88,3.7027,3.84,0.9642447916666668,False,False,False,NASA POWER Daily API,LST
2024-12-28,Tesla Gigafactory Texas,30.2219321,-97.6187733,1.5,45.21,3.0514,3.6026,0.8469993893299285,True,False,True,NASA POWER Daily API,LST
2024-12-29,Tesla Gigafactory Texas,30.2219321,-97.6187733,0.0,29.82,3.7286,3.7949,0.9825291839047142,False,False,False,NASA POWER Daily API,LST
2024-12-30,Tesla Gigafactory Texas,30.2219321,-97.6187733,0.01,1.27,4.0162,4.0236,0.9981608509792227,False,False,False,NASA POWER Daily API,LST
2024-12-31,Tesla Gigafactory Texas,30.2219321,-97.6187733,0.0,1.46,4.0601,4.0618,0.9995814663449704,False,False,False,NASA POWER Daily API,LST
