tarefa,resolucao,particao,modelo,tipo_estimativa,semente,localidade,tipo_horizonte,horizonte,N_origens,N_pontos,MAE_wm2,RMSE_wm2,nRMSE,R2
monthly_6,mensal,validacao_2023,Persistencia,deterministica,,BMW San Luis Potosi,cumulativo,1,7,7,26.091114589146205,31.023665805513637,0.11082259631940805,0.17855888966196443
monthly_6,mensal,validacao_2023,Persistencia,deterministica,,BMW San Luis Potosi,lead_exato,1,7,7,26.091114589146205,31.023665805513637,0.11082259631940805,0.17855888966196443
monthly_6,mensal,validacao_2023,Persistencia,deterministica,,BMW San Luis Potosi,cumulativo,3,7,21,41.0004395984468,48.588562581331665,0.17067822705639013,-1.9688785837206382
monthly_6,mensal,validacao_2023,Persistencia,deterministica,,BMW San Luis Potosi,lead_exato,3,7,7,53.14109584263393,59.11989236534566,0.20440591798512736,-6.301576182812925
monthly_6,mensal,validacao_2023,Persistencia,deterministica,,BMW San Luis Potosi,cumulativo,6,7,42,59.641708010718936,74.51381007157612,0.274816438252286,-1.7696566806095175
monthly_6,mensal,validacao_2023,Persistencia,deterministica,,BMW San Luis Potosi,lead_exato,6,7,7,88.96902901785714,108.77043999168669,0.4583687408563539,-2.048122605577439
monthly_6,mensal,validacao_2023,Persistencia,deterministica,,BYD Camacari,cumulativo,1,7,7,25.772818429129465,33.23339901578192,0.15292424796109275,0.4158779101280077
monthly_6,mensal,validacao_2023,Persistencia,deterministica,,BYD Camacari,lead_exato,1,7,7,25.772818429129465,33.23339901578192,0.15292424796109275,0.4158779101280077
monthly_6,mensal,validacao_2023,Persistencia,deterministica,,BYD Camacari,cumulativo,3,7,21,44.20106433686756,52.250653764421024,0.24822700801738756,-0.9367958598318151
monthly_6,mensal,validacao_2023,Persistencia,deterministica,,BYD Camacari,lead_exato,3,7,7,61.36038425990513,68.63546260121088,0.3350527412346064,-4.413509551496765
monthly_6,mensal,validacao_2023,Persistencia,deterministica,,BYD Camacari,cumulativo,6,7,42,61.936187380836124,72.99198472536612,0.33352169224759926,-1.8474461388219239
monthly_6,mensal,validacao_2023,Persistencia,deterministica,,BYD Camacari,lead_exato,6,7,7,81.4649636404855,87.6524485909596,0.3612508701485633,-3.045606430941347
monthly_6,mensal,validacao_2023,Persistencia,deterministica,,Ford Rouge Electric Vehicle Center,cumulativo,1,7,7,34.91033499581473,45.408734988454896,0.2537109430813698,0.6751904256516503
monthly_6,mensal,validacao_2023,Persistencia,deterministica,,Ford Rouge Electric Vehicle Center,lead_exato,1,7,7,34.91033499581473,45.408734988454896,0.2537109430813698,0.6751904256516503
monthly_6,mensal,validacao_2023,Persistencia,deterministica,,Ford Rouge Electric Vehicle Center,cumulativo,3,7,21,69.74302963983445,82.41007632057165,0.4139194321013177,-0.6169843134028301
monthly_6,mensal,validacao_2023,Persistencia,deterministica,,Ford Rouge Electric Vehicle Center,lead_exato,3,7,7,103.81207929338727,110.09815591899068,0.5166250699743002,-4.43154787695376
monthly_6,mensal,validacao_2023,Persistencia,deterministica,,Ford Rouge Electric Vehicle Center,cumulativo,6,7,42,107.02854828607468,126.37911553299823,0.6535443573759977,-2.3061525581519597
monthly_6,mensal,validacao_2023,Persistencia,deterministica,,Ford Rouge Electric Vehicle Center,lead_exato,6,7,7,151.2997567313058,168.28770668675332,1.0442881740973173,-3.178673611608345
monthly_6,mensal,validacao_2023,Persistencia,deterministica,,GM Factory Zero,cumulativo,1,7,7,36.08236912318638,46.17072958150509,0.25680198888765415,0.6657580593085954
monthly_6,mensal,validacao_2023,Persistencia,deterministica,,GM Factory Zero,lead_exato,1,7,7,36.08236912318638,46.17072958150509,0.25680198888765415,0.6657580593085954
monthly_6,mensal,validacao_2023,Persistencia,deterministica,,GM Factory Zero,cumulativo,3,7,21,71.15923926943825,83.33142241909104,0.4172289929911196,-0.6560267414059293
monthly_6,mensal,validacao_2023,Persistencia,deterministica,,GM Factory Zero,lead_exato,3,7,7,104.9061998639788,111.03839683480248,0.5194339555594697,-4.617977424029902
monthly_6,mensal,validacao_2023,Persistencia,deterministica,,GM Factory Zero,cumulativo,6,7,42,107.80183864775158,127.09885734669348,0.6560043226109777,-2.3428907999731
monthly_6,mensal,validacao_2023,Persistencia,deterministica,,GM Factory Zero,lead_exato,6,7,7,151.38807133265905,168.62360214316263,1.0472362850126908,-3.2374918072681984
monthly_6,mensal,validacao_2023,Persistencia,deterministica,,Hyundai Metaplant Georgia,cumulativo,1,7,7,26.72391074044364,30.24308607483639,0.144148217372025,0.6200560333706261
monthly_6,mensal,validacao_2023,Persistencia,deterministica,,Hyundai Metaplant Georgia,lead_exato,1,7,7,26.72391074044364,30.24308607483639,0.144148217372025,0.6200560333706261
monthly_6,mensal,validacao_2023,Persistencia,deterministica,,Hyundai Metaplant Georgia,cumulativo,3,7,21,43.651278904506135,51.98198996172751,0.23153176548395255,-0.8323916081485678
monthly_6,mensal,validacao_2023,Persistencia,deterministica,,Hyundai Metaplant Georgia,lead_exato,3,7,7,60.53905487060547,68.00730603020686,0.2880540835937229,-9.061114372390687
monthly_6,mensal,validacao_2023,Persistencia,deterministica,,Hyundai Metaplant Georgia,cumulativo,6,7,42,64.08147775559198,77.79562270338113,0.35220669204576077,-2.2129599054121383
monthly_6,mensal,validacao_2023,Persistencia,deterministica,,Hyundai Metaplant Georgia,lead_exato,6,7,7,99.90760803222656,111.02845236873532,0.5521208381098255,-2.5081855183240087
monthly_6,mensal,validacao_2023,Persistencia,deterministica,,Lucid AMP 1 Casa Grande,cumulativo,1,7,7,38.334983825683594,45.63610188932513,0.16774996979778783,0.6823838539283247
monthly_6,mensal,validacao_2023,Persistencia,deterministica,,Lucid AMP 1 Casa Grande,lead_exato,1,7,7,38.334983825683594,45.63610188932513,0.16774996979778783,0.6823838539283247
monthly_6,mensal,validacao_2023,Persistencia,deterministica,,Lucid AMP 1 Casa Grande,cumulativo,3,7,21,74.26708512079148,89.22031335422041,0.30888600802114546,-0.8542554617594311
monthly_6,mensal,validacao_2023,Persistencia,deterministica,,Lucid AMP 1 Casa Grande,lead_exato,3,7,7,107.70598384312221,120.11165486582998,0.39713730479279996,-5.772825339384432
monthly_6,mensal,validacao_2023,Persistencia,deterministica,,Lucid AMP 1 Casa Grande,cumulativo,6,7,42,109.08978816441127,128.24226260594594,0.4527875656758165,-2.676064181525605
monthly_6,mensal,validacao_2023,Persistencia,deterministica,,Lucid AMP 1 Casa Grande,lead_exato,6,7,7,151.05660683768136,166.97945348122926,0.6674794836958211,-3.7339544695937956
monthly_6,mensal,validacao_2023,Persistencia,deterministica,,Rivian Normal,cumulativo,1,7,7,34.55303682599749,45.83645219280512,0.23536553743260571,0.7223806376693442
monthly_6,mensal,validacao_2023,Persistencia,deterministica,,Rivian Normal,lead_exato,1,7,7,34.55303682599749,45.83645219280512,0.23536553743260571,0.7223806376693442
monthly_6,mensal,validacao_2023,Persistencia,deterministica,,Rivian Normal,cumulativo,3,7,21,72.19294139317104,86.71557233204513,0.40186678768902545,-0.5010168183104884
monthly_6,mensal,validacao_2023,Persistencia,deterministica,,Rivian Normal,lead_exato,3,7,7,107.40228489467076,117.02799176611396,0.5055536957100033,-4.208751443167458
monthly_6,mensal,validacao_2023,Persistencia,deterministica,,Rivian Normal,cumulativo,6,7,42,111.21702112470355,131.46339342596684,0.6182394945493773,-2.361661919262906
monthly_6,mensal,validacao_2023,Persistencia,deterministica,,Rivian Normal,lead_exato,6,7,7,160.83838217599052,175.20199320692151,0.9523682853597292,-3.3870498781267537
monthly_6,mensal,validacao_2023,Persistencia,deterministica,,Tesla Fremont Factory,cumulativo,1,7,7,39.18005807059152,49.93085313115106,0.2104866522983616,0.6889077486349364
monthly_6,mensal,validacao_2023,Persistencia,deterministica,,Tesla Fremont Factory,lead_exato,1,7,7,39.18005807059152,49.93085313115106,0.2104866522983616,0.6889077486349364
monthly_6,mensal,validacao_2023,Persistencia,deterministica,,Tesla Fremont Factory,cumulativo,3,7,21,73.09889947800409,87.88438777397705,0.3372236163810089,-0.3624757480945775
monthly_6,mensal,validacao_2023,Persistencia,deterministica,,Tesla Fremont Factory,lead_exato,3,7,7,106.19675881522042,117.82801658227366,0.42210351475944874,-3.8220675193611298
monthly_6,mensal,validacao_2023,Persistencia,deterministica,,Tesla Fremont Factory,cumulativo,6,7,42,113.3926540556408,134.2839579513249,0.5190880526441559,-2.10244369460799
monthly_6,mensal,validacao_2023,Persistencia,deterministica,,Tesla Fremont Factory,lead_exato,6,7,7,170.746337890625,184.47470065693537,0.7976494608607537,-2.9341117409636985
monthly_6,mensal,validacao_2023,Persistencia,deterministica,,Tesla Gigafactory Nevada,cumulativo,1,7,7,39.70113590785435,47.88516142776879,0.2004939465175768,0.7117494913612594
monthly_6,mensal,validacao_2023,Persistencia,deterministica,,Tesla Gigafactory Nevada,lead_exato,1,7,7,39.70113590785435,47.88516142776879,0.2004939465175768,0.7117494913612594
monthly_6,mensal,validacao_2023,Persistencia,deterministica,,Tesla Gigafactory Nevada,cumulativo,3,7,21,73.42092059907459,87.68081770612912,0.33579327845434764,-0.4702099117767806
monthly_6,mensal,validacao_2023,Persistencia,deterministica,,Tesla Gigafactory Nevada,lead_exato,3,7,7,103.55958884102958,117.24301149872113,0.4205654201187052,-4.785436028803243
monthly_6,mensal,validacao_2023,Persistencia,deterministica,,Tesla Gigafactory Nevada,cumulativo,6,7,42,112.14647747221447,133.54767933493957,0.5201863879266115,-2.1452514923880623
monthly_6,mensal,validacao_2023,Persistencia,deterministica,,Tesla Gigafactory Nevada,lead_exato,6,7,7,167.96680559430803,183.5223172046073,0.8103276142314416,-2.923262267685928
monthly_6,mensal,validacao_2023,Persistencia,deterministica,,Tesla Gigafactory Texas,cumulativo,1,7,7,27.71082959856306,32.30431394131913,0.14658472340573217,0.7349765740730809
monthly_6,mensal,validacao_2023,Persistencia,deterministica,,Tesla Gigafactory Texas,lead_exato,1,7,7,27.71082959856306,32.30431394131913,0.14658472340573217,0.7349765740730809
monthly_6,mensal,validacao_2023,Persistencia,deterministica,,Tesla Gigafactory Texas,cumulativo,3,7,21,53.45735713413784,61.58101692041876,0.25584415939837013,-0.1371841410825687
monthly_6,mensal,validacao_2023,Persistencia,deterministica,,Tesla Gigafactory Texas,lead_exato,3,7,7,80.40605926513672,83.01786677649449,0.32329323052526954,-2.205069430370685
monthly_6,mensal,validacao_2023,Persistencia,deterministica,,Tesla Gigafactory Texas,cumulativo,6,7,42,85.24484289260138,100.0133420534934,0.4148686165765449,-1.5643198330531494
monthly_6,mensal,validacao_2023,Persistencia,deterministica,,Tesla Gigafactory Texas,lead_exato,6,7,7,128.28656114850725,139.46321423566698,0.6148498001096665,-2.2309815374963216
monthly_6,mensal,validacao_2023,Sazonal ingenuo,deterministica,,BMW San Luis Potosi,cumulativo,1,7,7,21.292273385184153,25.524671801872508,0.09117911522827087,0.4439542311892076
monthly_6,mensal,validacao_2023,Sazonal ingenuo,deterministica,,BMW San Luis Potosi,lead_exato,1,7,7,21.292273385184153,25.524671801872508,0.09117911522827087,0.4439542311892076
monthly_6,mensal,validacao_2023,Sazonal ingenuo,deterministica,,BMW San Luis Potosi,cumulativo,3,7,21,23.945062546502974,29.08008334429379,0.10215031695058006,-0.06344645545559868
monthly_6,mensal,validacao_2023,Sazonal ingenuo,deterministica,,BMW San Luis Potosi,lead_exato,3,7,7,28.911161150251115,34.91628168270371,0.12072238842849947,-1.546861499978239
monthly_6,mensal,validacao_2023,Sazonal ingenuo,deterministica,,BMW San Luis Potosi,cumulativo,6,7,42,27.37453823997861,33.162428737569066,0.12230726815203391,0.45141357464301113
monthly_6,mensal,validacao_2023,Sazonal ingenuo,deterministica,,BMW San Luis Potosi,lead_exato,6,7,7,33.06543622698103,39.5789610622344,0.16678941951402984,0.5964108883846273
monthly_6,mensal,validacao_2023,Sazonal ingenuo,deterministica,,BYD Camacari,cumulativo,1,7,7,12.750917707170759,16.20168106221095,0.07455240708202938,0.8611728961322622
monthly_6,mensal,validacao_2023,Sazonal ingenuo,deterministica,,BYD Camacari,lead_exato,1,7,7,12.750917707170759,16.20168106221095,0.07455240708202938,0.8611728961322622
monthly_6,mensal,validacao_2023,Sazonal ingenuo,deterministica,,BYD Camacari,cumulativo,3,7,21,11.206306820824032,14.5230095740793,0.06899441354811008,0.8503717357717906
monthly_6,mensal,validacao_2023,Sazonal ingenuo,deterministica,,BYD Camacari,lead_exato,3,7,7,9.459442138671875,11.854896573007569,0.057871185584008174,0.8384982190715635
monthly_6,mensal,validacao_2023,Sazonal ingenuo,deterministica,,BYD Camacari,cumulativo,6,7,42,14.304611206054688,21.05265187440243,0.09619571389747646,0.7631252382179827
monthly_6,mensal,validacao_2023,Sazonal ingenuo,deterministica,,BYD Camacari,lead_exato,6,7,7,19.583947317940847,29.68742717084778,0.12235378555125713,0.5359116690152397
monthly_6,mensal,validacao_2023,Sazonal ingenuo,deterministica,,Ford Rouge Electric Vehicle Center,cumulativo,1,7,7,19.021709987095424,21.860693486653286,0.12214163557565964,0.9247202989809898
monthly_6,mensal,validacao_2023,Sazonal ingenuo,deterministica,,Ford Rouge Electric Vehicle Center,lead_exato,1,7,7,19.021709987095424,21.860693486653286,0.12214163557565964,0.9247202989809898
monthly_6,mensal,validacao_2023,Sazonal ingenuo,deterministica,,Ford Rouge Electric Vehicle Center,cumulativo,3,7,21,16.235578991117933,19.325742731694653,0.09706701915093835,0.9110762924447368
monthly_6,mensal,validacao_2023,Sazonal ingenuo,deterministica,,Ford Rouge Electric Vehicle Center,lead_exato,3,7,7,15.118002755301339,18.08296878325794,0.08485260207144224,0.8534779495965003
monthly_6,mensal,validacao_2023,Sazonal ingenuo,deterministica,,Ford Rouge Electric Vehicle Center,cumulativo,6,7,42,16.077821459089005,19.351007977197447,0.10006987325159102,0.9224861246281931
monthly_6,mensal,validacao_2023,Sazonal ingenuo,deterministica,,Ford Rouge Electric Vehicle Center,lead_exato,6,7,7,13.010032653808594,17.20566209450988,0.10676756969691037,0.9563206220273804
monthly_6,mensal,validacao_2023,Sazonal ingenuo,deterministica,,GM Factory Zero,cumulativo,1,7,7,20.745803833007812,23.214656066448626,0.1291201136140356,0.9155009206037337
monthly_6,mensal,validacao_2023,Sazonal ingenuo,deterministica,,GM Factory Zero,lead_exato,1,7,7,20.745803833007812,23.214656066448626,0.1291201136140356,0.9155009206037337
monthly_6,mensal,validacao_2023,Sazonal ingenuo,deterministica,,GM Factory Zero,cumulativo,3,7,21,17.564716157459078,20.57889759517517,0.10303571535501896,0.8990063734463812
monthly_6,mensal,validacao_2023,Sazonal ingenuo,deterministica,,GM Factory Zero,lead_exato,3,7,7,15.999583653041295,19.139294277886314,0.08953298693757114,0.8330888059504666
monthly_6,mensal,validacao_2023,Sazonal ingenuo,deterministica,,GM Factory Zero,cumulativo,6,7,42,16.974660055977957,20.31573355035402,0.10485703258284891,0.9145909454915049
monthly_6,mensal,validacao_2023,Sazonal ingenuo,deterministica,,GM Factory Zero,lead_exato,6,7,7,13.297065734863281,17.530775287602523,0.10887481795101463,0.9541990598885849
monthly_6,mensal,validacao_2023,Sazonal ingenuo,deterministica,,Hyundai Metaplant Georgia,cumulativo,1,7,7,19.100997924804688,24.19084181931746,0.115301286262735,0.7569087623237833
monthly_6,mensal,validacao_2023,Sazonal ingenuo,deterministica,,Hyundai Metaplant Georgia,lead_exato,1,7,7,19.100997924804688,24.19084181931746,0.115301286262735,0.7569087623237833
monthly_6,mensal,validacao_2023,Sazonal ingenuo,deterministica,,Hyundai Metaplant Georgia,cumulativo,3,7,21,20.586048671177455,25.234302147746273,0.11239551489515592,0.5681876195317013
monthly_6,mensal,validacao_2023,Sazonal ingenuo,deterministica,,Hyundai Metaplant Georgia,lead_exato,3,7,7,21.936141967773438,26.006239850966285,0.11015292363825258,-0.471262176833273
monthly_6,mensal,validacao_2023,Sazonal ingenuo,deterministica,,Hyundai Metaplant Georgia,cumulativo,6,7,42,19.586661565871466,23.93330933344208,0.10835406179830227,0.6959111534527316
monthly_6,mensal,validacao_2023,Sazonal ingenuo,deterministica,,Hyundai Metaplant Georgia,lead_exato,6,7,7,13.058770315987724,15.669732830472006,0.0779222428011927,0.9301225315729078
monthly_6,mensal,validacao_2023,Sazonal ingenuo,deterministica,,Lucid AMP 1 Casa Grande,cumulativo,1,7,7,17.845690046037948,20.37135268084065,0.07488136925538884,0.9367114384748673
monthly_6,mensal,validacao_2023,Sazonal ingenuo,deterministica,,Lucid AMP 1 Casa Grande,lead_exato,1,7,7,17.845690046037948,20.37135268084065,0.07488136925538884,0.9367114384748673
monthly_6,mensal,validacao_2023,Sazonal ingenuo,deterministica,,Lucid AMP 1 Casa Grande,cumulativo,3,7,21,16.072935558500745,19.598003443986578,0.06784944842060815,0.9105324102189751
monthly_6,mensal,validacao_2023,Sazonal ingenuo,deterministica,,Lucid AMP 1 Casa Grande,lead_exato,3,7,7,14.180648803710938,18.577696653999592,0.061425316191580676,0.8379745228033795
monthly_6,mensal,validacao_2023,Sazonal ingenuo,deterministica,,Lucid AMP 1 Casa Grande,cumulativo,6,7,42,13.777839842296782,17.452436481963712,0.06161967255725706,0.9319179108601565
monthly_6,mensal,validacao_2023,Sazonal ingenuo,deterministica,,Lucid AMP 1 Casa Grande,lead_exato,6,7,7,11.651167733328682,15.09190041858456,0.06032798460750723,0.9613289585781791
monthly_6,mensal,validacao_2023,Sazonal ingenuo,deterministica,,Rivian Normal,cumulativo,1,7,7,25.582101549421036,30.89202871799897,0.15862743719804348,0.8738983928463833
monthly_6,mensal,validacao_2023,Sazonal ingenuo,deterministica,,Rivian Normal,lead_exato,1,7,7,25.582101549421036,30.89202871799897,0.15862743719804348,0.8738983928463833
monthly_6,mensal,validacao_2023,Sazonal ingenuo,deterministica,,Rivian Normal,cumulativo,3,7,21,21.6184447152274,27.11372293149477,0.12565337970725116,0.8532528497333167
monthly_6,mensal,validacao_2023,Sazonal ingenuo,deterministica,,Rivian Normal,lead_exato,3,7,7,19.774464198521205,25.073805793348104,0.10831729223958596,0.7608917040683616
monthly_6,mensal,validacao_2023,Sazonal ingenuo,deterministica,,Rivian Normal,cumulativo,6,7,42,20.132829756963822,25.32509679035985,0.11909760299853589,0.87524826755553
monthly_6,mensal,validacao_2023,Sazonal ingenuo,deterministica,,Rivian Normal,lead_exato,6,7,7,13.610086168561663,17.384003892779756,0.09449649331614712,0.9568089156130782
monthly_6,mensal,validacao_2023,Sazonal ingenuo,deterministica,,Tesla Fremont Factory,cumulativo,1,7,7,25.881019592285156,31.07535167287905,0.13100009978675511,0.8795010326680184
monthly_6,mensal,validacao_2023,Sazonal ingenuo,deterministica,,Tesla Fremont Factory,lead_exato,1,7,7,25.881019592285156,31.07535167287905,0.13100009978675511,0.8795010326680184
monthly_6,mensal,validacao_2023,Sazonal ingenuo,deterministica,,Tesla Fremont Factory,cumulativo,3,7,21,24.046722048804874,29.820848195411873,0.11442640185272573,0.8431280477952868
monthly_6,mensal,validacao_2023,Sazonal ingenuo,deterministica,,Tesla Fremont Factory,lead_exato,3,7,7,21.09010968889509,27.448163333229722,0.09832946825984944,0.7383246995436314
monthly_6,mensal,validacao_2023,Sazonal ingenuo,deterministica,,Tesla Fremont Factory,cumulativo,6,7,42,18.855194455101376,25.195266780738578,0.09739482041335334,0.8907821648116871
monthly_6,mensal,validacao_2023,Sazonal ingenuo,deterministica,,Tesla Fremont Factory,lead_exato,6,7,7,9.090997968401227,10.286089681292252,0.04447598429177703,0.9877686702284125
monthly_6,mensal,validacao_2023,Sazonal ingenuo,deterministica,,Tesla Gigafactory Nevada,cumulativo,1,7,7,21.640295846121653,24.97749667680577,0.10458013993367023,0.9215729299797366
monthly_6,mensal,validacao_2023,Sazonal ingenuo,deterministica,,Tesla Gigafactory Nevada,lead_exato,1,7,7,21.640295846121653,24.97749667680577,0.10458013993367023,0.9215729299797366
monthly_6,mensal,validacao_2023,Sazonal ingenuo,deterministica,,Tesla Gigafactory Nevada,cumulativo,3,7,21,17.879253569103422,22.53960516034311,0.08632045309186341,0.9028455334401382
monthly_6,mensal,validacao_2023,Sazonal ingenuo,deterministica,,Tesla Gigafactory Nevada,lead_exato,3,7,7,14.296877179827009,20.21479838696666,0.07251302288769929,0.8280108722513306
monthly_6,mensal,validacao_2023,Sazonal ingenuo,deterministica,,Tesla Gigafactory Nevada,cumulativo,6,7,42,14.755850474039713,19.840207894457546,0.07728031016133705,0.930581516346388
monthly_6,mensal,validacao_2023,Sazonal ingenuo,deterministica,,Tesla Gigafactory Nevada,lead_exato,6,7,7,8.647680010114398,10.792383839707497,0.04765287830879998,0.9864323591407165
monthly_6,mensal,validacao_2023,Sazonal ingenuo,deterministica,,Tesla Gigafactory Texas,cumulativo,1,7,7,21.003690447126115,26.417773520485625,0.1198738357833558,0.8227624881090455
monthly_6,mensal,validacao_2023,Sazonal ingenuo,deterministica,,Tesla Gigafactory Texas,lead_exato,1,7,7,21.003690447126115,26.417773520485625,0.1198738357833558,0.8227624881090455
monthly_6,mensal,validacao_2023,Sazonal ingenuo,deterministica,,Tesla Gigafactory Texas,cumulativo,3,7,21,25.844023931594123,31.86651126525167,0.13239243512579468,0.6954868014251228
monthly_6,mensal,validacao_2023,Sazonal ingenuo,deterministica,,Tesla Gigafactory Texas,lead_exato,3,7,7,28.27661350795201,34.270034941646216,0.1334564562629262,0.45383558912584543
monthly_6,mensal,validacao_2023,Sazonal ingenuo,deterministica,,Tesla Gigafactory Texas,cumulativo,6,7,42,24.772599901471818,31.21929953332266,0.12950179787963542,0.7501366142198902
monthly_6,mensal,validacao_2023,Sazonal ingenuo,deterministica,,Tesla Gigafactory Texas,lead_exato,6,7,7,19.937170846121653,26.676435327174346,0.11760808051387121,0.8817855059540314
monthly_6,mensal,validacao_2023,Climatologia,deterministica,,BMW San Luis Potosi,cumulativo,1,7,7,16.845703125,22.51750284984495,0.08043692012714974,0.5672563937615662
monthly_6,mensal,validacao_2023,Climatologia,deterministica,,BMW San Luis Potosi,lead_exato,1,7,7,16.845703125,22.51750284984495,0.08043692012714974,0.5672563937615662
monthly_6,mensal,validacao_2023,Climatologia,deterministica,,BMW San Luis Potosi,cumulativo,3,7,21,18.506431216285343,24.37859009407735,0.08563526711511044,0.25261994384252884
monthly_6,mensal,validacao_2023,Climatologia,deterministica,,BMW San Luis Potosi,lead_exato,3,7,7,22.24383326939174,28.0483201938275,0.0969765405141494,-0.6434748582651375
monthly_6,mensal,validacao_2023,Climatologia,deterministica,,BMW San Luis Potosi,cumulativo,6,7,42,23.353639602661133,28.874467213162244,0.10649271897828502,0.5841082012583045
monthly_6,mensal,validacao_2023,Climatologia,deterministica,,BMW San Luis Potosi,lead_exato,6,7,7,31.56602042061942,36.78215598323616,0.15500342303760611,0.651433998358297
monthly_6,mensal,validacao_2023,Climatologia,deterministica,,BYD Camacari,cumulativo,1,7,7,12.202160971505302,15.005287918604566,0.06904717658589712,0.8809189178910805
monthly_6,mensal,validacao_2023,Climatologia,deterministica,,BYD Camacari,lead_exato,1,7,7,12.202160971505302,15.005287918604566,0.06904717658589712,0.8809189178910805
monthly_6,mensal,validacao_2023,Climatologia,deterministica,,BYD Camacari,cumulativo,3,7,21,11.698702312651134,14.768555252965493,0.070160926592642,0.8452693268677234
monthly_6,mensal,validacao_2023,Climatologia,deterministica,,BYD Camacari,lead_exato,3,7,7,10.923496791294642,14.310599785794944,0.06985901318682708,0.7646590785049228
monthly_6,mensal,validacao_2023,Climatologia,deterministica,,BYD Camacari,cumulativo,6,7,42,12.732725325084868,17.18899376606758,0.07854153179232568,0.8420912918422407
monthly_6,mensal,validacao_2023,Climatologia,deterministica,,BYD Camacari,lead_exato,6,7,7,13.330487932477679,19.84402857770262,0.08178519489400092,0.7926446652656907
monthly_6,mensal,validacao_2023,Climatologia,deterministica,,Ford Rouge Electric Vehicle Center,cumulativo,1,7,7,14.017274447849818,20.335992563908807,0.11362271715335855,0.934855048591119
monthly_6,mensal,validacao_2023,Climatologia,deterministica,,Ford Rouge Electric Vehicle Center,lead_exato,1,7,7,14.017274447849818,20.335992563908807,0.11362271715335855,0.934855048591119
monthly_6,mensal,validacao_2023,Climatologia,deterministica,,Ford Rouge Electric Vehicle Center,cumulativo,3,7,21,13.604564439682733,19.822790992138014,0.09956353344719203,0.9064433251668157
monthly_6,mensal,validacao_2023,Climatologia,deterministica,,Ford Rouge Electric Vehicle Center,lead_exato,3,7,7,14.341356004987444,19.91794834567413,0.09346306822250296,0.8222323522345989
monthly_6,mensal,validacao_2023,Climatologia,deterministica,,Ford Rouge Electric Vehicle Center,cumulativo,6,7,42,13.485888594672794,18.70074536235482,0.096707169999945,0.9276080792370296
monthly_6,mensal,validacao_2023,Climatologia,deterministica,,Ford Rouge Electric Vehicle Center,lead_exato,6,7,7,9.691152027675084,10.140258911879256,0.06292409987897216,0.984828387067938
monthly_6,mensal,validacao_2023,Climatologia,deterministica,,GM Factory Zero,cumulativo,1,7,7,14.66767420087542,21.122387342919613,0.1174828972572702,0.9300458514869449
monthly_6,mensal,validacao_2023,Climatologia,deterministica,,GM Factory Zero,lead_exato,1,7,7,14.66767420087542,21.122387342919613,0.1174828972572702,0.9300458514869449
monthly_6,mensal,validacao_2023,Climatologia,deterministica,,GM Factory Zero,cumulativo,3,7,21,14.416947682698568,20.725762771185682,0.10377104913084433,0.8975597095573328
monthly_6,mensal,validacao_2023,Climatologia,deterministica,,GM Factory Zero,lead_exato,3,7,7,15.080865587506976,20.802090922885835,0.09731149476210418,0.8028269272582627
monthly_6,mensal,validacao_2023,Climatologia,deterministica,,GM Factory Zero,cumulativo,6,7,42,14.329952557881674,19.58095667702135,0.10106457673294311,0.9206573483153045
monthly_6,mensal,validacao_2023,Climatologia,deterministica,,GM Factory Zero,lead_exato,6,7,7,10.436979021344866,10.975103325739664,0.06816084040667063,0.982048969622901
monthly_6,mensal,validacao_2023,Climatologia,deterministica,,Hyundai Metaplant Georgia,cumulativo,1,7,7,15.673291342599052,24.974994655498868,0.11903880938465004,0.7408935945970064
monthly_6,mensal,validacao_2023,Climatologia,deterministica,,Hyundai Metaplant Georgia,lead_exato,1,7,7,15.673291342599052,24.974994655498868,0.11903880938465004,0.7408935945970064
monthly_6,mensal,validacao_2023,Climatologia,deterministica,,Hyundai Metaplant Georgia,cumulativo,3,7,21,16.536932264055526,25.232216268375613,0.11238622422864564,0.5682590042131276
monthly_6,mensal,validacao_2023,Climatologia,deterministica,,Hyundai Metaplant Georgia,lead_exato,3,7,7,16.021031515938894,24.868593148925275,0.1053342681534391,-0.3453564884702849
monthly_6,mensal,validacao_2023,Climatologia,deterministica,,Hyundai Metaplant Georgia,cumulativo,6,7,42,14.883352779206776,23.14934659962583,0.10480480142130973,0.7155064281189276
monthly_6,mensal,validacao_2023,Climatologia,deterministica,,Hyundai Metaplant Georgia,lead_exato,6,7,7,7.471576963152204,8.883917397799157,0.044177828427990735,0.977539314708648
monthly_6,mensal,validacao_2023,Climatologia,deterministica,,Lucid AMP 1 Casa Grande,cumulativo,1,7,7,11.01420647757394,13.410588807866306,0.049294873452290645,0.9725728183695436
monthly_6,mensal,validacao_2023,Climatologia,deterministica,,Lucid AMP 1 Casa Grande,lead_exato,1,7,7,11.01420647757394,13.410588807866306,0.049294873452290645,0.9725728183695436
monthly_6,mensal,validacao_2023,Climatologia,deterministica,,Lucid AMP 1 Casa Grande,cumulativo,3,7,21,11.316637311662946,13.701864262648975,0.04743666543440845,0.9562677924838486
monthly_6,mensal,validacao_2023,Climatologia,deterministica,,Lucid AMP 1 Casa Grande,lead_exato,3,7,7,11.202457427978516,13.758135996593671,0.04548991565192734,0.9111374501482038
monthly_6,mensal,validacao_2023,Climatologia,deterministica,,Lucid AMP 1 Casa Grande,cumulativo,6,7,42,10.36063339596703,12.932733778568991,0.045661866268882835,0.9626146529065537
monthly_6,mensal,validacao_2023,Climatologia,deterministica,,Lucid AMP 1 Casa Grande,lead_exato,6,7,7,9.856282370431083,12.22689676863818,0.04887549079953209,0.9746177278085385
monthly_6,mensal,validacao_2023,Climatologia,deterministica,,Rivian Normal,cumulativo,1,7,7,19.724216869899205,24.418721622325506,0.12538766119769587,0.9212095447951356
monthly_6,mensal,validacao_2023,Climatologia,deterministica,,Rivian Normal,lead_exato,1,7,7,19.724216869899205,24.418721622325506,0.12538766119769587,0.9212095447951356
monthly_6,mensal,validacao_2023,Climatologia,deterministica,,Rivian Normal,cumulativo,3,7,21,18.256877308800107,22.91541382391328,0.10619711655385819,0.8951793670911795
monthly_6,mensal,validacao_2023,Climatologia,deterministica,,Rivian Normal,lead_exato,3,7,7,18.026355470929825,22.2159088067328,0.09597135378727625,0.812292209835044
monthly_6,mensal,validacao_2023,Climatologia,deterministica,,Rivian Normal,cumulativo,6,7,42,16.538164229620072,21.097289074909195,0.09921527958563751,0.9134239704271021
monthly_6,mensal,validacao_2023,Climatologia,deterministica,,Rivian Normal,lead_exato,6,7,7,11.12853717803955,12.179131404934191,0.06620369027188541,0.9788004267176883
monthly_6,mensal,validacao_2023,Climatologia,deterministica,,Tesla Fremont Factory,cumulativo,1,7,7,17.41416440691267,19.98794327015762,0.08426043220639949,0.9501474431920518
monthly_6,mensal,validacao_2023,Climatologia,deterministica,,Tesla Fremont Factory,lead_exato,1,7,7,17.41416440691267,19.98794327015762,0.08426043220639949,0.9501474431920518
monthly_6,mensal,validacao_2023,Climatologia,deterministica,,Tesla Fremont Factory,cumulativo,3,7,21,16.900396982828777,19.647632054274503,0.0753904726708213,0.9319033495772642
monthly_6,mensal,validacao_2023,Climatologia,deterministica,,Tesla Fremont Factory,lead_exato,3,7,7,15.960658482142858,18.95057369618725,0.06788796074050185,0.8752671410313851
monthly_6,mensal,validacao_2023,Climatologia,deterministica,,Tesla Fremont Factory,cumulativo,6,7,42,13.683645339239211,17.46079409928358,0.06749644369212797,0.9475453946629171
monthly_6,mensal,validacao_2023,Climatologia,deterministica,,Tesla Fremont Factory,lead_exato,6,7,7,6.702706473214286,9.865666609107503,0.04265811855914612,0.9887480982073886
monthly_6,mensal,validacao_2023,Climatologia,deterministica,,Tesla Gigafactory Nevada,cumulativo,1,7,7,16.77044541495187,18.391580076466617,0.07700507552401173,0.957478727243104
monthly_6,mensal,validacao_2023,Climatologia,deterministica,,Tesla Gigafactory Nevada,lead_exato,1,7,7,16.77044541495187,18.391580076466617,0.07700507552401173,0.957478727243104
monthly_6,mensal,validacao_2023,Climatologia,deterministica,,Tesla Gigafactory Nevada,cumulativo,3,7,21,16.53492073785691,18.258195162200916,0.06992383707829157,0.9362491685200843
monthly_6,mensal,validacao_2023,Climatologia,deterministica,,Tesla Gigafactory Nevada,lead_exato,3,7,7,16.21071297781808,18.084694809172287,0.06487207359238698,0.8623473635558254
monthly_6,mensal,validacao_2023,Climatologia,deterministica,,Tesla Gigafactory Nevada,cumulativo,6,7,42,14.933781850905646,17.105517569188425,0.06662831913098885,0.9483993556883862
monthly_6,mensal,validacao_2023,Climatologia,deterministica,,Tesla Gigafactory Nevada,lead_exato,6,7,7,10.340204783848353,12.569662849876512,0.055500306796356806,0.9815958047891545
monthly_6,mensal,validacao_2023,Climatologia,deterministica,,Tesla Gigafactory Texas,cumulativo,1,7,7,11.193584987095424,12.868548622572028,0.058392592515645575,0.9579445431591734
monthly_6,mensal,validacao_2023,Climatologia,deterministica,,Tesla Gigafactory Texas,lead_exato,1,7,7,11.193584987095424,12.868548622572028,0.058392592515645575,0.9579445431591734
monthly_6,mensal,validacao_2023,Climatologia,deterministica,,Tesla Gigafactory Texas,cumulativo,3,7,21,13.434805098034087,15.390362779295861,0.0639407178545524,0.9289711479278467
monthly_6,mensal,validacao_2023,Climatologia,deterministica,,Tesla Gigafactory Texas,lead_exato,3,7,7,13.851819719587054,15.8367040525171,0.06167225698288502,0.8833663398543481
monthly_6,mensal,validacao_2023,Climatologia,deterministica,,Tesla Gigafactory Texas,cumulativo,6,7,42,14.964966047377814,16.688949497814704,0.06922797746895579,0.9285973529451306
monthly_6,mensal,validacao_2023,Climatologia,deterministica,,Tesla Gigafactory Texas,lead_exato,6,7,7,16.39581789289202,17.810109279662846,0.07851921519625692,0.947307560649865
monthly_6,mensal,validacao_2023,XGBoost,semente,11.0,BMW San Luis Potosi,cumulativo,1,7,7,7.846400416319933,12.152349613418304,0.04341056740305722,0.8739593257242788
monthly_6,mensal,validacao_2023,XGBoost,semente,11.0,BMW San Luis Potosi,lead_exato,1,7,7,7.846400416319933,12.152349613418304,0.04341056740305722,0.8739593257242788
monthly_6,mensal,validacao_2023,XGBoost,semente,11.0,BMW San Luis Potosi,cumulativo,3,7,21,11.481248134138024,16.955325132983916,0.05955938350755454,0.6384764619143632
monthly_6,mensal,validacao_2023,XGBoost,semente,11.0,BMW San Luis Potosi,lead_exato,3,7,7,15.901646575124103,22.656580860221457,0.07833470298826982,-0.0723537931453786
monthly_6,mensal,validacao_2023,XGBoost,semente,11.0,BMW San Luis Potosi,cumulativo,6,7,42,16.06038702726905,22.519228409805134,0.08305378744997297,0.747035598479018
monthly_6,mensal,validacao_2023,XGBoost,semente,11.0,BMW San Luis Potosi,lead_exato,6,7,7,24.911745496039526,32.927087023079885,0.13875780423422257,0.7206701912126843
monthly_6,mensal,validacao_2023,XGBoost,semente,11.0,BYD Camacari,cumulativo,1,7,7,10.892668756179107,14.987737994512019,0.06896642020758167,0.8811973053274179
monthly_6,mensal,validacao_2023,XGBoost,semente,11.0,BYD Camacari,lead_exato,1,7,7,10.892668756179107,14.987737994512019,0.06896642020758167,0.8811973053274179
monthly_6,mensal,validacao_2023,XGBoost,semente,11.0,BYD Camacari,cumulativo,3,7,21,12.247619559782141,16.35377500728593,0.07769182483631071,0.8102698161362066
monthly_6,mensal,validacao_2023,XGBoost,semente,11.0,BYD Camacari,lead_exato,3,7,7,13.288254647417343,17.81307531074215,0.08695679298266071,0.635363965239643
monthly_6,mensal,validacao_2023,XGBoost,semente,11.0,BYD Camacari,cumulativo,6,7,42,15.96979255105331,21.19332090411735,0.09683847177032881,0.7599491761634001
monthly_6,mensal,validacao_2023,XGBoost,semente,11.0,BYD Camacari,lead_exato,6,7,7,18.57070933750827,21.874647858232606,0.09015419078429447,0.7480364803292578
monthly_6,mensal,validacao_2023,XGBoost,semente,11.0,Ford Rouge Electric Vehicle Center,cumulativo,1,7,7,15.212032766407706,16.147722238213177,0.09022171260033321,0.9589254743745282
monthly_6,mensal,validacao_2023,XGBoost,semente,11.0,Ford Rouge Electric Vehicle Center,lead_exato,1,7,7,15.212032766407706,16.147722238213177,0.09022171260033321,0.9589254743745282
monthly_6,mensal,validacao_2023,XGBoost,semente,11.0,Ford Rouge Electric Vehicle Center,cumulativo,3,7,21,14.738942703658397,16.647331789448636,0.08361421840560423,0.9340166372890538
monthly_6,mensal,validacao_2023,XGBoost,semente,11.0,Ford Rouge Electric Vehicle Center,lead_exato,3,7,7,16.259834161570843,18.559484281820826,0.08708860548797563,0.8456540171301891
monthly_6,mensal,validacao_2023,XGBoost,semente,11.0,Ford Rouge Electric Vehicle Center,cumulativo,6,7,42,16.88295771372056,19.686418979127865,0.10180438426465645,0.9197757410646502
monthly_6,mensal,validacao_2023,XGBoost,semente,11.0,Ford Rouge Electric Vehicle Center,lead_exato,6,7,7,19.524816626465476,23.11570144097884,0.14344157470581684,0.9211597814954814
monthly_6,mensal,validacao_2023,XGBoost,semente,11.0,GM Factory Zero,cumulativo,1,7,7,15.69256862927099,16.749029210726945,0.09315824229416224,0.9560147819003403
monthly_6,mensal,validacao_2023,XGBoost,semente,11.0,GM Factory Zero,lead_exato,1,7,7,15.69256862927099,16.749029210726945,0.09315824229416224,0.9560147819003403
monthly_6,mensal,validacao_2023,XGBoost,semente,11.0,GM Factory Zero,cumulativo,3,7,21,14.350804073349943,15.739265592121596,0.07880434226112783,0.9409229659877926
monthly_6,mensal,validacao_2023,XGBoost,semente,11.0,GM Factory Zero,lead_exato,3,7,7,14.194278473260965,15.544811276744692,0.0727181140945127,0.8898956362601806
monthly_6,mensal,validacao_2023,XGBoost,semente,11.0,GM Factory Zero,cumulativo,6,7,42,16.783801279123878,19.069262094896608,0.09842353129211105,0.9247499706769502
monthly_6,mensal,validacao_2023,XGBoost,semente,11.0,GM Factory Zero,lead_exato,6,7,7,20.72603461811322,22.975312001404436,0.1426880939652248,0.9213325664235832
monthly_6,mensal,validacao_2023,XGBoost,semente,11.0,Hyundai Metaplant Georgia,cumulativo,1,7,7,15.026314995603181,21.92418757341354,0.10449768744556143,0.8003292912385714
monthly_6,mensal,validacao_2023,XGBoost,semente,11.0,Hyundai Metaplant Georgia,lead_exato,1,7,7,15.026314995603181,21.92418757341354,0.10449768744556143,0.8003292912385714
monthly_6,mensal,validacao_2023,XGBoost,semente,11.0,Hyundai Metaplant Georgia,cumulativo,3,7,21,16.611530882252953,24.0596913691056,0.10716370850345393,0.6074521562403551
monthly_6,mensal,validacao_2023,XGBoost,semente,11.0,Hyundai Metaplant Georgia,lead_exato,3,7,7,16.677022951987706,24.830098684732206,0.10517121967741742,-0.34119471747228225
monthly_6,mensal,validacao_2023,XGBoost,semente,11.0,Hyundai Metaplant Georgia,cumulativo,6,7,42,16.679290280993293,22.610568279624875,0.10236557253876669,0.7285949409444505
monthly_6,mensal,validacao_2023,XGBoost,semente,11.0,Hyundai Metaplant Georgia,lead_exato,6,7,7,14.449140230217349,14.768152883020315,0.0734388778114974,0.9379322019656502
monthly_6,mensal,validacao_2023,XGBoost,semente,11.0,Lucid AMP 1 Casa Grande,cumulativo,1,7,7,17.853903571945143,19.298293034381963,0.07093699811428629,0.9432032764866038
monthly_6,mensal,validacao_2023,XGBoost,semente,11.0,Lucid AMP 1 Casa Grande,lead_exato,1,7,7,17.853903571945143,19.298293034381963,0.07093699811428629,0.9432032764866038
monthly_6,mensal,validacao_2023,XGBoost,semente,11.0,Lucid AMP 1 Casa Grande,cumulativo,3,7,21,14.141348652969684,16.87872950264469,0.05843516101363291,0.9336376762350647
monthly_6,mensal,validacao_2023,XGBoost,semente,11.0,Lucid AMP 1 Casa Grande,lead_exato,3,7,7,11.376902648959524,14.525541166149011,0.04802726492966151,0.9009477790363625
monthly_6,mensal,validacao_2023,XGBoost,semente,11.0,Lucid AMP 1 Casa Grande,cumulativo,6,7,42,13.043605610520041,16.119268642562226,0.05691262974333918,0.9419220326463692
monthly_6,mensal,validacao_2023,XGBoost,semente,11.0,Lucid AMP 1 Casa Grande,lead_exato,6,7,7,12.110776462388523,15.641235423033919,0.0625238825907709,0.9584625231995264
monthly_6,mensal,validacao_2023,XGBoost,semente,11.0,Rivian Normal,cumulativo,1,7,7,16.692856455612617,19.210514493763306,0.09864404533671989,0.9512352778173772
monthly_6,mensal,validacao_2023,XGBoost,semente,11.0,Rivian Normal,lead_exato,1,7,7,16.692856455612617,19.210514493763306,0.09864404533671989,0.9512352778173772
monthly_6,mensal,validacao_2023,XGBoost,semente,11.0,Rivian Normal,cumulativo,3,7,21,16.217869232313905,18.631154295357938,0.08634253256086999,0.9307099469718425
monthly_6,mensal,validacao_2023,XGBoost,semente,11.0,Rivian Normal,lead_exato,3,7,7,17.092173719292223,18.932380720626483,0.08178671527603673,0.8636784273883222
monthly_6,mensal,validacao_2023,XGBoost,semente,11.0,Rivian Normal,cumulativo,6,7,42,16.244012772143687,18.95502227572187,0.08914073405167232,0.9301135539155357
monthly_6,mensal,validacao_2023,XGBoost,semente,11.0,Rivian Normal,lead_exato,6,7,7,13.607691833706001,15.729120255657662,0.08550082686790961,0.9646407249472064
monthly_6,mensal,validacao_2023,XGBoost,semente,11.0,Tesla Fremont Factory,cumulativo,1,7,7,26.151770317487586,28.771716898522783,0.12128898248421836,0.8967041728858882
monthly_6,mensal,validacao_2023,XGBoost,semente,11.0,Tesla Fremont Factory,lead_exato,1,7,7,26.151770317487586,28.771716898522783,0.12128898248421836,0.8967041728858882
monthly_6,mensal,validacao_2023,XGBoost,semente,11.0,Tesla Fremont Factory,cumulativo,3,7,21,22.740570257989106,27.38231798846302,0.10506945011339623,0.8677347563021258
monthly_6,mensal,validacao_2023,XGBoost,semente,11.0,Tesla Fremont Factory,lead_exato,3,7,7,22.163782916253954,28.114385748344564,0.10071612324385441,0.7254677613785978
monthly_6,mensal,validacao_2023,XGBoost,semente,11.0,Tesla Fremont Factory,cumulativo,6,7,42,19.414387732235188,24.18983690628803,0.09350823080457837,0.8993250269290276
monthly_6,mensal,validacao_2023,XGBoost,semente,11.0,Tesla Fremont Factory,lead_exato,6,7,7,13.956968967169392,16.226912136928334,0.07016348405154112,0.9695599871310698
monthly_6,mensal,validacao_2023,XGBoost,semente,11.0,Tesla Gigafactory Nevada,cumulativo,1,7,7,25.14299792781742,26.674266963275187,0.1116844737382282,0.9105555995232812
monthly_6,mensal,validacao_2023,XGBoost,semente,11.0,Tesla Gigafactory Nevada,lead_exato,1,7,7,25.14299792781742,26.674266963275187,0.1116844737382282,0.9105555995232812
monthly_6,mensal,validacao_2023,XGBoost,semente,11.0,Tesla Gigafactory Nevada,cumulativo,3,7,21,23.320550048743236,26.22142371656978,0.10042079973567652,0.8685130351859618
monthly_6,mensal,validacao_2023,XGBoost,semente,11.0,Tesla Gigafactory Nevada,lead_exato,3,7,7,22.362318585588127,26.55718316474425,0.09526395434641236,0.7031574297647417
monthly_6,mensal,validacao_2023,XGBoost,semente,11.0,Tesla Gigafactory Nevada,cumulativo,6,7,42,21.23526100742023,24.922039468390686,0.09707473582009934,0.8904657737616121
monthly_6,mensal,validacao_2023,XGBoost,semente,11.0,Tesla Gigafactory Nevada,lead_exato,6,7,7,17.18636572319832,20.21604001855371,0.08926225282551477,0.9523939936256545
monthly_6,mensal,validacao_2023,XGBoost,semente,11.0,Tesla Gigafactory Texas,cumulativo,1,7,7,17.74095912036429,21.907446689514035,0.09940768342400236,0.8781159865505129
monthly_6,mensal,validacao_2023,XGBoost,semente,11.0,Tesla Gigafactory Texas,lead_exato,1,7,7,17.74095912036429,21.907446689514035,0.09940768342400236,0.8781159865505129
monthly_6,mensal,validacao_2023,XGBoost,semente,11.0,Tesla Gigafactory Texas,cumulativo,3,7,21,22.94846343210674,28.278538554706284,0.1174858631336488,0.7601989920817203
monthly_6,mensal,validacao_2023,XGBoost,semente,11.0,Tesla Gigafactory Texas,lead_exato,3,7,7,25.042816607230503,30.642986800495784,0.11933178459459559,0.5633268479776505
monthly_6,mensal,validacao_2023,XGBoost,semente,11.0,Tesla Gigafactory Texas,cumulativo,6,7,42,24.396450073267342,29.657937230178774,0.12302505982269091,0.774504336290939
monthly_6,mensal,validacao_2023,XGBoost,semente,11.0,Tesla Gigafactory Texas,lead_exato,6,7,7,24.51366596170471,29.87311163609439,0.1317012290213587,0.8517563636294457
monthly_6,mensal,validacao_2023,XGBoost,semente,23.0,BMW San Luis Potosi,cumulativo,1,7,7,9.27077325540657,12.97776291659258,0.046359105008761274,0.8562559492674163
monthly_6,mensal,validacao_2023,XGBoost,semente,23.0,BMW San Luis Potosi,lead_exato,1,7,7,9.27077325540657,12.97776291659258,0.046359105008761274,0.8562559492674163
monthly_6,mensal,validacao_2023,XGBoost,semente,23.0,BMW San Luis Potosi,cumulativo,3,7,21,12.397043334805078,17.43320282615707,0.061238036118116214,0.6178105450193255
monthly_6,mensal,validacao_2023,XGBoost,semente,23.0,BMW San Luis Potosi,lead_exato,3,7,7,17.033802585783633,22.521824890999795,0.07786878675448325,-0.059635516570149205
monthly_6,mensal,validacao_2023,XGBoost,semente,23.0,BMW San Luis Potosi,cumulativo,6,7,42,16.288113298643296,22.55951377530481,0.08320236501767053,0.7461297167606238
monthly_6,mensal,validacao_2023,XGBoost,semente,23.0,BMW San Luis Potosi,lead_exato,6,7,7,23.921117678340888,32.347274756654954,0.13631442146851366,0.7304210012190167
monthly_6,mensal,validacao_2023,XGBoost,semente,23.0,BYD Camacari,cumulativo,1,7,7,12.005284381769277,16.326974544043072,0.07512894791297192,0.8590173927971315
monthly_6,mensal,validacao_2023,XGBoost,semente,23.0,BYD Camacari,lead_exato,1,7,7,12.005284381769277,16.326974544043072,0.07512894791297192,0.8590173927971315
monthly_6,mensal,validacao_2023,XGBoost,semente,23.0,BYD Camacari,cumulativo,3,7,21,12.025307460154181,16.539176488662157,0.07857261104066152,0.8059435180935102
monthly_6,mensal,validacao_2023,XGBoost,semente,23.0,BYD Camacari,lead_exato,3,7,7,12.103761989492991,17.86016031144075,0.08718664440286257,0.6334337450202705
monthly_6,mensal,validacao_2023,XGBoost,semente,23.0,BYD Camacari,cumulativo,6,7,42,15.448776058984652,21.004180004562752,0.09597423177014204,0.764214748918878
monthly_6,mensal,validacao_2023,XGBoost,semente,23.0,BYD Camacari,lead_exato,6,7,7,18.635967001841873,22.12482686767665,0.09118527874940453,0.7422401398785874
monthly_6,mensal,validacao_2023,XGBoost,semente,23.0,Ford Rouge Electric Vehicle Center,cumulativo,1,7,7,13.032296342517188,14.110153752986802,0.07883726372477884,0.9686372953719481
monthly_6,mensal,validacao_2023,XGBoost,semente,23.0,Ford Rouge Electric Vehicle Center,lead_exato,1,7,7,13.032296342517188,14.110153752986802,0.07883726372477884,0.9686372953719481
monthly_6,mensal,validacao_2023,XGBoost,semente,23.0,Ford Rouge Electric Vehicle Center,cumulativo,3,7,21,14.923073454015269,16.770665814927515,0.08423368573368198,0.9330353221379272
monthly_6,mensal,validacao_2023,XGBoost,semente,23.0,Ford Rouge Electric Vehicle Center,lead_exato,3,7,7,17.74392613559082,19.582509354560127,0.09188905282860399,0.8281695182577616
monthly_6,mensal,validacao_2023,XGBoost,semente,23.0,Ford Rouge Electric Vehicle Center,cumulativo,6,7,42,17.05702943217695,19.588619411841137,0.10129863333354341,0.9205708485058246
monthly_6,mensal,validacao_2023,XGBoost,semente,23.0,Ford Rouge Electric Vehicle Center,lead_exato,6,7,7,18.605066909704842,22.092993851316436,0.13709529153118202,0.9279817092950263
monthly_6,mensal,validacao_2023,XGBoost,semente,23.0,GM Factory Zero,cumulativo,1,7,7,13.429650676387398,15.085471955716867,0.08390552275545686,0.9643183216972039
monthly_6,mensal,validacao_2023,XGBoost,semente,23.0,GM Factory Zero,lead_exato,1,7,7,13.429650676387398,15.085471955716867,0.08390552275545686,0.9643183216972039
monthly_6,mensal,validacao_2023,XGBoost,semente,23.0,GM Factory Zero,cumulativo,3,7,21,14.377020472397378,16.0571447941054,0.08039591978958412,0.9385125613010423
monthly_6,mensal,validacao_2023,XGBoost,semente,23.0,GM Factory Zero,lead_exato,3,7,7,16.505663565590048,18.084320061997776,0.08459785237517733,0.8509822528706515
monthly_6,mensal,validacao_2023,XGBoost,semente,23.0,GM Factory Zero,cumulativo,6,7,42,16.941768730701618,18.99455503773447,0.09803794047366471,0.9253384251455169
monthly_6,mensal,validacao_2023,XGBoost,semente,23.0,GM Factory Zero,lead_exato,6,7,7,19.806872432845676,22.537924978641474,0.13997170340655224,0.9242992809927602
monthly_6,mensal,validacao_2023,XGBoost,semente,23.0,Hyundai Metaplant Georgia,cumulativo,1,7,7,15.694376112182388,22.800022807484435,0.10867219818796794,0.7840576097081888
monthly_6,mensal,validacao_2023,XGBoost,semente,23.0,Hyundai Metaplant Georgia,lead_exato,1,7,7,15.694376112182388,22.800022807484435,0.10867219818796794,0.7840576097081888
monthly_6,mensal,validacao_2023,XGBoost,semente,23.0,Hyundai Metaplant Georgia,cumulativo,3,7,21,17.191976016954566,24.348494516469763,0.10845005984621281,0.5979716130400146
monthly_6,mensal,validacao_2023,XGBoost,semente,23.0,Hyundai Metaplant Georgia,lead_exato,3,7,7,17.634723381690492,24.809339955573613,0.10508329329048345,-0.3389530945076402
monthly_6,mensal,validacao_2023,XGBoost,semente,23.0,Hyundai Metaplant Georgia,cumulativo,6,7,42,17.470907392688588,23.170113543826336,0.10489882029366515,0.714995769027468
monthly_6,mensal,validacao_2023,XGBoost,semente,23.0,Hyundai Metaplant Georgia,lead_exato,6,7,7,14.11124179708645,14.598196569955258,0.07259372127720747,0.939352571154098
monthly_6,mensal,validacao_2023,XGBoost,semente,23.0,Lucid AMP 1 Casa Grande,cumulativo,1,7,7,17.586221334679603,18.299816245720912,0.06726677992720527,0.9489284607489958
monthly_6,mensal,validacao_2023,XGBoost,semente,23.0,Lucid AMP 1 Casa Grande,lead_exato,1,7,7,17.586221334679603,18.299816245720912,0.06726677992720527,0.9489284607489958
monthly_6,mensal,validacao_2023,XGBoost,semente,23.0,Lucid AMP 1 Casa Grande,cumulativo,3,7,21,15.458522575514642,18.164155705316766,0.06288538264391119,0.9231449320937356
monthly_6,mensal,validacao_2023,XGBoost,semente,23.0,Lucid AMP 1 Casa Grande,lead_exato,3,7,7,12.833992957490343,16.350067178105817,0.054059879697331455,0.8745014645855413
monthly_6,mensal,validacao_2023,XGBoost,semente,23.0,Lucid AMP 1 Casa Grande,cumulativo,6,7,42,13.541416469422938,16.74120290478126,0.05910850569622872,0.9373538967447332
monthly_6,mensal,validacao_2023,XGBoost,semente,23.0,Lucid AMP 1 Casa Grande,lead_exato,6,7,7,11.232703927219145,15.17816931957631,0.06067283375087476,0.960885589201768
monthly_6,mensal,validacao_2023,XGBoost,semente,23.0,Rivian Normal,cumulativo,1,7,7,17.553465265468965,19.92231415954311,0.10229906449430884,0.9475546086519984
monthly_6,mensal,validacao_2023,XGBoost,semente,23.0,Rivian Normal,lead_exato,1,7,7,17.553465265468965,19.92231415954311,0.10229906449430884,0.9475546086519984
monthly_6,mensal,validacao_2023,XGBoost,semente,23.0,Rivian Normal,cumulativo,3,7,21,16.345694407856726,19.430782429750668,0.09004825670097838,0.9246346107495323
monthly_6,mensal,validacao_2023,XGBoost,semente,23.0,Rivian Normal,lead_exato,3,7,7,16.83536876789211,19.7149729011023,0.08516746515563826,0.8521754730991744
monthly_6,mensal,validacao_2023,XGBoost,semente,23.0,Rivian Normal,cumulativo,6,7,42,16.07812239711584,18.994870770507784,0.08932813156692718,0.9298194052819994
monthly_6,mensal,validacao_2023,XGBoost,semente,23.0,Rivian Normal,lead_exato,6,7,7,13.548281120159603,15.087502899398363,0.08201310386742966,0.9674666174536769
monthly_6,mensal,validacao_2023,XGBoost,semente,23.0,Tesla Fremont Factory,cumulativo,1,7,7,24.73890756783177,27.25629509254943,0.11490062653281034,0.9072989046517034
monthly_6,mensal,validacao_2023,XGBoost,semente,23.0,Tesla Fremont Factory,lead_exato,1,7,7,24.73890756783177,27.25629509254943,0.11490062653281034,0.9072989046517034
monthly_6,mensal,validacao_2023,XGBoost,semente,23.0,Tesla Fremont Factory,cumulativo,3,7,21,22.892776663730555,27.78799082947019,0.10662606859794241,0.8637866697425036
monthly_6,mensal,validacao_2023,XGBoost,semente,23.0,Tesla Fremont Factory,lead_exato,3,7,7,20.750978365943542,27.988597258816988,0.10026550237212992,0.7279188725439991
monthly_6,mensal,validacao_2023,XGBoost,semente,23.0,Tesla Fremont Factory,cumulativo,6,7,42,19.548675173193494,24.843069329628158,0.09603336598623992,0.8938142731182435
monthly_6,mensal,validacao_2023,XGBoost,semente,23.0,Tesla Fremont Factory,lead_exato,6,7,7,14.152211142613428,17.337831020987363,0.07496698201507827,0.9652493770529742
monthly_6,mensal,validacao_2023,XGBoost,semente,23.0,Tesla Gigafactory Nevada,cumulativo,1,7,7,24.46004631267275,26.602957904566342,0.11138590453272272,0.9110331886925941
monthly_6,mensal,validacao_2023,XGBoost,semente,23.0,Tesla Gigafactory Nevada,lead_exato,1,7,7,24.46004631267275,26.602957904566342,0.11138590453272272,0.9110331886925941
monthly_6,mensal,validacao_2023,XGBoost,semente,23.0,Tesla Gigafactory Nevada,cumulativo,3,7,21,22.788120921350448,25.953671418274002,0.09939538249607269,0.8711846055710545
monthly_6,mensal,validacao_2023,XGBoost,semente,23.0,Tesla Gigafactory Nevada,lead_exato,3,7,7,20.734101011125922,24.887215765545793,0.08927357136451411,0.7393157507554105
monthly_6,mensal,validacao_2023,XGBoost,semente,23.0,Tesla Gigafactory Nevada,cumulativo,6,7,42,20.3729184083617,24.47720440260162,0.0953420426932082,0.8943410440803169
monthly_6,mensal,validacao_2023,XGBoost,semente,23.0,Tesla Gigafactory Nevada,lead_exato,6,7,7,15.635530107714626,19.531716993410118,0.08624068110184252,0.9555624180478334
monthly_6,mensal,validacao_2023,XGBoost,semente,23.0,Tesla Gigafactory Texas,cumulativo,1,7,7,18.04183496412452,21.590488402218018,0.09796944694082434,0.88161732402233
monthly_6,mensal,validacao_2023,XGBoost,semente,23.0,Tesla Gigafactory Texas,lead_exato,1,7,7,18.04183496412452,21.590488402218018,0.09796944694082434,0.88161732402233
monthly_6,mensal,validacao_2023,XGBoost,semente,23.0,Tesla Gigafactory Texas,cumulativo,3,7,21,24.434134812600774,29.63358391680559,0.1231155272566199,0.736666907651943
monthly_6,mensal,validacao_2023,XGBoost,semente,23.0,Tesla Gigafactory Texas,lead_exato,3,7,7,27.20923985981621,32.945873127470314,0.12829982471762688,0.49522673338598966
monthly_6,mensal,validacao_2023,XGBoost,semente,23.0,Tesla Gigafactory Texas,cumulativo,6,7,42,25.13679934230035,30.057092881347554,0.1246808104395489,0.7683937588924702
monthly_6,mensal,validacao_2023,XGBoost,semente,23.0,Tesla Gigafactory Texas,lead_exato,6,7,7,24.70081830455214,29.835994290998254,0.13153759022715739,0.8521245202449171
monthly_6,mensal,validacao_2023,XGBoost,semente,42.0,BMW San Luis Potosi,cumulativo,1,7,7,8.743042178213468,12.258453051373971,0.04378958961617597,0.8717487686969776
monthly_6,mensal,validacao_2023,XGBoost,semente,42.0,BMW San Luis Potosi,lead_exato,1,7,7,8.743042178213468,12.258453051373971,0.04378958961617597,0.8717487686969776
monthly_6,mensal,validacao_2023,XGBoost,semente,42.0,BMW San Luis Potosi,cumulativo,3,7,21,11.913725571141706,16.139897691164702,0.05669501167457704,0.6724135805432642
monthly_6,mensal,validacao_2023,XGBoost,semente,42.0,BMW San Luis Potosi,lead_exato,3,7,7,16.008667563176914,21.087280428907054,0.0729088762077511,0.07105393683106709
monthly_6,mensal,validacao_2023,XGBoost,semente,42.0,BMW San Luis Potosi,cumulativo,6,7,42,15.87495891058451,21.619168622759897,0.07973425212286671,0.7668527081571712
monthly_6,mensal,validacao_2023,XGBoost,semente,42.0,BMW San Luis Potosi,lead_exato,6,7,7,23.142990502713765,31.429529721754566,0.13244695861641329,0.7455007969951761
monthly_6,mensal,validacao_2023,XGBoost,semente,42.0,BYD Camacari,cumulativo,1,7,7,13.436968227968723,17.090690847196726,0.07864320600194852,0.8455196150044876
monthly_6,mensal,validacao_2023,XGBoost,semente,42.0,BYD Camacari,lead_exato,1,7,7,13.436968227968723,17.090690847196726,0.07864320600194852,0.8455196150044876
monthly_6,mensal,validacao_2023,XGBoost,semente,42.0,BYD Camacari,cumulativo,3,7,21,13.3512008635165,17.35621256938542,0.08245410164697212,0.7862971512358055
monthly_6,mensal,validacao_2023,XGBoost,semente,42.0,BYD Camacari,lead_exato,3,7,7,13.888146381964734,19.63439672728796,0.0958478051526902,0.5569865609061795
monthly_6,mensal,validacao_2023,XGBoost,semente,42.0,BYD Camacari,cumulativo,6,7,42,15.965086590174968,20.924015916618202,0.09560793864399474,0.7660110999364613
monthly_6,mensal,validacao_2023,XGBoost,semente,42.0,BYD Camacari,lead_exato,6,7,7,17.502324551024326,20.79289158065859,0.085695839616195,0.7723407484882059
monthly_6,mensal,validacao_2023,XGBoost,semente,42.0,Ford Rouge Electric Vehicle Center,cumulativo,1,7,7,14.19558198962412,15.293731118863843,0.08545023212794566,0.9631551394854043
monthly_6,mensal,validacao_2023,XGBoost,semente,42.0,Ford Rouge Electric Vehicle Center,lead_exato,1,7,7,14.19558198962412,15.293731118863843,0.08545023212794566,0.9631551394854043
monthly_6,mensal,validacao_2023,XGBoost,semente,42.0,Ford Rouge Electric Vehicle Center,cumulativo,3,7,21,14.918757985057276,16.774652648380254,0.08425371032184303,0.9330034797824037
monthly_6,mensal,validacao_2023,XGBoost,semente,42.0,Ford Rouge Electric Vehicle Center,lead_exato,3,7,7,17.7788166898086,20.19049160374607,0.09474195140267214,0.8173341722906979
monthly_6,mensal,validacao_2023,XGBoost,semente,42.0,Ford Rouge Electric Vehicle Center,cumulativo,6,7,42,17.409573297577623,20.22526120077502,0.10459089920415604,0.9153239590011798
monthly_6,mensal,validacao_2023,XGBoost,semente,42.0,Ford Rouge Electric Vehicle Center,lead_exato,6,7,7,19.962504706003205,24.608234941769773,0.15270330341438643,0.910649992128202
monthly_6,mensal,validacao_2023,XGBoost,semente,42.0,GM Factory Zero,cumulativo,1,7,7,14.181139893181824,16.051825139524396,0.08928038734648767,0.95960047024848
monthly_6,mensal,validacao_2023,XGBoost,semente,42.0,GM Factory Zero,lead_exato,1,7,7,14.181139893181824,16.051825139524396,0.08928038734648767,0.95960047024848
monthly_6,mensal,validacao_2023,XGBoost,semente,42.0,GM Factory Zero,cumulativo,3,7,21,15.152254702287516,16.89975703061575,0.08461476359082308,0.9318900318951537
monthly_6,mensal,validacao_2023,XGBoost,semente,42.0,GM Factory Zero,lead_exato,3,7,7,17.913099165878652,19.587391917608336,0.09162917290668196,0.8251817171395734
monthly_6,mensal,validacao_2023,XGBoost,semente,42.0,GM Factory Zero,cumulativo,6,7,42,18.04377448849177,20.414416314096794,0.10536637091156317,0.91375918897947
monthly_6,mensal,validacao_2023,XGBoost,semente,42.0,GM Factory Zero,lead_exato,6,7,7,21.221327956122632,24.64049387596553,0.1530297001106403,0.9095161725027778
monthly_6,mensal,validacao_2023,XGBoost,semente,42.0,Hyundai Metaplant Georgia,cumulativo,1,7,7,15.165287052872047,22.394366025432692,0.10673870827053904,0.7916733232559638
monthly_6,mensal,validacao_2023,XGBoost,semente,42.0,Hyundai Metaplant Georgia,lead_exato,1,7,7,15.165287052872047,22.394366025432692,0.10673870827053904,0.7916733232559638
monthly_6,mensal,validacao_2023,XGBoost,semente,42.0,Hyundai Metaplant Georgia,cumulativo,3,7,21,17.726287672318797,24.43838351742259,0.10885043234260088,0.5949977423995212
monthly_6,mensal,validacao_2023,XGBoost,semente,42.0,Hyundai Metaplant Georgia,lead_exato,3,7,7,18.810273166399774,25.29797968914666,0.10715299254602147,-0.39221600490551656
monthly_6,mensal,validacao_2023,XGBoost,semente,42.0,Hyundai Metaplant Georgia,cumulativo,6,7,42,17.57153513850547,23.01532492420151,0.10419804066378477,0.7187910076023166
monthly_6,mensal,validacao_2023,XGBoost,semente,42.0,Hyundai Metaplant Georgia,lead_exato,6,7,7,14.122374205304952,14.645865410102278,0.07283076826302232,0.9389558491768694
monthly_6,mensal,validacao_2023,XGBoost,semente,42.0,Lucid AMP 1 Casa Grande,cumulativo,1,7,7,15.859829675064393,16.769619182184957,0.06164205519029992,0.9571123855123217
monthly_6,mensal,validacao_2023,XGBoost,semente,42.0,Lucid AMP 1 Casa Grande,lead_exato,1,7,7,15.859829675064393,16.769619182184957,0.06164205519029992,0.9571123855123217
monthly_6,mensal,validacao_2023,XGBoost,semente,42.0,Lucid AMP 1 Casa Grande,cumulativo,3,7,21,14.901896265846522,17.03433260617835,0.05897386817211813,0.9324084626861935
monthly_6,mensal,validacao_2023,XGBoost,semente,42.0,Lucid AMP 1 Casa Grande,lead_exato,3,7,7,13.070384613268613,16.736244709522918,0.05533673750242822,0.8685030713113058
monthly_6,mensal,validacao_2023,XGBoost,semente,42.0,Lucid AMP 1 Casa Grande,cumulativo,6,7,42,13.360331950901928,16.003719895131432,0.05650465942994226,0.9427516960359662
monthly_6,mensal,validacao_2023,XGBoost,semente,42.0,Lucid AMP 1 Casa Grande,lead_exato,6,7,7,11.523891346966439,15.230496968636865,0.060882006984166494,0.9606154257464636
monthly_6,mensal,validacao_2023,XGBoost,semente,42.0,Rivian Normal,cumulativo,1,7,7,16.25511505870662,18.724931281380883,0.09615062474496257,0.9536693677352998
monthly_6,mensal,validacao_2023,XGBoost,semente,42.0,Rivian Normal,lead_exato,1,7,7,16.25511505870662,18.724931281380883,0.09615062474496257,0.9536693677352998
monthly_6,mensal,validacao_2023,XGBoost,semente,42.0,Rivian Normal,cumulativo,3,7,21,16.188673085868228,18.776660201474193,0.08701685194213193,0.9296234354744807
monthly_6,mensal,validacao_2023,XGBoost,semente,42.0,Rivian Normal,lead_exato,3,7,7,16.34519055090092,18.339777581938236,0.07922670632149582,0.8720788786837474
monthly_6,mensal,validacao_2023,XGBoost,semente,42.0,Rivian Normal,cumulativo,6,7,42,16.011447918075003,18.746866293099238,0.0881618284709601,0.9316400523410275
monthly_6,mensal,validacao_2023,XGBoost,semente,42.0,Rivian Normal,lead_exato,6,7,7,14.839343676801901,16.742084517822434,0.09100712859330821,0.9599397600011221
monthly_6,mensal,validacao_2023,XGBoost,semente,42.0,Tesla Fremont Factory,cumulativo,1,7,7,25.653957465612557,28.245952964470717,0.11907259154679228,0.9004448608060586
monthly_6,mensal,validacao_2023,XGBoost,semente,42.0,Tesla Fremont Factory,lead_exato,1,7,7,25.653957465612557,28.245952964470717,0.11907259154679228,0.9004448608060586
monthly_6,mensal,validacao_2023,XGBoost,semente,42.0,Tesla Fremont Factory,cumulativo,3,7,21,23.042677319226446,27.981445610137133,0.10736837929037713,0.861883484595465
monthly_6,mensal,validacao_2023,XGBoost,semente,42.0,Tesla Fremont Factory,lead_exato,3,7,7,21.855689616240852,29.716646343277244,0.10645601302812663,0.6932844855151437
monthly_6,mensal,validacao_2023,XGBoost,semente,42.0,Tesla Fremont Factory,cumulativo,6,7,42,19.49668848563987,24.529987260786466,0.09482311597639329,0.8964737967332707
monthly_6,mensal,validacao_2023,XGBoost,semente,42.0,Tesla Fremont Factory,lead_exato,6,7,7,14.26629640944046,16.725200301222042,0.07231803036161384,0.967661809308821
monthly_6,mensal,validacao_2023,XGBoost,semente,42.0,Tesla Gigafactory Nevada,cumulativo,1,7,7,25.440262078272863,27.309112034514204,0.1143425538190887,0.9062473982192158
monthly_6,mensal,validacao_2023,XGBoost,semente,42.0,Tesla Gigafactory Nevada,lead_exato,1,7,7,25.440262078272863,27.309112034514204,0.1143425538190887,0.9062473982192158
monthly_6,mensal,validacao_2023,XGBoost,semente,42.0,Tesla Gigafactory Nevada,cumulativo,3,7,21,23.133590094340146,26.304777120219338,0.10074002021529868,0.8676757575484542
monthly_6,mensal,validacao_2023,XGBoost,semente,42.0,Tesla Gigafactory Nevada,lead_exato,3,7,7,21.629005007357787,26.78722420452352,0.09608914047309564,0.6979925955931796
monthly_6,mensal,validacao_2023,XGBoost,semente,42.0,Tesla Gigafactory Nevada,cumulativo,6,7,42,20.33453947374679,24.283151873282392,0.09458618167939438,0.8960097079544687
monthly_6,mensal,validacao_2023,XGBoost,semente,42.0,Tesla Gigafactory Nevada,lead_exato,6,7,7,14.664978564035623,18.06125162585155,0.07974796287959364,0.9620016044283739
monthly_6,mensal,validacao_2023,XGBoost,semente,42.0,Tesla Gigafactory Texas,cumulativo,1,7,7,16.995186282509426,20.397799962031332,0.09255747919461067,0.8943353117185946
monthly_6,mensal,validacao_2023,XGBoost,semente,42.0,Tesla Gigafactory Texas,lead_exato,1,7,7,16.995186282509426,20.397799962031332,0.09255747919461067,0.8943353117185946
monthly_6,mensal,validacao_2023,XGBoost,semente,42.0,Tesla Gigafactory Texas,cumulativo,3,7,21,22.18960744348349,27.071683006467584,0.11247186760880372,0.7802304120737011
monthly_6,mensal,validacao_2023,XGBoost,semente,42.0,Tesla Gigafactory Texas,lead_exato,3,7,7,25.09714466686741,30.744026422395006,0.11972525924099665,0.5604424012761777
monthly_6,mensal,validacao_2023,XGBoost,semente,42.0,Tesla Gigafactory Texas,cumulativo,6,7,42,24.29812754525309,29.17529412822589,0.12102299217955277,0.7817838960774652
monthly_6,mensal,validacao_2023,XGBoost,semente,42.0,Tesla Gigafactory Texas,lead_exato,6,7,7,23.50107237786379,28.947321421638577,0.12761970880528392,0.8608023502172089
monthly_6,mensal,validacao_2023,XGBoost,semente,67.0,BMW San Luis Potosi,cumulativo,1,7,7,8.365964539013671,11.265788233568498,0.04024359691905945,0.8916788220917397
monthly_6,mensal,validacao_2023,XGBoost,semente,67.0,BMW San Luis Potosi,lead_exato,1,7,7,8.365964539013671,11.265788233568498,0.04024359691905945,0.8916788220917397
monthly_6,mensal,validacao_2023,XGBoost,semente,67.0,BMW San Luis Potosi,cumulativo,3,7,21,12.12809222404119,17.574839785512975,0.06173556771452964,0.6115750812802767
monthly_6,mensal,validacao_2023,XGBoost,semente,67.0,BMW San Luis Potosi,lead_exato,3,7,7,17.046591943856452,23.52629999431514,0.08134174056700967,-0.15626295762965148
monthly_6,mensal,validacao_2023,XGBoost,semente,67.0,BMW San Luis Potosi,cumulativo,6,7,42,16.273462733822065,22.882725703996748,0.08439441184708978,0.7388031669887906
monthly_6,mensal,validacao_2023,XGBoost,semente,67.0,BMW San Luis Potosi,lead_exato,6,7,7,25.063736401954966,33.34739824587971,0.14052903478157786,0.7134934380249653
monthly_6,mensal,validacao_2023,XGBoost,semente,67.0,BYD Camacari,cumulativo,1,7,7,12.810233462508288,15.861716531804243,0.07298805249641496,0.8669378688314997
monthly_6,mensal,validacao_2023,XGBoost,semente,67.0,BYD Camacari,lead_exato,1,7,7,12.810233462508288,15.861716531804243,0.07298805249641496,0.8669378688314997
monthly_6,mensal,validacao_2023,XGBoost,semente,67.0,BYD Camacari,cumulativo,3,7,21,12.867136571518353,16.60019807098262,0.07886250606995987,0.8045089268910739
monthly_6,mensal,validacao_2023,XGBoost,semente,67.0,BYD Camacari,lead_exato,3,7,7,12.87899774109636,17.866137670113766,0.087215823639555,0.6331883424484384
monthly_6,mensal,validacao_2023,XGBoost,semente,67.0,BYD Camacari,cumulativo,6,7,42,15.456122756432897,20.39594498065915,0.09319502833815083,0.7776726784261718
monthly_6,mensal,validacao_2023,XGBoost,semente,67.0,BYD Camacari,lead_exato,6,7,7,17.219806057990485,20.896487266287807,0.08612279895593729,0.7700665800968067
monthly_6,mensal,validacao_2023,XGBoost,semente,67.0,Ford Rouge Electric Vehicle Center,cumulativo,1,7,7,16.085771061068304,17.451241314687174,0.09750482793708193,0.9520263609086749
monthly_6,mensal,validacao_2023,XGBoost,semente,67.0,Ford Rouge Electric Vehicle Center,lead_exato,1,7,7,16.085771061068304,17.451241314687174,0.09750482793708193,0.9520263609086749
monthly_6,mensal,validacao_2023,XGBoost,semente,67.0,Ford Rouge Electric Vehicle Center,cumulativo,3,7,21,16.227277706173613,17.956202969397445,0.09018825934436932,0.9232330677443591
monthly_6,mensal,validacao_2023,XGBoost,semente,67.0,Ford Rouge Electric Vehicle Center,lead_exato,3,7,7,18.36581669046297,20.343424828320572,0.09545957593677723,0.814556481264412
monthly_6,mensal,validacao_2023,XGBoost,semente,67.0,Ford Rouge Electric Vehicle Center,cumulativo,6,7,42,17.39103911053623,19.816118283674196,0.10247509831645493,0.9187151818901821
monthly_6,mensal,validacao_2023,XGBoost,semente,67.0,Ford Rouge Electric Vehicle Center,lead_exato,6,7,7,18.43868025613798,22.294062207449645,0.13834299589788268,0.9266648670965495
monthly_6,mensal,validacao_2023,XGBoost,semente,67.0,GM Factory Zero,cumulativo,1,7,7,15.451063095429163,16.953296039404034,0.09429437612491424,0.9549353750209234
monthly_6,mensal,validacao_2023,XGBoost,semente,67.0,GM Factory Zero,lead_exato,1,7,7,15.451063095429163,16.953296039404034,0.09429437612491424,0.9549353750209234
monthly_6,mensal,validacao_2023,XGBoost,semente,67.0,GM Factory Zero,cumulativo,3,7,21,15.486761728117537,16.96509437245443,0.08494189869242942,0.9313623643399147
monthly_6,mensal,validacao_2023,XGBoost,semente,67.0,GM Factory Zero,lead_exato,3,7,7,16.977965264267564,18.429925931432788,0.08621458522563696,0.8452321307207319
monthly_6,mensal,validacao_2023,XGBoost,semente,67.0,GM Factory Zero,cumulativo,6,7,42,16.847521497207726,18.732756778270186,0.09668670259910116,0.9273823339483348
monthly_6,mensal,validacao_2023,XGBoost,semente,67.0,GM Factory Zero,lead_exato,6,7,7,18.832155069194293,21.723033161290118,0.13491082065559698,0.9296744597851611
monthly_6,mensal,validacao_2023,XGBoost,semente,67.0,Hyundai Metaplant Georgia,cumulativo,1,7,7,15.02476480688613,22.11980337626444,0.10543005490306823,0.7967503221898724
monthly_6,mensal,validacao_2023,XGBoost,semente,67.0,Hyundai Metaplant Georgia,lead_exato,1,7,7,15.02476480688613,22.11980337626444,0.10543005490306823,0.7967503221898724
monthly_6,mensal,validacao_2023,XGBoost,semente,67.0,Hyundai Metaplant Georgia,cumulativo,3,7,21,17.56689870569285,24.07468981577895,0.10723051273392595,0.6069625869492326
monthly_6,mensal,validacao_2023,XGBoost,semente,67.0,Hyundai Metaplant Georgia,lead_exato,3,7,7,18.40423952470987,24.79087226737883,0.10500507091542452,-0.3369604445648202
monthly_6,mensal,validacao_2023,XGBoost,semente,67.0,Hyundai Metaplant Georgia,cumulativo,6,7,42,17.241163778439137,22.745379817731635,0.10297590926770092,0.7253488827864791
monthly_6,mensal,validacao_2023,XGBoost,semente,67.0,Hyundai Metaplant Georgia,lead_exato,6,7,7,13.760519915435907,13.972680223560852,0.06948316175796188,0.9444385694564587
monthly_6,mensal,validacao_2023,XGBoost,semente,67.0,Lucid AMP 1 Casa Grande,cumulativo,1,7,7,17.270986778354086,17.933157785620274,0.0659190104407327,0.9509545155239773
monthly_6,mensal,validacao_2023,XGBoost,semente,67.0,Lucid AMP 1 Casa Grande,lead_exato,1,7,7,17.270986778354086,17.933157785620274,0.0659190104407327,0.9509545155239773
monthly_6,mensal,validacao_2023,XGBoost,semente,67.0,Lucid AMP 1 Casa Grande,cumulativo,3,7,21,15.3547082574804,17.59539655226294,0.06091630477691473,0.9278825774706437
monthly_6,mensal,validacao_2023,XGBoost,semente,67.0,Lucid AMP 1 Casa Grande,lead_exato,3,7,7,14.105018588925109,17.65074195150256,0.05836043216657995,0.8537400211641283
monthly_6,mensal,validacao_2023,XGBoost,semente,67.0,Lucid AMP 1 Casa Grande,cumulativo,6,7,42,13.172394540502404,16.204443162589005,0.05721335715407611,0.9413066409064568
monthly_6,mensal,validacao_2023,XGBoost,semente,67.0,Lucid AMP 1 Casa Grande,lead_exato,6,7,7,11.237802418357814,14.62192236896594,0.05844930612720505,0.9636999725304854
monthly_6,mensal,validacao_2023,XGBoost,semente,67.0,Rivian Normal,cumulativo,1,7,7,17.02388947786372,19.621088798794965,0.1007523027898341,0.9491285673625255
monthly_6,mensal,validacao_2023,XGBoost,semente,67.0,Rivian Normal,lead_exato,1,7,7,17.02388947786372,19.621088798794965,0.1007523027898341,0.9491285673625255
monthly_6,mensal,validacao_2023,XGBoost,semente,67.0,Rivian Normal,cumulativo,3,7,21,16.17677698200159,19.031907285638233,0.0881997458909514,0.9276970536093305
monthly_6,mensal,validacao_2023,XGBoost,semente,67.0,Rivian Normal,lead_exato,3,7,7,15.481581209912552,18.17795298403367,0.07852763405431601,0.8743263928893582
monthly_6,mensal,validacao_2023,XGBoost,semente,67.0,Rivian Normal,cumulativo,6,7,42,15.616864537975811,18.294877779966143,0.08603623941822586,0.9348966430707519
monthly_6,mensal,validacao_2023,XGBoost,semente,67.0,Rivian Normal,lead_exato,6,7,7,12.912761795678803,14.605210476704073,0.07939144415205832,0.9695133203851295
monthly_6,mensal,validacao_2023,XGBoost,semente,67.0,Tesla Fremont Factory,cumulativo,1,7,7,23.09750667845245,24.953918817136,0.1051948145117336,0.9222986192161495
monthly_6,mensal,validacao_2023,XGBoost,semente,67.0,Tesla Fremont Factory,lead_exato,1,7,7,23.09750667845245,24.953918817136,0.1051948145117336,0.9222986192161495
monthly_6,mensal,validacao_2023,XGBoost,semente,67.0,Tesla Fremont Factory,cumulativo,3,7,21,21.762866816311544,25.821596429375564,0.09908076222866227,0.8823826214491677
monthly_6,mensal,validacao_2023,XGBoost,semente,67.0,Tesla Fremont Factory,lead_exato,3,7,7,20.443472121698505,26.914555020165977,0.09641788601496123,0.7484000440438643
monthly_6,mensal,validacao_2023,XGBoost,semente,67.0,Tesla Fremont Factory,cumulativo,6,7,42,19.090552670336315,23.818057747317685,0.09207108132977997,0.9023958397346956
monthly_6,mensal,validacao_2023,XGBoost,semente,67.0,Tesla Fremont Factory,lead_exato,6,7,7,13.682968824493628,15.580230098300799,0.0673672980291615,0.9719378593455513
monthly_6,mensal,validacao_2023,XGBoost,semente,67.0,Tesla Gigafactory Nevada,cumulativo,1,7,7,24.22239804770444,25.71948228952059,0.10768681472220269,0.916844186718224
monthly_6,mensal,validacao_2023,XGBoost,semente,67.0,Tesla Gigafactory Nevada,lead_exato,1,7,7,24.22239804770444,25.71948228952059,0.10768681472220269,0.916844186718224
monthly_6,mensal,validacao_2023,XGBoost,semente,67.0,Tesla Gigafactory Nevada,cumulativo,3,7,21,23.039601475867283,25.52853305847558,0.09776722017541681,0.8753702043100988
monthly_6,mensal,validacao_2023,XGBoost,semente,67.0,Tesla Gigafactory Nevada,lead_exato,3,7,7,22.425625750267177,25.921251490199502,0.09298278749089688,0.7172034566271994
monthly_6,mensal,validacao_2023,XGBoost,semente,67.0,Tesla Gigafactory Nevada,cumulativo,6,7,42,20.774735832544998,24.263721489895982,0.09451049769147231,0.8961760589178263
monthly_6,mensal,validacao_2023,XGBoost,semente,67.0,Tesla Gigafactory Nevada,lead_exato,6,7,7,15.918520765712108,19.896136771323594,0.0878497464935254,0.9538887294810043
monthly_6,mensal,validacao_2023,XGBoost,semente,67.0,Tesla Gigafactory Texas,cumulativo,1,7,7,19.164380124736258,23.415532434162927,0.10625080450538628,0.8607576660500729
monthly_6,mensal,validacao_2023,XGBoost,semente,67.0,Tesla Gigafactory Texas,lead_exato,1,7,7,19.164380124736258,23.415532434162927,0.10625080450538628,0.8607576660500729
monthly_6,mensal,validacao_2023,XGBoost,semente,67.0,Tesla Gigafactory Texas,cumulativo,3,7,21,24.62985171253608,29.54549628596417,0.12274955886257499,0.7382301280814783
monthly_6,mensal,validacao_2023,XGBoost,semente,67.0,Tesla Gigafactory Texas,lead_exato,3,7,7,27.957616014389323,33.22147248551717,0.1293730805148824,0.48674633573349546
monthly_6,mensal,validacao_2023,XGBoost,semente,67.0,Tesla Gigafactory Texas,cumulativo,6,7,42,25.19634406094147,29.861088931164563,0.1238677600406085,0.7714045440189216
monthly_6,mensal,validacao_2023,XGBoost,semente,67.0,Tesla Gigafactory Texas,lead_exato,6,7,7,23.944926299861354,28.682946428846076,0.126454161945036,0.8633333152600889
monthly_6,mensal,validacao_2023,XGBoost,semente,89.0,BMW San Luis Potosi,cumulativo,1,7,7,8.352765753710921,12.186905366343119,0.0435340073047409,0.87324150193404
monthly_6,mensal,validacao_2023,XGBoost,semente,89.0,BMW San Luis Potosi,lead_exato,1,7,7,8.352765753710921,12.186905366343119,0.0435340073047409,0.87324150193404
monthly_6,mensal,validacao_2023,XGBoost,semente,89.0,BMW San Luis Potosi,cumulativo,3,7,21,12.013952075001844,16.91697932104827,0.05942468524013289,0.6401098410980806
monthly_6,mensal,validacao_2023,XGBoost,semente,89.0,BMW San Luis Potosi,lead_exato,3,7,7,15.949348907008114,21.672027516616957,0.07493062828594899,0.018820562023896925
monthly_6,mensal,validacao_2023,XGBoost,semente,89.0,BMW San Luis Potosi,cumulativo,6,7,42,16.214968617193566,22.486744197528616,0.0829339815306583,0.7477648794618013
monthly_6,mensal,validacao_2023,XGBoost,semente,89.0,BMW San Luis Potosi,lead_exato,6,7,7,25.16880917352054,32.74539131220771,0.13799212162580576,0.7237444381035801
monthly_6,mensal,validacao_2023,XGBoost,semente,89.0,BYD Camacari,cumulativo,1,7,7,13.300998612367023,17.604204131656676,0.08100614916062984,0.836097001733542
monthly_6,mensal,validacao_2023,XGBoost,semente,89.0,BYD Camacari,lead_exato,1,7,7,13.300998612367023,17.604204131656676,0.08100614916062984,0.836097001733542
monthly_6,mensal,validacao_2023,XGBoost,semente,89.0,BYD Camacari,cumulativo,3,7,21,12.653353070698007,17.070381591072632,0.0810962053636996,0.7932779279379225
monthly_6,mensal,validacao_2023,XGBoost,semente,89.0,BYD Camacari,lead_exato,3,7,7,11.909802338714567,17.775559394796343,0.08677365426688337,0.6368982594936701
monthly_6,mensal,validacao_2023,XGBoost,semente,89.0,BYD Camacari,cumulativo,6,7,42,16.008292350268068,21.335024302151677,0.09748595597407345,0.7567283749463479
monthly_6,mensal,validacao_2023,XGBoost,semente,89.0,BYD Camacari,lead_exato,6,7,7,18.813631039005095,23.234386245304094,0.09575821763580038,0.7157385709390142
monthly_6,mensal,validacao_2023,XGBoost,semente,89.0,Ford Rouge Electric Vehicle Center,cumulativo,1,7,7,13.78675477363335,15.025529388801967,0.08395171617308908,0.964436083637136
monthly_6,mensal,validacao_2023,XGBoost,semente,89.0,Ford Rouge Electric Vehicle Center,lead_exato,1,7,7,13.78675477363335,15.025529388801967,0.08395171617308908,0.964436083637136
monthly_6,mensal,validacao_2023,XGBoost,semente,89.0,Ford Rouge Electric Vehicle Center,cumulativo,3,7,21,14.952404005835108,16.868812983445494,0.08472664754210556,0.9322492322540419
monthly_6,mensal,validacao_2023,XGBoost,semente,89.0,Ford Rouge Electric Vehicle Center,lead_exato,3,7,7,17.204048349195155,19.39291839297704,0.09099941536849589,0.831480616309846
monthly_6,mensal,validacao_2023,XGBoost,semente,89.0,Ford Rouge Electric Vehicle Center,cumulativo,6,7,42,16.999737782886218,19.836760616575265,0.10258184601866566,0.9185457458599018
monthly_6,mensal,validacao_2023,XGBoost,semente,89.0,Ford Rouge Electric Vehicle Center,lead_exato,6,7,7,18.872099071854986,22.475195160836055,0.13946699363298068,0.9254683717196075
monthly_6,mensal,validacao_2023,XGBoost,semente,89.0,GM Factory Zero,cumulativo,1,7,7,13.876686145118372,15.05878129578878,0.08375706907893098,0.9644444728755246
monthly_6,mensal,validacao_2023,XGBoost,semente,89.0,GM Factory Zero,lead_exato,1,7,7,13.876686145118372,15.05878129578878,0.08375706907893098,0.9644444728755246
monthly_6,mensal,validacao_2023,XGBoost,semente,89.0,GM Factory Zero,cumulativo,3,7,21,14.444262992429246,16.15560465922378,0.08088889481846076,0.9377561869617356
monthly_6,mensal,validacao_2023,XGBoost,semente,89.0,GM Factory Zero,lead_exato,3,7,7,15.460819173486925,17.334473460996506,0.08109009472445777,0.8630837698588814
monthly_6,mensal,validacao_2023,XGBoost,semente,89.0,GM Factory Zero,cumulativo,6,7,42,16.72567061107951,18.95097487809893,0.09781300711314668,0.9256806317103115
monthly_6,mensal,validacao_2023,XGBoost,semente,89.0,GM Factory Zero,lead_exato,6,7,7,19.2941613190847,22.111770802040812,0.13732507439926167,0.9271349621668766
monthly_6,mensal,validacao_2023,XGBoost,semente,89.0,Hyundai Metaplant Georgia,cumulativo,1,7,7,13.72142052260915,21.511547296946663,0.10253091196102875,0.8077746585940099
monthly_6,mensal,validacao_2023,XGBoost,semente,89.0,Hyundai Metaplant Georgia,lead_exato,1,7,7,13.72142052260915,21.511547296946663,0.10253091196102875,0.8077746585940099
monthly_6,mensal,validacao_2023,XGBoost,semente,89.0,Hyundai Metaplant Georgia,cumulativo,3,7,21,16.559042032628593,23.77558437593207,0.10589827419121932,0.6166681611554314
monthly_6,mensal,validacao_2023,XGBoost,semente,89.0,Hyundai Metaplant Georgia,lead_exato,3,7,7,18.208165906733225,25.105643412712233,0.10633832640080555,-0.3711269118858782
monthly_6,mensal,validacao_2023,XGBoost,semente,89.0,Hyundai Metaplant Georgia,cumulativo,6,7,42,16.589342510548292,22.448105477187063,0.1016300493275794,0.7324811604598118
monthly_6,mensal,validacao_2023,XGBoost,semente,89.0,Hyundai Metaplant Georgia,lead_exato,6,7,7,13.562351592122663,13.861722912222094,0.06893139468903695,0.945317494454426
monthly_6,mensal,validacao_2023,XGBoost,semente,89.0,Lucid AMP 1 Casa Grande,cumulativo,1,7,7,17.0981200332011,17.74630635964872,0.06523217874902913,0.9519712328614812
monthly_6,mensal,validacao_2023,XGBoost,semente,89.0,Lucid AMP 1 Casa Grande,lead_exato,1,7,7,17.0981200332011,17.74630635964872,0.06523217874902913,0.9519712328614812
monthly_6,mensal,validacao_2023,XGBoost,semente,89.0,Lucid AMP 1 Casa Grande,cumulativo,3,7,21,15.761398432773165,18.082224735913524,0.06260173277628749,0.9238366910909588
monthly_6,mensal,validacao_2023,XGBoost,semente,89.0,Lucid AMP 1 Casa Grande,lead_exato,3,7,7,14.038881501083909,18.010295413947002,0.05954926012139924,0.8477205682373242
monthly_6,mensal,validacao_2023,XGBoost,semente,89.0,Lucid AMP 1 Casa Grande,cumulativo,6,7,42,13.74762706148742,16.736171322190977,0.059090740585209495,0.9373915477637322
monthly_6,mensal,validacao_2023,XGBoost,semente,89.0,Lucid AMP 1 Casa Grande,lead_exato,6,7,7,10.911683336066792,14.979865410100468,0.05988013867161653,0.9619009778862019
monthly_6,mensal,validacao_2023,XGBoost,semente,89.0,Rivian Normal,cumulativo,1,7,7,16.939190940846032,18.945921126221975,0.09728538520546645,0.9525693352102793
monthly_6,mensal,validacao_2023,XGBoost,semente,89.0,Rivian Normal,lead_exato,1,7,7,16.939190940846032,18.945921126221975,0.09728538520546645,0.9525693352102793
monthly_6,mensal,validacao_2023,XGBoost,semente,89.0,Rivian Normal,cumulativo,3,7,21,16.451823860464703,18.73896240100806,0.0868421486729399,0.9299057411038865
monthly_6,mensal,validacao_2023,XGBoost,semente,89.0,Rivian Normal,lead_exato,3,7,7,16.844924579774183,18.776979464831342,0.08111539145000525,0.8659071592238614
monthly_6,mensal,validacao_2023,XGBoost,semente,89.0,Rivian Normal,cumulativo,6,7,42,16.09767578806181,18.65366733013256,0.0877235370328991,0.9323180578713564
monthly_6,mensal,validacao_2023,XGBoost,semente,89.0,Rivian Normal,lead_exato,6,7,7,13.809529508582264,15.190725948278638,0.08257420683362485,0.9670199321783434
monthly_6,mensal,validacao_2023,XGBoost,semente,89.0,Tesla Fremont Factory,cumulativo,1,7,7,23.24084929069756,25.822936950545866,0.10885821511912068,0.9167924967804492
monthly_6,mensal,validacao_2023,XGBoost,semente,89.0,Tesla Fremont Factory,lead_exato,1,7,7,23.24084929069756,25.822936950545866,0.10885821511912068,0.9167924967804492
monthly_6,mensal,validacao_2023,XGBoost,semente,89.0,Tesla Fremont Factory,cumulativo,3,7,21,21.957369320781297,26.63765245141357,0.1022120733738102,0.8748308757086113
monthly_6,mensal,validacao_2023,XGBoost,semente,89.0,Tesla Fremont Factory,lead_exato,3,7,7,22.282048518732285,28.534228189971092,0.10222015407961073,0.7172071578227543
monthly_6,mensal,validacao_2023,XGBoost,semente,89.0,Tesla Fremont Factory,cumulativo,6,7,42,18.666029717242075,23.527923389111052,0.09094953798756455,0.9047592435053545
monthly_6,mensal,validacao_2023,XGBoost,semente,89.0,Tesla Fremont Factory,lead_exato,6,7,7,11.945329675716494,14.927325879716351,0.06454420794638588,0.9742405200729746
monthly_6,mensal,validacao_2023,XGBoost,semente,89.0,Tesla Gigafactory Nevada,cumulativo,1,7,7,24.366038380387717,26.430799680355836,0.11066508244988423,0.9121809414481892
monthly_6,mensal,validacao_2023,XGBoost,semente,89.0,Tesla Gigafactory Nevada,lead_exato,1,7,7,24.366038380387717,26.430799680355836,0.11066508244988423,0.9121809414481892
monthly_6,mensal,validacao_2023,XGBoost,semente,89.0,Tesla Gigafactory Nevada,cumulativo,3,7,21,23.88222106811191,27.035452273888545,0.10353830394205464,0.8602224441614204
monthly_6,mensal,validacao_2023,XGBoost,semente,89.0,Tesla Gigafactory Nevada,lead_exato,3,7,7,22.70487069923846,27.30076807280254,0.09793128688294377,0.6863018940195502
monthly_6,mensal,validacao_2023,XGBoost,semente,89.0,Tesla Gigafactory Nevada,cumulativo,6,7,42,20.964151514101488,24.949225402893628,0.09718062873521341,0.8902266749953064
monthly_6,mensal,validacao_2023,XGBoost,semente,89.0,Tesla Gigafactory Nevada,lead_exato,6,7,7,14.802684581614033,18.63720269323089,0.0822910271861718,0.959539520044954
monthly_6,mensal,validacao_2023,XGBoost,semente,89.0,Tesla Gigafactory Texas,cumulativo,1,7,7,17.744142316759216,20.482802186326275,0.09294318704650253,0.8934528196848573
monthly_6,mensal,validacao_2023,XGBoost,semente,89.0,Tesla Gigafactory Texas,lead_exato,1,7,7,17.744142316759216,20.482802186326275,0.09294318704650253,0.8934528196848573
monthly_6,mensal,validacao_2023,XGBoost,semente,89.0,Tesla Gigafactory Texas,cumulativo,3,7,21,24.02779633089817,28.996514801839652,0.12046876336170473,0.7478675842601474
monthly_6,mensal,validacao_2023,XGBoost,semente,89.0,Tesla Gigafactory Texas,lead_exato,3,7,7,27.476313646189478,33.63784288674554,0.13099453547795228,0.47380032159582997
monthly_6,mensal,validacao_2023,XGBoost,semente,89.0,Tesla Gigafactory Texas,cumulativo,6,7,42,25.141821115341948,29.938853073545687,0.12419033602403742,0.7702123787622949
monthly_6,mensal,validacao_2023,XGBoost,semente,89.0,Tesla Gigafactory Texas,lead_exato,6,7,7,24.65276875415223,29.811370375755306,0.13142903106732431,0.8523685054566488
monthly_6,mensal,validacao_2023,XGBoost,ensemble,,BMW San Luis Potosi,cumulativo,1,7,7,8.502914882367062,12.049260451454217,0.043042312772773594,0.8760886778012493
monthly_6,mensal,validacao_2023,XGBoost,ensemble,,BMW San Luis Potosi,lead_exato,1,7,7,8.502914882367062,12.049260451454217,0.043042312772773594,0.8760886778012493
monthly_6,mensal,validacao_2023,XGBoost,ensemble,,BMW San Luis Potosi,cumulativo,3,7,21,11.83887835667803,16.86080774907821,0.05922736999132773,0.642495850253431
monthly_6,mensal,validacao_2023,XGBoost,ensemble,,BMW San Luis Potosi,lead_exato,3,7,7,16.251921630987145,22.1798098753683,0.07668627625864492,-0.027696765405349932
monthly_6,mensal,validacao_2023,XGBoost,ensemble,,BMW San Luis Potosi,cumulativo,6,7,42,16.045006125136926,22.31968707358334,0.0823178535438702,0.7514987370742033
monthly_6,mensal,validacao_2023,XGBoost,ensemble,,BMW San Luis Potosi,lead_exato,6,7,7,24.4363079173377,32.52037048315684,0.13704386294370074,0.7275281563833012
monthly_6,mensal,validacao_2023,XGBoost,ensemble,,BYD Camacari,cumulativo,1,7,7,12.281857722356989,16.20312400903494,0.07455904683494186,0.8611481667170552
monthly_6,mensal,validacao_2023,XGBoost,ensemble,,BYD Camacari,lead_exato,1,7,7,12.281857722356989,16.20312400903494,0.07455904683494186,0.8611481667170552
monthly_6,mensal,validacao_2023,XGBoost,ensemble,,BYD Camacari,cumulativo,3,7,21,12.3724206994807,16.552040559329324,0.07863372433863156,0.8056415287987306
monthly_6,mensal,validacao_2023,XGBoost,ensemble,,BYD Camacari,lead_exato,3,7,7,12.610647726256929,17.96747578978561,0.08771051856111314,0.6290153728247485
monthly_6,mensal,validacao_2023,XGBoost,ensemble,,BYD Camacari,cumulativo,6,7,42,15.544916468165964,20.803089575308444,0.09505539087943278,0.7687078726516152
monthly_6,mensal,validacao_2023,XGBoost,ensemble,,BYD Camacari,lead_exato,6,7,7,18.104200498250012,21.67831241012814,0.08934501371498368,0.7525391690312777
monthly_6,mensal,validacao_2023,XGBoost,ensemble,,Ford Rouge Electric Vehicle Center,cumulativo,1,7,7,14.399859170553995,15.395541555832263,0.08601907470824109,0.9626629538743672
monthly_6,mensal,validacao_2023,XGBoost,ensemble,,Ford Rouge Electric Vehicle Center,lead_exato,1,7,7,14.399859170553995,15.395541555832263,0.08601907470824109,0.9626629538743672
monthly_6,mensal,validacao_2023,XGBoost,ensemble,,Ford Rouge Electric Vehicle Center,cumulativo,3,7,21,15.078730639778987,16.80689085829018,0.08441563253006878,0.9327457190562545
monthly_6,mensal,validacao_2023,XGBoost,ensemble,,Ford Rouge Electric Vehicle Center,lead_exato,3,7,7,17.470488405325682,19.4672553868257,0.09134823460464185,0.8301862021498153
monthly_6,mensal,validacao_2023,XGBoost,ensemble,,Ford Rouge Electric Vehicle Center,cumulativo,6,7,42,17.092186632133934,19.66542864342129,0.10169583693543513,0.9199467255788437
monthly_6,mensal,validacao_2023,XGBoost,ensemble,,Ford Rouge Electric Vehicle Center,lead_exato,6,7,7,18.965430096066633,22.77375585011528,0.1413196743973872,0.9234750618989748
monthly_6,mensal,validacao_2023,XGBoost,ensemble,,GM Factory Zero,cumulativo,1,7,7,14.353789196073551,15.715547408898956,0.08741000776128327,0.9612754396351905
monthly_6,mensal,validacao_2023,XGBoost,ensemble,,GM Factory Zero,lead_exato,1,7,7,14.353789196073551,15.715547408898956,0.08741000776128327,0.9612754396351905
monthly_6,mensal,validacao_2023,XGBoost,ensemble,,GM Factory Zero,cumulativo,3,7,21,14.702183749339676,16.163112815542558,0.08092648712649013,0.9376983191340723
monthly_6,mensal,validacao_2023,XGBoost,ensemble,,GM Factory Zero,lead_exato,3,7,7,16.21036512849683,17.679947256794062,0.0827062097388005,0.8575719415451819
monthly_6,mensal,validacao_2023,XGBoost,ensemble,,GM Factory Zero,cumulativo,6,7,42,17.0082102237828,19.030965081419247,0.09822586620755636,0.9250519181299306
monthly_6,mensal,validacao_2023,XGBoost,ensemble,,GM Factory Zero,lead_exato,6,7,7,19.794438826973444,22.626311661600248,0.14052062858861397,0.9237043677224723
monthly_6,mensal,validacao_2023,XGBoost,ensemble,,Hyundai Metaplant Georgia,cumulativo,1,7,7,14.86972482797589,22.060445905502267,0.10514713821999869,0.7978396808510403
monthly_6,mensal,validacao_2023,XGBoost,ensemble,,Hyundai Metaplant Georgia,lead_exato,1,7,7,14.86972482797589,22.060445905502267,0.10514713821999869,0.7978396808510403
monthly_6,mensal,validacao_2023,XGBoost,ensemble,,Hyundai Metaplant Georgia,cumulativo,3,7,21,17.11224443861799,24.060203887844043,0.10716599130117757,0.6074354319802282
monthly_6,mensal,validacao_2023,XGBoost,ensemble,,Hyundai Metaplant Georgia,lead_exato,3,7,7,17.946884986304216,24.894157006828262,0.10544254730888888,-0.34812384880386094
monthly_6,mensal,validacao_2023,XGBoost,ensemble,,Hyundai Metaplant Georgia,cumulativo,6,7,42,17.100996508559174,22.728153734298886,0.1028979210512445,0.7257647361631439
monthly_6,mensal,validacao_2023,XGBoost,ensemble,,Hyundai Metaplant Georgia,lead_exato,6,7,7,14.001125548033462,14.266033453336718,0.07094194486833227,0.9420810799781784
monthly_6,mensal,validacao_2023,XGBoost,ensemble,,Lucid AMP 1 Casa Grande,cumulativo,1,7,7,17.13381227864886,17.92149158693591,0.06587612762655846,0.9510183066602348
monthly_6,mensal,validacao_2023,XGBoost,ensemble,,Lucid AMP 1 Casa Grande,lead_exato,1,7,7,17.13381227864886,17.92149158693591,0.06587612762655846,0.9510183066602348
monthly_6,mensal,validacao_2023,XGBoost,ensemble,,Lucid AMP 1 Casa Grande,cumulativo,3,7,21,15.123574836916879,17.393216418853644,0.060216345182937066,0.9295303880380605
monthly_6,mensal,validacao_2023,XGBoost,ensemble,,Lucid AMP 1 Casa Grande,lead_exato,3,7,7,13.0850360619455,16.480464924375237,0.05449102694580072,0.8724916889280163
monthly_6,mensal,validacao_2023,XGBoost,ensemble,,Lucid AMP 1 Casa Grande,cumulativo,6,7,42,13.250075738267764,16.18381139777259,0.05714051216228487,0.9414560044692433
monthly_6,mensal,validacao_2023,XGBoost,ensemble,,Lucid AMP 1 Casa Grande,lead_exato,6,7,7,11.014344080927502,15.018819516607202,0.060035852840976116,0.9617025724944647
monthly_6,mensal,validacao_2023,XGBoost,ensemble,,Rivian Normal,cumulativo,1,7,7,16.892903439699598,19.22530776324609,0.09872000727652175,0.9511601452712092
monthly_6,mensal,validacao_2023,XGBoost,ensemble,,Rivian Normal,lead_exato,1,7,7,16.892903439699598,19.22530776324609,0.09872000727652175,0.9511601452712092
monthly_6,mensal,validacao_2023,XGBoost,ensemble,,Rivian Normal,cumulativo,3,7,21,16.247305991114075,18.853097813946977,0.08737108748434153,0.9290492794744327
monthly_6,mensal,validacao_2023,XGBoost,ensemble,,Rivian Normal,lead_exato,3,7,7,16.519847765554392,18.7160562872357,0.08085220708596498,0.8667758941495166
monthly_6,mensal,validacao_2023,XGBoost,ensemble,,Rivian Normal,cumulativo,6,7,42,15.9596864220429,18.650371878195255,0.08770803934577164,0.9323419698326282
monthly_6,mensal,validacao_2023,XGBoost,ensemble,,Rivian Normal,lead_exato,6,7,7,13.67565954478856,15.386935101080256,0.08364076647147593,0.9661624640005128
monthly_6,mensal,validacao_2023,XGBoost,ensemble,,Tesla Fremont Factory,cumulativo,1,7,7,24.576598264016383,26.909762476278107,0.11343979649012002,0.9096410970394632
monthly_6,mensal,validacao_2023,XGBoost,ensemble,,Tesla Fremont Factory,lead_exato,1,7,7,24.576598264016383,26.909762476278107,0.11343979649012002,0.9096410970394632
monthly_6,mensal,validacao_2023,XGBoost,ensemble,,Tesla Fremont Factory,cumulativo,3,7,21,22.157716760158966,26.989132900487704,0.10356074873158629,0.8715059017062132
monthly_6,mensal,validacao_2023,XGBoost,ensemble,,Tesla Fremont Factory,lead_exato,3,7,7,21.04560625701706,28.137599795087134,0.10079928454119312,0.725014211699698
monthly_6,mensal,validacao_2023,XGBoost,ensemble,,Tesla Fremont Factory,cumulativo,6,7,42,19.07497991550098,24.055121861246302,0.0929874763417264,0.9004432377273323
monthly_6,mensal,validacao_2023,XGBoost,ensemble,,Tesla Fremont Factory,lead_exato,6,7,7,13.600755003886684,16.026129673138257,0.06929532151531191,0.9703086210862493
monthly_6,mensal,validacao_2023,XGBoost,ensemble,,Tesla Gigafactory Nevada,cumulativo,1,7,7,24.726348549371032,26.467313015953362,0.11081796285241792,0.9119381352007682
monthly_6,mensal,validacao_2023,XGBoost,ensemble,,Tesla Gigafactory Nevada,lead_exato,1,7,7,24.726348549371032,26.467313015953362,0.11081796285241792,0.9119381352007682
monthly_6,mensal,validacao_2023,XGBoost,ensemble,,Tesla Gigafactory Nevada,cumulativo,3,7,21,23.157315678037097,26.114450782054075,0.10001112298622714,0.8695836754168587
monthly_6,mensal,validacao_2023,XGBoost,ensemble,,Tesla Gigafactory Nevada,lead_exato,3,7,7,21.947136237492543,26.183920938160515,0.0939250158192376,0.7114430576547293
monthly_6,mensal,validacao_2023,XGBoost,ensemble,,Tesla Gigafactory Nevada,cumulativo,6,7,42,20.695663344043997,24.485477238087544,0.09537426651342557,0.8942696105244163
monthly_6,mensal,validacao_2023,XGBoost,ensemble,,Tesla Gigafactory Nevada,lead_exato,6,7,7,15.641615948454938,19.141518980089934,0.08451779404359402,0.9573202005627787
monthly_6,mensal,validacao_2023,XGBoost,ensemble,,Tesla Gigafactory Texas,cumulativo,1,7,7,17.767558031715733,21.41447447973424,0.09717076252394707,0.8835396578918976
monthly_6,mensal,validacao_2023,XGBoost,ensemble,,Tesla Gigafactory Texas,lead_exato,1,7,7,17.767558031715733,21.41447447973424,0.09717076252394707,0.8835396578918976
monthly_6,mensal,validacao_2023,XGBoost,ensemble,,Tesla Gigafactory Texas,cumulativo,3,7,21,23.584399653034332,28.600733212768027,0.11882445131514925,0.7547034638307637
monthly_6,mensal,validacao_2023,XGBoost,ensemble,,Tesla Gigafactory Texas,lead_exato,3,7,7,26.541655409009426,32.159107295617176,0.1252359533207444,0.5190474052311032
monthly_6,mensal,validacao_2023,XGBoost,ensemble,,Tesla Gigafactory Texas,cumulativo,6,7,42,24.772933446748873,29.63992228628956,0.12295033144450088,0.7747781960628203
monthly_6,mensal,validacao_2023,XGBoost,ensemble,,Tesla Gigafactory Texas,lead_exato,6,7,7,24.081513735467215,29.33607092743152,0.1293335840894547,0.8570385218816164
monthly_6,mensal,validacao_2023,LSTM,semente,11.0,BMW San Luis Potosi,cumulativo,1,7,7,8.80378003594043,14.583867360118838,0.05209642391580302,0.8184753455556515
monthly_6,mensal,validacao_2023,LSTM,semente,11.0,BMW San Luis Potosi,lead_exato,1,7,7,8.80378003594043,14.583867360118838,0.05209642391580302,0.8184753455556515
monthly_6,mensal,validacao_2023,LSTM,semente,11.0,BMW San Luis Potosi,cumulativo,3,7,21,11.389453890033781,17.472386775192213,0.06137567853013841,0.6160905487084996
monthly_6,mensal,validacao_2023,LSTM,semente,11.0,BMW San Luis Potosi,lead_exato,3,7,7,16.146439664729378,22.96638545161549,0.07940584654699905,-0.10188088806194773
monthly_6,mensal,validacao_2023,LSTM,semente,11.0,BMW San Luis Potosi,cumulativo,6,7,42,15.302285125885371,22.72986331560872,0.0838306358560462,0.7422812325349502
monthly_6,mensal,validacao_2023,LSTM,semente,11.0,BMW San Luis Potosi,lead_exato,6,7,7,23.584048486597535,33.26501454116382,0.1401818621949763,0.7149073004203044
monthly_6,mensal,validacao_2023,LSTM,semente,11.0,BYD Camacari,cumulativo,1,7,7,13.087893742206429,17.850375905649187,0.0821389142259539,0.8314810133490235
monthly_6,mensal,validacao_2023,LSTM,semente,11.0,BYD Camacari,lead_exato,1,7,7,13.087893742206429,17.850375905649187,0.0821389142259539,0.8314810133490235
monthly_6,mensal,validacao_2023,LSTM,semente,11.0,BYD Camacari,cumulativo,3,7,21,14.699524769544789,18.5522439941227,0.088136084180547,0.7558294478055206
monthly_6,mensal,validacao_2023,LSTM,semente,11.0,BYD Camacari,lead_exato,3,7,7,16.051267300009677,19.40193810847643,0.09471302883583269,0.5674144514661232
monthly_6,mensal,validacao_2023,LSTM,semente,11.0,BYD Camacari,cumulativo,6,7,42,17.47038931100746,21.375447603649626,0.09767066184243087,0.7558056519948734
monthly_6,mensal,validacao_2023,LSTM,semente,11.0,BYD Camacari,lead_exato,6,7,7,17.56782883822952,21.734454755715525,0.08957639882197906,0.7512557645607179
monthly_6,mensal,validacao_2023,LSTM,semente,11.0,Ford Rouge Electric Vehicle Center,cumulativo,1,7,7,12.936730755875292,16.891628882622655,0.09437812119364927,0.9550537898480886
monthly_6,mensal,validacao_2023,LSTM,semente,11.0,Ford Rouge Electric Vehicle Center,lead_exato,1,7,7,12.936730755875292,16.891628882622655,0.09437812119364927,0.9550537898480886
monthly_6,mensal,validacao_2023,LSTM,semente,11.0,Ford Rouge Electric Vehicle Center,cumulativo,3,7,21,12.430491432187235,15.574536077312704,0.07822590896877404,0.9422468851676942
monthly_6,mensal,validacao_2023,LSTM,semente,11.0,Ford Rouge Electric Vehicle Center,lead_exato,3,7,7,9.880337480136793,13.586236093088848,0.06375211386323222,0.9172892732640444
monthly_6,mensal,validacao_2023,LSTM,semente,11.0,Ford Rouge Electric Vehicle Center,cumulativo,6,7,42,12.955680611372935,15.827786228878333,0.08185023558687625,0.9481423755252064
monthly_6,mensal,validacao_2023,LSTM,semente,11.0,Ford Rouge Electric Vehicle Center,lead_exato,6,7,7,13.685822566234233,15.684914708173501,0.09733076327410653,0.9637007218256923
monthly_6,mensal,validacao_2023,LSTM,semente,11.0,GM Factory Zero,cumulativo,1,7,7,14.192880941274748,17.113172111319756,0.0951836081906763,0.9540814139968049
monthly_6,mensal,validacao_2023,LSTM,semente,11.0,GM Factory Zero,lead_exato,1,7,7,14.192880941274748,17.113172111319756,0.0951836081906763,0.9540814139968049
monthly_6,mensal,validacao_2023,LSTM,semente,11.0,GM Factory Zero,cumulativo,3,7,21,13.227672512306981,16.44414995017276,0.08233360148108688,0.9355129348906506
monthly_6,mensal,validacao_2023,LSTM,semente,11.0,GM Factory Zero,lead_exato,3,7,7,12.52954855490764,15.659530178212723,0.07325476532927098,0.8882645248524786
monthly_6,mensal,validacao_2023,LSTM,semente,11.0,GM Factory Zero,cumulativo,6,7,42,12.382354409230267,15.351547691538302,0.07923502897392252,0.9512310696860387
monthly_6,mensal,validacao_2023,LSTM,semente,11.0,GM Factory Zero,lead_exato,6,7,7,8.534431364510842,10.528817387151168,0.06538918316272195,0.9834791901277127
monthly_6,mensal,validacao_2023,LSTM,semente,11.0,Hyundai Metaplant Georgia,cumulativo,1,7,7,8.487158321328414,12.846459214297147,0.06123033180876784,0.931445774886194
monthly_6,mensal,validacao_2023,LSTM,semente,11.0,Hyundai Metaplant Georgia,lead_exato,1,7,7,8.487158321328414,12.846459214297147,0.06123033180876784,0.931445774886194
monthly_6,mensal,validacao_2023,LSTM,semente,11.0,Hyundai Metaplant Georgia,cumulativo,3,7,21,9.901834239892931,15.002221756856686,0.06682104498316052,0.8473757110809004
monthly_6,mensal,validacao_2023,LSTM,semente,11.0,Hyundai Metaplant Georgia,lead_exato,3,7,7,11.774157916820903,16.953245775402568,0.07180775067907637,0.37476877494331073
monthly_6,mensal,validacao_2023,LSTM,semente,11.0,Hyundai Metaplant Georgia,cumulativo,6,7,42,13.197419971828735,17.547800119874513,0.07944473503947663,0.836529142412206
monthly_6,mensal,validacao_2023,LSTM,semente,11.0,Hyundai Metaplant Georgia,lead_exato,6,7,7,15.136247087521042,16.26630328747455,0.08088886057965104,0.9247005662889856
monthly_6,mensal,validacao_2023,LSTM,semente,11.0,Lucid AMP 1 Casa Grande,cumulativo,1,7,7,19.15786173966327,21.79103852197274,0.08009987493647906,0.9275828637673339
monthly_6,mensal,validacao_2023,LSTM,semente,11.0,Lucid AMP 1 Casa Grande,lead_exato,1,7,7,19.15786173966327,21.79103852197274,0.08009987493647906,0.9275828637673339
monthly_6,mensal,validacao_2023,LSTM,semente,11.0,Lucid AMP 1 Casa Grande,cumulativo,3,7,21,18.473375664975297,20.723993962733754,0.07174769427214014,0.8999564733561738
monthly_6,mensal,validacao_2023,LSTM,semente,11.0,Lucid AMP 1 Casa Grande,lead_exato,3,7,7,17.195338440243308,19.162432042529108,0.06335868590892395,0.8276144613877754
monthly_6,mensal,validacao_2023,LSTM,semente,11.0,Lucid AMP 1 Casa Grande,cumulativo,6,7,42,16.778777774281433,19.47709194670173,0.06876816479828886,0.9152052487176155
monthly_6,mensal,validacao_2023,LSTM,semente,11.0,Lucid AMP 1 Casa Grande,lead_exato,6,7,7,10.786618486003558,13.517319469099876,0.054033794170972725,0.9689773307814245
monthly_6,mensal,validacao_2023,LSTM,semente,11.0,Rivian Normal,cumulativo,1,7,7,20.975519216962248,21.52692432842096,0.11053857511740724,0.9387661268453801
monthly_6,mensal,validacao_2023,LSTM,semente,11.0,Rivian Normal,lead_exato,1,7,7,20.975519216962248,21.52692432842096,0.11053857511740724,0.9387661268453801
monthly_6,mensal,validacao_2023,LSTM,semente,11.0,Rivian Normal,cumulativo,3,7,21,18.913175679390164,21.04255154338767,0.09751769337509153,0.9116130458887297
monthly_6,mensal,validacao_2023,LSTM,semente,11.0,Rivian Normal,lead_exato,3,7,7,15.399482461429297,17.9797453174487,0.07767138917778808,0.8770520759448194
monthly_6,mensal,validacao_2023,LSTM,semente,11.0,Rivian Normal,cumulativo,6,7,42,16.850109718947692,19.232926652087993,0.0904476489022646,0.9280492859320946
monthly_6,mensal,validacao_2023,LSTM,semente,11.0,Rivian Normal,lead_exato,6,7,7,12.714695047687103,14.4984880040953,0.07881131891268546,0.9699572340845812
monthly_6,mensal,validacao_2023,LSTM,semente,11.0,Tesla Fremont Factory,cumulativo,1,7,7,16.235926234066937,19.168872714437093,0.0808075887547379,0.9541494691838543
monthly_6,mensal,validacao_2023,LSTM,semente,11.0,Tesla Fremont Factory,lead_exato,1,7,7,16.235926234066937,19.168872714437093,0.0808075887547379,0.9541494691838543
monthly_6,mensal,validacao_2023,LSTM,semente,11.0,Tesla Fremont Factory,cumulativo,3,7,21,17.146961493393842,21.081093981803935,0.08089084910160646,0.9216044148457847
monthly_6,mensal,validacao_2023,LSTM,semente,11.0,Tesla Fremont Factory,lead_exato,3,7,7,18.723457951231726,23.48268600419249,0.0841236624860014,0.8084722552677694
monthly_6,mensal,validacao_2023,LSTM,semente,11.0,Tesla Fremont Factory,cumulativo,6,7,42,15.741375909355492,19.825558350831283,0.07663767611501622,0.9323751217600388
monthly_6,mensal,validacao_2023,LSTM,semente,11.0,Tesla Fremont Factory,lead_exato,6,7,7,10.992265929010566,12.333364497636934,0.053328188131522035,0.9824152500990107
monthly_6,mensal,validacao_2023,LSTM,semente,11.0,Tesla Gigafactory Nevada,cumulativo,1,7,7,20.606881673517528,22.534857742759357,0.09435287317289758,0.9361622146266207
monthly_6,mensal,validacao_2023,LSTM,semente,11.0,Tesla Gigafactory Nevada,lead_exato,1,7,7,20.606881673517528,22.534857742759357,0.09435287317289758,0.9361622146266207
monthly_6,mensal,validacao_2023,LSTM,semente,11.0,Tesla Gigafactory Nevada,cumulativo,3,7,21,20.61614772343088,23.046050505318682,0.08825999867545122,0.8984305309491571
monthly_6,mensal,validacao_2023,LSTM,semente,11.0,Tesla Gigafactory Nevada,lead_exato,3,7,7,19.18551747586636,22.197894045914353,0.07962663629867871,0.7926110018201074
monthly_6,mensal,validacao_2023,LSTM,semente,11.0,Tesla Gigafactory Nevada,cumulativo,6,7,42,19.26679876647838,22.22965538047293,0.08658753334245507,0.912853861944697
monthly_6,mensal,validacao_2023,LSTM,semente,11.0,Tesla Gigafactory Nevada,lead_exato,6,7,7,14.068732485029159,15.80924404192772,0.06980440963490794,0.9708866768928915
monthly_6,mensal,validacao_2023,LSTM,semente,11.0,Tesla Gigafactory Texas,cumulativo,1,7,7,17.643535839982082,20.423668349159634,0.09267486012333254,0.8940671349256477
monthly_6,mensal,validacao_2023,LSTM,semente,11.0,Tesla Gigafactory Texas,lead_exato,1,7,7,17.643535839982082,20.423668349159634,0.09267486012333254,0.8940671349256477
monthly_6,mensal,validacao_2023,LSTM,semente,11.0,Tesla Gigafactory Texas,cumulativo,3,7,21,20.665834358336042,23.025388383877814,0.09566115388297416,0.841016881822947
monthly_6,mensal,validacao_2023,LSTM,semente,11.0,Tesla Gigafactory Texas,lead_exato,3,7,7,22.739920707836582,25.537792636316645,0.09945082670104081,0.6967079579137656
monthly_6,mensal,validacao_2023,LSTM,semente,11.0,Tesla Gigafactory Texas,cumulativo,6,7,42,21.500903026901284,25.537868637052227,0.1059344684842208,0.8328041056162929
monthly_6,mensal,validacao_2023,LSTM,semente,11.0,Tesla Gigafactory Texas,lead_exato,6,7,7,16.976591481258083,22.20563255075323,0.0978977059288772,0.9180891497698072
monthly_6,mensal,validacao_2023,LSTM,semente,23.0,BMW San Luis Potosi,cumulativo,1,7,7,12.049944937981374,13.95800326399794,0.04986071506985192,0.8337212319234728
monthly_6,mensal,validacao_2023,LSTM,semente,23.0,BMW San Luis Potosi,lead_exato,1,7,7,12.049944937981374,13.95800326399794,0.04986071506985192,0.8337212319234728
monthly_6,mensal,validacao_2023,LSTM,semente,23.0,BMW San Luis Potosi,cumulativo,3,7,21,13.307819952151368,16.906364563112774,0.05938739852143174,0.6405613340448466
monthly_6,mensal,validacao_2023,LSTM,semente,23.0,BMW San Luis Potosi,lead_exato,3,7,7,17.041143664650527,21.944179773385557,0.07587158960456461,-0.005977011673055088
monthly_6,mensal,validacao_2023,LSTM,semente,23.0,BMW San Luis Potosi,cumulativo,6,7,42,16.531975778207915,22.075529761560343,0.08141737022676483,0.7569057612822732
monthly_6,mensal,validacao_2023,LSTM,semente,23.0,BMW San Luis Potosi,lead_exato,6,7,7,23.922979161879898,33.09393259107373,0.1394609069607046,0.717832222762419
monthly_6,mensal,validacao_2023,LSTM,semente,23.0,BYD Camacari,cumulativo,1,7,7,13.598019292425306,17.762512467404918,0.08173460859924385,0.8331359047482669
monthly_6,mensal,validacao_2023,LSTM,semente,23.0,BYD Camacari,lead_exato,1,7,7,13.598019292425306,17.762512467404918,0.08173460859924385,0.8331359047482669
monthly_6,mensal,validacao_2023,LSTM,semente,23.0,BYD Camacari,cumulativo,3,7,21,14.48324488257836,18.381155273203465,0.08732329355995916,0.760312162007345
monthly_6,mensal,validacao_2023,LSTM,semente,23.0,BYD Camacari,lead_exato,3,7,7,14.114246404047988,17.3351739477357,0.08462385668928399,0.6546669178209636
monthly_6,mensal,validacao_2023,LSTM,semente,23.0,BYD Camacari,cumulativo,6,7,42,17.065951854101904,20.718894732687154,0.0946706800581662,0.770576267933474
monthly_6,mensal,validacao_2023,LSTM,semente,23.0,BYD Camacari,lead_exato,6,7,7,17.665194952074412,21.45829475901949,0.08843823279569697,0.7575367407227678
monthly_6,mensal,validacao_2023,LSTM,semente,23.0,Ford Rouge Electric Vehicle Center,cumulativo,1,7,7,14.313811588374197,15.743817485626808,0.08796498697871462,0.9609545791198995
monthly_6,mensal,validacao_2023,LSTM,semente,23.0,Ford Rouge Electric Vehicle Center,lead_exato,1,7,7,14.313811588374197,15.743817485626808,0.08796498697871462,0.9609545791198995
monthly_6,mensal,validacao_2023,LSTM,semente,23.0,Ford Rouge Electric Vehicle Center,cumulativo,3,7,21,12.317134092964633,14.309052292028822,0.07186978902416268,0.9512508648135819
monthly_6,mensal,validacao_2023,LSTM,semente,23.0,Ford Rouge Electric Vehicle Center,lead_exato,3,7,7,11.728239451291822,14.43004945686738,0.06771162739430436,0.9066962365688054
monthly_6,mensal,validacao_2023,LSTM,semente,23.0,Ford Rouge Electric Vehicle Center,cumulativo,6,7,42,12.779760741960715,15.204720194619863,0.0786281740204148,0.9521448004756585
monthly_6,mensal,validacao_2023,LSTM,semente,23.0,Ford Rouge Electric Vehicle Center,lead_exato,6,7,7,12.530449845908281,14.945625643428613,0.09274319806953937,0.9670419228566355
monthly_6,mensal,validacao_2023,LSTM,semente,23.0,GM Factory Zero,cumulativo,1,7,7,14.720756837469285,16.252716107870164,0.09039774461349143,0.9585829303200686
monthly_6,mensal,validacao_2023,LSTM,semente,23.0,GM Factory Zero,lead_exato,1,7,7,14.720756837469285,16.252716107870164,0.09039774461349143,0.9585829303200686
monthly_6,mensal,validacao_2023,LSTM,semente,23.0,GM Factory Zero,cumulativo,3,7,21,13.097426426118556,15.095790611018018,0.07558255136176455,0.9456547636518561
monthly_6,mensal,validacao_2023,LSTM,semente,23.0,GM Factory Zero,lead_exato,3,7,7,13.931941036035173,15.88131810655695,0.07429228193793183,0.8850770637203025
monthly_6,mensal,validacao_2023,LSTM,semente,23.0,GM Factory Zero,cumulativo,6,7,42,13.45167482662392,15.616545814849161,0.08060278253209598,0.9495328410270533
monthly_6,mensal,validacao_2023,LSTM,semente,23.0,GM Factory Zero,lead_exato,6,7,7,12.581782757730155,14.51784863087134,0.0901630476003134,0.9685893680170152
monthly_6,mensal,validacao_2023,LSTM,semente,23.0,Hyundai Metaplant Georgia,cumulativo,1,7,7,8.154960872111912,14.119873365295192,0.06729983078081254,0.9171811978230187
monthly_6,mensal,validacao_2023,LSTM,semente,23.0,Hyundai Metaplant Georgia,lead_exato,1,7,7,8.154960872111912,14.119873365295192,0.06729983078081254,0.9171811978230187
monthly_6,mensal,validacao_2023,LSTM,semente,23.0,Hyundai Metaplant Georgia,cumulativo,3,7,21,11.166623559035305,16.979360850468993,0.07562737396918894,0.8044962156324069
monthly_6,mensal,validacao_2023,LSTM,semente,23.0,Hyundai Metaplant Georgia,lead_exato,3,7,7,13.496689453062832,18.52487494071657,0.07846459720616288,0.25347301224267893
monthly_6,mensal,validacao_2023,LSTM,semente,23.0,Hyundai Metaplant Georgia,cumulativo,6,7,42,13.45841443357804,18.023282068671488,0.08159740017015854,0.8275501812037404
monthly_6,mensal,validacao_2023,LSTM,semente,23.0,Hyundai Metaplant Georgia,lead_exato,6,7,7,12.880715750134316,13.924332398858866,0.0692427383266184,0.9448224080301116
monthly_6,mensal,validacao_2023,LSTM,semente,23.0,Lucid AMP 1 Casa Grande,cumulativo,1,7,7,20.05466858660106,21.548671156421303,0.07920897679732986,0.929184801494634
monthly_6,mensal,validacao_2023,LSTM,semente,23.0,Lucid AMP 1 Casa Grande,lead_exato,1,7,7,20.05466858660106,21.548671156421303,0.07920897679732986,0.929184801494634
monthly_6,mensal,validacao_2023,LSTM,semente,23.0,Lucid AMP 1 Casa Grande,cumulativo,3,7,21,17.851221187154824,19.487578075664242,0.06746714925662817,0.9115377839020361
monthly_6,mensal,validacao_2023,LSTM,semente,23.0,Lucid AMP 1 Casa Grande,lead_exato,3,7,7,17.038836217060634,18.804313415494434,0.06217460209544626,0.8339975350484895
monthly_6,mensal,validacao_2023,LSTM,semente,23.0,Lucid AMP 1 Casa Grande,cumulativo,6,7,42,15.462114659045788,17.36390232142172,0.06130708319540107,0.9326069037107001
monthly_6,mensal,validacao_2023,LSTM,semente,23.0,Lucid AMP 1 Casa Grande,lead_exato,6,7,7,11.469026423571986,13.788119610962482,0.055116283873189446,0.9677218905028409
monthly_6,mensal,validacao_2023,LSTM,semente,23.0,Rivian Normal,cumulativo,1,7,7,22.48583926230163,23.806920790829043,0.122246125921336,0.9251082091407618
monthly_6,mensal,validacao_2023,LSTM,semente,23.0,Rivian Normal,lead_exato,1,7,7,22.48583926230163,23.806920790829043,0.122246125921336,0.9251082091407618
monthly_6,mensal,validacao_2023,LSTM,semente,23.0,Rivian Normal,cumulativo,3,7,21,19.800172244545703,22.35022477277763,0.10357785564940174,0.9002862248363586
monthly_6,mensal,validacao_2023,LSTM,semente,23.0,Rivian Normal,lead_exato,3,7,7,16.376899568390563,19.712729264246462,0.0851577727830086,0.8522091171407957
monthly_6,mensal,validacao_2023,LSTM,semente,23.0,Rivian Normal,cumulativo,6,7,42,17.889149994494705,20.179881494368715,0.09490094093889843,0.9207897141121408
monthly_6,mensal,validacao_2023,LSTM,semente,23.0,Rivian Normal,lead_exato,6,7,7,15.727344573844325,17.06079340493977,0.09273957598615473,0.9584000379215336
monthly_6,mensal,validacao_2023,LSTM,semente,23.0,Tesla Fremont Factory,cumulativo,1,7,7,16.92302176719087,20.289253787180037,0.08553062564498846,0.9486330984596166
monthly_6,mensal,validacao_2023,LSTM,semente,23.0,Tesla Fremont Factory,lead_exato,1,7,7,16.92302176719087,20.289253787180037,0.08553062564498846,0.9486330984596166
monthly_6,mensal,validacao_2023,LSTM,semente,23.0,Tesla Fremont Factory,cumulativo,3,7,21,18.052897192911153,21.046954262291184,0.08075985063910443,0.9218581242731558
monthly_6,mensal,validacao_2023,LSTM,semente,23.0,Tesla Fremont Factory,lead_exato,3,7,7,18.534184085047205,22.04086192601389,0.07895851561586772,0.8312696137572205
monthly_6,mensal,validacao_2023,LSTM,semente,23.0,Tesla Fremont Factory,cumulativo,6,7,42,15.878148312767095,19.453557486797784,0.0751996696171508,0.9348890987224621
monthly_6,mensal,validacao_2023,LSTM,semente,23.0,Tesla Fremont Factory,lead_exato,6,7,7,11.934641187771897,13.376261168043069,0.05783756510256771,0.979315618378108
monthly_6,mensal,validacao_2023,LSTM,semente,23.0,Tesla Gigafactory Nevada,cumulativo,1,7,7,22.195179354033012,24.32610667526464,0.10185278665267374,0.9256102011414021
monthly_6,mensal,validacao_2023,LSTM,semente,23.0,Tesla Gigafactory Nevada,lead_exato,1,7,7,22.195179354033012,24.32610667526464,0.10185278665267374,0.9256102011414021
monthly_6,mensal,validacao_2023,LSTM,semente,23.0,Tesla Gigafactory Nevada,cumulativo,3,7,21,21.08595874053423,23.555439918734038,0.09021081922680567,0.8938909069312082
monthly_6,mensal,validacao_2023,LSTM,semente,23.0,Tesla Gigafactory Nevada,lead_exato,3,7,7,21.205784367691972,24.69245875925994,0.088574953501303,0.743379799675773
monthly_6,mensal,validacao_2023,LSTM,semente,23.0,Tesla Gigafactory Nevada,cumulativo,6,7,42,18.77062410313446,21.830255685293647,0.08503181716820969,0.9159572353283135
monthly_6,mensal,validacao_2023,LSTM,semente,23.0,Tesla Gigafactory Nevada,lead_exato,6,7,7,12.15905765220207,13.681710386370266,0.060410460726869154,0.9781952877740149
monthly_6,mensal,validacao_2023,LSTM,semente,23.0,Tesla Gigafactory Texas,cumulativo,1,7,7,19.274788215694304,20.347847717916906,0.09233081485806698,0.8948522032878976
monthly_6,mensal,validacao_2023,LSTM,semente,23.0,Tesla Gigafactory Texas,lead_exato,1,7,7,19.274788215694304,20.347847717916906,0.09233081485806698,0.8948522032878976
monthly_6,mensal,validacao_2023,LSTM,semente,23.0,Tesla Gigafactory Texas,cumulativo,3,7,21,21.842931691888754,24.12179687563452,0.10021628666509812,0.8255156845861579
monthly_6,mensal,validacao_2023,LSTM,semente,23.0,Tesla Gigafactory Texas,lead_exato,3,7,7,24.312093042933025,26.960914354230944,0.1049928339276762,0.6619635467106562
monthly_6,mensal,validacao_2023,LSTM,semente,23.0,Tesla Gigafactory Texas,cumulativo,6,7,42,21.870162640851635,25.131206421321274,0.10424757964129007,0.8380865278298103
monthly_6,mensal,validacao_2023,LSTM,semente,23.0,Tesla Gigafactory Texas,lead_exato,6,7,7,16.80350826018178,20.590199149264397,0.09077576406456966,0.9295734798161588
monthly_6,mensal,validacao_2023,LSTM,semente,42.0,BMW San Luis Potosi,cumulativo,1,7,7,10.72979603732126,13.402037094450785,0.04787469527576228,0.8467036415024279
monthly_6,mensal,validacao_2023,LSTM,semente,42.0,BMW San Luis Potosi,lead_exato,1,7,7,10.72979603732126,13.402037094450785,0.04787469527576228,0.8467036415024279
monthly_6,mensal,validacao_2023,LSTM,semente,42.0,BMW San Luis Potosi,cumulativo,3,7,21,12.706997376051298,17.01362468204566,0.059764173753312264,0.6359860473341896
monthly_6,mensal,validacao_2023,LSTM,semente,42.0,BMW San Luis Potosi,lead_exato,3,7,7,16.21554156012092,22.47787946548127,0.0777168462707481,-0.05550435019210087
monthly_6,mensal,validacao_2023,LSTM,semente,42.0,BMW San Luis Potosi,cumulativo,6,7,42,16.133138091553565,22.161712052734146,0.08173522151202398,0.7550039891722842
monthly_6,mensal,validacao_2023,LSTM,semente,42.0,BMW San Luis Potosi,lead_exato,6,7,7,23.92313564116005,32.750988053585495,0.13801570681400976,0.7236499965347294
monthly_6,mensal,validacao_2023,LSTM,semente,42.0,BYD Camacari,cumulativo,1,7,7,13.973895415715333,17.662776732502184,0.08127567232710375,0.8350045131748036
monthly_6,mensal,validacao_2023,LSTM,semente,42.0,BYD Camacari,lead_exato,1,7,7,13.973895415715333,17.662776732502184,0.08127567232710375,0.8350045131748036
monthly_6,mensal,validacao_2023,LSTM,semente,42.0,BYD Camacari,cumulativo,3,7,21,15.077201427500075,18.5491414417965,0.08812134489547274,0.7559111078538685
monthly_6,mensal,validacao_2023,LSTM,semente,42.0,BYD Camacari,lead_exato,3,7,7,14.730690095322577,18.137664190225284,0.08854131488611146,0.6219541361754105
monthly_6,mensal,validacao_2023,LSTM,semente,42.0,BYD Camacari,cumulativo,6,7,42,16.988761393620905,20.51069585217601,0.09371935857795988,0.775163942306156
monthly_6,mensal,validacao_2023,LSTM,semente,42.0,BYD Camacari,lead_exato,6,7,7,15.08374924499432,18.23246476944367,0.07514329455473849,0.824956377800657
monthly_6,mensal,validacao_2023,LSTM,semente,42.0,Ford Rouge Electric Vehicle Center,cumulativo,1,7,7,11.651183013719674,14.77523839654212,0.08255327237792141,0.9656110425744431
monthly_6,mensal,validacao_2023,LSTM,semente,42.0,Ford Rouge Electric Vehicle Center,lead_exato,1,7,7,11.651183013719674,14.77523839654212,0.08255327237792141,0.9656110425744431
monthly_6,mensal,validacao_2023,LSTM,semente,42.0,Ford Rouge Electric Vehicle Center,cumulativo,3,7,21,12.37370359201404,14.511034974711757,0.0728842833802315,0.949864892350415
monthly_6,mensal,validacao_2023,LSTM,semente,42.0,Ford Rouge Electric Vehicle Center,lead_exato,3,7,7,12.19735911548066,14.432555156907245,0.06772338515216711,0.90666383036774
monthly_6,mensal,validacao_2023,LSTM,semente,42.0,Ford Rouge Electric Vehicle Center,cumulativo,6,7,42,13.021698997020275,15.54323288912549,0.08037872481720791,0.9499902164486449
monthly_6,mensal,validacao_2023,LSTM,semente,42.0,Ford Rouge Electric Vehicle Center,lead_exato,6,7,7,13.310795715057079,15.791904848683632,0.09799467711950528,0.963203822658945
monthly_6,mensal,validacao_2023,LSTM,semente,42.0,GM Factory Zero,cumulativo,1,7,7,15.08801717025806,16.377186413279723,0.0910900495061443,0.9579461216006196
monthly_6,mensal,validacao_2023,LSTM,semente,42.0,GM Factory Zero,lead_exato,1,7,7,15.08801717025806,16.377186413279723,0.0910900495061443,0.9579461216006196
monthly_6,mensal,validacao_2023,LSTM,semente,42.0,GM Factory Zero,cumulativo,3,7,21,13.608330349517441,15.460117233841826,0.07740668475044181,0.9429999389188638
monthly_6,mensal,validacao_2023,LSTM,semente,42.0,GM Factory Zero,lead_exato,3,7,7,13.744092396864874,15.67688493640243,0.07333595031528685,0.8880167247380876
monthly_6,mensal,validacao_2023,LSTM,semente,42.0,GM Factory Zero,cumulativo,6,7,42,14.69830451410888,16.785919586912136,0.0866383540961166,0.9416918618217673
monthly_6,mensal,validacao_2023,LSTM,semente,42.0,GM Factory Zero,lead_exato,6,7,7,16.083627396224237,18.113331938644524,0.11249278397292835,0.9511045059778243
monthly_6,mensal,validacao_2023,LSTM,semente,42.0,Hyundai Metaplant Georgia,cumulativo,1,7,7,9.86990602162801,16.33015786346508,0.07783475335808572,0.8892233805824292
monthly_6,mensal,validacao_2023,LSTM,semente,42.0,Hyundai Metaplant Georgia,lead_exato,1,7,7,9.86990602162801,16.33015786346508,0.07783475335808572,0.8892233805824292
monthly_6,mensal,validacao_2023,LSTM,semente,42.0,Hyundai Metaplant Georgia,cumulativo,3,7,21,12.164535916095204,18.024372361441586,0.080281935294461,0.7796907187142113
monthly_6,mensal,validacao_2023,LSTM,semente,42.0,Hyundai Metaplant Georgia,lead_exato,3,7,7,13.586198786846321,18.60531540740475,0.07880531361250638,0.2469756556874163
monthly_6,mensal,validacao_2023,LSTM,semente,42.0,Hyundai Metaplant Georgia,cumulativo,6,7,42,14.020360186520938,18.738100611457497,0.08483362176745272,0.8135999106367758
monthly_6,mensal,validacao_2023,LSTM,semente,42.0,Hyundai Metaplant Georgia,lead_exato,6,7,7,14.159436445668982,15.22186861604707,0.07569510948399152,0.9340598520422644
monthly_6,mensal,validacao_2023,LSTM,semente,42.0,Lucid AMP 1 Casa Grande,cumulativo,1,7,7,19.29190486859102,21.150002207188333,0.07774354260324963,0.9317808468927282
monthly_6,mensal,validacao_2023,LSTM,semente,42.0,Lucid AMP 1 Casa Grande,lead_exato,1,7,7,19.29190486859102,21.150002207188333,0.07774354260324963,0.9317808468927282
monthly_6,mensal,validacao_2023,LSTM,semente,42.0,Lucid AMP 1 Casa Grande,cumulativo,3,7,21,17.90699792697867,20.56441881807736,0.07119523567208325,0.9014912158331458
monthly_6,mensal,validacao_2023,LSTM,semente,42.0,Lucid AMP 1 Casa Grande,lead_exato,3,7,7,15.305752151112431,19.157236436599185,0.06334150715189092,0.8277079282195421
monthly_6,mensal,validacao_2023,LSTM,semente,42.0,Lucid AMP 1 Casa Grande,cumulativo,6,7,42,14.450708329544947,17.258128712535296,0.060933626162538265,0.9334254638744501
monthly_6,mensal,validacao_2023,LSTM,semente,42.0,Lucid AMP 1 Casa Grande,lead_exato,6,7,7,11.140465476444636,12.921703575814346,0.05165289412223743,0.9716510123814752
monthly_6,mensal,validacao_2023,LSTM,semente,42.0,Rivian Normal,cumulativo,1,7,7,22.26110302027734,23.751358160334767,0.12196081744387258,0.9254573789535441
monthly_6,mensal,validacao_2023,LSTM,semente,42.0,Rivian Normal,lead_exato,1,7,7,22.26110302027734,23.751358160334767,0.12196081744387258,0.9254573789535441
monthly_6,mensal,validacao_2023,LSTM,semente,42.0,Rivian Normal,cumulativo,3,7,21,17.611659838646123,19.709718850917067,0.09134093436577412,0.9224552808529634
monthly_6,mensal,validacao_2023,LSTM,semente,42.0,Rivian Normal,lead_exato,3,7,7,15.547867291102307,18.253069186320587,0.0788521314083315,0.8732856124812443
monthly_6,mensal,validacao_2023,LSTM,semente,42.0,Rivian Normal,cumulativo,6,7,42,17.235450850899127,19.298672203452202,0.09075683380450257,0.9275565346535122
monthly_6,mensal,validacao_2023,LSTM,semente,42.0,Rivian Normal,lead_exato,6,7,7,16.850080382828104,17.929568956281404,0.09746209236310312,0.9540554307218521
monthly_6,mensal,validacao_2023,LSTM,semente,42.0,Tesla Fremont Factory,cumulativo,1,7,7,24.633151043041575,28.071164383015113,0.11833575928650757,0.9016731614947628
monthly_6,mensal,validacao_2023,LSTM,semente,42.0,Tesla Fremont Factory,lead_exato,1,7,7,24.633151043041575,28.071164383015113,0.11833575928650757,0.9016731614947628
monthly_6,mensal,validacao_2023,LSTM,semente,42.0,Tesla Fremont Factory,cumulativo,3,7,21,22.668707558488546,27.026692375141973,0.10370486923117785,0.8711480147729435
monthly_6,mensal,validacao_2023,LSTM,semente,42.0,Tesla Fremont Factory,lead_exato,3,7,7,21.94574925750359,27.909736999873367,0.09998299577106445,0.7294499360957207
monthly_6,mensal,validacao_2023,LSTM,semente,42.0,Tesla Fremont Factory,cumulativo,6,7,42,20.553582643369325,24.843995534705048,0.09603694632448022,0.8938063552888179
monthly_6,mensal,validacao_2023,LSTM,semente,42.0,Tesla Fremont Factory,lead_exato,6,7,7,14.923447284611289,17.051726937079156,0.07372989764813388,0.9663868045237616
monthly_6,mensal,validacao_2023,LSTM,semente,42.0,Tesla Gigafactory Nevada,cumulativo,1,7,7,19.586816831281972,21.613679952489697,0.09049592531872575,0.9412746514285011
monthly_6,mensal,validacao_2023,LSTM,semente,42.0,Tesla Gigafactory Nevada,lead_exato,1,7,7,19.586816831281972,21.613679952489697,0.09049592531872575,0.9412746514285011
monthly_6,mensal,validacao_2023,LSTM,semente,42.0,Tesla Gigafactory Nevada,cumulativo,3,7,21,21.347699629666256,23.753436487630957,0.09096909131791962,0.8920995981222598
monthly_6,mensal,validacao_2023,LSTM,semente,42.0,Tesla Gigafactory Nevada,lead_exato,3,7,7,21.850797537765953,25.17350712054388,0.09030053444275642,0.7332836648742724
monthly_6,mensal,validacao_2023,LSTM,semente,42.0,Tesla Gigafactory Nevada,cumulativo,6,7,42,20.368389706362244,22.96964686748126,0.08946990090316637,0.9069553679732776
monthly_6,mensal,validacao_2023,LSTM,semente,42.0,Tesla Gigafactory Nevada,lead_exato,6,7,7,16.78982358409125,17.908174958879375,0.07907206551609332,0.9626429795132844
monthly_6,mensal,validacao_2023,LSTM,semente,42.0,Tesla Gigafactory Texas,cumulativo,1,7,7,17.664959513985327,22.453425666419264,0.10188512892742262,0.8719650787428976
monthly_6,mensal,validacao_2023,LSTM,semente,42.0,Tesla Gigafactory Texas,lead_exato,1,7,7,17.664959513985327,22.453425666419264,0.10188512892742262,0.8719650787428976
monthly_6,mensal,validacao_2023,LSTM,semente,42.0,Tesla Gigafactory Texas,cumulativo,3,7,21,20.448197388042963,24.76837207912108,0.10290254450389973,0.81603635409335
monthly_6,mensal,validacao_2023,LSTM,semente,42.0,Tesla Gigafactory Texas,lead_exato,3,7,7,23.0171665989182,26.811746971191653,0.1044119372240593,0.6656937259838829
monthly_6,mensal,validacao_2023,LSTM,semente,42.0,Tesla Gigafactory Texas,cumulativo,6,7,42,21.8743574391762,26.31670257426415,0.109165175022366,0.822450580861423
monthly_6,mensal,validacao_2023,LSTM,semente,42.0,Tesla Gigafactory Texas,lead_exato,6,7,7,18.722533348556826,22.02173259680845,0.09708694840731273,0.9194402507943861
monthly_6,mensal,validacao_2023,LSTM,semente,67.0,BMW San Luis Potosi,cumulativo,1,7,7,10.03409367468274,13.036418838999067,0.04656863542503598,0.8549536456521878
monthly_6,mensal,validacao_2023,LSTM,semente,67.0,BMW San Luis Potosi,lead_exato,1,7,7,10.03409367468274,13.036418838999067,0.04656863542503598,0.8549536456521878
monthly_6,mensal,validacao_2023,LSTM,semente,67.0,BMW San Luis Potosi,cumulativo,3,7,21,12.426741587198215,16.878206118810628,0.05928848566838918,0.6417576651534795
monthly_6,mensal,validacao_2023,LSTM,semente,67.0,BMW San Luis Potosi,lead_exato,3,7,7,16.32087502294085,22.184870489333957,0.0767037732364274,-0.028165783845573777
monthly_6,mensal,validacao_2023,LSTM,semente,67.0,BMW San Luis Potosi,cumulativo,6,7,42,15.957660175808698,22.513601023172296,0.08303303293011122,0.747162010503555
monthly_6,mensal,validacao_2023,LSTM,semente,67.0,BMW San Luis Potosi,lead_exato,6,7,7,23.567287458548012,33.39563272703586,0.14073229936702125,0.7126640186088873
monthly_6,mensal,validacao_2023,LSTM,semente,67.0,BYD Camacari,cumulativo,1,7,7,14.271331475826448,17.725870210003393,0.08156599841121993,0.8338236419785083
monthly_6,mensal,validacao_2023,LSTM,semente,67.0,BYD Camacari,lead_exato,1,7,7,14.271331475826448,17.725870210003393,0.08156599841121993,0.8338236419785083
monthly_6,mensal,validacao_2023,LSTM,semente,67.0,BYD Camacari,cumulativo,3,7,21,15.42694086269501,19.084170970791117,0.09066310790923467,0.7416270832911115
monthly_6,mensal,validacao_2023,LSTM,semente,67.0,BYD Camacari,lead_exato,3,7,7,15.203103031474045,18.724949839720168,0.09140822448784751,0.5970760312644896
monthly_6,mensal,validacao_2023,LSTM,semente,67.0,BYD Camacari,cumulativo,6,7,42,17.07908809454437,20.68011645494633,0.09449349078371053,0.7714342607612508
monthly_6,mensal,validacao_2023,LSTM,semente,67.0,BYD Camacari,lead_exato,6,7,7,14.937544197545776,18.23275764829113,0.07514450162584939,0.8249507540973634
monthly_6,mensal,validacao_2023,LSTM,semente,67.0,Ford Rouge Electric Vehicle Center,cumulativo,1,7,7,14.24956235851414,16.658558316516775,0.09307589259938727,0.9562855677098652
monthly_6,mensal,validacao_2023,LSTM,semente,67.0,Ford Rouge Electric Vehicle Center,lead_exato,1,7,7,14.24956235851414,16.658558316516775,0.09307589259938727,0.9562855677098652
monthly_6,mensal,validacao_2023,LSTM,semente,67.0,Ford Rouge Electric Vehicle Center,cumulativo,3,7,21,12.931804018251981,14.999299274074817,0.07533667865191572,0.9464342592499222
monthly_6,mensal,validacao_2023,LSTM,semente,67.0,Ford Rouge Electric Vehicle Center,lead_exato,3,7,7,13.608519140422297,15.033014524607148,0.07054098332413775,0.898735860533552
monthly_6,mensal,validacao_2023,LSTM,semente,67.0,Ford Rouge Electric Vehicle Center,cumulativo,6,7,42,14.013243839066305,16.281122364700025,0.08419457287956403,0.9451292435883313
monthly_6,mensal,validacao_2023,LSTM,semente,67.0,Ford Rouge Electric Vehicle Center,lead_exato,6,7,7,14.357872248606977,16.495768510329682,0.10236241444569029,0.9598506264874727
monthly_6,mensal,validacao_2023,LSTM,semente,67.0,GM Factory Zero,cumulativo,1,7,7,15.419277581272159,17.502962357088755,0.0973516248382318,0.9519657972019981
monthly_6,mensal,validacao_2023,LSTM,semente,67.0,GM Factory Zero,lead_exato,1,7,7,15.419277581272159,17.502962357088755,0.0973516248382318,0.9519657972019981
monthly_6,mensal,validacao_2023,LSTM,semente,67.0,GM Factory Zero,cumulativo,3,7,21,14.516945260224734,16.391508934735892,0.0820700351429258,0.9359251460538613
monthly_6,mensal,validacao_2023,LSTM,semente,67.0,GM Factory Zero,lead_exato,3,7,7,16.67855009950173,17.704578302837916,0.08282143295924342,0.8571748141410844
monthly_6,mensal,validacao_2023,LSTM,semente,67.0,GM Factory Zero,cumulativo,6,7,42,15.228214423204323,17.204708705548093,0.0887998799966858,0.9387461281510013
monthly_6,mensal,validacao_2023,LSTM,semente,67.0,GM Factory Zero,lead_exato,6,7,7,15.314802021760963,17.287569753159644,0.10736439083910743,0.9554610435287516
monthly_6,mensal,validacao_2023,LSTM,semente,67.0,Hyundai Metaplant Georgia,cumulativo,1,7,7,9.039744877350001,15.051856100265205,0.07174195846364885,0.9058874682116812
monthly_6,mensal,validacao_2023,LSTM,semente,67.0,Hyundai Metaplant Georgia,lead_exato,1,7,7,9.039744877350001,15.051856100265205,0.07174195846364885,0.9058874682116812
monthly_6,mensal,validacao_2023,LSTM,semente,67.0,Hyundai Metaplant Georgia,cumulativo,3,7,21,11.888163891395466,17.644622710798647,0.07859050125894199,0.7888761753010747
monthly_6,mensal,validacao_2023,LSTM,semente,67.0,Hyundai Metaplant Georgia,lead_exato,3,7,7,14.65212415323809,19.746880492207843,0.0836405659340656,0.15173423713973122
monthly_6,mensal,validacao_2023,LSTM,semente,67.0,Hyundai Metaplant Georgia,cumulativo,6,7,42,13.931760125682278,18.68702585627304,0.08460238934144396,0.8146146734725572
monthly_6,mensal,validacao_2023,LSTM,semente,67.0,Hyundai Metaplant Georgia,lead_exato,6,7,7,14.719851431121242,15.64493883697375,0.07779894755408898,0.9303434888577324
monthly_6,mensal,validacao_2023,LSTM,semente,67.0,Lucid AMP 1 Casa Grande,cumulativo,1,7,7,20.472349413626716,22.193939685259085,0.08158086597591285,0.924880222573484
monthly_6,mensal,validacao_2023,LSTM,semente,67.0,Lucid AMP 1 Casa Grande,lead_exato,1,7,7,20.472349413626716,22.193939685259085,0.08158086597591285,0.924880222573484
monthly_6,mensal,validacao_2023,LSTM,semente,67.0,Lucid AMP 1 Casa Grande,cumulativo,3,7,21,18.595510115716014,20.751462685521957,0.07184279261699578,0.8996910911981459
monthly_6,mensal,validacao_2023,LSTM,semente,67.0,Lucid AMP 1 Casa Grande,lead_exato,3,7,7,17.22660566164021,19.76415599871639,0.06534822664463702,0.8166182465568699
monthly_6,mensal,validacao_2023,LSTM,semente,67.0,Lucid AMP 1 Casa Grande,cumulativo,6,7,42,15.220842617085193,17.668837416890174,0.06238372374088598,0.9302190800277969
monthly_6,mensal,validacao_2023,LSTM,semente,67.0,Lucid AMP 1 Casa Grande,lead_exato,6,7,7,11.224449392129843,13.904536068088344,0.055581644102104096,0.9671745255453269
monthly_6,mensal,validacao_2023,LSTM,semente,67.0,Rivian Normal,cumulativo,1,7,7,22.80639871786304,24.768109879041056,0.12718173449264877,0.9189387132795298
monthly_6,mensal,validacao_2023,LSTM,semente,67.0,Rivian Normal,lead_exato,1,7,7,22.80639871786304,24.768109879041056,0.12718173449264877,0.9189387132795298
monthly_6,mensal,validacao_2023,LSTM,semente,67.0,Rivian Normal,cumulativo,3,7,21,18.571391238732318,21.039182043180247,0.0975020780687739,0.9116413500622952
monthly_6,mensal,validacao_2023,LSTM,semente,67.0,Rivian Normal,lead_exato,3,7,7,15.339235165533394,17.428667408789117,0.07529076665199283,0.884473266603607
monthly_6,mensal,validacao_2023,LSTM,semente,67.0,Rivian Normal,cumulativo,6,7,42,17.751961508278757,19.77709805845106,0.09300675107094233,0.9239201773739775
monthly_6,mensal,validacao_2023,LSTM,semente,67.0,Rivian Normal,lead_exato,6,7,7,16.032849439985423,17.421562604425628,0.09470065609509595,0.956622082487179
monthly_6,mensal,validacao_2023,LSTM,semente,67.0,Tesla Fremont Factory,cumulativo,1,7,7,18.557833065380432,20.81547673277555,0.08774895157445028,0.9459340367918735
monthly_6,mensal,validacao_2023,LSTM,semente,67.0,Tesla Fremont Factory,lead_exato,1,7,7,18.557833065380432,20.81547673277555,0.08774895157445028,0.9459340367918735
monthly_6,mensal,validacao_2023,LSTM,semente,67.0,Tesla Fremont Factory,cumulativo,3,7,21,19.680364287990283,23.59412522188454,0.09053367081685731,0.9017996405733373
monthly_6,mensal,validacao_2023,LSTM,semente,67.0,Tesla Fremont Factory,lead_exato,3,7,7,19.471224427327407,24.678856191024607,0.08840878630254081,0.7884630650983248
monthly_6,mensal,validacao_2023,LSTM,semente,67.0,Tesla Fremont Factory,cumulativo,6,7,42,17.869124080704164,21.695885970382545,0.08386761434927173,0.9190139120389264
monthly_6,mensal,validacao_2023,LSTM,semente,67.0,Tesla Fremont Factory,lead_exato,6,7,7,13.45363044377083,14.885789671573379,0.06436460969300231,0.9743836753207271
monthly_6,mensal,validacao_2023,LSTM,semente,67.0,Tesla Gigafactory Nevada,cumulativo,1,7,7,20.07058334575408,21.68444418113107,0.09079221333466952,0.940889482692023
monthly_6,mensal,validacao_2023,LSTM,semente,67.0,Tesla Gigafactory Nevada,lead_exato,1,7,7,20.07058334575408,21.68444418113107,0.09079221333466952,0.940889482692023
monthly_6,mensal,validacao_2023,LSTM,semente,67.0,Tesla Gigafactory Nevada,cumulativo,3,7,21,20.636784434186108,22.907924567421162,0.08773101454027078,0.899644390634516
monthly_6,mensal,validacao_2023,LSTM,semente,67.0,Tesla Gigafactory Nevada,lead_exato,3,7,7,20.802856106675595,23.91167197334382,0.08577417315248428,0.7593521122449647
monthly_6,mensal,validacao_2023,LSTM,semente,67.0,Tesla Gigafactory Nevada,cumulativo,6,7,42,19.159972120496242,21.646569656100414,0.08431633508335094,0.9173656049093487
monthly_6,mensal,validacao_2023,LSTM,semente,67.0,Tesla Gigafactory Nevada,lead_exato,6,7,7,14.637195918521018,16.141320684509953,0.07127066658732883,0.9696507680448502
monthly_6,mensal,validacao_2023,LSTM,semente,67.0,Tesla Gigafactory Texas,cumulativo,1,7,7,18.080754162940707,19.302785586098985,0.08758871930350404,0.9053755882742703
monthly_6,mensal,validacao_2023,LSTM,semente,67.0,Tesla Gigafactory Texas,lead_exato,1,7,7,18.080754162940707,19.302785586098985,0.08758871930350404,0.9053755882742703
monthly_6,mensal,validacao_2023,LSTM,semente,67.0,Tesla Gigafactory Texas,cumulativo,3,7,21,21.10096045295984,23.714370969213512,0.09852359720074406,0.831360113803729
monthly_6,mensal,validacao_2023,LSTM,semente,67.0,Tesla Gigafactory Texas,lead_exato,3,7,7,23.380018251561783,25.897582333847875,0.10085194164341507,0.6881018866830836
monthly_6,mensal,validacao_2023,LSTM,semente,67.0,Tesla Gigafactory Texas,cumulativo,6,7,42,21.920672247653314,25.09431683419227,0.1040945567379048,0.8385615179495959
monthly_6,mensal,validacao_2023,LSTM,semente,67.0,Tesla Gigafactory Texas,lead_exato,6,7,7,20.42428703563217,23.119601416776714,0.10192710950788407,0.9112075946571951
monthly_6,mensal,validacao_2023,LSTM,semente,89.0,BMW San Luis Potosi,cumulativo,1,7,7,9.214213872241414,13.86419155728356,0.04952560132254632,0.8359488392196481
monthly_6,mensal,validacao_2023,LSTM,semente,89.0,BMW San Luis Potosi,lead_exato,1,7,7,9.214213872241414,13.86419155728356,0.04952560132254632,0.8359488392196481
monthly_6,mensal,validacao_2023,LSTM,semente,89.0,BMW San Luis Potosi,cumulativo,3,7,21,12.07079915582294,17.322469972302574,0.06084906212570506,0.6226503351225008
monthly_6,mensal,validacao_2023,LSTM,semente,89.0,BMW San Luis Potosi,lead_exato,3,7,7,16.200725611228012,22.7263901320939,0.07857606723522716,-0.07897222929228076
monthly_6,mensal,validacao_2023,LSTM,semente,89.0,BMW San Luis Potosi,cumulativo,6,7,42,15.692241294114561,22.38086922363456,0.08254350111907192,0.7501344993324237
monthly_6,mensal,validacao_2023,LSTM,semente,89.0,BMW San Luis Potosi,lead_exato,6,7,7,23.50876888601681,32.60811092377094,0.13741360931311453,0.7260559068543014
monthly_6,mensal,validacao_2023,LSTM,semente,89.0,BYD Camacari,cumulativo,1,7,7,13.860727204406933,18.048190167196587,0.08304916108841746,0.8277253313969369
monthly_6,mensal,validacao_2023,LSTM,semente,89.0,BYD Camacari,lead_exato,1,7,7,13.860727204406933,18.048190167196587,0.08304916108841746,0.8277253313969369
monthly_6,mensal,validacao_2023,LSTM,semente,89.0,BYD Camacari,cumulativo,3,7,21,14.437498426279463,18.07575540562338,0.08587243141916942,0.7682107434257188
monthly_6,mensal,validacao_2023,LSTM,semente,89.0,BYD Camacari,lead_exato,3,7,7,14.232287304585757,17.411848202024284,0.0849981518146884,0.6516053144386011
monthly_6,mensal,validacao_2023,LSTM,semente,89.0,BYD Camacari,cumulativo,6,7,42,15.866059710724244,19.601113754285038,0.08956321237001476,0.7946632562587951
monthly_6,mensal,validacao_2023,LSTM,semente,89.0,BYD Camacari,lead_exato,6,7,7,15.167097376811123,19.592979848700395,0.08075052246602385,0.7978580228688181
monthly_6,mensal,validacao_2023,LSTM,semente,89.0,Ford Rouge Electric Vehicle Center,cumulativo,1,7,7,14.033210701547691,15.784567158224354,0.08819266647402778,0.9607521952669487
monthly_6,mensal,validacao_2023,LSTM,semente,89.0,Ford Rouge Electric Vehicle Center,lead_exato,1,7,7,14.033210701547691,15.784567158224354,0.08819266647402778,0.9607521952669487
monthly_6,mensal,validacao_2023,LSTM,semente,89.0,Ford Rouge Electric Vehicle Center,cumulativo,3,7,21,13.188090375806539,15.87780415014654,0.07974912741591564,0.939975844922431
monthly_6,mensal,validacao_2023,LSTM,semente,89.0,Ford Rouge Electric Vehicle Center,lead_exato,3,7,7,14.491723478697688,16.313388638147345,0.07654901643313634,0.8807517848171604
monthly_6,mensal,validacao_2023,LSTM,semente,89.0,Ford Rouge Electric Vehicle Center,cumulativo,6,7,42,13.260365100675429,15.936186318377105,0.08241080500162641,0.947429626356936
monthly_6,mensal,validacao_2023,LSTM,semente,89.0,Ford Rouge Electric Vehicle Center,lead_exato,6,7,7,17.570625816769475,19.318363194192926,0.11987767035273605,0.9449351678608544
monthly_6,mensal,validacao_2023,LSTM,semente,89.0,GM Factory Zero,cumulativo,1,7,7,13.530632110671458,16.381891708823005,0.0911162203997986,0.9579219533036634
monthly_6,mensal,validacao_2023,LSTM,semente,89.0,GM Factory Zero,lead_exato,1,7,7,13.530632110671458,16.381891708823005,0.0911162203997986,0.9579219533036634
monthly_6,mensal,validacao_2023,LSTM,semente,89.0,GM Factory Zero,cumulativo,3,7,21,12.093513870806792,14.695566608719687,0.07357868472175923,0.9484981978020232
monthly_6,mensal,validacao_2023,LSTM,semente,89.0,GM Factory Zero,lead_exato,3,7,7,9.77505071961007,12.409008999412517,0.058048934538630276,0.9298370528476071
monthly_6,mensal,validacao_2023,LSTM,semente,89.0,GM Factory Zero,cumulativo,6,7,42,13.281047093286853,15.59965879825771,0.08051562237887937,0.9496419277578199
monthly_6,mensal,validacao_2023,LSTM,semente,89.0,GM Factory Zero,lead_exato,6,7,7,11.711481476069707,14.021579693999508,0.0870809711222198,0.9707001068884037
monthly_6,mensal,validacao_2023,LSTM,semente,89.0,Hyundai Metaplant Georgia,cumulativo,1,7,7,9.723064344074762,16.184733902561902,0.07714161626633853,0.8911875802058987
monthly_6,mensal,validacao_2023,LSTM,semente,89.0,Hyundai Metaplant Georgia,lead_exato,1,7,7,9.723064344074762,16.184733902561902,0.07714161626633853,0.8911875802058987
monthly_6,mensal,validacao_2023,LSTM,semente,89.0,Hyundai Metaplant Georgia,cumulativo,3,7,21,11.46256898976749,17.38074214325077,0.07741515699593376,0.7951437940282506
monthly_6,mensal,validacao_2023,LSTM,semente,89.0,Hyundai Metaplant Georgia,lead_exato,3,7,7,13.197082118504113,18.8834729092048,0.07998348709051689,0.22429126471430572
monthly_6,mensal,validacao_2023,LSTM,semente,89.0,Hyundai Metaplant Georgia,cumulativo,6,7,42,13.472261980843406,18.01055944863089,0.08153980063225473,0.827793559644591
monthly_6,mensal,validacao_2023,LSTM,semente,89.0,Hyundai Metaplant Georgia,lead_exato,6,7,7,14.417438357646168,15.014135916062807,0.07466209902612059,0.9358473405022134
monthly_6,mensal,validacao_2023,LSTM,semente,89.0,Lucid AMP 1 Casa Grande,cumulativo,1,7,7,20.02938292141198,21.426719065966537,0.07876070320156621,0.9299840734367386
monthly_6,mensal,validacao_2023,LSTM,semente,89.0,Lucid AMP 1 Casa Grande,lead_exato,1,7,7,20.02938292141198,21.426719065966537,0.07876070320156621,0.9299840734367386
monthly_6,mensal,validacao_2023,LSTM,semente,89.0,Lucid AMP 1 Casa Grande,cumulativo,3,7,21,18.46217175813921,20.504906098452942,0.0709891991126925,0.9020605528740623
monthly_6,mensal,validacao_2023,LSTM,semente,89.0,Lucid AMP 1 Casa Grande,lead_exato,3,7,7,15.916534417830137,18.59545422785675,0.061484029852874975,0.8376646292235653
monthly_6,mensal,validacao_2023,LSTM,semente,89.0,Lucid AMP 1 Casa Grande,cumulativo,6,7,42,14.861163026659446,17.33677848348755,0.06121131650897153,0.9328172863397471
monthly_6,mensal,validacao_2023,LSTM,semente,89.0,Lucid AMP 1 Casa Grande,lead_exato,6,7,7,10.212642139746524,12.944320130446863,0.05174330097107041,0.9715516883993064
monthly_6,mensal,validacao_2023,LSTM,semente,89.0,Rivian Normal,cumulativo,1,7,7,22.928177442930153,24.860484206647318,0.12765606730467727,0.9183329387284876
monthly_6,mensal,validacao_2023,LSTM,semente,89.0,Rivian Normal,lead_exato,1,7,7,22.928177442930153,24.860484206647318,0.12765606730467727,0.9183329387284876
monthly_6,mensal,validacao_2023,LSTM,semente,89.0,Rivian Normal,cumulativo,3,7,21,19.151549044664414,22.114513532718508,0.10248549684558685,0.902378348742253
monthly_6,mensal,validacao_2023,LSTM,semente,89.0,Rivian Normal,lead_exato,3,7,7,17.134075189386344,21.784455955521967,0.09410750412052146,0.8195123187504858
monthly_6,mensal,validacao_2023,LSTM,semente,89.0,Rivian Normal,cumulativo,6,7,42,17.284296576346687,19.811328730451965,0.09316772936919267,0.9236565879224737
monthly_6,mensal,validacao_2023,LSTM,semente,89.0,Rivian Normal,lead_exato,6,7,7,12.926761260854022,15.08473660536481,0.08199806676278655,0.967478546353
monthly_6,mensal,validacao_2023,LSTM,semente,89.0,Tesla Fremont Factory,cumulativo,1,7,7,18.307768294308126,20.649104634720533,0.08704759952938364,0.9467948501527337
monthly_6,mensal,validacao_2023,LSTM,semente,89.0,Tesla Fremont Factory,lead_exato,1,7,7,18.307768294308126,20.649104634720533,0.08704759952938364,0.9467948501527337
monthly_6,mensal,validacao_2023,LSTM,semente,89.0,Tesla Fremont Factory,cumulativo,3,7,21,19.294682799796256,22.63683087582439,0.08686041019006957,0.9096066317105587
monthly_6,mensal,validacao_2023,LSTM,semente,89.0,Tesla Fremont Factory,lead_exato,3,7,7,20.245589378011573,24.865079196410342,0.08907590595186038,0.7852585672473975
monthly_6,mensal,validacao_2023,LSTM,semente,89.0,Tesla Fremont Factory,cumulativo,6,7,42,18.328567448368062,21.730240707602633,0.0840004160175778,0.9187572312488057
monthly_6,mensal,validacao_2023,LSTM,semente,89.0,Tesla Fremont Factory,lead_exato,6,7,7,15.404832090505774,16.633270347166413,0.07192053478076564,0.96801632563272
monthly_6,mensal,validacao_2023,LSTM,semente,89.0,Tesla Gigafactory Nevada,cumulativo,1,7,7,20.908404812189165,22.422267454669072,0.09388146051549591,0.936798522992753
monthly_6,mensal,validacao_2023,LSTM,semente,89.0,Tesla Gigafactory Nevada,lead_exato,1,7,7,20.908404812189165,22.422267454669072,0.09388146051549591,0.936798522992753
monthly_6,mensal,validacao_2023,LSTM,semente,89.0,Tesla Gigafactory Nevada,cumulativo,3,7,21,21.315141312925306,23.23196396899034,0.08897199581585591,0.8967851906943154
monthly_6,mensal,validacao_2023,LSTM,semente,89.0,Tesla Gigafactory Nevada,lead_exato,3,7,7,21.408799455843823,24.064959940418404,0.08632403635923556,0.756256831927128
monthly_6,mensal,validacao_2023,LSTM,semente,89.0,Tesla Gigafactory Nevada,cumulativo,6,7,42,20.003433951667688,22.1547494549957,0.08629576456742023,0.9134401745895508
monthly_6,mensal,validacao_2023,LSTM,semente,89.0,Tesla Gigafactory Nevada,lead_exato,6,7,7,16.315095348445954,18.184418877829724,0.08029179769471122,0.961481583331308
monthly_6,mensal,validacao_2023,LSTM,semente,89.0,Tesla Gigafactory Texas,cumulativo,1,7,7,17.390631671140813,18.917795512204957,0.08584178037769306,0.9091124758938439
monthly_6,mensal,validacao_2023,LSTM,semente,89.0,Tesla Gigafactory Texas,lead_exato,1,7,7,17.390631671140813,18.917795512204957,0.08584178037769306,0.9091124758938439
monthly_6,mensal,validacao_2023,LSTM,semente,89.0,Tesla Gigafactory Texas,cumulativo,3,7,21,20.660853272833915,23.631502892791104,0.09817931393922129,0.8325366532062912
monthly_6,mensal,validacao_2023,LSTM,semente,89.0,Tesla Gigafactory Texas,lead_exato,3,7,7,22.004433705443457,26.788940072837537,0.10432312121211557,0.6662622265300097
monthly_6,mensal,validacao_2023,LSTM,semente,89.0,Tesla Gigafactory Texas,cumulativo,6,7,42,21.513658665743055,25.099209308129044,0.1041148513691221,0.838498562614699
monthly_6,mensal,validacao_2023,LSTM,semente,89.0,Tesla Gigafactory Texas,lead_exato,6,7,7,19.56022146257005,24.854346544738554,0.10957505954986566,0.8973828769500138
monthly_6,mensal,validacao_2023,LSTM,ensemble,,BMW San Luis Potosi,cumulativo,1,7,7,9.827163151615268,13.185035589796042,0.04709952349877703,0.851627703078403
monthly_6,mensal,validacao_2023,LSTM,ensemble,,BMW San Luis Potosi,lead_exato,1,7,7,9.827163151615268,13.185035589796042,0.04709952349877703,0.851627703078403
monthly_6,mensal,validacao_2023,LSTM,ensemble,,BMW San Luis Potosi,cumulativo,3,7,21,12.21966359719676,16.85545045713501,0.059208551301452764,0.6427229983066735
monthly_6,mensal,validacao_2023,LSTM,ensemble,,BMW San Luis Potosi,lead_exato,3,7,7,16.242051279587827,22.381050429638428,0.07738206169710986,-0.0464302437729287
monthly_6,mensal,validacao_2023,LSTM,ensemble,,BMW San Luis Potosi,cumulativo,6,7,42,15.758723216628535,22.238045979574366,0.08201675077313529,0.7533133512548236
monthly_6,mensal,validacao_2023,LSTM,ensemble,,BMW San Luis Potosi,lead_exato,6,7,7,23.504054310492723,32.983871456339386,0.1389970991122739,0.7197059235914669
monthly_6,mensal,validacao_2023,LSTM,ensemble,,BYD Camacari,cumulativo,1,7,7,13.67511827270502,17.595914252486935,0.0809680030914565,0.8362513303387241
monthly_6,mensal,validacao_2023,LSTM,ensemble,,BYD Camacari,lead_exato,1,7,7,13.67511827270502,17.595914252486935,0.0809680030914565,0.8362513303387241
monthly_6,mensal,validacao_2023,LSTM,ensemble,,BYD Camacari,cumulativo,3,7,21,14.665967895996936,18.383057232642088,0.08733232919237341,0.7602625568411243
monthly_6,mensal,validacao_2023,LSTM,ensemble,,BYD Camacari,lead_exato,3,7,7,14.781329001055513,18.158992496001908,0.08864543172375658,0.6210645157222429
monthly_6,mensal,validacao_2023,LSTM,ensemble,,BYD Camacari,cumulativo,6,7,42,16.771648172289794,20.45871376268539,0.09348183723203801,0.7763021423832106
monthly_6,mensal,validacao_2023,LSTM,ensemble,,BYD Camacari,lead_exato,6,7,7,16.084282921931027,19.807856144511803,0.08163611379956906,0.7933999263080854
monthly_6,mensal,validacao_2023,LSTM,ensemble,,Ford Rouge Electric Vehicle Center,cumulativo,1,7,7,13.204391909650424,15.61346748354542,0.08723668609195492,0.9615984510776934
monthly_6,mensal,validacao_2023,LSTM,ensemble,,Ford Rouge Electric Vehicle Center,lead_exato,1,7,7,13.204391909650424,15.61346748354542,0.08723668609195492,0.9615984510776934
monthly_6,mensal,validacao_2023,LSTM,ensemble,,Ford Rouge Electric Vehicle Center,cumulativo,3,7,21,12.1075818186928,14.472715006685297,0.07269181444788937,0.9501293309733299
monthly_6,mensal,validacao_2023,LSTM,ensemble,,Ford Rouge Electric Vehicle Center,lead_exato,3,7,7,11.949642970147194,14.210231515216327,0.0666801527202813,0.909517242072465
monthly_6,mensal,validacao_2023,LSTM,ensemble,,Ford Rouge Electric Vehicle Center,cumulativo,6,7,42,12.764777924312929,15.257483286819882,0.07890102781464814,0.9518120920334951
monthly_6,mensal,validacao_2023,LSTM,ensemble,,Ford Rouge Electric Vehicle Center,lead_exato,6,7,7,14.207073913053602,16.255627321310932,0.10087224853432791,0.9610110863843289
monthly_6,mensal,validacao_2023,LSTM,ensemble,,GM Factory Zero,cumulativo,1,7,7,14.582086682362208,16.39627647631128,0.09119622859837284,0.9578480242757897
monthly_6,mensal,validacao_2023,LSTM,ensemble,,GM Factory Zero,lead_exato,1,7,7,14.582086682362208,16.39627647631128,0.09119622859837284,0.9578480242757897
monthly_6,mensal,validacao_2023,LSTM,ensemble,,GM Factory Zero,cumulativo,3,7,21,12.985127441209231,15.244845949139899,0.07632885097863387,0.9445762591117587
monthly_6,mensal,validacao_2023,LSTM,ensemble,,GM Factory Zero,lead_exato,3,7,7,13.056621872718877,15.068082294169532,0.07048799164851532,0.8965454512271667
monthly_6,mensal,validacao_2023,LSTM,ensemble,,GM Factory Zero,cumulativo,6,7,42,13.538711269555685,15.78751995801038,0.08148524347084797,0.9484217357456266
monthly_6,mensal,validacao_2023,LSTM,ensemble,,GM Factory Zero,lead_exato,6,7,7,12.458369136998101,14.628649255355771,0.09085117448698522,0.9681080847816685
monthly_6,mensal,validacao_2023,LSTM,ensemble,,Hyundai Metaplant Georgia,cumulativo,1,7,7,8.50629650299945,14.618284747551058,0.06967541877776265,0.9112312353980283
monthly_6,mensal,validacao_2023,LSTM,ensemble,,Hyundai Metaplant Georgia,lead_exato,1,7,7,8.50629650299945,14.618284747551058,0.06967541877776265,0.9112312353980283
monthly_6,mensal,validacao_2023,LSTM,ensemble,,Hyundai Metaplant Georgia,cumulativo,3,7,21,10.976138182262863,16.797148401356548,0.07481578576205758,0.8086697625638929
monthly_6,mensal,validacao_2023,LSTM,ensemble,,Hyundai Metaplant Georgia,lead_exato,3,7,7,13.2882747724436,18.394910206243388,0.07791411410848592,0.2639110684664455
monthly_6,mensal,validacao_2023,LSTM,ensemble,,Hyundai Metaplant Georgia,cumulativo,6,7,42,13.423568069470305,18.0191865710701,0.08157885848860448,0.827628545130201
monthly_6,mensal,validacao_2023,LSTM,ensemble,,Hyundai Metaplant Georgia,lead_exato,6,7,7,14.129707604019343,15.05927559217655,0.07488656901805704,0.9354610134550312
monthly_6,mensal,validacao_2023,LSTM,ensemble,,Lucid AMP 1 Casa Grande,cumulativo,1,7,7,19.493834161723576,21.253917330914117,0.07812551560586953,0.9311088453804827
monthly_6,mensal,validacao_2023,LSTM,ensemble,,Lucid AMP 1 Casa Grande,lead_exato,1,7,7,19.493834161723576,21.253917330914117,0.07812551560586953,0.9311088453804827
monthly_6,mensal,validacao_2023,LSTM,ensemble,,Lucid AMP 1 Casa Grande,cumulativo,3,7,21,18.155388882507726,20.15588603298303,0.06978087097878127,0.9053662899538861
monthly_6,mensal,validacao_2023,LSTM,ensemble,,Lucid AMP 1 Casa Grande,lead_exato,3,7,7,16.53661337757734,18.89965609042578,0.06248984321835199,0.8323099176947062
monthly_6,mensal,validacao_2023,LSTM,ensemble,,Lucid AMP 1 Casa Grande,cumulativo,6,7,42,15.261503432627185,17.507395248661535,0.06181371659297496,0.9314884465744281
monthly_6,mensal,validacao_2023,LSTM,ensemble,,Lucid AMP 1 Casa Grande,lead_exato,6,7,7,10.714732635657473,13.191452911269636,0.05273118335724938,0.9704550493348704
monthly_6,mensal,validacao_2023,LSTM,ensemble,,Rivian Normal,cumulativo,1,7,7,22.29140753206688,23.60660466867744,0.12121752293198798,0.9263632154665189
monthly_6,mensal,validacao_2023,LSTM,ensemble,,Rivian Normal,lead_exato,1,7,7,22.29140753206688,23.60660466867744,0.12121752293198798,0.9263632154665189
monthly_6,mensal,validacao_2023,LSTM,ensemble,,Rivian Normal,cumulativo,3,7,21,18.634883610899198,20.99174105389066,0.09728222184851401,0.9120393784374882
monthly_6,mensal,validacao_2023,LSTM,ensemble,,Rivian Normal,lead_exato,3,7,7,15.834839917876954,18.85691884930112,0.08146072465312684,0.8647629797936748
monthly_6,mensal,validacao_2023,LSTM,ensemble,,Rivian Normal,cumulativo,6,7,42,17.3018496102622,19.435107029905943,0.0913984527065218,0.926528614281163
monthly_6,mensal,validacao_2023,LSTM,ensemble,,Rivian Normal,lead_exato,6,7,7,14.850346141039797,16.264607597116875,0.08841164512906398,0.962192177399386
monthly_6,mensal,validacao_2023,LSTM,ensemble,,Tesla Fremont Factory,cumulativo,1,7,7,18.10908950690511,20.72714961975832,0.08737660307326721,0.9463919036466866
monthly_6,mensal,validacao_2023,LSTM,ensemble,,Tesla Fremont Factory,lead_exato,1,7,7,18.10908950690511,20.72714961975832,0.08737660307326721,0.9463919036466866
monthly_6,mensal,validacao_2023,LSTM,ensemble,,Tesla Fremont Factory,cumulativo,3,7,21,18.84356589577021,22.464260881732624,0.08619823709015402,0.9109795909892514
monthly_6,mensal,validacao_2023,LSTM,ensemble,,Tesla Fremont Factory,lead_exato,3,7,7,19.03878628049767,24.228441643497536,0.08679523488137088,0.7961141360624302
monthly_6,mensal,validacao_2023,LSTM,ensemble,,Tesla Fremont Factory,cumulativo,6,7,42,17.12731928471187,20.99438212961392,0.08115588118186708,0.9241663714229482
monthly_6,mensal,validacao_2023,LSTM,ensemble,,Tesla Fremont Factory,lead_exato,6,7,7,13.147786410483414,14.604942714954952,0.06315025659887438,0.9753411523037152
monthly_6,mensal,validacao_2023,LSTM,ensemble,,Tesla Gigafactory Nevada,cumulativo,1,7,7,20.673573203355147,22.315539795032148,0.09343459453352633,0.9373987559681507
monthly_6,mensal,validacao_2023,LSTM,ensemble,,Tesla Gigafactory Nevada,lead_exato,1,7,7,20.673573203355147,22.315539795032148,0.09343459453352633,0.9373987559681507
monthly_6,mensal,validacao_2023,LSTM,ensemble,,Tesla Gigafactory Nevada,cumulativo,3,7,21,20.95651612773674,23.093379381603228,0.08844125517999722,0.8980129231692894
monthly_6,mensal,validacao_2023,LSTM,ensemble,,Tesla Gigafactory Nevada,lead_exato,3,7,7,20.75926026753329,23.892415836742263,0.08570509896992812,0.7597395450216221
monthly_6,mensal,validacao_2023,LSTM,ensemble,,Tesla Gigafactory Nevada,cumulativo,6,7,42,19.432411286547225,21.966365006520466,0.0855619814999653,0.9149059728690752
monthly_6,mensal,validacao_2023,LSTM,ensemble,,Tesla Gigafactory Nevada,lead_exato,6,7,7,14.793980997657892,16.089904479807615,0.07104364258761096,0.9698438076422962
monthly_6,mensal,validacao_2023,LSTM,ensemble,,Tesla Gigafactory Texas,cumulativo,1,7,7,18.010933880748645,19.788311982750983,0.08979185392783616,0.9005555117864184
monthly_6,mensal,validacao_2023,LSTM,ensemble,,Tesla Gigafactory Texas,lead_exato,1,7,7,18.010933880748645,19.788311982750983,0.08979185392783616,0.9005555117864184
monthly_6,mensal,validacao_2023,LSTM,ensemble,,Tesla Gigafactory Texas,cumulativo,3,7,21,20.9437554328123,23.516803773004078,0.09770278559732061,0.8341583261334637
monthly_6,mensal,validacao_2023,LSTM,ensemble,,Tesla Gigafactory Texas,lead_exato,3,7,7,23.090726461338612,26.251252694392285,0.10222922629117974,0.67952484384929
monthly_6,mensal,validacao_2023,LSTM,ensemble,,Tesla Gigafactory Texas,cumulativo,6,7,42,21.67834430211955,25.201938106755758,0.1045409840599589,0.8371738355399846
monthly_6,mensal,validacao_2023,LSTM,ensemble,,Tesla Gigafactory Texas,lead_exato,6,7,7,18.449142720551947,22.359053582485366,0.09857409139159658,0.9169533784782206
monthly_6,mensal,validacao_2023,TimesNet,semente,11.0,BMW San Luis Potosi,cumulativo,1,7,7,12.914018011526812,18.087941268100174,0.06461366061542512,0.7207658791771324
monthly_6,mensal,validacao_2023,TimesNet,semente,11.0,BMW San Luis Potosi,lead_exato,1,7,7,12.914018011526812,18.087941268100174,0.06461366061542512,0.7207658791771324
monthly_6,mensal,validacao_2023,TimesNet,semente,11.0,BMW San Luis Potosi,cumulativo,3,7,21,14.14640323326449,18.822899104886467,0.06611965607967334,0.554449061363055
monthly_6,mensal,validacao_2023,TimesNet,semente,11.0,BMW San Luis Potosi,lead_exato,3,7,7,15.887691553699629,21.136699991655327,0.07307974341819118,0.06669473054127917
monthly_6,mensal,validacao_2023,TimesNet,semente,11.0,BMW San Luis Potosi,cumulativo,6,7,42,18.768469017646545,24.989702562384952,0.09216521131561828,0.6884881504125904
monthly_6,mensal,validacao_2023,TimesNet,semente,11.0,BMW San Luis Potosi,lead_exato,6,7,7,30.010543148358984,38.8139026721643,0.16356539237058149,0.6118627842670881
monthly_6,mensal,validacao_2023,TimesNet,semente,11.0,BYD Camacari,cumulativo,1,7,7,19.5224711314276,22.536404544952358,0.10370178250943213,0.7313892642671562
monthly_6,mensal,validacao_2023,TimesNet,semente,11.0,BYD Camacari,lead_exato,1,7,7,19.5224711314276,22.536404544952358,0.10370178250943213,0.7313892642671562
monthly_6,mensal,validacao_2023,TimesNet,semente,11.0,BYD Camacari,cumulativo,3,7,21,18.20177050259416,22.598552782458356,0.10735886995795572,0.6377055793098869
monthly_6,mensal,validacao_2023,TimesNet,semente,11.0,BYD Camacari,lead_exato,3,7,7,16.007471718296852,20.555091280038855,0.10034229272584623,0.5144649387283903
monthly_6,mensal,validacao_2023,TimesNet,semente,11.0,BYD Camacari,cumulativo,6,7,42,21.633557938624406,26.316273618895934,0.12024673865286516,0.6298702797644478
monthly_6,mensal,validacao_2023,TimesNet,semente,11.0,BYD Camacari,lead_exato,6,7,7,24.572686034338794,28.238339806827597,0.11638151575630275,0.5801116301892657
monthly_6,mensal,validacao_2023,TimesNet,semente,11.0,Ford Rouge Electric Vehicle Center,cumulativo,1,7,7,14.609223612707215,16.527457373561898,0.09234339600188471,0.9569709153871693
monthly_6,mensal,validacao_2023,TimesNet,semente,11.0,Ford Rouge Electric Vehicle Center,lead_exato,1,7,7,14.609223612707215,16.527457373561898,0.09234339600188471,0.9569709153871693
monthly_6,mensal,validacao_2023,TimesNet,semente,11.0,Ford Rouge Electric Vehicle Center,cumulativo,3,7,21,14.177870246121355,15.862689010242965,0.07967320890686486,0.940090072512841
monthly_6,mensal,validacao_2023,TimesNet,semente,11.0,Ford Rouge Electric Vehicle Center,lead_exato,3,7,7,15.9106478286272,17.054683550607294,0.0800274719333629,0.8696680619514018
monthly_6,mensal,validacao_2023,TimesNet,semente,11.0,Ford Rouge Electric Vehicle Center,cumulativo,6,7,42,15.628658315095544,17.159085294256357,0.08873478283574956,0.9390518493319757
monthly_6,mensal,validacao_2023,TimesNet,semente,11.0,Ford Rouge Electric Vehicle Center,lead_exato,6,7,7,14.74665023046977,16.157914256468086,0.1002659024138705,0.9614784046833612
monthly_6,mensal,validacao_2023,TimesNet,semente,11.0,GM Factory Zero,cumulativo,1,7,7,18.262177467154515,20.82312839669119,0.11581841646434231,0.9320140103520193
monthly_6,mensal,validacao_2023,TimesNet,semente,11.0,GM Factory Zero,lead_exato,1,7,7,18.262177467154515,20.82312839669119,0.11581841646434231,0.9320140103520193
monthly_6,mensal,validacao_2023,TimesNet,semente,11.0,GM Factory Zero,cumulativo,3,7,21,18.044115630373035,20.512340501128723,0.10270247312154603,0.8996585922782128
monthly_6,mensal,validacao_2023,TimesNet,semente,11.0,GM Factory Zero,lead_exato,3,7,7,20.2661904587687,21.888845317745574,0.1023952959528172,0.7816871353288255
monthly_6,mensal,validacao_2023,TimesNet,semente,11.0,GM Factory Zero,cumulativo,6,7,42,18.428066855321866,20.33758738599275,0.10496982833053634,0.914407095929861
monthly_6,mensal,validacao_2023,TimesNet,semente,11.0,GM Factory Zero,lead_exato,6,7,7,14.927887205085101,16.86077246426233,0.10471376778517194,0.9576330615470202
monthly_6,mensal,validacao_2023,TimesNet,semente,11.0,Hyundai Metaplant Georgia,cumulativo,1,7,7,16.681962552516,20.82605687782432,0.09926364546257757,0.8198304301200192
monthly_6,mensal,validacao_2023,TimesNet,semente,11.0,Hyundai Metaplant Georgia,lead_exato,1,7,7,16.681962552516,20.82605687782432,0.09926364546257757,0.8198304301200192
monthly_6,mensal,validacao_2023,TimesNet,semente,11.0,Hyundai Metaplant Georgia,cumulativo,3,7,21,18.886641506057543,23.129354679917782,0.10301991761932763,0.6372231847320706
monthly_6,mensal,validacao_2023,TimesNet,semente,11.0,Hyundai Metaplant Georgia,lead_exato,3,7,7,20.164745527507876,23.85797300645903,0.10105365073168493,-0.23823201513286474
monthly_6,mensal,validacao_2023,TimesNet,semente,11.0,Hyundai Metaplant Georgia,cumulativo,6,7,42,18.09857904622372,21.963467527841214,0.09943593193321443,0.7439075376761115
monthly_6,mensal,validacao_2023,TimesNet,semente,11.0,Hyundai Metaplant Georgia,lead_exato,6,7,7,13.777596219438497,14.226297982434271,0.07074434883750148,0.9424032761164794
monthly_6,mensal,validacao_2023,TimesNet,semente,11.0,Lucid AMP 1 Casa Grande,cumulativo,1,7,7,19.798182581090877,23.299197495234058,0.0856435916813579,0.9172119954346014
monthly_6,mensal,validacao_2023,TimesNet,semente,11.0,Lucid AMP 1 Casa Grande,lead_exato,1,7,7,19.798182581090877,23.299197495234058,0.0856435916813579,0.9172119954346014
monthly_6,mensal,validacao_2023,TimesNet,semente,11.0,Lucid AMP 1 Casa Grande,cumulativo,3,7,21,17.446574760212428,21.855743273915667,0.0756658774040886,0.8887312421645303
monthly_6,mensal,validacao_2023,TimesNet,semente,11.0,Lucid AMP 1 Casa Grande,lead_exato,3,7,7,16.633178384724292,22.351785111739886,0.07390396632616467,0.7654561758939347
monthly_6,mensal,validacao_2023,TimesNet,semente,11.0,Lucid AMP 1 Casa Grande,cumulativo,6,7,42,14.406163262969244,18.522386784069372,0.0653973678570752,0.9233142552798206
monthly_6,mensal,validacao_2023,TimesNet,semente,11.0,Lucid AMP 1 Casa Grande,lead_exato,6,7,7,11.848327983638066,14.170438058249223,0.05664455405543093,0.9659070518392266
monthly_6,mensal,validacao_2023,TimesNet,semente,11.0,Rivian Normal,cumulativo,1,7,7,21.539232537914213,26.10944243285397,0.1340693412401357,0.9099211243009419
monthly_6,mensal,validacao_2023,TimesNet,semente,11.0,Rivian Normal,lead_exato,1,7,7,21.539232537914213,26.10944243285397,0.1340693412401357,0.9099211243009419
monthly_6,mensal,validacao_2023,TimesNet,semente,11.0,Rivian Normal,cumulativo,3,7,21,21.170877640331284,24.52389430079154,0.11365131266789004,0.8799477676857721
monthly_6,mensal,validacao_2023,TimesNet,semente,11.0,Rivian Normal,lead_exato,3,7,7,24.106254360084254,25.553828815019454,0.11039096204259204,0.7516488981810636
monthly_6,mensal,validacao_2023,TimesNet,semente,11.0,Rivian Normal,cumulativo,6,7,42,20.334271445138658,22.982651440818387,0.10808166775474046,0.8972588035882745
monthly_6,mensal,validacao_2023,TimesNet,semente,11.0,Rivian Normal,lead_exato,6,7,7,17.46194921835786,18.66745043952534,0.10147309081199496,0.9501959683148413
monthly_6,mensal,validacao_2023,TimesNet,semente,11.0,Tesla Fremont Factory,cumulativo,1,7,7,26.275761053515193,29.271032491777397,0.12339387877726736,0.893087790662444
monthly_6,mensal,validacao_2023,TimesNet,semente,11.0,Tesla Fremont Factory,lead_exato,1,7,7,26.275761053515193,29.271032491777397,0.12339387877726736,0.893087790662444
monthly_6,mensal,validacao_2023,TimesNet,semente,11.0,Tesla Fremont Factory,cumulativo,3,7,21,24.297059125252243,29.660606300556893,0.11381153324355119,0.8448094165358034
monthly_6,mensal,validacao_2023,TimesNet,semente,11.0,Tesla Fremont Factory,lead_exato,3,7,7,19.26342456978247,28.34146908397939,0.10152961970161606,0.7210149899182415
monthly_6,mensal,validacao_2023,TimesNet,semente,11.0,Tesla Fremont Factory,cumulativo,6,7,42,19.077669298764164,25.3524376155128,0.09800237997445133,0.8894152890622716
monthly_6,mensal,validacao_2023,TimesNet,semente,11.0,Tesla Fremont Factory,lead_exato,6,7,7,8.439818384496773,11.412695269780116,0.04934730993729867,0.9849426167273456
monthly_6,mensal,validacao_2023,TimesNet,semente,11.0,Tesla Gigafactory Nevada,cumulativo,1,7,7,25.26928860450497,27.296876151331155,0.1142913224890618,0.9063313913488309
monthly_6,mensal,validacao_2023,TimesNet,semente,11.0,Tesla Gigafactory Nevada,lead_exato,1,7,7,25.26928860450497,27.296876151331155,0.1142913224890618,0.9063313913488309
monthly_6,mensal,validacao_2023,TimesNet,semente,11.0,Tesla Gigafactory Nevada,cumulativo,3,7,21,23.190051088763973,27.064485235233445,0.10364949215320839,0.859922072979859
monthly_6,mensal,validacao_2023,TimesNet,semente,11.0,Tesla Gigafactory Nevada,lead_exato,3,7,7,19.796931901280978,25.36306249668461,0.09098049340477313,0.7292518179891923
monthly_6,mensal,validacao_2023,TimesNet,semente,11.0,Tesla Gigafactory Nevada,cumulativo,6,7,42,19.606204718566648,24.42467269808083,0.09513742455411077,0.894794076944915
monthly_6,mensal,validacao_2023,TimesNet,semente,11.0,Tesla Gigafactory Nevada,lead_exato,6,7,7,9.723972333442362,13.283809535655445,0.058653562427133064,0.9794451243765223
monthly_6,mensal,validacao_2023,TimesNet,semente,11.0,Tesla Gigafactory Texas,cumulativo,1,7,7,19.518681355917188,23.960079799544584,0.10872175389873318,0.854205970381104
monthly_6,mensal,validacao_2023,TimesNet,semente,11.0,Tesla Gigafactory Texas,lead_exato,1,7,7,19.518681355917188,23.960079799544584,0.10872175389873318,0.854205970381104
monthly_6,mensal,validacao_2023,TimesNet,semente,11.0,Tesla Gigafactory Texas,cumulativo,3,7,21,24.71735876363941,29.99616220231675,0.12462189303801943,0.7301835223356179
monthly_6,mensal,validacao_2023,TimesNet,semente,11.0,Tesla Gigafactory Texas,lead_exato,3,7,7,28.162682808348368,34.24657760093768,0.13336510725877013,0.4545830164351947
monthly_6,mensal,validacao_2023,TimesNet,semente,11.0,Tesla Gigafactory Texas,cumulativo,6,7,42,23.039709009030535,28.66116838359819,0.11889033035623328,0.7894069217966244
monthly_6,mensal,validacao_2023,TimesNet,semente,11.0,Tesla Gigafactory Texas,lead_exato,6,7,7,16.038459618526694,19.31731241991464,0.08516400360578347,0.9380118688320949
monthly_6,mensal,validacao_2023,TimesNet,semente,23.0,BMW San Luis Potosi,cumulativo,1,7,7,10.072064259265842,13.544803517382169,0.04838468483520625,0.8434202388933596
monthly_6,mensal,validacao_2023,TimesNet,semente,23.0,BMW San Luis Potosi,lead_exato,1,7,7,10.072064259265842,13.544803517382169,0.04838468483520625,0.8434202388933596
monthly_6,mensal,validacao_2023,TimesNet,semente,23.0,BMW San Luis Potosi,cumulativo,3,7,21,12.21777116358951,16.159647521982837,0.0567643873862594,0.6716113778395676
monthly_6,mensal,validacao_2023,TimesNet,semente,23.0,BMW San Luis Potosi,lead_exato,3,7,7,14.181169821960859,18.685029253974093,0.06460313786830087,0.2706484407552231
monthly_6,mensal,validacao_2023,TimesNet,semente,23.0,BMW San Luis Potosi,cumulativo,6,7,42,17.632538223826334,23.177589166549904,0.08548190591660194,0.7320283079886064
monthly_6,mensal,validacao_2023,TimesNet,semente,23.0,BMW San Luis Potosi,lead_exato,6,7,7,24.64158482544729,33.98828235990467,0.14322977998774705,0.7023752139646133
monthly_6,mensal,validacao_2023,TimesNet,semente,23.0,BYD Camacari,cumulativo,1,7,7,18.129266263286095,22.692620426771352,0.10442061347328882,0.7276524929845483
monthly_6,mensal,validacao_2023,TimesNet,semente,23.0,BYD Camacari,lead_exato,1,7,7,18.129266263286095,22.692620426771352,0.10442061347328882,0.7276524929845483
monthly_6,mensal,validacao_2023,TimesNet,semente,23.0,BYD Camacari,cumulativo,3,7,21,17.98718586688482,22.21722112447915,0.10554727891166449,0.6498292505992322
monthly_6,mensal,validacao_2023,TimesNet,semente,23.0,BYD Camacari,lead_exato,3,7,7,16.45884697240545,20.316545004138394,0.09917779873654883,0.5256690249646041
monthly_6,mensal,validacao_2023,TimesNet,semente,23.0,BYD Camacari,cumulativo,6,7,42,18.676618759762,23.56626749587683,0.10768115766076683,0.7031843620197805
monthly_6,mensal,validacao_2023,TimesNet,semente,23.0,BYD Camacari,lead_exato,6,7,7,15.656311672379713,20.15222261473611,0.08305538603917369,0.7861538530547945
monthly_6,mensal,validacao_2023,TimesNet,semente,23.0,Ford Rouge Electric Vehicle Center,cumulativo,1,7,7,15.889178181043462,20.49899708374522,0.11453346770531153,0.9338065155695348
monthly_6,mensal,validacao_2023,TimesNet,semente,23.0,Ford Rouge Electric Vehicle Center,lead_exato,1,7,7,15.889178181043462,20.49899708374522,0.11453346770531153,0.9338065155695348
monthly_6,mensal,validacao_2023,TimesNet,semente,23.0,Ford Rouge Electric Vehicle Center,cumulativo,3,7,21,13.50242603379047,16.98701560789339,0.0853203414854777,0.9312964234956747
monthly_6,mensal,validacao_2023,TimesNet,semente,23.0,Ford Rouge Electric Vehicle Center,lead_exato,3,7,7,13.406470621117998,14.414947552858301,0.06764076315366098,0.9068914302371833
monthly_6,mensal,validacao_2023,TimesNet,semente,23.0,Ford Rouge Electric Vehicle Center,cumulativo,6,7,42,13.784768968818796,16.526204039658822,0.08546196381745802,0.94346485800371
monthly_6,mensal,validacao_2023,TimesNet,semente,23.0,Ford Rouge Electric Vehicle Center,lead_exato,6,7,7,9.52284062727371,12.565679330889502,0.07797474089519994,0.9767026989724518
monthly_6,mensal,validacao_2023,TimesNet,semente,23.0,GM Factory Zero,cumulativo,1,7,7,23.46833792962447,24.290608859386452,0.1351045721590949,0.9074866789906673
monthly_6,mensal,validacao_2023,TimesNet,semente,23.0,GM Factory Zero,lead_exato,1,7,7,23.46833792962447,24.290608859386452,0.1351045721590949,0.9074866789906673
monthly_6,mensal,validacao_2023,TimesNet,semente,23.0,GM Factory Zero,cumulativo,3,7,21,16.74470753109839,18.578051371752746,0.09301775297427158,0.9176904790090306
monthly_6,mensal,validacao_2023,TimesNet,semente,23.0,GM Factory Zero,lead_exato,3,7,7,13.517930222050577,15.020560195902272,0.07026568484129284,0.8971969773390956
monthly_6,mensal,validacao_2023,TimesNet,semente,23.0,GM Factory Zero,cumulativo,6,7,42,14.635341739795514,17.150890265946884,0.08852210307758836,0.9391287480248083
monthly_6,mensal,validacao_2023,TimesNet,semente,23.0,GM Factory Zero,lead_exato,6,7,7,9.648681075733682,10.851148186426595,0.0673910174521578,0.9824521652746453
monthly_6,mensal,validacao_2023,TimesNet,semente,23.0,Hyundai Metaplant Georgia,cumulativo,1,7,7,12.17116962901764,17.193033889724376,0.08194749637282144,0.8772073477698391
monthly_6,mensal,validacao_2023,TimesNet,semente,23.0,Hyundai Metaplant Georgia,lead_exato,1,7,7,12.17116962901764,17.193033889724376,0.08194749637282144,0.8772073477698391
monthly_6,mensal,validacao_2023,TimesNet,semente,23.0,Hyundai Metaplant Georgia,cumulativo,3,7,21,13.99591040024197,18.992164581255405,0.08459255598135862,0.7553972010397615
monthly_6,mensal,validacao_2023,TimesNet,semente,23.0,Hyundai Metaplant Georgia,lead_exato,3,7,7,15.515515618501793,19.439926657261097,0.08234042171732674,0.17790087272887412
monthly_6,mensal,validacao_2023,TimesNet,semente,23.0,Hyundai Metaplant Georgia,cumulativo,6,7,42,14.842990579573325,19.095820498468964,0.08645313882644808,0.8064150322414245
monthly_6,mensal,validacao_2023,TimesNet,semente,23.0,Hyundai Metaplant Georgia,lead_exato,6,7,7,14.71950320329818,15.35201364742495,0.0763422929965703,0.9329274721203539
monthly_6,mensal,validacao_2023,TimesNet,semente,23.0,Lucid AMP 1 Casa Grande,cumulativo,1,7,7,24.09339720536007,26.472919122329486,0.09730961233279257,0.8931217940288685
monthly_6,mensal,validacao_2023,TimesNet,semente,23.0,Lucid AMP 1 Casa Grande,lead_exato,1,7,7,24.09339720536007,26.472919122329486,0.09730961233279257,0.8931217940288685
monthly_6,mensal,validacao_2023,TimesNet,semente,23.0,Lucid AMP 1 Casa Grande,cumulativo,3,7,21,19.907660295952514,22.405224433564204,0.07756821371636785,0.8830660350798771
monthly_6,mensal,validacao_2023,TimesNet,semente,23.0,Lucid AMP 1 Casa Grande,lead_exato,3,7,7,16.94829250680615,19.69813148974051,0.06512992313716942,0.8178414170923438
monthly_6,mensal,validacao_2023,TimesNet,semente,23.0,Lucid AMP 1 Casa Grande,cumulativo,6,7,42,17.722679688140023,20.683045568568616,0.07302604978617992,0.9043797842430226
monthly_6,mensal,validacao_2023,TimesNet,semente,23.0,Lucid AMP 1 Casa Grande,lead_exato,6,7,7,12.081340593104512,15.167016769521895,0.06062825282671304,0.9609430487215788
monthly_6,mensal,validacao_2023,TimesNet,semente,23.0,Rivian Normal,cumulativo,1,7,7,21.841617167414938,25.201383649721095,0.12940655140174553,0.9160778631430726
monthly_6,mensal,validacao_2023,TimesNet,semente,23.0,Rivian Normal,lead_exato,1,7,7,21.841617167414938,25.201383649721095,0.12940655140174553,0.9160778631430726
monthly_6,mensal,validacao_2023,TimesNet,semente,23.0,Rivian Normal,cumulativo,3,7,21,19.676306147976895,22.394496658991226,0.10378302526564398,0.8998908024953446
monthly_6,mensal,validacao_2023,TimesNet,semente,23.0,Rivian Normal,lead_exato,3,7,7,18.6581538367509,20.1684945591498,0.08712665070475602,0.845296160105767
monthly_6,mensal,validacao_2023,TimesNet,semente,23.0,Rivian Normal,cumulativo,6,7,42,17.932128572990486,20.03567238709623,0.09422276153651016,0.9219177712569944
monthly_6,mensal,validacao_2023,TimesNet,semente,23.0,Rivian Normal,lead_exato,6,7,7,16.217510905497356,17.57954740432136,0.09555943464113624,0.9558317831662272
monthly_6,mensal,validacao_2023,TimesNet,semente,23.0,Tesla Fremont Factory,cumulativo,1,7,7,18.784447022203494,21.818605248889146,0.09197770293640214,0.9405974360399335
monthly_6,mensal,validacao_2023,TimesNet,semente,23.0,Tesla Fremont Factory,lead_exato,1,7,7,18.784447022203494,21.818605248889146,0.09197770293640214,0.9405974360399335
monthly_6,mensal,validacao_2023,TimesNet,semente,23.0,Tesla Fremont Factory,cumulativo,3,7,21,19.609376940395297,24.42229149122069,0.0937114505270438,0.8947848840364303
monthly_6,mensal,validacao_2023,TimesNet,semente,23.0,Tesla Fremont Factory,lead_exato,3,7,7,20.5600652908041,27.37003212040117,0.09804957337148626,0.7398122970910284
monthly_6,mensal,validacao_2023,TimesNet,semente,23.0,Tesla Fremont Factory,cumulativo,6,7,42,17.57232491685008,22.066905470694252,0.08530182728764538,0.9162203559612933
monthly_6,mensal,validacao_2023,TimesNet,semente,23.0,Tesla Fremont Factory,lead_exato,6,7,7,9.335052132935484,11.008493294494329,0.04759958254423384,0.9859903002777747
monthly_6,mensal,validacao_2023,TimesNet,semente,23.0,Tesla Gigafactory Nevada,cumulativo,1,7,7,18.132831497440456,19.536744892455484,0.08179985132772317,0.9520186368789584
monthly_6,mensal,validacao_2023,TimesNet,semente,23.0,Tesla Gigafactory Nevada,lead_exato,1,7,7,18.132831497440456,19.536744892455484,0.08179985132772317,0.9520186368789584
monthly_6,mensal,validacao_2023,TimesNet,semente,23.0,Tesla Gigafactory Nevada,cumulativo,3,7,21,18.85768744519863,22.46890290947769,0.08604968302797358,0.9034540858983087
monthly_6,mensal,validacao_2023,TimesNet,semente,23.0,Tesla Gigafactory Nevada,lead_exato,3,7,7,19.389707453312635,24.769196327096957,0.08885022080332565,0.7417823071296614
monthly_6,mensal,validacao_2023,TimesNet,semente,23.0,Tesla Gigafactory Nevada,cumulativo,6,7,42,18.045883514706123,22.32675894971111,0.08696576496121727,0.912090855663539
monthly_6,mensal,validacao_2023,TimesNet,semente,23.0,Tesla Gigafactory Nevada,lead_exato,6,7,7,10.707018331253071,13.316858696957604,0.058799488265680926,0.9793427190462507
monthly_6,mensal,validacao_2023,TimesNet,semente,23.0,Tesla Gigafactory Texas,cumulativo,1,7,7,22.124292606851927,23.8026022414775,0.10800718047260176,0.8561161341225437
monthly_6,mensal,validacao_2023,TimesNet,semente,23.0,Tesla Gigafactory Texas,lead_exato,1,7,7,22.124292606851927,23.8026022414775,0.10800718047260176,0.8561161341225437
monthly_6,mensal,validacao_2023,TimesNet,semente,23.0,Tesla Gigafactory Texas,cumulativo,3,7,21,23.73363212223772,26.732983829407758,0.11106470984205598,0.7856951730334405
monthly_6,mensal,validacao_2023,TimesNet,semente,23.0,Tesla Gigafactory Texas,lead_exato,3,7,7,22.74654660925658,27.034971529817106,0.10528123188908474,0.6601039356595712
monthly_6,mensal,validacao_2023,TimesNet,semente,23.0,Tesla Gigafactory Texas,cumulativo,6,7,42,20.660685668596866,24.484798919632304,0.10156619553328809,0.8463086607799359
monthly_6,mensal,validacao_2023,TimesNet,semente,23.0,Tesla Gigafactory Texas,lead_exato,6,7,7,19.647877886972633,23.92380335742404,0.10547258495934801,0.9049229750071027
monthly_6,mensal,validacao_2023,TimesNet,semente,42.0,BMW San Luis Potosi,cumulativo,1,7,7,11.880954064180125,16.14811481680811,0.05768422148695681,0.7774467890745426
monthly_6,mensal,validacao_2023,TimesNet,semente,42.0,BMW San Luis Potosi,lead_exato,1,7,7,11.880954064180125,16.14811481680811,0.05768422148695681,0.7774467890745426
monthly_6,mensal,validacao_2023,TimesNet,semente,42.0,BMW San Luis Potosi,cumulativo,3,7,21,14.103476073379841,17.80186696848361,0.06253305162894209,0.6014751226193348
monthly_6,mensal,validacao_2023,TimesNet,semente,42.0,BMW San Luis Potosi,lead_exato,3,7,7,16.06647929436323,20.606819316503064,0.0712476909313946,0.1129026583669066
monthly_6,mensal,validacao_2023,TimesNet,semente,42.0,BMW San Luis Potosi,cumulativo,6,7,42,17.89181143433602,23.160181975315616,0.0854177059744652,0.7324306693215101
monthly_6,mensal,validacao_2023,TimesNet,semente,42.0,BMW San Luis Potosi,lead_exato,6,7,7,25.9608948681107,34.859976750422916,0.14690318114548745,0.6869131354015492
monthly_6,mensal,validacao_2023,TimesNet,semente,42.0,BYD Camacari,cumulativo,1,7,7,16.93098278140139,21.459199801342926,0.09874500017012441,0.7564539146670611
monthly_6,mensal,validacao_2023,TimesNet,semente,42.0,BYD Camacari,lead_exato,1,7,7,16.93098278140139,21.459199801342926,0.09874500017012441,0.7564539146670611
monthly_6,mensal,validacao_2023,TimesNet,semente,42.0,BYD Camacari,cumulativo,3,7,21,16.980045341467964,21.836276226322596,0.10373752524398352,0.6617346218948239
monthly_6,mensal,validacao_2023,TimesNet,semente,42.0,BYD Camacari,lead_exato,3,7,7,16.84723152679768,21.272965738525237,0.1038466882097914,0.4799586723910524
monthly_6,mensal,validacao_2023,TimesNet,semente,42.0,BYD Camacari,cumulativo,6,7,42,19.452696721207758,24.34679567569981,0.11124761883264714,0.6831973581429998
monthly_6,mensal,validacao_2023,TimesNet,semente,42.0,BYD Camacari,lead_exato,6,7,7,20.763138121446804,25.22982627337822,0.10398222572751956,0.6648154085788516
monthly_6,mensal,validacao_2023,TimesNet,semente,42.0,Ford Rouge Electric Vehicle Center,cumulativo,1,7,7,17.536487843173745,18.864273947231236,0.1053998252740184,0.9439429544365205
monthly_6,mensal,validacao_2023,TimesNet,semente,42.0,Ford Rouge Electric Vehicle Center,lead_exato,1,7,7,17.536487843173745,18.864273947231236,0.1053998252740184,0.9439429544365205
monthly_6,mensal,validacao_2023,TimesNet,semente,42.0,Ford Rouge Electric Vehicle Center,cumulativo,3,7,21,14.496602277059754,17.075412395693586,0.08576433025286467,0.930579525676121
monthly_6,mensal,validacao_2023,TimesNet,semente,42.0,Ford Rouge Electric Vehicle Center,lead_exato,3,7,7,10.660460423003574,13.874864332876523,0.06510647428218949,0.9137377040765029
monthly_6,mensal,validacao_2023,TimesNet,semente,42.0,Ford Rouge Electric Vehicle Center,cumulativo,6,7,42,12.027561604142301,15.212799034706087,0.07866995212853202,0.9520939324280101
monthly_6,mensal,validacao_2023,TimesNet,semente,42.0,Ford Rouge Electric Vehicle Center,lead_exato,6,7,7,7.819127714530623,9.19149953374577,0.05703669301987856,0.9875345946583307
monthly_6,mensal,validacao_2023,TimesNet,semente,42.0,GM Factory Zero,cumulativo,1,7,7,19.984217836851258,25.09164692144592,0.1395599526431405,0.9012843964425024
monthly_6,mensal,validacao_2023,TimesNet,semente,42.0,GM Factory Zero,lead_exato,1,7,7,19.984217836851258,25.09164692144592,0.1395599526431405,0.9012843964425024
monthly_6,mensal,validacao_2023,TimesNet,semente,42.0,GM Factory Zero,cumulativo,3,7,21,15.32998710345568,20.372539738725525,0.10200250989490711,0.9010216744111376
monthly_6,mensal,validacao_2023,TimesNet,semente,42.0,GM Factory Zero,lead_exato,3,7,7,10.870635255349887,14.365473875575159,0.06720121265599416,0.9059684624848857
monthly_6,mensal,validacao_2023,TimesNet,semente,42.0,GM Factory Zero,cumulativo,6,7,42,13.075037897859342,17.86584947606842,0.09221227262058354,0.9339479594278575
monthly_6,mensal,validacao_2023,TimesNet,semente,42.0,GM Factory Zero,lead_exato,6,7,7,5.705148310724131,7.740785477915278,0.048074120846319984,0.9910701901652607
monthly_6,mensal,validacao_2023,TimesNet,semente,42.0,Hyundai Metaplant Georgia,cumulativo,1,7,7,16.53870703188568,20.52317037999886,0.09781999157687431,0.8250329608346569
monthly_6,mensal,validacao_2023,TimesNet,semente,42.0,Hyundai Metaplant Georgia,lead_exato,1,7,7,16.53870703188568,20.52317037999886,0.09781999157687431,0.8250329608346569
monthly_6,mensal,validacao_2023,TimesNet,semente,42.0,Hyundai Metaplant Georgia,cumulativo,3,7,21,15.895863998444534,20.54232454012638,0.0914970871915755,0.7138381963566609
monthly_6,mensal,validacao_2023,TimesNet,semente,42.0,Hyundai Metaplant Georgia,lead_exato,3,7,7,16.507504990687657,20.912281516907708,0.08857677858215958,0.048655577628826996
monthly_6,mensal,validacao_2023,TimesNet,semente,42.0,Hyundai Metaplant Georgia,cumulativo,6,7,42,17.6925818507949,21.882614236910207,0.09906988215881517,0.7457895543817328
monthly_6,mensal,validacao_2023,TimesNet,semente,42.0,Hyundai Metaplant Georgia,lead_exato,6,7,7,17.21104430518088,19.192552306184357,0.09544047348840726,0.8951714822978744
monthly_6,mensal,validacao_2023,TimesNet,semente,42.0,Lucid AMP 1 Casa Grande,cumulativo,1,7,7,26.7422622218667,30.55778775978198,0.11232484286721454,0.857593664863422
monthly_6,mensal,validacao_2023,TimesNet,semente,42.0,Lucid AMP 1 Casa Grande,lead_exato,1,7,7,26.7422622218667,30.55778775978198,0.11232484286721454,0.857593664863422
monthly_6,mensal,validacao_2023,TimesNet,semente,42.0,Lucid AMP 1 Casa Grande,cumulativo,3,7,21,18.315934477776008,23.447964473163278,0.08117824147940454,0.8719285362070286
monthly_6,mensal,validacao_2023,TimesNet,semente,42.0,Lucid AMP 1 Casa Grande,lead_exato,3,7,7,12.804146029587628,18.94736376983716,0.06264758394085322,0.8314622618613948
monthly_6,mensal,validacao_2023,TimesNet,semente,42.0,Lucid AMP 1 Casa Grande,cumulativo,6,7,42,14.331871616708879,18.699937908274844,0.06602425122359086,0.9218370268358249
monthly_6,mensal,validacao_2023,TimesNet,semente,42.0,Lucid AMP 1 Casa Grande,lead_exato,6,7,7,10.156899826657959,12.509663164041555,0.05000581410383964,0.9734301417115558
monthly_6,mensal,validacao_2023,TimesNet,semente,42.0,Rivian Normal,cumulativo,1,7,7,17.084251209502018,20.21259848026039,0.10378964506687344,0.9460151300296424
monthly_6,mensal,validacao_2023,TimesNet,semente,42.0,Rivian Normal,lead_exato,1,7,7,17.084251209502018,20.21259848026039,0.10378964506687344,0.9460151300296424
monthly_6,mensal,validacao_2023,TimesNet,semente,42.0,Rivian Normal,cumulativo,3,7,21,16.77208900789706,20.19731903360146,0.09360062445167518,0.918571052789727
monthly_6,mensal,validacao_2023,TimesNet,semente,42.0,Rivian Normal,lead_exato,3,7,7,17.11991409856182,19.05659091428501,0.08232329564028346,0.861883822257569
monthly_6,mensal,validacao_2023,TimesNet,semente,42.0,Rivian Normal,cumulativo,6,7,42,16.087396986093832,18.794610954436713,0.08838635968473357,0.9312914096758534
monthly_6,mensal,validacao_2023,TimesNet,semente,42.0,Rivian Normal,lead_exato,6,7,7,12.421528196065603,14.902986217286331,0.08101010251483798,0.9682575030610298
monthly_6,mensal,validacao_2023,TimesNet,semente,42.0,Tesla Fremont Factory,cumulativo,1,7,7,24.9577181439576,30.90123892626402,0.13026611655075457,0.8808475423136989
monthly_6,mensal,validacao_2023,TimesNet,semente,42.0,Tesla Fremont Factory,lead_exato,1,7,7,24.9577181439576,30.90123892626402,0.13026611655075457,0.8808475423136989
monthly_6,mensal,validacao_2023,TimesNet,semente,42.0,Tesla Fremont Factory,cumulativo,3,7,21,25.674166080238397,31.907170262807735,0.12243188599300511,0.8204101048334351
monthly_6,mensal,validacao_2023,TimesNet,semente,42.0,Tesla Fremont Factory,lead_exato,3,7,7,23.095478420690988,31.697983182751116,0.11355389405950536,0.6510209033890023
monthly_6,mensal,validacao_2023,TimesNet,semente,42.0,Tesla Fremont Factory,cumulativo,6,7,42,21.284174891967073,27.694409619984775,0.10705550668962567,0.8680407421159827
monthly_6,mensal,validacao_2023,TimesNet,semente,42.0,Tesla Fremont Factory,lead_exato,6,7,7,14.70972735221624,16.05636302277085,0.06942604738150697,0.9701964896375783
monthly_6,mensal,validacao_2023,TimesNet,semente,42.0,Tesla Gigafactory Nevada,cumulativo,1,7,7,24.537164928813223,28.034824825000907,0.11738109471703347,0.901198425811418
monthly_6,mensal,validacao_2023,TimesNet,semente,42.0,Tesla Gigafactory Nevada,lead_exato,1,7,7,24.537164928813223,28.034824825000907,0.11738109471703347,0.901198425811418
monthly_6,mensal,validacao_2023,TimesNet,semente,42.0,Tesla Gigafactory Nevada,cumulativo,3,7,21,23.861751353550765,29.4070657075915,0.11262092738197974,0.8346235947659115
monthly_6,mensal,validacao_2023,TimesNet,semente,42.0,Tesla Gigafactory Nevada,lead_exato,3,7,7,21.686908721460895,28.965542345602696,0.10390304146765644,0.6468774153569858
monthly_6,mensal,validacao_2023,TimesNet,semente,42.0,Tesla Gigafactory Nevada,cumulativo,6,7,42,20.41680438853262,26.46066153092024,0.1030678781725329,0.8765235653268598
monthly_6,mensal,validacao_2023,TimesNet,semente,42.0,Tesla Gigafactory Nevada,lead_exato,6,7,7,15.011274603964305,17.21823814847783,0.07602570658787737,0.9654659913191569
monthly_6,mensal,validacao_2023,TimesNet,semente,42.0,Tesla Gigafactory Texas,cumulativo,1,7,7,22.046660377633412,24.92746382759642,0.11311137568227231,0.8421954908176172
monthly_6,mensal,validacao_2023,TimesNet,semente,42.0,Tesla Gigafactory Texas,lead_exato,1,7,7,22.046660377633412,24.92746382759642,0.11311137568227231,0.8421954908176172
monthly_6,mensal,validacao_2023,TimesNet,semente,42.0,Tesla Gigafactory Texas,cumulativo,3,7,21,22.67149785880959,26.558616749383088,0.1103402853156908,0.7884816813321822
monthly_6,mensal,validacao_2023,TimesNet,semente,42.0,Tesla Gigafactory Texas,lead_exato,3,7,7,26.132249112244217,30.108723149801666,0.11725122256268815,0.5784209901575144
monthly_6,mensal,validacao_2023,TimesNet,semente,42.0,Tesla Gigafactory Texas,cumulativo,6,7,42,22.382360813973815,26.64254770083886,0.11051682385345851,0.8180266394197007
monthly_6,mensal,validacao_2023,TimesNet,semente,42.0,Tesla Gigafactory Texas,lead_exato,6,7,7,16.866433014251925,21.06880648959401,0.09288579450625602,0.9262613801992132
monthly_6,mensal,validacao_2023,TimesNet,semente,67.0,BMW San Luis Potosi,cumulativo,1,7,7,10.655932654885353,15.633181476121575,0.05584477897542208,0.791414100821867
monthly_6,mensal,validacao_2023,TimesNet,semente,67.0,BMW San Luis Potosi,lead_exato,1,7,7,10.655932654885353,15.633181476121575,0.05584477897542208,0.791414100821867
monthly_6,mensal,validacao_2023,TimesNet,semente,67.0,BMW San Luis Potosi,cumulativo,3,7,21,13.186199596647622,17.27733082658501,0.060690500749269655,0.624614379372726
monthly_6,mensal,validacao_2023,TimesNet,semente,67.0,BMW San Luis Potosi,lead_exato,3,7,7,16.072670711654286,20.955455771575718,0.0724530949297953,0.08263202827588556
monthly_6,mensal,validacao_2023,TimesNet,semente,67.0,BMW San Luis Potosi,cumulativo,6,7,42,17.259767516670667,23.360403846572805,0.08615614978060332,0.7277843496285916
monthly_6,mensal,validacao_2023,TimesNet,semente,67.0,BMW San Luis Potosi,lead_exato,6,7,7,26.285244474739233,35.69173503679152,0.15040828784955848,0.671794403953091
monthly_6,mensal,validacao_2023,TimesNet,semente,67.0,BYD Camacari,cumulativo,1,7,7,18.197477746955038,23.721728718314537,0.10915607888505822,0.7023905093953251
monthly_6,mensal,validacao_2023,TimesNet,semente,67.0,BYD Camacari,lead_exato,1,7,7,18.197477746955038,23.721728718314537,0.10915607888505822,0.7023905093953251
monthly_6,mensal,validacao_2023,TimesNet,semente,67.0,BYD Camacari,cumulativo,3,7,21,18.51725692522932,23.651713508741928,0.11236211713693744,0.6031507077133929
monthly_6,mensal,validacao_2023,TimesNet,semente,67.0,BYD Camacari,lead_exato,3,7,7,19.592077773894385,24.589362272420516,0.12003609974124303,0.3051736052311722
monthly_6,mensal,validacao_2023,TimesNet,semente,67.0,BYD Camacari,cumulativo,6,7,42,20.877132944818975,25.578499784585308,0.116875634570121,0.6503324663746853
monthly_6,mensal,validacao_2023,TimesNet,semente,67.0,BYD Camacari,lead_exato,6,7,7,21.461021286008254,24.947432512208586,0.1028183678594625,0.6722767610295712
monthly_6,mensal,validacao_2023,TimesNet,semente,67.0,Ford Rouge Electric Vehicle Center,cumulativo,1,7,7,16.33426491755381,17.686947566673137,0.09882178282465451,0.950721691465645
monthly_6,mensal,validacao_2023,TimesNet,semente,67.0,Ford Rouge Electric Vehicle Center,lead_exato,1,7,7,16.33426491755381,17.686947566673137,0.09882178282465451,0.950721691465645
monthly_6,mensal,validacao_2023,TimesNet,semente,67.0,Ford Rouge Electric Vehicle Center,cumulativo,3,7,21,16.159643391018715,17.52886879612752,0.08804189659099301,0.9268434940604297
monthly_6,mensal,validacao_2023,TimesNet,semente,67.0,Ford Rouge Electric Vehicle Center,lead_exato,3,7,7,17.64019696325392,18.622136121808506,0.08738259325686677,0.8446101970069246
monthly_6,mensal,validacao_2023,TimesNet,semente,67.0,Ford Rouge Electric Vehicle Center,cumulativo,6,7,42,16.89439874476964,18.216957194642806,0.0942053561057743,0.9313051875589347
monthly_6,mensal,validacao_2023,TimesNet,semente,67.0,Ford Rouge Electric Vehicle Center,lead_exato,6,7,7,16.73639113621825,17.786433152874377,0.1103714713724911,0.9533220907728592
monthly_6,mensal,validacao_2023,TimesNet,semente,67.0,GM Factory Zero,cumulativo,1,7,7,16.155681576587085,17.513444140463047,0.09740992460611518,0.9519082486732781
monthly_6,mensal,validacao_2023,TimesNet,semente,67.0,GM Factory Zero,lead_exato,1,7,7,16.155681576587085,17.513444140463047,0.09740992460611518,0.9519082486732781
monthly_6,mensal,validacao_2023,TimesNet,semente,67.0,GM Factory Zero,cumulativo,3,7,21,15.849630343698989,17.48622799002624,0.08755114317861848,0.9270807776520963
monthly_6,mensal,validacao_2023,TimesNet,semente,67.0,GM Factory Zero,lead_exato,3,7,7,15.579981737616176,17.57738264850419,0.08222641588637594,0.8592196507545908
monthly_6,mensal,validacao_2023,TimesNet,semente,67.0,GM Factory Zero,cumulativo,6,7,42,15.539196124627345,17.174751255551495,0.08864525849101354,0.9389592572707399
monthly_6,mensal,validacao_2023,TimesNet,semente,67.0,GM Factory Zero,lead_exato,6,7,7,14.451283407519375,15.476497856966382,0.09611673523007781,0.9643041662370624
monthly_6,mensal,validacao_2023,TimesNet,semente,67.0,Hyundai Metaplant Georgia,cumulativo,1,7,7,14.751090565704674,21.68877027821622,0.1033756133504355,0.8045943129742699
monthly_6,mensal,validacao_2023,TimesNet,semente,67.0,Hyundai Metaplant Georgia,lead_exato,1,7,7,14.751090565704674,21.68877027821622,0.1033756133504355,0.8045943129742699
monthly_6,mensal,validacao_2023,TimesNet,semente,67.0,Hyundai Metaplant Georgia,cumulativo,3,7,21,15.208259044247262,21.2596014918037,0.09469189368292127,0.6935054679155384
monthly_6,mensal,validacao_2023,TimesNet,semente,67.0,Hyundai Metaplant Georgia,lead_exato,3,7,7,16.20487261065981,21.63492027062743,0.09163761213259586,-0.018229185631638556
monthly_6,mensal,validacao_2023,TimesNet,semente,67.0,Hyundai Metaplant Georgia,cumulativo,6,7,42,16.709462756133277,21.92142969319643,0.09924561265603019,0.7448869158164446
monthly_6,mensal,validacao_2023,TimesNet,semente,67.0,Hyundai Metaplant Georgia,lead_exato,6,7,7,15.835018777184555,17.46764553777022,0.08686287963457903,0.9131674170462271
monthly_6,mensal,validacao_2023,TimesNet,semente,67.0,Lucid AMP 1 Casa Grande,cumulativo,1,7,7,18.405197367387668,20.673488734931517,0.07599196616989921,0.9348201985622895
monthly_6,mensal,validacao_2023,TimesNet,semente,67.0,Lucid AMP 1 Casa Grande,lead_exato,1,7,7,18.405197367387668,20.673488734931517,0.07599196616989921,0.9348201985622895
monthly_6,mensal,validacao_2023,TimesNet,semente,67.0,Lucid AMP 1 Casa Grande,cumulativo,3,7,21,18.360854658862177,21.45632683820847,0.07428307405219033,0.8927609814734073
monthly_6,mensal,validacao_2023,TimesNet,semente,67.0,Lucid AMP 1 Casa Grande,lead_exato,3,7,7,16.081033913462566,19.877672086915222,0.06572355636071049,0.8145056787111344
monthly_6,mensal,validacao_2023,TimesNet,semente,67.0,Lucid AMP 1 Casa Grande,cumulativo,6,7,42,14.792276837018692,18.42159432784821,0.06504149788126935,0.9241465793685503
monthly_6,mensal,validacao_2023,TimesNet,semente,67.0,Lucid AMP 1 Casa Grande,lead_exato,6,7,7,12.356138129630251,16.12390087659461,0.06445327738170975,0.9558593986684997
monthly_6,mensal,validacao_2023,TimesNet,semente,67.0,Rivian Normal,cumulativo,1,7,7,14.34463841462871,17.32901024520431,0.08898271167195315,0.960319669677266
monthly_6,mensal,validacao_2023,TimesNet,semente,67.0,Rivian Normal,lead_exato,1,7,7,14.34463841462871,17.32901024520431,0.08898271167195315,0.960319669677266
monthly_6,mensal,validacao_2023,TimesNet,semente,67.0,Rivian Normal,cumulativo,3,7,21,14.564579004588051,17.7472986514077,0.08224647208565315,0.9371282014758611
monthly_6,mensal,validacao_2023,TimesNet,semente,67.0,Rivian Normal,lead_exato,3,7,7,14.767201074360514,18.875201627983312,0.0815397051277222,0.8645006138002026
monthly_6,mensal,validacao_2023,TimesNet,semente,67.0,Rivian Normal,cumulativo,6,7,42,16.036821422539713,19.207938684994268,0.09033013673600106,0.9282361253211446
monthly_6,mensal,validacao_2023,TimesNet,semente,67.0,Rivian Normal,lead_exato,6,7,7,12.688783898622367,14.9085203274964,0.08104018499823491,0.968233924015858
monthly_6,mensal,validacao_2023,TimesNet,semente,67.0,Tesla Fremont Factory,cumulativo,1,7,7,25.195104918389006,27.212039830280162,0.11471406569081598,0.9075996924666715
monthly_6,mensal,validacao_2023,TimesNet,semente,67.0,Tesla Fremont Factory,lead_exato,1,7,7,25.195104918389006,27.212039830280162,0.11471406569081598,0.9075996924666715
monthly_6,mensal,validacao_2023,TimesNet,semente,67.0,Tesla Fremont Factory,cumulativo,3,7,21,23.56230412122291,28.953315786566108,0.11109756923923482,0.8521225573103337
monthly_6,mensal,validacao_2023,TimesNet,semente,67.0,Tesla Fremont Factory,lead_exato,3,7,7,23.05241649961369,32.14984691463241,0.11517263699477523,0.6410003944532046
monthly_6,mensal,validacao_2023,TimesNet,semente,67.0,Tesla Fremont Factory,cumulativo,6,7,42,18.82691452619171,25.20524569041136,0.09743339488545398,0.8906956334206144
monthly_6,mensal,validacao_2023,TimesNet,semente,67.0,Tesla Fremont Factory,lead_exato,6,7,7,7.903889846246394,10.461102454348508,0.045232721359651056,0.9873489091784041
monthly_6,mensal,validacao_2023,TimesNet,semente,67.0,Tesla Gigafactory Nevada,cumulativo,1,7,7,24.851246407567878,29.534021078609555,0.12365819109779363,0.8903488144437345
monthly_6,mensal,validacao_2023,TimesNet,semente,67.0,Tesla Gigafactory Nevada,lead_exato,1,7,7,24.851246407567878,29.534021078609555,0.12365819109779363,0.8903488144437345
monthly_6,mensal,validacao_2023,TimesNet,semente,67.0,Tesla Gigafactory Nevada,cumulativo,3,7,21,21.039715512566815,24.466798593923194,0.09370107086217773,0.8855213610207198
monthly_6,mensal,validacao_2023,TimesNet,semente,67.0,Tesla Gigafactory Nevada,lead_exato,3,7,7,18.183657037852623,20.887067364153346,0.07492453621552246,0.8163812188281487
monthly_6,mensal,validacao_2023,TimesNet,semente,67.0,Tesla Gigafactory Nevada,cumulativo,6,7,42,17.390634228817557,22.54381200559126,0.0878112161565432,0.9103733025100801
monthly_6,mensal,validacao_2023,TimesNet,semente,67.0,Tesla Gigafactory Nevada,lead_exato,6,7,7,10.559893911240676,15.761633880836097,0.06959419090599152,0.9710617646917835
monthly_6,mensal,validacao_2023,TimesNet,semente,67.0,Tesla Gigafactory Texas,cumulativo,1,7,7,21.982657814171944,29.27604055801674,0.13284356743830736,0.7823353515999371
monthly_6,mensal,validacao_2023,TimesNet,semente,67.0,Tesla Gigafactory Texas,lead_exato,1,7,7,21.982657814171944,29.27604055801674,0.13284356743830736,0.7823353515999371
monthly_6,mensal,validacao_2023,TimesNet,semente,67.0,Tesla Gigafactory Texas,cumulativo,3,7,21,26.226190816378395,32.553937548771025,0.13524841264046672,0.6822071412636401
monthly_6,mensal,validacao_2023,TimesNet,semente,67.0,Tesla Gigafactory Texas,lead_exato,3,7,7,32.141479467530836,37.01231038068141,0.14413559221401775,0.36293067579151694
monthly_6,mensal,validacao_2023,TimesNet,semente,67.0,Tesla Gigafactory Texas,cumulativo,6,7,42,23.88211125700676,30.184575854244535,0.12520962673062483,0.7664249412713272
monthly_6,mensal,validacao_2023,TimesNet,semente,67.0,Tesla Gigafactory Texas,lead_exato,6,7,7,15.049238089918033,17.392420719670454,0.0766777566508842,0.949750100138682
monthly_6,mensal,validacao_2023,TimesNet,semente,89.0,BMW San Luis Potosi,cumulativo,1,7,7,12.225515335589924,15.319154753591908,0.05472301416134176,0.7997097475276714
monthly_6,mensal,validacao_2023,TimesNet,semente,89.0,BMW San Luis Potosi,lead_exato,1,7,7,12.225515335589924,15.319154753591908,0.05472301416134176,0.7997097475276714
monthly_6,mensal,validacao_2023,TimesNet,semente,89.0,BMW San Luis Potosi,cumulativo,3,7,21,14.200179309477509,17.956688404791723,0.06307689665862702,0.5945131006138716
monthly_6,mensal,validacao_2023,TimesNet,semente,89.0,BMW San Luis Potosi,lead_exato,3,7,7,16.901863128409786,22.64917526853084,0.07830909829402598,-0.0716528827553462
monthly_6,mensal,validacao_2023,TimesNet,semente,89.0,BMW San Luis Potosi,cumulativo,6,7,42,17.290159163325285,23.652672191288577,0.08723407272443785,0.7209302116146874
monthly_6,mensal,validacao_2023,TimesNet,semente,89.0,BMW San Luis Potosi,lead_exato,6,7,7,24.78663025195153,35.56215629727037,0.14986223100101945,0.6741731769467572
monthly_6,mensal,validacao_2023,TimesNet,semente,89.0,BYD Camacari,cumulativo,1,7,7,15.361599834536491,20.449280859645015,0.09409783499188085,0.778838164303781
monthly_6,mensal,validacao_2023,TimesNet,semente,89.0,BYD Camacari,lead_exato,1,7,7,15.361599834536491,20.449280859645015,0.09409783499188085,0.778838164303781
monthly_6,mensal,validacao_2023,TimesNet,semente,89.0,BYD Camacari,cumulativo,3,7,21,15.214047830706152,20.11777695566743,0.09557345644289106,0.7128820342860611
monthly_6,mensal,validacao_2023,TimesNet,semente,89.0,BYD Camacari,lead_exato,3,7,7,15.312063274081245,19.111371406641133,0.09329459052024834,0.5802743772071753
monthly_6,mensal,validacao_2023,TimesNet,semente,89.0,BYD Camacari,cumulativo,6,7,42,19.20078203810128,24.41310325337959,0.11155059751722199,0.681469408300734
monthly_6,mensal,validacao_2023,TimesNet,semente,89.0,BYD Camacari,lead_exato,6,7,7,19.20952774167826,23.699803015965372,0.09767638667826181,0.7042362131029207
monthly_6,mensal,validacao_2023,TimesNet,semente,89.0,Ford Rouge Electric Vehicle Center,cumulativo,1,7,7,17.381559453927625,18.290721903314875,0.1021952341308107,0.9472998672714221
monthly_6,mensal,validacao_2023,TimesNet,semente,89.0,Ford Rouge Electric Vehicle Center,lead_exato,1,7,7,17.381559453927625,18.290721903314875,0.1021952341308107,0.9472998672714221
monthly_6,mensal,validacao_2023,TimesNet,semente,89.0,Ford Rouge Electric Vehicle Center,cumulativo,3,7,21,12.698124760550638,15.143877432981299,0.07606284846149138,0.945396642715487
monthly_6,mensal,validacao_2023,TimesNet,semente,89.0,Ford Rouge Electric Vehicle Center,lead_exato,3,7,7,8.803128648115878,11.989761632649403,0.05626081009931108,0.9355853546004698
monthly_6,mensal,validacao_2023,TimesNet,semente,89.0,Ford Rouge Electric Vehicle Center,cumulativo,6,7,42,12.63709335188432,15.50181137659881,0.08016452173727955,0.9502564056928633
monthly_6,mensal,validacao_2023,TimesNet,semente,89.0,Ford Rouge Electric Vehicle Center,lead_exato,6,7,7,7.861762969858319,9.618745703080947,0.05968791532749246,0.9863488087052007
monthly_6,mensal,validacao_2023,TimesNet,semente,89.0,GM Factory Zero,cumulativo,1,7,7,16.086291648434194,19.80431964748238,0.11015179357437678,0.9385039353712746
monthly_6,mensal,validacao_2023,TimesNet,semente,89.0,GM Factory Zero,lead_exato,1,7,7,16.086291648434194,19.80431964748238,0.11015179357437678,0.9385039353712746
monthly_6,mensal,validacao_2023,TimesNet,semente,89.0,GM Factory Zero,cumulativo,3,7,21,13.83243742721104,16.979028190243657,0.08501166340537866,0.9312495707370197
monthly_6,mensal,validacao_2023,TimesNet,semente,89.0,GM Factory Zero,lead_exato,3,7,7,13.116467970805777,14.780860602442914,0.06914437805439975,0.9004518791444636
monthly_6,mensal,validacao_2023,TimesNet,semente,89.0,GM Factory Zero,cumulativo,6,7,42,13.993509866937561,16.177324849862426,0.08349717103155234,0.9458432853375103
monthly_6,mensal,validacao_2023,TimesNet,semente,89.0,GM Factory Zero,lead_exato,6,7,7,13.655481062260476,14.37915697596164,0.08930170356778239,0.9691866443677547
monthly_6,mensal,validacao_2023,TimesNet,semente,89.0,Hyundai Metaplant Georgia,cumulativo,1,7,7,14.79322656687756,18.45116690261147,0.08794416055503487,0.8585786378038964
monthly_6,mensal,validacao_2023,TimesNet,semente,89.0,Hyundai Metaplant Georgia,lead_exato,1,7,7,14.79322656687756,18.45116690261147,0.08794416055503487,0.8585786378038964
monthly_6,mensal,validacao_2023,TimesNet,semente,89.0,Hyundai Metaplant Georgia,cumulativo,3,7,21,16.312787273151592,20.54627906140537,0.09151470093229691,0.713728010008216
monthly_6,mensal,validacao_2023,TimesNet,semente,89.0,Hyundai Metaplant Georgia,lead_exato,3,7,7,18.057496597648424,22.041547744950453,0.09335993744317532,-0.056864030520976216
monthly_6,mensal,validacao_2023,TimesNet,semente,89.0,Hyundai Metaplant Georgia,cumulativo,6,7,42,17.648822787691294,21.70416415379968,0.09826197920382129,0.7499187599867286
monthly_6,mensal,validacao_2023,TimesNet,semente,89.0,Hyundai Metaplant Georgia,lead_exato,6,7,7,15.451303973462277,17.402483624791607,0.08653884332461492,0.9138140552518521
monthly_6,mensal,validacao_2023,TimesNet,semente,89.0,Lucid AMP 1 Casa Grande,cumulativo,1,7,7,31.101115777382443,32.90707713550574,0.12096040124114542,0.834855502456423
monthly_6,mensal,validacao_2023,TimesNet,semente,89.0,Lucid AMP 1 Casa Grande,lead_exato,1,7,7,31.101115777382443,32.90707713550574,0.12096040124114542,0.834855502456423
monthly_6,mensal,validacao_2023,TimesNet,semente,89.0,Lucid AMP 1 Casa Grande,cumulativo,3,7,21,21.457437259858256,25.64697527296726,0.0887913470829471,0.846780378677987
monthly_6,mensal,validacao_2023,TimesNet,semente,89.0,Lucid AMP 1 Casa Grande,lead_exato,3,7,7,12.074265000911184,17.376121562823343,0.0574524270181783,0.8582558097586452
monthly_6,mensal,validacao_2023,TimesNet,semente,89.0,Lucid AMP 1 Casa Grande,cumulativo,6,7,42,17.201324804732675,21.252807001404705,0.07503771806890917,0.8990390709158596
monthly_6,mensal,validacao_2023,TimesNet,semente,89.0,Lucid AMP 1 Casa Grande,lead_exato,6,7,7,12.29008013124813,14.210863981263358,0.05680615162722102,0.9657122512499792
monthly_6,mensal,validacao_2023,TimesNet,semente,89.0,Rivian Normal,cumulativo,1,7,7,22.742344988000728,25.318773219315947,0.1300093349466075,0.9152942134595173
monthly_6,mensal,validacao_2023,TimesNet,semente,89.0,Rivian Normal,lead_exato,1,7,7,22.742344988000728,25.318773219315947,0.1300093349466075,0.9152942134595173
monthly_6,mensal,validacao_2023,TimesNet,semente,89.0,Rivian Normal,cumulativo,3,7,21,19.38163971965179,21.383824416867355,0.09909925744371734,0.9087228380536468
monthly_6,mensal,validacao_2023,TimesNet,semente,89.0,Rivian Normal,lead_exato,3,7,7,18.244843785944113,18.638787692919287,0.08051841153133349,0.8678736457203374
monthly_6,mensal,validacao_2023,TimesNet,semente,89.0,Rivian Normal,cumulativo,6,7,42,17.404908773696132,19.608481179999238,0.0922137880187201,0.9252119397757582
monthly_6,mensal,validacao_2023,TimesNet,semente,89.0,Rivian Normal,lead_exato,6,7,7,13.703131444604164,15.428935934800926,0.08386907587174051,0.9659774831184633
monthly_6,mensal,validacao_2023,TimesNet,semente,89.0,Tesla Fremont Factory,cumulativo,1,7,7,22.41110597424813,26.15747036330278,0.11026846176458042,0.9146226433450754
monthly_6,mensal,validacao_2023,TimesNet,semente,89.0,Tesla Fremont Factory,lead_exato,1,7,7,22.41110597424813,26.15747036330278,0.11026846176458042,0.9146226433450754
monthly_6,mensal,validacao_2023,TimesNet,semente,89.0,Tesla Fremont Factory,cumulativo,3,7,21,25.572020703501213,31.12998934388068,0.11944974358180768,0.8290523002586355
monthly_6,mensal,validacao_2023,TimesNet,semente,89.0,Tesla Fremont Factory,lead_exato,3,7,7,27.73709010312528,34.75791766250688,0.12451571058076254,0.5803921030609682
monthly_6,mensal,validacao_2023,TimesNet,semente,89.0,Tesla Fremont Factory,cumulativo,6,7,42,20.57788635472246,27.74182917272218,0.10723881170731542,0.8675884626696784
monthly_6,mensal,validacao_2023,TimesNet,semente,89.0,Tesla Fremont Factory,lead_exato,6,7,7,9.811555116329796,12.608983458670748,0.054519935915303346,0.9816205203187642
monthly_6,mensal,validacao_2023,TimesNet,semente,89.0,Tesla Gigafactory Nevada,cumulativo,1,7,7,24.154007253556397,26.79667376306802,0.11219698787912906,0.9097328047213555
monthly_6,mensal,validacao_2023,TimesNet,semente,89.0,Tesla Gigafactory Nevada,lead_exato,1,7,7,24.154007253556397,26.79667376306802,0.11219698787912906,0.9097328047213555
monthly_6,mensal,validacao_2023,TimesNet,semente,89.0,Tesla Gigafactory Nevada,cumulativo,3,7,21,26.404237282683805,29.221185138029078,0.11190905621691459,0.836707658976128
monthly_6,mensal,validacao_2023,TimesNet,semente,89.0,Tesla Gigafactory Nevada,lead_exato,3,7,7,29.12938440329552,32.854921949158616,0.11785473501476787,0.5456787557363687
monthly_6,mensal,validacao_2023,TimesNet,semente,89.0,Tesla Gigafactory Nevada,cumulativo,6,7,42,22.612942287211848,28.082948356802444,0.10938690616567458,0.8609189091235494
monthly_6,mensal,validacao_2023,TimesNet,semente,89.0,Tesla Gigafactory Nevada,lead_exato,6,7,7,12.807910186119248,15.415398336710112,0.06806541649475228,0.9723191720426458
monthly_6,mensal,validacao_2023,TimesNet,semente,89.0,Tesla Gigafactory Texas,cumulativo,1,7,7,18.985644565557646,20.589471861162142,0.09342721357032836,0.8923401841153342
monthly_6,mensal,validacao_2023,TimesNet,semente,89.0,Tesla Gigafactory Texas,lead_exato,1,7,7,18.985644565557646,20.589471861162142,0.09342721357032836,0.8923401841153342
monthly_6,mensal,validacao_2023,TimesNet,semente,89.0,Tesla Gigafactory Texas,cumulativo,3,7,21,23.61319693077086,26.627205490113695,0.11062524372647983,0.787387760762104
monthly_6,mensal,validacao_2023,TimesNet,semente,89.0,Tesla Gigafactory Texas,lead_exato,3,7,7,27.253528318170602,30.597751127920308,0.11915562508472428,0.5646151443083268
monthly_6,mensal,validacao_2023,TimesNet,semente,89.0,Tesla Gigafactory Texas,cumulativo,6,7,42,22.20063374544114,26.54641119331711,0.11011803686105187,0.8193375290921001
monthly_6,mensal,validacao_2023,TimesNet,semente,89.0,Tesla Gigafactory Texas,lead_exato,6,7,7,15.773389579784439,19.663310852255105,0.08668940274510996,0.935771404440906
monthly_6,mensal,validacao_2023,TimesNet,ensemble,,BMW San Luis Potosi,cumulativo,1,7,7,11.241274897378998,15.39298179532261,0.05498673878029777,0.7977745927627168
monthly_6,mensal,validacao_2023,TimesNet,ensemble,,BMW San Luis Potosi,lead_exato,1,7,7,11.241274897378998,15.39298179532261,0.05498673878029777,0.7977745927627168
monthly_6,mensal,validacao_2023,TimesNet,ensemble,,BMW San Luis Potosi,cumulativo,3,7,21,13.46799855270159,17.31347086896443,0.060817450756254055,0.6230423030768542
monthly_6,mensal,validacao_2023,TimesNet,ensemble,,BMW San Luis Potosi,lead_exato,3,7,7,15.821974902017558,20.67679531148097,0.07148963162035915,0.10686767400325048
monthly_6,mensal,validacao_2023,TimesNet,ensemble,,BMW San Luis Potosi,cumulativo,6,7,42,17.648483256449328,23.34069972587595,0.08608347846955909,0.7282433749039519
monthly_6,mensal,validacao_2023,TimesNet,ensemble,,BMW San Luis Potosi,lead_exato,6,7,7,26.163756542728926,35.58985381553596,0.14997895091658855,0.6736654400872927
monthly_6,mensal,validacao_2023,TimesNet,ensemble,,BYD Camacari,cumulativo,1,7,7,17.10922325166597,21.78210562451797,0.10023085872307747,0.7490692839908661
monthly_6,mensal,validacao_2023,TimesNet,ensemble,,BYD Camacari,lead_exato,1,7,7,17.10922325166597,21.78210562451797,0.10023085872307747,0.7490692839908661
monthly_6,mensal,validacao_2023,TimesNet,ensemble,,BYD Camacari,cumulativo,3,7,21,16.89581047818022,21.760019784495956,0.10337525401801911,0.6640930710626506
monthly_6,mensal,validacao_2023,TimesNet,ensemble,,BYD Camacari,lead_exato,3,7,7,16.57823369796619,20.952397773439372,0.10228179491143803,0.49551386146970156
monthly_6,mensal,validacao_2023,TimesNet,ensemble,,BYD Camacari,cumulativo,6,7,42,19.726032272904753,24.528563584783207,0.1120781694864196,0.6784493402532974
monthly_6,mensal,validacao_2023,TimesNet,ensemble,,BYD Camacari,lead_exato,6,7,7,20.332536971170356,24.084336803253443,0.09926120452981543,0.69456070449993
monthly_6,mensal,validacao_2023,TimesNet,ensemble,,Ford Rouge Electric Vehicle Center,cumulativo,1,7,7,15.707855702759119,17.30019541373948,0.0966608934388459,0.952853220415324
monthly_6,mensal,validacao_2023,TimesNet,ensemble,,Ford Rouge Electric Vehicle Center,lead_exato,1,7,7,15.707855702759119,17.30019541373948,0.0966608934388459,0.952853220415324
monthly_6,mensal,validacao_2023,TimesNet,ensemble,,Ford Rouge Electric Vehicle Center,cumulativo,3,7,21,13.14430469568933,15.228541134527369,0.07648808713166595,0.9447844025713301
monthly_6,mensal,validacao_2023,TimesNet,ensemble,,Ford Rouge Electric Vehicle Center,lead_exato,3,7,7,12.54154069825797,13.96886821179978,0.06554757849616304,0.912564869529024
monthly_6,mensal,validacao_2023,TimesNet,ensemble,,Ford Rouge Electric Vehicle Center,cumulativo,6,7,42,13.335191724190974,15.087414309904343,0.07802155006423742,0.9528803669762541
monthly_6,mensal,validacao_2023,TimesNet,ensemble,,Ford Rouge Electric Vehicle Center,lead_exato,6,7,7,10.805118441756292,11.69302890385664,0.0725596185489928,0.9798261999259875
monthly_6,mensal,validacao_2023,TimesNet,ensemble,,GM Factory Zero,cumulativo,1,7,7,18.192088331784912,19.074497495528927,0.10609251658536878,0.9429528856726349
monthly_6,mensal,validacao_2023,TimesNet,ensemble,,GM Factory Zero,lead_exato,1,7,7,18.192088331784912,19.074497495528927,0.10609251658536878,0.9429528856726349
monthly_6,mensal,validacao_2023,TimesNet,ensemble,,GM Factory Zero,cumulativo,3,7,21,15.534727932661943,17.063363187808367,0.08543391716136126,0.9305649064856226
monthly_6,mensal,validacao_2023,TimesNet,ensemble,,GM Factory Zero,lead_exato,3,7,7,14.276619298671708,15.543813647390026,0.07271344721731844,0.8899097682838694
monthly_6,mensal,validacao_2023,TimesNet,ensemble,,GM Factory Zero,cumulativo,6,7,42,14.582919137356633,16.022343837321632,0.08269725656912676,0.9468759725392984
monthly_6,mensal,validacao_2023,TimesNet,ensemble,,GM Factory Zero,lead_exato,6,7,7,11.538300425931084,12.15726297498589,0.07550263872928892,0.9779735874742705
monthly_6,mensal,validacao_2023,TimesNet,ensemble,,Hyundai Metaplant Georgia,cumulativo,1,7,7,14.536143762817321,19.161122825354678,0.0913280374657082,0.847486161723831
monthly_6,mensal,validacao_2023,TimesNet,ensemble,,Hyundai Metaplant Georgia,lead_exato,1,7,7,14.536143762817321,19.161122825354678,0.0913280374657082,0.847486161723831
monthly_6,mensal,validacao_2023,TimesNet,ensemble,,Hyundai Metaplant Georgia,cumulativo,3,7,21,15.875778000061112,20.486813716473634,0.0912498377304977,0.7153826773169815
monthly_6,mensal,validacao_2023,TimesNet,ensemble,,Hyundai Metaplant Georgia,lead_exato,3,7,7,17.194332137503334,21.34804616492519,0.09042251830741004,0.008594761019918629
monthly_6,mensal,validacao_2023,TimesNet,ensemble,,Hyundai Metaplant Georgia,cumulativo,6,7,42,16.814845277463263,20.877651394144344,0.09452008068953423,0.7686027110094369
monthly_6,mensal,validacao_2023,TimesNet,ensemble,,Hyundai Metaplant Georgia,lead_exato,6,7,7,15.135555622271024,16.302384749404563,0.08106828600237842,0.9243661415713461
monthly_6,mensal,validacao_2023,TimesNet,ensemble,,Lucid AMP 1 Casa Grande,cumulativo,1,7,7,23.416355132459778,25.489799816712733,0.09369584544655006,0.9009126214007949
monthly_6,mensal,validacao_2023,TimesNet,ensemble,,Lucid AMP 1 Casa Grande,lead_exato,1,7,7,23.416355132459778,25.489799816712733,0.09369584544655006,0.9009126214007949
monthly_6,mensal,validacao_2023,TimesNet,ensemble,,Lucid AMP 1 Casa Grande,cumulativo,3,7,21,18.750228450782362,21.82874953834638,0.07557242349311126,0.8890059255336127
monthly_6,mensal,validacao_2023,TimesNet,ensemble,,Lucid AMP 1 Casa Grande,lead_exato,3,7,7,14.678299293329312,19.03926763772836,0.06295145498846401,0.8298233177390913
monthly_6,mensal,validacao_2023,TimesNet,ensemble,,Lucid AMP 1 Casa Grande,cumulativo,6,7,42,14.819922259089454,17.97176002625241,0.06345325876073157,0.9278058573025915
monthly_6,mensal,validacao_2023,TimesNet,ensemble,,Lucid AMP 1 Casa Grande,lead_exato,6,7,7,10.863940800401991,12.74904037312016,0.05096269456184339,0.9724035639291547
monthly_6,mensal,validacao_2023,TimesNet,ensemble,,Rivian Normal,cumulativo,1,7,7,18.32299698736851,21.845694254417513,0.11217542638665332,0.9369392017286677
monthly_6,mensal,validacao_2023,TimesNet,ensemble,,Rivian Normal,lead_exato,1,7,7,18.32299698736851,21.845694254417513,0.11217542638665332,0.9369392017286677
monthly_6,mensal,validacao_2023,TimesNet,ensemble,,Rivian Normal,cumulativo,3,7,21,17.73814605333195,20.251495016106524,0.09385169271396884,0.9181336274300353
monthly_6,mensal,validacao_2023,TimesNet,ensemble,,Rivian Normal,lead_exato,3,7,7,18.57927343114032,19.677590109387143,0.08500597380453206,0.8527355402462782
monthly_6,mensal,validacao_2023,TimesNet,ensemble,,Rivian Normal,cumulativo,6,7,42,17.263361497147237,19.1653915115141,0.09013004800908335,0.9285536990456463
monthly_6,mensal,validacao_2023,TimesNet,ensemble,,Rivian Normal,lead_exato,6,7,7,14.448973827233473,15.61838556960768,0.08489889191755368,0.9651368385753982
monthly_6,mensal,validacao_2023,TimesNet,ensemble,,Tesla Fremont Factory,cumulativo,1,7,7,23.35106863631264,26.223662230697048,0.11054749774541175,0.9141899992916537
monthly_6,mensal,validacao_2023,TimesNet,ensemble,,Tesla Fremont Factory,lead_exato,1,7,7,23.35106863631264,26.223662230697048,0.11054749774541175,0.9141899992916537
monthly_6,mensal,validacao_2023,TimesNet,ensemble,,Tesla Fremont Factory,cumulativo,3,7,21,23.3859895170094,28.598207256889705,0.10973497247297871,0.855727706509659
monthly_6,mensal,validacao_2023,TimesNet,ensemble,,Tesla Fremont Factory,lead_exato,3,7,7,22.046571334998276,30.468065422832904,0.10914787396016806,0.6775770763855764
monthly_6,mensal,validacao_2023,TimesNet,ensemble,,Tesla Fremont Factory,cumulativo,6,7,42,18.638312870309385,24.780678864524496,0.09579218941140318,0.8943469494854145
monthly_6,mensal,validacao_2023,TimesNet,ensemble,,Tesla Fremont Factory,lead_exato,6,7,7,9.001326381593909,11.184869294277773,0.04836221406300059,0.985537782485519
monthly_6,mensal,validacao_2023,TimesNet,ensemble,,Tesla Gigafactory Nevada,cumulativo,1,7,7,23.033854373912444,24.36376980350676,0.10201048120761119,0.9253796733802705
monthly_6,mensal,validacao_2023,TimesNet,ensemble,,Tesla Gigafactory Nevada,lead_exato,1,7,7,23.033854373912444,24.36376980350676,0.10201048120761119,0.9253796733802705
monthly_6,mensal,validacao_2023,TimesNet,ensemble,,Tesla Gigafactory Nevada,cumulativo,3,7,21,21.887211630102584,25.25580792571165,0.09672275835533395,0.8780188578066814
monthly_6,mensal,validacao_2023,TimesNet,ensemble,,Tesla Gigafactory Nevada,lead_exato,3,7,7,19.64194054855402,25.69872550070104,0.09218455879424,0.7220380584669507
monthly_6,mensal,validacao_2023,TimesNet,ensemble,,Tesla Gigafactory Nevada,cumulativo,6,7,42,18.470210419261633,23.464855539699002,0.0913988060833516,0.9029001731546134
monthly_6,mensal,validacao_2023,TimesNet,ensemble,,Tesla Gigafactory Nevada,lead_exato,6,7,7,9.304166029820703,12.939577295806865,0.05713363344025646,0.9804966258784814
monthly_6,mensal,validacao_2023,TimesNet,ensemble,,Tesla Gigafactory Texas,cumulativo,1,7,7,19.571636022775717,22.82688447653993,0.10357974335212185,0.8676705519027247
monthly_6,mensal,validacao_2023,TimesNet,ensemble,,Tesla Gigafactory Texas,lead_exato,1,7,7,19.571636022775717,22.82688447653993,0.10357974335212185,0.8676705519027247
monthly_6,mensal,validacao_2023,TimesNet,ensemble,,Tesla Gigafactory Texas,cumulativo,3,7,21,22.993141760744315,27.486389473332853,0.11419480485015077,0.7734456142965238
monthly_6,mensal,validacao_2023,TimesNet,ensemble,,Tesla Gigafactory Texas,lead_exato,3,7,7,26.24805010716947,31.24451491583894,0.12167429199947302,0.546014611123417
monthly_6,mensal,validacao_2023,TimesNet,ensemble,,Tesla Gigafactory Texas,cumulativo,6,7,42,21.473376305446077,26.25817220057118,0.10892238326415517,0.8232394697793994
monthly_6,mensal,validacao_2023,TimesNet,ensemble,,Tesla Gigafactory Texas,lead_exato,6,7,7,15.710197659363489,18.91030022218285,0.08336961381067443,0.9405965069045882
monthly_6,mensal,validacao_2023,DilatedRNN,semente,11.0,BMW San Luis Potosi,cumulativo,1,7,7,7.637010936510608,13.901040563011664,0.049657233171347744,0.8350756320562511
monthly_6,mensal,validacao_2023,DilatedRNN,semente,11.0,BMW San Luis Potosi,lead_exato,1,7,7,7.637010936510608,13.901040563011664,0.049657233171347744,0.8350756320562511
monthly_6,mensal,validacao_2023,DilatedRNN,semente,11.0,BMW San Luis Potosi,cumulativo,3,7,21,11.446421953386054,16.28197486589406,0.05719408962625336,0.666620804465393
monthly_6,mensal,validacao_2023,DilatedRNN,semente,11.0,BMW San Luis Potosi,lead_exato,3,7,7,18.121223021610927,20.92412755199313,0.07234477819871864,0.08537289184069252
monthly_6,mensal,validacao_2023,DilatedRNN,semente,11.0,BMW San Luis Potosi,cumulativo,6,7,42,16.13512474892195,22.826571132876783,0.08418730662442099,0.7400835563369813
monthly_6,mensal,validacao_2023,DilatedRNN,semente,11.0,BMW San Luis Potosi,lead_exato,6,7,7,26.053846641343334,34.830212232977075,0.14677775070331134,0.6874475534900946
monthly_6,mensal,validacao_2023,DilatedRNN,semente,11.0,BYD Camacari,cumulativo,1,7,7,13.753037623254126,17.69924769500906,0.08144349429774037,0.8343224282496116
monthly_6,mensal,validacao_2023,DilatedRNN,semente,11.0,BYD Camacari,lead_exato,1,7,7,13.753037623254126,17.69924769500906,0.08144349429774037,0.8343224282496116
monthly_6,mensal,validacao_2023,DilatedRNN,semente,11.0,BYD Camacari,cumulativo,3,7,21,14.865761329591134,18.22350850542133,0.08657436158167992,0.7644059173448603
monthly_6,mensal,validacao_2023,DilatedRNN,semente,11.0,BYD Camacari,lead_exato,3,7,7,14.08546105547943,15.777384536590473,0.07701930952533374,0.7139435147570657
monthly_6,mensal,validacao_2023,DilatedRNN,semente,11.0,BYD Camacari,cumulativo,6,7,42,16.131772299210958,20.546340419763425,0.09388222901566504,0.7743817993844384
monthly_6,mensal,validacao_2023,DilatedRNN,semente,11.0,BYD Camacari,lead_exato,6,7,7,11.921478618270871,14.862245342785013,0.06125326957490463,0.8836880389528877
monthly_6,mensal,validacao_2023,DilatedRNN,semente,11.0,Ford Rouge Electric Vehicle Center,cumulativo,1,7,7,15.467094983310679,17.950602123609126,0.10029489248747463,0.9492415843943396
monthly_6,mensal,validacao_2023,DilatedRNN,semente,11.0,Ford Rouge Electric Vehicle Center,lead_exato,1,7,7,15.467094983310679,17.950602123609126,0.10029489248747463,0.9492415843943396
monthly_6,mensal,validacao_2023,DilatedRNN,semente,11.0,Ford Rouge Electric Vehicle Center,cumulativo,3,7,21,13.36437137336688,15.910905539005553,0.07991538509568032,0.9397253122965138
monthly_6,mensal,validacao_2023,DilatedRNN,semente,11.0,Ford Rouge Electric Vehicle Center,lead_exato,3,7,7,11.28902213186328,12.909910977349478,0.060578522922242084,0.9253190184474223
monthly_6,mensal,validacao_2023,DilatedRNN,semente,11.0,Ford Rouge Electric Vehicle Center,cumulativo,6,7,42,13.300105125206528,16.241139775578297,0.08398781090466347,0.9453984118975122
monthly_6,mensal,validacao_2023,DilatedRNN,semente,11.0,Ford Rouge Electric Vehicle Center,lead_exato,6,7,7,14.07732890087183,18.31729687583497,0.11366567936224593,0.9504941599100298
monthly_6,mensal,validacao_2023,DilatedRNN,semente,11.0,GM Factory Zero,cumulativo,1,7,7,14.764436962722616,16.557939242077136,0.09209539827045836,0.9570127127872119
monthly_6,mensal,validacao_2023,DilatedRNN,semente,11.0,GM Factory Zero,lead_exato,1,7,7,14.764436962722616,16.557939242077136,0.09209539827045836,0.9570127127872119
monthly_6,mensal,validacao_2023,DilatedRNN,semente,11.0,GM Factory Zero,cumulativo,3,7,21,13.786363373756785,15.945719409725724,0.0798380281855674,0.9393629603092392
monthly_6,mensal,validacao_2023,DilatedRNN,semente,11.0,GM Factory Zero,lead_exato,3,7,7,15.747301327691146,16.874316800685616,0.07893749705504145,0.8702563771393035
monthly_6,mensal,validacao_2023,DilatedRNN,semente,11.0,GM Factory Zero,cumulativo,6,7,42,15.148558125126048,17.579768524172962,0.09073570276796743,0.9360463696473159
monthly_6,mensal,validacao_2023,DilatedRNN,semente,11.0,GM Factory Zero,lead_exato,6,7,7,17.377278636730743,19.10648036827079,0.11866072878426609,0.9455956618332481
monthly_6,mensal,validacao_2023,DilatedRNN,semente,11.0,Hyundai Metaplant Georgia,cumulativo,1,7,7,11.974537928352674,17.76804799513581,0.08468819743929738,0.8688564973759347
monthly_6,mensal,validacao_2023,DilatedRNN,semente,11.0,Hyundai Metaplant Georgia,lead_exato,1,7,7,11.974537928352674,17.76804799513581,0.08468819743929738,0.8688564973759347
monthly_6,mensal,validacao_2023,DilatedRNN,semente,11.0,Hyundai Metaplant Georgia,cumulativo,3,7,21,13.670124722469783,20.14242339127983,0.08971589683930786,0.724871276515396
monthly_6,mensal,validacao_2023,DilatedRNN,semente,11.0,Hyundai Metaplant Georgia,lead_exato,3,7,7,10.900117915641333,19.24216164622305,0.08150276143717736,0.1945424433692473
monthly_6,mensal,validacao_2023,DilatedRNN,semente,11.0,Hyundai Metaplant Georgia,cumulativo,6,7,42,14.846097402299673,20.660554996413875,0.09353721299797739,0.7733900627815833
monthly_6,mensal,validacao_2023,DilatedRNN,semente,11.0,Hyundai Metaplant Georgia,lead_exato,6,7,7,15.578381668826685,16.534587593219207,0.08222298127195354,0.9221962170854184
monthly_6,mensal,validacao_2023,DilatedRNN,semente,11.0,Lucid AMP 1 Casa Grande,cumulativo,1,7,7,21.75727811688541,24.106381487508262,0.08861065251082213,0.9113763689679302
monthly_6,mensal,validacao_2023,DilatedRNN,semente,11.0,Lucid AMP 1 Casa Grande,lead_exato,1,7,7,21.75727811688541,24.106381487508262,0.08861065251082213,0.9113763689679302
monthly_6,mensal,validacao_2023,DilatedRNN,semente,11.0,Lucid AMP 1 Casa Grande,cumulativo,3,7,21,20.33633692000913,24.10556833305635,0.08345490498242573,0.8646442128056022
monthly_6,mensal,validacao_2023,DilatedRNN,semente,11.0,Lucid AMP 1 Casa Grande,lead_exato,3,7,7,15.260983815112922,20.95290183772013,0.06927869716486217,0.793895282922728
monthly_6,mensal,validacao_2023,DilatedRNN,semente,11.0,Lucid AMP 1 Casa Grande,cumulativo,6,7,42,14.723587591711205,19.088364649976185,0.06739567742307048,0.9185561702445233
monthly_6,mensal,validacao_2023,DilatedRNN,semente,11.0,Lucid AMP 1 Casa Grande,lead_exato,6,7,7,10.829219504132409,14.312191299090308,0.057211194908758756,0.965221546121911
monthly_6,mensal,validacao_2023,DilatedRNN,semente,11.0,Rivian Normal,cumulativo,1,7,7,23.15957360835571,23.80170128378681,0.12221932428156333,0.9251410445823821
monthly_6,mensal,validacao_2023,DilatedRNN,semente,11.0,Rivian Normal,lead_exato,1,7,7,23.15957360835571,23.80170128378681,0.12221932428156333,0.9251410445823821
monthly_6,mensal,validacao_2023,DilatedRNN,semente,11.0,Rivian Normal,cumulativo,3,7,21,21.80321071728084,24.249896024707734,0.1123815198950245,0.8826153983811545
monthly_6,mensal,validacao_2023,DilatedRNN,semente,11.0,Rivian Normal,lead_exato,3,7,7,18.15336388837438,19.714578680561154,0.08516576214725119,0.8521813848376936
monthly_6,mensal,validacao_2023,DilatedRNN,semente,11.0,Rivian Normal,cumulativo,6,7,42,19.51158107315964,22.23358078702315,0.10455897561729054,0.9038469237466682
monthly_6,mensal,validacao_2023,DilatedRNN,semente,11.0,Rivian Normal,lead_exato,6,7,7,14.890640537931233,16.4986357112647,0.0896837822190439,0.9610963317020483
monthly_6,mensal,validacao_2023,DilatedRNN,semente,11.0,Tesla Fremont Factory,cumulativo,1,7,7,18.179600501396116,22.68879406013366,0.09564603860984323,0.9357646570615551
monthly_6,mensal,validacao_2023,DilatedRNN,semente,11.0,Tesla Fremont Factory,lead_exato,1,7,7,18.179600501396116,22.68879406013366,0.09564603860984323,0.9357646570615551
monthly_6,mensal,validacao_2023,DilatedRNN,semente,11.0,Tesla Fremont Factory,cumulativo,3,7,21,21.483838219927705,25.673442564430612,0.09851227693357152,0.883728431273219
monthly_6,mensal,validacao_2023,DilatedRNN,semente,11.0,Tesla Fremont Factory,lead_exato,3,7,7,25.09377776234396,29.535707819852714,0.1058078243467908,0.6970081693948753
monthly_6,mensal,validacao_2023,DilatedRNN,semente,11.0,Tesla Fremont Factory,cumulativo,6,7,42,20.162289959705493,24.742188227623178,0.09564340000975788,0.8946749061938364
monthly_6,mensal,validacao_2023,DilatedRNN,semente,11.0,Tesla Fremont Factory,lead_exato,6,7,7,14.340381800655516,17.25525062985946,0.07460991297403215,0.9655796243334078
monthly_6,mensal,validacao_2023,DilatedRNN,semente,11.0,Tesla Gigafactory Nevada,cumulativo,1,7,7,20.493148705680678,23.565078918891544,0.09866638289553455,0.9301918758945064
monthly_6,mensal,validacao_2023,DilatedRNN,semente,11.0,Tesla Gigafactory Nevada,lead_exato,1,7,7,20.493148705680678,23.565078918891544,0.09866638289553455,0.9301918758945064
monthly_6,mensal,validacao_2023,DilatedRNN,semente,11.0,Tesla Gigafactory Nevada,cumulativo,3,7,21,22.073180722492687,25.47502216704111,0.09756228826285164,0.8758921349578455
monthly_6,mensal,validacao_2023,DilatedRNN,semente,11.0,Tesla Gigafactory Nevada,lead_exato,3,7,7,24.805857620578667,28.70330637174156,0.10296236806540125,0.6532423758940507
monthly_6,mensal,validacao_2023,DilatedRNN,semente,11.0,Tesla Gigafactory Nevada,cumulativo,6,7,42,17.938606771736026,22.996170105998743,0.0895732125272188,0.9067403651216781
monthly_6,mensal,validacao_2023,DilatedRNN,semente,11.0,Tesla Gigafactory Nevada,lead_exato,6,7,7,12.77835034224727,19.266243667128684,0.08506850558442093,0.9567621918177709
monthly_6,mensal,validacao_2023,DilatedRNN,semente,11.0,Tesla Gigafactory Texas,cumulativo,1,7,7,15.804029804997429,17.864670832763316,0.08106310004019633,0.9189499557478032
monthly_6,mensal,validacao_2023,DilatedRNN,semente,11.0,Tesla Gigafactory Texas,lead_exato,1,7,7,15.804029804997429,17.864670832763316,0.08106310004019633,0.9189499557478032
monthly_6,mensal,validacao_2023,DilatedRNN,semente,11.0,Tesla Gigafactory Texas,cumulativo,3,7,21,19.515911480851802,21.83322190398027,0.09070818548190888,0.8570537590153685
monthly_6,mensal,validacao_2023,DilatedRNN,semente,11.0,Tesla Gigafactory Texas,lead_exato,3,7,7,21.095655202765947,23.272687751294207,0.09062991736920993,0.7481236518226237
monthly_6,mensal,validacao_2023,DilatedRNN,semente,11.0,Tesla Gigafactory Texas,cumulativo,6,7,42,21.386082622555218,24.82883093297324,0.10299328598444467,0.8419593329929551
monthly_6,mensal,validacao_2023,DilatedRNN,semente,11.0,Tesla Gigafactory Texas,lead_exato,6,7,7,19.010604957943315,23.67065284439602,0.10435652332842993,0.9069244506846081
monthly_6,mensal,validacao_2023,DilatedRNN,semente,23.0,BMW San Luis Potosi,cumulativo,1,7,7,9.394174970717456,14.540464290210005,0.05194137966907591,0.8195542093613408
monthly_6,mensal,validacao_2023,DilatedRNN,semente,23.0,BMW San Luis Potosi,lead_exato,1,7,7,9.394174970717456,14.540464290210005,0.05194137966907591,0.8195542093613408
monthly_6,mensal,validacao_2023,DilatedRNN,semente,23.0,BMW San Luis Potosi,cumulativo,3,7,21,12.017290564468752,17.99893555068554,0.0632252992368527,0.5926028579590008
monthly_6,mensal,validacao_2023,DilatedRNN,semente,23.0,BMW San Luis Potosi,lead_exato,3,7,7,16.98636258496851,24.493623995542325,0.0846862451415104,-0.25330116910213474
monthly_6,mensal,validacao_2023,DilatedRNN,semente,23.0,BMW San Luis Potosi,cumulativo,6,7,42,16.50543053916627,22.92065875342998,0.08453431377301834,0.737936469129188
monthly_6,mensal,validacao_2023,DilatedRNN,semente,23.0,BMW San Luis Potosi,lead_exato,6,7,7,26.3245464395173,33.504295848651935,0.14119021585827096,0.7107911017785813
monthly_6,mensal,validacao_2023,DilatedRNN,semente,23.0,BYD Camacari,cumulativo,1,7,7,13.29731339307945,16.771268099228642,0.07717337489946369,0.8512400891475862
monthly_6,mensal,validacao_2023,DilatedRNN,semente,23.0,BYD Camacari,lead_exato,1,7,7,13.29731339307945,16.771268099228642,0.07717337489946369,0.8512400891475862
monthly_6,mensal,validacao_2023,DilatedRNN,semente,23.0,BYD Camacari,cumulativo,3,7,21,15.270717234749927,18.3148455023579,0.08700827595092551,0.7620383840341312
monthly_6,mensal,validacao_2023,DilatedRNN,semente,23.0,BYD Camacari,lead_exato,3,7,7,16.626827053151146,19.43245766383244,0.09486201392744206,0.5660524532730823
monthly_6,mensal,validacao_2023,DilatedRNN,semente,23.0,BYD Camacari,cumulativo,6,7,42,17.772189227934447,21.655964221221417,0.09895242418042088,0.7493543204557231
monthly_6,mensal,validacao_2023,DilatedRNN,semente,23.0,BYD Camacari,lead_exato,6,7,7,15.50309233252746,19.98723989607749,0.08237542613351226,0.7896409621461246
monthly_6,mensal,validacao_2023,DilatedRNN,semente,23.0,Ford Rouge Electric Vehicle Center,cumulativo,1,7,7,15.071824455872957,16.370620774860257,0.0914671073015634,0.9577836859369177
monthly_6,mensal,validacao_2023,DilatedRNN,semente,23.0,Ford Rouge Electric Vehicle Center,lead_exato,1,7,7,15.071824455872957,16.370620774860257,0.0914671073015634,0.9577836859369177
monthly_6,mensal,validacao_2023,DilatedRNN,semente,23.0,Ford Rouge Electric Vehicle Center,cumulativo,3,7,21,12.60156361919893,14.524420639054402,0.07295151528718245,0.9497723557053986
monthly_6,mensal,validacao_2023,DilatedRNN,semente,23.0,Ford Rouge Electric Vehicle Center,lead_exato,3,7,7,10.943220176537839,14.009875927483316,0.06574000328118924,0.9120507580310608
monthly_6,mensal,validacao_2023,DilatedRNN,semente,23.0,Ford Rouge Electric Vehicle Center,cumulativo,6,7,42,14.901234826223696,16.869220103086935,0.08723580288728627,0.941093627961686
monthly_6,mensal,validacao_2023,DilatedRNN,semente,23.0,Ford Rouge Electric Vehicle Center,lead_exato,6,7,7,15.403253687615136,17.12021001404049,0.10623730757115513,0.9567534126946113
monthly_6,mensal,validacao_2023,DilatedRNN,semente,23.0,GM Factory Zero,cumulativo,1,7,7,19.145877244544213,19.4074840212205,0.1079445904608624,0.9409437393974539
monthly_6,mensal,validacao_2023,DilatedRNN,semente,23.0,GM Factory Zero,lead_exato,1,7,7,19.145877244544213,19.4074840212205,0.1079445904608624,0.9409437393974539
monthly_6,mensal,validacao_2023,DilatedRNN,semente,23.0,GM Factory Zero,cumulativo,3,7,21,14.599826867828337,16.823725258824762,0.0842340829464901,0.9325015048878208
monthly_6,mensal,validacao_2023,DilatedRNN,semente,23.0,GM Factory Zero,lead_exato,3,7,7,13.469464244078868,17.37287083452589,0.08126971637051897,0.8624765352350338
monthly_6,mensal,validacao_2023,DilatedRNN,semente,23.0,GM Factory Zero,cumulativo,6,7,42,15.021322134258927,17.88541495997954,0.09231325733663538,0.933803208652799
monthly_6,mensal,validacao_2023,DilatedRNN,semente,23.0,GM Factory Zero,lead_exato,6,7,7,16.03312343935804,21.955966529959706,0.13635745251828205,0.9281581898006229
monthly_6,mensal,validacao_2023,DilatedRNN,semente,23.0,Hyundai Metaplant Georgia,cumulativo,1,7,7,14.673424060107534,19.92437999069237,0.09496596513974265,0.8350938041896875
monthly_6,mensal,validacao_2023,DilatedRNN,semente,23.0,Hyundai Metaplant Georgia,lead_exato,1,7,7,14.673424060107534,19.92437999069237,0.09496596513974265,0.8350938041896875
monthly_6,mensal,validacao_2023,DilatedRNN,semente,23.0,Hyundai Metaplant Georgia,cumulativo,3,7,21,13.840431113800301,19.318122501711333,0.08604439752979115,0.7469290335945065
monthly_6,mensal,validacao_2023,DilatedRNN,semente,23.0,Hyundai Metaplant Georgia,lead_exato,3,7,7,13.309978564291148,19.043528280647198,0.0806614231246926,0.2110857996115022
monthly_6,mensal,validacao_2023,DilatedRNN,semente,23.0,Hyundai Metaplant Georgia,cumulativo,6,7,42,14.739377546544976,19.497827669364966,0.08827315916846408,0.7981784959456233
monthly_6,mensal,validacao_2023,DilatedRNN,semente,23.0,Hyundai Metaplant Georgia,lead_exato,6,7,7,13.906132529457993,15.057478487729202,0.07487763240052818,0.9354764161055215
monthly_6,mensal,validacao_2023,DilatedRNN,semente,23.0,Lucid AMP 1 Casa Grande,cumulativo,1,7,7,23.00161354729544,24.960845659289628,0.09175150663892515,0.9049823950128911
monthly_6,mensal,validacao_2023,DilatedRNN,semente,23.0,Lucid AMP 1 Casa Grande,lead_exato,1,7,7,23.00161354729544,24.960845659289628,0.09175150663892515,0.9049823950128911
monthly_6,mensal,validacao_2023,DilatedRNN,semente,23.0,Lucid AMP 1 Casa Grande,cumulativo,3,7,21,19.031988620550674,22.225065435260117,0.0769444925961079,0.8849389918112012
monthly_6,mensal,validacao_2023,DilatedRNN,semente,23.0,Lucid AMP 1 Casa Grande,lead_exato,3,7,7,15.695572880407585,20.19068338526664,0.06675849725413033,0.8086177694727383
monthly_6,mensal,validacao_2023,DilatedRNN,semente,23.0,Lucid AMP 1 Casa Grande,cumulativo,6,7,42,14.709595624157688,18.14050186904693,0.06404903901814445,0.9264437910875944
monthly_6,mensal,validacao_2023,DilatedRNN,semente,23.0,Lucid AMP 1 Casa Grande,lead_exato,6,7,7,10.012448501328079,12.958283671450326,0.05179911848002282,0.9714902786968005
monthly_6,mensal,validacao_2023,DilatedRNN,semente,23.0,Rivian Normal,cumulativo,1,7,7,22.242659042465586,23.632254601930118,0.12134923274014967,0.9262031073300014
monthly_6,mensal,validacao_2023,DilatedRNN,semente,23.0,Rivian Normal,lead_exato,1,7,7,22.242659042465586,23.632254601930118,0.12134923274014967,0.9262031073300014
monthly_6,mensal,validacao_2023,DilatedRNN,semente,23.0,Rivian Normal,cumulativo,3,7,21,17.53032481580065,19.79378707236566,0.09173053251051001,0.9217923642913667
monthly_6,mensal,validacao_2023,DilatedRNN,semente,23.0,Rivian Normal,lead_exato,3,7,7,15.835593648786,18.6723490904254,0.08066339469550089,0.8673973982885647
monthly_6,mensal,validacao_2023,DilatedRNN,semente,23.0,Rivian Normal,cumulativo,6,7,42,17.17038242052673,20.092053488845114,0.09448790777181554,0.9214777005470247
monthly_6,mensal,validacao_2023,DilatedRNN,semente,23.0,Rivian Normal,lead_exato,6,7,7,15.338560662246802,17.796733790527192,0.09674002295778875,0.9547336898119482
monthly_6,mensal,validacao_2023,DilatedRNN,semente,23.0,Tesla Fremont Factory,cumulativo,1,7,7,21.830470702897077,24.12709811634631,0.10170929983600638,0.9273624142043089
monthly_6,mensal,validacao_2023,DilatedRNN,semente,23.0,Tesla Fremont Factory,lead_exato,1,7,7,21.830470702897077,24.12709811634631,0.10170929983600638,0.9273624142043089
monthly_6,mensal,validacao_2023,DilatedRNN,semente,23.0,Tesla Fremont Factory,cumulativo,3,7,21,23.72496807208589,28.605890571110518,0.10976445433059827,0.8556501744979504
monthly_6,mensal,validacao_2023,DilatedRNN,semente,23.0,Tesla Fremont Factory,lead_exato,3,7,7,25.47489817567917,30.942315394815694,0.11084681268335983,0.6674616252336343
monthly_6,mensal,validacao_2023,DilatedRNN,semente,23.0,Tesla Fremont Factory,cumulativo,6,7,42,20.04964394606419,24.70491173332924,0.09549930399763815,0.8949920319597592
monthly_6,mensal,validacao_2023,DilatedRNN,semente,23.0,Tesla Fremont Factory,lead_exato,6,7,7,15.266816796913124,16.265550747865458,0.07033055339531916,0.9694148504461552
monthly_6,mensal,validacao_2023,DilatedRNN,semente,23.0,Tesla Gigafactory Nevada,cumulativo,1,7,7,20.074334907450634,23.762992180592462,0.09949504066181228,0.9290143733029681
monthly_6,mensal,validacao_2023,DilatedRNN,semente,23.0,Tesla Gigafactory Nevada,lead_exato,1,7,7,20.074334907450634,23.762992180592462,0.09949504066181228,0.9290143733029681
monthly_6,mensal,validacao_2023,DilatedRNN,semente,23.0,Tesla Gigafactory Nevada,cumulativo,3,7,21,21.094353917542996,24.73058999725903,0.09471131896970676,0.8830395263184263
monthly_6,mensal,validacao_2023,DilatedRNN,semente,23.0,Tesla Gigafactory Nevada,lead_exato,3,7,7,20.927028701962236,24.04827258941869,0.08626417673353891,0.7565947520875977
monthly_6,mensal,validacao_2023,DilatedRNN,semente,23.0,Tesla Gigafactory Nevada,cumulativo,6,7,42,18.867702841788553,22.761820105508235,0.08866038737838176,0.9086314655177589
monthly_6,mensal,validacao_2023,DilatedRNN,semente,23.0,Tesla Gigafactory Nevada,lead_exato,6,7,7,15.032690429634824,17.159288221922303,0.07576541806235923,0.9657020540709595
monthly_6,mensal,validacao_2023,DilatedRNN,semente,23.0,Tesla Gigafactory Texas,cumulativo,1,7,7,16.04265232388655,18.416193043135802,0.08356569863450246,0.9138683163280504
monthly_6,mensal,validacao_2023,DilatedRNN,semente,23.0,Tesla Gigafactory Texas,lead_exato,1,7,7,16.04265232388655,18.416193043135802,0.08356569863450246,0.9138683163280504
monthly_6,mensal,validacao_2023,DilatedRNN,semente,23.0,Tesla Gigafactory Texas,cumulativo,3,7,21,22.18620201749008,25.95256633706835,0.10782239155482491,0.798024960666283
monthly_6,mensal,validacao_2023,DilatedRNN,semente,23.0,Tesla Gigafactory Texas,lead_exato,3,7,7,27.809160820792254,32.12058158493962,0.12508592415296585,0.5201990504997003
monthly_6,mensal,validacao_2023,DilatedRNN,semente,23.0,Tesla Gigafactory Texas,cumulativo,6,7,42,23.348898436266754,26.83592275825387,0.11131896925629152,0.8153754806041571
monthly_6,mensal,validacao_2023,DilatedRNN,semente,23.0,Tesla Gigafactory Texas,lead_exato,6,7,7,23.289363009730064,26.41634754428367,0.11646143462450377,0.8840793853368307
monthly_6,mensal,validacao_2023,DilatedRNN,semente,42.0,BMW San Luis Potosi,cumulativo,1,7,7,9.125580060839834,13.627458074395717,0.04867994306365983,0.8415034124290819
monthly_6,mensal,validacao_2023,DilatedRNN,semente,42.0,BMW San Luis Potosi,lead_exato,1,7,7,9.125580060839834,13.627458074395717,0.04867994306365983,0.8415034124290819
monthly_6,mensal,validacao_2023,DilatedRNN,semente,42.0,BMW San Luis Potosi,cumulativo,3,7,21,12.403802665185031,18.311883638462167,0.06432459960600839,0.5783128430007332
monthly_6,mensal,validacao_2023,DilatedRNN,semente,42.0,BMW San Luis Potosi,lead_exato,3,7,7,17.287926872580424,24.384527879082828,0.08430904736693212,-0.2421614710531712
monthly_6,mensal,validacao_2023,DilatedRNN,semente,42.0,BMW San Luis Potosi,cumulativo,6,7,42,16.700330858743843,22.86594409252509,0.08433251912293106,0.7391861367908954
monthly_6,mensal,validacao_2023,DilatedRNN,semente,42.0,BMW San Luis Potosi,lead_exato,6,7,7,25.291267761024333,31.532773323670824,0.13288203674807705,0.7438260299210498
monthly_6,mensal,validacao_2023,DilatedRNN,semente,42.0,BYD Camacari,cumulativo,1,7,7,12.067771424784723,15.831215830673456,0.07284770282046106,0.8674491106288789
monthly_6,mensal,validacao_2023,DilatedRNN,semente,42.0,BYD Camacari,lead_exato,1,7,7,12.067771424784723,15.831215830673456,0.07284770282046106,0.8674491106288789
monthly_6,mensal,validacao_2023,DilatedRNN,semente,42.0,BYD Camacari,cumulativo,3,7,21,14.066199220075672,17.944005468244374,0.08524652742743148,0.7715773443115913
monthly_6,mensal,validacao_2023,DilatedRNN,semente,42.0,BYD Camacari,lead_exato,3,7,7,14.731377370748987,17.675872466631542,0.08628701984670122,0.6409594538249205
monthly_6,mensal,validacao_2023,DilatedRNN,semente,42.0,BYD Camacari,cumulativo,6,7,42,18.10055846430568,21.994628184743355,0.10049987872138315,0.741453643559502
monthly_6,mensal,validacao_2023,DilatedRNN,semente,42.0,BYD Camacari,lead_exato,6,7,7,21.395277813702055,25.205571997710276,0.10388226413681996,0.6654595471262338
monthly_6,mensal,validacao_2023,DilatedRNN,semente,42.0,Ford Rouge Electric Vehicle Center,cumulativo,1,7,7,14.143778177529384,14.482676072356336,0.08091864716323255,0.9669594209505373
monthly_6,mensal,validacao_2023,DilatedRNN,semente,42.0,Ford Rouge Electric Vehicle Center,lead_exato,1,7,7,14.143778177529384,14.482676072356336,0.08091864716323255,0.9669594209505373
monthly_6,mensal,validacao_2023,DilatedRNN,semente,42.0,Ford Rouge Electric Vehicle Center,cumulativo,3,7,21,12.885097034826773,14.553717131287376,0.07309866218922466,0.9495695279484335
monthly_6,mensal,validacao_2023,DilatedRNN,semente,42.0,Ford Rouge Electric Vehicle Center,lead_exato,3,7,7,15.14704884877626,17.25884029195297,0.08098545792234751,0.8665290529012368
monthly_6,mensal,validacao_2023,DilatedRNN,semente,42.0,Ford Rouge Electric Vehicle Center,cumulativo,6,7,42,12.313944584650255,14.289795386182016,0.07389682308908356,0.9577307748350369
monthly_6,mensal,validacao_2023,DilatedRNN,semente,42.0,Ford Rouge Electric Vehicle Center,lead_exato,6,7,7,9.137706232200019,9.584690351103779,0.059476589128837465,0.9864453021882379
monthly_6,mensal,validacao_2023,DilatedRNN,semente,42.0,GM Factory Zero,cumulativo,1,7,7,15.21159793874946,15.817520721620438,0.0879771841901095,0.9607712658889191
monthly_6,mensal,validacao_2023,DilatedRNN,semente,42.0,GM Factory Zero,lead_exato,1,7,7,15.21159793874946,15.817520721620438,0.0879771841901095,0.9607712658889191
monthly_6,mensal,validacao_2023,DilatedRNN,semente,42.0,GM Factory Zero,cumulativo,3,7,21,12.639095757280236,14.821325341545718,0.0742083414338811,0.9476129628896113
monthly_6,mensal,validacao_2023,DilatedRNN,semente,42.0,GM Factory Zero,lead_exato,3,7,7,12.859802010057072,16.469665774000564,0.07704455290775764,0.8764043471576148
monthly_6,mensal,validacao_2023,DilatedRNN,semente,42.0,GM Factory Zero,cumulativo,6,7,42,12.995116808270765,15.773097374531147,0.0814108031705722,0.9485159306584686
monthly_6,mensal,validacao_2023,DilatedRNN,semente,42.0,GM Factory Zero,lead_exato,6,7,7,14.197841575915358,17.718554520215896,0.11004102021134593,0.9532126201243578
monthly_6,mensal,validacao_2023,DilatedRNN,semente,42.0,Hyundai Metaplant Georgia,cumulativo,1,7,7,13.585403063438077,19.132910664412066,0.09119356928683164,0.8479349430803007
monthly_6,mensal,validacao_2023,DilatedRNN,semente,42.0,Hyundai Metaplant Georgia,lead_exato,1,7,7,13.585403063438077,19.132910664412066,0.09119356928683164,0.8479349430803007
monthly_6,mensal,validacao_2023,DilatedRNN,semente,42.0,Hyundai Metaplant Georgia,cumulativo,3,7,21,13.964805252665775,19.9536981862512,0.08887530031840184,0.730002781606337
monthly_6,mensal,validacao_2023,DilatedRNN,semente,42.0,Hyundai Metaplant Georgia,lead_exato,3,7,7,15.089296261162806,20.778133289987608,0.08800857574004099,0.06082180969101603
monthly_6,mensal,validacao_2023,DilatedRNN,semente,42.0,Hyundai Metaplant Georgia,cumulativo,6,7,42,15.092056088029148,20.0153844658474,0.09061631114669173,0.7873218584891656
monthly_6,mensal,validacao_2023,DilatedRNN,semente,42.0,Hyundai Metaplant Georgia,lead_exato,6,7,7,13.924109380177535,14.864054862031628,0.07391577792041963,0.9371234682330412
monthly_6,mensal,validacao_2023,DilatedRNN,semente,42.0,Lucid AMP 1 Casa Grande,cumulativo,1,7,7,19.45568972972324,21.307046647892317,0.07832080926482586,0.9307639946278271
monthly_6,mensal,validacao_2023,DilatedRNN,semente,42.0,Lucid AMP 1 Casa Grande,lead_exato,1,7,7,19.45568972972324,21.307046647892317,0.07832080926482586,0.9307639946278271
monthly_6,mensal,validacao_2023,DilatedRNN,semente,42.0,Lucid AMP 1 Casa Grande,cumulativo,3,7,21,18.710761761586316,21.121577430114257,0.07312415177915202,0.8960810433470965
monthly_6,mensal,validacao_2023,DilatedRNN,semente,42.0,Lucid AMP 1 Casa Grande,lead_exato,3,7,7,17.562554033315923,20.56903243571445,0.06800947096133303,0.8013780227909401
monthly_6,mensal,validacao_2023,DilatedRNN,semente,42.0,Lucid AMP 1 Casa Grande,cumulativo,6,7,42,15.66925552155673,18.263711813498272,0.06448405887572914,0.925441213115476
monthly_6,mensal,validacao_2023,DilatedRNN,semente,42.0,Lucid AMP 1 Casa Grande,lead_exato,6,7,7,13.825131506155458,16.426470838513698,0.06566276296663125,0.9541872312038874
monthly_6,mensal,validacao_2023,DilatedRNN,semente,42.0,Rivian Normal,cumulativo,1,7,7,18.134902984520064,19.125922183023647,0.09820967239275476,0.9516637971240265
monthly_6,mensal,validacao_2023,DilatedRNN,semente,42.0,Rivian Normal,lead_exato,1,7,7,18.134902984520064,19.125922183023647,0.09820967239275476,0.9516637971240265
monthly_6,mensal,validacao_2023,DilatedRNN,semente,42.0,Rivian Normal,cumulativo,3,7,21,17.011116858722044,18.786302661864422,0.08706153808647983,0.9295511353453206
monthly_6,mensal,validacao_2023,DilatedRNN,semente,42.0,Rivian Normal,lead_exato,3,7,7,15.579513264624309,18.365588491592668,0.07933820785688502,0.8717185598200222
monthly_6,mensal,validacao_2023,DilatedRNN,semente,42.0,Rivian Normal,cumulativo,6,7,42,15.900991953293623,17.854488634410295,0.0839651992932286,0.9379932184312254
monthly_6,mensal,validacao_2023,DilatedRNN,semente,42.0,Rivian Normal,lead_exato,6,7,7,11.69745944289638,14.08640472245235,0.07657130416639088,0.9716407454354566
monthly_6,mensal,validacao_2023,DilatedRNN,semente,42.0,Tesla Fremont Factory,cumulativo,1,7,7,24.271843568068498,27.259993858996904,0.11491621891544232,0.9072737432741288
monthly_6,mensal,validacao_2023,DilatedRNN,semente,42.0,Tesla Fremont Factory,lead_exato,1,7,7,24.271843568068498,27.259993858996904,0.11491621891544232,0.9072737432741288
monthly_6,mensal,validacao_2023,DilatedRNN,semente,42.0,Tesla Fremont Factory,cumulativo,3,7,21,24.212809436115137,29.093797197611938,0.11163661434914693,0.8506840740818221
monthly_6,mensal,validacao_2023,DilatedRNN,semente,42.0,Tesla Fremont Factory,lead_exato,3,7,7,24.821545197730043,31.061873298495186,0.11127511329321646,0.6648868728222657
monthly_6,mensal,validacao_2023,DilatedRNN,semente,42.0,Tesla Fremont Factory,cumulativo,6,7,42,21.10161097121781,25.792006901187065,0.09970157895535674,0.885547333760398
monthly_6,mensal,validacao_2023,DilatedRNN,semente,42.0,Tesla Fremont Factory,lead_exato,6,7,7,16.248730022241098,18.462866992637117,0.07983152080028671,0.9605931841404894
monthly_6,mensal,validacao_2023,DilatedRNN,semente,42.0,Tesla Gigafactory Nevada,cumulativo,1,7,7,24.378619015273816,27.394010604530614,0.11469802196096737,0.9056635759400979
monthly_6,mensal,validacao_2023,DilatedRNN,semente,42.0,Tesla Gigafactory Nevada,lead_exato,1,7,7,24.378619015273816,27.394010604530614,0.11469802196096737,0.9056635759400979
monthly_6,mensal,validacao_2023,DilatedRNN,semente,42.0,Tesla Gigafactory Nevada,cumulativo,3,7,21,23.24063933688473,26.82054622665494,0.10271527322623603,0.8624358083659001
monthly_6,mensal,validacao_2023,DilatedRNN,semente,42.0,Tesla Gigafactory Nevada,lead_exato,3,7,7,21.61182390826824,25.64028363921506,0.09197492049073533,0.7233008558943377
monthly_6,mensal,validacao_2023,DilatedRNN,semente,42.0,Tesla Gigafactory Nevada,cumulativo,6,7,42,19.68592684421318,23.5360495672842,0.0916761165108777,0.9023100638403199
monthly_6,mensal,validacao_2023,DilatedRNN,semente,42.0,Tesla Gigafactory Nevada,lead_exato,6,7,7,11.520044731923235,14.249758519904328,0.06291863028262999,0.9763470898159889
monthly_6,mensal,validacao_2023,DilatedRNN,semente,42.0,Tesla Gigafactory Texas,cumulativo,1,7,7,15.26053735182443,19.443671556039025,0.08822800639602435,0.903989269950156
monthly_6,mensal,validacao_2023,DilatedRNN,semente,42.0,Tesla Gigafactory Texas,lead_exato,1,7,7,15.26053735182443,19.443671556039025,0.08822800639602435,0.903989269950156
monthly_6,mensal,validacao_2023,DilatedRNN,semente,42.0,Tesla Gigafactory Texas,cumulativo,3,7,21,21.263226467935034,25.11550113448323,0.10434472499738931,0.8108437140875927
monthly_6,mensal,validacao_2023,DilatedRNN,semente,42.0,Tesla Gigafactory Texas,lead_exato,3,7,7,24.725072871139087,28.34670316115903,0.11038945705970288,0.6263203782867941
monthly_6,mensal,validacao_2023,DilatedRNN,semente,42.0,Tesla Gigafactory Texas,cumulativo,6,7,42,23.594112395321694,27.195448325516473,0.11281032902541469,0.8103954492184302
monthly_6,mensal,validacao_2023,DilatedRNN,semente,42.0,Tesla Gigafactory Texas,lead_exato,6,7,7,24.02973732320418,27.69042375537603,0.12207843913718391,0.87262789102019
monthly_6,mensal,validacao_2023,DilatedRNN,semente,67.0,BMW San Luis Potosi,cumulativo,1,7,7,10.1422898262654,13.51080105633432,0.048263221400221,0.8442053982344387
monthly_6,mensal,validacao_2023,DilatedRNN,semente,67.0,BMW San Luis Potosi,lead_exato,1,7,7,10.1422898262654,13.51080105633432,0.048263221400221,0.8442053982344387
monthly_6,mensal,validacao_2023,DilatedRNN,semente,67.0,BMW San Luis Potosi,cumulativo,3,7,21,12.628939138446759,16.570455969338163,0.05820744422369988,0.6547026443830368
monthly_6,mensal,validacao_2023,DilatedRNN,semente,67.0,BMW San Luis Potosi,lead_exato,3,7,7,16.848969260065328,21.139118866609873,0.07308810663293656,0.06648110420239095
monthly_6,mensal,validacao_2023,DilatedRNN,semente,67.0,BMW San Luis Potosi,cumulativo,6,7,42,16.838514428271132,23.630896568453363,0.08715376144921852,0.7214438213309109
monthly_6,mensal,validacao_2023,DilatedRNN,semente,67.0,BMW San Luis Potosi,lead_exato,6,7,7,24.738333060627497,36.866410425701,0.15535847908690695,0.6498352954396376
monthly_6,mensal,validacao_2023,DilatedRNN,semente,67.0,BYD Camacari,cumulativo,1,7,7,12.7803896041078,15.922009759259863,0.07326549316570731,0.8659243602026401
monthly_6,mensal,validacao_2023,DilatedRNN,semente,67.0,BYD Camacari,lead_exato,1,7,7,12.7803896041078,15.922009759259863,0.07326549316570731,0.8659243602026401
monthly_6,mensal,validacao_2023,DilatedRNN,semente,67.0,BYD Camacari,cumulativo,3,7,21,14.841734751692337,18.413742335570152,0.0874781048093615,0.7594615466857986
monthly_6,mensal,validacao_2023,DilatedRNN,semente,67.0,BYD Camacari,lead_exato,3,7,7,14.830634874430448,18.768891552090288,0.0916227315462423,0.5951827345034405
monthly_6,mensal,validacao_2023,DilatedRNN,semente,67.0,BYD Camacari,cumulativo,6,7,42,18.889304448396,22.669949125600272,0.10358561729736909,0.7253331394869604
monthly_6,mensal,validacao_2023,DilatedRNN,semente,67.0,BYD Camacari,lead_exato,6,7,7,21.11711143464686,25.15966177596404,0.10369304971302289,0.6666771222601097
monthly_6,mensal,validacao_2023,DilatedRNN,semente,67.0,Ford Rouge Electric Vehicle Center,cumulativo,1,7,7,12.946410400438253,13.860434980557828,0.07744201707731806,0.9697375743481118
monthly_6,mensal,validacao_2023,DilatedRNN,semente,67.0,Ford Rouge Electric Vehicle Center,lead_exato,1,7,7,12.946410400438253,13.860434980557828,0.07744201707731806,0.9697375743481118
monthly_6,mensal,validacao_2023,DilatedRNN,semente,67.0,Ford Rouge Electric Vehicle Center,cumulativo,3,7,21,11.08209973918288,13.693653225249744,0.06877883651435059,0.955353869383659
monthly_6,mensal,validacao_2023,DilatedRNN,semente,67.0,Ford Rouge Electric Vehicle Center,lead_exato,3,7,7,11.258021899734947,14.26909436418957,0.0669563610111092,0.9087660785226526
monthly_6,mensal,validacao_2023,DilatedRNN,semente,67.0,Ford Rouge Electric Vehicle Center,cumulativo,6,7,42,12.693131875374883,15.360135518604853,0.07943187333111011,0.9511614950070147
monthly_6,mensal,validacao_2023,DilatedRNN,semente,67.0,Ford Rouge Electric Vehicle Center,lead_exato,6,7,7,13.178647561044857,17.167424393865247,0.10653029046021491,0.9565145515667254
monthly_6,mensal,validacao_2023,DilatedRNN,semente,67.0,GM Factory Zero,cumulativo,1,7,7,14.240622698439179,14.556147351346176,0.08096141482383745,0.9667784144216844
monthly_6,mensal,validacao_2023,DilatedRNN,semente,67.0,GM Factory Zero,lead_exato,1,7,7,14.240622698439179,14.556147351346176,0.08096141482383745,0.9667784144216844
monthly_6,mensal,validacao_2023,DilatedRNN,semente,67.0,GM Factory Zero,cumulativo,3,7,21,11.626234612288153,14.094554272100918,0.0705694984544042,0.9526246482121972
monthly_6,mensal,validacao_2023,DilatedRNN,semente,67.0,GM Factory Zero,lead_exato,3,7,7,10.071456981824667,13.830805872880406,0.06470005338616065,0.91283771733686
monthly_6,mensal,validacao_2023,DilatedRNN,semente,67.0,GM Factory Zero,cumulativo,6,7,42,13.343955191999525,15.764657624473603,0.08136724249162446,0.9485710113339998
monthly_6,mensal,validacao_2023,DilatedRNN,semente,67.0,GM Factory Zero,lead_exato,6,7,7,14.388331528539636,17.70830206945128,0.10997734740211548,0.9532667494302638
monthly_6,mensal,validacao_2023,DilatedRNN,semente,67.0,Hyundai Metaplant Georgia,cumulativo,1,7,7,13.205421442663269,20.65126392802451,0.09843052638007081,0.8228420624366285
monthly_6,mensal,validacao_2023,DilatedRNN,semente,67.0,Hyundai Metaplant Georgia,lead_exato,1,7,7,13.205421442663269,20.65126392802451,0.09843052638007081,0.8228420624366285
monthly_6,mensal,validacao_2023,DilatedRNN,semente,67.0,Hyundai Metaplant Georgia,cumulativo,3,7,21,13.137317670267445,20.624120383434324,0.09186141214381917,0.7115547695777475
monthly_6,mensal,validacao_2023,DilatedRNN,semente,67.0,Hyundai Metaplant Georgia,lead_exato,3,7,7,13.20514759300256,20.628187485798506,0.0873734601365023,0.0743280944850696
monthly_6,mensal,validacao_2023,DilatedRNN,semente,67.0,Hyundai Metaplant Georgia,cumulativo,6,7,42,14.350247774988924,20.020110826400707,0.09063770895492372,0.7872214045346895
monthly_6,mensal,validacao_2023,DilatedRNN,semente,67.0,Hyundai Metaplant Georgia,lead_exato,6,7,7,12.71802293097247,14.542802539525795,0.07231825856603301,0.9398119609898231
monthly_6,mensal,validacao_2023,DilatedRNN,semente,67.0,Lucid AMP 1 Casa Grande,cumulativo,1,7,7,17.916295258631163,20.30489226416659,0.07463707291042801,0.9371237157559396
monthly_6,mensal,validacao_2023,DilatedRNN,semente,67.0,Lucid AMP 1 Casa Grande,lead_exato,1,7,7,17.916295258631163,20.30489226416659,0.07463707291042801,0.9371237157559396
monthly_6,mensal,validacao_2023,DilatedRNN,semente,67.0,Lucid AMP 1 Casa Grande,cumulativo,3,7,21,14.735506661253789,18.26766101691445,0.06324372416173865,0.9222665458129179
monthly_6,mensal,validacao_2023,DilatedRNN,semente,67.0,Lucid AMP 1 Casa Grande,lead_exato,3,7,7,10.650108961760452,14.67466142108942,0.048520316300931024,0.8989035851890534
monthly_6,mensal,validacao_2023,DilatedRNN,semente,67.0,Lucid AMP 1 Casa Grande,cumulativo,6,7,42,12.476613327881296,15.68400886660996,0.05537584919701022,0.9450161811563532
monthly_6,mensal,validacao_2023,DilatedRNN,semente,67.0,Lucid AMP 1 Casa Grande,lead_exato,6,7,7,10.147146096560464,12.511040982530798,0.05001132176094746,0.9734242885630643
monthly_6,mensal,validacao_2023,DilatedRNN,semente,67.0,Rivian Normal,cumulativo,1,7,7,24.003429000565365,26.43330088202096,0.13573232156024526,0.9076726095667911
monthly_6,mensal,validacao_2023,DilatedRNN,semente,67.0,Rivian Normal,lead_exato,1,7,7,24.003429000565365,26.43330088202096,0.13573232156024526,0.9076726095667911
monthly_6,mensal,validacao_2023,DilatedRNN,semente,67.0,Rivian Normal,cumulativo,3,7,21,20.67518979806271,23.458567570502872,0.1087142590404166,0.8901514450908036
monthly_6,mensal,validacao_2023,DilatedRNN,semente,67.0,Rivian Normal,lead_exato,3,7,7,17.95350624289186,21.532582145277104,0.0930194248182949,0.8236618199455559
monthly_6,mensal,validacao_2023,DilatedRNN,semente,67.0,Rivian Normal,cumulativo,6,7,42,18.932893387366995,21.841507292946044,0.1027151519300453,0.9072082063642957
monthly_6,mensal,validacao_2023,DilatedRNN,semente,67.0,Rivian Normal,lead_exato,6,7,7,17.628450058453364,21.600703991251013,0.11741775904578051,0.9333146710506729
monthly_6,mensal,validacao_2023,DilatedRNN,semente,67.0,Tesla Fremont Factory,cumulativo,1,7,7,22.0252365939022,24.177175803902834,0.1019204054780616,0.9270605712482722
monthly_6,mensal,validacao_2023,DilatedRNN,semente,67.0,Tesla Fremont Factory,lead_exato,1,7,7,22.0252365939022,24.177175803902834,0.1019204054780616,0.9270605712482722
monthly_6,mensal,validacao_2023,DilatedRNN,semente,67.0,Tesla Fremont Factory,cumulativo,3,7,21,23.15910346287527,28.256453436211856,0.10842361943019019,0.859155264157074
monthly_6,mensal,validacao_2023,DilatedRNN,semente,67.0,Tesla Fremont Factory,lead_exato,3,7,7,23.97012203124697,30.379147288602454,0.10882933633157005,0.6794562511989076
monthly_6,mensal,validacao_2023,DilatedRNN,semente,67.0,Tesla Fremont Factory,cumulativo,6,7,42,20.068349659186023,24.647557278711634,0.09527759462436577,0.8954790350090842
monthly_6,mensal,validacao_2023,DilatedRNN,semente,67.0,Tesla Fremont Factory,lead_exato,6,7,7,13.857693652134913,15.763546073261145,0.06815993728036272,0.971273619853595
monthly_6,mensal,validacao_2023,DilatedRNN,semente,67.0,Tesla Gigafactory Nevada,cumulativo,1,7,7,24.4459800047453,27.141627780666063,0.1136413015306482,0.9073938239851596
monthly_6,mensal,validacao_2023,DilatedRNN,semente,67.0,Tesla Gigafactory Nevada,lead_exato,1,7,7,24.4459800047453,27.141627780666063,0.1136413015306482,0.9073938239851596
monthly_6,mensal,validacao_2023,DilatedRNN,semente,67.0,Tesla Gigafactory Nevada,cumulativo,3,7,21,22.291200423605193,25.80012987622158,0.09880736086108381,0.8727042371701182
monthly_6,mensal,validacao_2023,DilatedRNN,semente,67.0,Tesla Gigafactory Nevada,lead_exato,3,7,7,22.681104440772874,26.530473273509486,0.09516814260902283,0.7037542284239846
monthly_6,mensal,validacao_2023,DilatedRNN,semente,67.0,Tesla Gigafactory Nevada,cumulativo,6,7,42,19.986126146819636,23.733107814664415,0.09244368520564157,0.9006673755463446
monthly_6,mensal,validacao_2023,DilatedRNN,semente,67.0,Tesla Gigafactory Nevada,lead_exato,6,7,7,13.03786888072448,15.058245631506418,0.06648843826162898,0.973586963749149
monthly_6,mensal,validacao_2023,DilatedRNN,semente,67.0,Tesla Gigafactory Texas,cumulativo,1,7,7,16.024907505405086,20.230205363385373,0.091796998475799,0.8960645256980461
monthly_6,mensal,validacao_2023,DilatedRNN,semente,67.0,Tesla Gigafactory Texas,lead_exato,1,7,7,16.024907505405086,20.230205363385373,0.091796998475799,0.8960645256980461
monthly_6,mensal,validacao_2023,DilatedRNN,semente,67.0,Tesla Gigafactory Texas,cumulativo,3,7,21,20.271941103559975,24.306074203072036,0.1009818842516946,0.8228395720995711
monthly_6,mensal,validacao_2023,DilatedRNN,semente,67.0,Tesla Gigafactory Texas,lead_exato,3,7,7,22.466839308547865,26.785889433270963,0.1043112412258073,0.66633823220131
monthly_6,mensal,validacao_2023,DilatedRNN,semente,67.0,Tesla Gigafactory Texas,cumulativo,6,7,42,22.248231329717825,25.51875902808171,0.10585519928998993,0.8330542324224821
monthly_6,mensal,validacao_2023,DilatedRNN,semente,67.0,Tesla Gigafactory Texas,lead_exato,6,7,7,20.39667606482265,23.55360906836982,0.10384051383669267,0.9078426323981991
monthly_6,mensal,validacao_2023,DilatedRNN,semente,89.0,BMW San Luis Potosi,cumulativo,1,7,7,10.37440223206087,13.5798963596599,0.04851004332500646,0.8426078318251506
monthly_6,mensal,validacao_2023,DilatedRNN,semente,89.0,BMW San Luis Potosi,lead_exato,1,7,7,10.37440223206087,13.5798963596599,0.04851004332500646,0.8426078318251506
monthly_6,mensal,validacao_2023,DilatedRNN,semente,89.0,BMW San Luis Potosi,cumulativo,3,7,21,12.438667854953284,16.53447366720702,0.058081048314727046,0.6562006241563458
monthly_6,mensal,validacao_2023,DilatedRNN,semente,89.0,BMW San Luis Potosi,lead_exato,3,7,7,15.723802576332869,20.947051165048574,0.07242403616050885,0.08336773842014067
monthly_6,mensal,validacao_2023,DilatedRNN,semente,89.0,BMW San Luis Potosi,cumulativo,6,7,42,16.373675290978696,22.267271985754086,0.08212454001267269,0.7526645169891947
monthly_6,mensal,validacao_2023,DilatedRNN,semente,89.0,BMW San Luis Potosi,lead_exato,6,7,7,23.646977355046406,33.066531068478895,0.13934543439839536,0.7182992948310285
monthly_6,mensal,validacao_2023,DilatedRNN,semente,89.0,BYD Camacari,cumulativo,1,7,7,15.255242247318392,18.65005806726864,0.08581867003773476,0.8160437773721245
monthly_6,mensal,validacao_2023,DilatedRNN,semente,89.0,BYD Camacari,lead_exato,1,7,7,15.255242247318392,18.65005806726864,0.08581867003773476,0.8160437773721245
monthly_6,mensal,validacao_2023,DilatedRNN,semente,89.0,BYD Camacari,cumulativo,3,7,21,16.143036744606455,19.753343248621327,0.09384214243620703,0.723190104472038
monthly_6,mensal,validacao_2023,DilatedRNN,semente,89.0,BYD Camacari,lead_exato,3,7,7,17.48114837146909,20.33629822259417,0.09927422658508346,0.5247462186259464
monthly_6,mensal,validacao_2023,DilatedRNN,semente,89.0,BYD Camacari,cumulativo,6,7,42,18.9286789090492,22.447689962458526,0.10257005028014823,0.7306924782930848
monthly_6,mensal,validacao_2023,DilatedRNN,semente,89.0,BYD Camacari,lead_exato,6,7,7,16.209745192909264,19.815617672055907,0.08166810216525722,0.7932379858824694
monthly_6,mensal,validacao_2023,DilatedRNN,semente,89.0,Ford Rouge Electric Vehicle Center,cumulativo,1,7,7,12.855657443984455,14.604750311536728,0.08160070911356596,0.9664000764929932
monthly_6,mensal,validacao_2023,DilatedRNN,semente,89.0,Ford Rouge Electric Vehicle Center,lead_exato,1,7,7,12.855657443984455,14.604750311536728,0.08160070911356596,0.9664000764929932
monthly_6,mensal,validacao_2023,DilatedRNN,semente,89.0,Ford Rouge Electric Vehicle Center,cumulativo,3,7,21,11.841071544649388,13.530293190717966,0.06795833135599574,0.95641273798881
monthly_6,mensal,validacao_2023,DilatedRNN,semente,89.0,Ford Rouge Electric Vehicle Center,lead_exato,3,7,7,10.54918212188048,12.620937862358039,0.05922254420936527,0.9286248918325049
monthly_6,mensal,validacao_2023,DilatedRNN,semente,89.0,Ford Rouge Electric Vehicle Center,cumulativo,6,7,42,13.522071274953154,15.95492179681231,0.08250769178677621,0.9473059443100175
monthly_6,mensal,validacao_2023,DilatedRNN,semente,89.0,Ford Rouge Electric Vehicle Center,lead_exato,6,7,7,10.879697469004636,13.934619800676355,0.08646952861194387,0.9713500470195425
monthly_6,mensal,validacao_2023,DilatedRNN,semente,89.0,GM Factory Zero,cumulativo,1,7,7,13.916689402874031,14.87763697109032,0.08274954281110025,0.9652947334461425
monthly_6,mensal,validacao_2023,DilatedRNN,semente,89.0,GM Factory Zero,lead_exato,1,7,7,13.916689402874031,14.87763697109032,0.08274954281110025,0.9652947334461425
monthly_6,mensal,validacao_2023,DilatedRNN,semente,89.0,GM Factory Zero,cumulativo,3,7,21,14.450873842277653,16.25765776247146,0.08139986069740024,0.9369673291762891
monthly_6,mensal,validacao_2023,DilatedRNN,semente,89.0,GM Factory Zero,lead_exato,3,7,7,11.864546699168516,14.904995911328747,0.06972507893226902,0.898772771506512
monthly_6,mensal,validacao_2023,DilatedRNN,semente,89.0,GM Factory Zero,cumulativo,6,7,42,16.315497023643832,18.300099429898218,0.09445359762344263,0.9306979954820085
monthly_6,mensal,validacao_2023,DilatedRNN,semente,89.0,GM Factory Zero,lead_exato,6,7,7,14.626745509542454,17.173930267576758,0.10665863321561925,0.9560446708079441
monthly_6,mensal,validacao_2023,DilatedRNN,semente,89.0,Hyundai Metaplant Georgia,cumulativo,1,7,7,13.294023659393522,18.85848482780216,0.08988556801175482,0.8522658373815393
monthly_6,mensal,validacao_2023,DilatedRNN,semente,89.0,Hyundai Metaplant Georgia,lead_exato,1,7,7,13.294023659393522,18.85848482780216,0.08988556801175482,0.8522658373815393
monthly_6,mensal,validacao_2023,DilatedRNN,semente,89.0,Hyundai Metaplant Georgia,cumulativo,3,7,21,12.641264337428073,18.348331530017134,0.08172487424889954,0.7717001377776361
monthly_6,mensal,validacao_2023,DilatedRNN,semente,89.0,Hyundai Metaplant Georgia,lead_exato,3,7,7,12.886364731998453,17.86633409912597,0.07567525897610328,0.3056061832666288
monthly_6,mensal,validacao_2023,DilatedRNN,semente,89.0,Hyundai Metaplant Georgia,cumulativo,6,7,42,14.302053061561939,19.13174691262135,0.08661578966779326,0.8056859348941834
monthly_6,mensal,validacao_2023,DilatedRNN,semente,89.0,Hyundai Metaplant Georgia,lead_exato,6,7,7,14.805613619992657,15.272254407455245,0.0759456672895594,0.9336225935916938
monthly_6,mensal,validacao_2023,DilatedRNN,semente,89.0,Lucid AMP 1 Casa Grande,cumulativo,1,7,7,20.186968717939425,21.17240179307809,0.07782587938708806,0.9316362710250028
monthly_6,mensal,validacao_2023,DilatedRNN,semente,89.0,Lucid AMP 1 Casa Grande,lead_exato,1,7,7,20.186968717939425,21.17240179307809,0.07782587938708806,0.9316362710250028
monthly_6,mensal,validacao_2023,DilatedRNN,semente,89.0,Lucid AMP 1 Casa Grande,cumulativo,3,7,21,17.4975137469373,21.36035868263171,0.07395082661482066,0.8937181364720447
monthly_6,mensal,validacao_2023,DilatedRNN,semente,89.0,Lucid AMP 1 Casa Grande,lead_exato,3,7,7,15.32584630448907,20.931867248966793,0.06920914837799166,0.7943088916803669
monthly_6,mensal,validacao_2023,DilatedRNN,semente,89.0,Lucid AMP 1 Casa Grande,cumulativo,6,7,42,13.98732538308098,17.36126542779984,0.061297773061442615,0.9326273708763194
monthly_6,mensal,validacao_2023,DilatedRNN,semente,89.0,Lucid AMP 1 Casa Grande,lead_exato,6,7,7,11.640407488616006,12.886376636570624,0.05151167910041678,0.9718058083754909
monthly_6,mensal,validacao_2023,DilatedRNN,semente,89.0,Rivian Normal,cumulativo,1,7,7,21.837493032068785,23.63811173249424,0.12137930851209726,0.9261665224499852
monthly_6,mensal,validacao_2023,DilatedRNN,semente,89.0,Rivian Normal,lead_exato,1,7,7,21.837493032068785,23.63811173249424,0.12137930851209726,0.9261665224499852
monthly_6,mensal,validacao_2023,DilatedRNN,semente,89.0,Rivian Normal,cumulativo,3,7,21,20.167422830853585,22.70583215987678,0.10522585028852854,0.897087953361239
monthly_6,mensal,validacao_2023,DilatedRNN,semente,89.0,Rivian Normal,lead_exato,3,7,7,18.12546744944718,20.15742687713166,0.08707883900207897,0.8454659043674553
monthly_6,mensal,validacao_2023,DilatedRNN,semente,89.0,Rivian Normal,cumulativo,6,7,42,18.627906193891913,21.490780481179137,0.10106577135967536,0.9101643459950185
monthly_6,mensal,validacao_2023,DilatedRNN,semente,89.0,Rivian Normal,lead_exato,6,7,7,14.716125017178797,16.61471046735784,0.0903147448833979,0.9605469991487688
monthly_6,mensal,validacao_2023,DilatedRNN,semente,89.0,Tesla Fremont Factory,cumulativo,1,7,7,21.708497346219833,23.81596567885032,0.1003977014738085,0.9292237395716563
monthly_6,mensal,validacao_2023,DilatedRNN,semente,89.0,Tesla Fremont Factory,lead_exato,1,7,7,21.708497346219833,23.81596567885032,0.1003977014738085,0.9292237395716563
monthly_6,mensal,validacao_2023,DilatedRNN,semente,89.0,Tesla Fremont Factory,cumulativo,3,7,21,21.26193554849046,25.34720248189136,0.09726045208471137,0.8866646511928616
monthly_6,mensal,validacao_2023,DilatedRNN,semente,89.0,Tesla Fremont Factory,lead_exato,3,7,7,22.801331895570392,28.03401137494739,0.10042819252506949,0.7270352020656045
monthly_6,mensal,validacao_2023,DilatedRNN,semente,89.0,Tesla Fremont Factory,cumulativo,6,7,42,19.452595024121436,23.244944872831887,0.0898556562670933,0.9070364536497115
monthly_6,mensal,validacao_2023,DilatedRNN,semente,89.0,Tesla Fremont Factory,lead_exato,6,7,7,14.496165710722348,16.86944059410658,0.07294171041879259,0.9671016266492051
monthly_6,mensal,validacao_2023,DilatedRNN,semente,89.0,Tesla Gigafactory Nevada,cumulativo,1,7,7,21.049178506933327,22.010174054568573,0.09215603598613256,0.939100304028594
monthly_6,mensal,validacao_2023,DilatedRNN,semente,89.0,Tesla Gigafactory Nevada,lead_exato,1,7,7,21.049178506933327,22.010174054568573,0.09215603598613256,0.939100304028594
monthly_6,mensal,validacao_2023,DilatedRNN,semente,89.0,Tesla Gigafactory Nevada,cumulativo,3,7,21,19.448790393776292,22.399165366373452,0.0857826075279616,0.9040524619151731
monthly_6,mensal,validacao_2023,DilatedRNN,semente,89.0,Tesla Gigafactory Nevada,lead_exato,3,7,7,20.2866737268783,24.472107598834977,0.0877845261899167,0.7479394309141171
monthly_6,mensal,validacao_2023,DilatedRNN,semente,89.0,Tesla Gigafactory Nevada,cumulativo,6,7,42,19.082631723256362,22.781220421109534,0.08873595424818835,0.9084756489971765
monthly_6,mensal,validacao_2023,DilatedRNN,semente,89.0,Tesla Gigafactory Nevada,lead_exato,6,7,7,16.067745716446634,20.38671710122918,0.09001586336898999,0.9515867580202666
monthly_6,mensal,validacao_2023,DilatedRNN,semente,89.0,Tesla Gigafactory Texas,cumulativo,1,7,7,16.430847445817854,20.34821860158009,0.09233249778745165,0.8948483701596014
monthly_6,mensal,validacao_2023,DilatedRNN,semente,89.0,Tesla Gigafactory Texas,lead_exato,1,7,7,16.430847445817854,20.34821860158009,0.09233249778745165,0.8948483701596014
monthly_6,mensal,validacao_2023,DilatedRNN,semente,89.0,Tesla Gigafactory Texas,cumulativo,3,7,21,21.52582021470695,25.04729736299811,0.10406136597774272,0.8118696665293881
monthly_6,mensal,validacao_2023,DilatedRNN,semente,89.0,Tesla Gigafactory Texas,lead_exato,3,7,7,24.71203126914393,26.931303276099307,0.10487752066463744,0.6627056674659684
monthly_6,mensal,validacao_2023,DilatedRNN,semente,89.0,Tesla Gigafactory Texas,cumulativo,6,7,42,24.673863313033475,28.006811190833858,0.11617596987457024,0.7989131649961467
monthly_6,mensal,validacao_2023,DilatedRNN,semente,89.0,Tesla Gigafactory Texas,lead_exato,6,7,7,25.880504766678623,30.032388149157203,0.13240342947439965,0.850171347919667
monthly_6,mensal,validacao_2023,DilatedRNN,ensemble,,BMW San Luis Potosi,cumulativo,1,7,7,8.955209227732544,13.32528791027789,0.047600532193012565,0.8484543726950152
monthly_6,mensal,validacao_2023,DilatedRNN,ensemble,,BMW San Luis Potosi,lead_exato,1,7,7,8.955209227732544,13.32528791027789,0.047600532193012565,0.8484543726950152
monthly_6,mensal,validacao_2023,DilatedRNN,ensemble,,BMW San Luis Potosi,cumulativo,3,7,21,11.794587788029892,16.738813303186156,0.058798837130312774,0.6476504953901425
monthly_6,mensal,validacao_2023,DilatedRNN,ensemble,,BMW San Luis Potosi,lead_exato,3,7,7,16.584743703382394,22.050844385188956,0.07624038049744149,-0.015780333704809912
monthly_6,mensal,validacao_2023,DilatedRNN,ensemble,,BMW San Luis Potosi,cumulativo,6,7,42,16.276378955915725,22.610403718684353,0.08339005362155473,0.7449830594022311
monthly_6,mensal,validacao_2023,DilatedRNN,ensemble,,BMW San Luis Potosi,lead_exato,6,7,7,25.057279776481874,33.73254829551543,0.14215209287811384,0.7068371312854267
monthly_6,mensal,validacao_2023,DilatedRNN,ensemble,,BYD Camacari,cumulativo,1,7,7,13.430750858508901,16.841559048358825,0.07749682031439402,0.8499905249992048
monthly_6,mensal,validacao_2023,DilatedRNN,ensemble,,BYD Camacari,lead_exato,1,7,7,13.430750858508901,16.841559048358825,0.07749682031439402,0.8499905249992048
monthly_6,mensal,validacao_2023,DilatedRNN,ensemble,,BYD Camacari,cumulativo,3,7,21,14.777955397196225,18.268830826742743,0.08678967418367607,0.7632326033774244
monthly_6,mensal,validacao_2023,DilatedRNN,ensemble,,BYD Camacari,lead_exato,3,7,7,15.187966788552501,18.131499295822305,0.08851122016989833,0.6222110840077384
monthly_6,mensal,validacao_2023,DilatedRNN,ensemble,,BYD Camacari,cumulativo,6,7,42,17.611695864649235,21.43576937053677,0.09794628960960644,0.7544254685940479
monthly_6,mensal,validacao_2023,DilatedRNN,ensemble,,BYD Camacari,lead_exato,6,7,7,16.8142915900116,20.58004760837658,0.0848186243024327,0.7769777074886886
monthly_6,mensal,validacao_2023,DilatedRNN,ensemble,,Ford Rouge Electric Vehicle Center,cumulativo,1,7,7,12.747531997372331,13.734553469844437,0.07673868286623022,0.9702847694214615
monthly_6,mensal,validacao_2023,DilatedRNN,ensemble,,Ford Rouge Electric Vehicle Center,lead_exato,1,7,7,12.747531997372331,13.734553469844437,0.07673868286623022,0.9702847694214615
monthly_6,mensal,validacao_2023,DilatedRNN,ensemble,,Ford Rouge Electric Vehicle Center,cumulativo,3,7,21,10.958593949583697,13.172044806517947,0.06615896440525466,0.9586903445396588
monthly_6,mensal,validacao_2023,DilatedRNN,ensemble,,Ford Rouge Electric Vehicle Center,lead_exato,3,7,7,9.859146051990482,13.330353815610726,0.06255141074151431,0.9203754711371969
monthly_6,mensal,validacao_2023,DilatedRNN,ensemble,,Ford Rouge Electric Vehicle Center,cumulativo,6,7,42,12.428685529570581,14.731485279693006,0.07618093416548005,0.9550773529805634
monthly_6,mensal,validacao_2023,DilatedRNN,ensemble,,Ford Rouge Electric Vehicle Center,lead_exato,6,7,7,12.156813052869703,14.248846593012125,0.08841942340628899,0.9700433608755857
monthly_6,mensal,validacao_2023,DilatedRNN,ensemble,,GM Factory Zero,cumulativo,1,7,7,14.839890438997113,15.266798066711608,0.0849140601202068,0.9634553848890127
monthly_6,mensal,validacao_2023,DilatedRNN,ensemble,,GM Factory Zero,lead_exato,1,7,7,14.839890438997113,15.266798066711608,0.0849140601202068,0.9634553848890127
monthly_6,mensal,validacao_2023,DilatedRNN,ensemble,,GM Factory Zero,cumulativo,3,7,21,12.977183881141693,14.628625488147664,0.07324351972018878,0.9489663302979747
monthly_6,mensal,validacao_2023,DilatedRNN,ensemble,,GM Factory Zero,lead_exato,3,7,7,12.252717086357345,14.981156118218315,0.07008135386642295,0.8977356449844363
monthly_6,mensal,validacao_2023,DilatedRNN,ensemble,,GM Factory Zero,cumulativo,6,7,42,14.188453148515638,16.161249964666194,0.08341420258955103,0.9459508594208309
monthly_6,mensal,validacao_2023,DilatedRNN,ensemble,,GM Factory Zero,lead_exato,6,7,7,14.684451181183046,18.064013638381557,0.11218649284348918,0.9513704051255988
monthly_6,mensal,validacao_2023,DilatedRNN,ensemble,,Hyundai Metaplant Georgia,cumulativo,1,7,7,13.30161839323362,18.957358865032514,0.09035683328461297,0.8507126516103607
monthly_6,mensal,validacao_2023,DilatedRNN,ensemble,,Hyundai Metaplant Georgia,lead_exato,1,7,7,13.30161839323362,18.957358865032514,0.09035683328461297,0.8507126516103607
monthly_6,mensal,validacao_2023,DilatedRNN,ensemble,,Hyundai Metaplant Georgia,cumulativo,3,7,21,12.98300750586482,19.184769492196637,0.08545043300961275,0.7504108724257873
monthly_6,mensal,validacao_2023,DilatedRNN,ensemble,,Hyundai Metaplant Georgia,lead_exato,3,7,7,12.500838694242763,19.053379452340934,0.08070314908621361,0.2102693816375243
monthly_6,mensal,validacao_2023,DilatedRNN,ensemble,,Hyundai Metaplant Georgia,cumulativo,6,7,42,14.432075817954207,19.43689951090118,0.08799731710435735,0.799437856745863
monthly_6,mensal,validacao_2023,DilatedRNN,ensemble,,Hyundai Metaplant Georgia,lead_exato,6,7,7,14.18645202588547,14.61716098617641,0.07268802727855127,0.9391948954919949
monthly_6,mensal,validacao_2023,DilatedRNN,ensemble,,Lucid AMP 1 Casa Grande,cumulativo,1,7,7,20.375859965969635,22.142549504681046,0.08139196506450776,0.9252277002698058
monthly_6,mensal,validacao_2023,DilatedRNN,ensemble,,Lucid AMP 1 Casa Grande,lead_exato,1,7,7,20.375859965969635,22.142549504681046,0.08139196506450776,0.9252277002698058
monthly_6,mensal,validacao_2023,DilatedRNN,ensemble,,Lucid AMP 1 Casa Grande,cumulativo,3,7,21,17.598106564441782,20.962897173435667,0.07257479133426516,0.8976366037604068
monthly_6,mensal,validacao_2023,DilatedRNN,ensemble,,Lucid AMP 1 Casa Grande,lead_exato,3,7,7,14.130983337298842,19.01329376124999,0.06286557493534874,0.8302873201541671
monthly_6,mensal,validacao_2023,DilatedRNN,ensemble,,Lucid AMP 1 Casa Grande,cumulativo,6,7,42,13.794321223621514,17.15643929234277,0.060574589257789954,0.9342077017405609
monthly_6,mensal,validacao_2023,DilatedRNN,ensemble,,Lucid AMP 1 Casa Grande,lead_exato,6,7,7,10.385245279257564,13.198374612339126,0.052758851991682176,0.9704240360765064
monthly_6,mensal,validacao_2023,DilatedRNN,ensemble,,Rivian Normal,cumulativo,1,7,7,21.87561153359511,22.96135658401356,0.1179042393998015,0.930333683564092
monthly_6,mensal,validacao_2023,DilatedRNN,ensemble,,Rivian Normal,lead_exato,1,7,7,21.87561153359511,22.96135658401356,0.1179042393998015,0.930333683564092
monthly_6,mensal,validacao_2023,DilatedRNN,ensemble,,Rivian Normal,cumulativo,3,7,21,19.204455673290536,21.311200211649933,0.09876269441040839,0.9093417801616743
monthly_6,mensal,validacao_2023,DilatedRNN,ensemble,,Rivian Normal,lead_exato,3,7,7,16.858204946583857,19.220597324253532,0.08303179320081089,0.8594962584938008
monthly_6,mensal,validacao_2023,DilatedRNN,ensemble,,Rivian Normal,cumulativo,6,7,42,17.847740708204906,20.205181804895705,0.09501992197829293,0.920590971507499
monthly_6,mensal,validacao_2023,DilatedRNN,ensemble,,Rivian Normal,lead_exato,6,7,7,14.791428349405743,16.79249895872394,0.09128117293355742,0.9596981347277235
monthly_6,mensal,validacao_2023,DilatedRNN,ensemble,,Tesla Fremont Factory,cumulativo,1,7,7,21.43683800497103,23.660504834695658,0.09974234650593641,0.9301447205650215
monthly_6,mensal,validacao_2023,DilatedRNN,ensemble,,Tesla Fremont Factory,lead_exato,1,7,7,21.43683800497103,23.660504834695658,0.09974234650593641,0.9301447205650215
monthly_6,mensal,validacao_2023,DilatedRNN,ensemble,,Tesla Fremont Factory,cumulativo,3,7,21,22.3247395603061,26.919075190898976,0.10329192835539341,0.8721721193776194
monthly_6,mensal,validacao_2023,DilatedRNN,ensemble,,Tesla Fremont Factory,lead_exato,3,7,7,24.04199370940155,29.831930498729957,0.10686900349189028,0.6909000962285589
monthly_6,mensal,validacao_2023,DilatedRNN,ensemble,,Tesla Fremont Factory,cumulativo,6,7,42,19.829489882948987,24.137990630475663,0.09330781384667154,0.8997561194421082
monthly_6,mensal,validacao_2023,DilatedRNN,ensemble,,Tesla Fremont Factory,lead_exato,6,7,7,14.841957596533407,16.651294905617974,0.07199847110092196,0.96794697018401
monthly_6,mensal,validacao_2023,DilatedRNN,ensemble,,Tesla Gigafactory Nevada,cumulativo,1,7,7,22.005571797233625,23.760366241158483,0.09948404592054512,0.9290300610291307
monthly_6,mensal,validacao_2023,DilatedRNN,ensemble,,Tesla Gigafactory Nevada,lead_exato,1,7,7,22.005571797233625,23.760366241158483,0.09948404592054512,0.9290300610291307
monthly_6,mensal,validacao_2023,DilatedRNN,ensemble,,Tesla Gigafactory Nevada,cumulativo,3,7,21,21.448322523109354,24.20878536113465,0.09271295154954713,0.8879230862173514
monthly_6,mensal,validacao_2023,DilatedRNN,ensemble,,Tesla Gigafactory Nevada,lead_exato,3,7,7,21.623601088568222,25.440722779912967,0.09125907060289319,0.7275912479138202
monthly_6,mensal,validacao_2023,DilatedRNN,ensemble,,Tesla Gigafactory Nevada,cumulativo,6,7,42,18.781532044793693,22.25281830203413,0.0866777560745965,0.9126721577502173
monthly_6,mensal,validacao_2023,DilatedRNN,ensemble,,Tesla Gigafactory Nevada,lead_exato,6,7,7,12.48534890146937,16.092661982695514,0.07105581811356565,0.9698334703636284
monthly_6,mensal,validacao_2023,DilatedRNN,ensemble,,Tesla Gigafactory Texas,cumulativo,1,7,7,15.331885886626281,18.514659510611935,0.0840125021148657,0.9129448077993001
monthly_6,mensal,validacao_2023,DilatedRNN,ensemble,,Tesla Gigafactory Texas,lead_exato,1,7,7,15.331885886626281,18.514659510611935,0.0840125021148657,0.9129448077993001
monthly_6,mensal,validacao_2023,DilatedRNN,ensemble,,Tesla Gigafactory Texas,cumulativo,3,7,21,20.662100321385974,23.950629633253676,0.0995051561668789,0.827983165374032
monthly_6,mensal,validacao_2023,DilatedRNN,ensemble,,Tesla Gigafactory Texas,lead_exato,3,7,7,24.161751894477817,27.187746164012516,0.10587617616974572,0.6562515759122127
monthly_6,mensal,validacao_2023,DilatedRNN,ensemble,,Tesla Gigafactory Texas,cumulativo,6,7,42,22.838558742232866,26.000743573415573,0.10785453515286894,0.8266883137524368
monthly_6,mensal,validacao_2023,DilatedRNN,ensemble,,Tesla Gigafactory Texas,lead_exato,6,7,7,22.186496910515928,25.893029457520775,0.11415428845120376,0.8886267567625837
monthly_6,mensal,teste_2024,Persistencia,deterministica,,BMW San Luis Potosi,cumulativo,1,7,7,38.00864519391741,42.366692440054955,0.15936737380807892,0.169716907708496
monthly_6,mensal,teste_2024,Persistencia,deterministica,,BMW San Luis Potosi,lead_exato,1,7,7,38.00864519391741,42.366692440054955,0.15936737380807892,0.169716907708496
monthly_6,mensal,teste_2024,Persistencia,deterministica,,BMW San Luis Potosi,cumulativo,3,7,21,61.942215692429315,73.80101848245789,0.2699900262891703,-2.5617576425142485
monthly_6,mensal,teste_2024,Persistencia,deterministica,,BMW San Luis Potosi,lead_exato,3,7,7,84.3450208391462,95.51592272677152,0.34617536473593435,-6.028920387311011
monthly_6,mensal,teste_2024,Persistencia,deterministica,,BMW San Luis Potosi,cumulativo,6,7,42,73.46514819917225,86.0307258580288,0.32881682357669273,-3.609911613579773
monthly_6,mensal,teste_2024,Persistencia,deterministica,,BMW San Luis Potosi,lead_exato,6,7,7,85.70890372140067,90.80370875113431,0.3906012998082087,-8.703574418900514
monthly_6,mensal,teste_2024,Persistencia,deterministica,,BYD Camacari,cumulativo,1,7,7,23.868554251534597,34.13530961515133,0.155319607624827,0.08577908535175183
monthly_6,mensal,teste_2024,Persistencia,deterministica,,BYD Camacari,lead_exato,1,7,7,23.868554251534597,34.13530961515133,0.155319607624827,0.08577908535175183
monthly_6,mensal,teste_2024,Persistencia,deterministica,,BYD Camacari,cumulativo,3,7,21,36.088434128534224,46.074946668415336,0.21334515547108437,-0.971422397970551
monthly_6,mensal,teste_2024,Persistencia,deterministica,,BYD Camacari,lead_exato,3,7,7,51.028494698660715,57.818886274321244,0.2702749931601374,-2.490518197196417
monthly_6,mensal,teste_2024,Persistencia,deterministica,,BYD Camacari,cumulativo,6,7,42,52.06488654727028,60.562950223336934,0.27405019246512785,-2.099460992813428
monthly_6,mensal,teste_2024,Persistencia,deterministica,,BYD Camacari,lead_exato,6,7,7,67.26664733886719,75.66864614332893,0.315246117502473,-2.979615009621119
monthly_6,mensal,teste_2024,Persistencia,deterministica,,Ford Rouge Electric Vehicle Center,cumulativo,1,7,7,31.61583273751395,42.69213049549576,0.23873479748774962,0.6933352418220757
monthly_6,mensal,teste_2024,Persistencia,deterministica,,Ford Rouge Electric Vehicle Center,lead_exato,1,7,7,31.61583273751395,42.69213049549576,0.23873479748774962,0.6933352418220757
monthly_6,mensal,teste_2024,Persistencia,deterministica,,Ford Rouge Electric Vehicle Center,cumulativo,3,7,21,62.81603349958147,77.41081920379419,0.3869813406807772,-0.5998780199870699
monthly_6,mensal,teste_2024,Persistencia,deterministica,,Ford Rouge Electric Vehicle Center,lead_exato,3,7,7,92.70290320260185,103.04803972544842,0.47720292258501423,-5.395175055954843
monthly_6,mensal,teste_2024,Persistencia,deterministica,,Ford Rouge Electric Vehicle Center,cumulativo,6,7,42,98.52866581508091,118.9672644629431,0.6026149394666084,-2.4563726765160103
monthly_6,mensal,teste_2024,Persistencia,deterministica,,Ford Rouge Electric Vehicle Center,lead_exato,6,7,7,148.57652936662947,163.31620527863885,0.9693519967943267,-3.1745746534604606
monthly_6,mensal,teste_2024,Persistencia,deterministica,,GM Factory Zero,cumulativo,1,7,7,31.47219957624163,42.2321450336203,0.23643122432449742,0.6951041118721009
monthly_6,mensal,teste_2024,Persistencia,deterministica,,GM Factory Zero,lead_exato,1,7,7,31.47219957624163,42.2321450336203,0.23643122432449742,0.6951041118721009
monthly_6,mensal,teste_2024,Persistencia,deterministica,,GM Factory Zero,cumulativo,3,7,21,62.003262111118865,76.74645937615297,0.3840778803483704,-0.5943280038599987
monthly_6,mensal,teste_2024,Persistencia,deterministica,,GM Factory Zero,lead_exato,3,7,7,91.37825775146484,102.33189742887272,0.47446473734523076,-5.428747485255399
monthly_6,mensal,teste_2024,Persistencia,deterministica,,GM Factory Zero,cumulativo,6,7,42,97.83209155854725,118.10998682635228,0.5993969056952804,-2.4329299932275377
monthly_6,mensal,teste_2024,Persistencia,deterministica,,GM Factory Zero,lead_exato,6,7,7,148.0227268763951,162.2012545166317,0.9648216868866875,-3.1415755566213726
monthly_6,mensal,teste_2024,Persistencia,deterministica,,Hyundai Metaplant Georgia,cumulativo,1,7,7,32.11154283796038,37.86952088765154,0.17451519561224257,0.5364374341959256
monthly_6,mensal,teste_2024,Persistencia,deterministica,,Hyundai Metaplant Georgia,lead_exato,1,7,7,32.11154283796038,37.86952088765154,0.17451519561224257,0.5364374341959256
monthly_6,mensal,teste_2024,Persistencia,deterministica,,Hyundai Metaplant Georgia,cumulativo,3,7,21,54.5432132539295,65.81786694005567,0.28808460294618,-1.0486940362757307
monthly_6,mensal,teste_2024,Persistencia,deterministica,,Hyundai Metaplant Georgia,lead_exato,3,7,7,79.42818014962333,89.1309881107657,0.37740586488560657,-5.303849239896982
monthly_6,mensal,teste_2024,Persistencia,deterministica,,Hyundai Metaplant Georgia,cumulativo,6,7,42,78.48424548194522,92.12560581147855,0.41308769859935507,-2.655751606554117
monthly_6,mensal,teste_2024,Persistencia,deterministica,,Hyundai Metaplant Georgia,lead_exato,6,7,7,105.54988316127232,118.23918611616931,0.5956226862001858,-3.5757503398559365
monthly_6,mensal,teste_2024,Persistencia,deterministica,,Lucid AMP 1 Casa Grande,cumulativo,1,7,7,34.46716526576451,43.90605268789694,0.1640208951319058,0.6875695985845601
monthly_6,mensal,teste_2024,Persistencia,deterministica,,Lucid AMP 1 Casa Grande,lead_exato,1,7,7,34.46716526576451,43.90605268789694,0.1640208951319058,0.6875695985845601
monthly_6,mensal,teste_2024,Persistencia,deterministica,,Lucid AMP 1 Casa Grande,cumulativo,3,7,21,66.9709988548642,85.0415533000422,0.29715084938925107,-0.8759952458776152
monthly_6,mensal,teste_2024,Persistencia,deterministica,,Lucid AMP 1 Casa Grande,lead_exato,3,7,7,97.4016854422433,113.56901454257088,0.3754842200051132,-8.134181009044582
monthly_6,mensal,teste_2024,Persistencia,deterministica,,Lucid AMP 1 Casa Grande,cumulativo,6,7,42,100.74875967843192,120.10120682541786,0.4273508463405947,-2.6986041628127095
monthly_6,mensal,teste_2024,Persistencia,deterministica,,Lucid AMP 1 Casa Grande,lead_exato,6,7,7,143.7648424421038,154.39717584854253,0.6205612539171604,-3.9661631047049255
monthly_6,mensal,teste_2024,Persistencia,deterministica,,Rivian Normal,cumulativo,1,7,7,33.56553322928293,43.41992532818551,0.2176557708880567,0.6437551870785145
monthly_6,mensal,teste_2024,Persistencia,deterministica,,Rivian Normal,lead_exato,1,7,7,33.56553322928293,43.41992532818551,0.2176557708880567,0.6437551870785145
monthly_6,mensal,teste_2024,Persistencia,deterministica,,Rivian Normal,cumulativo,3,7,21,63.18779681977772,75.27235095773062,0.3421942526870765,-0.7106082249100705
monthly_6,mensal,teste_2024,Persistencia,deterministica,,Rivian Normal,lead_exato,3,7,7,90.46016148158482,97.77083397501973,0.4170937933438489,-5.188438337159999
monthly_6,mensal,teste_2024,Persistencia,deterministica,,Rivian Normal,cumulativo,6,7,42,96.78525107247489,117.1100931427382,0.5414013317751227,-2.363827252572078
monthly_6,mensal,teste_2024,Persistencia,deterministica,,Rivian Normal,lead_exato,6,7,7,143.1539045061384,164.37985009776062,0.8759903443290364,-2.85980341311517
monthly_6,mensal,teste_2024,Persistencia,deterministica,,Tesla Fremont Factory,cumulativo,1,7,7,39.18206460135324,47.58646168813266,0.19638497144148376,0.7696916282048634
monthly_6,mensal,teste_2024,Persistencia,deterministica,,Tesla Fremont Factory,lead_exato,1,7,7,39.18206460135324,47.58646168813266,0.19638497144148376,0.7696916282048634
monthly_6,mensal,teste_2024,Persistencia,deterministica,,Tesla Fremont Factory,cumulativo,3,7,21,80.01469385056268,98.01041748246168,0.36551065113327064,-0.4402452924859108
monthly_6,mensal,teste_2024,Persistencia,deterministica,,Tesla Fremont Factory,lead_exato,3,7,7,120.64193289620536,133.84742437760306,0.46182832363300114,-5.2214097209512005
monthly_6,mensal,teste_2024,Persistencia,deterministica,,Tesla Fremont Factory,cumulativo,6,7,42,125.1380371820359,149.32430281617292,0.5607956541524052,-2.328072383416692
monthly_6,mensal,teste_2024,Persistencia,deterministica,,Tesla Fremont Factory,lead_exato,6,7,7,184.73208836146765,200.77466020080362,0.8556153847502307,-3.3466239963564597
monthly_6,mensal,teste_2024,Persistencia,deterministica,,Tesla Gigafactory Nevada,cumulativo,1,7,7,40.28918239048549,48.65191030677682,0.1974018329498098,0.7457264323562247
monthly_6,mensal,teste_2024,Persistencia,deterministica,,Tesla Gigafactory Nevada,lead_exato,1,7,7,40.28918239048549,48.65191030677682,0.1974018329498098,0.7457264323562247
monthly_6,mensal,teste_2024,Persistencia,deterministica,,Tesla Gigafactory Nevada,cumulativo,3,7,21,80.0116693405878,97.84045433735727,0.3603347913528965,-0.5388099346758084
monthly_6,mensal,teste_2024,Persistencia,deterministica,,Tesla Gigafactory Nevada,lead_exato,3,7,7,119.31359100341797,133.07527569087517,0.4561425740397357,-5.41484920865326
monthly_6,mensal,teste_2024,Persistencia,deterministica,,Tesla Gigafactory Nevada,cumulativo,6,7,42,125.62678527832031,149.21141133924073,0.5586652063768522,-2.3603994093564213
monthly_6,mensal,teste_2024,Persistencia,deterministica,,Tesla Gigafactory Nevada,lead_exato,6,7,7,184.76915413992745,199.3885236812084,0.8603751773460974,-3.3425058627478608
monthly_6,mensal,teste_2024,Persistencia,deterministica,,Tesla Gigafactory Texas,cumulativo,1,7,7,27.352813720703125,33.307619597301205,0.15603436921826586,0.6202306532675511
monthly_6,mensal,teste_2024,Persistencia,deterministica,,Tesla Gigafactory Texas,lead_exato,1,7,7,27.352813720703125,33.307619597301205,0.15603436921826586,0.6202306532675511
monthly_6,mensal,teste_2024,Persistencia,deterministica,,Tesla Gigafactory Texas,cumulativo,3,7,21,46.90392049153646,53.701495552660546,0.23140580279219394,-0.21137543221649202
monthly_6,mensal,teste_2024,Persistencia,deterministica,,Tesla Gigafactory Texas,lead_exato,3,7,7,69.00709315708706,71.56661791192617,0.2892704675666654,-2.8739769423216095
monthly_6,mensal,teste_2024,Persistencia,deterministica,,Tesla Gigafactory Texas,cumulativo,6,7,42,70.1943012419201,84.31064129577872,0.35748761886426045,-1.8880732942975849
monthly_6,mensal,teste_2024,Persistencia,deterministica,,Tesla Gigafactory Texas,lead_exato,6,7,7,106.21817779541016,121.92904629865393,0.5403978278179083,-2.6053714736027835
monthly_6,mensal,teste_2024,Sazonal ingenuo,deterministica,,BMW San Luis Potosi,cumulativo,1,7,7,28.343004499162948,32.52296459086491,0.12233901578776535,0.5107201544064145
monthly_6,mensal,teste_2024,Sazonal ingenuo,deterministica,,BMW San Luis Potosi,lead_exato,1,7,7,28.343004499162948,32.52296459086491,0.12233901578776535,0.5107201544064145
monthly_6,mensal,teste_2024,Sazonal ingenuo,deterministica,,BMW San Luis Potosi,cumulativo,3,7,21,29.292208716982888,34.18871908572082,0.1250743330451583,0.23562704246738542
monthly_6,mensal,teste_2024,Sazonal ingenuo,deterministica,,BMW San Luis Potosi,lead_exato,3,7,7,33.12725394112723,38.63802007977562,0.14003456504369552,-0.15018262039100327
monthly_6,mensal,teste_2024,Sazonal ingenuo,deterministica,,BMW San Luis Potosi,cumulativo,6,7,42,34.02781422932943,38.24466743226614,0.14617440383540756,0.08898148820480134
monthly_6,mensal,teste_2024,Sazonal ingenuo,deterministica,,BMW San Luis Potosi,lead_exato,6,7,7,41.610015869140625,44.407447878682056,0.19102311019165075,-1.3207918801660141
monthly_6,mensal,teste_2024,Sazonal ingenuo,deterministica,,BYD Camacari,cumulativo,1,7,7,22.869029453822545,26.808382776396904,0.12198124290743094,0.4361225963604428
monthly_6,mensal,teste_2024,Sazonal ingenuo,deterministica,,BYD Camacari,lead_exato,1,7,7,22.869029453822545,26.808382776396904,0.12198124290743094,0.4361225963604428
monthly_6,mensal,teste_2024,Sazonal ingenuo,deterministica,,BYD Camacari,cumulativo,3,7,21,21.26912580217634,25.898487784176172,0.11992020180825698,0.3771279882492681
monthly_6,mensal,teste_2024,Sazonal ingenuo,deterministica,,BYD Camacari,lead_exato,3,7,7,18.368475777762278,24.08076859603411,0.11256580655505502,0.3945320606299575
monthly_6,mensal,teste_2024,Sazonal ingenuo,deterministica,,BYD Camacari,cumulativo,6,7,42,18.565425327845983,23.412522397652275,0.10594276278665077,0.5368000104895362
monthly_6,mensal,teste_2024,Sazonal ingenuo,deterministica,,BYD Camacari,lead_exato,6,7,7,15.055450439453125,19.494246645707282,0.08121574630863967,0.7358673759342804
monthly_6,mensal,teste_2024,Sazonal ingenuo,deterministica,,Ford Rouge Electric Vehicle Center,cumulativo,1,7,7,8.833968571254186,11.039106889839555,0.06173079012933117,0.9794961181569425
monthly_6,mensal,teste_2024,Sazonal ingenuo,deterministica,,Ford Rouge Electric Vehicle Center,lead_exato,1,7,7,8.833968571254186,11.039106889839555,0.06173079012933117,0.9794961181569425
monthly_6,mensal,teste_2024,Sazonal ingenuo,deterministica,,Ford Rouge Electric Vehicle Center,cumulativo,3,7,21,9.57888921101888,12.230195331587652,0.06113948198566019,0.9600653086976666
monthly_6,mensal,teste_2024,Sazonal ingenuo,deterministica,,Ford Rouge Electric Vehicle Center,lead_exato,3,7,7,11.295880998883929,14.33445852524083,0.06638113175314778,0.8762527511444097
monthly_6,mensal,teste_2024,Sazonal ingenuo,deterministica,,Ford Rouge Electric Vehicle Center,cumulativo,6,7,42,12.599482945033483,17.042193419711616,0.08632526268767568,0.929072183194867
monthly_6,mensal,teste_2024,Sazonal ingenuo,deterministica,,Ford Rouge Electric Vehicle Center,lead_exato,6,7,7,14.495403289794922,20.082379847661517,0.11919757119325523,0.9368775240205667
monthly_6,mensal,teste_2024,Sazonal ingenuo,deterministica,,GM Factory Zero,cumulativo,1,7,7,11.007276262555804,13.418444819764263,0.0751214349813861,0.9692199262756898
monthly_6,mensal,teste_2024,Sazonal ingenuo,deterministica,,GM Factory Zero,lead_exato,1,7,7,11.007276262555804,13.418444819764263,0.0751214349813861,0.9692199262756898
monthly_6,mensal,teste_2024,Sazonal ingenuo,deterministica,,GM Factory Zero,cumulativo,3,7,21,12.028328305199032,14.264335542738852,0.07138590893139499,0.9449237872004727
monthly_6,mensal,teste_2024,Sazonal ingenuo,deterministica,,GM Factory Zero,lead_exato,3,7,7,13.724234444754464,15.766730132581028,0.07310289029232359,0.8473883871570196
monthly_6,mensal,teste_2024,Sazonal ingenuo,deterministica,,GM Factory Zero,cumulativo,6,7,42,14.714217231387185,18.144008834274164,0.09207911239682968,0.9189863494598527
monthly_6,mensal,teste_2024,Sazonal ingenuo,deterministica,,GM Factory Zero,lead_exato,6,7,7,15.86381094796317,20.238546790209078,0.12038494346085633,0.9355213670087307
monthly_6,mensal,teste_2024,Sazonal ingenuo,deterministica,,Hyundai Metaplant Georgia,cumulativo,1,7,7,18.460821969168528,21.04933219295486,0.09700223924296916,0.8567794355895341
monthly_6,mensal,teste_2024,Sazonal ingenuo,deterministica,,Hyundai Metaplant Georgia,lead_exato,1,7,7,18.460821969168528,21.04933219295486,0.09700223924296916,0.8567794355895341
monthly_6,mensal,teste_2024,Sazonal ingenuo,deterministica,,Hyundai Metaplant Georgia,cumulativo,3,7,21,20.562556675502233,22.723674085493375,0.09946145219746956,0.7557994711795711
monthly_6,mensal,teste_2024,Sazonal ingenuo,deterministica,,Hyundai Metaplant Georgia,lead_exato,3,7,7,23.872209821428573,25.429896482487795,0.10767738896822045,0.48685800244049926
monthly_6,mensal,teste_2024,Sazonal ingenuo,deterministica,,Hyundai Metaplant Georgia,cumulativo,6,7,42,20.24582236153739,22.75921214399617,0.10205143818252611,0.7768841548139682
monthly_6,mensal,teste_2024,Sazonal ingenuo,deterministica,,Hyundai Metaplant Georgia,lead_exato,6,7,7,17.028954642159597,19.8849881676323,0.10016941469664253,0.8705833567395352
monthly_6,mensal,teste_2024,Sazonal ingenuo,deterministica,,Lucid AMP 1 Casa Grande,cumulativo,1,7,7,8.633161272321429,12.494166481869868,0.046674757688892794,0.9747000842238083
monthly_6,mensal,teste_2024,Sazonal ingenuo,deterministica,,Lucid AMP 1 Casa Grande,lead_exato,1,7,7,8.633161272321429,12.494166481869868,0.046674757688892794,0.9747000842238083
monthly_6,mensal,teste_2024,Sazonal ingenuo,deterministica,,Lucid AMP 1 Casa Grande,cumulativo,3,7,21,8.994473411923362,12.91702286627403,0.045134456831373536,0.9567193053913252
monthly_6,mensal,teste_2024,Sazonal ingenuo,deterministica,,Lucid AMP 1 Casa Grande,lead_exato,3,7,7,9.831534249441964,13.745340361352655,0.04544512801379168,0.8661985267058407
monthly_6,mensal,teste_2024,Sazonal ingenuo,deterministica,,Lucid AMP 1 Casa Grande,cumulativo,6,7,42,9.151759556361608,13.22617688902916,0.04706212399341858,0.9551449066532277
monthly_6,mensal,teste_2024,Sazonal ingenuo,deterministica,,Lucid AMP 1 Casa Grande,lead_exato,6,7,7,9.675297328404017,13.732303748164416,0.05519359785111429,0.9607147901870806
monthly_6,mensal,teste_2024,Sazonal ingenuo,deterministica,,Rivian Normal,cumulativo,1,7,7,18.917571476527623,21.900464254421216,0.10978283343587637,0.9093689424627736
monthly_6,mensal,teste_2024,Sazonal ingenuo,deterministica,,Rivian Normal,lead_exato,1,7,7,18.917571476527623,21.900464254421216,0.10978283343587637,0.9093689424627736
monthly_6,mensal,teste_2024,Sazonal ingenuo,deterministica,,Rivian Normal,cumulativo,3,7,21,18.362181708926247,21.29390258553013,0.09680381958760297,0.8631042010009797
monthly_6,mensal,teste_2024,Sazonal ingenuo,deterministica,,Rivian Normal,lead_exato,3,7,7,17.099328177315847,19.900444546321534,0.08489599165304126,0.7436177323011705
monthly_6,mensal,teste_2024,Sazonal ingenuo,deterministica,,Rivian Normal,cumulativo,6,7,42,18.680929547264462,22.080212591611804,0.10207708133581762,0.8804219318057764
monthly_6,mensal,teste_2024,Sazonal ingenuo,deterministica,,Rivian Normal,lead_exato,6,7,7,19.660680498395646,23.555840613328158,0.12553052528979244,0.9207379610809228
monthly_6,mensal,teste_2024,Sazonal ingenuo,deterministica,,Tesla Fremont Factory,cumulativo,1,7,7,19.466217041015625,23.437716012739806,0.09672530855479396,0.9441306687643776
monthly_6,mensal,teste_2024,Sazonal ingenuo,deterministica,,Tesla Fremont Factory,lead_exato,1,7,7,19.466217041015625,23.437716012739806,0.09672530855479396,0.9441306687643776
monthly_6,mensal,teste_2024,Sazonal ingenuo,deterministica,,Tesla Fremont Factory,cumulativo,3,7,21,18.416739327566965,23.177165068204957,0.08643469656701348,0.9194598166707405
monthly_6,mensal,teste_2024,Sazonal ingenuo,deterministica,,Tesla Fremont Factory,lead_exato,3,7,7,17.95469011579241,23.08234311482213,0.0796435185496466,0.8149757930698773
monthly_6,mensal,teste_2024,Sazonal ingenuo,deterministica,,Tesla Fremont Factory,cumulativo,6,7,42,16.044051760718936,21.40102490020926,0.08037272923496887,0.931640179055132
monthly_6,mensal,teste_2024,Sazonal ingenuo,deterministica,,Tesla Fremont Factory,lead_exato,6,7,7,8.81196049281529,11.652894001331326,0.049659630226398715,0.9853579506553803
monthly_6,mensal,teste_2024,Sazonal ingenuo,deterministica,,Tesla Gigafactory Nevada,cumulativo,1,7,7,17.18618883405413,26.070251356382034,0.10577828025172609,0.9269884012137596
monthly_6,mensal,teste_2024,Sazonal ingenuo,deterministica,,Tesla Gigafactory Nevada,lead_exato,1,7,7,17.18618883405413,26.070251356382034,0.10577828025172609,0.9269884012137596
monthly_6,mensal,teste_2024,Sazonal ingenuo,deterministica,,Tesla Gigafactory Nevada,cumulativo,3,7,21,19.428228832426527,26.928106854203904,0.09917302439521922,0.8834372717449163
monthly_6,mensal,teste_2024,Sazonal ingenuo,deterministica,,Tesla Gigafactory Nevada,lead_exato,3,7,7,21.130628313337052,27.51930737600887,0.09432802327189992,0.7256741704981924
monthly_6,mensal,teste_2024,Sazonal ingenuo,deterministica,,Tesla Gigafactory Nevada,cumulativo,6,7,42,19.014295668829057,25.690741798261424,0.09618918177825457,0.9003814738921367
monthly_6,mensal,teste_2024,Sazonal ingenuo,deterministica,,Tesla Gigafactory Nevada,lead_exato,6,7,7,13.238935198102679,16.481911272121962,0.07112057941924088,0.9703274246306872
monthly_6,mensal,teste_2024,Sazonal ingenuo,deterministica,,Tesla Gigafactory Texas,cumulativo,1,7,7,11.246516636439733,16.03242664245961,0.07510622519530039,0.9120104212640651
monthly_6,mensal,teste_2024,Sazonal ingenuo,deterministica,,Tesla Gigafactory Texas,lead_exato,1,7,7,11.246516636439733,16.03242664245961,0.07510622519530039,0.9120104212640651
monthly_6,mensal,teste_2024,Sazonal ingenuo,deterministica,,Tesla Gigafactory Texas,cumulativo,3,7,21,12.66744631812686,16.8604054515219,0.07265338923541415,0.8805896342939746
monthly_6,mensal,teste_2024,Sazonal ingenuo,deterministica,,Tesla Gigafactory Texas,lead_exato,3,7,7,13.273899623325892,17.22993329675167,0.0696429565391442,0.7754550790492518
monthly_6,mensal,teste_2024,Sazonal ingenuo,deterministica,,Tesla Gigafactory Texas,cumulativo,6,7,42,16.9683963230678,21.770762618237317,0.09231074476054756,0.80742907784721
monthly_6,mensal,teste_2024,Sazonal ingenuo,deterministica,,Tesla Gigafactory Texas,lead_exato,6,7,7,22.783101763044083,26.85039703576635,0.11900278624861783,0.8251614933368199
monthly_6,mensal,teste_2024,Climatologia,deterministica,,BMW San Luis Potosi,cumulativo,1,7,7,14.871204485212038,18.383579698446024,0.06915203073447802,0.843671831967398
monthly_6,mensal,teste_2024,Climatologia,deterministica,,BMW San Luis Potosi,lead_exato,1,7,7,14.871204485212038,18.383579698446024,0.06915203073447802,0.843671831967398
monthly_6,mensal,teste_2024,Climatologia,deterministica,,BMW San Luis Potosi,cumulativo,3,7,21,14.491826230003706,18.582747685043536,0.06798221270079727,0.7741815019628433
monthly_6,mensal,teste_2024,Climatologia,deterministica,,BMW San Luis Potosi,lead_exato,3,7,7,15.336949811662935,19.730929370090923,0.07151018883844953,0.7000615400695365
monthly_6,mensal,teste_2024,Climatologia,deterministica,,BMW San Luis Potosi,cumulativo,6,7,42,15.347283790225063,19.41800514278911,0.07421728350618029,0.765147791827689
monthly_6,mensal,teste_2024,Climatologia,deterministica,,BMW San Luis Potosi,lead_exato,6,7,7,16.357199532645087,20.36324016809017,0.08759452876271848,0.5120016723114873
monthly_6,mensal,teste_2024,Climatologia,deterministica,,BYD Camacari,cumulativo,1,7,7,15.4241219656808,17.66517993362871,0.08037861225946917,0.7551615674131024
monthly_6,mensal,teste_2024,Climatologia,deterministica,,BYD Camacari,lead_exato,1,7,7,15.4241219656808,17.66517993362871,0.08037861225946917,0.7551615674131024
monthly_6,mensal,teste_2024,Climatologia,deterministica,,BYD Camacari,cumulativo,3,7,21,14.545107160295753,17.089942956762776,0.07913316890721248,0.7287740554821484
monthly_6,mensal,teste_2024,Climatologia,deterministica,,BYD Camacari,lead_exato,3,7,7,12.900865391322542,15.928033314426681,0.07445575957112553,0.7351043824162518
monthly_6,mensal,teste_2024,Climatologia,deterministica,,BYD Camacari,cumulativo,6,7,42,11.501664879208517,14.556965332710561,0.06587095140553931,0.8209337145706941
monthly_6,mensal,teste_2024,Climatologia,deterministica,,BYD Camacari,lead_exato,6,7,7,8.678375244140621,12.505816131541684,0.05210097157283263,0.8912990821827464
monthly_6,mensal,teste_2024,Climatologia,deterministica,,Ford Rouge Electric Vehicle Center,cumulativo,1,7,7,14.996981593540742,16.626337565608825,0.09297463690895837,0.9534883870003152
monthly_6,mensal,teste_2024,Climatologia,deterministica,,Ford Rouge Electric Vehicle Center,lead_exato,1,7,7,14.996981593540742,16.626337565608825,0.09297463690895837,0.9534883870003152
monthly_6,mensal,teste_2024,Climatologia,deterministica,,Ford Rouge Electric Vehicle Center,cumulativo,3,7,21,14.361164274669834,16.08357480615216,0.08040275772096818,0.9309364796510378
monthly_6,mensal,teste_2024,Climatologia,deterministica,,Ford Rouge Electric Vehicle Center,lead_exato,3,7,7,14.633269827706474,16.161790663874264,0.07484328435122432,0.8426915969698163
monthly_6,mensal,teste_2024,Climatologia,deterministica,,Ford Rouge Electric Vehicle Center,cumulativo,6,7,42,15.193421772548133,17.53112304640212,0.0888018792487239,0.924944056592527
monthly_6,mensal,teste_2024,Climatologia,deterministica,,Ford Rouge Electric Vehicle Center,lead_exato,6,7,7,13.319446127755302,16.92397644500001,0.10045108709617234,0.9551710573471883
monthly_6,mensal,teste_2024,Climatologia,deterministica,,GM Factory Zero,cumulativo,1,7,7,15.326345607212607,17.00156312180035,0.09518106127731531,0.9505867987230416
monthly_6,mensal,teste_2024,Climatologia,deterministica,,GM Factory Zero,lead_exato,1,7,7,15.326345607212607,17.00156312180035,0.09518106127731531,0.9505867987230416
monthly_6,mensal,teste_2024,Climatologia,deterministica,,GM Factory Zero,cumulativo,3,7,21,14.602407691592258,16.447689365765488,0.082312509522681,0.9267730800844127
monthly_6,mensal,teste_2024,Climatologia,deterministica,,GM Factory Zero,lead_exato,3,7,7,14.794393920898434,16.444970518265976,0.07624757102762031,0.8339761379459979
monthly_6,mensal,teste_2024,Climatologia,deterministica,,GM Factory Zero,cumulativo,6,7,42,15.389654976981024,17.81019904410853,0.09038505958476528,0.9219398734295384
monthly_6,mensal,teste_2024,Climatologia,deterministica,,GM Factory Zero,lead_exato,6,7,7,14.014450073242188,17.605300560897838,0.10472160548900623,0.951208512485843
monthly_6,mensal,teste_2024,Climatologia,deterministica,,Hyundai Metaplant Georgia,cumulativo,1,7,7,13.128623744419647,13.64635728638332,0.06288689836591763,0.9398047514244184
monthly_6,mensal,teste_2024,Climatologia,deterministica,,Hyundai Metaplant Georgia,lead_exato,1,7,7,13.128623744419647,13.64635728638332,0.06288689836591763,0.9398047514244184
monthly_6,mensal,teste_2024,Climatologia,deterministica,,Hyundai Metaplant Georgia,cumulativo,3,7,21,13.57447437104725,14.921807201949546,0.06531270463274373,0.8946990364340217
monthly_6,mensal,teste_2024,Climatologia,deterministica,,Hyundai Metaplant Georgia,lead_exato,3,7,7,15.27166617257255,17.411153349692825,0.07372375789698059,0.7594510546747348
monthly_6,mensal,teste_2024,Climatologia,deterministica,,Hyundai Metaplant Georgia,cumulativo,6,7,42,14.398555682954338,16.284808752708965,0.07302046060411373,0.8857697068781986
monthly_6,mensal,teste_2024,Climatologia,deterministica,,Hyundai Metaplant Georgia,lead_exato,6,7,7,14.997662135532925,17.455536299857098,0.08793119913537657,0.9002745854357537
monthly_6,mensal,teste_2024,Climatologia,deterministica,,Lucid AMP 1 Casa Grande,cumulativo,1,7,7,10.90673522949219,12.132744282523168,0.0453245841016933,0.976142628857282
monthly_6,mensal,teste_2024,Climatologia,deterministica,,Lucid AMP 1 Casa Grande,lead_exato,1,7,7,10.90673522949219,12.132744282523168,0.0453245841016933,0.976142628857282
monthly_6,mensal,teste_2024,Climatologia,deterministica,,Lucid AMP 1 Casa Grande,cumulativo,3,7,21,11.091657075427829,12.451310812065909,0.04350717314347449,0.959783940594095
monthly_6,mensal,teste_2024,Climatologia,deterministica,,Lucid AMP 1 Casa Grande,lead_exato,3,7,7,11.628206525530134,13.170985787519085,0.04354618506680126,0.8771468034035893
monthly_6,mensal,teste_2024,Climatologia,deterministica,,Lucid AMP 1 Casa Grande,cumulativo,6,7,42,11.035470653715588,12.837371309329644,0.0456786541854252,0.9577433253879346
monthly_6,mensal,teste_2024,Climatologia,deterministica,,Lucid AMP 1 Casa Grande,lead_exato,6,7,7,11.70685817173549,13.823853720261276,0.055561560316543315,0.96018923400526
monthly_6,mensal,teste_2024,Climatologia,deterministica,,Rivian Normal,cumulativo,1,7,7,16.408238874162947,20.564790713818272,0.10308735775420821,0.920086713224662
monthly_6,mensal,teste_2024,Climatologia,deterministica,,Rivian Normal,lead_exato,1,7,7,16.408238874162947,20.564790713818272,0.10308735775420821,0.920086713224662
monthly_6,mensal,teste_2024,Climatologia,deterministica,,Rivian Normal,cumulativo,3,7,21,15.495691935221352,19.682713627704146,0.0894792230478916,0.883036718956444
monthly_6,mensal,teste_2024,Climatologia,deterministica,,Rivian Normal,lead_exato,3,7,7,13.651741463797432,17.779223525531076,0.07584678867387619,0.7953611867236265
monthly_6,mensal,teste_2024,Climatologia,deterministica,,Rivian Normal,cumulativo,6,7,42,15.288271531604586,20.076633288694282,0.09281451075964624,0.9011385889582679
monthly_6,mensal,teste_2024,Climatologia,deterministica,,Rivian Normal,lead_exato,6,7,7,12.62105941772461,18.05247386253948,0.09620274495585711,0.9534476643616223
monthly_6,mensal,teste_2024,Climatologia,deterministica,,Tesla Fremont Factory,cumulativo,1,7,7,11.001687622070323,14.735521677785266,0.0608121491114962,0.9779161937285994
monthly_6,mensal,teste_2024,Climatologia,deterministica,,Tesla Fremont Factory,lead_exato,1,7,7,11.001687622070323,14.735521677785266,0.0608121491114962,0.9779161937285994
monthly_6,mensal,teste_2024,Climatologia,deterministica,,Tesla Fremont Factory,cumulativo,3,7,21,8.780640084402913,12.8506562160633,0.047924004832074256,0.97524045856589
monthly_6,mensal,teste_2024,Climatologia,deterministica,,Tesla Fremont Factory,lead_exato,3,7,7,6.045688302176351,9.111551111754673,0.031438575640923554,0.9711694187721912
monthly_6,mensal,teste_2024,Climatologia,deterministica,,Tesla Fremont Factory,cumulativo,6,7,42,7.443738737560464,10.865338837521819,0.04080537920526383,0.9823794962307361
monthly_6,mensal,teste_2024,Climatologia,deterministica,,Tesla Fremont Factory,lead_exato,6,7,7,4.781632123674675,5.548841622136682,0.023646780199723473,0.9966799935118509
monthly_6,mensal,teste_2024,Climatologia,deterministica,,Tesla Gigafactory Nevada,cumulativo,1,7,7,12.779641287667413,15.705388963339889,0.06372355266225105,0.9735028713024803
monthly_6,mensal,teste_2024,Climatologia,deterministica,,Tesla Gigafactory Nevada,lead_exato,1,7,7,12.779641287667413,15.705388963339889,0.06372355266225105,0.9735028713024803
monthly_6,mensal,teste_2024,Climatologia,deterministica,,Tesla Gigafactory Nevada,cumulativo,3,7,21,12.507914806547623,15.549590857370168,0.0572672992491822,0.9611325550069529
monthly_6,mensal,teste_2024,Climatologia,deterministica,,Tesla Gigafactory Nevada,lead_exato,3,7,7,11.884662737165181,15.175642038432473,0.052017599709476774,0.9165769909478579
monthly_6,mensal,teste_2024,Climatologia,deterministica,,Tesla Gigafactory Nevada,cumulativo,6,7,42,11.54274611700149,14.3935139943699,0.05389102210065382,0.9687305320337799
monthly_6,mensal,teste_2024,Climatologia,deterministica,,Tesla Gigafactory Nevada,lead_exato,6,7,7,8.144503566196986,8.46379274083441,0.036521847125258196,0.9921752559993429
monthly_6,mensal,teste_2024,Climatologia,deterministica,,Tesla Gigafactory Texas,cumulativo,1,7,7,11.242912946428577,15.795171760547545,0.07399477033029699,0.9145953688567673
monthly_6,mensal,teste_2024,Climatologia,deterministica,,Tesla Gigafactory Texas,lead_exato,1,7,7,11.242912946428577,15.795171760547545,0.07399477033029699,0.9145953688567673
monthly_6,mensal,teste_2024,Climatologia,deterministica,,Tesla Gigafactory Texas,cumulativo,3,7,21,11.32130759102958,15.768718429030976,0.06794918669435818,0.8955523202394309
monthly_6,mensal,teste_2024,Climatologia,deterministica,,Tesla Gigafactory Texas,lead_exato,3,7,7,10.90164010184152,15.537572891761743,0.06280247839547651,0.8173993151958057
monthly_6,mensal,teste_2024,Climatologia,deterministica,,Tesla Gigafactory Texas,cumulativo,6,7,42,13.13092963809059,17.18313668462388,0.0728586394741712,0.8800367246565773
monthly_6,mensal,teste_2024,Climatologia,deterministica,,Tesla Gigafactory Texas,lead_exato,6,7,7,13.903862871442518,17.41632519825923,0.07719033808118529,0.9264388152848548
monthly_6,mensal,teste_2024,XGBoost,semente,11.0,BMW San Luis Potosi,cumulativo,1,7,7,20.045045312749608,23.18598834481045,0.08721686444806581,0.7513271908060437
monthly_6,mensal,teste_2024,XGBoost,semente,11.0,BMW San Luis Potosi,lead_exato,1,7,7,20.045045312749608,23.18598834481045,0.08721686444806581,0.7513271908060437
monthly_6,mensal,teste_2024,XGBoost,semente,11.0,BMW San Luis Potosi,cumulativo,3,7,21,20.284659503312945,23.532571859386348,0.08609040668561663,0.637858378925976
monthly_6,mensal,teste_2024,XGBoost,semente,11.0,BMW San Luis Potosi,lead_exato,3,7,7,22.152610141432238,25.320490357872714,0.09176825951839462,0.5060519249660742
monthly_6,mensal,teste_2024,XGBoost,semente,11.0,BMW San Luis Potosi,cumulativo,6,7,42,21.534800496423788,25.136580186754983,0.09607416850381302,0.606451910667203
monthly_6,mensal,teste_2024,XGBoost,semente,11.0,BMW San Luis Potosi,lead_exato,6,7,7,23.31763844259584,27.44981423021438,0.11807814091824374,0.11324553043213426
monthly_6,mensal,teste_2024,XGBoost,semente,11.0,BYD Camacari,cumulativo,1,7,7,17.376061859064844,20.062282676211897,0.09128570704232007,0.684205799279975
monthly_6,mensal,teste_2024,XGBoost,semente,11.0,BYD Camacari,lead_exato,1,7,7,17.376061859064844,20.062282676211897,0.09128570704232007,0.684205799279975
monthly_6,mensal,teste_2024,XGBoost,semente,11.0,BYD Camacari,cumulativo,3,7,21,16.40867718508889,18.67464757875893,0.08647097564171875,0.6761418479504051
monthly_6,mensal,teste_2024,XGBoost,semente,11.0,BYD Camacari,lead_exato,3,7,7,16.009471542451916,17.722735902521286,0.08284511573098602,0.672046708277303
monthly_6,mensal,teste_2024,XGBoost,semente,11.0,BYD Camacari,cumulativo,6,7,42,14.304913416133612,16.484391413875944,0.0745926448923626,0.7703756365706946
monthly_6,mensal,teste_2024,XGBoost,semente,11.0,BYD Camacari,lead_exato,6,7,7,13.33691827284981,15.435627180167275,0.06430697240897279,0.8344010061800698
monthly_6,mensal,teste_2024,XGBoost,semente,11.0,Ford Rouge Electric Vehicle Center,cumulativo,1,7,7,15.157721867415992,17.27547015503883,0.0966045924881633,0.9497856362126892
monthly_6,mensal,teste_2024,XGBoost,semente,11.0,Ford Rouge Electric Vehicle Center,lead_exato,1,7,7,15.157721867415992,17.27547015503883,0.0966045924881633,0.9497856362126892
monthly_6,mensal,teste_2024,XGBoost,semente,11.0,Ford Rouge Electric Vehicle Center,cumulativo,3,7,21,11.631365937134,14.636350020660549,0.07316799398230277,0.9428061780885906
monthly_6,mensal,teste_2024,XGBoost,semente,11.0,Ford Rouge Electric Vehicle Center,lead_exato,3,7,7,11.420388327745448,14.823153388184164,0.06864421814926143,0.8676712613023109
monthly_6,mensal,teste_2024,XGBoost,semente,11.0,Ford Rouge Electric Vehicle Center,cumulativo,6,7,42,12.726048422577692,15.846605685640386,0.08026915109053313,0.9386749211794551
monthly_6,mensal,teste_2024,XGBoost,semente,11.0,Ford Rouge Electric Vehicle Center,lead_exato,6,7,7,12.837710277001602,16.975631484011323,0.1007576819936271,0.9548969876370964
monthly_6,mensal,teste_2024,XGBoost,semente,11.0,GM Factory Zero,cumulativo,1,7,7,17.055707203875663,18.87307938305307,0.10565850400817665,0.939109320604194
monthly_6,mensal,teste_2024,XGBoost,semente,11.0,GM Factory Zero,lead_exato,1,7,7,17.055707203875663,18.87307938305307,0.10565850400817665,0.939109320604194
monthly_6,mensal,teste_2024,XGBoost,semente,11.0,GM Factory Zero,cumulativo,3,7,21,12.991520889105004,16.32065434620982,0.0816767623958746,0.9278998595552634
monthly_6,mensal,teste_2024,XGBoost,semente,11.0,GM Factory Zero,lead_exato,3,7,7,13.350629268046955,16.73713274631121,0.07760218946306983,0.8280245577208993
monthly_6,mensal,teste_2024,XGBoost,semente,11.0,GM Factory Zero,cumulativo,6,7,42,14.66431622073131,18.16491836020398,0.09218522624442764,0.9187995183006048
monthly_6,mensal,teste_2024,XGBoost,semente,11.0,GM Factory Zero,lead_exato,6,7,7,14.174143098007253,20.093100980169798,0.11951978818070214,0.9364447977994629
monthly_6,mensal,teste_2024,XGBoost,semente,11.0,Hyundai Metaplant Georgia,cumulativo,1,7,7,10.082900228029368,16.755711239955648,0.07721582307149304,0.9092483622156837
monthly_6,mensal,teste_2024,XGBoost,semente,11.0,Hyundai Metaplant Georgia,lead_exato,1,7,7,10.082900228029368,16.755711239955648,0.07721582307149304,0.9092483622156837
monthly_6,mensal,teste_2024,XGBoost,semente,11.0,Hyundai Metaplant Georgia,cumulativo,3,7,21,13.003383722615798,18.20629632520823,0.07968890351224853,0.8432409183495676
monthly_6,mensal,teste_2024,XGBoost,semente,11.0,Hyundai Metaplant Georgia,lead_exato,3,7,7,16.338083733710977,20.480527962553374,0.08672035992034179,0.6671637104005466
monthly_6,mensal,teste_2024,XGBoost,semente,11.0,Hyundai Metaplant Georgia,cumulativo,6,7,42,14.83540320987443,18.817548217577755,0.0843771676507452,0.8474746462028794
monthly_6,mensal,teste_2024,XGBoost,semente,11.0,Hyundai Metaplant Georgia,lead_exato,6,7,7,15.347973405764915,17.83547225215262,0.08984510331489239,0.8958861075036766
monthly_6,mensal,teste_2024,XGBoost,semente,11.0,Lucid AMP 1 Casa Grande,cumulativo,1,7,7,11.958826057178205,14.34769481790954,0.05359902799373356,0.9666367185408055
monthly_6,mensal,teste_2024,XGBoost,semente,11.0,Lucid AMP 1 Casa Grande,lead_exato,1,7,7,11.958826057178205,14.34769481790954,0.05359902799373356,0.9666367185408055
monthly_6,mensal,teste_2024,XGBoost,semente,11.0,Lucid AMP 1 Casa Grande,cumulativo,3,7,21,13.143695877427625,15.892700989240442,0.05553202422561871,0.9344813726196548
monthly_6,mensal,teste_2024,XGBoost,semente,11.0,Lucid AMP 1 Casa Grande,lead_exato,3,7,7,13.217433963463659,15.767906090159673,0.05213217657319873,0.8239248981137697
monthly_6,mensal,teste_2024,XGBoost,semente,11.0,Lucid AMP 1 Casa Grande,cumulativo,6,7,42,12.431188521680875,14.709394913493794,0.05233979350912939,0.9445204758810685
monthly_6,mensal,teste_2024,XGBoost,semente,11.0,Lucid AMP 1 Casa Grande,lead_exato,6,7,7,10.245945921029245,11.838313542492203,0.04758117275020617,0.9708040943703748
monthly_6,mensal,teste_2024,XGBoost,semente,11.0,Rivian Normal,cumulativo,1,7,7,17.955561039562188,19.518946539191315,0.09784474118274561,0.9280081797897998
monthly_6,mensal,teste_2024,XGBoost,semente,11.0,Rivian Normal,lead_exato,1,7,7,17.955561039562188,19.518946539191315,0.09784474118274561,0.9280081797897998
monthly_6,mensal,teste_2024,XGBoost,semente,11.0,Rivian Normal,cumulativo,3,7,21,18.129546797617458,19.736491438896724,0.0897237013679925,0.882396703328058
monthly_6,mensal,teste_2024,XGBoost,semente,11.0,Rivian Normal,lead_exato,3,7,7,17.76194435627604,19.24489952381798,0.08209941368569422,0.7602306176312903
monthly_6,mensal,teste_2024,XGBoost,semente,11.0,Rivian Normal,cumulativo,6,7,42,15.936092009267467,17.942133679300046,0.08294669407376072,0.9210425328736986
monthly_6,mensal,teste_2024,XGBoost,semente,11.0,Rivian Normal,lead_exato,6,7,7,12.97729320127853,15.271630610437477,0.08138346001013433,0.9666850744313414
monthly_6,mensal,teste_2024,XGBoost,semente,11.0,Tesla Fremont Factory,cumulativo,1,7,7,14.59239405623563,17.81463743878344,0.0735193780025959,0.9677227241778542
monthly_6,mensal,teste_2024,XGBoost,semente,11.0,Tesla Fremont Factory,lead_exato,1,7,7,14.59239405623563,17.81463743878344,0.0735193780025959,0.9677227241778542
monthly_6,mensal,teste_2024,XGBoost,semente,11.0,Tesla Fremont Factory,cumulativo,3,7,21,15.680398333963943,18.304035951509885,0.06826131620345727,0.9497673943395873
monthly_6,mensal,teste_2024,XGBoost,semente,11.0,Tesla Fremont Factory,lead_exato,3,7,7,14.804885100081265,18.21394918032672,0.06284556954160196,0.8847934934733239
monthly_6,mensal,teste_2024,XGBoost,semente,11.0,Tesla Fremont Factory,cumulativo,6,7,42,13.689292475962914,16.72252590837696,0.06280236826160558,0.9582616259453105
monthly_6,mensal,teste_2024,XGBoost,semente,11.0,Tesla Fremont Factory,lead_exato,6,7,7,9.083320214881367,12.466749482873727,0.05312793280140762,0.9832412840830047
monthly_6,mensal,teste_2024,XGBoost,semente,11.0,Tesla Gigafactory Nevada,cumulativo,1,7,7,15.724509086177713,19.67894888205877,0.0798460030726257,0.9583988614248173
monthly_6,mensal,teste_2024,XGBoost,semente,11.0,Tesla Gigafactory Nevada,lead_exato,1,7,7,15.724509086177713,19.67894888205877,0.0798460030726257,0.9583988614248173
monthly_6,mensal,teste_2024,XGBoost,semente,11.0,Tesla Gigafactory Nevada,cumulativo,3,7,21,17.11392955675513,20.099094223532344,0.07402258066429943,0.9350616824892577
monthly_6,mensal,teste_2024,XGBoost,semente,11.0,Tesla Gigafactory Nevada,lead_exato,3,7,7,17.282225619940228,20.35707467598764,0.06977801394298244,0.8498855696875197
monthly_6,mensal,teste_2024,XGBoost,semente,11.0,Tesla Gigafactory Nevada,cumulativo,6,7,42,14.408918060945435,17.92970887508078,0.06713095479138877,0.9514786026807112
monthly_6,mensal,teste_2024,XGBoost,semente,11.0,Tesla Gigafactory Nevada,lead_exato,6,7,7,8.248833327303556,10.527652918633633,0.045427545576241346,0.987893929050517
monthly_6,mensal,teste_2024,XGBoost,semente,11.0,Tesla Gigafactory Texas,cumulativo,1,7,7,12.967153361060793,16.643737678183175,0.07797000030167335,0.9051724696573974
monthly_6,mensal,teste_2024,XGBoost,semente,11.0,Tesla Gigafactory Texas,lead_exato,1,7,7,12.967153361060793,16.643737678183175,0.07797000030167335,0.9051724696573974
monthly_6,mensal,teste_2024,XGBoost,semente,11.0,Tesla Gigafactory Texas,cumulativo,3,7,21,12.534809046747217,16.309903101433928,0.07028121250271634,0.8882599755950706
monthly_6,mensal,teste_2024,XGBoost,semente,11.0,Tesla Gigafactory Texas,lead_exato,3,7,7,12.211587201199693,15.51736008684879,0.0627207787469728,0.8178740960795021
monthly_6,mensal,teste_2024,XGBoost,semente,11.0,Tesla Gigafactory Texas,cumulativo,6,7,42,13.489511692481095,17.28997793963561,0.07331165970107968,0.8785402721794311
monthly_6,mensal,teste_2024,XGBoost,semente,11.0,Tesla Gigafactory Texas,lead_exato,6,7,7,9.719309924697516,13.070426693405526,0.057929020263709954,0.9585699749587789
monthly_6,mensal,teste_2024,XGBoost,semente,23.0,BMW San Luis Potosi,cumulativo,1,7,7,20.170233438962896,22.862379112790663,0.08599956967057018,0.7582202532810824
monthly_6,mensal,teste_2024,XGBoost,semente,23.0,BMW San Luis Potosi,lead_exato,1,7,7,20.170233438962896,22.862379112790663,0.08599956967057018,0.7582202532810824
monthly_6,mensal,teste_2024,XGBoost,semente,23.0,BMW San Luis Potosi,cumulativo,3,7,21,20.54068895396618,23.670409451938276,0.08659466497367233,0.6336036023197504
monthly_6,mensal,teste_2024,XGBoost,semente,23.0,BMW San Luis Potosi,lead_exato,3,7,7,21.054604387564982,24.440440272224485,0.08857872157866661,0.5397909832708869
monthly_6,mensal,teste_2024,XGBoost,semente,23.0,BMW San Luis Potosi,cumulativo,6,7,42,21.689553392839798,25.05864394119624,0.09577628947919095,0.6088885278514122
monthly_6,mensal,teste_2024,XGBoost,semente,23.0,BMW San Luis Potosi,lead_exato,6,7,7,23.260932455899624,26.524247953029285,0.11409672434507291,0.1720373896888745
monthly_6,mensal,teste_2024,XGBoost,semente,23.0,BYD Camacari,cumulativo,1,7,7,18.962346141432526,21.719178833650396,0.09882477623342546,0.6298904748514653
monthly_6,mensal,teste_2024,XGBoost,semente,23.0,BYD Camacari,lead_exato,1,7,7,18.962346141432526,21.719178833650396,0.09882477623342546,0.6298904748514653
monthly_6,mensal,teste_2024,XGBoost,semente,23.0,BYD Camacari,cumulativo,3,7,21,17.563126536465244,20.010076140165843,0.09265453600705695,0.6281673803315182
monthly_6,mensal,teste_2024,XGBoost,semente,23.0,BYD Camacari,lead_exato,3,7,7,18.14706642562669,20.005849300081657,0.09351755336635954,0.5821076232727923
monthly_6,mensal,teste_2024,XGBoost,semente,23.0,BYD Camacari,cumulativo,6,7,42,15.231690440546204,17.613934163965975,0.07970387885501197,0.7378288695755388
monthly_6,mensal,teste_2024,XGBoost,semente,23.0,BYD Camacari,lead_exato,6,7,7,13.098526302130137,15.401822537691244,0.06416613756075915,0.8351255487952526
monthly_6,mensal,teste_2024,XGBoost,semente,23.0,Ford Rouge Electric Vehicle Center,cumulativo,1,7,7,13.808039484636017,16.809250204834058,0.0939974861173855,0.9524593739286691
monthly_6,mensal,teste_2024,XGBoost,semente,23.0,Ford Rouge Electric Vehicle Center,lead_exato,1,7,7,13.808039484636017,16.809250204834058,0.0939974861173855,0.9524593739286691
monthly_6,mensal,teste_2024,XGBoost,semente,23.0,Ford Rouge Electric Vehicle Center,cumulativo,3,7,21,10.728975572439161,14.138468715027441,0.07067905539289752,0.9466310946113404
monthly_6,mensal,teste_2024,XGBoost,semente,23.0,Ford Rouge Electric Vehicle Center,lead_exato,3,7,7,10.53246348241503,13.39030894752321,0.06200889003904374,0.8920173049569717
monthly_6,mensal,teste_2024,XGBoost,semente,23.0,Ford Rouge Electric Vehicle Center,cumulativo,6,7,42,11.78429208916461,15.105518753431182,0.07651526081820657,0.9442766906232639
monthly_6,mensal,teste_2024,XGBoost,semente,23.0,Ford Rouge Electric Vehicle Center,lead_exato,6,7,7,11.936383858055219,16.709508081878727,0.09917812501818302,0.9563000439078608
monthly_6,mensal,teste_2024,XGBoost,semente,23.0,GM Factory Zero,cumulativo,1,7,7,15.146129320504608,18.320780429082696,0.10256652945238741,0.9426209668284729
monthly_6,mensal,teste_2024,XGBoost,semente,23.0,GM Factory Zero,lead_exato,1,7,7,15.146129320504608,18.320780429082696,0.10256652945238741,0.9426209668284729
monthly_6,mensal,teste_2024,XGBoost,semente,23.0,GM Factory Zero,cumulativo,3,7,21,12.35915881148948,15.952957348473802,0.07983662169558853,0.931112030355992
monthly_6,mensal,teste_2024,XGBoost,semente,23.0,GM Factory Zero,lead_exato,3,7,7,12.849188515128779,15.624942948738699,0.07244549000335279,0.8501208593644681
monthly_6,mensal,teste_2024,XGBoost,semente,23.0,GM Factory Zero,cumulativo,6,7,42,13.501750774449144,17.00752242007995,0.0863115523594701,0.9288174061778671
monthly_6,mensal,teste_2024,XGBoost,semente,23.0,GM Factory Zero,lead_exato,6,7,7,13.562744605865719,18.514231579997574,0.11012819967179982,0.9460404207716349
monthly_6,mensal,teste_2024,XGBoost,semente,23.0,Hyundai Metaplant Georgia,cumulativo,1,7,7,10.152227105820916,15.640388673395554,0.07207605020635886,0.9209278004951228
monthly_6,mensal,teste_2024,XGBoost,semente,23.0,Hyundai Metaplant Georgia,lead_exato,1,7,7,10.152227105820916,15.640388673395554,0.07207605020635886,0.9209278004951228
monthly_6,mensal,teste_2024,XGBoost,semente,23.0,Hyundai Metaplant Georgia,cumulativo,3,7,21,12.969041661410756,17.800452555041677,0.0779125265674731,0.8501517814530699
monthly_6,mensal,teste_2024,XGBoost,semente,23.0,Hyundai Metaplant Georgia,lead_exato,3,7,7,17.032200340117146,21.16407387861046,0.08961468705736349,0.6445758662285987
monthly_6,mensal,teste_2024,XGBoost,semente,23.0,Hyundai Metaplant Georgia,cumulativo,6,7,42,14.766684058426332,18.69591607254312,0.08383177375699019,0.8494400487020524
monthly_6,mensal,teste_2024,XGBoost,semente,23.0,Hyundai Metaplant Georgia,lead_exato,6,7,7,15.317091182645186,17.813910050937917,0.08973648504179914,0.8961376923976713
monthly_6,mensal,teste_2024,XGBoost,semente,23.0,Lucid AMP 1 Casa Grande,cumulativo,1,7,7,11.018443822718316,13.616828302105203,0.05086871240384657,0.9699491734981132
monthly_6,mensal,teste_2024,XGBoost,semente,23.0,Lucid AMP 1 Casa Grande,lead_exato,1,7,7,11.018443822718316,13.616828302105203,0.05086871240384657,0.9699491734981132
monthly_6,mensal,teste_2024,XGBoost,semente,23.0,Lucid AMP 1 Casa Grande,cumulativo,3,7,21,12.668343720819642,15.263179843716562,0.05333236140383412,0.9395690518501255
monthly_6,mensal,teste_2024,XGBoost,semente,23.0,Lucid AMP 1 Casa Grande,lead_exato,3,7,7,13.942379750181967,16.590192151480302,0.05485083572155575,0.805081647828184
monthly_6,mensal,teste_2024,XGBoost,semente,23.0,Lucid AMP 1 Casa Grande,cumulativo,6,7,42,11.831316087409194,14.054974134325766,0.050011196809457086,0.9493472285353576
monthly_6,mensal,teste_2024,XGBoost,semente,23.0,Lucid AMP 1 Casa Grande,lead_exato,6,7,7,9.240702424066674,11.043354820158985,0.044386032820785355,0.9745935300536278
monthly_6,mensal,teste_2024,XGBoost,semente,23.0,Rivian Normal,cumulativo,1,7,7,16.40841212956227,18.656357586788108,0.09352074794747933,0.9342305636923388
monthly_6,mensal,teste_2024,XGBoost,semente,23.0,Rivian Normal,lead_exato,1,7,7,16.40841212956227,18.656357586788108,0.09352074794747933,0.9342305636923388
monthly_6,mensal,teste_2024,XGBoost,semente,23.0,Rivian Normal,cumulativo,3,7,21,16.799707976002686,18.455925190043516,0.08390214265530277,0.8971625646556395
monthly_6,mensal,teste_2024,XGBoost,semente,23.0,Rivian Normal,lead_exato,3,7,7,15.979217565889874,17.270784372954644,0.07367776948675522,0.8068980975261673
monthly_6,mensal,teste_2024,XGBoost,semente,23.0,Rivian Normal,cumulativo,6,7,42,15.735696194054483,17.546448444834343,0.08111743660196981,0.9244866945071801
monthly_6,mensal,teste_2024,XGBoost,semente,23.0,Rivian Normal,lead_exato,6,7,7,14.26521330808047,16.620444244332035,0.08857137093041013,0.960540345238839
monthly_6,mensal,teste_2024,XGBoost,semente,23.0,Tesla Fremont Factory,cumulativo,1,7,7,12.778226628413677,15.243937752963593,0.06291033571462384,0.9763660000246209
monthly_6,mensal,teste_2024,XGBoost,semente,23.0,Tesla Fremont Factory,lead_exato,1,7,7,12.778226628413677,15.243937752963593,0.06291033571462384,0.9763660000246209
monthly_6,mensal,teste_2024,XGBoost,semente,23.0,Tesla Fremont Factory,cumulativo,3,7,21,14.523872423610912,16.591138843212093,0.061873402005558305,0.9587290580013856
monthly_6,mensal,teste_2024,XGBoost,semente,23.0,Tesla Fremont Factory,lead_exato,3,7,7,15.047154722094742,17.285646652751996,0.05964254638200316,0.8962375951583058
monthly_6,mensal,teste_2024,XGBoost,semente,23.0,Tesla Fremont Factory,cumulativo,6,7,42,13.321029090450864,16.113994278626542,0.0605169941668179,0.9612440682804996
monthly_6,mensal,teste_2024,XGBoost,semente,23.0,Tesla Fremont Factory,lead_exato,6,7,7,8.519957083955953,11.16502641947915,0.047580548093543264,0.986558312814702
monthly_6,mensal,teste_2024,XGBoost,semente,23.0,Tesla Gigafactory Nevada,cumulativo,1,7,7,13.94611433151448,18.05271481702732,0.07324766842927023,0.9649904551359827
monthly_6,mensal,teste_2024,XGBoost,semente,23.0,Tesla Gigafactory Nevada,lead_exato,1,7,7,13.94611433151448,18.05271481702732,0.07324766842927023,0.9649904551359827
monthly_6,mensal,teste_2024,XGBoost,semente,23.0,Tesla Gigafactory Nevada,cumulativo,3,7,21,16.10788556670728,19.732699039672717,0.07267319064947449,0.9374076806945821
monthly_6,mensal,teste_2024,XGBoost,semente,23.0,Tesla Gigafactory Nevada,lead_exato,3,7,7,18.663006338268,22.883438467974216,0.07843763968529126,0.810314441672537
monthly_6,mensal,teste_2024,XGBoost,semente,23.0,Tesla Gigafactory Nevada,cumulativo,6,7,42,14.8563484334806,18.94752759932593,0.0709417887117372,0.9458133977099327
monthly_6,mensal,teste_2024,XGBoost,semente,23.0,Tesla Gigafactory Nevada,lead_exato,6,7,7,7.919275312371923,10.117682507493008,0.04365849508788061,0.9888184453124523
monthly_6,mensal,teste_2024,XGBoost,semente,23.0,Tesla Gigafactory Texas,cumulativo,1,7,7,13.680740199278375,17.694727018462245,0.08289351212113864,0.8928183472441479
monthly_6,mensal,teste_2024,XGBoost,semente,23.0,Tesla Gigafactory Texas,lead_exato,1,7,7,13.680740199278375,17.694727018462245,0.08289351212113864,0.8928183472441479
monthly_6,mensal,teste_2024,XGBoost,semente,23.0,Tesla Gigafactory Texas,cumulativo,3,7,21,13.356415717954238,16.669664945440697,0.07183146687588829,0.8832761129593302
monthly_6,mensal,teste_2024,XGBoost,semente,23.0,Tesla Gigafactory Texas,lead_exato,3,7,7,13.902567286041046,16.207872623529916,0.06551181303326827,0.8013044806791378
monthly_6,mensal,teste_2024,XGBoost,semente,23.0,Tesla Gigafactory Texas,cumulativo,6,7,42,14.009241070223455,17.544613230821827,0.07439134504715149,0.8749363721304443
monthly_6,mensal,teste_2024,XGBoost,semente,23.0,Tesla Gigafactory Texas,lead_exato,6,7,7,11.8873776798131,15.583452410979394,0.06906692120079332,0.9411070888447474
monthly_6,mensal,teste_2024,XGBoost,semente,42.0,BMW San Luis Potosi,cumulativo,1,7,7,21.221107063274303,24.34160302159068,0.09156384707912953,0.7259212121795298
monthly_6,mensal,teste_2024,XGBoost,semente,42.0,BMW San Luis Potosi,lead_exato,1,7,7,21.221107063274303,24.34160302159068,0.09156384707912953,0.7259212121795298
monthly_6,mensal,teste_2024,XGBoost,semente,42.0,BMW San Luis Potosi,cumulativo,3,7,21,20.4436753692738,23.47564684512331,0.08588215500544447,0.6396082924880993
monthly_6,mensal,teste_2024,XGBoost,semente,42.0,BMW San Luis Potosi,lead_exato,3,7,7,19.397520733510905,22.18260791529424,0.0803957305405258,0.6208925847136818
monthly_6,mensal,teste_2024,XGBoost,semente,42.0,BMW San Luis Potosi,cumulativo,6,7,42,21.185885618884413,24.672401649235084,0.09430003826420952,0.6208524296674063
monthly_6,mensal,teste_2024,XGBoost,semente,42.0,BMW San Luis Potosi,lead_exato,6,7,7,22.397503713599267,26.245931301804205,0.11289951723512186,0.18932171081550142
monthly_6,mensal,teste_2024,XGBoost,semente,42.0,BYD Camacari,cumulativo,1,7,7,18.52167419797271,20.905654305137215,0.09512314551771182,0.6570972334658756
monthly_6,mensal,teste_2024,XGBoost,semente,42.0,BYD Camacari,lead_exato,1,7,7,18.52167419797271,20.905654305137215,0.09512314551771182,0.6570972334658756
monthly_6,mensal,teste_2024,XGBoost,semente,42.0,BYD Camacari,cumulativo,3,7,21,17.192348331407068,19.82255365790922,0.09178623303496067,0.6351039112624484
monthly_6,mensal,teste_2024,XGBoost,semente,42.0,BYD Camacari,lead_exato,3,7,7,17.290535962226254,20.051932896915336,0.09373297162536791,0.5801801705601575
monthly_6,mensal,teste_2024,XGBoost,semente,42.0,BYD Camacari,cumulativo,6,7,42,14.955323734808081,17.384950373437853,0.07866771645482813,0.744601089800929
monthly_6,mensal,teste_2024,XGBoost,semente,42.0,BYD Camacari,lead_exato,6,7,7,13.393230171249343,15.77435043421893,0.06571814065619275,0.8270533706952056
monthly_6,mensal,teste_2024,XGBoost,semente,42.0,Ford Rouge Electric Vehicle Center,cumulativo,1,7,7,13.36362336623545,16.16534158490032,0.0903967430250089,0.9560318709900818
monthly_6,mensal,teste_2024,XGBoost,semente,42.0,Ford Rouge Electric Vehicle Center,lead_exato,1,7,7,13.36362336623545,16.16534158490032,0.0903967430250089,0.9560318709900818
monthly_6,mensal,teste_2024,XGBoost,semente,42.0,Ford Rouge Electric Vehicle Center,cumulativo,3,7,21,11.718874849254528,14.65125123693337,0.07324248605860866,0.9426896611497707
monthly_6,mensal,teste_2024,XGBoost,semente,42.0,Ford Rouge Electric Vehicle Center,lead_exato,3,7,7,11.417148059573394,14.419144254159075,0.06677330105058128,0.8747862734334644
monthly_6,mensal,teste_2024,XGBoost,semente,42.0,Ford Rouge Electric Vehicle Center,cumulativo,6,7,42,12.848625436404973,15.814972854016125,0.08010891863498777,0.9389195097987424
monthly_6,mensal,teste_2024,XGBoost,semente,42.0,Ford Rouge Electric Vehicle Center,lead_exato,6,7,7,12.47049226231502,16.145770864112254,0.09583210190445174,0.9591989592834359
monthly_6,mensal,teste_2024,XGBoost,semente,42.0,GM Factory Zero,cumulativo,1,7,7,15.198520208753848,17.665572963517775,0.09889843484940802,0.9466516806470194
monthly_6,mensal,teste_2024,XGBoost,semente,42.0,GM Factory Zero,lead_exato,1,7,7,15.198520208753848,17.665572963517775,0.09889843484940802,0.9466516806470194
monthly_6,mensal,teste_2024,XGBoost,semente,42.0,GM Factory Zero,cumulativo,3,7,21,12.22812014389859,15.657191240488627,0.07835645934338065,0.9336427027085379
monthly_6,mensal,teste_2024,XGBoost,semente,42.0,GM Factory Zero,lead_exato,3,7,7,12.294567362158107,16.29891458529187,0.07557037856253936,0.8369121222178278
monthly_6,mensal,teste_2024,XGBoost,semente,42.0,GM Factory Zero,cumulativo,6,7,42,13.89223472841031,17.344458731678134,0.0880214719692763,0.9259690695732601
monthly_6,mensal,teste_2024,XGBoost,semente,42.0,GM Factory Zero,lead_exato,6,7,7,13.061340839651377,18.08616049678768,0.10758190454084798,0.9485067940160372
monthly_6,mensal,teste_2024,XGBoost,semente,42.0,Hyundai Metaplant Georgia,cumulativo,1,7,7,10.910393107087591,17.702856850540012,0.08158058126304189,0.8986985989493363
monthly_6,mensal,teste_2024,XGBoost,semente,42.0,Hyundai Metaplant Georgia,lead_exato,1,7,7,10.910393107087591,17.702856850540012,0.08158058126304189,0.8986985989493363
monthly_6,mensal,teste_2024,XGBoost,semente,42.0,Hyundai Metaplant Georgia,cumulativo,3,7,21,13.241130001794621,18.33686596117757,0.08026040641083552,0.8409844054714523
monthly_6,mensal,teste_2024,XGBoost,semente,42.0,Hyundai Metaplant Georgia,lead_exato,3,7,7,16.527422756996334,20.56977766588668,0.08709826845912552,0.6642565328791983
monthly_6,mensal,teste_2024,XGBoost,semente,42.0,Hyundai Metaplant Georgia,cumulativo,6,7,42,15.115783582241658,18.911430092703693,0.08479813039388662,0.8459489334861536
monthly_6,mensal,teste_2024,XGBoost,semente,42.0,Hyundai Metaplant Georgia,lead_exato,6,7,7,15.775612469048806,18.31677759707377,0.09226964962513834,0.8901910846440974
monthly_6,mensal,teste_2024,XGBoost,semente,42.0,Lucid AMP 1 Casa Grande,cumulativo,1,7,7,11.286997899578514,13.208221950944553,0.04934227184790869,0.9717256119101678
monthly_6,mensal,teste_2024,XGBoost,semente,42.0,Lucid AMP 1 Casa Grande,lead_exato,1,7,7,11.286997899578514,13.208221950944553,0.04934227184790869,0.9717256119101678
monthly_6,mensal,teste_2024,XGBoost,semente,42.0,Lucid AMP 1 Casa Grande,cumulativo,3,7,21,12.405541910679027,15.357877626952458,0.053663252899013476,0.9388168587198377
monthly_6,mensal,teste_2024,XGBoost,semente,42.0,Lucid AMP 1 Casa Grande,lead_exato,3,7,7,13.294551296799195,16.637957578368972,0.05500875876183873,0.8039576390028794
monthly_6,mensal,teste_2024,XGBoost,semente,42.0,Lucid AMP 1 Casa Grande,cumulativo,6,7,42,12.406329776864444,14.946240274223697,0.053182549947929356,0.9427194696135555
monthly_6,mensal,teste_2024,XGBoost,semente,42.0,Lucid AMP 1 Casa Grande,lead_exato,6,7,7,11.184462543553918,12.595997588438978,0.05062649633881245,0.9669472641892964
monthly_6,mensal,teste_2024,XGBoost,semente,42.0,Rivian Normal,cumulativo,1,7,7,20.067076848293684,22.45639289042623,0.11256959722954579,0.904709325501947
monthly_6,mensal,teste_2024,XGBoost,semente,42.0,Rivian Normal,lead_exato,1,7,7,20.067076848293684,22.45639289042623,0.11256959722954579,0.904709325501947
monthly_6,mensal,teste_2024,XGBoost,semente,42.0,Rivian Normal,cumulativo,3,7,21,19.04534551654069,20.984336850059034,0.09539650848121088,0.8670555862425406
monthly_6,mensal,teste_2024,XGBoost,semente,42.0,Rivian Normal,lead_exato,3,7,7,17.060157721489695,18.35750228890654,0.0783137460805,0.7818327232718376
monthly_6,mensal,teste_2024,XGBoost,semente,42.0,Rivian Normal,cumulativo,6,7,42,17.10246172138659,19.065867638134456,0.08814172932262139,0.9108424390127485
monthly_6,mensal,teste_2024,XGBoost,semente,42.0,Rivian Normal,lead_exato,6,7,7,13.884778261673896,15.731143762214796,0.08383223389458391,0.9646500645083713
monthly_6,mensal,teste_2024,XGBoost,semente,42.0,Tesla Fremont Factory,cumulativo,1,7,7,11.04514069819967,13.676340285487884,0.056441004460294986,0.980976838563144
monthly_6,mensal,teste_2024,XGBoost,semente,42.0,Tesla Fremont Factory,lead_exato,1,7,7,11.04514069819967,13.676340285487884,0.056441004460294986,0.980976838563144
monthly_6,mensal,teste_2024,XGBoost,semente,42.0,Tesla Fremont Factory,cumulativo,3,7,21,13.662549532209564,15.885390716446231,0.059241452627356375,0.9621655183296864
monthly_6,mensal,teste_2024,XGBoost,semente,42.0,Tesla Fremont Factory,lead_exato,3,7,7,14.701784365828255,16.96903198666499,0.05855009636918804,0.9000039366286999
monthly_6,mensal,teste_2024,XGBoost,semente,42.0,Tesla Fremont Factory,cumulativo,6,7,42,12.676508112378169,15.08610730412179,0.05665670794822591,0.9660307344773209
monthly_6,mensal,teste_2024,XGBoost,semente,42.0,Tesla Fremont Factory,lead_exato,6,7,7,8.09441356617104,10.133001062311937,0.043182499195532555,0.9889283983807167
monthly_6,mensal,teste_2024,XGBoost,semente,42.0,Tesla Gigafactory Nevada,cumulativo,1,7,7,14.266708981799825,18.143596964102382,0.07361641658945363,0.964637073220285
monthly_6,mensal,teste_2024,XGBoost,semente,42.0,Tesla Gigafactory Nevada,lead_exato,1,7,7,14.266708981799825,18.143596964102382,0.07361641658945363,0.964637073220285
monthly_6,mensal,teste_2024,XGBoost,semente,42.0,Tesla Gigafactory Nevada,cumulativo,3,7,21,16.9427898671492,20.460690381722415,0.07535429643665432,0.9327040966862172
monthly_6,mensal,teste_2024,XGBoost,semente,42.0,Tesla Gigafactory Nevada,lead_exato,3,7,7,18.991810529258114,22.454170565141098,0.07696623663814833,0.8173642731025892
monthly_6,mensal,teste_2024,XGBoost,semente,42.0,Tesla Gigafactory Nevada,cumulativo,6,7,42,14.873591897185685,18.650924169498616,0.0698312703214257,0.9474965869797619
monthly_6,mensal,teste_2024,XGBoost,semente,42.0,Tesla Gigafactory Nevada,lead_exato,6,7,7,8.461080034461519,11.180714890456832,0.048245552848935405,0.98634539177284
monthly_6,mensal,teste_2024,XGBoost,semente,42.0,Tesla Gigafactory Texas,cumulativo,1,7,7,14.171845368336124,18.429332588065954,0.08633487833292962,0.8837342142766327
monthly_6,mensal,teste_2024,XGBoost,semente,42.0,Tesla Gigafactory Texas,lead_exato,1,7,7,14.171845368336124,18.429332588065954,0.08633487833292962,0.8837342142766327
monthly_6,mensal,teste_2024,XGBoost,semente,42.0,Tesla Gigafactory Texas,cumulativo,3,7,21,13.421157294347154,17.45738125283978,0.07522582531246924,0.871984017603096
monthly_6,mensal,teste_2024,XGBoost,semente,42.0,Tesla Gigafactory Texas,lead_exato,3,7,7,12.699034602859294,15.893930905850288,0.06424286851539782,0.8089272803462092
monthly_6,mensal,teste_2024,XGBoost,semente,42.0,Tesla Gigafactory Texas,cumulativo,6,7,42,13.923403788897255,17.708014649027916,0.07508418740982087,0.8725959686056233
monthly_6,mensal,teste_2024,XGBoost,semente,42.0,Tesla Gigafactory Texas,lead_exato,6,7,7,11.262141464076056,15.71731217347594,0.06966019677442628,0.9400909789961258
monthly_6,mensal,teste_2024,XGBoost,semente,67.0,BMW San Luis Potosi,cumulativo,1,7,7,20.698542097164722,23.315147612905047,0.0877027124615338,0.7485489735041988
monthly_6,mensal,teste_2024,XGBoost,semente,67.0,BMW San Luis Potosi,lead_exato,1,7,7,20.698542097164722,23.315147612905047,0.0877027124615338,0.7485489735041988
monthly_6,mensal,teste_2024,XGBoost,semente,67.0,BMW San Luis Potosi,cumulativo,3,7,21,21.233490488847025,24.00866574916308,0.08783212522094397,0.6230569806345576
monthly_6,mensal,teste_2024,XGBoost,semente,67.0,BMW San Luis Potosi,lead_exato,3,7,7,21.724235696360925,24.56313786057904,0.08902341060211205,0.5351586383158211
monthly_6,mensal,teste_2024,XGBoost,semente,67.0,BMW San Luis Potosi,cumulativo,6,7,42,22.038072997765827,25.378276213301522,0.09699795147701833,0.5988473512444245
monthly_6,mensal,teste_2024,XGBoost,semente,67.0,BMW San Luis Potosi,lead_exato,6,7,7,21.193397924875885,26.028079580721382,0.1119624061127819,0.20272376551358062
monthly_6,mensal,teste_2024,XGBoost,semente,67.0,BYD Camacari,cumulativo,1,7,7,17.15494617504737,19.739808256952852,0.08981841112987499,0.6942761504779718
monthly_6,mensal,teste_2024,XGBoost,semente,67.0,BYD Camacari,lead_exato,1,7,7,17.15494617504737,19.739808256952852,0.08981841112987499,0.6942761504779718
monthly_6,mensal,teste_2024,XGBoost,semente,67.0,BYD Camacari,cumulativo,3,7,21,16.919229807541342,19.485325907748553,0.09022473569227332,0.6474137659381657
monthly_6,mensal,teste_2024,XGBoost,semente,67.0,BYD Camacari,lead_exato,3,7,7,17.36142298069821,19.604584801842265,0.09164183824098496,0.5987031408644581
monthly_6,mensal,teste_2024,XGBoost,semente,67.0,BYD Camacari,cumulativo,6,7,42,15.564376906360915,17.876123329781493,0.08089029713696558,0.7299657736495042
monthly_6,mensal,teste_2024,XGBoost,semente,67.0,BYD Camacari,lead_exato,6,7,7,14.968259483375862,17.42602729516878,0.07259925647260168,0.7889400102353668
monthly_6,mensal,teste_2024,XGBoost,semente,67.0,Ford Rouge Electric Vehicle Center,cumulativo,1,7,7,13.580092378373722,16.769294376521483,0.09377405274758296,0.95268511481192
monthly_6,mensal,teste_2024,XGBoost,semente,67.0,Ford Rouge Electric Vehicle Center,lead_exato,1,7,7,13.580092378373722,16.769294376521483,0.09377405274758296,0.95268511481192
monthly_6,mensal,teste_2024,XGBoost,semente,67.0,Ford Rouge Electric Vehicle Center,cumulativo,3,7,21,11.699655283601194,14.662650228313398,0.07329947030205193,0.942600449084398
monthly_6,mensal,teste_2024,XGBoost,semente,67.0,Ford Rouge Electric Vehicle Center,lead_exato,3,7,7,11.79696441895742,14.108913902685865,0.06533666207334286,0.8801163011051714
monthly_6,mensal,teste_2024,XGBoost,semente,67.0,Ford Rouge Electric Vehicle Center,cumulativo,6,7,42,12.584105289943343,15.722528789239593,0.07964065390055985,0.9396314965816247
monthly_6,mensal,teste_2024,XGBoost,semente,67.0,Ford Rouge Electric Vehicle Center,lead_exato,6,7,7,11.12389679292346,15.705544507193379,0.0932191689294739,0.9613935679209901
monthly_6,mensal,teste_2024,XGBoost,semente,67.0,GM Factory Zero,cumulativo,1,7,7,13.865393668452985,16.922418319442173,0.0947379792954371,0.9510457795059276
monthly_6,mensal,teste_2024,XGBoost,semente,67.0,GM Factory Zero,lead_exato,1,7,7,13.865393668452985,16.922418319442173,0.0947379792954371,0.9510457795059276
monthly_6,mensal,teste_2024,XGBoost,semente,67.0,GM Factory Zero,cumulativo,3,7,21,12.84181137093245,15.694182904915673,0.07854158423616642,0.933328780941511
monthly_6,mensal,teste_2024,XGBoost,semente,67.0,GM Factory Zero,lead_exato,3,7,7,14.778985334095394,16.690458211702385,0.07738578166295765,0.8289823898246846
monthly_6,mensal,teste_2024,XGBoost,semente,67.0,GM Factory Zero,cumulativo,6,7,42,13.950136905246458,17.35507986664938,0.08807537321512181,0.9258783739493517
monthly_6,mensal,teste_2024,XGBoost,semente,67.0,GM Factory Zero,lead_exato,6,7,7,12.413979137155293,17.033475730370107,0.10132021997421733,0.9543265599506413
monthly_6,mensal,teste_2024,XGBoost,semente,67.0,Hyundai Metaplant Georgia,cumulativo,1,7,7,10.938582384217625,16.801767401893226,0.07742806499907197,0.9087487813425449
monthly_6,mensal,teste_2024,XGBoost,semente,67.0,Hyundai Metaplant Georgia,lead_exato,1,7,7,10.938582384217625,16.801767401893226,0.07742806499907197,0.9087487813425449
monthly_6,mensal,teste_2024,XGBoost,semente,67.0,Hyundai Metaplant Georgia,cumulativo,3,7,21,14.311215509641919,18.982473729102576,0.08308622964286214,0.8295899862306217
monthly_6,mensal,teste_2024,XGBoost,semente,67.0,Hyundai Metaplant Georgia,lead_exato,3,7,7,18.287245444820787,21.749951475434642,0.0920954588499049,0.624625332401689
monthly_6,mensal,teste_2024,XGBoost,semente,67.0,Hyundai Metaplant Georgia,cumulativo,6,7,42,15.842053441399328,19.408321060184853,0.08702617051805832,0.8377473115081074
monthly_6,mensal,teste_2024,XGBoost,semente,67.0,Hyundai Metaplant Georgia,lead_exato,6,7,7,15.700409631878106,17.958419286813104,0.09046444150090524,0.8944457628211069
monthly_6,mensal,teste_2024,XGBoost,semente,67.0,Lucid AMP 1 Casa Grande,cumulativo,1,7,7,11.727491357740282,14.252857117236465,0.05324474051844573,0.9670763208131207
monthly_6,mensal,teste_2024,XGBoost,semente,67.0,Lucid AMP 1 Casa Grande,lead_exato,1,7,7,11.727491357740282,14.252857117236465,0.05324474051844573,0.9670763208131207
monthly_6,mensal,teste_2024,XGBoost,semente,67.0,Lucid AMP 1 Casa Grande,cumulativo,3,7,21,12.30995793240637,15.025772240365448,0.0525028155142106,0.9414343499048986
monthly_6,mensal,teste_2024,XGBoost,semente,67.0,Lucid AMP 1 Casa Grande,lead_exato,3,7,7,12.376616753876501,14.98986599625855,0.04955980435558421,0.840872441368613
monthly_6,mensal,teste_2024,XGBoost,semente,67.0,Lucid AMP 1 Casa Grande,cumulativo,6,7,42,12.118013705719875,14.484848999260128,0.05154080165029179,0.9462013899055877
monthly_6,mensal,teste_2024,XGBoost,semente,67.0,Lucid AMP 1 Casa Grande,lead_exato,6,7,7,9.029133743829943,10.284186944233676,0.04133474534464669,0.9779665654485794
monthly_6,mensal,teste_2024,XGBoost,semente,67.0,Rivian Normal,cumulativo,1,7,7,17.90294820547763,19.84020255330252,0.0994551360619466,0.9256188980027829
monthly_6,mensal,teste_2024,XGBoost,semente,67.0,Rivian Normal,lead_exato,1,7,7,17.90294820547763,19.84020255330252,0.0994551360619466,0.9256188980027829
monthly_6,mensal,teste_2024,XGBoost,semente,67.0,Rivian Normal,cumulativo,3,7,21,17.30403007727717,19.134998943559676,0.08698926737835494,0.8894556678717085
monthly_6,mensal,teste_2024,XGBoost,semente,67.0,Rivian Normal,lead_exato,3,7,7,15.447920951811446,16.736206347658047,0.07139724095545323,0.8186671563581189
monthly_6,mensal,teste_2024,XGBoost,semente,67.0,Rivian Normal,cumulativo,6,7,42,15.521945118041645,17.571697341693252,0.08123416254777369,0.9242692146607684
monthly_6,mensal,teste_2024,XGBoost,semente,67.0,Rivian Normal,lead_exato,6,7,7,12.94325601203594,15.155646249801096,0.08076537220952969,0.9671891905045266
monthly_6,mensal,teste_2024,XGBoost,semente,67.0,Tesla Fremont Factory,cumulativo,1,7,7,11.476983259672352,13.529534291047575,0.05583514955949263,0.9813830474103782
monthly_6,mensal,teste_2024,XGBoost,semente,67.0,Tesla Fremont Factory,lead_exato,1,7,7,11.476983259672352,13.529534291047575,0.05583514955949263,0.9813830474103782
monthly_6,mensal,teste_2024,XGBoost,semente,67.0,Tesla Fremont Factory,cumulativo,3,7,21,14.471105863233387,16.870663569608382,0.06291583471197178,0.957326691440167
monthly_6,mensal,teste_2024,XGBoost,semente,67.0,Tesla Fremont Factory,lead_exato,3,7,7,15.861451457177411,18.475060584604236,0.06374651061446675,0.8814666635643414
monthly_6,mensal,teste_2024,XGBoost,semente,67.0,Tesla Fremont Factory,cumulativo,6,7,42,13.487133905613662,16.17463104224141,0.06074471887656555,0.9609518432983178
monthly_6,mensal,teste_2024,XGBoost,semente,67.0,Tesla Fremont Factory,lead_exato,6,7,7,8.846039084631798,11.279651412016957,0.04806903058926329,0.9862808997114747
monthly_6,mensal,teste_2024,XGBoost,semente,67.0,Tesla Gigafactory Nevada,cumulativo,1,7,7,14.386338149091094,17.3108813213904,0.070237729233483,0.9678086062876471
monthly_6,mensal,teste_2024,XGBoost,semente,67.0,Tesla Gigafactory Nevada,lead_exato,1,7,7,14.386338149091094,17.3108813213904,0.070237729233483,0.9678086062876471
monthly_6,mensal,teste_2024,XGBoost,semente,67.0,Tesla Gigafactory Nevada,cumulativo,3,7,21,17.39218345354657,21.126183488276382,0.07780522863357642,0.9282552453200608
monthly_6,mensal,teste_2024,XGBoost,semente,67.0,Tesla Gigafactory Nevada,lead_exato,3,7,7,19.524438647442917,23.84839945904428,0.0817452397487102,0.7939796228487257
monthly_6,mensal,teste_2024,XGBoost,semente,67.0,Tesla Gigafactory Nevada,cumulativo,6,7,42,14.496416113484688,18.59829425249081,0.06963421767523155,0.947792481330116
monthly_6,mensal,teste_2024,XGBoost,semente,67.0,Tesla Gigafactory Nevada,lead_exato,6,7,7,6.354715858717051,9.34621192561616,0.04032954652832946,0.9904586166127104
monthly_6,mensal,teste_2024,XGBoost,semente,67.0,Tesla Gigafactory Texas,cumulativo,1,7,7,13.710358376436195,17.922519493582563,0.08396063897072432,0.8900409856148973
monthly_6,mensal,teste_2024,XGBoost,semente,67.0,Tesla Gigafactory Texas,lead_exato,1,7,7,13.710358376436195,17.922519493582563,0.08396063897072432,0.8900409856148973
monthly_6,mensal,teste_2024,XGBoost,semente,67.0,Tesla Gigafactory Texas,cumulativo,3,7,21,12.69583006986347,16.29718083947957,0.07022639084066422,0.8884342294101322
monthly_6,mensal,teste_2024,XGBoost,semente,67.0,Tesla Gigafactory Texas,lead_exato,3,7,7,12.807084515875172,15.878938558210487,0.0641822698237421,0.8092875785742821
monthly_6,mensal,teste_2024,XGBoost,semente,67.0,Tesla Gigafactory Texas,cumulativo,6,7,42,13.605938506861792,17.644301374383677,0.07481403519068748,0.8735111163697972
monthly_6,mensal,teste_2024,XGBoost,semente,67.0,Tesla Gigafactory Texas,lead_exato,6,7,7,9.94297382997427,14.337339360347782,0.063544063389477,0.9501491239880775
monthly_6,mensal,teste_2024,XGBoost,semente,89.0,BMW San Luis Potosi,cumulativo,1,7,7,22.300103528109958,25.446275906311563,0.09571920607497408,0.7004801995944822
monthly_6,mensal,teste_2024,XGBoost,semente,89.0,BMW San Luis Potosi,lead_exato,1,7,7,22.300103528109958,25.446275906311563,0.09571920607497408,0.7004801995944822
monthly_6,mensal,teste_2024,XGBoost,semente,89.0,BMW San Luis Potosi,cumulativo,3,7,21,21.397828381207265,24.766352505508504,0.09060400928800848,0.5988897553183564
monthly_6,mensal,teste_2024,XGBoost,semente,89.0,BMW San Luis Potosi,lead_exato,3,7,7,20.24368426153004,24.3278481639732,0.08817065752999725,0.5440213940344188
monthly_6,mensal,teste_2024,XGBoost,semente,89.0,BMW San Luis Potosi,cumulativo,6,7,42,21.456406636532773,25.02300369819776,0.09564006940924057,0.6100002715823223
monthly_6,mensal,teste_2024,XGBoost,semente,89.0,BMW San Luis Potosi,lead_exato,6,7,7,19.86919197173191,23.8650744455134,0.10265802164518696,0.32972942570115915
monthly_6,mensal,teste_2024,XGBoost,semente,89.0,BYD Camacari,cumulativo,1,7,7,17.0958613105895,19.954648298932256,0.09079595817422731,0.6875851887026396
monthly_6,mensal,teste_2024,XGBoost,semente,89.0,BYD Camacari,lead_exato,1,7,7,17.0958613105895,19.954648298932256,0.09079595817422731,0.6875851887026396
monthly_6,mensal,teste_2024,XGBoost,semente,89.0,BYD Camacari,cumulativo,3,7,21,16.703760542055402,19.416358887918673,0.08990539121915059,0.6499052601037265
monthly_6,mensal,teste_2024,XGBoost,semente,89.0,BYD Camacari,lead_exato,3,7,7,17.870152914004134,19.884098335276075,0.09294842719841599,0.5871785383831346
monthly_6,mensal,teste_2024,XGBoost,semente,89.0,BYD Camacari,cumulativo,6,7,42,15.010068401597307,17.334188368604877,0.0784380160002913,0.7460903817392568
monthly_6,mensal,teste_2024,XGBoost,semente,89.0,BYD Camacari,lead_exato,6,7,7,13.758149687584332,16.063272545445415,0.06692183040706054,0.8206599902546157
monthly_6,mensal,teste_2024,XGBoost,semente,89.0,Ford Rouge Electric Vehicle Center,cumulativo,1,7,7,13.176453322019825,16.40109440455805,0.09171507502214575,0.9547400708067458
monthly_6,mensal,teste_2024,XGBoost,semente,89.0,Ford Rouge Electric Vehicle Center,lead_exato,1,7,7,13.176453322019825,16.40109440455805,0.09171507502214575,0.9547400708067458
monthly_6,mensal,teste_2024,XGBoost,semente,89.0,Ford Rouge Electric Vehicle Center,cumulativo,3,7,21,10.8258643310345,13.885752520412721,0.06941571193768506,0.9485219145410095
monthly_6,mensal,teste_2024,XGBoost,semente,89.0,Ford Rouge Electric Vehicle Center,lead_exato,3,7,7,10.76582017210915,13.187183235513734,0.06106823960375801,0.8952685662029819
monthly_6,mensal,teste_2024,XGBoost,semente,89.0,Ford Rouge Electric Vehicle Center,cumulativo,6,7,42,11.768858127586803,15.124705455808591,0.07661244884336561,0.94413504364333
monthly_6,mensal,teste_2024,XGBoost,semente,89.0,Ford Rouge Electric Vehicle Center,lead_exato,6,7,7,12.482425604597406,16.661257007110656,0.09889173411414443,0.9565520591606355
monthly_6,mensal,teste_2024,XGBoost,semente,89.0,GM Factory Zero,cumulativo,1,7,7,14.940639636797707,17.786312729030943,0.09957438087493445,0.9459199437490493
monthly_6,mensal,teste_2024,XGBoost,semente,89.0,GM Factory Zero,lead_exato,1,7,7,14.940639636797707,17.786312729030943,0.09957438087493445,0.9459199437490493
monthly_6,mensal,teste_2024,XGBoost,semente,89.0,GM Factory Zero,cumulativo,3,7,21,11.940796616588894,14.955476753509643,0.07484472714153817,0.9394573396191377
monthly_6,mensal,teste_2024,XGBoost,semente,89.0,GM Factory Zero,lead_exato,3,7,7,12.67137292831051,15.026218362388587,0.06966948652113272,0.8613870822815355
monthly_6,mensal,teste_2024,XGBoost,semente,89.0,GM Factory Zero,cumulativo,6,7,42,13.096471309232001,16.903438975166456,0.0857833388146919,0.9296859934583142
monthly_6,mensal,teste_2024,XGBoost,semente,89.0,GM Factory Zero,lead_exato,6,7,7,12.14825349930496,18.262870203280663,0.10863302684946322,0.9474956560654735
monthly_6,mensal,teste_2024,XGBoost,semente,89.0,Hyundai Metaplant Georgia,cumulativo,1,7,7,9.742759345662696,16.5137421381889,0.0761007499430999,0.9118505241199981
monthly_6,mensal,teste_2024,XGBoost,semente,89.0,Hyundai Metaplant Georgia,lead_exato,1,7,7,9.742759345662696,16.5137421381889,0.0761007499430999,0.9118505241199981
monthly_6,mensal,teste_2024,XGBoost,semente,89.0,Hyundai Metaplant Georgia,cumulativo,3,7,21,13.524981533061865,18.55500657049747,0.08121520719281158,0.8371785112132093
monthly_6,mensal,teste_2024,XGBoost,semente,89.0,Hyundai Metaplant Georgia,lead_exato,3,7,7,17.50797399500347,21.349968745159806,0.09040181860807248,0.6383047019667525
monthly_6,mensal,teste_2024,XGBoost,semente,89.0,Hyundai Metaplant Georgia,cumulativo,6,7,42,15.413056958827678,18.980784978098242,0.08510911505164706,0.8448169423712762
monthly_6,mensal,teste_2024,XGBoost,semente,89.0,Hyundai Metaplant Georgia,lead_exato,6,7,7,16.19728566698666,17.962736357561198,0.0904861884814111,0.8943950078104299
monthly_6,mensal,teste_2024,XGBoost,semente,89.0,Lucid AMP 1 Casa Grande,cumulativo,1,7,7,11.3482441462151,12.832233636652074,0.0479376832753999,0.9733124310264554
monthly_6,mensal,teste_2024,XGBoost,semente,89.0,Lucid AMP 1 Casa Grande,lead_exato,1,7,7,11.3482441462151,12.832233636652074,0.0479376832753999,0.9733124310264554
monthly_6,mensal,teste_2024,XGBoost,semente,89.0,Lucid AMP 1 Casa Grande,cumulativo,3,7,21,12.880258114346837,15.680626253204158,0.05479099603996407,0.9362182879619692
monthly_6,mensal,teste_2024,XGBoost,semente,89.0,Lucid AMP 1 Casa Grande,lead_exato,3,7,7,14.173971101746897,17.178001340748644,0.056794262595806985,0.7910246008013828
monthly_6,mensal,teste_2024,XGBoost,semente,89.0,Lucid AMP 1 Casa Grande,cumulativo,6,7,42,12.31585047731526,14.624536661084697,0.05203784611871951,0.9451587503449568
monthly_6,mensal,teste_2024,XGBoost,semente,89.0,Lucid AMP 1 Casa Grande,lead_exato,6,7,7,9.863646065785572,11.807233157802616,0.047456252832538,0.9709571953677334
monthly_6,mensal,teste_2024,XGBoost,semente,89.0,Rivian Normal,cumulativo,1,7,7,17.211333338424456,19.21004290323457,0.09629626640979053,0.9302688103294549
monthly_6,mensal,teste_2024,XGBoost,semente,89.0,Rivian Normal,lead_exato,1,7,7,17.211333338424456,19.21004290323457,0.09629626640979053,0.9302688103294549
monthly_6,mensal,teste_2024,XGBoost,semente,89.0,Rivian Normal,cumulativo,3,7,21,17.298718197513285,18.831879319728422,0.085611260821738,0.892930217650712
monthly_6,mensal,teste_2024,XGBoost,semente,89.0,Rivian Normal,lead_exato,3,7,7,15.983954238587833,17.12913275024502,0.07307347871570212,0.8100526763147813
monthly_6,mensal,teste_2024,XGBoost,semente,89.0,Rivian Normal,cumulativo,6,7,42,15.940036199519644,17.58477246266788,0.08129460898512862,0.9241564699940436
monthly_6,mensal,teste_2024,XGBoost,semente,89.0,Rivian Normal,lead_exato,6,7,7,13.65834582966828,15.384923018114238,0.0819872022276361,0.9661889482311005
monthly_6,mensal,teste_2024,XGBoost,semente,89.0,Tesla Fremont Factory,cumulativo,1,7,7,11.874232107313446,13.94158895576975,0.05753566144234975,0.9802317854643846
monthly_6,mensal,teste_2024,XGBoost,semente,89.0,Tesla Fremont Factory,lead_exato,1,7,7,11.874232107313446,13.94158895576975,0.05753566144234975,0.9802317854643846
monthly_6,mensal,teste_2024,XGBoost,semente,89.0,Tesla Fremont Factory,cumulativo,3,7,21,14.837462134950751,17.1353999848632,0.06390311730910786,0.9559769144133587
monthly_6,mensal,teste_2024,XGBoost,semente,89.0,Tesla Fremont Factory,lead_exato,3,7,7,16.18467161768006,18.810963090204037,0.06490551155741832,0.8771172762759697
monthly_6,mensal,teste_2024,XGBoost,semente,89.0,Tesla Fremont Factory,cumulativo,6,7,42,13.191481975068204,15.619111600390966,0.05865843497694866,0.9635880089022432
monthly_6,mensal,teste_2024,XGBoost,semente,89.0,Tesla Fremont Factory,lead_exato,6,7,7,8.796589238777658,11.304879666989052,0.04817654257839049,0.9862194623489315
monthly_6,mensal,teste_2024,XGBoost,semente,89.0,Tesla Gigafactory Nevada,cumulativo,1,7,7,14.340839489763482,17.856057749985656,0.07244974569094868,0.965749052867769
monthly_6,mensal,teste_2024,XGBoost,semente,89.0,Tesla Gigafactory Nevada,lead_exato,1,7,7,14.340839489763482,17.856057749985656,0.07244974569094868,0.965749052867769
monthly_6,mensal,teste_2024,XGBoost,semente,89.0,Tesla Gigafactory Nevada,cumulativo,3,7,21,16.558876218028395,20.21178605723757,0.07443761132477995,0.9343314472487483
monthly_6,mensal,teste_2024,XGBoost,semente,89.0,Tesla Gigafactory Nevada,lead_exato,3,7,7,17.628720092340636,21.60569769025312,0.07405792328583691,0.8309059628626019
monthly_6,mensal,teste_2024,XGBoost,semente,89.0,Tesla Gigafactory Nevada,cumulativo,6,7,42,14.542633406484681,18.536046134897116,0.0694011533462374,0.9481413715215102
monthly_6,mensal,teste_2024,XGBoost,semente,89.0,Tesla Gigafactory Nevada,lead_exato,6,7,7,7.739966878201634,10.372789005086826,0.04475929715039224,0.98824747494388
monthly_6,mensal,teste_2024,XGBoost,semente,89.0,Tesla Gigafactory Texas,cumulativo,1,7,7,14.902919679218469,18.322495435683447,0.08583438421528841,0.885078321654855
monthly_6,mensal,teste_2024,XGBoost,semente,89.0,Tesla Gigafactory Texas,lead_exato,1,7,7,14.902919679218469,18.322495435683447,0.08583438421528841,0.885078321654855
monthly_6,mensal,teste_2024,XGBoost,semente,89.0,Tesla Gigafactory Texas,cumulativo,3,7,21,13.72751076574983,17.142132204264293,0.07386738159662246,0.8765657505956139
monthly_6,mensal,teste_2024,XGBoost,semente,89.0,Tesla Gigafactory Texas,lead_exato,3,7,7,12.362797038428912,15.210973839881438,0.0614823732514761,0.8249951508208039
monthly_6,mensal,teste_2024,XGBoost,semente,89.0,Tesla Gigafactory Texas,cumulativo,6,7,42,14.31036580942807,17.90371863781361,0.07591399669460375,0.8697643404970662
monthly_6,mensal,teste_2024,XGBoost,semente,89.0,Tesla Gigafactory Texas,lead_exato,6,7,7,10.752673541796364,15.450737609567863,0.06847872017257886,0.9421059277292719
monthly_6,mensal,teste_2024,XGBoost,ensemble,,BMW San Luis Potosi,cumulativo,1,7,7,20.660299347805534,23.702010621326597,0.0891579438738719,0.7401352031304103
monthly_6,mensal,teste_2024,XGBoost,ensemble,,BMW San Luis Potosi,lead_exato,1,7,7,20.660299347805534,23.702010621326597,0.0891579438738719,0.7401352031304103
monthly_6,mensal,teste_2024,XGBoost,ensemble,,BMW San Luis Potosi,cumulativo,3,7,21,20.70449955923919,23.761066792884083,0.08692632134330742,0.6307916414514272
monthly_6,mensal,teste_2024,XGBoost,ensemble,,BMW San Luis Potosi,lead_exato,3,7,7,20.914531044079805,24.077637183620375,0.08726382571691467,0.5533526051827499
monthly_6,mensal,teste_2024,XGBoost,ensemble,,BMW San Luis Potosi,cumulativo,6,7,42,21.54315933844819,24.925266597624375,0.09526650981601838,0.6130409138544644
monthly_6,mensal,teste_2024,XGBoost,ensemble,,BMW San Luis Potosi,lead_exato,6,7,7,22.007732901740507,25.909474257595264,0.11145221336829605,0.2099733019869453
monthly_6,mensal,teste_2024,XGBoost,ensemble,,BYD Camacari,cumulativo,1,7,7,17.822177936821387,20.4461921909506,0.09303253974619531,0.67200415870289
monthly_6,mensal,teste_2024,XGBoost,ensemble,,BYD Camacari,lead_exato,1,7,7,17.822177936821387,20.4461921909506,0.09303253974619531,0.67200415870289
monthly_6,mensal,teste_2024,XGBoost,ensemble,,BYD Camacari,cumulativo,3,7,21,16.957428480511595,19.42277792516409,0.08993511389053975,0.6496737395945433
monthly_6,mensal,teste_2024,XGBoost,ensemble,,BYD Camacari,lead_exato,3,7,7,17.335729965001445,19.38142687384221,0.0905986841550054,0.6077870251126031
monthly_6,mensal,teste_2024,XGBoost,ensemble,,BYD Camacari,cumulativo,6,7,42,14.932256207598666,17.261167172458286,0.07810759166025813,0.7482250916688598
monthly_6,mensal,teste_2024,XGBoost,ensemble,,BYD Camacari,lead_exato,6,7,7,13.52119334222093,15.917699968394068,0.06631535477852424,0.8238957805584565
monthly_6,mensal,teste_2024,XGBoost,ensemble,,Ford Rouge Electric Vehicle Center,cumulativo,1,7,7,13.712765336539663,16.522747537882804,0.0923953604942212,0.954066160620785
monthly_6,mensal,teste_2024,XGBoost,ensemble,,Ford Rouge Electric Vehicle Center,lead_exato,1,7,7,13.712765336539663,16.522747537882804,0.0923953604942212,0.954066160620785
monthly_6,mensal,teste_2024,XGBoost,ensemble,,Ford Rouge Electric Vehicle Center,cumulativo,3,7,21,11.181985365110748,14.21875702399249,0.07108042147794684,0.9460232401670844
monthly_6,mensal,teste_2024,XGBoost,ensemble,,Ford Rouge Electric Vehicle Center,lead_exato,3,7,7,11.077763522623927,13.836525279343267,0.06407526353064068,0.8847005994294185
monthly_6,mensal,teste_2024,XGBoost,ensemble,,Ford Rouge Electric Vehicle Center,cumulativo,6,7,42,12.168840768326273,15.352496745098566,0.07776629931329263,0.9424396216160391
monthly_6,mensal,teste_2024,XGBoost,ensemble,,Ford Rouge Electric Vehicle Center,lead_exato,6,7,7,11.812533207931272,16.226240855199176,0.09630972594922454,0.9587912436978621
monthly_6,mensal,teste_2024,XGBoost,ensemble,,GM Factory Zero,cumulativo,1,7,7,15.241278007676963,17.74604873596419,0.0993489680958917,0.9461645154480951
monthly_6,mensal,teste_2024,XGBoost,ensemble,,GM Factory Zero,lead_exato,1,7,7,15.241278007676963,17.74604873596419,0.0993489680958917,0.9461645154480951
monthly_6,mensal,teste_2024,XGBoost,ensemble,,GM Factory Zero,cumulativo,3,7,21,12.306423197821768,15.537707128892897,0.07775850075753798,0.9346516180143304
monthly_6,mensal,teste_2024,XGBoost,ensemble,,GM Factory Zero,lead_exato,3,7,7,13.105108345119984,15.910011032061671,0.07376721623610787,0.8446020535773276
monthly_6,mensal,teste_2024,XGBoost,ensemble,,GM Factory Zero,cumulativo,6,7,42,13.656231302673037,17.1704577900855,0.08713843380475575,0.927446986865901
monthly_6,mensal,teste_2024,XGBoost,ensemble,,GM Factory Zero,lead_exato,6,7,7,12.67395957685351,18.201443394424135,0.10826764177573098,0.9478482567637909
monthly_6,mensal,teste_2024,XGBoost,ensemble,,Hyundai Metaplant Georgia,cumulativo,1,7,7,10.113201525781372,16.64393723753009,0.07670073174103947,0.9104550958990635
monthly_6,mensal,teste_2024,XGBoost,ensemble,,Hyundai Metaplant Georgia,lead_exato,1,7,7,10.113201525781372,16.64393723753009,0.07670073174103947,0.9104550958990635
monthly_6,mensal,teste_2024,XGBoost,ensemble,,Hyundai Metaplant Georgia,cumulativo,3,7,21,13.32589351624424,18.331715040096228,0.08023786084496544,0.8410737295400676
monthly_6,mensal,teste_2024,XGBoost,ensemble,,Hyundai Metaplant Georgia,lead_exato,3,7,7,17.138585254129744,21.028676085962356,0.08904137442927441,0.6491089922441098
monthly_6,mensal,teste_2024,XGBoost,ensemble,,Hyundai Metaplant Georgia,cumulativo,6,7,42,15.152567765423514,18.915706850693194,0.08481730721340154,0.8458792493191255
monthly_6,mensal,teste_2024,XGBoost,ensemble,,Hyundai Metaplant Georgia,lead_exato,6,7,7,15.667674471264736,17.924289794385338,0.0902925162650659,0.8948465875531708
monthly_6,mensal,teste_2024,XGBoost,ensemble,,Lucid AMP 1 Casa Grande,cumulativo,1,7,7,11.35500759284474,13.549091348110146,0.05061566583856423,0.9702474057264653
monthly_6,mensal,teste_2024,XGBoost,ensemble,,Lucid AMP 1 Casa Grande,lead_exato,1,7,7,11.35500759284474,13.549091348110146,0.05061566583856423,0.9702474057264653
monthly_6,mensal,teste_2024,XGBoost,ensemble,,Lucid AMP 1 Casa Grande,cumulativo,3,7,21,12.6034019089157,15.351357902429527,0.053640471780788394,0.9388687946144161
monthly_6,mensal,teste_2024,XGBoost,ensemble,,Lucid AMP 1 Casa Grande,lead_exato,3,7,7,13.31096434333918,16.160804409596068,0.05343118510654824,0.8150408388043469
monthly_6,mensal,teste_2024,XGBoost,ensemble,,Lucid AMP 1 Casa Grande,cumulativo,6,7,42,12.169658707031314,14.453950171432405,0.0514308557090965,0.9464306696144923
monthly_6,mensal,teste_2024,XGBoost,ensemble,,Lucid AMP 1 Casa Grande,lead_exato,6,7,7,9.842265270993481,11.383411924818489,0.04575280823044667,0.973004760920868
monthly_6,mensal,teste_2024,XGBoost,ensemble,,Rivian Normal,cumulativo,1,7,7,17.90906631226404,19.88103981993648,0.09965984545937169,0.9253123843001276
monthly_6,mensal,teste_2024,XGBoost,ensemble,,Rivian Normal,lead_exato,1,7,7,17.90906631226404,19.88103981993648,0.09965984545937169,0.9253123843001276
monthly_6,mensal,teste_2024,XGBoost,ensemble,,Rivian Normal,cumulativo,3,7,21,17.715469712990256,19.356296329022786,0.08799530335938438,0.8868839791291898
monthly_6,mensal,teste_2024,XGBoost,ensemble,,Rivian Normal,lead_exato,3,7,7,16.44663896681098,17.66663279076518,0.0753664726660279,0.7979448181265125
monthly_6,mensal,teste_2024,XGBoost,ensemble,,Rivian Normal,cumulativo,6,7,42,16.021770572510984,17.83835189223573,0.08246690965703977,0.9219533106117841
monthly_6,mensal,teste_2024,XGBoost,ensemble,,Rivian Normal,lead_exato,6,7,7,13.392923266889545,15.476605541282582,0.0824757840397708,0.9657847708409373
monthly_6,mensal,teste_2024,XGBoost,ensemble,,Tesla Fremont Factory,cumulativo,1,7,7,12.097524946640265,14.70937718311131,0.060704253175178295,0.9779944885821956
monthly_6,mensal,teste_2024,XGBoost,ensemble,,Tesla Fremont Factory,lead_exato,1,7,7,12.097524946640265,14.70937718311131,0.060704253175178295,0.9779944885821956
monthly_6,mensal,teste_2024,XGBoost,ensemble,,Tesla Fremont Factory,cumulativo,3,7,21,14.549787523151481,16.796698351046714,0.06263999591960537,0.9577000521544214
monthly_6,mensal,teste_2024,XGBoost,ensemble,,Tesla Fremont Factory,lead_exato,3,7,7,15.319989452572344,17.796680446458048,0.06140582185304443,0.8900116286498952
monthly_6,mensal,teste_2024,XGBoost,ensemble,,Tesla Fremont Factory,cumulativo,6,7,42,13.191218449576459,15.781966639716378,0.05927004605825364,0.9628247400592668
monthly_6,mensal,teste_2024,XGBoost,ensemble,,Tesla Fremont Factory,lead_exato,6,7,7,8.432710267100445,11.064415623278888,0.047151788084611776,0.9867994740068685
monthly_6,mensal,teste_2024,XGBoost,ensemble,,Tesla Gigafactory Nevada,cumulativo,1,7,7,14.532902007669309,18.1337703663139,0.07357654583406344,0.9646753680695668
monthly_6,mensal,teste_2024,XGBoost,ensemble,,Tesla Gigafactory Nevada,lead_exato,1,7,7,14.532902007669309,18.1337703663139,0.07357654583406344,0.9646753680695668
monthly_6,mensal,teste_2024,XGBoost,ensemble,,Tesla Gigafactory Nevada,cumulativo,3,7,21,16.812900851674947,20.20780897792425,0.0744229642132731,0.934357287948505
monthly_6,mensal,teste_2024,XGBoost,ensemble,,Tesla Gigafactory Nevada,lead_exato,3,7,7,18.41804024544998,22.1364744245385,0.07587726849899086,0.8224958092943108
monthly_6,mensal,teste_2024,XGBoost,ensemble,,Tesla Gigafactory Nevada,cumulativo,6,7,42,14.582388235653474,18.405616051447605,0.06891280765716402,0.9488686169969477
monthly_6,mensal,teste_2024,XGBoost,ensemble,,Tesla Gigafactory Nevada,lead_exato,6,7,7,7.560820700474985,10.092611325112612,0.043550311213560455,0.9888737914785081
monthly_6,mensal,teste_2024,XGBoost,ensemble,,Tesla Gigafactory Texas,cumulativo,1,7,7,13.820556600940701,17.670736083724766,0.08278112311183752,0.8931087891208598
monthly_6,mensal,teste_2024,XGBoost,ensemble,,Tesla Gigafactory Texas,lead_exato,1,7,7,13.820556600940701,17.670736083724766,0.08278112311183752,0.8931087891208598
monthly_6,mensal,teste_2024,XGBoost,ensemble,,Tesla Gigafactory Texas,cumulativo,3,7,21,13.10905159407756,16.65397794534128,0.07176386982269548,0.8834956957858912
monthly_6,mensal,teste_2024,XGBoost,ensemble,,Tesla Gigafactory Texas,lead_exato,3,7,7,12.748381970241642,15.652233843831178,0.06326593507660097,0.8146943338712452
monthly_6,mensal,teste_2024,XGBoost,ensemble,,Tesla Gigafactory Texas,cumulativo,6,7,42,13.803543521435648,17.50245727330374,0.07421259853731041,0.8755366524508769
monthly_6,mensal,teste_2024,XGBoost,ensemble,,Tesla Gigafactory Texas,lead_exato,6,7,7,10.442282329779816,14.690110191374695,0.06510756771097817,0.9476657781118174
monthly_6,mensal,teste_2024,LSTM,semente,11.0,BMW San Luis Potosi,cumulativo,1,7,7,26.17677219872998,33.31398271165283,0.12531452492676504,0.486630354534314
monthly_6,mensal,teste_2024,LSTM,semente,11.0,BMW San Luis Potosi,lead_exato,1,7,7,26.17677219872998,33.31398271165283,0.12531452492676504,0.486630354534314
monthly_6,mensal,teste_2024,LSTM,semente,11.0,BMW San Luis Potosi,cumulativo,3,7,21,24.82357963240191,33.127540452660575,0.12119216918172135,0.28234115765371015
monthly_6,mensal,teste_2024,LSTM,semente,11.0,BMW San Luis Potosi,lead_exato,3,7,7,23.857819112660504,33.10006790811254,0.11996353857830082,0.15589816800463607
monthly_6,mensal,teste_2024,LSTM,semente,11.0,BMW San Luis Potosi,cumulativo,6,7,42,26.273384265431083,33.68311507619253,0.12873975892984066,0.2933409544891571
monthly_6,mensal,teste_2024,LSTM,semente,11.0,BMW San Luis Potosi,lead_exato,6,7,7,29.51181855385263,35.37283412748143,0.15215980908843454,-0.47253044248959597
monthly_6,mensal,teste_2024,LSTM,semente,11.0,BYD Camacari,cumulativo,1,7,7,18.672664609165754,26.068374670629424,0.11861412041981242,0.4668230470943272
monthly_6,mensal,teste_2024,LSTM,semente,11.0,BYD Camacari,lead_exato,1,7,7,18.672664609165754,26.068374670629424,0.11861412041981242,0.4668230470943272
monthly_6,mensal,teste_2024,LSTM,semente,11.0,BYD Camacari,cumulativo,3,7,21,19.91772565683953,26.07860173269225,0.12075420035035436,0.36843419498887475
monthly_6,mensal,teste_2024,LSTM,semente,11.0,BYD Camacari,lead_exato,3,7,7,21.502363937182444,26.844738912187328,0.12548601492345643,0.24756527251123905
monthly_6,mensal,teste_2024,LSTM,semente,11.0,BYD Camacari,cumulativo,6,7,42,15.48749557137539,20.868132108841976,0.09442927730116042,0.6320072317700446
monthly_6,mensal,teste_2024,LSTM,semente,11.0,BYD Camacari,lead_exato,6,7,7,10.100983433895895,13.711632126571848,0.05712456893091954,0.8693265255330688
monthly_6,mensal,teste_2024,LSTM,semente,11.0,Ford Rouge Electric Vehicle Center,cumulativo,1,7,7,11.017620242309802,12.874188508242637,0.07199258389455854,0.9721126054430441
monthly_6,mensal,teste_2024,LSTM,semente,11.0,Ford Rouge Electric Vehicle Center,lead_exato,1,7,7,11.017620242309802,12.874188508242637,0.07199258389455854,0.9721126054430441
monthly_6,mensal,teste_2024,LSTM,semente,11.0,Ford Rouge Electric Vehicle Center,cumulativo,3,7,21,10.3628850868145,12.086827150783154,0.060422775827666586,0.960996087996796
monthly_6,mensal,teste_2024,LSTM,semente,11.0,Ford Rouge Electric Vehicle Center,lead_exato,3,7,7,10.101253433093786,11.591906887727005,0.05368070911290313,0.9190749948562831
monthly_6,mensal,teste_2024,LSTM,semente,11.0,Ford Rouge Electric Vehicle Center,cumulativo,6,7,42,11.694424691108603,14.386059321289869,0.07287092214987008,0.9494583628157223
monthly_6,mensal,teste_2024,LSTM,semente,11.0,Ford Rouge Electric Vehicle Center,lead_exato,6,7,7,13.085688454033257,15.491698355189289,0.09194989994236831,0.9624377381939149
monthly_6,mensal,teste_2024,LSTM,semente,11.0,GM Factory Zero,cumulativo,1,7,7,11.002513234433277,13.532403122369551,0.0757594158602986,0.9686948967923614
monthly_6,mensal,teste_2024,LSTM,semente,11.0,GM Factory Zero,lead_exato,1,7,7,11.002513234433277,13.532403122369551,0.0757594158602986,0.9686948967923614
monthly_6,mensal,teste_2024,LSTM,semente,11.0,GM Factory Zero,cumulativo,3,7,21,10.201463723942414,12.482875761502251,0.06247058824735273,0.9578215833142049
monthly_6,mensal,teste_2024,LSTM,semente,11.0,GM Factory Zero,lead_exato,3,7,7,9.453518896755927,11.882355969809996,0.05509287959970684,0.9133218903534073
monthly_6,mensal,teste_2024,LSTM,semente,11.0,GM Factory Zero,cumulativo,6,7,42,11.443975187967759,14.401812088740353,0.07308782122791517,0.9489581995802538
monthly_6,mensal,teste_2024,LSTM,semente,11.0,GM Factory Zero,lead_exato,6,7,7,13.504175741205033,16.511055310432695,0.09821270670417427,0.9570852254261283
monthly_6,mensal,teste_2024,LSTM,semente,11.0,Hyundai Metaplant Georgia,cumulativo,1,7,7,15.283853528957934,20.560365942332364,0.0947489220930552,0.8633560470699548
monthly_6,mensal,teste_2024,LSTM,semente,11.0,Hyundai Metaplant Georgia,lead_exato,1,7,7,15.283853528957934,20.560365942332364,0.0947489220930552,0.8633560470699548
monthly_6,mensal,teste_2024,LSTM,semente,11.0,Hyundai Metaplant Georgia,cumulativo,3,7,21,14.441643897286948,19.352565869466712,0.08470612181298377,0.8228804071674418
monthly_6,mensal,teste_2024,LSTM,semente,11.0,Hyundai Metaplant Georgia,lead_exato,3,7,7,14.879042668794032,18.92506585235336,0.0801340925015705,0.7158005882882174
monthly_6,mensal,teste_2024,LSTM,semente,11.0,Hyundai Metaplant Georgia,cumulativo,6,7,42,15.399144536525233,19.47443298524717,0.08732261386552298,0.8366400434101652
monthly_6,mensal,teste_2024,LSTM,semente,11.0,Hyundai Metaplant Georgia,lead_exato,6,7,7,15.792441769471711,17.58671623043383,0.08859201003227248,0.8987700623048236
monthly_6,mensal,teste_2024,LSTM,semente,11.0,Lucid AMP 1 Casa Grande,cumulativo,1,7,7,13.989260581383567,20.653358473904415,0.07715524710113028,0.9308669266055206
monthly_6,mensal,teste_2024,LSTM,semente,11.0,Lucid AMP 1 Casa Grande,lead_exato,1,7,7,13.989260581383567,20.653358473904415,0.07715524710113028,0.9308669266055206
monthly_6,mensal,teste_2024,LSTM,semente,11.0,Lucid AMP 1 Casa Grande,cumulativo,3,7,21,15.261575574978094,20.24406580137215,0.0707364942729314,0.8936922697130528
monthly_6,mensal,teste_2024,LSTM,semente,11.0,Lucid AMP 1 Casa Grande,lead_exato,3,7,7,16.12461879845679,20.296002880093116,0.06710306364238688,0.7082768256749439
monthly_6,mensal,teste_2024,LSTM,semente,11.0,Lucid AMP 1 Casa Grande,cumulativo,6,7,42,15.526877235567403,19.3919039096409,0.06900135949497102,0.9035762511616233
monthly_6,mensal,teste_2024,LSTM,semente,11.0,Lucid AMP 1 Casa Grande,lead_exato,6,7,7,12.125946795961381,13.585533755667749,0.05460369217388551,0.9615500582267914
monthly_6,mensal,teste_2024,LSTM,semente,11.0,Rivian Normal,cumulativo,1,7,7,16.91618573354626,20.390368781475786,0.10221301400863883,0.921436546469752
monthly_6,mensal,teste_2024,LSTM,semente,11.0,Rivian Normal,lead_exato,1,7,7,16.91618573354626,20.390368781475786,0.10221301400863883,0.921436546469752
monthly_6,mensal,teste_2024,LSTM,semente,11.0,Rivian Normal,cumulativo,3,7,21,19.56608952357197,21.842558544248853,0.09929805436819981,0.8559588394550316
monthly_6,mensal,teste_2024,LSTM,semente,11.0,Rivian Normal,lead_exato,3,7,7,18.366752589568186,18.824775061122413,0.08030714805086275,0.7705848894806457
monthly_6,mensal,teste_2024,LSTM,semente,11.0,Rivian Normal,cumulativo,6,7,42,18.644240284182093,21.03733527095307,0.09725584727194803,0.8914508346030402
monthly_6,mensal,teste_2024,LSTM,semente,11.0,Rivian Normal,lead_exato,6,7,7,14.671558021473333,17.52431097357819,0.09338813239423316,0.956131788547758
monthly_6,mensal,teste_2024,LSTM,semente,11.0,Tesla Fremont Factory,cumulativo,1,7,7,16.009990253672445,18.55657282615538,0.07658127743137402,0.9649782020565258
monthly_6,mensal,teste_2024,LSTM,semente,11.0,Tesla Fremont Factory,lead_exato,1,7,7,16.009990253672445,18.55657282615538,0.07658127743137402,0.9649782020565258
monthly_6,mensal,teste_2024,LSTM,semente,11.0,Tesla Fremont Factory,cumulativo,3,7,21,14.628350443393325,17.424107311012914,0.06497979472237171,0.9544809635354393
monthly_6,mensal,teste_2024,LSTM,semente,11.0,Tesla Fremont Factory,lead_exato,3,7,7,12.453713499963799,15.464666384045946,0.05335942013750585,0.9169480416543621
monthly_6,mensal,teste_2024,LSTM,semente,11.0,Tesla Fremont Factory,cumulativo,6,7,42,13.543335376661135,16.59212523955174,0.06231264135850547,0.9589100317001472
monthly_6,mensal,teste_2024,LSTM,semente,11.0,Tesla Fremont Factory,lead_exato,6,7,7,7.565201453374259,10.7638412116642,0.04587086901552924,0.9875069396190125
monthly_6,mensal,teste_2024,LSTM,semente,11.0,Tesla Gigafactory Nevada,cumulativo,1,7,7,18.04557888074523,19.308761749357874,0.07834399383868587,0.9599492853975683
monthly_6,mensal,teste_2024,LSTM,semente,11.0,Tesla Gigafactory Nevada,lead_exato,1,7,7,18.04557888074523,19.308761749357874,0.07834399383868587,0.9599492853975683
monthly_6,mensal,teste_2024,LSTM,semente,11.0,Tesla Gigafactory Nevada,cumulativo,3,7,21,16.40065442326781,18.410879414238206,0.06780508571105283,0.9455124692629502
monthly_6,mensal,teste_2024,LSTM,semente,11.0,Tesla Gigafactory Nevada,lead_exato,3,7,7,15.622679871610151,17.810457184750913,0.06104896452702857,0.8850942297456319
monthly_6,mensal,teste_2024,LSTM,semente,11.0,Tesla Gigafactory Nevada,cumulativo,6,7,42,13.868396811963153,16.489762103688545,0.061739623438168294,0.9589592202453191
monthly_6,mensal,teste_2024,LSTM,semente,11.0,Tesla Gigafactory Nevada,lead_exato,6,7,7,7.546081077900591,9.764478590079305,0.04213439591971574,0.9895855050686196
monthly_6,mensal,teste_2024,LSTM,semente,11.0,Tesla Gigafactory Texas,cumulativo,1,7,7,16.024313910059814,19.152143368039848,0.08972099014400986,0.8744353230219837
monthly_6,mensal,teste_2024,LSTM,semente,11.0,Tesla Gigafactory Texas,lead_exato,1,7,7,16.024313910059814,19.152143368039848,0.08972099014400986,0.8744353230219837
monthly_6,mensal,teste_2024,LSTM,semente,11.0,Tesla Gigafactory Texas,cumulativo,3,7,21,15.773219235443495,18.09837497085858,0.0779879395585695,0.8624105407104007
monthly_6,mensal,teste_2024,LSTM,semente,11.0,Tesla Gigafactory Texas,lead_exato,3,7,7,15.077575207167683,17.438106766133515,0.07048438846061866,0.7699963603619847
monthly_6,mensal,teste_2024,LSTM,semente,11.0,Tesla Gigafactory Texas,cumulativo,6,7,42,15.31265326739692,18.080344680013045,0.07666291310995611,0.8671820305686827
monthly_6,mensal,teste_2024,LSTM,semente,11.0,Tesla Gigafactory Texas,lead_exato,6,7,7,12.386157659726678,14.770629897283198,0.06546443652518108,0.9470904951693404
monthly_6,mensal,teste_2024,LSTM,semente,23.0,BMW San Luis Potosi,cumulativo,1,7,7,27.563940437039946,35.37355637537168,0.13306185725429026,0.42119200144868674
monthly_6,mensal,teste_2024,LSTM,semente,23.0,BMW San Luis Potosi,lead_exato,1,7,7,27.563940437039946,35.37355637537168,0.13306185725429026,0.42119200144868674
monthly_6,mensal,teste_2024,LSTM,semente,23.0,BMW San Luis Potosi,cumulativo,3,7,21,26.0269483171868,34.407402311147806,0.12587435303127906,0.2258173659737036
monthly_6,mensal,teste_2024,LSTM,semente,23.0,BMW San Luis Potosi,lead_exato,3,7,7,25.377671643826684,33.04522577564796,0.11976477595666828,0.15869296556683776
monthly_6,mensal,teste_2024,LSTM,semente,23.0,BMW San Luis Potosi,cumulativo,6,7,42,26.23425900638443,33.34205820038569,0.1274362102564648,0.30757899352446894
monthly_6,mensal,teste_2024,LSTM,semente,23.0,BMW San Luis Potosi,lead_exato,6,7,7,27.249696898294783,32.49522014028607,0.13978146266179975,-0.24269208939594322
monthly_6,mensal,teste_2024,LSTM,semente,23.0,BYD Camacari,cumulativo,1,7,7,15.83142894976793,22.11599662535412,0.10063034309076009,0.6162428415508774
monthly_6,mensal,teste_2024,LSTM,semente,23.0,BYD Camacari,lead_exato,1,7,7,15.83142894976793,22.11599662535412,0.10063034309076009,0.6162428415508774
monthly_6,mensal,teste_2024,LSTM,semente,23.0,BYD Camacari,cumulativo,3,7,21,15.973848808058825,21.462994873773763,0.09938212215792538,0.572209980897805
monthly_6,mensal,teste_2024,LSTM,semente,23.0,BYD Camacari,lead_exato,3,7,7,18.276596856818806,22.57677691493277,0.10553538159332239,0.46780064239225305
monthly_6,mensal,teste_2024,LSTM,semente,23.0,BYD Camacari,cumulativo,6,7,42,14.213610049402135,18.506629225313972,0.0837433659089438,0.7105811741000216
monthly_6,mensal,teste_2024,LSTM,semente,23.0,BYD Camacari,lead_exato,6,7,7,12.589137879544458,15.71288265683528,0.06546205733556616,0.8283985839617336
monthly_6,mensal,teste_2024,LSTM,semente,23.0,Ford Rouge Electric Vehicle Center,cumulativo,1,7,7,13.733222571770057,16.70156739214425,0.09339532281042369,0.9530665290017352
monthly_6,mensal,teste_2024,LSTM,semente,23.0,Ford Rouge Electric Vehicle Center,lead_exato,1,7,7,13.733222571770057,16.70156739214425,0.09339532281042369,0.9530665290017352
monthly_6,mensal,teste_2024,LSTM,semente,23.0,Ford Rouge Electric Vehicle Center,cumulativo,3,7,21,13.256346374032892,16.26867075048192,0.08132806347832922,0.9293377137451856
monthly_6,mensal,teste_2024,LSTM,semente,23.0,Ford Rouge Electric Vehicle Center,lead_exato,3,7,7,11.65901927701738,13.855899408585287,0.06416498276374269,0.8843774851557749
monthly_6,mensal,teste_2024,LSTM,semente,23.0,Ford Rouge Electric Vehicle Center,cumulativo,6,7,42,13.484037211295593,17.306150462620824,0.08766230660603916,0.9268580452801425
monthly_6,mensal,teste_2024,LSTM,semente,23.0,Ford Rouge Electric Vehicle Center,lead_exato,6,7,7,12.571541797868901,17.843237188440142,0.10590729541125055,0.9501688432986932
monthly_6,mensal,teste_2024,LSTM,semente,23.0,GM Factory Zero,cumulativo,1,7,7,21.823834837326917,24.772538863500184,0.13868586803869143,0.8950925517716505
monthly_6,mensal,teste_2024,LSTM,semente,23.0,GM Factory Zero,lead_exato,1,7,7,21.823834837326917,24.772538863500184,0.13868586803869143,0.8950925517716505
monthly_6,mensal,teste_2024,LSTM,semente,23.0,GM Factory Zero,cumulativo,3,7,21,17.62340045539242,21.214840695373976,0.10616973229046991,0.8781738480582416
monthly_6,mensal,teste_2024,LSTM,semente,23.0,GM Factory Zero,lead_exato,3,7,7,13.46922387149685,15.847449072017541,0.07347714593851788,0.8458217743535429
monthly_6,mensal,teste_2024,LSTM,semente,23.0,GM Factory Zero,cumulativo,6,7,42,15.690178820725695,19.492136714588376,0.09892073266667112,0.9065002170920406
monthly_6,mensal,teste_2024,LSTM,semente,23.0,GM Factory Zero,lead_exato,6,7,7,13.153567621614132,18.4366391549678,0.10966665666690784,0.946491758016218
monthly_6,mensal,teste_2024,LSTM,semente,23.0,Hyundai Metaplant Georgia,cumulativo,1,7,7,12.872105873679045,16.875704632176546,0.0777687920508929,0.9079439008557387
monthly_6,mensal,teste_2024,LSTM,semente,23.0,Hyundai Metaplant Georgia,lead_exato,1,7,7,12.872105873679045,16.875704632176546,0.0777687920508929,0.9079439008557387
monthly_6,mensal,teste_2024,LSTM,semente,23.0,Hyundai Metaplant Georgia,cumulativo,3,7,21,13.356667381388737,16.901640633564536,0.07397842952725966,0.8649025277100962
monthly_6,mensal,teste_2024,LSTM,semente,23.0,Hyundai Metaplant Georgia,lead_exato,3,7,7,14.33053637179585,18.210937898743616,0.07711027235008583,0.736844165906971
monthly_6,mensal,teste_2024,LSTM,semente,23.0,Hyundai Metaplant Georgia,cumulativo,6,7,42,14.207020112652437,17.406588992681733,0.07805048036444888,0.8694901424630805
monthly_6,mensal,teste_2024,LSTM,semente,23.0,Hyundai Metaplant Georgia,lead_exato,6,7,7,14.725190016442573,16.614432057265706,0.0836941878297131,0.9096536820842143
monthly_6,mensal,teste_2024,LSTM,semente,23.0,Lucid AMP 1 Casa Grande,cumulativo,1,7,7,19.457887942577113,19.871962188051256,0.07423616623614258,0.9359991115806645
monthly_6,mensal,teste_2024,LSTM,semente,23.0,Lucid AMP 1 Casa Grande,lead_exato,1,7,7,19.457887942577113,19.871962188051256,0.07423616623614258,0.9359991115806645
monthly_6,mensal,teste_2024,LSTM,semente,23.0,Lucid AMP 1 Casa Grande,cumulativo,3,7,21,17.637463626595824,18.328582917324095,0.06404344430032265,0.9128580763902316
monthly_6,mensal,teste_2024,LSTM,semente,23.0,Lucid AMP 1 Casa Grande,lead_exato,3,7,7,14.917709960930292,15.803963022329201,0.05225138874657175,0.8231187052204144
monthly_6,mensal,teste_2024,LSTM,semente,23.0,Lucid AMP 1 Casa Grande,cumulativo,6,7,42,15.285618159946797,16.514381032485755,0.05876239629534045,0.9300693261915777
monthly_6,mensal,teste_2024,LSTM,semente,23.0,Lucid AMP 1 Casa Grande,lead_exato,6,7,7,11.166998237420144,13.245782969889195,0.05323814793718975,0.9634491446562637
monthly_6,mensal,teste_2024,LSTM,semente,23.0,Rivian Normal,cumulativo,1,7,7,12.03976622520299,17.961639642209096,0.09003825992765413,0.9390375569103784
monthly_6,mensal,teste_2024,LSTM,semente,23.0,Rivian Normal,lead_exato,1,7,7,12.03976622520299,17.961639642209096,0.09003825992765413,0.9390375569103784
monthly_6,mensal,teste_2024,LSTM,semente,23.0,Rivian Normal,cumulativo,3,7,21,13.084608847926596,17.359712345124127,0.0789186695675044,0.9090160800439705
monthly_6,mensal,teste_2024,LSTM,semente,23.0,Rivian Normal,lead_exato,3,7,7,14.371752871607262,15.42159736725752,0.06578907311943745,0.8460353039511453
monthly_6,mensal,teste_2024,LSTM,semente,23.0,Rivian Normal,cumulativo,6,7,42,13.97981315565627,17.356801284697106,0.08024069556018337,0.926110213001823
monthly_6,mensal,teste_2024,LSTM,semente,23.0,Rivian Normal,lead_exato,6,7,7,13.029235628366687,16.178522068465966,0.08621634043991312,0.962610839245279
monthly_6,mensal,teste_2024,LSTM,semente,23.0,Tesla Fremont Factory,cumulativo,1,7,7,15.888283551485399,19.775343452331075,0.08161103224239252,0.9602267603340279
monthly_6,mensal,teste_2024,LSTM,semente,23.0,Tesla Fremont Factory,lead_exato,1,7,7,15.888283551485399,19.775343452331075,0.08161103224239252,0.9602267603340279
monthly_6,mensal,teste_2024,LSTM,semente,23.0,Tesla Fremont Factory,cumulativo,3,7,21,11.87701402430193,15.354370538149816,0.05726111690264875,0.9646527183727649
monthly_6,mensal,teste_2024,LSTM,semente,23.0,Tesla Fremont Factory,lead_exato,3,7,7,8.341266621634531,10.236557970078902,0.035320309143615045,0.963610451522363
monthly_6,mensal,teste_2024,LSTM,semente,23.0,Tesla Fremont Factory,cumulativo,6,7,42,9.768078004287206,12.920264660101218,0.04852276645686713,0.9750842140257228
monthly_6,mensal,teste_2024,LSTM,semente,23.0,Tesla Fremont Factory,lead_exato,6,7,7,6.981545873007852,9.21511456960642,0.039270861124135505,0.9908433681721087
monthly_6,mensal,teste_2024,LSTM,semente,23.0,Tesla Gigafactory Nevada,cumulativo,1,7,7,17.732721856117905,21.49230909441162,0.08720358939266067,0.9503787640518353
monthly_6,mensal,teste_2024,LSTM,semente,23.0,Tesla Gigafactory Nevada,lead_exato,1,7,7,17.732721856117905,21.49230909441162,0.08720358939266067,0.9503787640518353
monthly_6,mensal,teste_2024,LSTM,semente,23.0,Tesla Gigafactory Nevada,cumulativo,3,7,21,13.017786251222095,16.64053891383261,0.061285131575949586,0.955487413141939
monthly_6,mensal,teste_2024,LSTM,semente,23.0,Tesla Gigafactory Nevada,lead_exato,3,7,7,9.68740609933973,12.19400639917939,0.04179743711145353,0.9461377439532372
monthly_6,mensal,teste_2024,LSTM,semente,23.0,Tesla Gigafactory Nevada,cumulativo,6,7,42,11.343174871140548,14.399384508612462,0.053913002001664226,0.9687050198076533
monthly_6,mensal,teste_2024,LSTM,semente,23.0,Tesla Gigafactory Nevada,lead_exato,6,7,7,8.16395889982003,10.144964167781215,0.04377621732622915,0.9887580633718919
monthly_6,mensal,teste_2024,LSTM,semente,23.0,Tesla Gigafactory Texas,cumulativo,1,7,7,16.090717138818977,21.50176830938296,0.10072814856765427,0.8417363887390816
monthly_6,mensal,teste_2024,LSTM,semente,23.0,Tesla Gigafactory Texas,lead_exato,1,7,7,16.090717138818977,21.50176830938296,0.10072814856765427,0.8417363887390816
monthly_6,mensal,teste_2024,LSTM,semente,23.0,Tesla Gigafactory Texas,cumulativo,3,7,21,15.916746145682954,21.053546451543433,0.09072210686320047,0.8138099254314637
monthly_6,mensal,teste_2024,LSTM,semente,23.0,Tesla Gigafactory Texas,lead_exato,3,7,7,15.391068239498379,19.62637987444934,0.07932933326414546,0.7086490458089993
monthly_6,mensal,teste_2024,LSTM,semente,23.0,Tesla Gigafactory Texas,cumulativo,6,7,42,15.653017145801275,20.267523446740853,0.08593682346493692,0.8331044360087009
monthly_6,mensal,teste_2024,LSTM,semente,23.0,Tesla Gigafactory Texas,lead_exato,6,7,7,9.95134237585439,13.87769921200799,0.061506906983510204,0.9532942226144296
monthly_6,mensal,teste_2024,LSTM,semente,42.0,BMW San Luis Potosi,cumulativo,1,7,7,26.220332501609587,34.44412162022346,0.12956567741293246,0.45120859353406395
monthly_6,mensal,teste_2024,LSTM,semente,42.0,BMW San Luis Potosi,lead_exato,1,7,7,26.220332501609587,34.44412162022346,0.12956567741293246,0.45120859353406395
monthly_6,mensal,teste_2024,LSTM,semente,42.0,BMW San Luis Potosi,cumulativo,3,7,21,25.231388668445756,33.48485576907988,0.12249935401002425,0.26677625733678323
monthly_6,mensal,teste_2024,LSTM,semente,42.0,BMW San Luis Potosi,lead_exato,3,7,7,25.240955863131344,32.664582190521486,0.11838522134259118,0.17796314623574505
monthly_6,mensal,teste_2024,LSTM,semente,42.0,BMW San Luis Potosi,cumulativo,6,7,42,26.447070593261532,33.85804815445981,0.12940836818032245,0.28598183425000745
monthly_6,mensal,teste_2024,LSTM,semente,42.0,BMW San Luis Potosi,lead_exato,6,7,7,29.785495694977467,35.206487708883984,0.15144425321284052,-0.45871338696000974
monthly_6,mensal,teste_2024,LSTM,semente,42.0,BYD Camacari,cumulativo,1,7,7,17.53824839119573,24.428866722929104,0.11115416959453644,0.5317798497694004
monthly_6,mensal,teste_2024,LSTM,semente,42.0,BYD Camacari,lead_exato,1,7,7,17.53824839119573,24.428866722929104,0.11115416959453644,0.5317798497694004
monthly_6,mensal,teste_2024,LSTM,semente,42.0,BYD Camacari,cumulativo,3,7,21,18.468121567258788,24.19204128998508,0.1120186822421833,0.4565056494061127
monthly_6,mensal,teste_2024,LSTM,semente,42.0,BYD Camacari,lead_exato,3,7,7,19.960472955165642,24.707338093001994,0.11549471227115417,0.36261420720528736
monthly_6,mensal,teste_2024,LSTM,semente,42.0,BYD Camacari,cumulativo,6,7,42,14.968982345922909,19.738932420370666,0.08931959570843839,0.6707548020326328
monthly_6,mensal,teste_2024,LSTM,semente,42.0,BYD Camacari,lead_exato,6,7,7,11.347102514442017,14.690276261844257,0.061201736685141235,0.8500076674153573
monthly_6,mensal,teste_2024,LSTM,semente,42.0,Ford Rouge Electric Vehicle Center,cumulativo,1,7,7,10.834627823822236,12.60224897271536,0.0704718954400466,0.9732782852218509
monthly_6,mensal,teste_2024,LSTM,semente,42.0,Ford Rouge Electric Vehicle Center,lead_exato,1,7,7,10.834627823822236,12.60224897271536,0.0704718954400466,0.9732782852218509
monthly_6,mensal,teste_2024,LSTM,semente,42.0,Ford Rouge Electric Vehicle Center,cumulativo,3,7,21,9.610367127511923,11.573089136107575,0.057854568596136705,0.9642412654637067
monthly_6,mensal,teste_2024,LSTM,semente,42.0,Ford Rouge Electric Vehicle Center,lead_exato,3,7,7,8.92398038180467,10.502945691317422,0.04863786242806713,0.9335652649438426
monthly_6,mensal,teste_2024,LSTM,semente,42.0,Ford Rouge Electric Vehicle Center,cumulativo,6,7,42,9.96940675778986,12.568204252760355,0.06366278723119079,0.9614244548417714
monthly_6,mensal,teste_2024,LSTM,semente,42.0,Ford Rouge Electric Vehicle Center,lead_exato,6,7,7,11.073745285660802,13.79678555113919,0.08188986267787812,0.9702073249978915
monthly_6,mensal,teste_2024,LSTM,semente,42.0,GM Factory Zero,cumulativo,1,7,7,11.32862994877202,13.560080686039033,0.07591436513553636,0.9685667103874657
monthly_6,mensal,teste_2024,LSTM,semente,42.0,GM Factory Zero,lead_exato,1,7,7,11.32862994877202,13.560080686039033,0.07591436513553636,0.9685667103874657
monthly_6,mensal,teste_2024,LSTM,semente,42.0,GM Factory Zero,cumulativo,3,7,21,9.809381843188838,12.02406855940328,0.06017448626293344,0.9608651327994755
monthly_6,mensal,teste_2024,LSTM,semente,42.0,GM Factory Zero,lead_exato,3,7,7,8.876680407695988,10.848222072846857,0.05029808853132607,0.927752728890644
monthly_6,mensal,teste_2024,LSTM,semente,42.0,GM Factory Zero,cumulativo,6,7,42,10.466421745820728,13.074789690535345,0.06635330926457167,0.957931102677792
monthly_6,mensal,teste_2024,LSTM,semente,42.0,GM Factory Zero,lead_exato,6,7,7,11.647822684258633,14.46652049352832,0.086051200698424,0.9670553161476344
monthly_6,mensal,teste_2024,LSTM,semente,42.0,Hyundai Metaplant Georgia,cumulativo,1,7,7,10.937137691797293,17.503997860752396,0.08066417369599091,0.9009616856565612
monthly_6,mensal,teste_2024,LSTM,semente,42.0,Hyundai Metaplant Georgia,lead_exato,1,7,7,10.937137691797293,17.503997860752396,0.08066417369599091,0.9009616856565612
monthly_6,mensal,teste_2024,LSTM,semente,42.0,Hyundai Metaplant Georgia,cumulativo,3,7,21,12.944796621341819,18.216984974251044,0.07973568769652382,0.8430568024128193
monthly_6,mensal,teste_2024,LSTM,semente,42.0,Hyundai Metaplant Georgia,lead_exato,3,7,7,15.554295998990321,19.511748392270757,0.08261827265130302,0.6979069388652133
monthly_6,mensal,teste_2024,LSTM,semente,42.0,Hyundai Metaplant Georgia,cumulativo,6,7,42,14.649155487049185,18.576472786631463,0.08329619462396001,0.8513576792385706
monthly_6,mensal,teste_2024,LSTM,semente,42.0,Hyundai Metaplant Georgia,lead_exato,6,7,7,16.512267280465853,18.227842281090144,0.09182164339688009,0.891254828730274
monthly_6,mensal,teste_2024,LSTM,semente,42.0,Lucid AMP 1 Casa Grande,cumulativo,1,7,7,14.753362403018368,16.67470663858528,0.06229210191962018,0.9549369168271317
monthly_6,mensal,teste_2024,LSTM,semente,42.0,Lucid AMP 1 Casa Grande,lead_exato,1,7,7,14.753362403018368,16.67470663858528,0.06229210191962018,0.9549369168271317
monthly_6,mensal,teste_2024,LSTM,semente,42.0,Lucid AMP 1 Casa Grande,cumulativo,3,7,21,15.688037736161613,18.102569755206687,0.06325371268689144,0.9149939522598305
monthly_6,mensal,teste_2024,LSTM,semente,42.0,Lucid AMP 1 Casa Grande,lead_exato,3,7,7,16.34923283502368,19.014300065919194,0.06286547134314177,0.7439583687524975
monthly_6,mensal,teste_2024,LSTM,semente,42.0,Lucid AMP 1 Casa Grande,cumulativo,6,7,42,14.394813400634575,16.601954335123022,0.05907400452966301,0.929325695832304
monthly_6,mensal,teste_2024,LSTM,semente,42.0,Lucid AMP 1 Casa Grande,lead_exato,6,7,7,10.014782661300265,12.530173245764702,0.0503619316769025,0.9672918164579821
monthly_6,mensal,teste_2024,LSTM,semente,42.0,Rivian Normal,cumulativo,1,7,7,20.832738314959748,24.76187824721416,0.12412655382976971,0.8841389199092489
monthly_6,mensal,teste_2024,LSTM,semente,42.0,Rivian Normal,lead_exato,1,7,7,20.832738314959748,24.76187824721416,0.12412655382976971,0.8841389199092489
monthly_6,mensal,teste_2024,LSTM,semente,42.0,Rivian Normal,cumulativo,3,7,21,20.994465171290823,23.31419636247821,0.10598824003435264,0.8358954982238155
monthly_6,mensal,teste_2024,LSTM,semente,42.0,Rivian Normal,lead_exato,3,7,7,21.52784384626971,22.280710897065873,0.09505029105949139,0.6786187648591504
monthly_6,mensal,teste_2024,LSTM,semente,42.0,Rivian Normal,cumulativo,6,7,42,19.713687584605495,21.756514165901468,0.10058061972375586,0.8839022883514019
monthly_6,mensal,teste_2024,LSTM,semente,42.0,Rivian Normal,lead_exato,6,7,7,15.52668675559447,17.537042262046757,0.093455978214525,0.9560680255013042
monthly_6,mensal,teste_2024,LSTM,semente,42.0,Tesla Fremont Factory,cumulativo,1,7,7,13.467943804499685,14.910692341529424,0.0615350624060848,0.9773880239928568
monthly_6,mensal,teste_2024,LSTM,semente,42.0,Tesla Fremont Factory,lead_exato,1,7,7,13.467943804499685,14.910692341529424,0.0615350624060848,0.9773880239928568
monthly_6,mensal,teste_2024,LSTM,semente,42.0,Tesla Fremont Factory,cumulativo,3,7,21,13.020305243953166,15.123750335156014,0.05640106403555597,0.9657065652751785
monthly_6,mensal,teste_2024,LSTM,semente,42.0,Tesla Fremont Factory,lead_exato,3,7,7,10.863212517082632,13.860240340148934,0.04782349448416117,0.9332870279661948
monthly_6,mensal,teste_2024,LSTM,semente,42.0,Tesla Fremont Factory,cumulativo,6,7,42,11.612218334199795,13.666201942038471,0.051324175056079835,0.9721241935988034
monthly_6,mensal,teste_2024,LSTM,semente,42.0,Tesla Fremont Factory,lead_exato,6,7,7,12.124184937345717,13.569246046627946,0.05782629972001639,0.9801461055330878
monthly_6,mensal,teste_2024,LSTM,semente,42.0,Tesla Gigafactory Nevada,cumulativo,1,7,7,14.397693236448172,16.264623869392498,0.06599261044041856,0.9715822643197984
monthly_6,mensal,teste_2024,LSTM,semente,42.0,Tesla Gigafactory Nevada,lead_exato,1,7,7,14.397693236448172,16.264623869392498,0.06599261044041856,0.9715822643197984
monthly_6,mensal,teste_2024,LSTM,semente,42.0,Tesla Gigafactory Nevada,cumulativo,3,7,21,14.355233889795096,16.436710714630113,0.06053445648833989,0.9565711946044304
monthly_6,mensal,teste_2024,LSTM,semente,42.0,Tesla Gigafactory Nevada,lead_exato,3,7,7,14.100676558722105,16.585514817532506,0.05685022541841108,0.9003563526149021
monthly_6,mensal,teste_2024,LSTM,semente,42.0,Tesla Gigafactory Nevada,cumulativo,6,7,42,12.185724339727775,14.91232083793486,0.05583349640425099,0.9664357226502711
monthly_6,mensal,teste_2024,LSTM,semente,42.0,Tesla Gigafactory Nevada,lead_exato,6,7,7,8.561565263343457,11.68520920893298,0.05042248049108496,0.985085349442666
monthly_6,mensal,teste_2024,LSTM,semente,42.0,Tesla Gigafactory Texas,cumulativo,1,7,7,16.97677896618846,19.55486434707885,0.09160759491177912,0.8690991909678933
monthly_6,mensal,teste_2024,LSTM,semente,42.0,Tesla Gigafactory Texas,lead_exato,1,7,7,16.97677896618846,19.55486434707885,0.09160759491177912,0.8690991909678933
monthly_6,mensal,teste_2024,LSTM,semente,42.0,Tesla Gigafactory Texas,cumulativo,3,7,21,15.820939450245138,18.14885891383944,0.07820548056433434,0.861641880964886
monthly_6,mensal,teste_2024,LSTM,semente,42.0,Tesla Gigafactory Texas,lead_exato,3,7,7,14.50777853198042,16.57236307044488,0.06698507424190091,0.7922672729338179
monthly_6,mensal,teste_2024,LSTM,semente,42.0,Tesla Gigafactory Texas,cumulativo,6,7,42,15.055458843164079,17.783158516103917,0.07540280676439334,0.8715123977347061
monthly_6,mensal,teste_2024,LSTM,semente,42.0,Tesla Gigafactory Texas,lead_exato,6,7,7,11.688168552736816,13.667527475170765,0.06057541154822763,0.9546981877671941
monthly_6,mensal,teste_2024,LSTM,semente,67.0,BMW San Luis Potosi,cumulativo,1,7,7,27.20441921121983,34.01140516912857,0.12793796279933317,0.46491075236850987
monthly_6,mensal,teste_2024,LSTM,semente,67.0,BMW San Luis Potosi,lead_exato,1,7,7,27.20441921121983,34.01140516912857,0.12793796279933317,0.46491075236850987
monthly_6,mensal,teste_2024,LSTM,semente,67.0,BMW San Luis Potosi,cumulativo,3,7,21,25.990340375523807,33.44917738913475,0.12236882997475462,0.26833793635290537
monthly_6,mensal,teste_2024,LSTM,semente,67.0,BMW San Luis Potosi,lead_exato,3,7,7,26.19666046088943,33.8790113725947,0.12278663896018305,0.1157022284573691
monthly_6,mensal,teste_2024,LSTM,semente,67.0,BMW San Luis Potosi,cumulativo,6,7,42,26.339449606672535,33.323922782256815,0.12736689513068972,0.3083320321822327
monthly_6,mensal,teste_2024,LSTM,semente,67.0,BMW San Luis Potosi,lead_exato,6,7,7,25.65971530070166,31.682496243582527,0.13628544895483063,-0.1813085599340809
monthly_6,mensal,teste_2024,LSTM,semente,67.0,BYD Camacari,cumulativo,1,7,7,16.059932270422387,21.895656872318998,0.09962777172488103,0.623851428415173
monthly_6,mensal,teste_2024,LSTM,semente,67.0,BYD Camacari,lead_exato,1,7,7,16.059932270422387,21.895656872318998,0.09962777172488103,0.623851428415173
monthly_6,mensal,teste_2024,LSTM,semente,67.0,BYD Camacari,cumulativo,3,7,21,18.055272080263226,22.97363898912842,0.10637699956866256,0.509871915481344
monthly_6,mensal,teste_2024,LSTM,semente,67.0,BYD Camacari,lead_exato,3,7,7,20.37318779122214,24.402237094467043,0.11406851443847803,0.37825865610496057
monthly_6,mensal,teste_2024,LSTM,semente,67.0,BYD Camacari,cumulativo,6,7,42,15.488392314608161,19.31559318182231,0.08740396578330452,0.6847259476838932
monthly_6,mensal,teste_2024,LSTM,semente,67.0,BYD Camacari,lead_exato,6,7,7,12.814464321373505,15.402115907923903,0.06416735978200336,0.835119267757193
monthly_6,mensal,teste_2024,LSTM,semente,67.0,Ford Rouge Electric Vehicle Center,cumulativo,1,7,7,13.655842033601143,15.571450380110166,0.08707569779115035,0.9592031768648952
monthly_6,mensal,teste_2024,LSTM,semente,67.0,Ford Rouge Electric Vehicle Center,lead_exato,1,7,7,13.655842033601143,15.571450380110166,0.08707569779115035,0.9592031768648952
monthly_6,mensal,teste_2024,LSTM,semente,67.0,Ford Rouge Electric Vehicle Center,cumulativo,3,7,21,11.06200420183021,13.383555783819665,0.06690520024938133,0.9521781280865208
monthly_6,mensal,teste_2024,LSTM,semente,67.0,Ford Rouge Electric Vehicle Center,lead_exato,3,7,7,9.705878531985425,12.432340337268869,0.057572654068169846,0.9069152045623288
monthly_6,mensal,teste_2024,LSTM,semente,67.0,Ford Rouge Electric Vehicle Center,cumulativo,6,7,42,10.572105314787157,13.20464815547738,0.06688662032209267,0.9574186643704734
monthly_6,mensal,teste_2024,LSTM,semente,67.0,Ford Rouge Electric Vehicle Center,lead_exato,6,7,7,10.738332660406481,12.937363063577305,0.0767888201757779,0.9738033834500175
monthly_6,mensal,teste_2024,LSTM,semente,67.0,GM Factory Zero,cumulativo,1,7,7,12.734197523998935,15.042290267953478,0.08421232456616802,0.9613193987278565
monthly_6,mensal,teste_2024,LSTM,semente,67.0,GM Factory Zero,lead_exato,1,7,7,12.734197523998935,15.042290267953478,0.08421232456616802,0.9613193987278565
monthly_6,mensal,teste_2024,LSTM,semente,67.0,GM Factory Zero,cumulativo,3,7,21,11.248740239157033,13.781556813868626,0.06896984137115815,0.9485888242264401
monthly_6,mensal,teste_2024,LSTM,semente,67.0,GM Factory Zero,lead_exato,3,7,7,11.170847285525204,13.95501561010566,0.06470282465640308,0.8804457644080326
monthly_6,mensal,teste_2024,LSTM,semente,67.0,GM Factory Zero,cumulativo,6,7,42,11.093724288034077,13.776933090128228,0.0699166199750292,0.9532914050581621
monthly_6,mensal,teste_2024,LSTM,semente,67.0,GM Factory Zero,lead_exato,6,7,7,11.207211797720642,13.810717392776438,0.0821502872571653,0.9699745415013048
monthly_6,mensal,teste_2024,LSTM,semente,67.0,Hyundai Metaplant Georgia,cumulativo,1,7,7,11.987166950841518,18.537899033956922,0.08542873002668244,0.8889164471215443
monthly_6,mensal,teste_2024,LSTM,semente,67.0,Hyundai Metaplant Georgia,lead_exato,1,7,7,11.987166950841518,18.537899033956922,0.08542873002668244,0.8889164471215443
monthly_6,mensal,teste_2024,LSTM,semente,67.0,Hyundai Metaplant Georgia,cumulativo,3,7,21,13.828185452614456,18.668339936788936,0.08171126699156452,0.8351834202555938
monthly_6,mensal,teste_2024,LSTM,semente,67.0,Hyundai Metaplant Georgia,lead_exato,3,7,7,16.312628608361983,19.761231893358552,0.08367465650273881,0.6901322312488162
monthly_6,mensal,teste_2024,LSTM,semente,67.0,Hyundai Metaplant Georgia,cumulativo,6,7,42,15.391434723001371,19.211405219864385,0.08614320740938473,0.8410230242531065
monthly_6,mensal,teste_2024,LSTM,semente,67.0,Hyundai Metaplant Georgia,lead_exato,6,7,7,15.881522594135665,18.52032002621607,0.09329498219366883,0.8877370549379029
monthly_6,mensal,teste_2024,LSTM,semente,67.0,Lucid AMP 1 Casa Grande,cumulativo,1,7,7,15.813537992880779,17.470956548050502,0.06526667182294438,0.9505304607403542
monthly_6,mensal,teste_2024,LSTM,semente,67.0,Lucid AMP 1 Casa Grande,lead_exato,1,7,7,15.813537992880779,17.470956548050502,0.06526667182294438,0.9505304607403542
monthly_6,mensal,teste_2024,LSTM,semente,67.0,Lucid AMP 1 Casa Grande,cumulativo,3,7,21,15.533802376070406,17.457288858386825,0.06099898239159491,0.9209461616291124
monthly_6,mensal,teste_2024,LSTM,semente,67.0,Lucid AMP 1 Casa Grande,lead_exato,3,7,7,15.640927051255144,17.396695315753483,0.05751731312992718,0.7856697781004959
monthly_6,mensal,teste_2024,LSTM,semente,67.0,Lucid AMP 1 Casa Grande,cumulativo,6,7,42,14.330741759064551,16.06844884616243,0.05717565539345425,0.9337949648562504
monthly_6,mensal,teste_2024,LSTM,semente,67.0,Lucid AMP 1 Casa Grande,lead_exato,6,7,7,10.442990415618738,11.764732208867727,0.04728543078207786,0.9711659022141306
monthly_6,mensal,teste_2024,LSTM,semente,67.0,Rivian Normal,cumulativo,1,7,7,17.983710088924344,22.246663658735894,0.11151826475358487,0.9064809292473579
monthly_6,mensal,teste_2024,LSTM,semente,67.0,Rivian Normal,lead_exato,1,7,7,17.983710088924344,22.246663658735894,0.11151826475358487,0.9064809292473579
monthly_6,mensal,teste_2024,LSTM,semente,67.0,Rivian Normal,cumulativo,3,7,21,18.020908500289227,20.626735253399584,0.09377082242820979,0.8715480848347974
monthly_6,mensal,teste_2024,LSTM,semente,67.0,Rivian Normal,lead_exato,3,7,7,16.34880402828417,16.833263812458814,0.0718112914909783,0.8165578684728364
monthly_6,mensal,teste_2024,LSTM,semente,67.0,Rivian Normal,cumulativo,6,7,42,16.650848960329785,18.7987884768561,0.08690701923295178,0.9133228237633254
monthly_6,mensal,teste_2024,LSTM,semente,67.0,Rivian Normal,lead_exato,6,7,7,14.388235698560964,16.043594576345722,0.08549730352503838,0.9632318834870426
monthly_6,mensal,teste_2024,LSTM,semente,67.0,Tesla Fremont Factory,cumulativo,1,7,7,13.456402517983665,15.362796254471009,0.0634008538703356,0.9759960098959813
monthly_6,mensal,teste_2024,LSTM,semente,67.0,Tesla Fremont Factory,lead_exato,1,7,7,13.456402517983665,15.362796254471009,0.0634008538703356,0.9759960098959813
monthly_6,mensal,teste_2024,LSTM,semente,67.0,Tesla Fremont Factory,cumulativo,3,7,21,11.932791502637537,13.773506005544162,0.051365592329767666,0.9715566338748731
monthly_6,mensal,teste_2024,LSTM,semente,67.0,Tesla Fremont Factory,lead_exato,3,7,7,9.489184993509427,10.866009474746736,0.03749217412017905,0.9589976333126551
monthly_6,mensal,teste_2024,LSTM,semente,67.0,Tesla Fremont Factory,cumulativo,6,7,42,11.797243020149695,13.416073352233303,0.05038480334299245,0.9731352613417782
monthly_6,mensal,teste_2024,LSTM,semente,67.0,Tesla Fremont Factory,lead_exato,6,7,7,13.734618133197143,15.105020718985086,0.06437111187840477,0.975397631182222
monthly_6,mensal,teste_2024,LSTM,semente,67.0,Tesla Gigafactory Nevada,cumulativo,1,7,7,15.110969198681492,16.850470460084708,0.06836964332773625,0.9694981990076736
monthly_6,mensal,teste_2024,LSTM,semente,67.0,Tesla Gigafactory Nevada,lead_exato,1,7,7,15.110969198681492,16.850470460084708,0.06836964332773625,0.9694981990076736
monthly_6,mensal,teste_2024,LSTM,semente,67.0,Tesla Gigafactory Nevada,cumulativo,3,7,21,13.47874152426882,15.644981695857567,0.05761861239583641,0.9606542182383933
monthly_6,mensal,teste_2024,LSTM,semente,67.0,Tesla Gigafactory Nevada,lead_exato,3,7,7,11.80861750835327,14.25419253486561,0.048859144119416734,0.9264001474714512
monthly_6,mensal,teste_2024,LSTM,semente,67.0,Tesla Gigafactory Nevada,cumulativo,6,7,42,11.781472297932051,14.321104509791814,0.053619912409495644,0.9690443554386812
monthly_6,mensal,teste_2024,LSTM,semente,67.0,Tesla Gigafactory Nevada,lead_exato,6,7,7,10.47975693486858,13.241048406701342,0.05713603351303415,0.9808492915578413
monthly_6,mensal,teste_2024,LSTM,semente,67.0,Tesla Gigafactory Texas,cumulativo,1,7,7,17.761446039371645,19.581095314430147,0.09173047767836914,0.8687477737710618
monthly_6,mensal,teste_2024,LSTM,semente,67.0,Tesla Gigafactory Texas,lead_exato,1,7,7,17.761446039371645,19.581095314430147,0.09173047767836914,0.8687477737710618
monthly_6,mensal,teste_2024,LSTM,semente,67.0,Tesla Gigafactory Texas,cumulativo,3,7,21,15.809847070592577,18.88271711578558,0.08136775834839446,0.8502265016170345
monthly_6,mensal,teste_2024,LSTM,semente,67.0,Tesla Gigafactory Texas,lead_exato,3,7,7,13.937365668096845,17.708857855487175,0.07157875754632706,0.762798654737354
monthly_6,mensal,teste_2024,LSTM,semente,67.0,Tesla Gigafactory Texas,cumulativo,6,7,42,14.512216431852542,17.938402409575417,0.07606106020627675,0.8692592566878541
monthly_6,mensal,teste_2024,LSTM,semente,67.0,Tesla Gigafactory Texas,lead_exato,6,7,7,10.637245939965851,12.678103323080528,0.05619021639734878,0.9610197842875385
monthly_6,mensal,teste_2024,LSTM,semente,89.0,BMW San Luis Potosi,cumulativo,1,7,7,25.86653960190129,33.527691885952756,0.12611841751089967,0.4800226964489268
monthly_6,mensal,teste_2024,LSTM,semente,89.0,BMW San Luis Potosi,lead_exato,1,7,7,25.86653960190129,33.527691885952756,0.12611841751089967,0.4800226964489268
monthly_6,mensal,teste_2024,LSTM,semente,89.0,BMW San Luis Potosi,cumulativo,3,7,21,25.206755763867562,33.27629395692898,0.12173636170580664,0.2758816410692895
monthly_6,mensal,teste_2024,LSTM,semente,89.0,BMW San Luis Potosi,lead_exato,3,7,7,26.084412593808988,33.83965065243632,0.12264398513589793,0.11775579357141519
monthly_6,mensal,teste_2024,LSTM,semente,89.0,BMW San Luis Potosi,cumulativo,6,7,42,27.21593279349921,34.771491985096276,0.1328996289584922,0.24693567149637352
monthly_6,mensal,teste_2024,LSTM,semente,89.0,BMW San Luis Potosi,lead_exato,6,7,7,31.076942395638266,36.79448698087634,0.1582751920397412,-0.593272538931459
monthly_6,mensal,teste_2024,LSTM,semente,89.0,BYD Camacari,cumulativo,1,7,7,16.229726755245014,23.02855116255804,0.1047825718021076,0.5839201442194344
monthly_6,mensal,teste_2024,LSTM,semente,89.0,BYD Camacari,lead_exato,1,7,7,16.229726755245014,23.02855116255804,0.1047825718021076,0.5839201442194344
monthly_6,mensal,teste_2024,LSTM,semente,89.0,BYD Camacari,cumulativo,3,7,21,16.961684514323593,22.783716080667265,0.10549758167753037,0.5179421892806867
monthly_6,mensal,teste_2024,LSTM,semente,89.0,BYD Camacari,lead_exato,3,7,7,17.424850071327715,22.492297410336814,0.10514048125887952,0.47177603896764275
monthly_6,mensal,teste_2024,LSTM,semente,89.0,BYD Camacari,cumulativo,6,7,42,14.40300669100175,19.049096972860806,0.08619805792895126,0.6933655720294836
monthly_6,mensal,teste_2024,LSTM,semente,89.0,BYD Camacari,lead_exato,6,7,7,12.68839403250578,15.543623121826359,0.06475689854151602,0.8320756607736188
monthly_6,mensal,teste_2024,LSTM,semente,89.0,Ford Rouge Electric Vehicle Center,cumulativo,1,7,7,12.509026663700038,14.615224907501398,0.08172847590490677,0.9640599051275398
monthly_6,mensal,teste_2024,LSTM,semente,89.0,Ford Rouge Electric Vehicle Center,lead_exato,1,7,7,12.509026663700038,14.615224907501398,0.08172847590490677,0.9640599051275398
monthly_6,mensal,teste_2024,LSTM,semente,89.0,Ford Rouge Electric Vehicle Center,cumulativo,3,7,21,10.844090670914587,12.925986618908166,0.06461778447581261,0.9553921851987617
monthly_6,mensal,teste_2024,LSTM,semente,89.0,Ford Rouge Electric Vehicle Center,lead_exato,3,7,7,8.29336081332024,10.580292614113766,0.04899604660808368,0.9325831703382974
monthly_6,mensal,teste_2024,LSTM,semente,89.0,Ford Rouge Electric Vehicle Center,cumulativo,6,7,42,11.068768177747286,13.585599941687137,0.06881628760176688,0.9549262952493682
monthly_6,mensal,teste_2024,LSTM,semente,89.0,Ford Rouge Electric Vehicle Center,lead_exato,6,7,7,11.700677644550264,13.695497227735606,0.08128867286713216,0.970643161756457
monthly_6,mensal,teste_2024,LSTM,semente,89.0,GM Factory Zero,cumulativo,1,7,7,10.229953806613073,12.679368693130392,0.07098381248198557,0.972517227198219
monthly_6,mensal,teste_2024,LSTM,semente,89.0,GM Factory Zero,lead_exato,1,7,7,10.229953806613073,12.679368693130392,0.07098381248198557,0.972517227198219
monthly_6,mensal,teste_2024,LSTM,semente,89.0,GM Factory Zero,cumulativo,3,7,21,9.714700043361322,11.710417586522508,0.05860481905206165,0.9628801903272359
monthly_6,mensal,teste_2024,LSTM,semente,89.0,GM Factory Zero,lead_exato,3,7,7,8.86553929711876,10.317819856829093,0.047838863651956325,0.9346447927966278
monthly_6,mensal,teste_2024,LSTM,semente,89.0,GM Factory Zero,cumulativo,6,7,42,10.377631814999214,12.936169522405098,0.06564982514712453,0.9588184108762248
monthly_6,mensal,teste_2024,LSTM,semente,89.0,GM Factory Zero,lead_exato,6,7,7,11.851864010159488,14.426557817509194,0.08581349072137,0.9672370791751748
monthly_6,mensal,teste_2024,LSTM,semente,89.0,Hyundai Metaplant Georgia,cumulativo,1,7,7,11.790872768386114,18.580735657929992,0.08562613526542856,0.888402479256523
monthly_6,mensal,teste_2024,LSTM,semente,89.0,Hyundai Metaplant Georgia,lead_exato,1,7,7,11.790872768386114,18.580735657929992,0.08562613526542856,0.888402479256523
monthly_6,mensal,teste_2024,LSTM,semente,89.0,Hyundai Metaplant Georgia,cumulativo,3,7,21,13.898850477955788,19.48938757483831,0.08530499000028456,0.8203671000613695
monthly_6,mensal,teste_2024,LSTM,semente,89.0,Hyundai Metaplant Georgia,lead_exato,3,7,7,16.16334630226317,20.464953773138078,0.08665441438836959,0.6676697212320508
monthly_6,mensal,teste_2024,LSTM,semente,89.0,Hyundai Metaplant Georgia,cumulativo,6,7,42,15.353564449930847,19.419717361539515,0.08707727109815952,0.8375567104349539
monthly_6,mensal,teste_2024,LSTM,semente,89.0,Hyundai Metaplant Georgia,lead_exato,6,7,7,16.179790812030465,17.972668309527915,0.09053622008348772,0.8942781933499016
monthly_6,mensal,teste_2024,LSTM,semente,89.0,Lucid AMP 1 Casa Grande,cumulativo,1,7,7,14.827733792624226,18.326240438996557,0.06846177638818673,0.9455683801641396
monthly_6,mensal,teste_2024,LSTM,semente,89.0,Lucid AMP 1 Casa Grande,lead_exato,1,7,7,14.827733792624226,18.326240438996557,0.06846177638818673,0.9455683801641396
monthly_6,mensal,teste_2024,LSTM,semente,89.0,Lucid AMP 1 Casa Grande,cumulativo,3,7,21,14.919482063811182,18.99388301089549,0.06636812535601769,0.9064170173485778
monthly_6,mensal,teste_2024,LSTM,semente,89.0,Lucid AMP 1 Casa Grande,lead_exato,3,7,7,15.414519830222357,19.324725088015416,0.06389180495853278,0.735529919321013
monthly_6,mensal,teste_2024,LSTM,semente,89.0,Lucid AMP 1 Casa Grande,cumulativo,6,7,42,14.11203973129581,17.19708734627087,0.061191640169819074,0.9241679309759625
monthly_6,mensal,teste_2024,LSTM,semente,89.0,Lucid AMP 1 Casa Grande,lead_exato,6,7,7,9.845324909045237,11.695757694238301,0.04700820478327622,0.9715030093956717
monthly_6,mensal,teste_2024,LSTM,semente,89.0,Rivian Normal,cumulativo,1,7,7,18.5597799220636,22.2225022543428,0.11139714826019691,0.9066839552028181
monthly_6,mensal,teste_2024,LSTM,semente,89.0,Rivian Normal,lead_exato,1,7,7,18.5597799220636,22.2225022543428,0.11139714826019691,0.9066839552028181
monthly_6,mensal,teste_2024,LSTM,semente,89.0,Rivian Normal,cumulativo,3,7,21,20.81789663448438,23.214077963326886,0.10553309361814661,0.8373019033387948
monthly_6,mensal,teste_2024,LSTM,semente,89.0,Rivian Normal,lead_exato,3,7,7,21.480503150685472,22.628484403455467,0.09653390498715399,0.6685077628682279
monthly_6,mensal,teste_2024,LSTM,semente,89.0,Rivian Normal,cumulativo,6,7,42,19.08469691671824,21.320404692363464,0.09856448052142901,0.8885099988540222
monthly_6,mensal,teste_2024,LSTM,semente,89.0,Rivian Normal,lead_exato,6,7,7,15.180420518724832,17.507999828282205,0.09330120929644634,0.9562134131855705
monthly_6,mensal,teste_2024,LSTM,semente,89.0,Tesla Fremont Factory,cumulativo,1,7,7,14.718870735731182,16.491516507313815,0.06805897903359477,0.9723392414993448
monthly_6,mensal,teste_2024,LSTM,semente,89.0,Tesla Fremont Factory,lead_exato,1,7,7,14.718870735731182,16.491516507313815,0.06805897903359477,0.9723392414993448
monthly_6,mensal,teste_2024,LSTM,semente,89.0,Tesla Fremont Factory,cumulativo,3,7,21,13.978860911118804,16.18542913621795,0.0603603871344498,0.9607228087420404
monthly_6,mensal,teste_2024,LSTM,semente,89.0,Tesla Fremont Factory,lead_exato,3,7,7,11.05774524502028,13.543234416636476,0.04672969447330353,0.9363037950354351
monthly_6,mensal,teste_2024,LSTM,semente,89.0,Tesla Fremont Factory,cumulativo,6,7,42,12.312451615751554,14.43793991025425,0.054222479555466004,0.9688869754385355
monthly_6,mensal,teste_2024,LSTM,semente,89.0,Tesla Fremont Factory,lead_exato,6,7,7,11.10570737939718,12.872241111071691,0.05485596399382306,0.9821333715464923
monthly_6,mensal,teste_2024,LSTM,semente,89.0,Tesla Gigafactory Nevada,cumulativo,1,7,7,15.455438354506091,17.086384769193078,0.06932684966852394,0.968638141877171
monthly_6,mensal,teste_2024,LSTM,semente,89.0,Tesla Gigafactory Nevada,lead_exato,1,7,7,15.455438354506091,17.086384769193078,0.06932684966852394,0.968638141877171
monthly_6,mensal,teste_2024,LSTM,semente,89.0,Tesla Gigafactory Nevada,cumulativo,3,7,21,15.10270228776516,17.392413733061467,0.0640541973774652,0.9513740862042466
monthly_6,mensal,teste_2024,LSTM,semente,89.0,Tesla Gigafactory Nevada,lead_exato,3,7,7,13.721908120924711,16.720286446560543,0.05731218258854072,0.8987303918299236
monthly_6,mensal,teste_2024,LSTM,semente,89.0,Tesla Gigafactory Nevada,cumulativo,6,7,42,13.099670650152719,15.854140668074955,0.0593597814588087,0.9620621917038669
monthly_6,mensal,teste_2024,LSTM,semente,89.0,Tesla Gigafactory Nevada,lead_exato,6,7,7,9.287403783670518,11.903561096875183,0.051364683887969,0.9845227460448334
monthly_6,mensal,teste_2024,LSTM,semente,89.0,Tesla Gigafactory Texas,cumulativo,1,7,7,16.850613649997626,19.56664772601134,0.09166279585742519,0.868941386900908
monthly_6,mensal,teste_2024,LSTM,semente,89.0,Tesla Gigafactory Texas,lead_exato,1,7,7,16.850613649997626,19.56664772601134,0.09166279585742519,0.868941386900908
monthly_6,mensal,teste_2024,LSTM,semente,89.0,Tesla Gigafactory Texas,cumulativo,3,7,21,16.208494764144845,18.936528754377587,0.08159963876996924,0.8493716414494741
monthly_6,mensal,teste_2024,LSTM,semente,89.0,Tesla Gigafactory Texas,lead_exato,3,7,7,14.911550014528919,18.466125566201846,0.07463961456518399,0.7420784604282673
monthly_6,mensal,teste_2024,LSTM,semente,89.0,Tesla Gigafactory Texas,cumulativo,6,7,42,15.302854428708264,18.19547963912202,0.07715109967510755,0.8654850849444717
monthly_6,mensal,teste_2024,LSTM,semente,89.0,Tesla Gigafactory Texas,lead_exato,6,7,7,11.686604259268083,13.863068037171196,0.0614420606213,0.9533926539398251
monthly_6,mensal,teste_2024,LSTM,ensemble,,BMW San Luis Potosi,cumulativo,1,7,7,25.94907481619748,33.96220537809191,0.12775289190902203,0.4664577180213306
monthly_6,mensal,teste_2024,LSTM,ensemble,,BMW San Luis Potosi,lead_exato,1,7,7,25.94907481619748,33.96220537809191,0.12775289190902203,0.4664577180213306
monthly_6,mensal,teste_2024,LSTM,ensemble,,BMW San Luis Potosi,cumulativo,3,7,21,25.09013235028728,33.39328543197344,0.12216435758001493,0.2707810373161452
monthly_6,mensal,teste_2024,LSTM,ensemble,,BMW San Luis Potosi,lead_exato,3,7,7,25.351503934863388,33.22721208466287,0.12042434323196326,0.14940097550236453
monthly_6,mensal,teste_2024,LSTM,ensemble,,BMW San Luis Potosi,cumulativo,6,7,42,26.312531621740444,33.60087149247426,0.12842541688880718,0.296787620219473
monthly_6,mensal,teste_2024,LSTM,ensemble,,BMW San Luis Potosi,lead_exato,6,7,7,28.656733768692963,34.1441202483857,0.14687437256972866,-0.37200729748219086
monthly_6,mensal,teste_2024,LSTM,ensemble,,BYD Camacari,cumulativo,1,7,7,16.622410714604765,23.372619558938073,0.10634812280850978,0.5713940065318404
monthly_6,mensal,teste_2024,LSTM,ensemble,,BYD Camacari,lead_exato,1,7,7,16.622410714604765,23.372619558938073,0.10634812280850978,0.5713940065318404
monthly_6,mensal,teste_2024,LSTM,ensemble,,BYD Camacari,cumulativo,3,7,21,17.67413918989079,23.399237332286695,0.10834768757277004,0.4915439622964465
monthly_6,mensal,teste_2024,LSTM,ensemble,,BYD Camacari,lead_exato,3,7,7,19.437635893085474,24.15622651021251,0.11291853537002534,0.3907316064160641
monthly_6,mensal,teste_2024,LSTM,ensemble,,BYD Camacari,cumulativo,6,7,42,14.768880364405215,19.373877274953337,0.08766770404046191,0.6828204213358278
monthly_6,mensal,teste_2024,LSTM,ensemble,,BYD Camacari,lead_exato,6,7,7,11.908016436352328,14.886387406662937,0.062018763025033063,0.8459762237953552
monthly_6,mensal,teste_2024,LSTM,ensemble,,Ford Rouge Electric Vehicle Center,cumulativo,1,7,7,11.745700361603054,13.78257612591399,0.07707229604356992,0.9680383631149658
monthly_6,mensal,teste_2024,LSTM,ensemble,,Ford Rouge Electric Vehicle Center,lead_exato,1,7,7,11.745700361603054,13.78257612591399,0.07707229604356992,0.9680383631149658
monthly_6,mensal,teste_2024,LSTM,ensemble,,Ford Rouge Electric Vehicle Center,cumulativo,3,7,21,10.218763903605023,12.325568512074168,0.061616258250648384,0.9594400449364917
monthly_6,mensal,teste_2024,LSTM,ensemble,,Ford Rouge Electric Vehicle Center,lead_exato,3,7,7,9.124789048768378,11.245350587010686,0.0520758490885621,0.9238413973722944
monthly_6,mensal,teste_2024,LSTM,ensemble,,Ford Rouge Electric Vehicle Center,cumulativo,6,7,42,10.734530559121584,13.502351887004368,0.06839460419448809,0.9554769962612892
monthly_6,mensal,teste_2024,LSTM,ensemble,,Ford Rouge Electric Vehicle Center,lead_exato,6,7,7,11.602743119025869,14.399468399005894,0.08546704487493284,0.9675476172625073
monthly_6,mensal,teste_2024,LSTM,ensemble,,GM Factory Zero,cumulativo,1,7,7,12.550413520402133,15.009242222697544,0.08402730934150511,0.9614891752712338
monthly_6,mensal,teste_2024,LSTM,ensemble,,GM Factory Zero,lead_exato,1,7,7,12.550413520402133,15.009242222697544,0.08402730934150511,0.9614891752712338
monthly_6,mensal,teste_2024,LSTM,ensemble,,GM Factory Zero,cumulativo,3,7,21,10.645952284502977,13.258598355738098,0.06635269423835588,0.9524165194276055
monthly_6,mensal,teste_2024,LSTM,ensemble,,GM Factory Zero,lead_exato,3,7,7,9.435228673250808,11.88377000107053,0.055099435795648515,0.9133012592849954
monthly_6,mensal,teste_2024,LSTM,ensemble,,GM Factory Zero,cumulativo,6,7,42,11.113341836326295,14.027389213348702,0.07118766088617164,0.9515777016005292
monthly_6,mensal,teste_2024,LSTM,ensemble,,GM Factory Zero,lead_exato,6,7,7,12.174631011826525,15.25752736312857,0.09075634668845342,0.963354092075045
monthly_6,mensal,teste_2024,LSTM,ensemble,,Hyundai Metaplant Georgia,cumulativo,1,7,7,11.32479416451495,18.11355133621693,0.08347319640114752,0.8939438275752831
monthly_6,mensal,teste_2024,LSTM,ensemble,,Hyundai Metaplant Georgia,lead_exato,1,7,7,11.32479416451495,18.11355133621693,0.08347319640114752,0.8939438275752831
monthly_6,mensal,teste_2024,LSTM,ensemble,,Hyundai Metaplant Georgia,cumulativo,3,7,21,12.964322038732544,18.236946498181997,0.07982305922591548,0.8427126684281709
monthly_6,mensal,teste_2024,LSTM,ensemble,,Hyundai Metaplant Georgia,lead_exato,3,7,7,15.267699408599944,19.21815797523783,0.08137512761711199,0.7069296426303859
monthly_6,mensal,teste_2024,LSTM,ensemble,,Hyundai Metaplant Georgia,cumulativo,6,7,42,14.62477651543221,18.557451613893004,0.08321090441173314,0.8516619246972716
monthly_6,mensal,teste_2024,LSTM,ensemble,,Hyundai Metaplant Georgia,lead_exato,6,7,7,15.818242494509247,17.646308055122155,0.0888922002133987,0.8980828735182518
monthly_6,mensal,teste_2024,LSTM,ensemble,,Lucid AMP 1 Casa Grande,cumulativo,1,7,7,15.619085651871924,17.56717478374861,0.06562611659606939,0.9499840706379379
monthly_6,mensal,teste_2024,LSTM,ensemble,,Lucid AMP 1 Casa Grande,lead_exato,1,7,7,15.619085651871924,17.56717478374861,0.06562611659606939,0.9499840706379379
monthly_6,mensal,teste_2024,LSTM,ensemble,,Lucid AMP 1 Casa Grande,cumulativo,3,7,21,15.7583153119818,17.88898299007281,0.06250740119309842,0.9169880401078792
monthly_6,mensal,teste_2024,LSTM,ensemble,,Lucid AMP 1 Casa Grande,lead_exato,3,7,7,15.689401695177667,18.140546868196488,0.0599766504861033,0.7669491724638436
monthly_6,mensal,teste_2024,LSTM,ensemble,,Lucid AMP 1 Casa Grande,cumulativo,6,7,42,14.441380741963744,16.552279382738817,0.05889724832958438,0.9297479943582561
monthly_6,mensal,teste_2024,LSTM,ensemble,,Lucid AMP 1 Casa Grande,lead_exato,6,7,7,10.027915449226507,12.334155245139916,0.049574085813857846,0.9683071645675593
monthly_6,mensal,teste_2024,LSTM,ensemble,,Rivian Normal,cumulativo,1,7,7,16.939147923259274,20.477313442996074,0.1026488509472048,0.9207651279226334
monthly_6,mensal,teste_2024,LSTM,ensemble,,Rivian Normal,lead_exato,1,7,7,16.939147923259274,20.477313442996074,0.1026488509472048,0.9207651279226334
monthly_6,mensal,teste_2024,LSTM,ensemble,,Rivian Normal,cumulativo,3,7,21,18.38447023918936,20.545253130106108,0.09340039804351873,0.8725609316668602
monthly_6,mensal,teste_2024,LSTM,ensemble,,Rivian Normal,lead_exato,3,7,7,18.41913129728295,18.850547956304705,0.08041709612208185,0.7699562775483297
monthly_6,mensal,teste_2024,LSTM,ensemble,,Rivian Normal,cumulativo,6,7,42,17.55418213776428,19.584330295186465,0.09053858825656061,0.9059275441102507
monthly_6,mensal,teste_2024,LSTM,ensemble,,Rivian Normal,lead_exato,6,7,7,14.533346358309215,16.82242576901746,0.08964774291427594,0.9595754432252278
monthly_6,mensal,teste_2024,LSTM,ensemble,,Tesla Fremont Factory,cumulativo,1,7,7,14.12789332192777,15.608061023706563,0.06441303912204846,0.9752234515418648
monthly_6,mensal,teste_2024,LSTM,ensemble,,Tesla Fremont Factory,lead_exato,1,7,7,14.12789332192777,15.608061023706563,0.06441303912204846,0.9752234515418648
monthly_6,mensal,teste_2024,LSTM,ensemble,,Tesla Fremont Factory,cumulativo,3,7,21,12.498681534325332,14.487436439099158,0.05402805601817344,0.9685315701881447
monthly_6,mensal,teste_2024,LSTM,ensemble,,Tesla Fremont Factory,lead_exato,3,7,7,10.124025353556606,12.443580122014088,0.04293543767812931,0.9462275946933031
monthly_6,mensal,teste_2024,LSTM,ensemble,,Tesla Fremont Factory,cumulativo,6,7,42,10.94037736344693,13.163715945304762,0.049437061184283586,0.9741364118265262
monthly_6,mensal,teste_2024,LSTM,ensemble,,Tesla Fremont Factory,lead_exato,6,7,7,9.80268229454734,11.69239115610085,0.04982795013908524,0.9852585248153304
monthly_6,mensal,teste_2024,LSTM,ensemble,,Tesla Gigafactory Nevada,cumulativo,1,7,7,15.857650775411544,17.21981531883816,0.06986823509214565,0.9681464089242395
monthly_6,mensal,teste_2024,LSTM,ensemble,,Tesla Gigafactory Nevada,lead_exato,1,7,7,15.857650775411544,17.21981531883816,0.06986823509214565,0.9681464089242395
monthly_6,mensal,teste_2024,LSTM,ensemble,,Tesla Gigafactory Nevada,cumulativo,3,7,21,14.170048177503238,16.110660380109678,0.05933365176951813,0.9582770751867442
monthly_6,mensal,teste_2024,LSTM,ensemble,,Tesla Gigafactory Nevada,lead_exato,3,7,7,12.988257631789992,15.199947076801315,0.052100910171966074,0.916309559347361
monthly_6,mensal,teste_2024,LSTM,ensemble,,Tesla Gigafactory Nevada,cumulativo,6,7,42,12.0203019364477,14.524818707054461,0.054382642505231296,0.9681574188659933
monthly_6,mensal,teste_2024,LSTM,ensemble,,Tesla Gigafactory Nevada,lead_exato,6,7,7,8.354604597472843,10.792564641163981,0.04657065785795683,0.9872770032879539
monthly_6,mensal,teste_2024,LSTM,ensemble,,Tesla Gigafactory Texas,cumulativo,1,7,7,16.668022646243383,19.59134615192748,0.09177849921164571,0.8686103149215414
monthly_6,mensal,teste_2024,LSTM,ensemble,,Tesla Gigafactory Texas,lead_exato,1,7,7,16.668022646243383,19.59134615192748,0.09177849921164571,0.8686103149215414
monthly_6,mensal,teste_2024,LSTM,ensemble,,Tesla Gigafactory Texas,cumulativo,3,7,21,15.881598901673826,18.705553584102763,0.08060434070326834,0.8530237605870756
monthly_6,mensal,teste_2024,LSTM,ensemble,,Tesla Gigafactory Texas,lead_exato,3,7,7,14.765067532254445,17.810979724219134,0.07199153156833311,0.7600550233132578
monthly_6,mensal,teste_2024,LSTM,ensemble,,Tesla Gigafactory Texas,cumulativo,6,7,42,15.055161765759253,18.204667179658422,0.077190055991168,0.8653492079822436
monthly_6,mensal,teste_2024,LSTM,ensemble,,Tesla Gigafactory Texas,lead_exato,6,7,7,11.071245103584642,13.589012566745923,0.06022742813285522,0.9552171772037982
monthly_6,mensal,teste_2024,TimesNet,semente,11.0,BMW San Luis Potosi,cumulativo,1,7,7,23.43877211585368,28.37896167171854,0.10675085385579951,0.6274624303569438
monthly_6,mensal,teste_2024,TimesNet,semente,11.0,BMW San Luis Potosi,lead_exato,1,7,7,23.43877211585368,28.37896167171854,0.10675085385579951,0.6274624303569438
monthly_6,mensal,teste_2024,TimesNet,semente,11.0,BMW San Luis Potosi,cumulativo,3,7,21,23.679963474161013,29.167214287484068,0.10670390618161318,0.44367374160873285
monthly_6,mensal,teste_2024,TimesNet,semente,11.0,BMW San Luis Potosi,lead_exato,3,7,7,24.34647858761647,29.710987629604737,0.10768060115761705,0.3199023873570688
monthly_6,mensal,teste_2024,TimesNet,semente,11.0,BMW San Luis Potosi,cumulativo,6,7,42,25.666249256640974,30.61575334195126,0.1170160389198719,0.416184898028101
monthly_6,mensal,teste_2024,TimesNet,semente,11.0,BMW San Luis Potosi,lead_exato,6,7,7,28.416138927891748,32.039743237383966,0.1378221828839905,-0.20809926727411532
monthly_6,mensal,teste_2024,TimesNet,semente,11.0,BYD Camacari,cumulativo,1,7,7,16.250527787755086,19.412818940986707,0.08833057191511569,0.7043208727099919
monthly_6,mensal,teste_2024,TimesNet,semente,11.0,BYD Camacari,lead_exato,1,7,7,16.250527787755086,19.412818940986707,0.08833057191511569,0.7043208727099919
monthly_6,mensal,teste_2024,TimesNet,semente,11.0,BYD Camacari,cumulativo,3,7,21,14.547411527928142,17.483212834817678,0.08095416338127083,0.7161476506212281
monthly_6,mensal,teste_2024,TimesNet,semente,11.0,BYD Camacari,lead_exato,3,7,7,12.522771953625384,15.648809504451402,0.07315052492905438,0.7443103961124674
monthly_6,mensal,teste_2024,TimesNet,semente,11.0,BYD Camacari,cumulativo,6,7,42,12.393805494830824,15.426263048189199,0.06980456437118739,0.7989085551662594
monthly_6,mensal,teste_2024,TimesNet,semente,11.0,BYD Camacari,lead_exato,6,7,7,14.571492564633186,17.081640202438166,0.071164491884695,0.7971998496449508
monthly_6,mensal,teste_2024,TimesNet,semente,11.0,Ford Rouge Electric Vehicle Center,cumulativo,1,7,7,12.058562504417491,13.511427919860921,0.0755560327109617,0.9692835719699343
monthly_6,mensal,teste_2024,TimesNet,semente,11.0,Ford Rouge Electric Vehicle Center,lead_exato,1,7,7,12.058562504417491,13.511427919860921,0.0755560327109617,0.9692835719699343
monthly_6,mensal,teste_2024,TimesNet,semente,11.0,Ford Rouge Electric Vehicle Center,cumulativo,3,7,21,10.769378528200097,12.995784362469792,0.06496670759350838,0.9549091379674495
monthly_6,mensal,teste_2024,TimesNet,semente,11.0,Ford Rouge Electric Vehicle Center,lead_exato,3,7,7,9.173809362572813,11.73596637636501,0.054347831060951035,0.9170510905067379
monthly_6,mensal,teste_2024,TimesNet,semente,11.0,Ford Rouge Electric Vehicle Center,cumulativo,6,7,42,11.126848878106687,14.23284323741052,0.07209482377079854,0.9505291987735224
monthly_6,mensal,teste_2024,TimesNet,semente,11.0,Ford Rouge Electric Vehicle Center,lead_exato,6,7,7,11.689906344042226,16.018217840235227,0.09507501978769915,0.9598410765243603
monthly_6,mensal,teste_2024,TimesNet,semente,11.0,GM Factory Zero,cumulativo,1,7,7,11.913927233137201,14.194120201474949,0.07946395369622362,0.9655584852267494
monthly_6,mensal,teste_2024,TimesNet,semente,11.0,GM Factory Zero,lead_exato,1,7,7,11.913927233137201,14.194120201474949,0.07946395369622362,0.9655584852267494
monthly_6,mensal,teste_2024,TimesNet,semente,11.0,GM Factory Zero,cumulativo,3,7,21,11.032474301497272,13.558514939822844,0.06785362766033971,0.9502394439573438
monthly_6,mensal,teste_2024,TimesNet,semente,11.0,GM Factory Zero,lead_exato,3,7,7,9.892694601221072,11.96488647240882,0.05547553460975136,0.9121136398893338
monthly_6,mensal,teste_2024,TimesNet,semente,11.0,GM Factory Zero,cumulativo,6,7,42,11.712281136278746,14.937048879855494,0.07580409683702485,0.9450938099117436
monthly_6,mensal,teste_2024,TimesNet,semente,11.0,GM Factory Zero,lead_exato,6,7,7,14.713140697800814,18.718758324665057,0.11134478606252524,0.944841652638284
monthly_6,mensal,teste_2024,TimesNet,semente,11.0,Hyundai Metaplant Georgia,cumulativo,1,7,7,12.083826170837321,18.502926083697115,0.08526756318029338,0.8893351844321614
monthly_6,mensal,teste_2024,TimesNet,semente,11.0,Hyundai Metaplant Georgia,lead_exato,1,7,7,12.083826170837321,18.502926083697115,0.08526756318029338,0.8893351844321614
monthly_6,mensal,teste_2024,TimesNet,semente,11.0,Hyundai Metaplant Georgia,cumulativo,3,7,21,14.367913845515995,19.450272888299782,0.08513378513654933,0.821087413489618
monthly_6,mensal,teste_2024,TimesNet,semente,11.0,Hyundai Metaplant Georgia,lead_exato,3,7,7,17.996063745254496,21.778550633022753,0.09221655578861636,0.6236375180325634
monthly_6,mensal,teste_2024,TimesNet,semente,11.0,Hyundai Metaplant Georgia,cumulativo,6,7,42,14.75480202566968,18.97404855846838,0.08507890920326008,0.8449270740323902
monthly_6,mensal,teste_2024,TimesNet,semente,11.0,Hyundai Metaplant Georgia,lead_exato,6,7,7,13.142990508841649,15.861216843451716,0.07989991214434126,0.9176596966959413
monthly_6,mensal,teste_2024,TimesNet,semente,11.0,Lucid AMP 1 Casa Grande,cumulativo,1,7,7,7.654517465545756,9.368768367629109,0.03499913291830962,0.9857744357452197
monthly_6,mensal,teste_2024,TimesNet,semente,11.0,Lucid AMP 1 Casa Grande,lead_exato,1,7,7,7.654517465545756,9.368768367629109,0.03499913291830962,0.9857744357452197
monthly_6,mensal,teste_2024,TimesNet,semente,11.0,Lucid AMP 1 Casa Grande,cumulativo,3,7,21,10.849490764966882,12.62685683784298,0.04412056328796681,0.9586419667194038
monthly_6,mensal,teste_2024,TimesNet,semente,11.0,Lucid AMP 1 Casa Grande,lead_exato,3,7,7,14.851156189912412,15.355476018744039,0.05076859175830977,0.833015382118732
monthly_6,mensal,teste_2024,TimesNet,semente,11.0,Lucid AMP 1 Casa Grande,cumulativo,6,7,42,10.06450006191565,12.012239919795263,0.042742625422847604,0.9630009045292369
monthly_6,mensal,teste_2024,TimesNet,semente,11.0,Lucid AMP 1 Casa Grande,lead_exato,6,7,7,8.857482787178599,11.184513554945527,0.04495338543574786,0.9739398761664637
monthly_6,mensal,teste_2024,TimesNet,semente,11.0,Rivian Normal,cumulativo,1,7,7,12.71775095623507,17.168760727662217,0.0860637097629038,0.9443008841561856
monthly_6,mensal,teste_2024,TimesNet,semente,11.0,Rivian Normal,lead_exato,1,7,7,12.71775095623507,17.168760727662217,0.0860637097629038,0.9443008841561856
monthly_6,mensal,teste_2024,TimesNet,semente,11.0,Rivian Normal,cumulativo,3,7,21,12.06703803691629,15.477334921062182,0.07036122812046339,0.9276777454577438
monthly_6,mensal,teste_2024,TimesNet,semente,11.0,Rivian Normal,lead_exato,3,7,7,10.480118392988922,11.138672114202329,0.047517964366684345,0.9196789701166694
monthly_6,mensal,teste_2024,TimesNet,semente,11.0,Rivian Normal,cumulativo,6,7,42,12.167237082417476,15.440057730837003,0.07137956766861539,0.9415286835760306
monthly_6,mensal,teste_2024,TimesNet,semente,11.0,Rivian Normal,lead_exato,6,7,7,10.856072923359566,14.373372229763621,0.07659658578123726,0.9704889018081412
monthly_6,mensal,teste_2024,TimesNet,semente,11.0,Tesla Fremont Factory,cumulativo,1,7,7,12.054901274851025,14.164959624932406,0.058457491747192794,0.9795932624413708
monthly_6,mensal,teste_2024,TimesNet,semente,11.0,Tesla Fremont Factory,lead_exato,1,7,7,12.054901274851025,14.164959624932406,0.058457491747192794,0.9795932624413708
monthly_6,mensal,teste_2024,TimesNet,semente,11.0,Tesla Fremont Factory,cumulativo,3,7,21,11.481873105830172,14.006989062267065,0.05223632164899178,0.9705841389636658
monthly_6,mensal,teste_2024,TimesNet,semente,11.0,Tesla Fremont Factory,lead_exato,3,7,7,10.648213445486752,14.190363060207488,0.0489625528045342,0.9300712475270144
monthly_6,mensal,teste_2024,TimesNet,semente,11.0,Tesla Fremont Factory,cumulativo,6,7,42,10.559412590005325,13.185090578559073,0.04951733479823694,0.9740523514381451
monthly_6,mensal,teste_2024,TimesNet,semente,11.0,Tesla Fremont Factory,lead_exato,6,7,7,8.162146497403748,9.334185276190995,0.03977828934403611,0.9906052093210335
monthly_6,mensal,teste_2024,TimesNet,semente,11.0,Tesla Gigafactory Nevada,cumulativo,1,7,7,14.47485299277316,19.457253396883672,0.07894648864751246,0.9593309065741247
monthly_6,mensal,teste_2024,TimesNet,semente,11.0,Tesla Gigafactory Nevada,lead_exato,1,7,7,14.47485299277316,19.457253396883672,0.07894648864751246,0.9593309065741247
monthly_6,mensal,teste_2024,TimesNet,semente,11.0,Tesla Gigafactory Nevada,cumulativo,3,7,21,13.7653417512584,18.548390697191117,0.06831152346000947,0.9446954923574846
monthly_6,mensal,teste_2024,TimesNet,semente,11.0,Tesla Gigafactory Nevada,lead_exato,3,7,7,12.635370500904303,18.368901200715673,0.06296314497547621,0.877775559071562
monthly_6,mensal,teste_2024,TimesNet,semente,11.0,Tesla Gigafactory Nevada,cumulativo,6,7,42,13.146663787471377,17.379266739620288,0.06507003420598928,0.9544120859273081
monthly_6,mensal,teste_2024,TimesNet,semente,11.0,Tesla Gigafactory Nevada,lead_exato,6,7,7,10.557848540509374,12.329509353742056,0.05320267987829006,0.9833952750239565
monthly_6,mensal,teste_2024,TimesNet,semente,11.0,Tesla Gigafactory Texas,cumulativo,1,7,7,13.107675251456353,20.568996263152112,0.09635844278808381,0.8551698721316285
monthly_6,mensal,teste_2024,TimesNet,semente,11.0,Tesla Gigafactory Texas,lead_exato,1,7,7,13.107675251456353,20.568996263152112,0.09635844278808381,0.8551698721316285
monthly_6,mensal,teste_2024,TimesNet,semente,11.0,Tesla Gigafactory Texas,cumulativo,3,7,21,15.14320359745102,21.161284457215416,0.09118636208434802,0.8118994564699953
monthly_6,mensal,teste_2024,TimesNet,semente,11.0,Tesla Gigafactory Texas,lead_exato,3,7,7,16.69201364100341,22.544877667798552,0.09112582785766349,0.6155571306817307
monthly_6,mensal,teste_2024,TimesNet,semente,11.0,Tesla Gigafactory Texas,cumulativo,6,7,42,17.316394788277556,22.398722136923062,0.09497337132378963,0.7961597657565744
monthly_6,mensal,teste_2024,TimesNet,semente,11.0,Tesla Gigafactory Texas,lead_exato,6,7,7,17.990080441088594,22.266378546353085,0.09868610446068356,0.8797639111255676
monthly_6,mensal,teste_2024,TimesNet,semente,23.0,BMW San Luis Potosi,cumulativo,1,7,7,28.34394586873077,34.52900367044252,0.1298849713829774,0.44850044275805834
monthly_6,mensal,teste_2024,TimesNet,semente,23.0,BMW San Luis Potosi,lead_exato,1,7,7,28.34394586873077,34.52900367044252,0.1298849713829774,0.44850044275805834
monthly_6,mensal,teste_2024,TimesNet,semente,23.0,BMW San Luis Potosi,cumulativo,3,7,21,27.441603464323332,33.66243082451447,0.12314898588328198,0.25897885254185093
monthly_6,mensal,teste_2024,TimesNet,semente,23.0,BMW San Luis Potosi,lead_exato,3,7,7,28.454573071597874,33.41816462059387,0.12111640652241859,0.13959631566739972
monthly_6,mensal,teste_2024,TimesNet,semente,23.0,BMW San Luis Potosi,cumulativo,6,7,42,27.905805780451427,33.37059226637496,0.12754526990752255,0.3063933414076315
monthly_6,mensal,teste_2024,TimesNet,semente,23.0,BMW San Luis Potosi,lead_exato,6,7,7,28.51331759406847,32.39999357489624,0.1393718359986479,-0.23541939473468698
monthly_6,mensal,teste_2024,TimesNet,semente,23.0,BYD Camacari,cumulativo,1,7,7,15.813580217961967,22.002487089714577,0.10011386157247366,0.6201719714287668
monthly_6,mensal,teste_2024,TimesNet,semente,23.0,BYD Camacari,lead_exato,1,7,7,15.813580217961967,22.002487089714577,0.10011386157247366,0.6201719714287668
monthly_6,mensal,teste_2024,TimesNet,semente,23.0,BYD Camacari,cumulativo,3,7,21,13.477931953665186,19.679548185648688,0.09112406135775385,0.6403498457764008
monthly_6,mensal,teste_2024,TimesNet,semente,23.0,BYD Camacari,lead_exato,3,7,7,11.78555663395517,17.243055735394915,0.08060284573508829,0.6895591051338738
monthly_6,mensal,teste_2024,TimesNet,semente,23.0,BYD Camacari,cumulativo,6,7,42,11.29447065398095,16.388159185896352,0.0741571895438054,0.7730488034556509
monthly_6,mensal,teste_2024,TimesNet,semente,23.0,BYD Camacari,lead_exato,6,7,7,11.192525534095434,14.70806760768365,0.061275857909543596,0.8496441369602241
monthly_6,mensal,teste_2024,TimesNet,semente,23.0,Ford Rouge Electric Vehicle Center,cumulativo,1,7,7,11.889554172296942,13.934224080780883,0.07792031284138233,0.9673311539789958
monthly_6,mensal,teste_2024,TimesNet,semente,23.0,Ford Rouge Electric Vehicle Center,lead_exato,1,7,7,11.889554172296942,13.934224080780883,0.07792031284138233,0.9673311539789958
monthly_6,mensal,teste_2024,TimesNet,semente,23.0,Ford Rouge Electric Vehicle Center,cumulativo,3,7,21,11.076363341497286,13.622581938225895,0.06810010637027354,0.950454706821047
monthly_6,mensal,teste_2024,TimesNet,semente,23.0,Ford Rouge Electric Vehicle Center,lead_exato,3,7,7,10.209408285874035,12.624750537259567,0.058463682272251766,0.904011638532626
monthly_6,mensal,teste_2024,TimesNet,semente,23.0,Ford Rouge Electric Vehicle Center,cumulativo,6,7,42,12.083833879035799,16.090384182091615,0.08150398291208835,0.9367736021850667
monthly_6,mensal,teste_2024,TimesNet,semente,23.0,Ford Rouge Electric Vehicle Center,lead_exato,6,7,7,12.372938945819053,16.4461578040007,0.09761502772920384,0.9576666558348926
monthly_6,mensal,teste_2024,TimesNet,semente,23.0,GM Factory Zero,cumulativo,1,7,7,12.27439555258226,15.897027680404518,0.08899746187664265,0.9567986669979339
monthly_6,mensal,teste_2024,TimesNet,semente,23.0,GM Factory Zero,lead_exato,1,7,7,12.27439555258226,15.897027680404518,0.08899746187664265,0.9567986669979339
monthly_6,mensal,teste_2024,TimesNet,semente,23.0,GM Factory Zero,cumulativo,3,7,21,9.925981246542776,13.017593303833879,0.06514658375142202,0.9541306722730367
monthly_6,mensal,teste_2024,TimesNet,semente,23.0,GM Factory Zero,lead_exato,3,7,7,8.832529546647947,10.877242410640534,0.050432642148476745,0.9273656710696841
monthly_6,mensal,teste_2024,TimesNet,semente,23.0,GM Factory Zero,cumulativo,6,7,42,12.17120778380049,15.694215560336884,0.07964664544422571,0.9393862809504274
monthly_6,mensal,teste_2024,TimesNet,semente,23.0,GM Factory Zero,lead_exato,6,7,7,16.000004987533107,19.929247804079402,0.11854514036907829,0.9374771184321483
monthly_6,mensal,teste_2024,TimesNet,semente,23.0,Hyundai Metaplant Georgia,cumulativo,1,7,7,15.471920868823352,22.40086527421037,0.10323054777508561,0.8377972081961945
monthly_6,mensal,teste_2024,TimesNet,semente,23.0,Hyundai Metaplant Georgia,lead_exato,1,7,7,15.471920868823352,22.40086527421037,0.10323054777508561,0.8377972081961945
monthly_6,mensal,teste_2024,TimesNet,semente,23.0,Hyundai Metaplant Georgia,cumulativo,3,7,21,17.289408303111117,22.426005232620646,0.09815855653591027,0.7621553785661448
monthly_6,mensal,teste_2024,TimesNet,semente,23.0,Hyundai Metaplant Georgia,lead_exato,3,7,7,20.176970092057804,24.209038245968877,0.10250792918299356,0.5349459306045996
monthly_6,mensal,teste_2024,TimesNet,semente,23.0,Hyundai Metaplant Georgia,cumulativo,6,7,42,17.852088604774778,21.94634291632364,0.09840656360543386,0.7925371748241323
monthly_6,mensal,teste_2024,TimesNet,semente,23.0,Hyundai Metaplant Georgia,lead_exato,6,7,7,14.507375796678778,17.417549407070624,0.08773984248057308,0.9007081598095376
monthly_6,mensal,teste_2024,TimesNet,semente,23.0,Lucid AMP 1 Casa Grande,cumulativo,1,7,7,14.30017975486177,15.842633684224953,0.05918370700743415,0.9593220311543895
monthly_6,mensal,teste_2024,TimesNet,semente,23.0,Lucid AMP 1 Casa Grande,lead_exato,1,7,7,14.30017975486177,15.842633684224953,0.05918370700743415,0.9593220311543895
monthly_6,mensal,teste_2024,TimesNet,semente,23.0,Lucid AMP 1 Casa Grande,cumulativo,3,7,21,15.574595589119207,16.622423239257166,0.05808180816060473,0.9283265949203088
monthly_6,mensal,teste_2024,TimesNet,semente,23.0,Lucid AMP 1 Casa Grande,lead_exato,3,7,7,18.447433401995763,18.794459070899553,0.06213862850777355,0.7498447854747479
monthly_6,mensal,teste_2024,TimesNet,semente,23.0,Lucid AMP 1 Casa Grande,cumulativo,6,7,42,14.921668395874581,16.33450200825811,0.058122340668302935,0.9315844364588043
monthly_6,mensal,teste_2024,TimesNet,semente,23.0,Lucid AMP 1 Casa Grande,lead_exato,6,7,7,11.49754043378253,13.240049951063972,0.05321510548624232,0.9634807775758722
monthly_6,mensal,teste_2024,TimesNet,semente,23.0,Rivian Normal,cumulativo,1,7,7,17.052573655313218,24.87715223622744,0.12470440026207899,0.8830576726549124
monthly_6,mensal,teste_2024,TimesNet,semente,23.0,Rivian Normal,lead_exato,1,7,7,17.052573655313218,24.87715223622744,0.12470440026207899,0.8830576726549124
monthly_6,mensal,teste_2024,TimesNet,semente,23.0,Rivian Normal,cumulativo,3,7,21,14.79212261493266,21.31103177437616,0.09688169027852366,0.8628838696522437
monthly_6,mensal,teste_2024,TimesNet,semente,23.0,Rivian Normal,lead_exato,3,7,7,11.278475926877311,14.04566911492168,0.05991931512716793,0.8722834157606028
monthly_6,mensal,teste_2024,TimesNet,semente,23.0,Rivian Normal,cumulativo,6,7,42,15.617575389068818,20.85156561121062,0.09639703195988618,0.8933594515809185
monthly_6,mensal,teste_2024,TimesNet,semente,23.0,Rivian Normal,lead_exato,6,7,7,14.833913786761318,18.778951571431627,0.10007418940589966,0.9496255045147168
monthly_6,mensal,teste_2024,TimesNet,semente,23.0,Tesla Fremont Factory,cumulativo,1,7,7,13.130324512670606,16.909710418842856,0.06978482702605256,0.9709186048216469
monthly_6,mensal,teste_2024,TimesNet,semente,23.0,Tesla Fremont Factory,lead_exato,1,7,7,13.130324512670606,16.909710418842856,0.06978482702605256,0.9709186048216469
monthly_6,mensal,teste_2024,TimesNet,semente,23.0,Tesla Fremont Factory,cumulativo,3,7,21,13.443315712749088,16.791360659385166,0.06262009004424156,0.9577269322232423
monthly_6,mensal,teste_2024,TimesNet,semente,23.0,Tesla Fremont Factory,lead_exato,3,7,7,12.519245962888037,15.454259307817912,0.053323511470673726,0.9170597850585254
monthly_6,mensal,teste_2024,TimesNet,semente,23.0,Tesla Fremont Factory,cumulativo,6,7,42,13.729417032052467,16.58410684144791,0.06228252782222846,0.9589497368141162
monthly_6,mensal,teste_2024,TimesNet,semente,23.0,Tesla Fremont Factory,lead_exato,6,7,7,6.810518612292461,9.22296121673372,0.03930430016467035,0.9908277678346745
monthly_6,mensal,teste_2024,TimesNet,semente,23.0,Tesla Gigafactory Nevada,cumulativo,1,7,7,15.940188814265086,21.121566068454772,0.08569932465946176,0.9520759344227019
monthly_6,mensal,teste_2024,TimesNet,semente,23.0,Tesla Gigafactory Nevada,lead_exato,1,7,7,15.940188814265086,21.121566068454772,0.08569932465946176,0.9520759344227019
monthly_6,mensal,teste_2024,TimesNet,semente,23.0,Tesla Gigafactory Nevada,cumulativo,3,7,21,14.639943336488082,18.490420838160226,0.06809802734329451,0.9450406419359222
monthly_6,mensal,teste_2024,TimesNet,semente,23.0,Tesla Gigafactory Nevada,lead_exato,3,7,7,12.520560911360722,15.827970694042039,0.05425358885580646,0.9092509310848725
monthly_6,mensal,teste_2024,TimesNet,semente,23.0,Tesla Gigafactory Nevada,cumulativo,6,7,42,13.360326887523478,16.71534935782749,0.062584248850919,0.9578286271634928
monthly_6,mensal,teste_2024,TimesNet,semente,23.0,Tesla Gigafactory Nevada,lead_exato,6,7,7,7.685133188501368,9.866298450199654,0.04257375561099097,0.9893671767428104
monthly_6,mensal,teste_2024,TimesNet,semente,23.0,Tesla Gigafactory Texas,cumulativo,1,7,7,17.76804942235945,19.67695878405363,0.0921795639893881,0.8674594808268462
monthly_6,mensal,teste_2024,TimesNet,semente,23.0,Tesla Gigafactory Texas,lead_exato,1,7,7,17.76804942235945,19.67695878405363,0.0921795639893881,0.8674594808268462
monthly_6,mensal,teste_2024,TimesNet,semente,23.0,Tesla Gigafactory Texas,cumulativo,3,7,21,18.280231043893266,21.077194636404037,0.0908240095596883,0.8133914182542791
monthly_6,mensal,teste_2024,TimesNet,semente,23.0,Tesla Gigafactory Texas,lead_exato,3,7,7,17.854593824481917,22.155166525052543,0.08955062523153393,0.6287332287853293
monthly_6,mensal,teste_2024,TimesNet,semente,23.0,Tesla Gigafactory Texas,cumulativo,6,7,42,17.113849273499195,21.015413928467968,0.08910797224728234,0.8205599745336123
monthly_6,mensal,teste_2024,TimesNet,semente,23.0,Tesla Gigafactory Texas,lead_exato,6,7,7,9.980956554259722,11.86904336816351,0.05260440763820623,0.9658361270692747
monthly_6,mensal,teste_2024,TimesNet,semente,42.0,BMW San Luis Potosi,cumulativo,1,7,7,28.260731446825503,33.360367224958964,0.12548900581364153,0.4851997853417649
monthly_6,mensal,teste_2024,TimesNet,semente,42.0,BMW San Luis Potosi,lead_exato,1,7,7,28.260731446825503,33.360367224958964,0.12548900581364153,0.4851997853417649
monthly_6,mensal,teste_2024,TimesNet,semente,42.0,BMW San Luis Potosi,cumulativo,3,7,21,25.407480276066984,32.26615299557326,0.11804091155728293,0.31917729341649514
monthly_6,mensal,teste_2024,TimesNet,semente,42.0,BMW San Luis Potosi,lead_exato,3,7,7,22.01019724445931,29.001462278047903,0.10510909066645853,0.35199722577003834
monthly_6,mensal,teste_2024,TimesNet,semente,42.0,BMW San Luis Potosi,cumulativo,6,7,42,25.1878278270371,31.41279929702212,0.1200624170199887,0.38539130015841605
monthly_6,mensal,teste_2024,TimesNet,semente,42.0,BMW San Luis Potosi,lead_exato,6,7,7,27.933828640730813,33.55829757023452,0.1443543973100164,-0.3253311583804035
monthly_6,mensal,teste_2024,TimesNet,semente,42.0,BYD Camacari,cumulativo,1,7,7,14.400286250652114,21.795278252657262,0.09917103739331773,0.6272923598521124
monthly_6,mensal,teste_2024,TimesNet,semente,42.0,BYD Camacari,lead_exato,1,7,7,14.400286250652114,21.795278252657262,0.09917103739331773,0.6272923598521124
monthly_6,mensal,teste_2024,TimesNet,semente,42.0,BYD Camacari,cumulativo,3,7,21,12.549460716833503,19.18240336550829,0.08882208497766604,0.6582912953491098
monthly_6,mensal,teste_2024,TimesNet,semente,42.0,BYD Camacari,lead_exato,3,7,7,12.178273935789289,17.96013473816297,0.083954839089801,0.66320189166386
monthly_6,mensal,teste_2024,TimesNet,semente,42.0,BYD Camacari,cumulativo,6,7,42,10.331272385250573,15.854281394326689,0.0717413674777901,0.7875947468315974
monthly_6,mensal,teste_2024,TimesNet,semente,42.0,BYD Camacari,lead_exato,6,7,7,8.726170994603828,13.646192246530916,0.05685193727746488,0.8705708486933145
monthly_6,mensal,teste_2024,TimesNet,semente,42.0,Ford Rouge Electric Vehicle Center,cumulativo,1,7,7,13.206705937778679,15.454958221142155,0.08642427253648724,0.9598113068464217
monthly_6,mensal,teste_2024,TimesNet,semente,42.0,Ford Rouge Electric Vehicle Center,lead_exato,1,7,7,13.206705937778679,15.454958221142155,0.08642427253648724,0.9598113068464217
monthly_6,mensal,teste_2024,TimesNet,semente,42.0,Ford Rouge Electric Vehicle Center,cumulativo,3,7,21,12.676034928429978,15.17258556828262,0.07584866773403215,0.9385385593433159
monthly_6,mensal,teste_2024,TimesNet,semente,42.0,Ford Rouge Electric Vehicle Center,lead_exato,3,7,7,11.226905045261706,13.656637506910227,0.06324222516357357,0.887679111161802
monthly_6,mensal,teste_2024,TimesNet,semente,42.0,Ford Rouge Electric Vehicle Center,cumulativo,6,7,42,15.843556879898685,19.707107674107082,0.09982407809160933,0.9051556660224793
monthly_6,mensal,teste_2024,TimesNet,semente,42.0,Ford Rouge Electric Vehicle Center,lead_exato,6,7,7,21.352921086364013,26.07263943799709,0.15475234106622168,0.8936043998304689
monthly_6,mensal,teste_2024,TimesNet,semente,42.0,GM Factory Zero,cumulativo,1,7,7,12.246574517022964,15.679263198466202,0.0877783354733288,0.957974142133483
monthly_6,mensal,teste_2024,TimesNet,semente,42.0,GM Factory Zero,lead_exato,1,7,7,12.246574517022964,15.679263198466202,0.0877783354733288,0.957974142133483
monthly_6,mensal,teste_2024,TimesNet,semente,42.0,GM Factory Zero,cumulativo,3,7,21,13.187647544406715,15.871371923519629,0.07942832719785621,0.9318148320763883
monthly_6,mensal,teste_2024,TimesNet,semente,42.0,GM Factory Zero,lead_exato,3,7,7,12.367300284951009,14.972333393732821,0.06941964733958247,0.8623794491059594
monthly_6,mensal,teste_2024,TimesNet,semente,42.0,GM Factory Zero,cumulativo,6,7,42,16.87639075127934,21.26059286255447,0.10789547876081061,0.888764747061091
monthly_6,mensal,teste_2024,TimesNet,semente,42.0,GM Factory Zero,lead_exato,6,7,7,22.419220155790008,27.93389520968543,0.1661591827870921,0.8771655543231744
monthly_6,mensal,teste_2024,TimesNet,semente,42.0,Hyundai Metaplant Georgia,cumulativo,1,7,7,14.81004983031588,19.07028762123818,0.08788215157185467,0.8824444268715067
monthly_6,mensal,teste_2024,TimesNet,semente,42.0,Hyundai Metaplant Georgia,lead_exato,1,7,7,14.81004983031588,19.07028762123818,0.08788215157185467,0.8824444268715067
monthly_6,mensal,teste_2024,TimesNet,semente,42.0,Hyundai Metaplant Georgia,cumulativo,3,7,21,15.539547802098241,20.571873921788868,0.09004302944085062,0.799858475031207
monthly_6,mensal,teste_2024,TimesNet,semente,42.0,Hyundai Metaplant Georgia,lead_exato,3,7,7,17.1728020921685,21.947175027051312,0.09293055926392926,0.6177868453304287
monthly_6,mensal,teste_2024,TimesNet,semente,42.0,Hyundai Metaplant Georgia,cumulativo,6,7,42,15.176118125907404,19.444537322267998,0.08718856285430424,0.8371412139065658
monthly_6,mensal,teste_2024,TimesNet,semente,42.0,Hyundai Metaplant Georgia,lead_exato,6,7,7,12.474779917111976,15.396611560788998,0.07755949137883904,0.9224128563662081
monthly_6,mensal,teste_2024,TimesNet,semente,42.0,Lucid AMP 1 Casa Grande,cumulativo,1,7,7,13.540211744157855,17.040279562761217,0.06365778146921572,0.9529393491259599
monthly_6,mensal,teste_2024,TimesNet,semente,42.0,Lucid AMP 1 Casa Grande,lead_exato,1,7,7,13.540211744157855,17.040279562761217,0.06365778146921572,0.9529393491259599
monthly_6,mensal,teste_2024,TimesNet,semente,42.0,Lucid AMP 1 Casa Grande,cumulativo,3,7,21,17.486341029485054,19.602724999475214,0.06849553139494544,0.9003213241522222
monthly_6,mensal,teste_2024,TimesNet,semente,42.0,Lucid AMP 1 Casa Grande,lead_exato,3,7,7,17.517704701115886,17.836252655912492,0.05897058668065664,0.774702107004284
monthly_6,mensal,teste_2024,TimesNet,semente,42.0,Lucid AMP 1 Casa Grande,cumulativo,6,7,42,15.513605161397285,17.816837215252054,0.06339686889340364,0.918603761535498
monthly_6,mensal,teste_2024,TimesNet,semente,42.0,Lucid AMP 1 Casa Grande,lead_exato,6,7,7,17.820660424539806,19.58042780994092,0.07869868582240702,0.9201294587430602
monthly_6,mensal,teste_2024,TimesNet,semente,42.0,Rivian Normal,cumulativo,1,7,7,16.925692293739434,23.528756065713367,0.11794514847301082,0.8953911712667928
monthly_6,mensal,teste_2024,TimesNet,semente,42.0,Rivian Normal,lead_exato,1,7,7,16.925692293739434,23.528756065713367,0.11794514847301082,0.8953911712667928
monthly_6,mensal,teste_2024,TimesNet,semente,42.0,Rivian Normal,cumulativo,3,7,21,15.904556926952685,20.255297076683764,0.09208223415265432,0.8761326548663507
monthly_6,mensal,teste_2024,TimesNet,semente,42.0,Rivian Normal,lead_exato,3,7,7,13.289800018672556,15.419927909597583,0.06578195115473795,0.8460686368961471
monthly_6,mensal,teste_2024,TimesNet,semente,42.0,Rivian Normal,cumulativo,6,7,42,15.757409672464703,20.501678135609676,0.09477949806354727,0.89690826372155
monthly_6,mensal,teste_2024,TimesNet,semente,42.0,Rivian Normal,lead_exato,6,7,7,16.582761236726842,22.233635442922935,0.11848441251010522,0.9293862970159094
monthly_6,mensal,teste_2024,TimesNet,semente,42.0,Tesla Fremont Factory,cumulativo,1,7,7,14.01498231185217,16.33749056617217,0.06742332807365183,0.9728535154372946
monthly_6,mensal,teste_2024,TimesNet,semente,42.0,Tesla Fremont Factory,lead_exato,1,7,7,14.01498231185217,16.33749056617217,0.06742332807365183,0.9728535154372946
monthly_6,mensal,teste_2024,TimesNet,semente,42.0,Tesla Fremont Factory,cumulativo,3,7,21,12.072081575928374,14.444441561430873,0.05386771504488107,0.9687180729763546
monthly_6,mensal,teste_2024,TimesNet,semente,42.0,Tesla Fremont Factory,lead_exato,3,7,7,10.654009203345465,13.153909719266434,0.04538636513266499,0.9399132824126827
monthly_6,mensal,teste_2024,TimesNet,semente,42.0,Tesla Fremont Factory,cumulativo,6,7,42,13.617347231899181,15.642788361446371,0.05874735435881661,0.9634775325230112
monthly_6,mensal,teste_2024,TimesNet,semente,42.0,Tesla Fremont Factory,lead_exato,6,7,7,15.692553434259414,16.2687504198801,0.0693304281326607,0.9714607426640577
monthly_6,mensal,teste_2024,TimesNet,semente,42.0,Tesla Gigafactory Nevada,cumulativo,1,7,7,14.210745975671037,16.984839227098256,0.06891483550482505,0.9690098054691223
monthly_6,mensal,teste_2024,TimesNet,semente,42.0,Tesla Gigafactory Nevada,lead_exato,1,7,7,14.210745975671037,16.984839227098256,0.06891483550482505,0.9690098054691223
monthly_6,mensal,teste_2024,TimesNet,semente,42.0,Tesla Gigafactory Nevada,cumulativo,3,7,21,13.211401363247752,15.490729389869841,0.057050519444201704,0.9614262559484771
monthly_6,mensal,teste_2024,TimesNet,semente,42.0,Tesla Gigafactory Nevada,lead_exato,3,7,7,12.079143933118953,14.6702100794983,0.050285128868794625,0.9220413393900994
monthly_6,mensal,teste_2024,TimesNet,semente,42.0,Tesla Gigafactory Nevada,cumulativo,6,7,42,15.21525611304538,17.279604422449218,0.06469688668000158,0.9549334393359018
monthly_6,mensal,teste_2024,TimesNet,semente,42.0,Tesla Gigafactory Nevada,lead_exato,6,7,7,17.514854580799042,18.766073426126987,0.08097689603193334,0.9615331237383651
monthly_6,mensal,teste_2024,TimesNet,semente,42.0,Tesla Gigafactory Texas,cumulativo,1,7,7,17.02528794487112,19.30634208112281,0.09044335635393613,0.8724052781304019
monthly_6,mensal,teste_2024,TimesNet,semente,42.0,Tesla Gigafactory Texas,lead_exato,1,7,7,17.02528794487112,19.30634208112281,0.09044335635393613,0.8724052781304019
monthly_6,mensal,teste_2024,TimesNet,semente,42.0,Tesla Gigafactory Texas,cumulativo,3,7,21,16.01567073285659,18.918514481587394,0.08152201323619533,0.8496580899028315
monthly_6,mensal,teste_2024,TimesNet,semente,42.0,Tesla Gigafactory Texas,lead_exato,3,7,7,14.99431441113042,17.95686224454118,0.0725811850421817,0.756108342180043
monthly_6,mensal,teste_2024,TimesNet,semente,42.0,Tesla Gigafactory Texas,cumulativo,6,7,42,16.410679583339558,19.29732325658723,0.08182305383314267,0.8487004734109265
monthly_6,mensal,teste_2024,TimesNet,semente,42.0,Tesla Gigafactory Texas,lead_exato,6,7,7,14.547217756480547,18.042173778115508,0.07996414156250546,0.9210570434349157
monthly_6,mensal,teste_2024,TimesNet,semente,67.0,BMW San Luis Potosi,cumulativo,1,7,7,29.304002112635185,37.90630843906274,0.14258910664881283,0.335339211798228
monthly_6,mensal,teste_2024,TimesNet,semente,67.0,BMW San Luis Potosi,lead_exato,1,7,7,29.304002112635185,37.90630843906274,0.14258910664881283,0.335339211798228
monthly_6,mensal,teste_2024,TimesNet,semente,67.0,BMW San Luis Potosi,cumulativo,3,7,21,27.86272268676484,35.747619372154865,0.13077733739348674,0.1643317455494061
monthly_6,mensal,teste_2024,TimesNet,semente,67.0,BMW San Luis Potosi,lead_exato,3,7,7,30.18906145652883,35.478321118130225,0.12858296713962405,0.030242395693127477
monthly_6,mensal,teste_2024,TimesNet,semente,67.0,BMW San Luis Potosi,cumulativo,6,7,42,27.198807106933124,34.01405511974712,0.13000464020139393,0.2793867443352609
monthly_6,mensal,teste_2024,TimesNet,semente,67.0,BMW San Luis Potosi,lead_exato,6,7,7,29.798198268152905,33.989436096957746,0.14620898311109892,-0.3596041632374367
monthly_6,mensal,teste_2024,TimesNet,semente,67.0,BYD Camacari,cumulativo,1,7,7,14.512764300777885,22.14972100385287,0.10078379291426753,0.6150715772032043
monthly_6,mensal,teste_2024,TimesNet,semente,67.0,BYD Camacari,lead_exato,1,7,7,14.512764300777885,22.14972100385287,0.10078379291426753,0.6150715772032043
monthly_6,mensal,teste_2024,TimesNet,semente,67.0,BYD Camacari,cumulativo,3,7,21,12.60056324744593,19.393904231854318,0.08980141731499014,0.6507145479131764
monthly_6,mensal,teste_2024,TimesNet,semente,67.0,BYD Camacari,lead_exato,3,7,7,13.916090256434213,18.365594965850956,0.08585016719669586,0.6478234237919676
monthly_6,mensal,teste_2024,TimesNet,semente,67.0,BYD Camacari,cumulativo,6,7,42,10.116904948899208,15.692312690124389,0.0710084514887856,0.7919124791521158
monthly_6,mensal,teste_2024,TimesNet,semente,67.0,BYD Camacari,lead_exato,6,7,7,9.19671856957679,12.973457663341993,0.054049231318404334,0.8830175774781255
monthly_6,mensal,teste_2024,TimesNet,semente,67.0,Ford Rouge Electric Vehicle Center,cumulativo,1,7,7,12.090300233036812,13.179433339624861,0.07369951587847313,0.9707745175612084
monthly_6,mensal,teste_2024,TimesNet,semente,67.0,Ford Rouge Electric Vehicle Center,lead_exato,1,7,7,12.090300233036812,13.179433339624861,0.07369951587847313,0.9707745175612084
monthly_6,mensal,teste_2024,TimesNet,semente,67.0,Ford Rouge Electric Vehicle Center,cumulativo,3,7,21,12.22104302398137,14.213357737012881,0.07105343011762305,0.9460642255616014
monthly_6,mensal,teste_2024,TimesNet,semente,67.0,Ford Rouge Electric Vehicle Center,lead_exato,3,7,7,12.801023047392976,15.812842592026694,0.07322734832604885,0.8494111338591893
monthly_6,mensal,teste_2024,TimesNet,semente,67.0,Ford Rouge Electric Vehicle Center,cumulativo,6,7,42,12.943632498233109,16.432377646278898,0.08323631131057305,0.9340573453178369
monthly_6,mensal,teste_2024,TimesNet,semente,67.0,Ford Rouge Electric Vehicle Center,lead_exato,6,7,7,12.705285870891592,17.334835501724772,0.10288971249992628,0.9529680353478609
monthly_6,mensal,teste_2024,TimesNet,semente,67.0,GM Factory Zero,cumulativo,1,7,7,11.83616432534242,13.58018658379539,0.0760269254144162,0.9684734273076081
monthly_6,mensal,teste_2024,TimesNet,semente,67.0,GM Factory Zero,lead_exato,1,7,7,11.83616432534242,13.58018658379539,0.0760269254144162,0.9684734273076081
monthly_6,mensal,teste_2024,TimesNet,semente,67.0,GM Factory Zero,cumulativo,3,7,21,11.802647574365578,13.893788434830597,0.06953150484641848,0.947748069612055
monthly_6,mensal,teste_2024,TimesNet,semente,67.0,GM Factory Zero,lead_exato,3,7,7,12.310435944123387,14.997551002486855,0.06953656949596361,0.8619154754910738
monthly_6,mensal,teste_2024,TimesNet,semente,67.0,GM Factory Zero,cumulativo,6,7,42,13.18060070114621,16.496664004743334,0.08371899467972577,0.9330294349903855
monthly_6,mensal,teste_2024,TimesNet,semente,67.0,GM Factory Zero,lead_exato,6,7,7,14.779015952344707,19.34710926462866,0.1150824058217507,0.9410763908858333
monthly_6,mensal,teste_2024,TimesNet,semente,67.0,Hyundai Metaplant Georgia,cumulativo,1,7,7,11.836221092213757,19.37810232790923,0.08930066288353433,0.8786188559249443
monthly_6,mensal,teste_2024,TimesNet,semente,67.0,Hyundai Metaplant Georgia,lead_exato,1,7,7,11.836221092213757,19.37810232790923,0.08930066288353433,0.8786188559249443
monthly_6,mensal,teste_2024,TimesNet,semente,67.0,Hyundai Metaplant Georgia,cumulativo,3,7,21,15.794393870329909,21.310973623951714,0.09327806658401944,0.7852188914075785
monthly_6,mensal,teste_2024,TimesNet,semente,67.0,Hyundai Metaplant Georgia,lead_exato,3,7,7,19.664466614758826,23.5859113312731,0.09986943322149917,0.558578279721669
monthly_6,mensal,teste_2024,TimesNet,semente,67.0,Hyundai Metaplant Georgia,cumulativo,6,7,42,16.16623093707529,20.28628130269918,0.09096291072017036,0.8227358743825826
monthly_6,mensal,teste_2024,TimesNet,semente,67.0,Hyundai Metaplant Georgia,lead_exato,6,7,7,13.875322972450833,16.191143582057876,0.08156189796099596,0.9141985740494482
monthly_6,mensal,teste_2024,TimesNet,semente,67.0,Lucid AMP 1 Casa Grande,cumulativo,1,7,7,15.834867942905216,17.51173292043817,0.06541900109624069,0.9502992722121876
monthly_6,mensal,teste_2024,TimesNet,semente,67.0,Lucid AMP 1 Casa Grande,lead_exato,1,7,7,15.834867942905216,17.51173292043817,0.06541900109624069,0.9502992722121876
monthly_6,mensal,teste_2024,TimesNet,semente,67.0,Lucid AMP 1 Casa Grande,cumulativo,3,7,21,17.638934023989457,18.433387390117943,0.06440965043017316,0.9118586565586663
monthly_6,mensal,teste_2024,TimesNet,semente,67.0,Lucid AMP 1 Casa Grande,lead_exato,3,7,7,20.48365261031196,20.539605263186004,0.06790846686945048,0.7012319966217159
monthly_6,mensal,teste_2024,TimesNet,semente,67.0,Lucid AMP 1 Casa Grande,cumulativo,6,7,42,18.141279791301038,19.28579977354263,0.06862381381029073,0.9046285427695668
monthly_6,mensal,teste_2024,TimesNet,semente,67.0,Lucid AMP 1 Casa Grande,lead_exato,6,7,7,19.00524598770026,20.172511480115443,0.08107841966642372,0.9152260894449619
monthly_6,mensal,teste_2024,TimesNet,semente,67.0,Rivian Normal,cumulativo,1,7,7,15.617442674416273,22.100566878089587,0.11078590956928902,0.9077052002259371
monthly_6,mensal,teste_2024,TimesNet,semente,67.0,Rivian Normal,lead_exato,1,7,7,15.617442674416273,22.100566878089587,0.11078590956928902,0.9077052002259371
monthly_6,mensal,teste_2024,TimesNet,semente,67.0,Rivian Normal,cumulativo,3,7,21,16.501039560589167,21.039766974380413,0.09564849835169012,0.8663523133007055
monthly_6,mensal,teste_2024,TimesNet,semente,67.0,Rivian Normal,lead_exato,3,7,7,16.162725811356772,18.515807354646036,0.07898908102130354,0.7780537887981055
monthly_6,mensal,teste_2024,TimesNet,semente,67.0,Rivian Normal,cumulativo,6,7,42,16.049641963875068,20.294355054331845,0.09382104103137044,0.8989827502705275
monthly_6,mensal,teste_2024,TimesNet,semente,67.0,Rivian Normal,lead_exato,6,7,7,16.268347796149815,20.433522405843668,0.10889149927746482,0.9403576835866233
monthly_6,mensal,teste_2024,TimesNet,semente,67.0,Tesla Fremont Factory,cumulativo,1,7,7,15.454180135371514,17.870560095765256,0.07375016568894,0.9675197602776707
monthly_6,mensal,teste_2024,TimesNet,semente,67.0,Tesla Fremont Factory,lead_exato,1,7,7,15.454180135371514,17.870560095765256,0.07375016568894,0.9675197602776707
monthly_6,mensal,teste_2024,TimesNet,semente,67.0,Tesla Fremont Factory,cumulativo,3,7,21,13.948152037201085,16.14992428859795,0.060227978760877716,0.9608949390126005
monthly_6,mensal,teste_2024,TimesNet,semente,67.0,Tesla Fremont Factory,lead_exato,3,7,7,11.839192550557916,13.126140033177636,0.045290548364924854,0.9401667170206467
monthly_6,mensal,teste_2024,TimesNet,semente,67.0,Tesla Fremont Factory,cumulativo,6,7,42,12.55026234131557,15.221278282313591,0.057164350011224926,0.9654192806005653
monthly_6,mensal,teste_2024,TimesNet,semente,67.0,Tesla Fremont Factory,lead_exato,6,7,7,6.081489439793326,8.852640549746932,0.03772615250575778,0.9915495480753586
monthly_6,mensal,teste_2024,TimesNet,semente,67.0,Tesla Gigafactory Nevada,cumulativo,1,7,7,11.099897840019073,15.30741543314534,0.06210880200126894,0.9748287281904536
monthly_6,mensal,teste_2024,TimesNet,semente,67.0,Tesla Gigafactory Nevada,lead_exato,1,7,7,11.099897840019073,15.30741543314534,0.06210880200126894,0.9748287281904536
monthly_6,mensal,teste_2024,TimesNet,semente,67.0,Tesla Gigafactory Nevada,cumulativo,3,7,21,14.806105856929078,19.717805111635457,0.07261833807864294,0.9375021324140852
monthly_6,mensal,teste_2024,TimesNet,semente,67.0,Tesla Gigafactory Nevada,lead_exato,3,7,7,18.69909507420136,22.657385658797807,0.07766279770422962,0.8140435285114116
monthly_6,mensal,teste_2024,TimesNet,semente,67.0,Tesla Gigafactory Nevada,cumulativo,6,7,42,14.306550400404294,18.118002486933438,0.06783594838793043,0.9504541306495167
monthly_6,mensal,teste_2024,TimesNet,semente,67.0,Tesla Gigafactory Nevada,lead_exato,6,7,7,8.214881406425159,8.882381560674574,0.03832808663922786,0.9913821496467408
monthly_6,mensal,teste_2024,TimesNet,semente,67.0,Tesla Gigafactory Texas,cumulativo,1,7,7,14.517045120568582,18.26072586993099,0.08554501573607558,0.8858518731110807
monthly_6,mensal,teste_2024,TimesNet,semente,67.0,Tesla Gigafactory Texas,lead_exato,1,7,7,14.517045120568582,18.26072586993099,0.08554501573607558,0.8858518731110807
monthly_6,mensal,teste_2024,TimesNet,semente,67.0,Tesla Gigafactory Texas,cumulativo,3,7,21,15.52746264402902,20.217739601865006,0.08712052085449444,0.8282996432640279
monthly_6,mensal,teste_2024,TimesNet,semente,67.0,Tesla Gigafactory Texas,lead_exato,3,7,7,18.738691202014188,23.272008758271074,0.0940648734163358,0.5903586514726157
monthly_6,mensal,teste_2024,TimesNet,semente,67.0,Tesla Gigafactory Texas,cumulativo,6,7,42,15.440810849948601,20.21856900668875,0.08572925054249093,0.8339097057403301
monthly_6,mensal,teste_2024,TimesNet,semente,67.0,Tesla Gigafactory Texas,lead_exato,6,7,7,8.498451925651157,13.049520208715796,0.05783636130133305,0.9587024057485212
monthly_6,mensal,teste_2024,TimesNet,semente,89.0,BMW San Luis Potosi,cumulativo,1,7,7,32.323771847762146,37.99902450873606,0.1429378692187149,0.33208381166581
monthly_6,mensal,teste_2024,TimesNet,semente,89.0,BMW San Luis Potosi,lead_exato,1,7,7,32.323771847762146,37.99902450873606,0.1429378692187149,0.33208381166581
monthly_6,mensal,teste_2024,TimesNet,semente,89.0,BMW San Luis Potosi,cumulativo,3,7,21,27.386555791609855,33.877417150138065,0.12393548131248425,0.24948351144864211
monthly_6,mensal,teste_2024,TimesNet,semente,89.0,BMW San Luis Potosi,lead_exato,3,7,7,23.00898211463144,28.830837016388298,0.10449069887897466,0.359599628338667
monthly_6,mensal,teste_2024,TimesNet,semente,89.0,BMW San Luis Potosi,cumulativo,6,7,42,27.078710615028154,33.552299694867216,0.12823977130642636,0.2988192105043658
monthly_6,mensal,teste_2024,TimesNet,semente,89.0,BMW San Luis Potosi,lead_exato,6,7,7,28.797329542410548,33.86114365885421,0.14565712026575917,-0.349359936354821
monthly_6,mensal,teste_2024,TimesNet,semente,89.0,BYD Camacari,cumulativo,1,7,7,14.275623147009485,21.19875615475952,0.09645679284040201,0.6474146865591873
monthly_6,mensal,teste_2024,TimesNet,semente,89.0,BYD Camacari,lead_exato,1,7,7,14.275623147009485,21.19875615475952,0.09645679284040201,0.6474146865591873
monthly_6,mensal,teste_2024,TimesNet,semente,89.0,BYD Camacari,cumulativo,3,7,21,12.340701058361793,17.783584903693782,0.08234500439937824,0.7063103582993757
monthly_6,mensal,teste_2024,TimesNet,semente,89.0,BYD Camacari,lead_exato,3,7,7,11.552402579082159,15.028997588418955,0.07025320759624645,0.7641637871329164
monthly_6,mensal,teste_2024,TimesNet,semente,89.0,BYD Camacari,cumulativo,6,7,42,11.060342445858883,15.615329679184217,0.07066009975085177,0.7939491337709861
monthly_6,mensal,teste_2024,TimesNet,semente,89.0,BYD Camacari,lead_exato,6,7,7,9.96287383163092,14.111777905267786,0.058791631969551957,0.8615883651192122
monthly_6,mensal,teste_2024,TimesNet,semente,89.0,Ford Rouge Electric Vehicle Center,cumulativo,1,7,7,11.908887306993295,13.233265155758856,0.07400054390340394,0.970535285149098
monthly_6,mensal,teste_2024,TimesNet,semente,89.0,Ford Rouge Electric Vehicle Center,lead_exato,1,7,7,11.908887306993295,13.233265155758856,0.07400054390340394,0.970535285149098
monthly_6,mensal,teste_2024,TimesNet,semente,89.0,Ford Rouge Electric Vehicle Center,cumulativo,3,7,21,11.374314264204909,12.89149473453581,0.0644453574714958,0.9556299318117623
monthly_6,mensal,teste_2024,TimesNet,semente,89.0,Ford Rouge Electric Vehicle Center,lead_exato,3,7,7,8.96814420478326,10.047469423350467,0.04652860729986629,0.9392024114259363
monthly_6,mensal,teste_2024,TimesNet,semente,89.0,Ford Rouge Electric Vehicle Center,cumulativo,6,7,42,12.872105665195141,16.022148157541704,0.08115834120981659,0.9373087255127764
monthly_6,mensal,teste_2024,TimesNet,semente,89.0,Ford Rouge Electric Vehicle Center,lead_exato,6,7,7,14.238225449947484,18.92925478936905,0.11235327747541939,0.9439183600306753
monthly_6,mensal,teste_2024,TimesNet,semente,89.0,GM Factory Zero,cumulativo,1,7,7,12.641480163916933,13.570156063219898,0.07597077083694002,0.9685199820657289
monthly_6,mensal,teste_2024,TimesNet,semente,89.0,GM Factory Zero,lead_exato,1,7,7,12.641480163916933,13.570156063219898,0.07597077083694002,0.9685199820657289
monthly_6,mensal,teste_2024,TimesNet,semente,89.0,GM Factory Zero,cumulativo,3,7,21,11.26118199754162,12.694752182567663,0.06353092441608403,0.9563776124953927
monthly_6,mensal,teste_2024,TimesNet,semente,89.0,GM Factory Zero,lead_exato,3,7,7,6.999088096743955,8.381477191145066,0.03886095610438339,0.9568733773607996
monthly_6,mensal,teste_2024,TimesNet,semente,89.0,GM Factory Zero,cumulativo,6,7,42,12.909192916029967,15.79147066759372,0.08014020582738378,0.9386327219085991
monthly_6,mensal,teste_2024,TimesNet,semente,89.0,GM Factory Zero,lead_exato,6,7,7,13.036758995737728,17.245330438418144,0.10258039528792204,0.9531833632058553
monthly_6,mensal,teste_2024,TimesNet,semente,89.0,Hyundai Metaplant Georgia,cumulativo,1,7,7,16.36555132628096,24.07481076905861,0.11094463864896646,0.8126496532650673
monthly_6,mensal,teste_2024,TimesNet,semente,89.0,Hyundai Metaplant Georgia,lead_exato,1,7,7,16.36555132628096,24.07481076905861,0.11094463864896646,0.8126496532650673
monthly_6,mensal,teste_2024,TimesNet,semente,89.0,Hyundai Metaplant Georgia,cumulativo,3,7,21,17.300246207909236,23.17866927862216,0.10145296477070907,0.7459223322536326
monthly_6,mensal,teste_2024,TimesNet,semente,89.0,Hyundai Metaplant Georgia,lead_exato,3,7,7,18.157613371963894,22.247443611210517,0.09420198155043809,0.6072568625081205
monthly_6,mensal,teste_2024,TimesNet,semente,89.0,Hyundai Metaplant Georgia,cumulativo,6,7,42,16.347192032277775,20.873053649852626,0.0935939755186301,0.8123329856471269
monthly_6,mensal,teste_2024,TimesNet,semente,89.0,Hyundai Metaplant Georgia,lead_exato,6,7,7,14.961553141836832,17.10704815587348,0.08617571137157798,0.9042167402406733
monthly_6,mensal,teste_2024,TimesNet,semente,89.0,Lucid AMP 1 Casa Grande,cumulativo,1,7,7,23.460835260505032,24.423027990619264,0.09123769201773899,0.9033273746911867
monthly_6,mensal,teste_2024,TimesNet,semente,89.0,Lucid AMP 1 Casa Grande,lead_exato,1,7,7,23.460835260505032,24.423027990619264,0.09123769201773899,0.9033273746911867
monthly_6,mensal,teste_2024,TimesNet,semente,89.0,Lucid AMP 1 Casa Grande,cumulativo,3,7,21,18.803039076789325,20.29789017980002,0.07092456656402961,0.893126221939729
monthly_6,mensal,teste_2024,TimesNet,semente,89.0,Lucid AMP 1 Casa Grande,lead_exato,3,7,7,14.28038474231354,15.853503695805284,0.05241518114376405,0.8220080277457557
monthly_6,mensal,teste_2024,TimesNet,semente,89.0,Lucid AMP 1 Casa Grande,cumulativo,6,7,42,18.79054483784592,20.552316955994943,0.0731304062428936,0.8916909642897377
monthly_6,mensal,teste_2024,TimesNet,semente,89.0,Lucid AMP 1 Casa Grande,lead_exato,6,7,7,13.059650614435538,14.883104696398462,0.05981895758014017,0.9538545008143545
monthly_6,mensal,teste_2024,TimesNet,semente,89.0,Rivian Normal,cumulativo,1,7,7,15.527280704849497,17.622364817636896,0.08833754020215896,0.9413188278053607
monthly_6,mensal,teste_2024,TimesNet,semente,89.0,Rivian Normal,lead_exato,1,7,7,15.527280704849497,17.622364817636896,0.08833754020215896,0.9413188278053607
monthly_6,mensal,teste_2024,TimesNet,semente,89.0,Rivian Normal,cumulativo,3,7,21,14.034730177739773,18.25230615949478,0.08297647391897461,0.8994192001796404
monthly_6,mensal,teste_2024,TimesNet,semente,89.0,Rivian Normal,lead_exato,3,7,7,11.957436151708796,16.155106322474108,0.06891824794739419,0.8310407123817934
monthly_6,mensal,teste_2024,TimesNet,semente,89.0,Rivian Normal,cumulativo,6,7,42,13.652544775716468,16.88977233548491,0.07808161525979598,0.9300331014642408
monthly_6,mensal,teste_2024,TimesNet,semente,89.0,Rivian Normal,lead_exato,6,7,7,13.012548075628647,15.372614272604157,0.0819216081647919,0.9662430278194861
monthly_6,mensal,teste_2024,TimesNet,semente,89.0,Tesla Fremont Factory,cumulativo,1,7,7,18.802149276399955,24.156033131891185,0.0996897375525829,0.940653634012595
monthly_6,mensal,teste_2024,TimesNet,semente,89.0,Tesla Fremont Factory,lead_exato,1,7,7,18.802149276399955,24.156033131891185,0.0996897375525829,0.940653634012595
monthly_6,mensal,teste_2024,TimesNet,semente,89.0,Tesla Fremont Factory,cumulativo,3,7,21,14.563763435820658,18.531926719104685,0.06911119017594333,0.9485087856044045
monthly_6,mensal,teste_2024,TimesNet,semente,89.0,Tesla Fremont Factory,lead_exato,3,7,7,11.288089508945111,13.113357544398367,0.045246443553851816,0.9402831938933564
monthly_6,mensal,teste_2024,TimesNet,semente,89.0,Tesla Fremont Factory,cumulativo,6,7,42,11.876995846201138,15.540949938128895,0.05836489454386954,0.9639515251823192
monthly_6,mensal,teste_2024,TimesNet,semente,89.0,Tesla Fremont Factory,lead_exato,6,7,7,6.281789019578745,7.76696224216675,0.03309945777283611,0.9934951593512831
monthly_6,mensal,teste_2024,TimesNet,semente,89.0,Tesla Gigafactory Nevada,cumulativo,1,7,7,22.55804273834578,27.125597360029186,0.11006027522792718,0.9209576136042829
monthly_6,mensal,teste_2024,TimesNet,semente,89.0,Tesla Gigafactory Nevada,lead_exato,1,7,7,22.55804273834578,27.125597360029186,0.11006027522792718,0.9209576136042829
monthly_6,mensal,teste_2024,TimesNet,semente,89.0,Tesla Gigafactory Nevada,cumulativo,3,7,21,16.723516256669438,21.10258664674448,0.07771832426434008,0.928415426087193
monthly_6,mensal,teste_2024,TimesNet,semente,89.0,Tesla Gigafactory Nevada,lead_exato,3,7,7,11.587138576901518,13.81354570280642,0.047348737477954365,0.9308802687709758
monthly_6,mensal,teste_2024,TimesNet,semente,89.0,Tesla Gigafactory Nevada,cumulativo,6,7,42,14.135326759662869,18.716192154520762,0.07007564139194188,0.9471284778300187
monthly_6,mensal,teste_2024,TimesNet,semente,89.0,Tesla Gigafactory Nevada,lead_exato,6,7,7,9.759079038166517,10.977166567771269,0.04736722785311421,0.9868380387933284
monthly_6,mensal,teste_2024,TimesNet,semente,89.0,Tesla Gigafactory Texas,cumulativo,1,7,7,13.97939189696217,17.54786894889414,0.0822055342191835,0.8945900808454529
monthly_6,mensal,teste_2024,TimesNet,semente,89.0,Tesla Gigafactory Texas,lead_exato,1,7,7,13.97939189696217,17.54786894889414,0.0822055342191835,0.8945900808454529
monthly_6,mensal,teste_2024,TimesNet,semente,89.0,Tesla Gigafactory Texas,cumulativo,3,7,21,14.37242298245517,17.45536305623392,0.07521712867560718,0.8720136149961097
monthly_6,mensal,teste_2024,TimesNet,semente,89.0,Tesla Gigafactory Texas,lead_exato,3,7,7,14.555716923560274,17.393644571211897,0.0703046733882948,0.771167752361095
monthly_6,mensal,teste_2024,TimesNet,semente,89.0,Tesla Gigafactory Texas,cumulativo,6,7,42,14.559105765389052,18.14741686767937,0.07694730753861115,0.8661947799886145
monthly_6,mensal,teste_2024,TimesNet,semente,89.0,Tesla Gigafactory Texas,lead_exato,6,7,7,11.394219546637292,13.965060092527127,0.06189409634898072,0.9527043408913775
monthly_6,mensal,teste_2024,TimesNet,ensemble,,BMW San Luis Potosi,cumulativo,1,7,7,27.85000038380941,34.03520316704344,0.12802748181087623,0.46416167965097954
monthly_6,mensal,teste_2024,TimesNet,ensemble,,BMW San Luis Potosi,lead_exato,1,7,7,27.85000038380941,34.03520316704344,0.12802748181087623,0.46416167965097954
monthly_6,mensal,teste_2024,TimesNet,ensemble,,BMW San Luis Potosi,cumulativo,3,7,21,26.03660080577402,32.65608326814149,0.11946741334149155,0.30262264055435184
monthly_6,mensal,teste_2024,TimesNet,ensemble,,BMW San Luis Potosi,lead_exato,3,7,7,25.45379952686337,31.1663738690468,0.11295531188529034,0.251641621121677
monthly_6,mensal,teste_2024,TimesNet,ensemble,,BMW San Luis Potosi,cumulativo,6,7,42,26.30800613047939,32.21956312232034,0.12314593765480135,0.35341634912209474
monthly_6,mensal,teste_2024,TimesNet,ensemble,,BMW San Luis Potosi,lead_exato,6,7,7,28.404649270508703,32.958796498984775,0.1417755830645725,-0.27840145618824064
monthly_6,mensal,teste_2024,TimesNet,ensemble,,BYD Camacari,cumulativo,1,7,7,14.087848447240162,20.72940797748909,0.09432120433820446,0.6628545850983945
monthly_6,mensal,teste_2024,TimesNet,ensemble,,BYD Camacari,lead_exato,1,7,7,14.087848447240162,20.72940797748909,0.09432120433820446,0.6628545850983945
monthly_6,mensal,teste_2024,TimesNet,ensemble,,BYD Camacari,cumulativo,3,7,21,12.507906358081284,18.210273474704945,0.08432074058796757,0.6920480632091304
monthly_6,mensal,teste_2024,TimesNet,ensemble,,BYD Camacari,lead_exato,3,7,7,12.060814922860922,16.479722173144566,0.07703463495466474,0.716436561340072
monthly_6,mensal,teste_2024,TimesNet,ensemble,,BYD Camacari,cumulativo,6,7,42,10.025206095904373,15.077849251377133,0.06822797558676155,0.8078895793234049
monthly_6,mensal,teste_2024,TimesNet,ensemble,,BYD Camacari,lead_exato,6,7,7,9.167164600597813,13.678689741363938,0.05698732636656345,0.8699536609239539
monthly_6,mensal,teste_2024,TimesNet,ensemble,,Ford Rouge Electric Vehicle Center,cumulativo,1,7,7,10.416890263675544,12.644568202556034,0.07070854497354591,0.9730985171319423
monthly_6,mensal,teste_2024,TimesNet,ensemble,,Ford Rouge Electric Vehicle Center,lead_exato,1,7,7,10.416890263675544,12.644568202556034,0.07070854497354591,0.9730985171319423
monthly_6,mensal,teste_2024,TimesNet,ensemble,,Ford Rouge Electric Vehicle Center,cumulativo,3,7,21,10.297082451312445,12.60505096414366,0.06301340783659802,0.95757979559302
monthly_6,mensal,teste_2024,TimesNet,ensemble,,Ford Rouge Electric Vehicle Center,lead_exato,3,7,7,9.214452313064767,11.733284133847206,0.05433540992249961,0.9170890019423866
monthly_6,mensal,teste_2024,TimesNet,ensemble,,Ford Rouge Electric Vehicle Center,cumulativo,6,7,42,11.692553467497987,15.544754420611012,0.07874015836615007,0.9409889499031043
monthly_6,mensal,teste_2024,TimesNet,ensemble,,Ford Rouge Electric Vehicle Center,lead_exato,6,7,7,13.660187616895351,18.613329961337666,0.11047812759444683,0.9457747174528933
monthly_6,mensal,teste_2024,TimesNet,ensemble,,GM Factory Zero,cumulativo,1,7,7,11.343244090508247,13.085311641645392,0.07325643179239218,0.9707292785268099
monthly_6,mensal,teste_2024,TimesNet,ensemble,,GM Factory Zero,lead_exato,1,7,7,11.343244090508247,13.085311641645392,0.07325643179239218,0.9707292785268099
monthly_6,mensal,teste_2024,TimesNet,ensemble,,GM Factory Zero,cumulativo,3,7,21,10.708632758934712,12.667640786271855,0.06339524535405014,0.9565637368004678
monthly_6,mensal,teste_2024,TimesNet,ensemble,,GM Factory Zero,lead_exato,3,7,7,9.288967139527813,11.174367638321243,0.05181027167213682,0.9233432813572022
monthly_6,mensal,teste_2024,TimesNet,ensemble,,GM Factory Zero,cumulativo,6,7,42,12.337988030967082,15.79597014496219,0.08016304024540698,0.9385977460634227
monthly_6,mensal,teste_2024,TimesNet,ensemble,,GM Factory Zero,lead_exato,6,7,7,14.511877738456699,19.95539856248286,0.11870069291958957,0.9373129282421975
monthly_6,mensal,teste_2024,TimesNet,ensemble,,Hyundai Metaplant Georgia,cumulativo,1,7,7,13.554698876458218,20.396392823038195,0.09399328008021679,0.8655268828713831
monthly_6,mensal,teste_2024,TimesNet,ensemble,,Hyundai Metaplant Georgia,lead_exato,1,7,7,13.554698876458218,20.396392823038195,0.09399328008021679,0.8655268828713831
monthly_6,mensal,teste_2024,TimesNet,ensemble,,Hyundai Metaplant Georgia,cumulativo,3,7,21,15.630803887159278,21.151308480321934,0.09257921273710243,0.7884251824655776
monthly_6,mensal,teste_2024,TimesNet,ensemble,,Hyundai Metaplant Georgia,lead_exato,3,7,7,18.380132593484372,22.57700307294339,0.09559742971412234,0.5955349871782962
monthly_6,mensal,teste_2024,TimesNet,ensemble,,Hyundai Metaplant Georgia,cumulativo,6,7,42,15.743305728199294,20.006314607087877,0.08970755074770839,0.8275948820657576
monthly_6,mensal,teste_2024,TimesNet,ensemble,,Hyundai Metaplant Georgia,lead_exato,6,7,7,13.522401793922969,15.941137995507159,0.08030251007177208,0.9168278171006166
monthly_6,mensal,teste_2024,TimesNet,ensemble,,Lucid AMP 1 Casa Grande,cumulativo,1,7,7,14.354817794301166,15.00836174982885,0.05606709731273491,0.9634934261294462
monthly_6,mensal,teste_2024,TimesNet,ensemble,,Lucid AMP 1 Casa Grande,lead_exato,1,7,7,14.354817794301166,15.00836174982885,0.05606709731273491,0.9634934261294462
monthly_6,mensal,teste_2024,TimesNet,ensemble,,Lucid AMP 1 Casa Grande,cumulativo,3,7,21,15.85267183260468,16.381944910068494,0.05724153258936718,0.9303854071246135
monthly_6,mensal,teste_2024,TimesNet,ensemble,,Lucid AMP 1 Casa Grande,lead_exato,3,7,7,17.116066329129904,17.339905494268262,0.057329553449960824,0.7870668144952289
monthly_6,mensal,teste_2024,TimesNet,ensemble,,Lucid AMP 1 Casa Grande,cumulativo,6,7,42,15.100877420767077,16.02792687847941,0.05703146785660545,0.9341284600908023
monthly_6,mensal,teste_2024,TimesNet,ensemble,,Lucid AMP 1 Casa Grande,lead_exato,6,7,7,13.403399291948878,14.908611515867982,0.059921475931181585,0.9536961960063381
monthly_6,mensal,teste_2024,TimesNet,ensemble,,Rivian Normal,cumulativo,1,7,7,13.700659359121167,20.14664981837199,0.10099129751803124,0.9233034055266158
monthly_6,mensal,teste_2024,TimesNet,ensemble,,Rivian Normal,lead_exato,1,7,7,13.700659359121167,20.14664981837199,0.10099129751803124,0.9233034055266158
monthly_6,mensal,teste_2024,TimesNet,ensemble,,Rivian Normal,cumulativo,3,7,21,13.842355399195819,18.50023286047911,0.0841035689423803,0.8966682023745146
monthly_6,mensal,teste_2024,TimesNet,ensemble,,Rivian Normal,lead_exato,3,7,7,12.326896830400765,14.406476569523276,0.061458532333241556,0.8656375287381876
monthly_6,mensal,teste_2024,TimesNet,ensemble,,Rivian Normal,cumulativo,6,7,42,14.0359226638086,18.04766565800757,0.08343456964694021,0.9201109777939609
monthly_6,mensal,teste_2024,TimesNet,ensemble,,Rivian Normal,lead_exato,6,7,7,14.310728763725239,17.679469604567014,0.09421498229405172,0.9553515394590021
monthly_6,mensal,teste_2024,TimesNet,ensemble,,Tesla Fremont Factory,cumulativo,1,7,7,13.603128586622054,16.9268416583183,0.06985552608321698,0.9708596502096171
monthly_6,mensal,teste_2024,TimesNet,ensemble,,Tesla Fremont Factory,lead_exato,1,7,7,13.603128586622054,16.9268416583183,0.06985552608321698,0.9708596502096171
monthly_6,mensal,teste_2024,TimesNet,ensemble,,Tesla Fremont Factory,cumulativo,3,7,21,11.897572029897953,15.131619886346998,0.05643041198502734,0.9656708672310124
monthly_6,mensal,teste_2024,TimesNet,ensemble,,Tesla Fremont Factory,lead_exato,3,7,7,10.457983355899453,13.263795423772248,0.04576551572849553,0.9389051790766118
monthly_6,mensal,teste_2024,TimesNet,ensemble,,Tesla Fremont Factory,cumulativo,6,7,42,11.340626099695509,14.13885222548649,0.05309923926125384,0.9701626614067947
monthly_6,mensal,teste_2024,TimesNet,ensemble,,Tesla Fremont Factory,lead_exato,6,7,7,7.425849000127422,8.952955714709804,0.038153652661306034,0.9913569475854441
monthly_6,mensal,teste_2024,TimesNet,ensemble,,Tesla Gigafactory Nevada,cumulativo,1,7,7,15.098816831013028,18.927766051913995,0.07679812958490471,0.9615142335033371
monthly_6,mensal,teste_2024,TimesNet,ensemble,,Tesla Gigafactory Nevada,lead_exato,1,7,7,15.098816831013028,18.927766051913995,0.07679812958490471,0.9615142335033371
monthly_6,mensal,teste_2024,TimesNet,ensemble,,Tesla Gigafactory Nevada,cumulativo,3,7,21,13.550747122716157,17.573516399158503,0.06472117702145294,0.9503561560276416
monthly_6,mensal,teste_2024,TimesNet,ensemble,,Tesla Gigafactory Nevada,lead_exato,3,7,7,12.531645166689689,16.32041334578528,0.05594153620415463,0.9035162864339922
monthly_6,mensal,teste_2024,TimesNet,ensemble,,Tesla Gigafactory Nevada,cumulativo,6,7,42,13.10343135918814,16.402076972122778,0.061411319914445185,0.9593945325447262
monthly_6,mensal,teste_2024,TimesNet,ensemble,,Tesla Gigafactory Nevada,lead_exato,6,7,7,10.125201355865505,11.164868784315672,0.04817717581233503,0.9863840689136539
monthly_6,mensal,teste_2024,TimesNet,ensemble,,Tesla Gigafactory Texas,cumulativo,1,7,7,14.818158386568655,18.032848672756458,0.0844774919937534,0.8886830260364045
monthly_6,mensal,teste_2024,TimesNet,ensemble,,Tesla Gigafactory Texas,lead_exato,1,7,7,14.818158386568655,18.032848672756458,0.0844774919937534,0.8886830260364045
monthly_6,mensal,teste_2024,TimesNet,ensemble,,Tesla Gigafactory Texas,cumulativo,3,7,21,15.26370338989713,18.93921816591764,0.08161122774770738,0.8493288532048324
monthly_6,mensal,teste_2024,TimesNet,ensemble,,Tesla Gigafactory Texas,lead_exato,3,7,7,15.992633752578955,20.145627999724596,0.08142812111194254,0.6930287772032979
monthly_6,mensal,teste_2024,TimesNet,ensemble,,Tesla Gigafactory Texas,cumulativo,6,7,42,15.414525651343032,19.32901267950853,0.08195742093282557,0.8482031472912265
monthly_6,mensal,teste_2024,TimesNet,ensemble,,Tesla Gigafactory Texas,lead_exato,6,7,7,11.43917776268158,15.05662786181441,0.06673199895993062,0.9450217264827918
monthly_6,mensal,teste_2024,DilatedRNN,semente,11.0,BMW San Luis Potosi,cumulativo,1,7,7,28.535331639977034,35.0003563353183,0.13165802072934724,0.43334071951980213
monthly_6,mensal,teste_2024,DilatedRNN,semente,11.0,BMW San Luis Potosi,lead_exato,1,7,7,28.535331639977034,35.0003563353183,0.13165802072934724,0.43334071951980213
monthly_6,mensal,teste_2024,DilatedRNN,semente,11.0,BMW San Luis Potosi,cumulativo,3,7,21,26.789354927571715,32.61742871907559,0.119326001435083,0.3042726151051258
monthly_6,mensal,teste_2024,DilatedRNN,semente,11.0,BMW San Luis Potosi,lead_exato,3,7,7,24.688629112444428,30.50759665068308,0.11056772626253358,0.2829440151718141
monthly_6,mensal,teste_2024,DilatedRNN,semente,11.0,BMW San Luis Potosi,cumulativo,6,7,42,25.72704953655035,31.085631561400305,0.11881195383336543,0.3981270642612378
monthly_6,mensal,teste_2024,DilatedRNN,semente,11.0,BMW San Luis Potosi,lead_exato,6,7,7,23.86796551332041,29.231218869695244,0.12574103241502863,-0.005584142900086686
monthly_6,mensal,teste_2024,DilatedRNN,semente,11.0,BYD Camacari,cumulativo,1,7,7,14.968642247687187,20.562420894934192,0.09356139379500876,0.6682645002744416
monthly_6,mensal,teste_2024,DilatedRNN,semente,11.0,BYD Camacari,lead_exato,1,7,7,14.968642247687187,20.562420894934192,0.09356139379500876,0.6682645002744416
monthly_6,mensal,teste_2024,DilatedRNN,semente,11.0,BYD Camacari,cumulativo,3,7,21,16.389169331817875,21.9247083143896,0.10152003729172196,0.5536067155055535
monthly_6,mensal,teste_2024,DilatedRNN,semente,11.0,BYD Camacari,lead_exato,3,7,7,17.601411807871045,23.622887543790654,0.11042543675138729,0.4173383589419023
monthly_6,mensal,teste_2024,DilatedRNN,semente,11.0,BYD Camacari,cumulativo,6,7,42,13.468178140932412,18.061650777329547,0.08172981754541021,0.7243315838452581
monthly_6,mensal,teste_2024,DilatedRNN,semente,11.0,BYD Camacari,lead_exato,6,7,7,12.940074472983854,15.906492096237686,0.06626866122230451,0.8241436880712323
monthly_6,mensal,teste_2024,DilatedRNN,semente,11.0,Ford Rouge Electric Vehicle Center,cumulativo,1,7,7,10.824305265074795,13.15488125381866,0.07356222038244574,0.9708833049683909
monthly_6,mensal,teste_2024,DilatedRNN,semente,11.0,Ford Rouge Electric Vehicle Center,lead_exato,1,7,7,10.824305265074795,13.15488125381866,0.07356222038244574,0.9708833049683909
monthly_6,mensal,teste_2024,DilatedRNN,semente,11.0,Ford Rouge Electric Vehicle Center,cumulativo,3,7,21,10.454117578306501,13.139793635256753,0.06568661860887753,0.9539042766887746
monthly_6,mensal,teste_2024,DilatedRNN,semente,11.0,Ford Rouge Electric Vehicle Center,lead_exato,3,7,7,11.989041973646506,13.793930516129013,0.06387801236946562,0.885409388847612
monthly_6,mensal,teste_2024,DilatedRNN,semente,11.0,Ford Rouge Electric Vehicle Center,cumulativo,6,7,42,12.499165555605193,15.74984261315737,0.07977900892133903,0.9394215650930574
monthly_6,mensal,teste_2024,DilatedRNN,semente,11.0,Ford Rouge Electric Vehicle Center,lead_exato,6,7,7,15.107618104733254,17.705846417615046,0.1050918220305582,0.950933276675758
monthly_6,mensal,teste_2024,DilatedRNN,semente,11.0,GM Factory Zero,cumulativo,1,7,7,14.830781397311512,18.43858030912692,0.10322601690778335,0.9418807173928359
monthly_6,mensal,teste_2024,DilatedRNN,semente,11.0,GM Factory Zero,lead_exato,1,7,7,14.830781397311512,18.43858030912692,0.10322601690778335,0.9418807173928359
monthly_6,mensal,teste_2024,DilatedRNN,semente,11.0,GM Factory Zero,cumulativo,3,7,21,11.488543820992835,14.582435699833294,0.07297784209767313,0.9424399560417436
monthly_6,mensal,teste_2024,DilatedRNN,semente,11.0,GM Factory Zero,lead_exato,3,7,7,9.56363097184359,11.75794792641819,0.05451605818708175,0.915127425008812
monthly_6,mensal,teste_2024,DilatedRNN,semente,11.0,GM Factory Zero,cumulativo,6,7,42,12.363981444449093,15.82621294476315,0.08031651956673574,0.9383624007532467
monthly_6,mensal,teste_2024,DilatedRNN,semente,11.0,GM Factory Zero,lead_exato,6,7,7,14.644124800624175,18.081965956250585,0.10755695415628544,0.9485306758447641
monthly_6,mensal,teste_2024,DilatedRNN,semente,11.0,Hyundai Metaplant Georgia,cumulativo,1,7,7,12.168559876207253,16.541136356063294,0.07622699150039812,0.9115578237931566
monthly_6,mensal,teste_2024,DilatedRNN,semente,11.0,Hyundai Metaplant Georgia,lead_exato,1,7,7,12.168559876207253,16.541136356063294,0.07622699150039812,0.9115578237931566
monthly_6,mensal,teste_2024,DilatedRNN,semente,11.0,Hyundai Metaplant Georgia,cumulativo,3,7,21,13.616112615295757,18.05989453836386,0.07904810333754698,0.8457518669153541
monthly_6,mensal,teste_2024,DilatedRNN,semente,11.0,Hyundai Metaplant Georgia,lead_exato,3,7,7,16.09128121131419,20.60689353008625,0.08725542754740813,0.6630438166560297
monthly_6,mensal,teste_2024,DilatedRNN,semente,11.0,Hyundai Metaplant Georgia,cumulativo,6,7,42,14.85417463217522,18.5078817409094,0.08298863499412343,0.8524533349686036
monthly_6,mensal,teste_2024,DilatedRNN,semente,11.0,Hyundai Metaplant Georgia,lead_exato,6,7,7,13.385051049261424,16.779377262310362,0.08452508923669684,0.9078508921877199
monthly_6,mensal,teste_2024,DilatedRNN,semente,11.0,Lucid AMP 1 Casa Grande,cumulativo,1,7,7,14.922397602379387,17.414062337962477,0.0650541307563904,0.9508521314616545
monthly_6,mensal,teste_2024,DilatedRNN,semente,11.0,Lucid AMP 1 Casa Grande,lead_exato,1,7,7,14.922397602379387,17.414062337962477,0.0650541307563904,0.9508521314616545
monthly_6,mensal,teste_2024,DilatedRNN,semente,11.0,Lucid AMP 1 Casa Grande,cumulativo,3,7,21,16.34216053745353,18.685760648039768,0.06529148907310121,0.9094286317962621
monthly_6,mensal,teste_2024,DilatedRNN,semente,11.0,Lucid AMP 1 Casa Grande,lead_exato,3,7,7,14.882439145826734,17.64283863341267,0.05833111724730011,0.7795618168949066
monthly_6,mensal,teste_2024,DilatedRNN,semente,11.0,Lucid AMP 1 Casa Grande,cumulativo,6,7,42,14.628673859624945,16.924955025631782,0.06022332369227697,0.926548924720765
monthly_6,mensal,teste_2024,DilatedRNN,semente,11.0,Lucid AMP 1 Casa Grande,lead_exato,6,7,7,12.228076920329256,14.469687690070801,0.05815733019332166,0.956382518077524
monthly_6,mensal,teste_2024,DilatedRNN,semente,11.0,Rivian Normal,cumulativo,1,7,7,11.925648099967393,16.183777893950914,0.08112617943869181,0.9505085447329904
monthly_6,mensal,teste_2024,DilatedRNN,semente,11.0,Rivian Normal,lead_exato,1,7,7,11.925648099967393,16.183777893950914,0.08112617943869181,0.9505085447329904
monthly_6,mensal,teste_2024,DilatedRNN,semente,11.0,Rivian Normal,cumulativo,3,7,21,15.349610702489217,17.856337863243294,0.08117636971737154,0.9037358934448433
monthly_6,mensal,teste_2024,DilatedRNN,semente,11.0,Rivian Normal,lead_exato,3,7,7,14.637909311483716,15.520077358624519,0.06620919220298976,0.8440626348290765
monthly_6,mensal,teste_2024,DilatedRNN,semente,11.0,Rivian Normal,cumulativo,6,7,42,17.66944179816811,20.74363618644492,0.0958980729655094,0.8944605550476324
monthly_6,mensal,teste_2024,DilatedRNN,semente,11.0,Rivian Normal,lead_exato,6,7,7,17.46578596004817,21.09130578598397,0.11239686741912167,0.9364559396322134
monthly_6,mensal,teste_2024,DilatedRNN,semente,11.0,Tesla Fremont Factory,cumulativo,1,7,7,6.420343212191905,7.15661151395517,0.0295346806198112,0.9947909589133852
monthly_6,mensal,teste_2024,DilatedRNN,semente,11.0,Tesla Fremont Factory,lead_exato,1,7,7,6.420343212191905,7.15661151395517,0.0295346806198112,0.9947909589133852
monthly_6,mensal,teste_2024,DilatedRNN,semente,11.0,Tesla Fremont Factory,cumulativo,3,7,21,8.978966123731166,10.472540626602171,0.039055288629231216,0.9835564306678026
monthly_6,mensal,teste_2024,DilatedRNN,semente,11.0,Tesla Fremont Factory,lead_exato,3,7,7,9.193482433706906,11.228591919265382,0.038743231757705186,0.9562156039459524
monthly_6,mensal,teste_2024,DilatedRNN,semente,11.0,Tesla Fremont Factory,cumulativo,6,7,42,8.06199600226101,9.634278727005281,0.03618206506980161,0.9861461594407311
monthly_6,mensal,teste_2024,DilatedRNN,semente,11.0,Tesla Fremont Factory,lead_exato,6,7,7,6.7823279728538965,8.37841669642884,0.035705214084999486,0.9924306569884905
monthly_6,mensal,teste_2024,DilatedRNN,semente,11.0,Tesla Gigafactory Nevada,cumulativo,1,7,7,18.581523508399414,19.591995226679273,0.07949319450158779,0.9587656878450339
monthly_6,mensal,teste_2024,DilatedRNN,semente,11.0,Tesla Gigafactory Nevada,lead_exato,1,7,7,18.581523508399414,19.591995226679273,0.07949319450158779,0.9587656878450339
monthly_6,mensal,teste_2024,DilatedRNN,semente,11.0,Tesla Gigafactory Nevada,cumulativo,3,7,21,17.83301225180567,19.936692807210267,0.07342447550562901,0.9361068508222916
monthly_6,mensal,teste_2024,DilatedRNN,semente,11.0,Tesla Gigafactory Nevada,lead_exato,3,7,7,14.977671118366809,18.209865607728407,0.06241801813375048,0.8798828043786884
monthly_6,mensal,teste_2024,DilatedRNN,semente,11.0,Tesla Gigafactory Nevada,cumulativo,6,7,42,16.860017725090195,19.22619979137222,0.07198517042285225,0.9442077693707965
monthly_6,mensal,teste_2024,DilatedRNN,semente,11.0,Tesla Gigafactory Nevada,lead_exato,6,7,7,12.036714182449307,14.031953905890996,0.060548845075936726,0.9784931702740102
monthly_6,mensal,teste_2024,DilatedRNN,semente,11.0,Tesla Gigafactory Texas,cumulativo,1,7,7,16.092065173086276,19.966934683836193,0.09353799810020451,0.8635242435751864
monthly_6,mensal,teste_2024,DilatedRNN,semente,11.0,Tesla Gigafactory Texas,lead_exato,1,7,7,16.092065173086276,19.966934683836193,0.09353799810020451,0.8635242435751864
monthly_6,mensal,teste_2024,DilatedRNN,semente,11.0,Tesla Gigafactory Texas,cumulativo,3,7,21,16.695096039978278,19.406038542206083,0.08362280941453172,0.8418097256191823
monthly_6,mensal,teste_2024,DilatedRNN,semente,11.0,Tesla Gigafactory Texas,lead_exato,3,7,7,15.716268347698522,18.192873792091838,0.07353513777465719,0.7496551525559201
monthly_6,mensal,teste_2024,DilatedRNN,semente,11.0,Tesla Gigafactory Texas,cumulativo,6,7,42,16.777327911686058,19.73841531532868,0.08369333909436166,0.8417047107836637
monthly_6,mensal,teste_2024,DilatedRNN,semente,11.0,Tesla Gigafactory Texas,lead_exato,6,7,7,14.220677677188307,17.213718189279643,0.07629237003438312,0.9281403592121709
monthly_6,mensal,teste_2024,DilatedRNN,semente,23.0,BMW San Luis Potosi,cumulativo,1,7,7,28.115046733109597,30.97140472045067,0.11650263801992845,0.5562903430333939
monthly_6,mensal,teste_2024,DilatedRNN,semente,23.0,BMW San Luis Potosi,lead_exato,1,7,7,28.115046733109597,30.97140472045067,0.11650263801992845,0.5562903430333939
monthly_6,mensal,teste_2024,DilatedRNN,semente,23.0,BMW San Luis Potosi,cumulativo,3,7,21,23.593152328764887,28.681721030964333,0.10492780146400504,0.4620398958219515
monthly_6,mensal,teste_2024,DilatedRNN,semente,23.0,BMW San Luis Potosi,lead_exato,3,7,7,19.598675969338988,26.470106126631297,0.0959347759137248,0.4601806619218103
monthly_6,mensal,teste_2024,DilatedRNN,semente,23.0,BMW San Luis Potosi,cumulativo,6,7,42,25.091071271305356,30.489169394316544,0.11653222419946918,0.42100260364442255
monthly_6,mensal,teste_2024,DilatedRNN,semente,23.0,BMW San Luis Potosi,lead_exato,6,7,7,28.063086163863968,34.02368851795459,0.14635632335024723,-0.36234579149413326
monthly_6,mensal,teste_2024,DilatedRNN,semente,23.0,BYD Camacari,cumulativo,1,7,7,15.04459325690602,22.892001177839777,0.10416125357512415,0.588839884980001
monthly_6,mensal,teste_2024,DilatedRNN,semente,23.0,BYD Camacari,lead_exato,1,7,7,15.04459325690602,22.892001177839777,0.10416125357512415,0.588839884980001
monthly_6,mensal,teste_2024,DilatedRNN,semente,23.0,BYD Camacari,cumulativo,3,7,21,16.836661989073512,22.70919103625127,0.10515250136084886,0.5210906330250146
monthly_6,mensal,teste_2024,DilatedRNN,semente,23.0,BYD Camacari,lead_exato,3,7,7,18.866381951871258,23.41955152489684,0.1094749403883997,0.4273258087552382
monthly_6,mensal,teste_2024,DilatedRNN,semente,23.0,BYD Camacari,cumulativo,6,7,42,14.186463968413223,18.774928261995385,0.08495743164335079,0.7021286719514467
monthly_6,mensal,teste_2024,DilatedRNN,semente,23.0,BYD Camacari,lead_exato,6,7,7,11.840122677188317,14.274820751768944,0.05947089117353829,0.8583715637919167
monthly_6,mensal,teste_2024,DilatedRNN,semente,23.0,Ford Rouge Electric Vehicle Center,cumulativo,1,7,7,15.069789494065844,15.938576397951904,0.08912866995498223,0.9572567766260907
monthly_6,mensal,teste_2024,DilatedRNN,semente,23.0,Ford Rouge Electric Vehicle Center,lead_exato,1,7,7,15.069789494065844,15.938576397951904,0.08912866995498223,0.9572567766260907
monthly_6,mensal,teste_2024,DilatedRNN,semente,23.0,Ford Rouge Electric Vehicle Center,cumulativo,3,7,21,11.7843171980733,13.779436810036517,0.06888423330769536,0.9493071766410215
monthly_6,mensal,teste_2024,DilatedRNN,semente,23.0,Ford Rouge Electric Vehicle Center,lead_exato,3,7,7,9.705237184475534,12.340904637409357,0.057149226477331456,0.908279384500169
monthly_6,mensal,teste_2024,DilatedRNN,semente,23.0,Ford Rouge Electric Vehicle Center,cumulativo,6,7,42,12.428157964226378,15.507637015048624,0.07855214443469498,0.9412704238977099
monthly_6,mensal,teste_2024,DilatedRNN,semente,23.0,Ford Rouge Electric Vehicle Center,lead_exato,6,7,7,13.40917112679605,17.340559783014356,0.10292368857406298,0.9529369685809875
monthly_6,mensal,teste_2024,DilatedRNN,semente,23.0,GM Factory Zero,cumulativo,1,7,7,17.756978698411395,18.638313936865508,0.10434419989629636,0.9406147578557112
monthly_6,mensal,teste_2024,DilatedRNN,semente,23.0,GM Factory Zero,lead_exato,1,7,7,17.756978698411395,18.638313936865508,0.10434419989629636,0.9406147578557112
monthly_6,mensal,teste_2024,DilatedRNN,semente,23.0,GM Factory Zero,cumulativo,3,7,21,11.967170825278702,14.571785972642617,0.07292454550680846,0.9425239989187618
monthly_6,mensal,teste_2024,DilatedRNN,semente,23.0,GM Factory Zero,lead_exato,3,7,7,9.338530669398876,12.4684655726406,0.05781039335396737,0.9045600210929857
monthly_6,mensal,teste_2024,DilatedRNN,semente,23.0,GM Factory Zero,cumulativo,6,7,42,12.779260532293014,16.06305814846535,0.0815184863609289,0.9365037367339506
monthly_6,mensal,teste_2024,DilatedRNN,semente,23.0,GM Factory Zero,lead_exato,6,7,7,11.572260212457511,15.740892350775011,0.09363154653911292,0.9609953963789665
monthly_6,mensal,teste_2024,DilatedRNN,semente,23.0,Hyundai Metaplant Georgia,cumulativo,1,7,7,12.033073108896913,16.76277084702544,0.07724835606055264,0.9091718741621492
monthly_6,mensal,teste_2024,DilatedRNN,semente,23.0,Hyundai Metaplant Georgia,lead_exato,1,7,7,12.033073108896913,16.76277084702544,0.07724835606055264,0.9091718741621492
monthly_6,mensal,teste_2024,DilatedRNN,semente,23.0,Hyundai Metaplant Georgia,cumulativo,3,7,21,13.08549750423667,17.60363869053861,0.07705107288254423,0.8534471093643936
monthly_6,mensal,teste_2024,DilatedRNN,semente,23.0,Hyundai Metaplant Georgia,lead_exato,3,7,7,15.358412647325688,18.583352156215692,0.07868717986470143,0.7259710228349874
monthly_6,mensal,teste_2024,DilatedRNN,semente,23.0,Hyundai Metaplant Georgia,cumulativo,6,7,42,14.7109997726642,18.143154061903914,0.08135321000875971,0.858211325439189
monthly_6,mensal,teste_2024,DilatedRNN,semente,23.0,Hyundai Metaplant Georgia,lead_exato,6,7,7,16.14526821196328,17.95537784858251,0.09044912044137902,0.8944815131287303
monthly_6,mensal,teste_2024,DilatedRNN,semente,23.0,Lucid AMP 1 Casa Grande,cumulativo,1,7,7,13.994364313726546,15.785551538833875,0.058970463866456574,0.9596146343461941
monthly_6,mensal,teste_2024,DilatedRNN,semente,23.0,Lucid AMP 1 Casa Grande,lead_exato,1,7,7,13.994364313726546,15.785551538833875,0.058970463866456574,0.9596146343461941
monthly_6,mensal,teste_2024,DilatedRNN,semente,23.0,Lucid AMP 1 Casa Grande,cumulativo,3,7,21,13.76260227545003,15.711652007125677,0.054899405738199396,0.9359656407301115
monthly_6,mensal,teste_2024,DilatedRNN,semente,23.0,Lucid AMP 1 Casa Grande,lead_exato,3,7,7,15.12060815916831,16.445012636841717,0.054370840213675775,0.8084781527045721
monthly_6,mensal,teste_2024,DilatedRNN,semente,23.0,Lucid AMP 1 Casa Grande,cumulativo,6,7,42,13.796802010705578,15.731091783936723,0.05597525258425766,0.9365457315910095
monthly_6,mensal,teste_2024,DilatedRNN,semente,23.0,Lucid AMP 1 Casa Grande,lead_exato,6,7,7,12.939136968869077,15.400248348141433,0.061897488558554745,0.950591948891399
monthly_6,mensal,teste_2024,DilatedRNN,semente,23.0,Rivian Normal,cumulativo,1,7,7,17.7153443645245,20.202757476911906,0.10127255446584782,0.922875616431177
monthly_6,mensal,teste_2024,DilatedRNN,semente,23.0,Rivian Normal,lead_exato,1,7,7,17.7153443645245,20.202757476911906,0.10127255446584782,0.922875616431177
monthly_6,mensal,teste_2024,DilatedRNN,semente,23.0,Rivian Normal,cumulativo,3,7,21,18.08716872724282,21.287271410375812,0.09677367372398242,0.8631894496932423
monthly_6,mensal,teste_2024,DilatedRNN,semente,23.0,Rivian Normal,lead_exato,3,7,7,17.588486756498177,19.639175057976473,0.08378140688835888,0.7503055374315125
monthly_6,mensal,teste_2024,DilatedRNN,semente,23.0,Rivian Normal,cumulativo,6,7,42,19.891627741406253,22.822843709300923,0.10551027368794469,0.8722430472718856
monthly_6,mensal,teste_2024,DilatedRNN,semente,23.0,Rivian Normal,lead_exato,6,7,7,21.872663265917556,24.06871364672803,0.12826365726952013,0.9172488980569173
monthly_6,mensal,teste_2024,DilatedRNN,semente,23.0,Tesla Fremont Factory,cumulativo,1,7,7,15.16527842190778,15.872629641505315,0.0655048895897557,0.9743763694944074
monthly_6,mensal,teste_2024,DilatedRNN,semente,23.0,Tesla Fremont Factory,lead_exato,1,7,7,15.16527842190778,15.872629641505315,0.0655048895897557,0.9743763694944074
monthly_6,mensal,teste_2024,DilatedRNN,semente,23.0,Tesla Fremont Factory,cumulativo,3,7,21,13.010019178211419,14.513175380509491,0.054124044357740056,0.9684196547942239
monthly_6,mensal,teste_2024,DilatedRNN,semente,23.0,Tesla Fremont Factory,lead_exato,3,7,7,7.292489001806254,8.551129684048366,0.02950489264560903,0.9746068982890158
monthly_6,mensal,teste_2024,DilatedRNN,semente,23.0,Tesla Fremont Factory,cumulativo,6,7,42,10.758529039310629,12.949064661939552,0.048630926452031494,0.974973012830071
monthly_6,mensal,teste_2024,DilatedRNN,semente,23.0,Tesla Fremont Factory,lead_exato,6,7,7,5.699207004937681,6.701310425471737,0.02855810734425431,0.9951576770931214
monthly_6,mensal,teste_2024,DilatedRNN,semente,23.0,Tesla Gigafactory Nevada,cumulativo,1,7,7,9.711323623419048,10.67796784446214,0.04332513176532658,0.9877516203545039
monthly_6,mensal,teste_2024,DilatedRNN,semente,23.0,Tesla Gigafactory Nevada,lead_exato,1,7,7,9.711323623419048,10.67796784446214,0.04332513176532658,0.9877516203545039
monthly_6,mensal,teste_2024,DilatedRNN,semente,23.0,Tesla Gigafactory Nevada,cumulativo,3,7,21,12.426086606163889,13.812162982031236,0.05086855840940341,0.9693329890218993
monthly_6,mensal,teste_2024,DilatedRNN,semente,23.0,Tesla Gigafactory Nevada,lead_exato,3,7,7,12.755784415001601,14.606992941738692,0.05006843927118615,0.9227117735215826
monthly_6,mensal,teste_2024,DilatedRNN,semente,23.0,Tesla Gigafactory Nevada,cumulativo,6,7,42,11.372404719267522,13.390909034448002,0.05013715031684128,0.9729350678334735
monthly_6,mensal,teste_2024,DilatedRNN,semente,23.0,Tesla Gigafactory Nevada,lead_exato,6,7,7,8.764781768658334,10.637697673189148,0.045902396252040956,0.9876395186212563
monthly_6,mensal,teste_2024,DilatedRNN,semente,23.0,Tesla Gigafactory Texas,cumulativo,1,7,7,16.460054605264727,20.303139803889984,0.09511299969052517,0.8588895665878705
monthly_6,mensal,teste_2024,DilatedRNN,semente,23.0,Tesla Gigafactory Texas,lead_exato,1,7,7,16.460054605264727,20.303139803889984,0.09511299969052517,0.8588895665878705
monthly_6,mensal,teste_2024,DilatedRNN,semente,23.0,Tesla Gigafactory Texas,cumulativo,3,7,21,15.168844754952467,19.297925397002547,0.08315693767482049,0.8435674061751905
monthly_6,mensal,teste_2024,DilatedRNN,semente,23.0,Tesla Gigafactory Texas,lead_exato,3,7,7,14.85883638742624,18.84387577626911,0.0761664714026,0.7314182439762711
monthly_6,mensal,teste_2024,DilatedRNN,semente,23.0,Tesla Gigafactory Texas,cumulativo,6,7,42,16.079872290558303,19.537395370779038,0.08284098949510799,0.844912514100657
monthly_6,mensal,teste_2024,DilatedRNN,semente,23.0,Tesla Gigafactory Texas,lead_exato,6,7,7,13.353623951946831,16.192760153852436,0.07176741456735924,0.9364116683256931
monthly_6,mensal,teste_2024,DilatedRNN,semente,42.0,BMW San Luis Potosi,cumulativo,1,7,7,24.90711877992362,29.749523606513158,0.11190638627076407,0.5906101177874171
monthly_6,mensal,teste_2024,DilatedRNN,semente,42.0,BMW San Luis Potosi,lead_exato,1,7,7,24.90711877992362,29.749523606513158,0.11190638627076407,0.5906101177874171
monthly_6,mensal,teste_2024,DilatedRNN,semente,42.0,BMW San Luis Potosi,cumulativo,3,7,21,23.690250304723122,29.863027924386216,0.10924943666320441,0.41681367066022446
monthly_6,mensal,teste_2024,DilatedRNN,semente,42.0,BMW San Luis Potosi,lead_exato,3,7,7,25.4872527401437,33.31527464029626,0.12074350559197283,0.1448862912221177
monthly_6,mensal,teste_2024,DilatedRNN,semente,42.0,BMW San Luis Potosi,cumulativo,6,7,42,24.78427166993791,31.76099728727676,0.12139325964614835,0.3716904138606172
monthly_6,mensal,teste_2024,DilatedRNN,semente,42.0,BMW San Luis Potosi,lead_exato,6,7,7,26.598374413414344,33.87065958557611,0.14569805398308824,-0.35011845855135926
monthly_6,mensal,teste_2024,DilatedRNN,semente,42.0,BYD Camacari,cumulativo,1,7,7,14.189555019528338,20.72779597754299,0.09431386955196866,0.662907018555224
monthly_6,mensal,teste_2024,DilatedRNN,semente,42.0,BYD Camacari,lead_exato,1,7,7,14.189555019528338,20.72779597754299,0.09431386955196866,0.662907018555224
monthly_6,mensal,teste_2024,DilatedRNN,semente,42.0,BYD Camacari,cumulativo,3,7,21,14.340150667202753,20.368871518174828,0.09431589996379718,0.6147133674184145
monthly_6,mensal,teste_2024,DilatedRNN,semente,42.0,BYD Camacari,lead_exato,3,7,7,13.967773484180205,19.716658953623195,0.09216573004447463,0.5941018131061835
monthly_6,mensal,teste_2024,DilatedRNN,semente,42.0,BYD Camacari,cumulativo,6,7,42,12.41285457037345,17.26805056753802,0.07813873934608681,0.74802424641856
monthly_6,mensal,teste_2024,DilatedRNN,semente,42.0,BYD Camacari,lead_exato,6,7,7,15.190997375487054,17.899095932129725,0.07457012629405511,0.7773250701221085
monthly_6,mensal,teste_2024,DilatedRNN,semente,42.0,Ford Rouge Electric Vehicle Center,cumulativo,1,7,7,11.454649570238612,14.339335463865188,0.08018569952689378,0.9654039701274069
monthly_6,mensal,teste_2024,DilatedRNN,semente,42.0,Ford Rouge Electric Vehicle Center,lead_exato,1,7,7,11.454649570238612,14.339335463865188,0.08018569952689378,0.9654039701274069
monthly_6,mensal,teste_2024,DilatedRNN,semente,42.0,Ford Rouge Electric Vehicle Center,cumulativo,3,7,21,10.486297974027625,13.611650177520225,0.0680454578410706,0.9505341924831374
monthly_6,mensal,teste_2024,DilatedRNN,semente,42.0,Ford Rouge Electric Vehicle Center,lead_exato,3,7,7,11.792712384726785,15.176161351939204,0.07027895503943915,0.8612934920092273
monthly_6,mensal,teste_2024,DilatedRNN,semente,42.0,Ford Rouge Electric Vehicle Center,cumulativo,6,7,42,11.457480686883292,14.664258955291997,0.07428011026864072,0.9474846995343986
monthly_6,mensal,teste_2024,DilatedRNN,semente,42.0,Ford Rouge Electric Vehicle Center,lead_exato,6,7,7,14.776515794044112,18.139667495338212,0.10766673691561168,0.9484993968475981
monthly_6,mensal,teste_2024,DilatedRNN,semente,42.0,GM Factory Zero,cumulativo,1,7,7,12.209032882831755,14.73732331508966,0.08250500636135735,0.962871918447207
monthly_6,mensal,teste_2024,DilatedRNN,semente,42.0,GM Factory Zero,lead_exato,1,7,7,12.209032882831755,14.73732331508966,0.08250500636135735,0.962871918447207
monthly_6,mensal,teste_2024,DilatedRNN,semente,42.0,GM Factory Zero,cumulativo,3,7,21,11.534943264840049,14.549853067869124,0.07281478222073948,0.9426968901409054
monthly_6,mensal,teste_2024,DilatedRNN,semente,42.0,GM Factory Zero,lead_exato,3,7,7,9.923082632270441,13.774203148593537,0.06386448256351145,0.8835237763910745
monthly_6,mensal,teste_2024,DilatedRNN,semente,42.0,GM Factory Zero,cumulativo,6,7,42,11.479586070377033,14.19339252916956,0.07203011186353453,0.9504248391138121
monthly_6,mensal,teste_2024,DilatedRNN,semente,42.0,GM Factory Zero,lead_exato,6,7,7,11.590838747938815,14.443514321000256,0.08591435308738991,0.9671600169857285
monthly_6,mensal,teste_2024,DilatedRNN,semente,42.0,Hyundai Metaplant Georgia,cumulativo,1,7,7,11.291729450104283,17.759911390409535,0.0818435073300348,0.898044578123239
monthly_6,mensal,teste_2024,DilatedRNN,semente,42.0,Hyundai Metaplant Georgia,lead_exato,1,7,7,11.291729450104283,17.759911390409535,0.0818435073300348,0.898044578123239
monthly_6,mensal,teste_2024,DilatedRNN,semente,42.0,Hyundai Metaplant Georgia,cumulativo,3,7,21,13.603391845418866,18.983594450448788,0.0830911350367779,0.8295698636922699
monthly_6,mensal,teste_2024,DilatedRNN,semente,42.0,Hyundai Metaplant Georgia,lead_exato,3,7,7,16.765164352954994,21.00832232029249,0.08895519081682787,0.6497879220018681
monthly_6,mensal,teste_2024,DilatedRNN,semente,42.0,Hyundai Metaplant Georgia,cumulativo,6,7,42,15.444075812605613,19.56534016838319,0.08773023820337163,0.8351113462728104
monthly_6,mensal,teste_2024,DilatedRNN,semente,42.0,Hyundai Metaplant Georgia,lead_exato,6,7,7,16.062188978848912,18.985364521170514,0.09563761546429396,0.8820284358993217
monthly_6,mensal,teste_2024,DilatedRNN,semente,42.0,Lucid AMP 1 Casa Grande,cumulativo,1,7,7,14.515336806032305,17.001452255124047,0.0635127333639014,0.9531535658734961
monthly_6,mensal,teste_2024,DilatedRNN,semente,42.0,Lucid AMP 1 Casa Grande,lead_exato,1,7,7,14.515336806032305,17.001452255124047,0.0635127333639014,0.9531535658734961
monthly_6,mensal,teste_2024,DilatedRNN,semente,42.0,Lucid AMP 1 Casa Grande,cumulativo,3,7,21,14.78937248318633,16.477104234970692,0.057574036796131024,0.9295743046813857
monthly_6,mensal,teste_2024,DilatedRNN,semente,42.0,Lucid AMP 1 Casa Grande,lead_exato,3,7,7,15.537155341398115,16.627109412340637,0.05497289233140397,0.8042132000298301
monthly_6,mensal,teste_2024,DilatedRNN,semente,42.0,Lucid AMP 1 Casa Grande,cumulativo,6,7,42,13.65216353750255,15.322984475951984,0.05452310228473086,0.9397953779245214
monthly_6,mensal,teste_2024,DilatedRNN,semente,42.0,Lucid AMP 1 Casa Grande,lead_exato,6,7,7,9.940316099781048,11.537008354833347,0.04637015108457193,0.9722713523631846
monthly_6,mensal,teste_2024,DilatedRNN,semente,42.0,Rivian Normal,cumulativo,1,7,7,14.292902584156113,17.63521658726008,0.08840196366220562,0.9412332057095004
monthly_6,mensal,teste_2024,DilatedRNN,semente,42.0,Rivian Normal,lead_exato,1,7,7,14.292902584156113,17.63521658726008,0.08840196366220562,0.9412332057095004
monthly_6,mensal,teste_2024,DilatedRNN,semente,42.0,Rivian Normal,cumulativo,3,7,21,14.657695693447652,17.585047993449585,0.07994306382118978,0.9066387385844328
monthly_6,mensal,teste_2024,DilatedRNN,semente,42.0,Rivian Normal,lead_exato,3,7,7,12.971719871802227,14.481678876308143,0.061779348001164795,0.8642311140176615
monthly_6,mensal,teste_2024,DilatedRNN,semente,42.0,Rivian Normal,cumulativo,6,7,42,15.413369529418238,18.483165982236432,0.08544789274487871,0.9162089256032122
monthly_6,mensal,teste_2024,DilatedRNN,semente,42.0,Rivian Normal,lead_exato,6,7,7,15.033599544239268,19.239838086498917,0.10253028202789861,0.9471225076019955
monthly_6,mensal,teste_2024,DilatedRNN,semente,42.0,Tesla Fremont Factory,cumulativo,1,7,7,12.680735301477073,14.599794633344402,0.06025201602320223,0.9783211424805711
monthly_6,mensal,teste_2024,DilatedRNN,semente,42.0,Tesla Fremont Factory,lead_exato,1,7,7,12.680735301477073,14.599794633344402,0.06025201602320223,0.9783211424805711
monthly_6,mensal,teste_2024,DilatedRNN,semente,42.0,Tesla Fremont Factory,cumulativo,3,7,21,10.412506479894741,12.6390547935346,0.047134878780825354,0.9760491362912416
monthly_6,mensal,teste_2024,DilatedRNN,semente,42.0,Tesla Fremont Factory,lead_exato,3,7,7,8.243907265411638,11.173548648607355,0.03855330997524668,0.9566438195769483
monthly_6,mensal,teste_2024,DilatedRNN,semente,42.0,Tesla Fremont Factory,cumulativo,6,7,42,10.642794500182017,12.779142886119645,0.047992775852105554,0.9756255275909713
monthly_6,mensal,teste_2024,DilatedRNN,semente,42.0,Tesla Fremont Factory,lead_exato,6,7,7,13.187630866640998,15.628624074733741,0.06660248453388494,0.9736624262918508
monthly_6,mensal,teste_2024,DilatedRNN,semente,42.0,Tesla Gigafactory Nevada,cumulativo,1,7,7,16.301091571774627,18.336978688479277,0.07440104984661222,0.9638792314601689
monthly_6,mensal,teste_2024,DilatedRNN,semente,42.0,Tesla Gigafactory Nevada,lead_exato,1,7,7,16.301091571774627,18.336978688479277,0.07440104984661222,0.9638792314601689
monthly_6,mensal,teste_2024,DilatedRNN,semente,42.0,Tesla Gigafactory Nevada,cumulativo,3,7,21,12.89334049487024,15.277738986843842,0.05626610104636891,0.9624797060597993
monthly_6,mensal,teste_2024,DilatedRNN,semente,42.0,Tesla Gigafactory Nevada,lead_exato,3,7,7,9.907497034803132,12.502506519659086,0.042854884021231575,0.9433779117542757
monthly_6,mensal,teste_2024,DilatedRNN,semente,42.0,Tesla Gigafactory Nevada,cumulativo,6,7,42,11.114210136820132,13.191294301709947,0.04938976910209341,0.9737359532592446
monthly_6,mensal,teste_2024,DilatedRNN,semente,42.0,Tesla Gigafactory Nevada,lead_exato,6,7,7,8.132559457853185,9.298156109827511,0.0401221823818464,0.9905564830366332
monthly_6,mensal,teste_2024,DilatedRNN,semente,42.0,Tesla Gigafactory Texas,cumulativo,1,7,7,16.080702889474814,19.648657606621764,0.09204698302376806,0.8678404701087693
monthly_6,mensal,teste_2024,DilatedRNN,semente,42.0,Tesla Gigafactory Texas,lead_exato,1,7,7,16.080702889474814,19.648657606621764,0.09204698302376806,0.8678404701087693
monthly_6,mensal,teste_2024,DilatedRNN,semente,42.0,Tesla Gigafactory Texas,cumulativo,3,7,21,14.939019848913338,19.138486871164172,0.08246989907956473,0.8461416051520527
monthly_6,mensal,teste_2024,DilatedRNN,semente,42.0,Tesla Gigafactory Texas,lead_exato,3,7,7,13.810840579933028,19.728161663549717,0.07974073269284378,0.7056193363573526
monthly_6,mensal,teste_2024,DilatedRNN,semente,42.0,Tesla Gigafactory Texas,cumulativo,6,7,42,15.1176863306216,19.2561957623063,0.08164866813550858,0.8493447015656094
monthly_6,mensal,teste_2024,DilatedRNN,semente,42.0,Tesla Gigafactory Texas,lead_exato,6,7,7,11.625682699025399,14.409727907502404,0.06386489435493403,0.949644463771116
monthly_6,mensal,teste_2024,DilatedRNN,semente,67.0,BMW San Luis Potosi,cumulativo,1,7,7,26.35099919815275,31.676094927980493,0.11915341440237083,0.5358692467515431
monthly_6,mensal,teste_2024,DilatedRNN,semente,67.0,BMW San Luis Potosi,lead_exato,1,7,7,26.35099919815275,31.676094927980493,0.11915341440237083,0.5358692467515431
monthly_6,mensal,teste_2024,DilatedRNN,semente,67.0,BMW San Luis Potosi,cumulativo,3,7,21,24.993476228921367,31.801385234739364,0.11634062797656611,0.3386494335367224
monthly_6,mensal,teste_2024,DilatedRNN,semente,67.0,BMW San Luis Potosi,lead_exato,3,7,7,25.795067171482515,34.95807148091353,0.12669744268699007,0.0584746764868026
monthly_6,mensal,teste_2024,DilatedRNN,semente,67.0,BMW San Luis Potosi,cumulativo,6,7,42,25.705136604756586,32.514584703293544,0.12427353547726155,0.34152112454870465
monthly_6,mensal,teste_2024,DilatedRNN,semente,67.0,BMW San Luis Potosi,lead_exato,6,7,7,27.418985093792212,33.828434683834196,0.14551641931495077,-0.346754302965683
monthly_6,mensal,teste_2024,DilatedRNN,semente,67.0,BYD Camacari,cumulativo,1,7,7,13.443838777831322,18.73966329349201,0.08526763584633297,0.7244711836530395
monthly_6,mensal,teste_2024,DilatedRNN,semente,67.0,BYD Camacari,lead_exato,1,7,7,13.443838777831322,18.73966329349201,0.08526763584633297,0.7244711836530395
monthly_6,mensal,teste_2024,DilatedRNN,semente,67.0,BYD Camacari,cumulativo,3,7,21,15.32033188267806,19.53107555471318,0.09043657458195578,0.6457561459978642
monthly_6,mensal,teste_2024,DilatedRNN,semente,67.0,BYD Camacari,lead_exato,3,7,7,16.862523831708,20.66030973088017,0.09657683554655275,0.5543190012720738
monthly_6,mensal,teste_2024,DilatedRNN,semente,67.0,BYD Camacari,cumulativo,6,7,42,13.85326823268593,17.541855232055287,0.07937771830487428,0.7399701686328615
monthly_6,mensal,teste_2024,DilatedRNN,semente,67.0,BYD Camacari,lead_exato,6,7,7,12.475138486957023,15.496752473267302,0.06456162889237921,0.8330868607795703
monthly_6,mensal,teste_2024,DilatedRNN,semente,67.0,Ford Rouge Electric Vehicle Center,cumulativo,1,7,7,13.239571115980652,15.164217324565906,0.08479844669317729,0.961309155148327
monthly_6,mensal,teste_2024,DilatedRNN,semente,67.0,Ford Rouge Electric Vehicle Center,lead_exato,1,7,7,13.239571115980652,15.164217324565906,0.08479844669317729,0.961309155148327
monthly_6,mensal,teste_2024,DilatedRNN,semente,67.0,Ford Rouge Electric Vehicle Center,cumulativo,3,7,21,11.75498127078035,13.923239206190347,0.06960311013433396,0.9482435936322564
monthly_6,mensal,teste_2024,DilatedRNN,semente,67.0,Ford Rouge Electric Vehicle Center,lead_exato,3,7,7,12.61418578874405,14.657063284267462,0.06787507510478753,0.8706200754102504
monthly_6,mensal,teste_2024,DilatedRNN,semente,67.0,Ford Rouge Electric Vehicle Center,cumulativo,6,7,42,12.583816146103535,15.071279315620279,0.0763418249000409,0.9445290185935238
monthly_6,mensal,teste_2024,DilatedRNN,semente,67.0,Ford Rouge Electric Vehicle Center,lead_exato,6,7,7,14.0391341284903,17.125896131177715,0.10164956737346324,0.9540949692569914
monthly_6,mensal,teste_2024,DilatedRNN,semente,67.0,GM Factory Zero,cumulativo,1,7,7,14.407263920421949,16.19056074114522,0.09064076890912685,0.9551885427585747
monthly_6,mensal,teste_2024,DilatedRNN,semente,67.0,GM Factory Zero,lead_exato,1,7,7,14.407263920421949,16.19056074114522,0.09064076890912685,0.9551885427585747
monthly_6,mensal,teste_2024,DilatedRNN,semente,67.0,GM Factory Zero,cumulativo,3,7,21,11.353918264358006,13.999515270445327,0.07006061510438907,0.9469498063063244
monthly_6,mensal,teste_2024,DilatedRNN,semente,67.0,GM Factory Zero,lead_exato,3,7,7,10.827898287622443,13.223484678060409,0.061311060795344915,0.8926514589439889
monthly_6,mensal,teste_2024,DilatedRNN,semente,67.0,GM Factory Zero,cumulativo,6,7,42,12.929262704745584,15.721116742094189,0.07978316637304929,0.9391783090206623
monthly_6,mensal,teste_2024,DilatedRNN,semente,67.0,GM Factory Zero,lead_exato,6,7,7,14.597753685802372,18.361543415788255,0.10921996469791458,0.9469267676122755
monthly_6,mensal,teste_2024,DilatedRNN,semente,67.0,Hyundai Metaplant Georgia,cumulativo,1,7,7,10.741476812798348,15.64970943945628,0.07211900335903194,0.9208335275077226
monthly_6,mensal,teste_2024,DilatedRNN,semente,67.0,Hyundai Metaplant Georgia,lead_exato,1,7,7,10.741476812798348,15.64970943945628,0.07211900335903194,0.9208335275077226
monthly_6,mensal,teste_2024,DilatedRNN,semente,67.0,Hyundai Metaplant Georgia,cumulativo,3,7,21,11.605717744531376,16.50629628365444,0.0722480085129385,0.8711487105071689
monthly_6,mensal,teste_2024,DilatedRNN,semente,67.0,Hyundai Metaplant Georgia,lead_exato,3,7,7,13.895467592774107,18.74341749736428,0.07936494188434065,0.7212300650618748
monthly_6,mensal,teste_2024,DilatedRNN,semente,67.0,Hyundai Metaplant Georgia,cumulativo,6,7,42,14.059108220352186,17.819641014873973,0.07990258985937436,0.8632227500843921
monthly_6,mensal,teste_2024,DilatedRNN,semente,67.0,Hyundai Metaplant Georgia,lead_exato,6,7,7,15.366567765433663,17.19978730560287,0.08664287918025582,0.9031754225975389
monthly_6,mensal,teste_2024,DilatedRNN,semente,67.0,Lucid AMP 1 Casa Grande,cumulativo,1,7,7,13.535233160952512,14.609973631871869,0.05457882925589745,0.9654057943668573
monthly_6,mensal,teste_2024,DilatedRNN,semente,67.0,Lucid AMP 1 Casa Grande,lead_exato,1,7,7,13.535233160952512,14.609973631871869,0.05457882925589745,0.9654057943668573
monthly_6,mensal,teste_2024,DilatedRNN,semente,67.0,Lucid AMP 1 Casa Grande,cumulativo,3,7,21,13.775966908397999,15.379417152573277,0.05373851596848124,0.9386451188450979
monthly_6,mensal,teste_2024,DilatedRNN,semente,67.0,Lucid AMP 1 Casa Grande,lead_exato,3,7,7,16.54295292437129,18.097736386591784,0.059835109588190875,0.7680478433791842
monthly_6,mensal,teste_2024,DilatedRNN,semente,67.0,Lucid AMP 1 Casa Grande,cumulativo,6,7,42,13.386562800599476,14.938679592125,0.053155647105075435,0.9427774066377423
monthly_6,mensal,teste_2024,DilatedRNN,semente,67.0,Lucid AMP 1 Casa Grande,lead_exato,6,7,7,12.23816367801651,13.964782820967217,0.05612798997412517,0.9593733842382948
monthly_6,mensal,teste_2024,DilatedRNN,semente,67.0,Rivian Normal,cumulativo,1,7,7,15.436895464945767,17.87687635454442,0.08961335779849997,0.9396115784857422
monthly_6,mensal,teste_2024,DilatedRNN,semente,67.0,Rivian Normal,lead_exato,1,7,7,15.436895464945767,17.87687635454442,0.08961335779849997,0.9396115784857422
monthly_6,mensal,teste_2024,DilatedRNN,semente,67.0,Rivian Normal,cumulativo,3,7,21,17.901463529495228,19.580710910612655,0.0890155103684939,0.8842458670940934
monthly_6,mensal,teste_2024,DilatedRNN,semente,67.0,Rivian Normal,lead_exato,3,7,7,19.04933950839989,19.835889042912743,0.08462059562026453,0.7452784028877102
monthly_6,mensal,teste_2024,DilatedRNN,semente,67.0,Rivian Normal,cumulativo,6,7,42,16.513419359302755,18.92416075702795,0.08748661675209979,0.9121628392378145
monthly_6,mensal,teste_2024,DilatedRNN,semente,67.0,Rivian Normal,lead_exato,6,7,7,11.765728545066212,15.375574761035521,0.08193738478996117,0.9662300245987079
monthly_6,mensal,teste_2024,DilatedRNN,semente,67.0,Tesla Fremont Factory,cumulativo,1,7,7,14.038212465918475,16.48451029623297,0.06803006504179512,0.972362739149971
monthly_6,mensal,teste_2024,DilatedRNN,semente,67.0,Tesla Fremont Factory,lead_exato,1,7,7,14.038212465918475,16.48451029623297,0.06803006504179512,0.972362739149971
monthly_6,mensal,teste_2024,DilatedRNN,semente,67.0,Tesla Fremont Factory,cumulativo,3,7,21,11.368389534378345,13.86764826364008,0.05171667743826598,0.971166482832044
monthly_6,mensal,teste_2024,DilatedRNN,semente,67.0,Tesla Fremont Factory,lead_exato,3,7,7,7.323924906355387,9.315932751714087,0.03214377583885589,0.9698615123097529
monthly_6,mensal,teste_2024,DilatedRNN,semente,67.0,Tesla Fremont Factory,cumulativo,6,7,42,9.452953987416842,12.114263095657213,0.04549578313227944,0.9780958817871483
monthly_6,mensal,teste_2024,DilatedRNN,semente,67.0,Tesla Fremont Factory,lead_exato,6,7,7,5.732986648779972,8.501072971837443,0.03622792245950651,0.9922074111566841
monthly_6,mensal,teste_2024,DilatedRNN,semente,67.0,Tesla Gigafactory Nevada,cumulativo,1,7,7,13.920525315166044,16.029121996591236,0.06503707753203024,0.9723992495592535
monthly_6,mensal,teste_2024,DilatedRNN,semente,67.0,Tesla Gigafactory Nevada,lead_exato,1,7,7,13.920525315166044,16.029121996591236,0.06503707753203024,0.9723992495592535
monthly_6,mensal,teste_2024,DilatedRNN,semente,67.0,Tesla Gigafactory Nevada,cumulativo,3,7,21,12.972954466407616,14.427113356009073,0.05313334771563094,0.9665414629189061
monthly_6,mensal,teste_2024,DilatedRNN,semente,67.0,Tesla Gigafactory Nevada,lead_exato,3,7,7,12.617929060515573,13.64073963546643,0.0467564095345635,0.9325988134709388
monthly_6,mensal,teste_2024,DilatedRNN,semente,67.0,Tesla Gigafactory Nevada,cumulativo,6,7,42,11.232008605088518,12.978458362848265,0.04859288612483748,0.97457663459348
monthly_6,mensal,teste_2024,DilatedRNN,semente,67.0,Tesla Gigafactory Nevada,lead_exato,6,7,7,9.170330770156113,10.562584490330018,0.04557827770785242,0.9878134579959029
monthly_6,mensal,teste_2024,DilatedRNN,semente,67.0,Tesla Gigafactory Texas,cumulativo,1,7,7,16.80053334476465,21.48373493116576,0.10064366859493286,0.84200174651735
monthly_6,mensal,teste_2024,DilatedRNN,semente,67.0,Tesla Gigafactory Texas,lead_exato,1,7,7,16.80053334476465,21.48373493116576,0.10064366859493286,0.84200174651735
monthly_6,mensal,teste_2024,DilatedRNN,semente,67.0,Tesla Gigafactory Texas,cumulativo,3,7,21,15.693086286318724,19.35561817016928,0.08340554234313674,0.8426306712143781
monthly_6,mensal,teste_2024,DilatedRNN,semente,67.0,Tesla Gigafactory Texas,lead_exato,3,7,7,15.21997383181289,17.30859430511697,0.06996090235428803,0.7734001379767264
monthly_6,mensal,teste_2024,DilatedRNN,semente,67.0,Tesla Gigafactory Texas,cumulativo,6,7,42,15.887042103682518,19.541790109545534,0.08285962373478425,0.8448427355421997
monthly_6,mensal,teste_2024,DilatedRNN,semente,67.0,Tesla Gigafactory Texas,lead_exato,6,7,7,11.329530523400877,16.0200413410621,0.07100191303931018,0.9377609536755881
monthly_6,mensal,teste_2024,DilatedRNN,semente,89.0,BMW San Luis Potosi,cumulativo,1,7,7,26.055854475606207,32.94927102809791,0.12394261836862365,0.49780926576624773
monthly_6,mensal,teste_2024,DilatedRNN,semente,89.0,BMW San Luis Potosi,lead_exato,1,7,7,26.055854475606207,32.94927102809791,0.12394261836862365,0.49780926576624773
monthly_6,mensal,teste_2024,DilatedRNN,semente,89.0,BMW San Luis Potosi,cumulativo,3,7,21,23.899618069914727,29.742471104691447,0.10880839750699728,0.42151280396556756
monthly_6,mensal,teste_2024,DilatedRNN,semente,89.0,BMW San Luis Potosi,lead_exato,3,7,7,23.297735516549697,28.766612749815607,0.10425793288278264,0.36244959304224156
monthly_6,mensal,teste_2024,DilatedRNN,semente,89.0,BMW San Luis Potosi,cumulativo,6,7,42,24.670233091641983,30.4123592643711,0.1162386492854454,0.42391621833384496
monthly_6,mensal,teste_2024,DilatedRNN,semente,89.0,BMW San Luis Potosi,lead_exato,6,7,7,27.16959204117276,31.446115572704482,0.13526863368853406,-0.16374701306381145
monthly_6,mensal,teste_2024,DilatedRNN,semente,89.0,BYD Camacari,cumulativo,1,7,7,14.37127593078003,20.725993486668084,0.09430566800997026,0.6629656432739282
monthly_6,mensal,teste_2024,DilatedRNN,semente,89.0,BYD Camacari,lead_exato,1,7,7,14.37127593078003,20.725993486668084,0.09430566800997026,0.6629656432739282
monthly_6,mensal,teste_2024,DilatedRNN,semente,89.0,BYD Camacari,cumulativo,3,7,21,16.57821519018017,20.889376718239987,0.09672604410635205,0.5947705799396663
monthly_6,mensal,teste_2024,DilatedRNN,semente,89.0,BYD Camacari,lead_exato,3,7,7,19.234559913849548,22.358845800959187,0.10451666030458753,0.4780255752754685
monthly_6,mensal,teste_2024,DilatedRNN,semente,89.0,BYD Camacari,cumulativo,6,7,42,15.878347247635313,18.85855378769997,0.08533584107238003,0.6994692613632278
monthly_6,mensal,teste_2024,DilatedRNN,semente,89.0,BYD Camacari,lead_exato,6,7,7,15.179159062056247,17.444315931886443,0.072675449480056,0.7884967623338133
monthly_6,mensal,teste_2024,DilatedRNN,semente,89.0,Ford Rouge Electric Vehicle Center,cumulativo,1,7,7,12.195530283659277,14.415766503666463,0.08061310262430212,0.9650341820596792
monthly_6,mensal,teste_2024,DilatedRNN,semente,89.0,Ford Rouge Electric Vehicle Center,lead_exato,1,7,7,12.195530283659277,14.415766503666463,0.08061310262430212,0.9650341820596792
monthly_6,mensal,teste_2024,DilatedRNN,semente,89.0,Ford Rouge Electric Vehicle Center,cumulativo,3,7,21,10.722091868449102,13.016943922000628,0.06507248550413738,0.9547621857741178
monthly_6,mensal,teste_2024,DilatedRNN,semente,89.0,Ford Rouge Electric Vehicle Center,lead_exato,3,7,7,8.227482339513829,10.139211244047916,0.046953452499025196,0.9380870766708693
monthly_6,mensal,teste_2024,DilatedRNN,semente,89.0,Ford Rouge Electric Vehicle Center,cumulativo,6,7,42,11.42787073730131,14.115641590953807,0.071501152365444,0.9513405878873527
monthly_6,mensal,teste_2024,DilatedRNN,semente,89.0,Ford Rouge Electric Vehicle Center,lead_exato,6,7,7,13.155304425276622,16.04415443890189,0.09522896466821294,0.9597109210780854
monthly_6,mensal,teste_2024,DilatedRNN,semente,89.0,GM Factory Zero,cumulativo,1,7,7,14.556402961388617,16.727380876491907,0.0936460872925767,0.952167709497892
monthly_6,mensal,teste_2024,DilatedRNN,semente,89.0,GM Factory Zero,lead_exato,1,7,7,14.556402961388617,16.727380876491907,0.0936460872925767,0.952167709497892
monthly_6,mensal,teste_2024,DilatedRNN,semente,89.0,GM Factory Zero,cumulativo,3,7,21,12.753235332046913,15.460198481280944,0.07737060850393497,0.9353019625378921
monthly_6,mensal,teste_2024,DilatedRNN,semente,89.0,GM Factory Zero,lead_exato,3,7,7,10.840343775325437,13.623955085557919,0.06316785316880708,0.8860509470180876
monthly_6,mensal,teste_2024,DilatedRNN,semente,89.0,GM Factory Zero,cumulativo,6,7,42,12.342634140181016,15.959238771279422,0.08099161293465423,0.9373218672730159
monthly_6,mensal,teste_2024,DilatedRNN,semente,89.0,GM Factory Zero,lead_exato,6,7,7,13.106757560066162,17.797444395126973,0.10586453461627031,0.9501376824105234
monthly_6,mensal,teste_2024,DilatedRNN,semente,89.0,Hyundai Metaplant Georgia,cumulativo,1,7,7,10.259413663774142,17.13080160668151,0.07894436273048767,0.905139784308007
monthly_6,mensal,teste_2024,DilatedRNN,semente,89.0,Hyundai Metaplant Georgia,lead_exato,1,7,7,10.259413663774142,17.13080160668151,0.07894436273048767,0.905139784308007
monthly_6,mensal,teste_2024,DilatedRNN,semente,89.0,Hyundai Metaplant Georgia,cumulativo,3,7,21,11.829806204741177,17.39467987792217,0.07613646079674785,0.856905685721087
monthly_6,mensal,teste_2024,DilatedRNN,semente,89.0,Hyundai Metaplant Georgia,lead_exato,3,7,7,14.08851064313967,18.087415999988366,0.07658724562256762,0.7404019473486918
monthly_6,mensal,teste_2024,DilatedRNN,semente,89.0,Hyundai Metaplant Georgia,cumulativo,6,7,42,13.590662525287067,17.75137275378459,0.07959647758350502,0.864268748554776
monthly_6,mensal,teste_2024,DilatedRNN,semente,89.0,Hyundai Metaplant Georgia,lead_exato,6,7,7,13.692902538280903,16.66090128544038,0.08392827373152112,0.9091475925791341
monthly_6,mensal,teste_2024,DilatedRNN,semente,89.0,Lucid AMP 1 Casa Grande,cumulativo,1,7,7,15.032249271712057,17.7341576302241,0.0662499184246071,0.9490287097531219
monthly_6,mensal,teste_2024,DilatedRNN,semente,89.0,Lucid AMP 1 Casa Grande,lead_exato,1,7,7,15.032249271712057,17.7341576302241,0.0662499184246071,0.9490287097531219
monthly_6,mensal,teste_2024,DilatedRNN,semente,89.0,Lucid AMP 1 Casa Grande,cumulativo,3,7,21,14.16377434533429,16.390470074305945,0.057271321083297945,0.9303129334026885
monthly_6,mensal,teste_2024,DilatedRNN,semente,89.0,Lucid AMP 1 Casa Grande,lead_exato,3,7,7,14.03293360706149,15.370311449262553,0.050817640964901205,0.832692567588168
monthly_6,mensal,teste_2024,DilatedRNN,semente,89.0,Lucid AMP 1 Casa Grande,cumulativo,6,7,42,12.844048931483087,15.322885435810182,0.05452274987454666,0.9397961561874044
monthly_6,mensal,teste_2024,DilatedRNN,semente,89.0,Lucid AMP 1 Casa Grande,lead_exato,6,7,7,8.054945086677094,9.953351355896205,0.04000503353864503,0.9793613662212618
monthly_6,mensal,teste_2024,DilatedRNN,semente,89.0,Rivian Normal,cumulativo,1,7,7,11.531241222734398,15.688839448422486,0.07864514779044765,0.9534893892516727
monthly_6,mensal,teste_2024,DilatedRNN,semente,89.0,Rivian Normal,lead_exato,1,7,7,11.531241222734398,15.688839448422486,0.07864514779044765,0.9534893892516727
monthly_6,mensal,teste_2024,DilatedRNN,semente,89.0,Rivian Normal,cumulativo,3,7,21,13.545766029396358,16.859912825716698,0.07664654014865542,0.914179657277639
monthly_6,mensal,teste_2024,DilatedRNN,semente,89.0,Rivian Normal,lead_exato,3,7,7,12.077598710585724,13.069328971524497,0.05575421396716909,0.8894219293375951
monthly_6,mensal,teste_2024,DilatedRNN,semente,89.0,Rivian Normal,cumulativo,6,7,42,16.755567645381618,20.3552072301005,0.09410236135243286,0.8983760460495056
monthly_6,mensal,teste_2024,DilatedRNN,semente,89.0,Rivian Normal,lead_exato,6,7,7,16.91960706709094,22.57909368488397,0.12032538075619362,0.9271749088670542
monthly_6,mensal,teste_2024,DilatedRNN,semente,89.0,Tesla Fremont Factory,cumulativo,1,7,7,15.71103981407389,17.136684730241132,0.07072152923253362,0.9701326623833623
monthly_6,mensal,teste_2024,DilatedRNN,semente,89.0,Tesla Fremont Factory,lead_exato,1,7,7,15.71103981407389,17.136684730241132,0.07072152923253362,0.9701326623833623
monthly_6,mensal,teste_2024,DilatedRNN,semente,89.0,Tesla Fremont Factory,cumulativo,3,7,21,12.377738224833225,14.343477197585019,0.053491188229482504,0.969153856060148
monthly_6,mensal,teste_2024,DilatedRNN,semente,89.0,Tesla Fremont Factory,lead_exato,3,7,7,8.29226675787686,10.070660621329505,0.0347478954806375,0.9647803782307947
monthly_6,mensal,teste_2024,DilatedRNN,semente,89.0,Tesla Fremont Factory,cumulativo,6,7,42,10.38432303108269,12.536636243279094,0.04708202878117839,0.9765418466278845
monthly_6,mensal,teste_2024,DilatedRNN,semente,89.0,Tesla Fremont Factory,lead_exato,6,7,7,7.342037016307196,8.60593012657191,0.03667477862503165,0.9920139889751194
monthly_6,mensal,teste_2024,DilatedRNN,semente,89.0,Tesla Gigafactory Nevada,cumulativo,1,7,7,15.940755920435468,17.038155948948784,0.0691311644948648,0.968814938870566
monthly_6,mensal,teste_2024,DilatedRNN,semente,89.0,Tesla Gigafactory Nevada,lead_exato,1,7,7,15.940755920435468,17.038155948948784,0.0691311644948648,0.968814938870566
monthly_6,mensal,teste_2024,DilatedRNN,semente,89.0,Tesla Gigafactory Nevada,cumulativo,3,7,21,13.174945856241347,14.869415850026849,0.0547622953526403,0.9644584900162584
monthly_6,mensal,teste_2024,DilatedRNN,semente,89.0,Tesla Gigafactory Nevada,lead_exato,3,7,7,10.291573748322728,12.157397678519494,0.04167195327542604,0.9464606679078377
monthly_6,mensal,teste_2024,DilatedRNN,semente,89.0,Tesla Gigafactory Nevada,cumulativo,6,7,42,13.094811096049357,14.920208287801211,0.05586302795125414,0.9664002075121211
monthly_6,mensal,teste_2024,DilatedRNN,semente,89.0,Tesla Gigafactory Nevada,lead_exato,6,7,7,13.005813029006017,14.804678209765054,0.06388320353203447,0.9760592339796904
monthly_6,mensal,teste_2024,DilatedRNN,semente,89.0,Tesla Gigafactory Texas,cumulativo,1,7,7,16.146774835012366,21.21759291172254,0.0993968877493373,0.8458920863828261
monthly_6,mensal,teste_2024,DilatedRNN,semente,89.0,Tesla Gigafactory Texas,lead_exato,1,7,7,16.146774835012366,21.21759291172254,0.0993968877493373,0.8458920863828261
monthly_6,mensal,teste_2024,DilatedRNN,semente,89.0,Tesla Gigafactory Texas,cumulativo,3,7,21,15.310417709443506,19.50105945944605,0.08403226526691862,0.8402567878328395
monthly_6,mensal,teste_2024,DilatedRNN,semente,89.0,Tesla Gigafactory Texas,lead_exato,3,7,7,13.47417703791247,16.739907670747776,0.06766228529758518,0.7880457347960902
monthly_6,mensal,teste_2024,DilatedRNN,semente,89.0,Tesla Gigafactory Texas,cumulativo,6,7,42,16.33541840490991,19.439207573672363,0.08242466100739015,0.8464674229195264
monthly_6,mensal,teste_2024,DilatedRNN,semente,89.0,Tesla Gigafactory Texas,lead_exato,6,7,7,15.058751930067924,16.85466432891185,0.07470101889941955,0.9311068757903754
monthly_6,mensal,teste_2024,DilatedRNN,ensemble,,BMW San Luis Potosi,cumulativo,1,7,7,26.629532502931166,31.82471007702526,0.1197124480358052,0.5315038935697014
monthly_6,mensal,teste_2024,DilatedRNN,ensemble,,BMW San Luis Potosi,lead_exato,1,7,7,26.629532502931166,31.82471007702526,0.1197124480358052,0.5315038935697014
monthly_6,mensal,teste_2024,DilatedRNN,ensemble,,BMW San Luis Potosi,cumulativo,3,7,21,24.30937640897728,30.210850652926936,0.11052189427359635,0.40314949978732006
monthly_6,mensal,teste_2024,DilatedRNN,ensemble,,BMW San Luis Potosi,lead_exato,3,7,7,23.0854278754089,30.494456087569954,0.11052010133154136,0.28356159840835904
monthly_6,mensal,teste_2024,DilatedRNN,ensemble,,BMW San Luis Potosi,cumulativo,6,7,42,24.89300100059275,30.81354701567831,0.11777202332974218,0.40861703278320827
monthly_6,mensal,teste_2024,DilatedRNN,ensemble,,BMW San Luis Potosi,lead_exato,6,7,7,26.383600634732655,31.986273505517957,0.13759217744638771,-0.20407034344258412
monthly_6,mensal,teste_2024,DilatedRNN,ensemble,,BYD Camacari,cumulativo,1,7,7,14.114655090529071,20.5652389113625,0.09357421609575423,0.6681735673875935
monthly_6,mensal,teste_2024,DilatedRNN,ensemble,,BYD Camacari,lead_exato,1,7,7,14.114655090529071,20.5652389113625,0.09357421609575423,0.6681735673875935
monthly_6,mensal,teste_2024,DilatedRNN,ensemble,,BYD Camacari,cumulativo,3,7,21,15.767205571763535,20.83281146064194,0.09646412467835214,0.5969622079926284
monthly_6,mensal,teste_2024,DilatedRNN,ensemble,,BYD Camacari,lead_exato,3,7,7,17.23128058232183,21.697471869064632,0.10142506089066934,0.5084488340037339
monthly_6,mensal,teste_2024,DilatedRNN,ensemble,,BYD Camacari,cumulativo,6,7,42,13.770188218610846,17.70352001621588,0.08010925904142466,0.7351552417702851
monthly_6,mensal,teste_2024,DilatedRNN,ensemble,,BYD Camacari,lead_exato,6,7,7,12.86400415926289,15.80500152087568,0.06584583735169684,0.8263806136997863
monthly_6,mensal,teste_2024,DilatedRNN,ensemble,,Ford Rouge Electric Vehicle Center,cumulativo,1,7,7,11.829337006404712,14.155029939028573,0.0791550612889547,0.9662875901670097
monthly_6,mensal,teste_2024,DilatedRNN,ensemble,,Ford Rouge Electric Vehicle Center,lead_exato,1,7,7,11.829337006404712,14.155029939028573,0.0791550612889547,0.9662875901670097
monthly_6,mensal,teste_2024,DilatedRNN,ensemble,,Ford Rouge Electric Vehicle Center,cumulativo,3,7,21,10.248993140778564,12.44557079621094,0.06221615688597671,0.9586464131766136
monthly_6,mensal,teste_2024,DilatedRNN,ensemble,,Ford Rouge Electric Vehicle Center,lead_exato,3,7,7,10.047841045367802,11.628174799841785,0.053848661397132326,0.9185678181889706
monthly_6,mensal,teste_2024,DilatedRNN,ensemble,,Ford Rouge Electric Vehicle Center,cumulativo,6,7,42,11.493213728988835,14.32658218076516,0.0725696475631277,0.9498754135033262
monthly_6,mensal,teste_2024,DilatedRNN,ensemble,,Ford Rouge Electric Vehicle Center,lead_exato,6,7,7,13.811505137552027,16.93602753722986,0.10052261551735153,0.9551071917340035
monthly_6,mensal,teste_2024,DilatedRNN,ensemble,,GM Factory Zero,cumulativo,1,7,7,14.69207686258049,16.45131139431665,0.09210054785532189,0.9537335335203627
monthly_6,mensal,teste_2024,DilatedRNN,ensemble,,GM Factory Zero,lead_exato,1,7,7,14.69207686258049,16.45131139431665,0.09210054785532189,0.9537335335203627
monthly_6,mensal,teste_2024,DilatedRNN,ensemble,,GM Factory Zero,cumulativo,3,7,21,11.27828824981416,14.013275669875933,0.07012947906357384,0.9468454668913266
monthly_6,mensal,teste_2024,DilatedRNN,ensemble,,GM Factory Zero,lead_exato,3,7,7,9.13297283847643,12.317423342147267,0.057110081779378735,0.9068583236649689
monthly_6,mensal,teste_2024,DilatedRNN,ensemble,,GM Factory Zero,cumulativo,6,7,42,12.013507141442231,14.949040231781991,0.07586495180308638,0.9450056179626266
monthly_6,mensal,teste_2024,DilatedRNN,ensemble,,GM Factory Zero,lead_exato,6,7,7,13.074201602524965,16.188872442510995,0.09629626642114099,0.958743690795111
monthly_6,mensal,teste_2024,DilatedRNN,ensemble,,Hyundai Metaplant Georgia,cumulativo,1,7,7,10.72714381550544,16.436848258540874,0.07574639767949534,0.912669523760105
monthly_6,mensal,teste_2024,DilatedRNN,ensemble,,Hyundai Metaplant Georgia,lead_exato,1,7,7,10.72714381550544,16.436848258540874,0.07574639767949534,0.912669523760105
monthly_6,mensal,teste_2024,DilatedRNN,ensemble,,Hyundai Metaplant Georgia,cumulativo,3,7,21,12.341832204888728,17.399218871885072,0.07615632795948603,0.8568309974860057
monthly_6,mensal,teste_2024,DilatedRNN,ensemble,,Hyundai Metaplant Georgia,lead_exato,3,7,7,14.966600607704711,19.146064777584208,0.08106986458581898,0.7091243118298091
monthly_6,mensal,teste_2024,DilatedRNN,ensemble,,Hyundai Metaplant Georgia,cumulativo,6,7,42,14.276778686438584,18.069062748944066,0.08102098739065917,0.8593670074916875
monthly_6,mensal,teste_2024,DilatedRNN,ensemble,,Hyundai Metaplant Georgia,lead_exato,6,7,7,14.872602122379098,17.091600138798388,0.08609789292805713,0.9043896506500448
monthly_6,mensal,teste_2024,DilatedRNN,ensemble,,Lucid AMP 1 Casa Grande,cumulativo,1,7,7,14.226618938721263,16.272883548963527,0.06079100175666711,0.957082587387147
monthly_6,mensal,teste_2024,DilatedRNN,ensemble,,Lucid AMP 1 Casa Grande,lead_exato,1,7,7,14.226618938721263,16.272883548963527,0.06079100175666711,0.957082587387147
monthly_6,mensal,teste_2024,DilatedRNN,ensemble,,Lucid AMP 1 Casa Grande,cumulativo,3,7,21,14.486232366806545,15.988635276201066,0.05586723629253997,0.9336879953872886
monthly_6,mensal,teste_2024,DilatedRNN,ensemble,,Lucid AMP 1 Casa Grande,lead_exato,3,7,7,15.223217835565189,16.350147548193668,0.05405719529952205,0.8106814143400412
monthly_6,mensal,teste_2024,DilatedRNN,ensemble,,Lucid AMP 1 Casa Grande,cumulativo,6,7,42,13.447610737745558,15.09876837935725,0.05372528400150387,0.9415443953355412
monthly_6,mensal,teste_2024,DilatedRNN,ensemble,,Lucid AMP 1 Casa Grande,lead_exato,6,7,7,10.315365207396095,12.591812907397365,0.05060967704856213,0.9669692223041986
monthly_6,mensal,teste_2024,DilatedRNN,ensemble,,Rivian Normal,cumulativo,1,7,7,14.18040634726564,17.08833976577238,0.08566057488131686,0.9448214675016439
monthly_6,mensal,teste_2024,DilatedRNN,ensemble,,Rivian Normal,lead_exato,1,7,7,14.18040634726564,17.08833976577238,0.08566057488131686,0.9448214675016439
monthly_6,mensal,teste_2024,DilatedRNN,ensemble,,Rivian Normal,cumulativo,3,7,21,15.908340936414263,18.22421447940994,0.08284876684790474,0.8997285648495081
monthly_6,mensal,teste_2024,DilatedRNN,ensemble,,Rivian Normal,lead_exato,3,7,7,15.265010831753951,16.118168391396882,0.0687606694429988,0.8318124648549424
monthly_6,mensal,teste_2024,DilatedRNN,ensemble,,Rivian Normal,cumulativo,6,7,42,17.24129210216739,19.868565181594175,0.09185260946436993,0.9031771096848726
monthly_6,mensal,teste_2024,DilatedRNN,ensemble,,Rivian Normal,lead_exato,6,7,7,16.61147687647243,20.224752831273616,0.10777895335772901,0.9415701903880284
monthly_6,mensal,teste_2024,DilatedRNN,ensemble,,Tesla Fremont Factory,cumulativo,1,7,7,12.07306298973508,13.585535059812539,0.05606625960601561,0.9812286117442027
monthly_6,mensal,teste_2024,DilatedRNN,ensemble,,Tesla Fremont Factory,lead_exato,1,7,7,12.07306298973508,13.585535059812539,0.05606625960601561,0.9812286117442027
monthly_6,mensal,teste_2024,DilatedRNN,ensemble,,Tesla Fremont Factory,cumulativo,3,7,21,10.207349469729754,12.174658708308993,0.045403004559139405,0.9777768520709682
monthly_6,mensal,teste_2024,DilatedRNN,ensemble,,Tesla Fremont Factory,lead_exato,3,7,7,6.898533064087571,9.081402487264045,0.03133455056331677,0.971359894429471
monthly_6,mensal,teste_2024,DilatedRNN,ensemble,,Tesla Fremont Factory,cumulativo,6,7,42,8.963080431852621,11.017173109597403,0.04137560118738957,0.9818835909216306
monthly_6,mensal,teste_2024,DilatedRNN,ensemble,,Tesla Fremont Factory,lead_exato,6,7,7,7.125003966670099,8.90227578768998,0.037937676575415455,0.9914545219519623
monthly_6,mensal,teste_2024,DilatedRNN,ensemble,,Tesla Gigafactory Nevada,cumulativo,1,7,7,14.287506006657994,15.759464255257233,0.0639429594989913,0.9733200924255797
monthly_6,mensal,teste_2024,DilatedRNN,ensemble,,Tesla Gigafactory Nevada,lead_exato,1,7,7,14.287506006657994,15.759464255257233,0.0639429594989913,0.9733200924255797
monthly_6,mensal,teste_2024,DilatedRNN,ensemble,,Tesla Gigafactory Nevada,cumulativo,3,7,21,13.36074491260824,14.975526131834513,0.05515308693792593,0.9639494214668214
monthly_6,mensal,teste_2024,DilatedRNN,ensemble,,Tesla Gigafactory Nevada,lead_exato,3,7,7,11.504848547726706,13.529933904198932,0.04637660035350932,0.9336893854416776
monthly_6,mensal,teste_2024,DilatedRNN,ensemble,,Tesla Gigafactory Nevada,cumulativo,6,7,42,11.722349409536966,13.69972647957215,0.05129339942784799,0.9716723455572422
monthly_6,mensal,teste_2024,DilatedRNN,ensemble,,Tesla Gigafactory Nevada,lead_exato,6,7,7,9.714222849913089,11.06041769990147,0.04772646220747106,0.9866376404014845
monthly_6,mensal,teste_2024,DilatedRNN,ensemble,,Tesla Gigafactory Texas,cumulativo,1,7,7,16.116374044029417,20.317475715508287,0.09518015834531873,0.8586902219627582
monthly_6,mensal,teste_2024,DilatedRNN,ensemble,,Tesla Gigafactory Texas,lead_exato,1,7,7,16.116374044029417,20.317475715508287,0.09518015834531873,0.8586902219627582
monthly_6,mensal,teste_2024,DilatedRNN,ensemble,,Tesla Gigafactory Texas,cumulativo,3,7,21,15.345256946973052,18.918264193622864,0.08152093471711937,0.8496620678601694
monthly_6,mensal,teste_2024,DilatedRNN,ensemble,,Tesla Gigafactory Texas,lead_exato,3,7,7,14.16756341960315,17.418108086848996,0.07040355430251344,0.7705236115700025
monthly_6,mensal,teste_2024,DilatedRNN,ensemble,,Tesla Gigafactory Texas,cumulativo,6,7,42,15.871203854516791,19.14182331277176,0.08116371470591317,0.851129025363729
monthly_6,mensal,teste_2024,DilatedRNN,ensemble,,Tesla Gigafactory Texas,lead_exato,6,7,7,13.117653356325864,15.84557955759389,0.07022868654664549,0.9391091662003359
