data_alvo,Localidade,Modelo,seed,y_wm2,y_pred_wm2
2024-01-31,BYD Camacari,Persistencia,-1,263.2258064516129,278.7258064516129
2024-01-31,Tesla Gigafactory Nevada,Persistencia,-1,93.5994623655914,91.38844086021506
2024-01-31,Tesla Gigafactory Texas,Persistencia,-1,133.8051075268817,133.0
2024-01-31,Hyundai Metaplant Georgia,Persistencia,-1,128.3319892473118,107.97983870967742
2024-01-31,Rivian Normal,Persistencia,-1,66.06854838709677,55.009408602150536
2024-01-31,Tesla Fremont Factory,Persistencia,-1,90.82392473118279,89.71236559139786
2024-01-31,Lucid AMP 1 Casa Grande,Persistencia,-1,137.9798387096774,134.58064516129033
2024-01-31,GM Factory Zero,Persistencia,-1,42.969086021505376,38.368279569892465
2024-01-31,Ford Rouge Electric Vehicle Center,Persistencia,-1,41.924731182795696,37.725806451612904
2024-01-31,BMW San Luis Potosi,Persistencia,-1,183.4516129032258,134.58064516129033
2024-02-29,BYD Camacari,Persistencia,-1,250.05172413793105,263.2258064516129
2024-02-29,Tesla Gigafactory Nevada,Persistencia,-1,140.06896551724137,93.5994623655914
2024-02-29,Tesla Gigafactory Texas,Persistencia,-1,158.33908045977012,133.8051075268817
2024-02-29,Hyundai Metaplant Georgia,Persistencia,-1,153.75574712643677,128.3319892473118
2024-02-29,Rivian Normal,Persistencia,-1,147.78735632183907,66.06854838709677
2024-02-29,Tesla Fremont Factory,Persistencia,-1,126.60632183908045,90.82392473118279
2024-02-29,Lucid AMP 1 Casa Grande,Persistencia,-1,176.53879310344828,137.9798387096774
2024-02-29,GM Factory Zero,Persistencia,-1,114.36637931034483,42.969086021505376
2024-02-29,Ford Rouge Electric Vehicle Center,Persistencia,-1,114.98132183908045,41.924731182795696
2024-02-29,BMW San Luis Potosi,Persistencia,-1,230.89511494252872,183.4516129032258
2024-03-31,BYD Camacari,Persistencia,-1,266.5255376344086,250.05172413793105
2024-03-31,Tesla Gigafactory Nevada,Persistencia,-1,192.7016129032258,140.06896551724137
2024-03-31,Tesla Gigafactory Texas,Persistencia,-1,188.81854838709677,158.33908045977012
2024-03-31,Hyundai Metaplant Georgia,Persistencia,-1,187.87231182795696,153.75574712643677
2024-03-31,Rivian Normal,Persistencia,-1,173.11693548387098,147.78735632183907
2024-03-31,Tesla Fremont Factory,Persistencia,-1,189.37231182795696,126.60632183908045
2024-03-31,Lucid AMP 1 Casa Grande,Persistencia,-1,233.08602150537632,176.53879310344828
2024-03-31,GM Factory Zero,Persistencia,-1,134.98387096774192,114.36637931034483
2024-03-31,Ford Rouge Electric Vehicle Center,Persistencia,-1,135.19220430107526,114.98132183908045
2024-03-31,BMW San Luis Potosi,Persistencia,-1,295.6760752688172,230.89511494252872
2024-04-30,BYD Camacari,Persistencia,-1,184.0097222222222,266.5255376344086
2024-04-30,Tesla Gigafactory Nevada,Persistencia,-1,278.4597222222222,192.7016129032258
2024-04-30,Tesla Gigafactory Texas,Persistencia,-1,216.54722222222225,188.81854838709677
2024-04-30,Hyundai Metaplant Georgia,Persistencia,-1,263.20138888888886,187.87231182795696
2024-04-30,Rivian Normal,Persistencia,-1,193.85833333333332,173.11693548387098
2024-04-30,Tesla Fremont Factory,Persistencia,-1,268.85,189.37231182795696
2024-04-30,Lucid AMP 1 Casa Grande,Persistencia,-1,319.31111111111113,233.08602150537632
2024-04-30,GM Factory Zero,Persistencia,-1,204.275,134.98387096774192
2024-04-30,Ford Rouge Electric Vehicle Center,Persistencia,-1,201.80972222222223,135.19220430107526
2024-04-30,BMW San Luis Potosi,Persistencia,-1,316.1097222222222,295.6760752688172
2024-05-31,BYD Camacari,Persistencia,-1,190.63709677419354,184.0097222222222
2024-05-31,Tesla Gigafactory Nevada,Persistencia,-1,338.80779569892474,278.4597222222222
2024-05-31,Tesla Gigafactory Texas,Persistencia,-1,229.73655913978493,216.54722222222225
2024-05-31,Hyundai Metaplant Georgia,Persistencia,-1,257.39381720430106,263.20138888888886
2024-05-31,Rivian Normal,Persistencia,-1,264.4139784946237,193.85833333333332
2024-05-31,Tesla Fremont Factory,Persistencia,-1,329.3817204301075,268.85
2024-05-31,Lucid AMP 1 Casa Grande,Persistencia,-1,350.38440860215053,319.31111111111113
2024-05-31,GM Factory Zero,Persistencia,-1,249.9543010752688,204.275
2024-05-31,Ford Rouge Electric Vehicle Center,Persistencia,-1,252.0793010752688,201.80972222222223
2024-05-31,BMW San Luis Potosi,Persistencia,-1,320.3938172043011,316.1097222222222
2024-06-30,BYD Camacari,Persistencia,-1,180.60694444444442,190.63709677419354
2024-06-30,Tesla Gigafactory Nevada,Persistencia,-1,351.66805555555555,338.80779569892474
2024-06-30,Tesla Gigafactory Texas,Persistencia,-1,297.1555555555555,229.73655913978493
2024-06-30,Hyundai Metaplant Georgia,Persistencia,-1,283.19305555555553,257.39381720430106
2024-06-30,Rivian Normal,Persistencia,-1,280.38194444444446,264.4139784946237
2024-06-30,Tesla Fremont Factory,Persistencia,-1,351.7125,329.3817204301075
2024-06-30,Lucid AMP 1 Casa Grande,Persistencia,-1,331.58194444444445,350.38440860215053
2024-06-30,GM Factory Zero,Persistencia,-1,248.35,249.9543010752688
2024-06-30,Ford Rouge Electric Vehicle Center,Persistencia,-1,250.30694444444444,252.0793010752688
2024-06-30,BMW San Luis Potosi,Persistencia,-1,274.2277777777778,320.3938172043011
2024-07-31,BYD Camacari,Persistencia,-1,203.36559139784944,180.60694444444442
2024-07-31,Tesla Gigafactory Nevada,Persistencia,-1,329.9233870967742,351.66805555555555
2024-07-31,Tesla Gigafactory Texas,Persistencia,-1,269.8413978494624,297.1555555555555
2024-07-31,Hyundai Metaplant Georgia,Persistencia,-1,245.24059139784944,283.19305555555553
2024-07-31,Rivian Normal,Persistencia,-1,270.79569892473114,280.38194444444446
2024-07-31,Tesla Fremont Factory,Persistencia,-1,339.43817204301075,351.7125
2024-07-31,Lucid AMP 1 Casa Grande,Persistencia,-1,324.9180107526882,331.58194444444445
2024-07-31,GM Factory Zero,Persistencia,-1,255.46505376344084,248.35
2024-07-31,Ford Rouge Electric Vehicle Center,Persistencia,-1,255.49193548387098,250.30694444444444
2024-07-31,BMW San Luis Potosi,Persistencia,-1,240.14650537634407,274.2277777777778
2024-08-31,BYD Camacari,Persistencia,-1,224.1491935483871,203.36559139784944
2024-08-31,Tesla Gigafactory Nevada,Persistencia,-1,303.0147849462366,329.9233870967742
2024-08-31,Tesla Gigafactory Texas,Persistencia,-1,286.88440860215053,269.8413978494624
2024-08-31,Hyundai Metaplant Georgia,Persistencia,-1,234.99193548387098,245.24059139784944
2024-08-31,Rivian Normal,Persistencia,-1,251.71774193548387,270.79569892473114
2024-08-31,Tesla Fremont Factory,Persistencia,-1,300.78629032258067,339.43817204301075
2024-08-31,Lucid AMP 1 Casa Grande,Persistencia,-1,283.14516129032256,324.9180107526882
2024-08-31,GM Factory Zero,Persistencia,-1,228.71236559139783,255.46505376344084
2024-08-31,Ford Rouge Electric Vehicle Center,Persistencia,-1,227.54973118279568,255.49193548387098
2024-08-31,BMW San Luis Potosi,Persistencia,-1,270.51747311827955,240.14650537634407
2024-09-30,BYD Camacari,Persistencia,-1,248.18888888888887,224.1491935483871
2024-09-30,Tesla Gigafactory Nevada,Persistencia,-1,247.60833333333332,303.0147849462366
2024-09-30,Tesla Gigafactory Texas,Persistencia,-1,242.84305555555554,286.88440860215053
2024-09-30,Hyundai Metaplant Georgia,Persistencia,-1,181.27916666666667,234.99193548387098
2024-09-30,Rivian Normal,Persistencia,-1,206.58333333333334,251.71774193548387
2024-09-30,Tesla Fremont Factory,Persistencia,-1,249.20416666666668,300.78629032258067
2024-09-30,Lucid AMP 1 Casa Grande,Persistencia,-1,274.7944444444445,283.14516129032256
2024-09-30,GM Factory Zero,Persistencia,-1,188.0097222222222,228.71236559139783
2024-09-30,Ford Rouge Electric Vehicle Center,Persistencia,-1,189.1625,227.54973118279568
2024-09-30,BMW San Luis Potosi,Persistencia,-1,214.35277777777776,270.51747311827955
2024-10-31,BYD Camacari,Persistencia,-1,267.252688172043,248.18888888888887
2024-10-31,Tesla Gigafactory Nevada,Persistencia,-1,177.8709677419355,247.60833333333332
2024-10-31,Tesla Gigafactory Texas,Persistencia,-1,215.73655913978493,242.84305555555554
2024-10-31,Hyundai Metaplant Georgia,Persistencia,-1,191.76209677419354,181.27916666666667
2024-10-31,Rivian Normal,Persistencia,-1,167.65994623655914,206.58333333333334
2024-10-31,Tesla Fremont Factory,Persistencia,-1,190.11021505376343,249.20416666666668
2024-10-31,Lucid AMP 1 Casa Grande,Persistencia,-1,219.50134408602148,274.7944444444445
2024-10-31,GM Factory Zero,Persistencia,-1,146.7271505376344,188.0097222222222
2024-10-31,Ford Rouge Electric Vehicle Center,Persistencia,-1,147.20833333333331,189.1625
2024-10-31,BMW San Luis Potosi,Persistencia,-1,225.2016129032258,214.35277777777776
2024-11-30,BYD Camacari,Persistencia,-1,253.79722222222225,267.252688172043
2024-11-30,Tesla Gigafactory Nevada,Persistencia,-1,117.06805555555555,177.8709677419355
2024-11-30,Tesla Gigafactory Texas,Persistencia,-1,151.6361111111111,215.73655913978493
2024-11-30,Hyundai Metaplant Georgia,Persistencia,-1,128.38888888888889,191.76209677419354
2024-11-30,Rivian Normal,Persistencia,-1,75.10833333333333,167.65994623655914
2024-11-30,Tesla Fremont Factory,Persistencia,-1,119.65277777777779,190.11021505376343
2024-11-30,Lucid AMP 1 Casa Grande,Persistencia,-1,163.96944444444443,219.50134408602148
2024-11-30,GM Factory Zero,Persistencia,-1,64.27777777777777,146.7271505376344
2024-11-30,Ford Rouge Electric Vehicle Center,Persistencia,-1,66.01666666666667,147.20833333333331
2024-11-30,BMW San Luis Potosi,Persistencia,-1,215.38194444444443,225.2016129032258
2024-12-31,BYD Camacari,Persistencia,-1,302.8521505376344,253.79722222222225
2024-12-31,Tesla Gigafactory Nevada,Persistencia,-1,95.06854838709677,117.06805555555555
2024-12-31,Tesla Gigafactory Texas,Persistencia,-1,115.30107526881721,151.6361111111111
2024-12-31,Hyundai Metaplant Georgia,Persistencia,-1,124.73924731182795,128.38888888888889
2024-12-31,Rivian Normal,Persistencia,-1,61.30510752688172,75.10833333333333
2024-12-31,Tesla Fremont Factory,Persistencia,-1,91.68279569892472,119.65277777777779
2024-12-31,Lucid AMP 1 Casa Grande,Persistencia,-1,143.70698924731184,163.96944444444443
2024-12-31,GM Factory Zero,Persistencia,-1,45.26478494623656,64.27777777777777
2024-12-31,Ford Rouge Electric Vehicle Center,Persistencia,-1,43.62231182795699,66.01666666666667
2024-12-31,BMW San Luis Potosi,Persistencia,-1,187.47311827956986,215.38194444444443
2024-01-31,BYD Camacari,Sazonal ingenuo,-1,263.2258064516129,272.741935483871
2024-01-31,Tesla Gigafactory Nevada,Sazonal ingenuo,-1,93.5994623655914,94.42204301075269
2024-01-31,Tesla Gigafactory Texas,Sazonal ingenuo,-1,133.8051075268817,132.26344086021507
2024-01-31,Hyundai Metaplant Georgia,Sazonal ingenuo,-1,128.3319892473118,122.36021505376344
2024-01-31,Rivian Normal,Sazonal ingenuo,-1,66.06854838709677,50.153225806451616
2024-01-31,Tesla Fremont Factory,Sazonal ingenuo,-1,90.82392473118279,102.63306451612904
2024-01-31,Lucid AMP 1 Casa Grande,Sazonal ingenuo,-1,137.9798387096774,140.9771505376344
2024-01-31,GM Factory Zero,Sazonal ingenuo,-1,42.969086021505376,44.233870967741936
2024-01-31,Ford Rouge Electric Vehicle Center,Sazonal ingenuo,-1,41.924731182795696,43.7486559139785
2024-01-31,BMW San Luis Potosi,Sazonal ingenuo,-1,183.4516129032258,216.50672043010752
2024-02-29,BYD Camacari,Sazonal ingenuo,-1,250.05172413793105,280.67261904761904
2024-02-29,Tesla Gigafactory Nevada,Sazonal ingenuo,-1,140.06896551724137,144.13244047619045
2024-02-29,Tesla Gigafactory Texas,Sazonal ingenuo,-1,158.33908045977012,163.97023809523807
2024-02-29,Hyundai Metaplant Georgia,Sazonal ingenuo,-1,153.75574712643677,158.67857142857142
2024-02-29,Rivian Normal,Sazonal ingenuo,-1,147.78735632183907,118.40625
2024-02-29,Tesla Fremont Factory,Sazonal ingenuo,-1,126.60632183908045,139.61755952380952
2024-02-29,Lucid AMP 1 Casa Grande,Sazonal ingenuo,-1,176.53879310344828,184.67410714285714
2024-02-29,GM Factory Zero,Sazonal ingenuo,-1,114.36637931034483,108.57142857142857
2024-02-29,Ford Rouge Electric Vehicle Center,Sazonal ingenuo,-1,114.98132183908045,108.75892857142857
2024-02-29,BMW San Luis Potosi,Sazonal ingenuo,-1,230.89511494252872,247.31696428571428
2024-03-31,BYD Camacari,Sazonal ingenuo,-1,266.5255376344086,225.71236559139783
2024-03-31,Tesla Gigafactory Nevada,Sazonal ingenuo,-1,192.7016129032258,193.01478494623655
2024-03-31,Tesla Gigafactory Texas,Sazonal ingenuo,-1,188.81854838709677,184.3077956989247
2024-03-31,Hyundai Metaplant Georgia,Sazonal ingenuo,-1,187.87231182795696,202.5268817204301
2024-03-31,Rivian Normal,Sazonal ingenuo,-1,173.11693548387098,135.6008064516129
2024-03-31,Tesla Fremont Factory,Sazonal ingenuo,-1,189.37231182795696,176.94354838709677
2024-03-31,Lucid AMP 1 Casa Grande,Sazonal ingenuo,-1,233.08602150537632,224.21774193548387
2024-03-31,GM Factory Zero,Sazonal ingenuo,-1,134.98387096774192,142.9784946236559
2024-03-31,Ford Rouge Electric Vehicle Center,Sazonal ingenuo,-1,135.19220430107526,140.505376344086
2024-03-31,BMW San Luis Potosi,Sazonal ingenuo,-1,295.6760752688172,291.31182795698925
2024-04-30,BYD Camacari,Sazonal ingenuo,-1,184.0097222222222,215.32083333333333
2024-04-30,Tesla Gigafactory Nevada,Sazonal ingenuo,-1,278.4597222222222,284.5111111111111
2024-04-30,Tesla Gigafactory Texas,Sazonal ingenuo,-1,216.54722222222225,207.44444444444443
2024-04-30,Hyundai Metaplant Georgia,Sazonal ingenuo,-1,263.20138888888886,237.8986111111111
2024-04-30,Rivian Normal,Sazonal ingenuo,-1,193.85833333333332,217.76388888888886
2024-04-30,Tesla Fremont Factory,Sazonal ingenuo,-1,268.85,284.43194444444447
2024-04-30,Lucid AMP 1 Casa Grande,Sazonal ingenuo,-1,319.31111111111113,318.1652777777778
2024-04-30,GM Factory Zero,Sazonal ingenuo,-1,204.275,180.54166666666666
2024-04-30,Ford Rouge Electric Vehicle Center,Sazonal ingenuo,-1,201.80972222222223,180.12916666666666
2024-04-30,BMW San Luis Potosi,Sazonal ingenuo,-1,316.1097222222222,295.37083333333334
2024-05-31,BYD Camacari,Sazonal ingenuo,-1,190.63709677419354,154.84139784946237
2024-05-31,Tesla Gigafactory Nevada,Sazonal ingenuo,-1,338.80779569892474,280.56048387096774
2024-05-31,Tesla Gigafactory Texas,Sazonal ingenuo,-1,229.73655913978493,242.81048387096774
2024-05-31,Hyundai Metaplant Georgia,Sazonal ingenuo,-1,257.39381720430106,221.8010752688172
2024-05-31,Rivian Normal,Sazonal ingenuo,-1,264.4139784946237,269.4260752688172
2024-05-31,Tesla Fremont Factory,Sazonal ingenuo,-1,329.3817204301075,279.6236559139785
2024-05-31,Lucid AMP 1 Casa Grande,Sazonal ingenuo,-1,350.38440860215053,345.4516129032258
2024-05-31,GM Factory Zero,Sazonal ingenuo,-1,249.9543010752688,269.60483870967744
2024-05-31,Ford Rouge Electric Vehicle Center,Sazonal ingenuo,-1,252.0793010752688,266.57930107526886
2024-05-31,BMW San Luis Potosi,Sazonal ingenuo,-1,320.3938172043011,295.6357526881721
2024-06-30,BYD Camacari,Sazonal ingenuo,-1,180.60694444444442,175.79444444444442
2024-06-30,Tesla Gigafactory Nevada,Sazonal ingenuo,-1,351.66805555555555,323.075
2024-06-30,Tesla Gigafactory Texas,Sazonal ingenuo,-1,297.1555555555555,304.0222222222222
2024-06-30,Hyundai Metaplant Georgia,Sazonal ingenuo,-1,283.19305555555553,260.2722222222222
2024-06-30,Rivian Normal,Sazonal ingenuo,-1,280.38194444444446,287.35833333333335
2024-06-30,Tesla Fremont Factory,Sazonal ingenuo,-1,351.7125,327.93194444444447
2024-06-30,Lucid AMP 1 Casa Grande,Sazonal ingenuo,-1,331.58194444444445,361.47083333333336
2024-06-30,GM Factory Zero,Sazonal ingenuo,-1,248.35,262.05277777777775
2024-06-30,Ford Rouge Electric Vehicle Center,Sazonal ingenuo,-1,250.30694444444444,260.1194444444444
2024-06-30,BMW San Luis Potosi,Sazonal ingenuo,-1,274.2277777777778,329.8027777777778
2024-07-31,BYD Camacari,Sazonal ingenuo,-1,203.36559139784944,196.1518817204301
2024-07-31,Tesla Gigafactory Nevada,Sazonal ingenuo,-1,329.9233870967742,352.1357526881721
2024-07-31,Tesla Gigafactory Texas,Sazonal ingenuo,-1,269.8413978494624,307.84005376344084
2024-07-31,Hyundai Metaplant Georgia,Sazonal ingenuo,-1,245.24059139784944,265.1008064516129
2024-07-31,Rivian Normal,Sazonal ingenuo,-1,270.79569892473114,284.51209677419354
2024-07-31,Tesla Fremont Factory,Sazonal ingenuo,-1,339.43817204301075,349.3319892473118
2024-07-31,Lucid AMP 1 Casa Grande,Sazonal ingenuo,-1,324.9180107526882,329.3817204301075
2024-07-31,GM Factory Zero,Sazonal ingenuo,-1,255.46505376344084,250.5551075268817
2024-07-31,Ford Rouge Electric Vehicle Center,Sazonal ingenuo,-1,255.49193548387098,253.00672043010752
2024-07-31,BMW San Luis Potosi,Sazonal ingenuo,-1,240.14650537634407,283.63440860215053
2024-08-31,BYD Camacari,Sazonal ingenuo,-1,224.1491935483871,216.7271505376344
2024-08-31,Tesla Gigafactory Nevada,Sazonal ingenuo,-1,303.0147849462366,282.7204301075269
2024-08-31,Tesla Gigafactory Texas,Sazonal ingenuo,-1,286.88440860215053,304.0739247311828
2024-08-31,Hyundai Metaplant Georgia,Sazonal ingenuo,-1,234.99193548387098,247.22043010752688
2024-08-31,Rivian Normal,Sazonal ingenuo,-1,251.71774193548387,234.73790322580646
2024-08-31,Tesla Fremont Factory,Sazonal ingenuo,-1,300.78629032258067,300.43548387096774
2024-08-31,Lucid AMP 1 Casa Grande,Sazonal ingenuo,-1,283.14516129032256,280.9489247311828
2024-08-31,GM Factory Zero,Sazonal ingenuo,-1,228.71236559139783,225.0241935483871
2024-08-31,Ford Rouge Electric Vehicle Center,Sazonal ingenuo,-1,227.54973118279568,227.31586021505373
2024-08-31,BMW San Luis Potosi,Sazonal ingenuo,-1,270.51747311827955,251.01881720430106
2024-09-30,BYD Camacari,Sazonal ingenuo,-1,248.18888888888887,249.4
2024-09-30,Tesla Gigafactory Nevada,Sazonal ingenuo,-1,247.60833333333332,235.40555555555557
2024-09-30,Tesla Gigafactory Texas,Sazonal ingenuo,-1,242.84305555555554,247.01805555555555
2024-09-30,Hyundai Metaplant Georgia,Sazonal ingenuo,-1,181.27916666666667,217.825
2024-09-30,Rivian Normal,Sazonal ingenuo,-1,206.58333333333334,190.99444444444444
2024-09-30,Tesla Fremont Factory,Sazonal ingenuo,-1,249.20416666666668,235.31527777777777
2024-09-30,Lucid AMP 1 Casa Grande,Sazonal ingenuo,-1,274.7944444444445,257.46944444444443
2024-09-30,GM Factory Zero,Sazonal ingenuo,-1,188.0097222222222,165.61944444444444
2024-09-30,Ford Rouge Electric Vehicle Center,Sazonal ingenuo,-1,189.1625,164.11666666666667
2024-09-30,BMW San Luis Potosi,Sazonal ingenuo,-1,214.35277777777776,277.8208333333333
2024-10-31,BYD Camacari,Sazonal ingenuo,-1,267.252688172043,290.13709677419354
2024-10-31,Tesla Gigafactory Nevada,Sazonal ingenuo,-1,177.8709677419355,180.96505376344084
2024-10-31,Tesla Gigafactory Texas,Sazonal ingenuo,-1,215.73655913978493,171.8252688172043
2024-10-31,Hyundai Metaplant Georgia,Sazonal ingenuo,-1,191.76209677419354,182.94086021505373
2024-10-31,Rivian Normal,Sazonal ingenuo,-1,167.65994623655914,124.81182795698925
2024-10-31,Tesla Fremont Factory,Sazonal ingenuo,-1,190.11021505376343,187.42069892473117
2024-10-31,Lucid AMP 1 Casa Grande,Sazonal ingenuo,-1,219.50134408602148,223.7782258064516
2024-10-31,GM Factory Zero,Sazonal ingenuo,-1,146.7271505376344,104.24731182795698
2024-10-31,Ford Rouge Electric Vehicle Center,Sazonal ingenuo,-1,147.20833333333331,104.48387096774194
2024-10-31,BMW San Luis Potosi,Sazonal ingenuo,-1,225.2016129032258,193.1021505376344
2024-11-30,BYD Camacari,Sazonal ingenuo,-1,253.79722222222225,291.5152777777778
2024-11-30,Tesla Gigafactory Nevada,Sazonal ingenuo,-1,117.06805555555555,119.66388888888888
2024-11-30,Tesla Gigafactory Texas,Sazonal ingenuo,-1,151.6361111111111,119.99444444444444
2024-11-30,Hyundai Metaplant Georgia,Sazonal ingenuo,-1,128.38888888888889,126.32222222222222
2024-11-30,Rivian Normal,Sazonal ingenuo,-1,75.10833333333333,110.32777777777778
2024-11-30,Tesla Fremont Factory,Sazonal ingenuo,-1,119.65277777777779,128.7625
2024-11-30,Lucid AMP 1 Casa Grande,Sazonal ingenuo,-1,163.96944444444443,163.51944444444445
2024-11-30,GM Factory Zero,Sazonal ingenuo,-1,64.27777777777777,81.25694444444444
2024-11-30,Ford Rouge Electric Vehicle Center,Sazonal ingenuo,-1,66.01666666666667,81.2861111111111
2024-11-30,BMW San Luis Potosi,Sazonal ingenuo,-1,215.38194444444443,191.13333333333333
2024-12-31,BYD Camacari,Sazonal ingenuo,-1,302.8521505376344,278.7258064516129
2024-12-31,Tesla Gigafactory Nevada,Sazonal ingenuo,-1,95.06854838709677,91.38844086021506
2024-12-31,Tesla Gigafactory Texas,Sazonal ingenuo,-1,115.30107526881721,133.0
2024-12-31,Hyundai Metaplant Georgia,Sazonal ingenuo,-1,124.73924731182795,107.97983870967742
2024-12-31,Rivian Normal,Sazonal ingenuo,-1,61.30510752688172,55.009408602150536
2024-12-31,Tesla Fremont Factory,Sazonal ingenuo,-1,91.68279569892472,89.71236559139786
2024-12-31,Lucid AMP 1 Casa Grande,Sazonal ingenuo,-1,143.70698924731184,134.58064516129033
2024-12-31,GM Factory Zero,Sazonal ingenuo,-1,45.26478494623656,38.368279569892465
2024-12-31,Ford Rouge Electric Vehicle Center,Sazonal ingenuo,-1,43.62231182795699,37.725806451612904
2024-12-31,BMW San Luis Potosi,Sazonal ingenuo,-1,187.47311827956986,134.58064516129033
2024-01-31,BYD Camacari,Climatologia,-1,263.2258064516129,262.0070564516129
2024-01-31,Tesla Gigafactory Nevada,Climatologia,-1,93.5994623655914,105.14314516129032
2024-01-31,Tesla Gigafactory Texas,Climatologia,-1,133.8051075268817,132.99092741935482
2024-01-31,Hyundai Metaplant Georgia,Climatologia,-1,128.3319892473118,120.91666666666667
2024-01-31,Rivian Normal,Climatologia,-1,66.06854838709677,72.91868279569893
2024-01-31,Tesla Fremont Factory,Climatologia,-1,90.82392473118279,105.39448924731184
2024-01-31,Lucid AMP 1 Casa Grande,Climatologia,-1,137.9798387096774,147.7486559139785
2024-01-31,GM Factory Zero,Climatologia,-1,42.969086021505376,58.621303763440864
2024-01-31,Ford Rouge Electric Vehicle Center,Climatologia,-1,41.924731182795696,58.11928763440861
2024-01-31,BMW San Luis Potosi,Climatologia,-1,183.4516129032258,199.2610887096774
2024-02-29,BYD Camacari,Climatologia,-1,250.05172413793105,263.0959308292282
2024-02-29,Tesla Gigafactory Nevada,Climatologia,-1,140.06896551724137,158.32512315270935
2024-02-29,Tesla Gigafactory Texas,Climatologia,-1,158.33908045977012,157.01438064449917
2024-02-29,Hyundai Metaplant Georgia,Climatologia,-1,153.75574712643677,147.770871818555
2024-02-29,Rivian Normal,Climatologia,-1,147.78735632183907,123.92014316502463
2024-02-29,Tesla Fremont Factory,Climatologia,-1,126.60632183908045,164.04932522577997
2024-02-29,Lucid AMP 1 Casa Grande,Climatologia,-1,176.53879310344828,195.56647680623973
2024-02-29,GM Factory Zero,Climatologia,-1,114.36637931034483,115.89510211412151
2024-02-29,Ford Rouge Electric Vehicle Center,Climatologia,-1,114.98132183908045,115.34788074712644
2024-02-29,BMW San Luis Potosi,Climatologia,-1,230.89511494252872,243.07553366174054
2024-03-31,BYD Camacari,Climatologia,-1,266.5255376344086,240.06216397849462
2024-03-31,Tesla Gigafactory Nevada,Climatologia,-1,192.7016129032258,207.5225134408602
2024-03-31,Tesla Gigafactory Texas,Climatologia,-1,188.81854838709677,189.86559139784947
2024-03-31,Hyundai Metaplant Georgia,Climatologia,-1,187.87231182795696,197.63037634408602
2024-03-31,Rivian Normal,Climatologia,-1,173.11693548387098,140.80981182795696
2024-03-31,Tesla Fremont Factory,Climatologia,-1,189.37231182795696,194.80712365591398
2024-03-31,Lucid AMP 1 Casa Grande,Climatologia,-1,233.08602150537632,238.27049731182797
2024-03-31,GM Factory Zero,Climatologia,-1,134.98387096774192,146.54569892473117
2024-03-31,Ford Rouge Electric Vehicle Center,Climatologia,-1,135.19220430107526,144.96236559139783
2024-03-31,BMW San Luis Potosi,Climatologia,-1,295.6760752688172,293.46774193548384
2024-04-30,BYD Camacari,Climatologia,-1,184.0097222222222,206.2704861111111
2024-04-30,Tesla Gigafactory Nevada,Climatologia,-1,278.4597222222222,282.76701388888887
2024-04-30,Tesla Gigafactory Texas,Climatologia,-1,216.54722222222225,215.74618055555555
2024-04-30,Hyundai Metaplant Georgia,Climatologia,-1,263.20138888888886,252.09305555555557
2024-04-30,Rivian Normal,Climatologia,-1,193.85833333333332,206.53541666666666
2024-04-30,Tesla Fremont Factory,Climatologia,-1,268.85,274.34270833333335
2024-04-30,Lucid AMP 1 Casa Grande,Climatologia,-1,319.31111111111113,314.0684027777778
2024-04-30,GM Factory Zero,Climatologia,-1,204.275,180.4347222222222
2024-04-30,Ford Rouge Electric Vehicle Center,Climatologia,-1,201.80972222222223,178.4638888888889
2024-04-30,BMW San Luis Potosi,Climatologia,-1,316.1097222222222,309.2395833333333
2024-05-31,BYD Camacari,Climatologia,-1,190.63709677419354,171.63440860215053
2024-05-31,Tesla Gigafactory Nevada,Climatologia,-1,338.80779569892474,313.02016129032256
2024-05-31,Tesla Gigafactory Texas,Climatologia,-1,229.73655913978493,259.1639784946237
2024-05-31,Hyundai Metaplant Georgia,Climatologia,-1,257.39381720430106,265.908938172043
2024-05-31,Rivian Normal,Climatologia,-1,264.4139784946237,232.61491935483872
2024-05-31,Tesla Fremont Factory,Climatologia,-1,329.3817204301075,314.7120295698925
2024-05-31,Lucid AMP 1 Casa Grande,Climatologia,-1,350.38440860215053,350.161626344086
2024-05-31,GM Factory Zero,Climatologia,-1,249.9543010752688,242.71875
2024-05-31,Ford Rouge Electric Vehicle Center,Climatologia,-1,252.0793010752688,240.94724462365593
2024-05-31,BMW San Luis Potosi,Climatologia,-1,320.3938172043011,310.26243279569894
2024-06-30,BYD Camacari,Climatologia,-1,180.60694444444442,177.5065972222222
2024-06-30,Tesla Gigafactory Nevada,Climatologia,-1,351.66805555555555,339.53680555555553
2024-06-30,Tesla Gigafactory Texas,Climatologia,-1,297.1555555555555,298.33854166666663
2024-06-30,Hyundai Metaplant Georgia,Climatologia,-1,283.19305555555553,263.165625
2024-06-30,Rivian Normal,Climatologia,-1,280.38194444444446,281.0076388888889
2024-06-30,Tesla Fremont Factory,Climatologia,-1,351.7125,343.9236111111111
2024-06-30,Lucid AMP 1 Casa Grande,Climatologia,-1,331.58194444444445,350.09236111111113
2024-06-30,GM Factory Zero,Climatologia,-1,248.35,279.37291666666664
2024-06-30,Ford Rouge Electric Vehicle Center,Climatologia,-1,250.30694444444444,276.92465277777774
2024-06-30,BMW San Luis Potosi,Climatologia,-1,274.2277777777778,291.8927083333333
2024-07-31,BYD Camacari,Climatologia,-1,203.36559139784944,185.78158602150538
2024-07-31,Tesla Gigafactory Nevada,Climatologia,-1,329.9233870967742,339.6992607526882
2024-07-31,Tesla Gigafactory Texas,Climatologia,-1,269.8413978494624,296.4815188172043
2024-07-31,Hyundai Metaplant Georgia,Climatologia,-1,245.24059139784944,260.33904569892474
2024-07-31,Rivian Normal,Climatologia,-1,270.79569892473114,268.5127688172043
2024-07-31,Tesla Fremont Factory,Climatologia,-1,339.43817204301075,341.252688172043
2024-07-31,Lucid AMP 1 Casa Grande,Climatologia,-1,324.9180107526882,306.40793010752685
2024-07-31,GM Factory Zero,Climatologia,-1,255.46505376344084,261.8326612903226
2024-07-31,Ford Rouge Electric Vehicle Center,Climatologia,-1,255.49193548387098,260.79502688172045
2024-07-31,BMW San Luis Potosi,Climatologia,-1,240.14650537634407,278.51344086021504
2024-08-31,BYD Camacari,Climatologia,-1,224.1491935483871,215.84274193548384
2024-08-31,Tesla Gigafactory Nevada,Climatologia,-1,303.0147849462366,288.0157930107527
2024-08-31,Tesla Gigafactory Texas,Climatologia,-1,286.88440860215053,278.6690188172043
2024-08-31,Hyundai Metaplant Georgia,Climatologia,-1,234.99193548387098,232.8138440860215
2024-08-31,Rivian Normal,Climatologia,-1,251.71774193548387,244.67943548387095
2024-08-31,Tesla Fremont Factory,Climatologia,-1,300.78629032258067,297.8141801075269
2024-08-31,Lucid AMP 1 Casa Grande,Climatologia,-1,283.14516129032256,289.1720430107527
2024-08-31,GM Factory Zero,Climatologia,-1,228.71236559139783,232.67237903225805
2024-08-31,Ford Rouge Electric Vehicle Center,Climatologia,-1,227.54973118279568,233.35114247311827
2024-08-31,BMW San Luis Potosi,Climatologia,-1,270.51747311827955,261.64012096774195
2024-09-30,BYD Camacari,Climatologia,-1,248.18888888888887,244.35868055555557
2024-09-30,Tesla Gigafactory Nevada,Climatologia,-1,247.60833333333332,243.42534722222223
2024-09-30,Tesla Gigafactory Texas,Climatologia,-1,242.84305555555554,235.71006944444446
2024-09-30,Hyundai Metaplant Georgia,Climatologia,-1,181.27916666666667,207.19270833333331
2024-09-30,Rivian Normal,Climatologia,-1,206.58333333333334,197.7458333333333
2024-09-30,Tesla Fremont Factory,Climatologia,-1,249.20416666666668,241.51493055555554
2024-09-30,Lucid AMP 1 Casa Grande,Climatologia,-1,274.7944444444445,256.5288194444445
2024-09-30,GM Factory Zero,Climatologia,-1,188.0097222222222,179.33090277777777
2024-09-30,Ford Rouge Electric Vehicle Center,Climatologia,-1,189.1625,179.0125
2024-09-30,BMW San Luis Potosi,Climatologia,-1,214.35277777777776,237.87534722222222
2024-10-31,BYD Camacari,Climatologia,-1,267.252688172043,270.3672715053764
2024-10-31,Tesla Gigafactory Nevada,Climatologia,-1,177.8709677419355,182.66364247311827
2024-10-31,Tesla Gigafactory Texas,Climatologia,-1,215.73655913978493,191.83803763440858
2024-10-31,Hyundai Metaplant Georgia,Climatologia,-1,191.76209677419354,180.7086693548387
2024-10-31,Rivian Normal,Climatologia,-1,167.65994623655914,126.85114247311827
2024-10-31,Tesla Fremont Factory,Climatologia,-1,190.11021505376343,182.7993951612903
2024-10-31,Lucid AMP 1 Casa Grande,Climatologia,-1,219.50134408602148,216.44926075268813
2024-10-31,GM Factory Zero,Climatologia,-1,146.7271505376344,112.2940188172043
2024-10-31,Ford Rouge Electric Vehicle Center,Climatologia,-1,147.20833333333331,112.8309811827957
2024-10-31,BMW San Luis Potosi,Climatologia,-1,225.2016129032258,219.9532930107527
2024-11-30,BYD Camacari,Climatologia,-1,253.79722222222225,250.178125
2024-11-30,Tesla Gigafactory Nevada,Climatologia,-1,117.06805555555555,124.78854166666667
2024-11-30,Tesla Gigafactory Texas,Climatologia,-1,151.6361111111111,135.58124999999998
2024-11-30,Hyundai Metaplant Georgia,Climatologia,-1,128.38888888888889,132.60729166666667
2024-11-30,Rivian Normal,Climatologia,-1,75.10833333333333,97.53993055555556
2024-11-30,Tesla Fremont Factory,Climatologia,-1,119.65277777777779,130.359375
2024-11-30,Lucid AMP 1 Casa Grande,Climatologia,-1,163.96944444444443,163.16736111111112
2024-11-30,GM Factory Zero,Climatologia,-1,64.27777777777777,79.7232638888889
2024-11-30,Ford Rouge Electric Vehicle Center,Climatologia,-1,66.01666666666667,80.01493055555555
2024-11-30,BMW San Luis Potosi,Climatologia,-1,215.38194444444443,204.22291666666666
2024-12-31,BYD Camacari,Climatologia,-1,302.8521505376344,266.7483198924731
2024-12-31,Tesla Gigafactory Nevada,Climatologia,-1,95.06854838709677,91.80813172043011
2024-12-31,Tesla Gigafactory Texas,Climatologia,-1,115.30107526881721,119.22143817204301
2024-12-31,Hyundai Metaplant Georgia,Climatologia,-1,124.73924731182795,112.84643817204301
2024-12-31,Rivian Normal,Climatologia,-1,61.30510752688172,62.22883064516129
2024-12-31,Tesla Fremont Factory,Climatologia,-1,91.68279569892472,90.14751344086022
2024-12-31,Lucid AMP 1 Casa Grande,Climatologia,-1,143.70698924731184,131.66666666666666
2024-12-31,GM Factory Zero,Climatologia,-1,45.26478494623656,41.92204301075269
2024-12-31,Ford Rouge Electric Vehicle Center,Climatologia,-1,43.62231182795699,41.329301075268816
2024-12-31,BMW San Luis Potosi,Climatologia,-1,187.47311827956986,180.7557123655914
2024-01-31,BYD Camacari,XGBoost,11,263.2258064516129,268.7353241289015
2024-01-31,Tesla Gigafactory Nevada,XGBoost,11,93.5994623655914,106.9749939734667
2024-01-31,Tesla Gigafactory Texas,XGBoost,11,133.8051075268817,125.98205648576942
2024-01-31,Hyundai Metaplant Georgia,XGBoost,11,128.3319892473118,121.38770633881852
2024-01-31,Rivian Normal,XGBoost,11,66.06854838709677,74.88666788749998
2024-01-31,Tesla Fremont Factory,XGBoost,11,90.82392473118279,101.3828301233897
2024-01-31,Lucid AMP 1 Casa Grande,XGBoost,11,137.9798387096774,143.2420470527954
2024-01-31,GM Factory Zero,XGBoost,11,42.969086021505376,70.60365927478826
2024-01-31,Ford Rouge Electric Vehicle Center,XGBoost,11,41.924731182795696,70.20983330977205
2024-01-31,BMW San Luis Potosi,XGBoost,11,183.4516129032258,197.603734675915
2024-02-29,BYD Camacari,XGBoost,11,250.05172413793105,249.02883180463186
2024-02-29,Tesla Gigafactory Nevada,XGBoost,11,140.06896551724137,152.22019798524252
2024-02-29,Tesla Gigafactory Texas,XGBoost,11,158.33908045977012,160.4239844147877
2024-02-29,Hyundai Metaplant Georgia,XGBoost,11,153.75574712643677,153.48320462234238
2024-02-29,Rivian Normal,XGBoost,11,147.78735632183907,113.09423795646879
2024-02-29,Tesla Fremont Factory,XGBoost,11,126.60632183908045,148.11288124511958
2024-02-29,Lucid AMP 1 Casa Grande,XGBoost,11,176.53879310344828,189.62602849238982
2024-02-29,GM Factory Zero,XGBoost,11,114.36637931034483,112.21530643617433
2024-02-29,Ford Rouge Electric Vehicle Center,XGBoost,11,114.98132183908045,109.39547601232711
2024-02-29,BMW San Luis Potosi,XGBoost,11,230.89511494252872,219.8252613727524
2024-03-31,BYD Camacari,XGBoost,11,266.5255376344086,228.8106140946589
2024-03-31,Tesla Gigafactory Nevada,XGBoost,11,192.7016129032258,183.96522412145492
2024-03-31,Tesla Gigafactory Texas,XGBoost,11,188.81854838709677,176.54554619079317
2024-03-31,Hyundai Metaplant Georgia,XGBoost,11,187.87231182795696,181.5701027609488
2024-03-31,Rivian Normal,XGBoost,11,173.11693548387098,162.28165165583295
2024-03-31,Tesla Fremont Factory,XGBoost,11,189.37231182795696,168.1753350071275
2024-03-31,Lucid AMP 1 Casa Grande,XGBoost,11,233.08602150537632,224.58099363468267
2024-03-31,GM Factory Zero,XGBoost,11,134.98387096774192,146.18274460034078
2024-03-31,Ford Rouge Electric Vehicle Center,XGBoost,11,135.19220430107526,145.09460127752232
2024-03-31,BMW San Luis Potosi,XGBoost,11,295.6760752688172,281.9731488895993
2024-04-30,BYD Camacari,XGBoost,11,184.0097222222222,216.18827030679552
2024-04-30,Tesla Gigafactory Nevada,XGBoost,11,278.4597222222222,280.44123605111594
2024-04-30,Tesla Gigafactory Texas,XGBoost,11,216.54722222222225,214.38150994399544
2024-04-30,Hyundai Metaplant Georgia,XGBoost,11,263.20138888888886,229.86939290085786
2024-04-30,Rivian Normal,XGBoost,11,193.85833333333332,220.6461778140517
2024-04-30,Tesla Fremont Factory,XGBoost,11,268.85,276.28693149027856
2024-04-30,Lucid AMP 1 Casa Grande,XGBoost,11,319.31111111111113,293.8796549817407
2024-04-30,GM Factory Zero,XGBoost,11,204.275,187.53360779293442
2024-04-30,Ford Rouge Electric Vehicle Center,XGBoost,11,201.80972222222223,188.68066287796447
2024-04-30,BMW San Luis Potosi,XGBoost,11,316.1097222222222,308.061178911918
2024-05-31,BYD Camacari,XGBoost,11,190.63709677419354,166.53468253287258
2024-05-31,Tesla Gigafactory Nevada,XGBoost,11,338.80779569892474,295.0611108425725
2024-05-31,Tesla Gigafactory Texas,XGBoost,11,229.73655913978493,257.16856286282183
2024-05-31,Hyundai Metaplant Georgia,XGBoost,11,257.39381720430106,252.01658549744596
2024-05-31,Rivian Normal,XGBoost,11,264.4139784946237,253.12383442956917
2024-05-31,Tesla Fremont Factory,XGBoost,11,329.3817204301075,291.7062829643141
2024-05-31,Lucid AMP 1 Casa Grande,XGBoost,11,350.38440860215053,337.03948674268463
2024-05-31,GM Factory Zero,XGBoost,11,249.9543010752688,263.0590127034053
2024-05-31,Ford Rouge Electric Vehicle Center,XGBoost,11,252.0793010752688,261.33872493240295
2024-05-31,BMW San Luis Potosi,XGBoost,11,320.3938172043011,313.69942123346755
2024-06-30,BYD Camacari,XGBoost,11,180.60694444444442,167.7044082586303
2024-06-30,Tesla Gigafactory Nevada,XGBoost,11,351.66805555555555,331.6002852545577
2024-06-30,Tesla Gigafactory Texas,XGBoost,11,297.1555555555555,292.0444893497293
2024-06-30,Hyundai Metaplant Georgia,XGBoost,11,283.19305555555553,286.32125894981687
2024-06-30,Rivian Normal,XGBoost,11,280.38194444444446,272.40841518751074
2024-06-30,Tesla Fremont Factory,XGBoost,11,351.7125,332.76126592958536
2024-06-30,Lucid AMP 1 Casa Grande,XGBoost,11,331.58194444444445,347.1811559501114
2024-06-30,GM Factory Zero,XGBoost,11,248.35,271.6958154629048
2024-06-30,Ford Rouge Electric Vehicle Center,XGBoost,11,250.30694444444444,269.17972896094545
2024-06-30,BMW San Luis Potosi,XGBoost,11,274.2277777777778,306.18242635513826
2024-07-31,BYD Camacari,XGBoost,11,203.36559139784944,189.2683452213163
2024-07-31,Tesla Gigafactory Nevada,XGBoost,11,329.9233870967742,330.65521944154546
2024-07-31,Tesla Gigafactory Texas,XGBoost,11,269.8413978494624,294.9044562954736
2024-07-31,Hyundai Metaplant Georgia,XGBoost,11,245.24059139784944,270.33025790510635
2024-07-31,Rivian Normal,XGBoost,11,270.79569892473114,275.12515161923506
2024-07-31,Tesla Fremont Factory,XGBoost,11,339.43817204301075,332.122120706988
2024-07-31,Lucid AMP 1 Casa Grande,XGBoost,11,324.9180107526882,326.9693452113018
2024-07-31,GM Factory Zero,XGBoost,11,255.46505376344084,269.33283651879185
2024-07-31,Ford Rouge Electric Vehicle Center,XGBoost,11,255.49193548387098,265.7653523115007
2024-07-31,BMW San Luis Potosi,XGBoost,11,240.14650537634407,282.3360598750653
2024-08-31,BYD Camacari,XGBoost,11,224.1491935483871,219.04961610769715
2024-08-31,Tesla Gigafactory Nevada,XGBoost,11,303.0147849462366,289.08281165444726
2024-08-31,Tesla Gigafactory Texas,XGBoost,11,286.88440860215053,280.8303499213791
2024-08-31,Hyundai Metaplant Georgia,XGBoost,11,234.99193548387098,245.50121665770007
2024-08-31,Rivian Normal,XGBoost,11,251.71774193548387,235.06987853925077
2024-08-31,Tesla Fremont Factory,XGBoost,11,300.78629032258067,288.792790424789
2024-08-31,Lucid AMP 1 Casa Grande,XGBoost,11,283.14516129032256,285.00307329704845
2024-08-31,GM Factory Zero,XGBoost,11,228.71236559139783,218.42194873045958
2024-08-31,Ford Rouge Electric Vehicle Center,XGBoost,11,227.54973118279568,228.6102083678554
2024-08-31,BMW San Luis Potosi,XGBoost,11,270.51747311827955,256.3271357151129
2024-09-30,BYD Camacari,XGBoost,11,248.18888888888887,247.85831087555297
2024-09-30,Tesla Gigafactory Nevada,XGBoost,11,247.60833333333332,240.36359561390668
2024-09-30,Tesla Gigafactory Texas,XGBoost,11,242.84305555555554,231.85136254243955
2024-09-30,Hyundai Metaplant Georgia,XGBoost,11,181.27916666666667,209.42595256063885
2024-09-30,Rivian Normal,XGBoost,11,206.58333333333334,192.70108493673868
2024-09-30,Tesla Fremont Factory,XGBoost,11,249.20416666666668,240.51234197068328
2024-09-30,Lucid AMP 1 Casa Grande,XGBoost,11,274.7944444444445,255.10357275397706
2024-09-30,GM Factory Zero,XGBoost,11,188.0097222222222,168.193958751195
2024-09-30,Ford Rouge Electric Vehicle Center,XGBoost,11,189.1625,166.04529946655245
2024-09-30,BMW San Luis Potosi,XGBoost,11,214.35277777777776,252.74702339651444
2024-10-31,BYD Camacari,XGBoost,11,267.252688172043,276.7959731638592
2024-10-31,Tesla Gigafactory Nevada,XGBoost,11,177.8709677419355,183.43416333995012
2024-10-31,Tesla Gigafactory Texas,XGBoost,11,215.73655913978493,179.2987028547032
2024-10-31,Hyundai Metaplant Georgia,XGBoost,11,191.76209677419354,167.7529763161976
2024-10-31,Rivian Normal,XGBoost,11,167.65994623655914,151.32601592201058
2024-10-31,Tesla Fremont Factory,XGBoost,11,190.11021505376343,186.25115407842702
2024-10-31,Lucid AMP 1 Casa Grande,XGBoost,11,219.50134408602148,216.13513612134722
2024-10-31,GM Factory Zero,XGBoost,11,146.7271505376344,118.24857044520931
2024-10-31,Ford Rouge Electric Vehicle Center,XGBoost,11,147.20833333333331,116.10713495655938
2024-10-31,BMW San Luis Potosi,XGBoost,11,225.2016129032258,188.55882103993528
2024-11-30,BYD Camacari,XGBoost,11,253.79722222222225,277.98362366750996
2024-11-30,Tesla Gigafactory Nevada,XGBoost,11,117.06805555555555,131.6918510462234
2024-11-30,Tesla Gigafactory Texas,XGBoost,11,151.6361111111111,157.9868182260343
2024-11-30,Hyundai Metaplant Georgia,XGBoost,11,128.38888888888889,133.19746056559586
2024-11-30,Rivian Normal,XGBoost,11,75.10833333333333,115.9435574935489
2024-11-30,Tesla Fremont Factory,XGBoost,11,119.65277777777779,133.2178518402527
2024-11-30,Lucid AMP 1 Casa Grande,XGBoost,11,163.96944444444443,160.8438384487604
2024-11-30,GM Factory Zero,XGBoost,11,64.27777777777777,84.35076844237184
2024-11-30,Ford Rouge Electric Vehicle Center,XGBoost,11,66.01666666666667,84.43492853091061
2024-11-30,BMW San Luis Potosi,XGBoost,11,215.38194444444443,173.51236300390735
2024-12-31,BYD Camacari,XGBoost,11,302.8521505376344,272.1322583000186
2024-12-31,Tesla Gigafactory Nevada,XGBoost,11,95.06854838709677,95.52214152679718
2024-12-31,Tesla Gigafactory Texas,XGBoost,11,115.30107526881721,119.91451274373279
2024-12-31,Hyundai Metaplant Georgia,XGBoost,11,124.73924731182795,115.50349344631597
2024-12-31,Rivian Normal,XGBoost,11,61.30510752688172,62.73445778355624
2024-12-31,Tesla Fremont Factory,XGBoost,11,91.68279569892472,93.0205453685403
2024-12-31,Lucid AMP 1 Casa Grande,XGBoost,11,143.70698924731184,128.32240608127196
2024-12-31,GM Factory Zero,XGBoost,11,45.26478494623656,49.25467465201886
2024-12-31,Ford Rouge Electric Vehicle Center,XGBoost,11,43.62231182795699,47.95986990410147
2024-12-31,BMW San Luis Potosi,XGBoost,11,187.47311827956986,186.1596462380902
2024-01-31,BYD Camacari,XGBoost,23,263.2258064516129,271.49446163222353
2024-01-31,Tesla Gigafactory Nevada,XGBoost,23,93.5994623655914,105.49137420497708
2024-01-31,Tesla Gigafactory Texas,XGBoost,23,133.8051075268817,125.7301512268442
2024-01-31,Hyundai Metaplant Georgia,XGBoost,23,128.3319892473118,120.78216525818151
2024-01-31,Rivian Normal,XGBoost,23,66.06854838709677,74.54423684950277
2024-01-31,Tesla Fremont Factory,XGBoost,23,90.82392473118279,100.2344489336401
2024-01-31,Lucid AMP 1 Casa Grande,XGBoost,23,137.9798387096774,143.467748033016
2024-01-31,GM Factory Zero,XGBoost,23,42.969086021505376,69.95122169670933
2024-01-31,Ford Rouge Electric Vehicle Center,XGBoost,23,41.924731182795696,69.53466183142936
2024-01-31,BMW San Luis Potosi,XGBoost,23,183.4516129032258,198.53966700073371
2024-02-29,BYD Camacari,XGBoost,23,250.05172413793105,251.20047814318892
2024-02-29,Tesla Gigafactory Nevada,XGBoost,23,140.06896551724137,156.45441074459598
2024-02-29,Tesla Gigafactory Texas,XGBoost,23,158.33908045977012,159.32802287805626
2024-02-29,Hyundai Metaplant Georgia,XGBoost,23,153.75574712643677,156.0872744536528
2024-02-29,Rivian Normal,XGBoost,23,147.78735632183907,115.97668504791075
2024-02-29,Tesla Fremont Factory,XGBoost,23,126.60632183908045,151.59131484053174
2024-02-29,Lucid AMP 1 Casa Grande,XGBoost,23,176.53879310344828,195.8261761783993
2024-02-29,GM Factory Zero,XGBoost,23,114.36637931034483,112.62335076364405
2024-02-29,Ford Rouge Electric Vehicle Center,XGBoost,23,114.98132183908045,110.34045548745726
2024-02-29,BMW San Luis Potosi,XGBoost,23,230.89511494252872,216.6587853896762
2024-03-31,BYD Camacari,XGBoost,23,266.5255376344086,228.47684901584222
2024-03-31,Tesla Gigafactory Nevada,XGBoost,23,192.7016129032258,183.5902704482344
2024-03-31,Tesla Gigafactory Texas,XGBoost,23,188.81854838709677,180.8261267292083
2024-03-31,Hyundai Metaplant Georgia,XGBoost,23,187.87231182795696,182.0458016774507
2024-03-31,Rivian Normal,XGBoost,23,173.11693548387098,164.61860564090713
2024-03-31,Tesla Fremont Factory,XGBoost,23,189.37231182795696,171.6274874405261
2024-03-31,Lucid AMP 1 Casa Grande,XGBoost,23,233.08602150537632,224.83672837545714
2024-03-31,GM Factory Zero,XGBoost,23,134.98387096774192,145.53836010081366
2024-03-31,Ford Rouge Electric Vehicle Center,XGBoost,23,135.19220430107526,146.20011021740277
2024-03-31,BMW San Luis Potosi,XGBoost,23,295.6760752688172,277.6180069244677
2024-04-30,BYD Camacari,XGBoost,23,184.0097222222222,215.08538182179936
2024-04-30,Tesla Gigafactory Nevada,XGBoost,23,278.4597222222222,276.7069560602307
2024-04-30,Tesla Gigafactory Texas,XGBoost,23,216.54722222222225,216.26686959465349
2024-04-30,Hyundai Metaplant Georgia,XGBoost,23,263.20138888888886,231.67522518673252
2024-04-30,Rivian Normal,XGBoost,23,193.85833333333332,215.79545835573828
2024-04-30,Tesla Fremont Factory,XGBoost,23,268.85,275.31315665403946
2024-04-30,Lucid AMP 1 Casa Grande,XGBoost,23,319.31111111111113,296.07881065998026
2024-04-30,GM Factory Zero,XGBoost,23,204.275,186.81721307964307
2024-04-30,Ford Rouge Electric Vehicle Center,XGBoost,23,201.80972222222223,186.8709042162958
2024-04-30,BMW San Luis Potosi,XGBoost,23,316.1097222222222,308.9507579565529
2024-05-31,BYD Camacari,XGBoost,23,190.63709677419354,167.66039668087677
2024-05-31,Tesla Gigafactory Nevada,XGBoost,23,338.80779569892474,299.00700232718793
2024-05-31,Tesla Gigafactory Texas,XGBoost,23,229.73655913978493,253.56425263388184
2024-05-31,Hyundai Metaplant Georgia,XGBoost,23,257.39381720430106,252.90541073295378
2024-05-31,Rivian Normal,XGBoost,23,264.4139784946237,256.71537153775336
2024-05-31,Tesla Fremont Factory,XGBoost,23,329.3817204301075,293.435452060567
2024-05-31,Lucid AMP 1 Casa Grande,XGBoost,23,350.38440860215053,337.13911873769536
2024-05-31,GM Factory Zero,XGBoost,23,249.9543010752688,260.3865613897855
2024-05-31,Ford Rouge Electric Vehicle Center,XGBoost,23,252.0793010752688,260.1717446785166
2024-05-31,BMW San Luis Potosi,XGBoost,23,320.3938172043011,313.42940359907124
2024-06-30,BYD Camacari,XGBoost,23,180.60694444444442,167.68529354445437
2024-06-30,Tesla Gigafactory Nevada,XGBoost,23,351.66805555555555,330.12637916320807
2024-06-30,Tesla Gigafactory Texas,XGBoost,23,297.1555555555555,292.6158551157162
2024-06-30,Hyundai Metaplant Georgia,XGBoost,23,283.19305555555553,283.6909102372905
2024-06-30,Rivian Normal,XGBoost,23,280.38194444444446,273.1749044321077
2024-06-30,Tesla Fremont Factory,XGBoost,23,351.7125,333.646611016006
2024-06-30,Lucid AMP 1 Casa Grande,XGBoost,23,331.58194444444445,345.05054277413956
2024-06-30,GM Factory Zero,XGBoost,23,248.35,275.5008523944779
2024-06-30,Ford Rouge Electric Vehicle Center,XGBoost,23,250.30694444444444,272.62110755568546
2024-06-30,BMW San Luis Potosi,XGBoost,23,274.2277777777778,304.96348860491344
2024-07-31,BYD Camacari,XGBoost,23,203.36559139784944,191.2174241333519
2024-07-31,Tesla Gigafactory Nevada,XGBoost,23,329.9233870967742,328.81477464654324
2024-07-31,Tesla Gigafactory Texas,XGBoost,23,269.8413978494624,296.919685661953
2024-07-31,Hyundai Metaplant Georgia,XGBoost,23,245.24059139784944,270.5112838101003
2024-07-31,Rivian Normal,XGBoost,23,270.79569892473114,273.66825352881546
2024-07-31,Tesla Fremont Factory,XGBoost,23,339.43817204301075,329.7771526402523
2024-07-31,Lucid AMP 1 Casa Grande,XGBoost,23,324.9180107526882,327.17670557507745
2024-07-31,GM Factory Zero,XGBoost,23,255.46505376344084,269.64151211727585
2024-07-31,Ford Rouge Electric Vehicle Center,XGBoost,23,255.49193548387098,266.20058951445424
2024-07-31,BMW San Luis Potosi,XGBoost,23,240.14650537634407,283.9585355884766
2024-08-31,BYD Camacari,XGBoost,23,224.1491935483871,221.46684142746915
2024-08-31,Tesla Gigafactory Nevada,XGBoost,23,303.0147849462366,289.2479810376508
2024-08-31,Tesla Gigafactory Texas,XGBoost,23,286.88440860215053,282.75598417575003
2024-08-31,Hyundai Metaplant Georgia,XGBoost,23,234.99193548387098,244.59281017751462
2024-08-31,Rivian Normal,XGBoost,23,251.71774193548387,233.71199138358398
2024-08-31,Tesla Fremont Factory,XGBoost,23,300.78629032258067,288.89708365360843
2024-08-31,Lucid AMP 1 Casa Grande,XGBoost,23,283.14516129032256,281.591631267356
2024-08-31,GM Factory Zero,XGBoost,23,228.71236559139783,220.7555121892616
2024-08-31,Ford Rouge Electric Vehicle Center,XGBoost,23,227.54973118279568,227.90720724437287
2024-08-31,BMW San Luis Potosi,XGBoost,23,270.51747311827955,253.8233931433129
2024-09-30,BYD Camacari,XGBoost,23,248.18888888888887,247.3162874400776
2024-09-30,Tesla Gigafactory Nevada,XGBoost,23,247.60833333333332,236.94644608276505
2024-09-30,Tesla Gigafactory Texas,XGBoost,23,242.84305555555554,234.22474366875107
2024-09-30,Hyundai Metaplant Georgia,XGBoost,23,181.27916666666667,211.4671277214763
2024-09-30,Rivian Normal,XGBoost,23,206.58333333333334,189.33337201762905
2024-09-30,Tesla Fremont Factory,XGBoost,23,249.20416666666668,238.15393816911245
2024-09-30,Lucid AMP 1 Casa Grande,XGBoost,23,274.7944444444445,257.68796146758785
2024-09-30,GM Factory Zero,XGBoost,23,188.0097222222222,170.52296110240735
2024-09-30,Ford Rouge Electric Vehicle Center,XGBoost,23,189.1625,169.24673774429866
2024-09-30,BMW San Luis Potosi,XGBoost,23,214.35277777777776,251.4254441554508
2024-10-31,BYD Camacari,XGBoost,23,267.252688172043,278.76750825049095
2024-10-31,Tesla Gigafactory Nevada,XGBoost,23,177.8709677419355,185.83483043222367
2024-10-31,Tesla Gigafactory Texas,XGBoost,23,215.73655913978493,179.39999284779515
2024-10-31,Hyundai Metaplant Georgia,XGBoost,23,191.76209677419354,165.3110927719102
2024-10-31,Rivian Normal,XGBoost,23,167.65994623655914,146.7828032603908
2024-10-31,Tesla Fremont Factory,XGBoost,23,190.11021505376343,191.43741423833353
2024-10-31,Lucid AMP 1 Casa Grande,XGBoost,23,219.50134408602148,218.20014828335775
2024-10-31,GM Factory Zero,XGBoost,23,146.7271505376344,119.91248038061843
2024-10-31,Ford Rouge Electric Vehicle Center,XGBoost,23,147.20833333333331,119.25917707423687
2024-10-31,BMW San Luis Potosi,XGBoost,23,225.2016129032258,186.9825876997283
2024-11-30,BYD Camacari,XGBoost,23,253.79722222222225,281.3396341283155
2024-11-30,Tesla Gigafactory Nevada,XGBoost,23,117.06805555555555,131.24459992024487
2024-11-30,Tesla Gigafactory Texas,XGBoost,23,151.6361111111111,155.5512433287998
2024-11-30,Hyundai Metaplant Georgia,XGBoost,23,128.38888888888889,130.46733431578164
2024-11-30,Rivian Normal,XGBoost,23,75.10833333333333,115.36788150431809
2024-11-30,Tesla Fremont Factory,XGBoost,23,119.65277777777779,131.12615901502883
2024-11-30,Lucid AMP 1 Casa Grande,XGBoost,23,163.96944444444443,160.4718894366936
2024-11-30,GM Factory Zero,XGBoost,23,64.27777777777777,83.51175635989395
2024-11-30,Ford Rouge Electric Vehicle Center,XGBoost,23,66.01666666666667,83.47370519459673
2024-11-30,BMW San Luis Potosi,XGBoost,23,215.38194444444443,172.62314294765315
2024-12-31,BYD Camacari,XGBoost,23,302.8521505376344,274.19592222395124
2024-12-31,Tesla Gigafactory Nevada,XGBoost,23,95.06854838709677,96.1288049103779
2024-12-31,Tesla Gigafactory Texas,XGBoost,23,115.30107526881721,122.67010081214931
2024-12-31,Hyundai Metaplant Georgia,XGBoost,23,124.73924731182795,115.94544116135246
2024-12-31,Rivian Normal,XGBoost,23,61.30510752688172,65.48965443123973
2024-12-31,Tesla Fremont Factory,XGBoost,23,91.68279569892472,93.79333915459141
2024-12-31,Lucid AMP 1 Casa Grande,XGBoost,23,143.70698924731184,129.18300437755053
2024-12-31,GM Factory Zero,XGBoost,23,45.26478494623656,49.15180277288574
2024-12-31,Ford Rouge Electric Vehicle Center,XGBoost,23,43.62231182795699,48.036340508721835
2024-12-31,BMW San Luis Potosi,XGBoost,23,187.47311827956986,179.95319827497806
2024-01-31,BYD Camacari,XGBoost,42,263.2258064516129,272.67171138132454
2024-01-31,Tesla Gigafactory Nevada,XGBoost,42,93.5994623655914,106.69776702082706
2024-01-31,Tesla Gigafactory Texas,XGBoost,42,133.8051075268817,126.0435768958101
2024-01-31,Hyundai Metaplant Georgia,XGBoost,42,128.3319892473118,121.3976119420421
2024-01-31,Rivian Normal,XGBoost,42,66.06854838709677,74.63131967804806
2024-01-31,Tesla Fremont Factory,XGBoost,42,90.82392473118279,100.90270837929373
2024-01-31,Lucid AMP 1 Casa Grande,XGBoost,42,137.9798387096774,143.19080399660675
2024-01-31,GM Factory Zero,XGBoost,42,42.969086021505376,69.43449739521455
2024-01-31,Ford Rouge Electric Vehicle Center,XGBoost,42,41.924731182795696,68.8290467069778
2024-01-31,BMW San Luis Potosi,XGBoost,42,183.4516129032258,200.62988414399086
2024-02-29,BYD Camacari,XGBoost,42,250.05172413793105,255.02718471126855
2024-02-29,Tesla Gigafactory Nevada,XGBoost,42,140.06896551724137,155.53497494600288
2024-02-29,Tesla Gigafactory Texas,XGBoost,42,158.33908045977012,158.0395754159138
2024-02-29,Hyundai Metaplant Georgia,XGBoost,42,153.75574712643677,156.33917457602357
2024-02-29,Rivian Normal,XGBoost,42,147.78735632183907,117.19007921399128
2024-02-29,Tesla Fremont Factory,XGBoost,42,126.60632183908045,147.62484646845593
2024-02-29,Lucid AMP 1 Casa Grande,XGBoost,42,176.53879310344828,193.59891618119292
2024-02-29,GM Factory Zero,XGBoost,42,114.36637931034483,112.54639731741187
2024-02-29,Ford Rouge Electric Vehicle Center,XGBoost,42,114.98132183908045,109.94319983941625
2024-02-29,BMW San Luis Potosi,XGBoost,42,230.89511494252872,221.5651350424735
2024-03-31,BYD Camacari,XGBoost,42,266.5255376344086,228.5197463909625
2024-03-31,Tesla Gigafactory Nevada,XGBoost,42,192.7016129032258,188.227525016815
2024-03-31,Tesla Gigafactory Texas,XGBoost,42,188.81854838709677,181.4057824570005
2024-03-31,Hyundai Metaplant Georgia,XGBoost,42,187.87231182795696,185.0975610817312
2024-03-31,Rivian Normal,XGBoost,42,173.11693548387098,159.74200368632552
2024-03-31,Tesla Fremont Factory,XGBoost,42,189.37231182795696,175.2621530243586
2024-03-31,Lucid AMP 1 Casa Grande,XGBoost,42,233.08602150537632,223.9226244796949
2024-03-31,GM Factory Zero,XGBoost,42,134.98387096774192,145.9672099083582
2024-03-31,Ford Rouge Electric Vehicle Center,XGBoost,42,135.19220430107526,144.60407130830788
2024-03-31,BMW San Luis Potosi,XGBoost,42,295.6760752688172,278.8411474654912
2024-04-30,BYD Camacari,XGBoost,42,184.0097222222222,216.42609232632063
2024-04-30,Tesla Gigafactory Nevada,XGBoost,42,278.4597222222222,281.5795102209066
2024-04-30,Tesla Gigafactory Texas,XGBoost,42,216.54722222222225,218.32671864827478
2024-04-30,Hyundai Metaplant Georgia,XGBoost,42,263.20138888888886,235.07063371039206
2024-04-30,Rivian Normal,XGBoost,42,193.85833333333332,214.40210394385042
2024-04-30,Tesla Fremont Factory,XGBoost,42,268.85,278.0923583587518
2024-04-30,Lucid AMP 1 Casa Grande,XGBoost,42,319.31111111111113,293.28575101849697
2024-04-30,GM Factory Zero,XGBoost,42,204.275,189.03945624411747
2024-04-30,Ford Rouge Electric Vehicle Center,XGBoost,42,201.80972222222223,189.56681323421307
2024-04-30,BMW San Luis Potosi,XGBoost,42,316.1097222222222,307.2620882880624
2024-05-31,BYD Camacari,XGBoost,42,190.63709677419354,166.85352234531354
2024-05-31,Tesla Gigafactory Nevada,XGBoost,42,338.80779569892474,301.8840369956441
2024-05-31,Tesla Gigafactory Texas,XGBoost,42,229.73655913978493,253.7497444995629
2024-05-31,Hyundai Metaplant Georgia,XGBoost,42,257.39381720430106,249.74448272762118
2024-05-31,Rivian Normal,XGBoost,42,264.4139784946237,253.25513470773737
2024-05-31,Tesla Fremont Factory,XGBoost,42,329.3817204301075,298.28877870207083
2024-05-31,Lucid AMP 1 Casa Grande,XGBoost,42,350.38440860215053,335.7061916396182
2024-05-31,GM Factory Zero,XGBoost,42,249.9543010752688,261.87309220882406
2024-05-31,Ford Rouge Electric Vehicle Center,XGBoost,42,252.0793010752688,259.4961482739763
2024-05-31,BMW San Luis Potosi,XGBoost,42,320.3938172043011,311.9416390051765
2024-06-30,BYD Camacari,XGBoost,42,180.60694444444442,168.25231596918636
2024-06-30,Tesla Gigafactory Nevada,XGBoost,42,351.66805555555555,330.85768672297024
2024-06-30,Tesla Gigafactory Texas,XGBoost,42,297.1555555555555,290.25627153503
2024-06-30,Hyundai Metaplant Georgia,XGBoost,42,283.19305555555553,282.06646029715256
2024-06-30,Rivian Normal,XGBoost,42,280.38194444444446,271.9763065114297
2024-06-30,Tesla Fremont Factory,XGBoost,42,351.7125,330.7641137855561
2024-06-30,Lucid AMP 1 Casa Grande,XGBoost,42,331.58194444444445,344.00242641855795
2024-06-30,GM Factory Zero,XGBoost,42,248.35,276.13813912764886
2024-06-30,Ford Rouge Electric Vehicle Center,XGBoost,42,250.30694444444444,273.8846084863401
2024-06-30,BMW San Luis Potosi,XGBoost,42,274.2277777777778,306.38205891807553
2024-07-31,BYD Camacari,XGBoost,42,203.36559139784944,189.67932190341494
2024-07-31,Tesla Gigafactory Nevada,XGBoost,42,329.9233870967742,327.15108518116045
2024-07-31,Tesla Gigafactory Texas,XGBoost,42,269.8413978494624,296.1489415502036
2024-07-31,Hyundai Metaplant Georgia,XGBoost,42,245.24059139784944,272.04760090205616
2024-07-31,Rivian Normal,XGBoost,42,270.79569892473114,270.74231422243906
2024-07-31,Tesla Fremont Factory,XGBoost,42,339.43817204301075,327.4739883326448
2024-07-31,Lucid AMP 1 Casa Grande,XGBoost,42,324.9180107526882,331.06289216795915
2024-07-31,GM Factory Zero,XGBoost,42,255.46505376344084,270.2572047296658
2024-07-31,Ford Rouge Electric Vehicle Center,XGBoost,42,255.49193548387098,266.42583664880533
2024-07-31,BMW San Luis Potosi,XGBoost,42,240.14650537634407,282.9641085878335
2024-08-31,BYD Camacari,XGBoost,42,224.1491935483871,219.10096352214936
2024-08-31,Tesla Gigafactory Nevada,XGBoost,42,303.0147849462366,289.07676467534196
2024-08-31,Tesla Gigafactory Texas,XGBoost,42,286.88440860215053,281.3315972211541
2024-08-31,Hyundai Metaplant Georgia,XGBoost,42,234.99193548387098,245.53325033219912
2024-08-31,Rivian Normal,XGBoost,42,251.71774193548387,234.05081811451146
2024-08-31,Tesla Fremont Factory,XGBoost,42,300.78629032258067,290.3534474705229
2024-08-31,Lucid AMP 1 Casa Grande,XGBoost,42,283.14516129032256,279.728708089087
2024-08-31,GM Factory Zero,XGBoost,42,228.71236559139783,220.81796928106886
2024-08-31,Ford Rouge Electric Vehicle Center,XGBoost,42,227.54973118279568,232.8044514635771
2024-08-31,BMW San Luis Potosi,XGBoost,42,270.51747311827955,251.4597202492978
2024-09-30,BYD Camacari,XGBoost,42,248.18888888888887,245.25095278593483
2024-09-30,Tesla Gigafactory Nevada,XGBoost,42,247.60833333333332,241.5849542933553
2024-09-30,Tesla Gigafactory Texas,XGBoost,42,242.84305555555554,234.20986620472968
2024-09-30,Hyundai Metaplant Georgia,XGBoost,42,181.27916666666667,211.5431185882258
2024-09-30,Rivian Normal,XGBoost,42,206.58333333333334,190.50121124096776
2024-09-30,Tesla Fremont Factory,XGBoost,42,249.20416666666668,239.53053562463555
2024-09-30,Lucid AMP 1 Casa Grande,XGBoost,42,274.7944444444445,257.7052463518436
2024-09-30,GM Factory Zero,XGBoost,42,188.0097222222222,173.89597740297782
2024-09-30,Ford Rouge Electric Vehicle Center,XGBoost,42,189.1625,172.82348050632407
2024-09-30,BMW San Luis Potosi,XGBoost,42,214.35277777777776,253.41188155202775
2024-10-31,BYD Camacari,XGBoost,42,267.252688172043,278.3543146379212
2024-10-31,Tesla Gigafactory Nevada,XGBoost,42,177.8709677419355,188.00769520324377
2024-10-31,Tesla Gigafactory Texas,XGBoost,42,215.73655913978493,174.99767374383507
2024-10-31,Hyundai Metaplant Georgia,XGBoost,42,191.76209677419354,170.94313246244064
2024-10-31,Rivian Normal,XGBoost,42,167.65994623655914,144.1058490490641
2024-10-31,Tesla Fremont Factory,XGBoost,42,190.11021505376343,193.382536166646
2024-10-31,Lucid AMP 1 Casa Grande,XGBoost,42,219.50134408602148,217.45581340452517
2024-10-31,GM Factory Zero,XGBoost,42,146.7271505376344,117.7140996952451
2024-10-31,Ford Rouge Electric Vehicle Center,XGBoost,42,147.20833333333331,116.33690121122984
2024-10-31,BMW San Luis Potosi,XGBoost,42,225.2016129032258,186.2799627991213
2024-11-30,BYD Camacari,XGBoost,42,253.79722222222225,280.2413217917245
2024-11-30,Tesla Gigafactory Nevada,XGBoost,42,117.06805555555555,128.8158119170102
2024-11-30,Tesla Gigafactory Texas,XGBoost,42,151.6361111111111,152.88165964382472
2024-11-30,Hyundai Metaplant Georgia,XGBoost,42,128.38888888888889,130.67257232058753
2024-11-30,Rivian Normal,XGBoost,42,75.10833333333333,116.27154579249923
2024-11-30,Tesla Fremont Factory,XGBoost,42,119.65277777777779,131.7029228524355
2024-11-30,Lucid AMP 1 Casa Grande,XGBoost,42,163.96944444444443,159.41650309083002
2024-11-30,GM Factory Zero,XGBoost,42,64.27777777777777,81.04945340353635
2024-11-30,Ford Rouge Electric Vehicle Center,XGBoost,42,66.01666666666667,80.19325078278112
2024-11-30,BMW San Luis Potosi,XGBoost,42,215.38194444444443,174.45121101484264
2024-12-31,BYD Camacari,XGBoost,42,302.8521505376344,276.35567149463844
2024-12-31,Tesla Gigafactory Nevada,XGBoost,42,95.06854838709677,97.7765022463993
2024-12-31,Tesla Gigafactory Texas,XGBoost,42,115.30107526881721,122.34398769014466
2024-12-31,Hyundai Metaplant Georgia,XGBoost,42,124.73924731182795,116.09733953371003
2024-12-31,Rivian Normal,XGBoost,42,61.30510752688172,65.5688052331548
2024-12-31,Tesla Fremont Factory,XGBoost,42,91.68279569892472,94.85574016344322
2024-12-31,Lucid AMP 1 Casa Grande,XGBoost,42,143.70698924731184,130.44665118989246
2024-12-31,GM Factory Zero,XGBoost,42,45.26478494623656,52.29017915384924
2024-12-31,Ford Rouge Electric Vehicle Center,XGBoost,42,43.62231182795699,51.26951231518143
2024-12-31,BMW San Luis Potosi,XGBoost,42,187.47311827956986,178.91569850585796
2024-01-31,BYD Camacari,XGBoost,67,263.2258064516129,270.4479511119826
2024-01-31,Tesla Gigafactory Nevada,XGBoost,67,93.5994623655914,105.73597983571577
2024-01-31,Tesla Gigafactory Texas,XGBoost,67,133.8051075268817,125.92953751318318
2024-01-31,Hyundai Metaplant Georgia,XGBoost,67,128.3319892473118,120.94382981943988
2024-01-31,Rivian Normal,XGBoost,67,66.06854838709677,74.5344097372545
2024-01-31,Tesla Fremont Factory,XGBoost,67,90.82392473118279,100.26230979219986
2024-01-31,Lucid AMP 1 Casa Grande,XGBoost,67,137.9798387096774,142.6635130940436
2024-01-31,GM Factory Zero,XGBoost,67,42.969086021505376,72.18815634320606
2024-01-31,Ford Rouge Electric Vehicle Center,XGBoost,67,41.924731182795696,71.46470280117137
2024-01-31,BMW San Luis Potosi,XGBoost,67,183.4516129032258,197.70906128309747
2024-02-29,BYD Camacari,XGBoost,67,250.05172413793105,244.56567800469617
2024-02-29,Tesla Gigafactory Nevada,XGBoost,67,140.06896551724137,157.04050886844516
2024-02-29,Tesla Gigafactory Texas,XGBoost,67,158.33908045977012,159.82933052621223
2024-02-29,Hyundai Metaplant Georgia,XGBoost,67,153.75574712643677,153.2913935103564
2024-02-29,Rivian Normal,XGBoost,67,147.78735632183907,118.99535235133703
2024-02-29,Tesla Fremont Factory,XGBoost,67,126.60632183908045,152.93562828716568
2024-02-29,Lucid AMP 1 Casa Grande,XGBoost,67,176.53879310344828,194.8299217564965
2024-02-29,GM Factory Zero,XGBoost,67,114.36637931034483,109.26560319757164
2024-02-29,Ford Rouge Electric Vehicle Center,XGBoost,67,114.98132183908045,106.86401947448195
2024-02-29,BMW San Luis Potosi,XGBoost,67,230.89511494252872,219.40570610685535
2024-03-31,BYD Camacari,XGBoost,67,266.5255376344086,228.13069574791257
2024-03-31,Tesla Gigafactory Nevada,XGBoost,67,192.7016129032258,182.69124525255626
2024-03-31,Tesla Gigafactory Texas,XGBoost,67,188.81854838709677,178.5566718673674
2024-03-31,Hyundai Metaplant Georgia,XGBoost,67,187.87231182795696,180.16233429817424
2024-03-31,Rivian Normal,XGBoost,67,173.11693548387098,164.26687046140432
2024-03-31,Tesla Fremont Factory,XGBoost,67,189.37231182795696,170.51790027227452
2024-03-31,Lucid AMP 1 Casa Grande,XGBoost,67,233.08602150537632,223.99668591299286
2024-03-31,GM Factory Zero,XGBoost,67,134.98387096774192,143.94242774215545
2024-03-31,Ford Rouge Electric Vehicle Center,XGBoost,67,135.19220430107526,143.03698376895971
2024-03-31,BMW San Luis Potosi,XGBoost,67,295.6760752688172,282.33741410765595
2024-04-30,BYD Camacari,XGBoost,67,184.0097222222222,214.70140762823405
2024-04-30,Tesla Gigafactory Nevada,XGBoost,67,278.4597222222222,285.8240307034504
2024-04-30,Tesla Gigafactory Texas,XGBoost,67,216.54722222222225,215.02413761920187
2024-04-30,Hyundai Metaplant Georgia,XGBoost,67,263.20138888888886,231.7868486296746
2024-04-30,Rivian Normal,XGBoost,67,193.85833333333332,217.1968450151304
2024-04-30,Tesla Fremont Factory,XGBoost,67,268.85,283.9109294751452
2024-04-30,Lucid AMP 1 Casa Grande,XGBoost,67,319.31111111111113,297.6644621608158
2024-04-30,GM Factory Zero,XGBoost,67,204.275,190.3348107995846
2024-04-30,Ford Rouge Electric Vehicle Center,XGBoost,67,201.80972222222223,189.29774432706787
2024-04-30,BMW San Luis Potosi,XGBoost,67,316.1097222222222,305.783943415329
2024-05-31,BYD Camacari,XGBoost,67,190.63709677419354,167.75840749829928
2024-05-31,Tesla Gigafactory Nevada,XGBoost,67,338.80779569892474,294.37834299042504
2024-05-31,Tesla Gigafactory Texas,XGBoost,67,229.73655913978493,252.87978764951873
2024-05-31,Hyundai Metaplant Georgia,XGBoost,67,257.39381720430106,252.07261568259807
2024-05-31,Rivian Normal,XGBoost,67,264.4139784946237,253.31608357673053
2024-05-31,Tesla Fremont Factory,XGBoost,67,329.3817204301075,290.1788826879741
2024-05-31,Lucid AMP 1 Casa Grande,XGBoost,67,350.38440860215053,335.4830608212099
2024-05-31,GM Factory Zero,XGBoost,67,249.9543010752688,261.91223155273974
2024-05-31,Ford Rouge Electric Vehicle Center,XGBoost,67,252.0793010752688,260.3181287327841
2024-05-31,BMW San Luis Potosi,XGBoost,67,320.3938172043011,314.50873864826656
2024-06-30,BYD Camacari,XGBoost,67,180.60694444444442,168.81025724083946
2024-06-30,Tesla Gigafactory Nevada,XGBoost,67,351.66805555555555,331.82158174734286
2024-06-30,Tesla Gigafactory Texas,XGBoost,67,297.1555555555555,291.6521613488915
2024-06-30,Hyundai Metaplant Georgia,XGBoost,67,283.19305555555553,286.0967932665541
2024-06-30,Rivian Normal,XGBoost,67,280.38194444444446,273.34970421400124
2024-06-30,Tesla Fremont Factory,XGBoost,67,351.7125,333.52036831938665
2024-06-30,Lucid AMP 1 Casa Grande,XGBoost,67,331.58194444444445,347.004652089906
2024-06-30,GM Factory Zero,XGBoost,67,248.35,272.6252569913117
2024-06-30,Ford Rouge Electric Vehicle Center,XGBoost,67,250.30694444444444,270.2357209086631
2024-06-30,BMW San Luis Potosi,XGBoost,67,274.2277777777778,304.63237873649086
2024-07-31,BYD Camacari,XGBoost,67,203.36559139784944,187.65943432393013
2024-07-31,Tesla Gigafactory Nevada,XGBoost,67,329.9233870967742,331.4337557107424
2024-07-31,Tesla Gigafactory Texas,XGBoost,67,269.8413978494624,296.88904138934873
2024-07-31,Hyundai Metaplant Georgia,XGBoost,67,245.24059139784944,270.2440452377001
2024-07-31,Rivian Normal,XGBoost,67,270.79569892473114,276.2065312056452
2024-07-31,Tesla Fremont Factory,XGBoost,67,339.43817204301075,333.1493225432585
2024-07-31,Lucid AMP 1 Casa Grande,XGBoost,67,324.9180107526882,327.3367836986018
2024-07-31,GM Factory Zero,XGBoost,67,255.46505376344084,266.03713139838214
2024-07-31,Ford Rouge Electric Vehicle Center,XGBoost,67,255.49193548387098,262.50295021454383
2024-07-31,BMW San Luis Potosi,XGBoost,67,240.14650537634407,283.13672654547037
2024-08-31,BYD Camacari,XGBoost,67,224.1491935483871,219.38093935005287
2024-08-31,Tesla Gigafactory Nevada,XGBoost,67,303.0147849462366,289.5591956181071
2024-08-31,Tesla Gigafactory Texas,XGBoost,67,286.88440860215053,280.78921138294925
2024-08-31,Hyundai Metaplant Georgia,XGBoost,67,234.99193548387098,243.54966909654678
2024-08-31,Rivian Normal,XGBoost,67,251.71774193548387,235.12167268695052
2024-08-31,Tesla Fremont Factory,XGBoost,67,300.78629032258067,289.02758321671024
2024-08-31,Lucid AMP 1 Casa Grande,XGBoost,67,283.14516129032256,285.1083698413225
2024-08-31,GM Factory Zero,XGBoost,67,228.71236559139783,227.1450304092846
2024-08-31,Ford Rouge Electric Vehicle Center,XGBoost,67,227.54973118279568,236.56218459162068
2024-08-31,BMW San Luis Potosi,XGBoost,67,270.51747311827955,253.50503174031292
2024-09-30,BYD Camacari,XGBoost,67,248.18888888888887,245.1575204118766
2024-09-30,Tesla Gigafactory Nevada,XGBoost,67,247.60833333333332,237.71983668410545
2024-09-30,Tesla Gigafactory Texas,XGBoost,67,242.84305555555554,234.76615122793822
2024-09-30,Hyundai Metaplant Georgia,XGBoost,67,181.27916666666667,210.8717796962748
2024-09-30,Rivian Normal,XGBoost,67,206.58333333333334,190.13658219047133
2024-09-30,Tesla Fremont Factory,XGBoost,67,249.20416666666668,240.47083752247966
2024-09-30,Lucid AMP 1 Casa Grande,XGBoost,67,274.7944444444445,255.59916984813026
2024-09-30,GM Factory Zero,XGBoost,67,188.0097222222222,169.80232236387215
2024-09-30,Ford Rouge Electric Vehicle Center,XGBoost,67,189.1625,167.4874707870185
2024-09-30,BMW San Luis Potosi,XGBoost,67,214.35277777777776,252.09754045067297
2024-10-31,BYD Camacari,XGBoost,67,267.252688172043,275.6102504258355
2024-10-31,Tesla Gigafactory Nevada,XGBoost,67,177.8709677419355,182.76128533032312
2024-10-31,Tesla Gigafactory Texas,XGBoost,67,215.73655913978493,174.74672611842874
2024-10-31,Hyundai Metaplant Georgia,XGBoost,67,191.76209677419354,165.93436965402415
2024-10-31,Rivian Normal,XGBoost,67,167.65994623655914,152.51943880119313
2024-10-31,Tesla Fremont Factory,XGBoost,67,190.11021505376343,186.42022317983344
2024-10-31,Lucid AMP 1 Casa Grande,XGBoost,67,219.50134408602148,215.36655580672206
2024-10-31,GM Factory Zero,XGBoost,67,146.7271505376344,118.14676262125587
2024-10-31,Ford Rouge Electric Vehicle Center,XGBoost,67,147.20833333333331,116.39358757430932
2024-10-31,BMW San Luis Potosi,XGBoost,67,225.2016129032258,186.69853157662257
2024-11-30,BYD Camacari,XGBoost,67,253.79722222222225,276.7818270360911
2024-11-30,Tesla Gigafactory Nevada,XGBoost,67,117.06805555555555,134.3970753063204
2024-11-30,Tesla Gigafactory Texas,XGBoost,67,151.6361111111111,161.7229547288309
2024-11-30,Hyundai Metaplant Georgia,XGBoost,67,128.38888888888889,134.42437846922587
2024-11-30,Rivian Normal,XGBoost,67,75.10833333333333,115.68855914605722
2024-11-30,Tesla Fremont Factory,XGBoost,67,119.65277777777779,137.33733460830996
2024-11-30,Lucid AMP 1 Casa Grande,XGBoost,67,163.96944444444443,163.28492061883134
2024-11-30,GM Factory Zero,XGBoost,67,64.27777777777777,87.78598572977795
2024-11-30,Ford Rouge Electric Vehicle Center,XGBoost,67,66.01666666666667,87.05526512944036
2024-11-30,BMW San Luis Potosi,XGBoost,67,215.38194444444443,172.13355576146836
2024-12-31,BYD Camacari,XGBoost,67,302.8521505376344,270.95792773886717
2024-12-31,Tesla Gigafactory Nevada,XGBoost,67,95.06854838709677,94.037449402765
2024-12-31,Tesla Gigafactory Texas,XGBoost,67,115.30107526881721,120.09417781442083
2024-12-31,Hyundai Metaplant Georgia,XGBoost,67,124.73924731182795,114.8078835268495
2024-12-31,Rivian Normal,XGBoost,67,61.30510752688172,62.69308934005238
2024-12-31,Tesla Fremont Factory,XGBoost,67,91.68279569892472,92.98027349935232
2024-12-31,Lucid AMP 1 Casa Grande,XGBoost,67,143.70698924731184,128.07653697578246
2024-12-31,GM Factory Zero,XGBoost,67,45.26478494623656,47.7700107569202
2024-12-31,Ford Rouge Electric Vehicle Center,XGBoost,67,43.62231182795699,46.251505480329826
2024-12-31,BMW San Luis Potosi,XGBoost,67,187.47311827956986,186.56799406185746
2024-01-31,BYD Camacari,XGBoost,89,263.2258064516129,270.96172819110336
2024-01-31,Tesla Gigafactory Nevada,XGBoost,89,93.5994623655914,106.4691432772765
2024-01-31,Tesla Gigafactory Texas,XGBoost,89,133.8051075268817,127.05003543111987
2024-01-31,Hyundai Metaplant Georgia,XGBoost,89,128.3319892473118,121.13658808646423
2024-01-31,Rivian Normal,XGBoost,89,66.06854838709677,73.33159525107632
2024-01-31,Tesla Fremont Factory,XGBoost,89,90.82392473118279,101.34405480882445
2024-01-31,Lucid AMP 1 Casa Grande,XGBoost,89,137.9798387096774,143.50489888470722
2024-01-31,GM Factory Zero,XGBoost,89,42.969086021505376,70.45007352982797
2024-01-31,Ford Rouge Electric Vehicle Center,XGBoost,89,41.924731182795696,70.42313417775296
2024-01-31,BMW San Luis Potosi,XGBoost,89,183.4516129032258,197.51406930166706
2024-02-29,BYD Camacari,XGBoost,89,250.05172413793105,246.568663210558
2024-02-29,Tesla Gigafactory Nevada,XGBoost,89,140.06896551724137,156.69059526046277
2024-02-29,Tesla Gigafactory Texas,XGBoost,89,158.33908045977012,156.65959851724168
2024-02-29,Hyundai Metaplant Georgia,XGBoost,89,153.75574712643677,154.37438696598815
2024-02-29,Rivian Normal,XGBoost,89,147.78735632183907,115.78085710444759
2024-02-29,Tesla Fremont Factory,XGBoost,89,126.60632183908045,152.87806913353717
2024-02-29,Lucid AMP 1 Casa Grande,XGBoost,89,176.53879310344828,196.31296336945667
2024-02-29,GM Factory Zero,XGBoost,89,114.36637931034483,110.79580194684928
2024-02-29,Ford Rouge Electric Vehicle Center,XGBoost,89,114.98132183908045,108.4160352239592
2024-02-29,BMW San Luis Potosi,XGBoost,89,230.89511494252872,218.8967423039258
2024-03-31,BYD Camacari,XGBoost,89,266.5255376344086,226.63028363094375
2024-03-31,Tesla Gigafactory Nevada,XGBoost,89,192.7016129032258,184.45750393804735
2024-03-31,Tesla Gigafactory Texas,XGBoost,89,188.81854838709677,177.5816135475392
2024-03-31,Hyundai Metaplant Georgia,XGBoost,89,187.87231182795696,180.6931205565731
2024-03-31,Rivian Normal,XGBoost,89,173.11693548387098,161.94753348378725
2024-03-31,Tesla Fremont Factory,XGBoost,89,189.37231182795696,170.92280143964567
2024-03-31,Lucid AMP 1 Casa Grande,XGBoost,89,233.08602150537632,224.33693019528224
2024-03-31,GM Factory Zero,XGBoost,89,134.98387096774192,148.06173393000518
2024-03-31,Ford Rouge Electric Vehicle Center,XGBoost,89,135.19220430107526,146.59544060741112
2024-03-31,BMW San Luis Potosi,XGBoost,89,295.6760752688172,274.3682456370643
2024-04-30,BYD Camacari,XGBoost,89,184.0097222222222,215.72551934785582
2024-04-30,Tesla Gigafactory Nevada,XGBoost,89,278.4597222222222,280.6911123042252
2024-04-30,Tesla Gigafactory Texas,XGBoost,89,216.54722222222225,215.6408726627468
2024-04-30,Hyundai Metaplant Georgia,XGBoost,89,263.20138888888886,231.88391549260385
2024-04-30,Rivian Normal,XGBoost,89,193.85833333333332,217.41531923172937
2024-04-30,Tesla Fremont Factory,XGBoost,89,268.85,278.4322259135731
2024-04-30,Lucid AMP 1 Casa Grande,XGBoost,89,319.31111111111113,295.0060265757304
2024-04-30,GM Factory Zero,XGBoost,89,204.275,186.76072364019024
2024-04-30,Ford Rouge Electric Vehicle Center,XGBoost,89,201.80972222222223,186.7977444110538
2024-04-30,BMW San Luis Potosi,XGBoost,89,316.1097222222222,308.3714499426304
2024-05-31,BYD Camacari,XGBoost,89,190.63709677419354,167.49495767072966
2024-05-31,Tesla Gigafactory Nevada,XGBoost,89,338.80779569892474,297.3827411320688
2024-05-31,Tesla Gigafactory Texas,XGBoost,89,229.73655913978493,251.79109015211628
2024-05-31,Hyundai Metaplant Georgia,XGBoost,89,257.39381720430106,253.71655488270585
2024-05-31,Rivian Normal,XGBoost,89,264.4139784946237,256.9265132307686
2024-05-31,Tesla Fremont Factory,XGBoost,89,329.3817204301075,294.44735578291625
2024-05-31,Lucid AMP 1 Casa Grande,XGBoost,89,350.38440860215053,335.7726663629775
2024-05-31,GM Factory Zero,XGBoost,89,249.9543010752688,260.44618913143023
2024-05-31,Ford Rouge Electric Vehicle Center,XGBoost,89,252.0793010752688,259.0082766108321
2024-05-31,BMW San Luis Potosi,XGBoost,89,320.3938172043011,313.1004184748857
2024-06-30,BYD Camacari,XGBoost,89,180.60694444444442,166.97514370174937
2024-06-30,Tesla Gigafactory Nevada,XGBoost,89,351.66805555555555,329.5779558495568
2024-06-30,Tesla Gigafactory Texas,XGBoost,89,297.1555555555555,294.44475409164227
2024-06-30,Hyundai Metaplant Georgia,XGBoost,89,283.19305555555553,282.90579775985213
2024-06-30,Rivian Normal,XGBoost,89,280.38194444444446,271.7145660324122
2024-06-30,Tesla Fremont Factory,XGBoost,89,351.7125,332.34038488452046
2024-06-30,Lucid AMP 1 Casa Grande,XGBoost,89,331.58194444444445,344.19036131005294
2024-06-30,GM Factory Zero,XGBoost,89,248.35,275.3345223783112
2024-06-30,Ford Rouge Electric Vehicle Center,XGBoost,89,250.30694444444444,274.2728339492153
2024-06-30,BMW San Luis Potosi,XGBoost,89,274.2277777777778,304.93757139498825
2024-07-31,BYD Camacari,XGBoost,89,203.36559139784944,188.78918989487394
2024-07-31,Tesla Gigafactory Nevada,XGBoost,89,329.9233870967742,328.90375864801126
2024-07-31,Tesla Gigafactory Texas,XGBoost,89,269.8413978494624,296.6402663056569
2024-07-31,Hyundai Metaplant Georgia,XGBoost,89,245.24059139784944,271.44387077035447
2024-07-31,Rivian Normal,XGBoost,89,270.79569892473114,272.35631491059576
2024-07-31,Tesla Fremont Factory,XGBoost,89,339.43817204301075,330.2032217413427
2024-07-31,Lucid AMP 1 Casa Grande,XGBoost,89,324.9180107526882,328.34721405548595
2024-07-31,GM Factory Zero,XGBoost,89,255.46505376344084,269.35368265044946
2024-07-31,Ford Rouge Electric Vehicle Center,XGBoost,89,255.49193548387098,268.1254447734911
2024-07-31,BMW San Luis Potosi,XGBoost,89,240.14650537634407,283.89926456379635
2024-08-31,BYD Camacari,XGBoost,89,224.1491935483871,220.9686976096002
2024-08-31,Tesla Gigafactory Nevada,XGBoost,89,303.0147849462366,288.9385363047375
2024-08-31,Tesla Gigafactory Texas,XGBoost,89,286.88440860215053,282.29680287373327
2024-08-31,Hyundai Metaplant Georgia,XGBoost,89,234.99193548387098,245.06623247249792
2024-08-31,Rivian Normal,XGBoost,89,251.71774193548387,231.75436794012788
2024-08-31,Tesla Fremont Factory,XGBoost,89,300.78629032258067,287.84959518800764
2024-08-31,Lucid AMP 1 Casa Grande,XGBoost,89,283.14516129032256,283.5586132349186
2024-08-31,GM Factory Zero,XGBoost,89,228.71236559139783,221.6820755856065
2024-08-31,Ford Rouge Electric Vehicle Center,XGBoost,89,227.54973118279568,230.36950754702727
2024-08-31,BMW San Luis Potosi,XGBoost,89,270.51747311827955,256.239040550205
2024-09-30,BYD Camacari,XGBoost,89,248.18888888888887,244.8573764835795
2024-09-30,Tesla Gigafactory Nevada,XGBoost,89,247.60833333333332,238.42662857790148
2024-09-30,Tesla Gigafactory Texas,XGBoost,89,242.84305555555554,231.5851436004203
2024-09-30,Hyundai Metaplant Georgia,XGBoost,89,181.27916666666667,211.85656797821804
2024-09-30,Rivian Normal,XGBoost,89,206.58333333333334,190.4594756246254
2024-09-30,Tesla Fremont Factory,XGBoost,89,249.20416666666668,239.58171779273283
2024-09-30,Lucid AMP 1 Casa Grande,XGBoost,89,274.7944444444445,257.1276079452246
2024-09-30,GM Factory Zero,XGBoost,89,188.0097222222222,174.09861741289762
2024-09-30,Ford Rouge Electric Vehicle Center,XGBoost,89,189.1625,171.86657087576964
2024-09-30,BMW San Luis Potosi,XGBoost,89,214.35277777777776,248.42904110669448
2024-10-31,BYD Camacari,XGBoost,89,267.252688172043,278.11607952576173
2024-10-31,Tesla Gigafactory Nevada,XGBoost,89,177.8709677419355,184.90617667767737
2024-10-31,Tesla Gigafactory Texas,XGBoost,89,215.73655913978493,179.8521737376208
2024-10-31,Hyundai Metaplant Georgia,XGBoost,89,191.76209677419354,166.59814855280104
2024-10-31,Rivian Normal,XGBoost,89,167.65994623655914,151.94702819025807
2024-10-31,Tesla Fremont Factory,XGBoost,89,190.11021505376343,188.6006450658003
2024-10-31,Lucid AMP 1 Casa Grande,XGBoost,89,219.50134408602148,217.19177842447033
2024-10-31,GM Factory Zero,XGBoost,89,146.7271505376344,116.4974222131207
2024-10-31,Ford Rouge Electric Vehicle Center,XGBoost,89,147.20833333333331,115.53081420053289
2024-10-31,BMW San Luis Potosi,XGBoost,89,225.2016129032258,185.85316355630596
2024-11-30,BYD Camacari,XGBoost,89,253.79722222222225,280.22696452772107
2024-11-30,Tesla Gigafactory Nevada,XGBoost,89,117.06805555555555,132.16379400354853
2024-11-30,Tesla Gigafactory Texas,XGBoost,89,151.6361111111111,157.5301112076368
2024-11-30,Hyundai Metaplant Georgia,XGBoost,89,128.38888888888889,131.76602616221194
2024-11-30,Rivian Normal,XGBoost,89,75.10833333333333,116.23220089955196
2024-11-30,Tesla Fremont Factory,XGBoost,89,119.65277777777779,131.39942157494644
2024-11-30,Lucid AMP 1 Casa Grande,XGBoost,89,163.96944444444443,161.77384385556505
2024-11-30,GM Factory Zero,XGBoost,89,64.27777777777777,84.3910013138647
2024-11-30,Ford Rouge Electric Vehicle Center,XGBoost,89,66.01666666666667,83.64542371126085
2024-11-30,BMW San Luis Potosi,XGBoost,89,215.38194444444443,172.86104425569616
2024-12-31,BYD Camacari,XGBoost,89,302.8521505376344,271.4157353559489
2024-12-31,Tesla Gigafactory Nevada,XGBoost,89,95.06854838709677,96.49095381856212
2024-12-31,Tesla Gigafactory Texas,XGBoost,89,115.30107526881721,121.60189159008203
2024-12-31,Hyundai Metaplant Georgia,XGBoost,89,124.73924731182795,116.06635505978458
2024-12-31,Rivian Normal,XGBoost,89,61.30510752688172,65.08700522553096
2024-12-31,Tesla Fremont Factory,XGBoost,89,91.68279569892472,92.46377300663556
2024-12-31,Lucid AMP 1 Casa Grande,XGBoost,89,143.70698924731184,130.25001196852054
2024-12-31,GM Factory Zero,XGBoost,89,45.26478494623656,50.60448606779905
2024-12-31,Ford Rouge Electric Vehicle Center,XGBoost,89,43.62231182795699,49.51391059808903
2024-12-31,BMW San Luis Potosi,XGBoost,89,187.47311827956986,182.7559694121041
2024-01-31,BYD Camacari,MLP,11,263.2258064516129,267.4828800693638
2024-01-31,Tesla Gigafactory Nevada,MLP,11,93.5994623655914,110.85935239491387
2024-01-31,Tesla Gigafactory Texas,MLP,11,133.8051075268817,149.95050800096462
2024-01-31,Hyundai Metaplant Georgia,MLP,11,128.3319892473118,121.81442518019564
2024-01-31,Rivian Normal,MLP,11,66.06854838709677,86.88730312701747
2024-01-31,Tesla Fremont Factory,MLP,11,90.82392473118279,106.1455492397728
2024-01-31,Lucid AMP 1 Casa Grande,MLP,11,137.9798387096774,139.46427794268868
2024-01-31,GM Factory Zero,MLP,11,42.969086021505376,70.6333473426749
2024-01-31,Ford Rouge Electric Vehicle Center,MLP,11,41.924731182795696,78.13627123057763
2024-01-31,BMW San Luis Potosi,MLP,11,183.4516129032258,188.6530857119835
2024-02-29,BYD Camacari,MLP,11,250.05172413793105,244.23574231888335
2024-02-29,Tesla Gigafactory Nevada,MLP,11,140.06896551724137,154.5619431745726
2024-02-29,Tesla Gigafactory Texas,MLP,11,158.33908045977012,159.43200202601804
2024-02-29,Hyundai Metaplant Georgia,MLP,11,153.75574712643677,153.9067600501184
2024-02-29,Rivian Normal,MLP,11,147.78735632183907,129.91444811331195
2024-02-29,Tesla Fremont Factory,MLP,11,126.60632183908045,162.84276043995925
2024-02-29,Lucid AMP 1 Casa Grande,MLP,11,176.53879310344828,190.40242070408436
2024-02-29,GM Factory Zero,MLP,11,114.36637931034483,102.82953742248824
2024-02-29,Ford Rouge Electric Vehicle Center,MLP,11,114.98132183908045,106.35989187048514
2024-02-29,BMW San Luis Potosi,MLP,11,230.89511494252872,220.08468757598106
2024-03-31,BYD Camacari,MLP,11,266.5255376344086,249.67370099141073
2024-03-31,Tesla Gigafactory Nevada,MLP,11,192.7016129032258,178.2600605303096
2024-03-31,Tesla Gigafactory Texas,MLP,11,188.81854838709677,176.32896613881525
2024-03-31,Hyundai Metaplant Georgia,MLP,11,187.87231182795696,199.89376820350034
2024-03-31,Rivian Normal,MLP,11,173.11693548387098,177.3216301441463
2024-03-31,Tesla Fremont Factory,MLP,11,189.37231182795696,165.48352593023466
2024-03-31,Lucid AMP 1 Casa Grande,MLP,11,233.08602150537632,220.32746460088444
2024-03-31,GM Factory Zero,MLP,11,134.98387096774192,143.65689364585685
2024-03-31,Ford Rouge Electric Vehicle Center,MLP,11,135.19220430107526,147.40028961827068
2024-03-31,BMW San Luis Potosi,MLP,11,295.6760752688172,251.80066979024568
2024-04-30,BYD Camacari,MLP,11,184.0097222222222,221.64573575184642
2024-04-30,Tesla Gigafactory Nevada,MLP,11,278.4597222222222,263.4068306242131
2024-04-30,Tesla Gigafactory Texas,MLP,11,216.54722222222225,244.67168877259041
2024-04-30,Hyundai Metaplant Georgia,MLP,11,263.20138888888886,235.71889291879612
2024-04-30,Rivian Normal,MLP,11,193.85833333333332,229.1443300957842
2024-04-30,Tesla Fremont Factory,MLP,11,268.85,248.56646339998974
2024-04-30,Lucid AMP 1 Casa Grande,MLP,11,319.31111111111113,313.3642217211595
2024-04-30,GM Factory Zero,MLP,11,204.275,190.80914217971434
2024-04-30,Ford Rouge Electric Vehicle Center,MLP,11,201.80972222222223,197.53850569191707
2024-04-30,BMW San Luis Potosi,MLP,11,316.1097222222222,326.09315056754167
2024-05-31,BYD Camacari,MLP,11,190.63709677419354,163.77228824119533
2024-05-31,Tesla Gigafactory Nevada,MLP,11,338.80779569892474,283.48201781486
2024-05-31,Tesla Gigafactory Texas,MLP,11,229.73655913978493,275.6385667950244
2024-05-31,Hyundai Metaplant Georgia,MLP,11,257.39381720430106,274.35599798484475
2024-05-31,Rivian Normal,MLP,11,264.4139784946237,222.4811043331957
2024-05-31,Tesla Fremont Factory,MLP,11,329.3817204301075,290.43059880195693
2024-05-31,Lucid AMP 1 Casa Grande,MLP,11,350.38440860215053,354.97277030434947
2024-05-31,GM Factory Zero,MLP,11,249.9543010752688,253.7805454118031
2024-05-31,Ford Rouge Electric Vehicle Center,MLP,11,252.0793010752688,240.53199558691915
2024-05-31,BMW San Luis Potosi,MLP,11,320.3938172043011,308.3750288990776
2024-06-30,BYD Camacari,MLP,11,180.60694444444442,176.83645006419027
2024-06-30,Tesla Gigafactory Nevada,MLP,11,351.66805555555555,348.1105545166343
2024-06-30,Tesla Gigafactory Texas,MLP,11,297.1555555555555,281.967726122063
2024-06-30,Hyundai Metaplant Georgia,MLP,11,283.19305555555553,275.2086370220045
2024-06-30,Rivian Normal,MLP,11,280.38194444444446,275.2227417330114
2024-06-30,Tesla Fremont Factory,MLP,11,351.7125,337.6467290644259
2024-06-30,Lucid AMP 1 Casa Grande,MLP,11,331.58194444444445,364.5362975513342
2024-06-30,GM Factory Zero,MLP,11,248.35,269.5922523445304
2024-06-30,Ford Rouge Electric Vehicle Center,MLP,11,250.30694444444444,273.791702079983
2024-06-30,BMW San Luis Potosi,MLP,11,274.2277777777778,278.41041270898063
2024-07-31,BYD Camacari,MLP,11,203.36559139784944,194.52763717125964
2024-07-31,Tesla Gigafactory Nevada,MLP,11,329.9233870967742,344.70259870686857
2024-07-31,Tesla Gigafactory Texas,MLP,11,269.8413978494624,280.3934900018609
2024-07-31,Hyundai Metaplant Georgia,MLP,11,245.24059139784944,251.64062085785145
2024-07-31,Rivian Normal,MLP,11,270.79569892473114,265.66284361782664
2024-07-31,Tesla Fremont Factory,MLP,11,339.43817204301075,346.3460422547395
2024-07-31,Lucid AMP 1 Casa Grande,MLP,11,324.9180107526882,313.808309458076
2024-07-31,GM Factory Zero,MLP,11,255.46505376344084,249.75822756232884
2024-07-31,Ford Rouge Electric Vehicle Center,MLP,11,255.49193548387098,259.9174396161053
2024-07-31,BMW San Luis Potosi,MLP,11,240.14650537634407,311.1780159195387
2024-08-31,BYD Camacari,MLP,11,224.1491935483871,229.34458051235907
2024-08-31,Tesla Gigafactory Nevada,MLP,11,303.0147849462366,308.1500920983672
2024-08-31,Tesla Gigafactory Texas,MLP,11,286.88440860215053,276.32357866763743
2024-08-31,Hyundai Metaplant Georgia,MLP,11,234.99193548387098,236.58793394229306
2024-08-31,Rivian Normal,MLP,11,251.71774193548387,233.60499247868978
2024-08-31,Tesla Fremont Factory,MLP,11,300.78629032258067,291.35958488520964
2024-08-31,Lucid AMP 1 Casa Grande,MLP,11,283.14516129032256,289.6661250225669
2024-08-31,GM Factory Zero,MLP,11,228.71236559139783,231.3631556881615
2024-08-31,Ford Rouge Electric Vehicle Center,MLP,11,227.54973118279568,243.02330611535638
2024-08-31,BMW San Luis Potosi,MLP,11,270.51747311827955,266.1987390758566
2024-09-30,BYD Camacari,MLP,11,248.18888888888887,263.3817505149593
2024-09-30,Tesla Gigafactory Nevada,MLP,11,247.60833333333332,239.37328567882517
2024-09-30,Tesla Gigafactory Texas,MLP,11,242.84305555555554,228.53282017983614
2024-09-30,Hyundai Metaplant Georgia,MLP,11,181.27916666666667,215.58898588631797
2024-09-30,Rivian Normal,MLP,11,206.58333333333334,188.38936639090818
2024-09-30,Tesla Fremont Factory,MLP,11,249.20416666666668,252.3163624450965
2024-09-30,Lucid AMP 1 Casa Grande,MLP,11,274.7944444444445,259.62596919728094
2024-09-30,GM Factory Zero,MLP,11,188.0097222222222,155.19806730713043
2024-09-30,Ford Rouge Electric Vehicle Center,MLP,11,189.1625,154.4168929062966
2024-09-30,BMW San Luis Potosi,MLP,11,214.35277777777776,265.76458861388915
2024-10-31,BYD Camacari,MLP,11,267.252688172043,242.86201371125338
2024-10-31,Tesla Gigafactory Nevada,MLP,11,177.8709677419355,167.08685455913366
2024-10-31,Tesla Gigafactory Texas,MLP,11,215.73655913978493,190.7884260852423
2024-10-31,Hyundai Metaplant Georgia,MLP,11,191.76209677419354,179.0655880106953
2024-10-31,Rivian Normal,MLP,11,167.65994623655914,114.88303019612967
2024-10-31,Tesla Fremont Factory,MLP,11,190.11021505376343,186.8461256736328
2024-10-31,Lucid AMP 1 Casa Grande,MLP,11,219.50134408602148,228.18807030522908
2024-10-31,GM Factory Zero,MLP,11,146.7271505376344,111.27970439840885
2024-10-31,Ford Rouge Electric Vehicle Center,MLP,11,147.20833333333331,117.23935229761689
2024-10-31,BMW San Luis Potosi,MLP,11,225.2016129032258,272.28230273893587
2024-11-30,BYD Camacari,MLP,11,253.79722222222225,278.9407856108078
2024-11-30,Tesla Gigafactory Nevada,MLP,11,117.06805555555555,128.56508226132942
2024-11-30,Tesla Gigafactory Texas,MLP,11,151.6361111111111,141.09634938139746
2024-11-30,Hyundai Metaplant Georgia,MLP,11,128.38888888888889,129.88924248116305
2024-11-30,Rivian Normal,MLP,11,75.10833333333333,84.6199594479055
2024-11-30,Tesla Fremont Factory,MLP,11,119.65277777777779,137.33707936234498
2024-11-30,Lucid AMP 1 Casa Grande,MLP,11,163.96944444444443,164.23286409301843
2024-11-30,GM Factory Zero,MLP,11,64.27777777777777,88.70213332307216
2024-11-30,Ford Rouge Electric Vehicle Center,MLP,11,66.01666666666667,80.95481767882977
2024-11-30,BMW San Luis Potosi,MLP,11,215.38194444444443,233.16930868814177
2024-12-31,BYD Camacari,MLP,11,302.8521505376344,277.19485031861586
2024-12-31,Tesla Gigafactory Nevada,MLP,11,95.06854838709677,87.61062342013152
2024-12-31,Tesla Gigafactory Texas,MLP,11,115.30107526881721,111.6091968801211
2024-12-31,Hyundai Metaplant Georgia,MLP,11,124.73924731182795,122.2612206269721
2024-12-31,Rivian Normal,MLP,11,61.30510752688172,58.754760860873255
2024-12-31,Tesla Fremont Factory,MLP,11,91.68279569892472,83.68414623021738
2024-12-31,Lucid AMP 1 Casa Grande,MLP,11,143.70698924731184,135.81048180832343
2024-12-31,GM Factory Zero,MLP,11,45.26478494623656,38.274444606246014
2024-12-31,Ford Rouge Electric Vehicle Center,MLP,11,43.62231182795699,41.66369394785606
2024-12-31,BMW San Luis Potosi,MLP,11,187.47311827956986,221.3478974169426
2024-01-31,BYD Camacari,MLP,23,263.2258064516129,271.316546992995
2024-01-31,Tesla Gigafactory Nevada,MLP,23,93.5994623655914,100.71739499197032
2024-01-31,Tesla Gigafactory Texas,MLP,23,133.8051075268817,132.7377023547757
2024-01-31,Hyundai Metaplant Georgia,MLP,23,128.3319892473118,113.94511762783274
2024-01-31,Rivian Normal,MLP,23,66.06854838709677,61.173449878744535
2024-01-31,Tesla Fremont Factory,MLP,23,90.82392473118279,88.34680799097377
2024-01-31,Lucid AMP 1 Casa Grande,MLP,23,137.9798387096774,142.9298645243654
2024-01-31,GM Factory Zero,MLP,23,42.969086021505376,70.92922351563976
2024-01-31,Ford Rouge Electric Vehicle Center,MLP,23,41.924731182795696,66.2081502561841
2024-01-31,BMW San Luis Potosi,MLP,23,183.4516129032258,202.89210922956022
2024-02-29,BYD Camacari,MLP,23,250.05172413793105,264.51015331346343
2024-02-29,Tesla Gigafactory Nevada,MLP,23,140.06896551724137,150.87101992701704
2024-02-29,Tesla Gigafactory Texas,MLP,23,158.33908045977012,152.61901299725608
2024-02-29,Hyundai Metaplant Georgia,MLP,23,153.75574712643677,147.78300329934592
2024-02-29,Rivian Normal,MLP,23,147.78735632183907,125.21967555389149
2024-02-29,Tesla Fremont Factory,MLP,23,126.60632183908045,167.04586533938334
2024-02-29,Lucid AMP 1 Casa Grande,MLP,23,176.53879310344828,197.16005573884814
2024-02-29,GM Factory Zero,MLP,23,114.36637931034483,101.36314172380867
2024-02-29,Ford Rouge Electric Vehicle Center,MLP,23,114.98132183908045,101.23905175580954
2024-02-29,BMW San Luis Potosi,MLP,23,230.89511494252872,216.90941035919758
2024-03-31,BYD Camacari,MLP,23,266.5255376344086,245.95750843428385
2024-03-31,Tesla Gigafactory Nevada,MLP,23,192.7016129032258,168.68397738237707
2024-03-31,Tesla Gigafactory Texas,MLP,23,188.81854838709677,182.86128292328
2024-03-31,Hyundai Metaplant Georgia,MLP,23,187.87231182795696,199.8201413169177
2024-03-31,Rivian Normal,MLP,23,173.11693548387098,164.19254833658397
2024-03-31,Tesla Fremont Factory,MLP,23,189.37231182795696,155.71892503971176
2024-03-31,Lucid AMP 1 Casa Grande,MLP,23,233.08602150537632,222.5815895452646
2024-03-31,GM Factory Zero,MLP,23,134.98387096774192,135.2134544526699
2024-03-31,Ford Rouge Electric Vehicle Center,MLP,23,135.19220430107526,129.17513394349288
2024-03-31,BMW San Luis Potosi,MLP,23,295.6760752688172,256.39719915441265
2024-04-30,BYD Camacari,MLP,23,184.0097222222222,221.39087251204697
2024-04-30,Tesla Gigafactory Nevada,MLP,23,278.4597222222222,245.40318285685913
2024-04-30,Tesla Gigafactory Texas,MLP,23,216.54722222222225,234.12318763008696
2024-04-30,Hyundai Metaplant Georgia,MLP,23,263.20138888888886,226.56744274912654
2024-04-30,Rivian Normal,MLP,23,193.85833333333332,215.23878860300894
2024-04-30,Tesla Fremont Factory,MLP,23,268.85,234.30471507597235
2024-04-30,Lucid AMP 1 Casa Grande,MLP,23,319.31111111111113,313.3515804117346
2024-04-30,GM Factory Zero,MLP,23,204.275,189.60700043764575
2024-04-30,Ford Rouge Electric Vehicle Center,MLP,23,201.80972222222223,187.6625412013582
2024-04-30,BMW San Luis Potosi,MLP,23,316.1097222222222,314.5273364938631
2024-05-31,BYD Camacari,MLP,23,190.63709677419354,180.93577121245673
2024-05-31,Tesla Gigafactory Nevada,MLP,23,338.80779569892474,290.3367325751668
2024-05-31,Tesla Gigafactory Texas,MLP,23,229.73655913978493,269.5820541597459
2024-05-31,Hyundai Metaplant Georgia,MLP,23,257.39381720430106,254.34188646667974
2024-05-31,Rivian Normal,MLP,23,264.4139784946237,218.45195655372578
2024-05-31,Tesla Fremont Factory,MLP,23,329.3817204301075,293.5790344643085
2024-05-31,Lucid AMP 1 Casa Grande,MLP,23,350.38440860215053,357.11265786816244
2024-05-31,GM Factory Zero,MLP,23,249.9543010752688,252.37237438517582
2024-05-31,Ford Rouge Electric Vehicle Center,MLP,23,252.0793010752688,263.3760676267147
2024-05-31,BMW San Luis Potosi,MLP,23,320.3938172043011,314.1499097038134
2024-06-30,BYD Camacari,MLP,23,180.60694444444442,185.06307212228973
2024-06-30,Tesla Gigafactory Nevada,MLP,23,351.66805555555555,340.6889344412366
2024-06-30,Tesla Gigafactory Texas,MLP,23,297.1555555555555,267.84847781396803
2024-06-30,Hyundai Metaplant Georgia,MLP,23,283.19305555555553,292.2309061020264
2024-06-30,Rivian Normal,MLP,23,280.38194444444446,266.9632529307505
2024-06-30,Tesla Fremont Factory,MLP,23,351.7125,332.3221734022881
2024-06-30,Lucid AMP 1 Casa Grande,MLP,23,331.58194444444445,363.4643510826437
2024-06-30,GM Factory Zero,MLP,23,248.35,279.383615950854
2024-06-30,Ford Rouge Electric Vehicle Center,MLP,23,250.30694444444444,276.35367857477274
2024-06-30,BMW San Luis Potosi,MLP,23,274.2277777777778,285.6613640420645
2024-07-31,BYD Camacari,MLP,23,203.36559139784944,177.10883891158326
2024-07-31,Tesla Gigafactory Nevada,MLP,23,329.9233870967742,331.16771153748584
2024-07-31,Tesla Gigafactory Texas,MLP,23,269.8413978494624,284.6004433504965
2024-07-31,Hyundai Metaplant Georgia,MLP,23,245.24059139784944,268.50698991159425
2024-07-31,Rivian Normal,MLP,23,270.79569892473114,260.8239567273076
2024-07-31,Tesla Fremont Factory,MLP,23,339.43817204301075,348.29192686100157
2024-07-31,Lucid AMP 1 Casa Grande,MLP,23,324.9180107526882,319.2689412504625
2024-07-31,GM Factory Zero,MLP,23,255.46505376344084,247.42405380292524
2024-07-31,Ford Rouge Electric Vehicle Center,MLP,23,255.49193548387098,246.9987060205972
2024-07-31,BMW San Luis Potosi,MLP,23,240.14650537634407,316.3002411601239
2024-08-31,BYD Camacari,MLP,23,224.1491935483871,216.64476060261882
2024-08-31,Tesla Gigafactory Nevada,MLP,23,303.0147849462366,288.4090338597383
2024-08-31,Tesla Gigafactory Texas,MLP,23,286.88440860215053,280.12059378039476
2024-08-31,Hyundai Metaplant Georgia,MLP,23,234.99193548387098,229.9025199144361
2024-08-31,Rivian Normal,MLP,23,251.71774193548387,238.6293034299869
2024-08-31,Tesla Fremont Factory,MLP,23,300.78629032258067,286.4228968512681
2024-08-31,Lucid AMP 1 Casa Grande,MLP,23,283.14516129032256,286.15938033738854
2024-08-31,GM Factory Zero,MLP,23,228.71236559139783,235.47895628149814
2024-08-31,Ford Rouge Electric Vehicle Center,MLP,23,227.54973118279568,234.023969968628
2024-08-31,BMW San Luis Potosi,MLP,23,270.51747311827955,278.52880842782645
2024-09-30,BYD Camacari,MLP,23,248.18888888888887,254.33742533827314
2024-09-30,Tesla Gigafactory Nevada,MLP,23,247.60833333333332,245.53012860049887
2024-09-30,Tesla Gigafactory Texas,MLP,23,242.84305555555554,224.3504107473819
2024-09-30,Hyundai Metaplant Georgia,MLP,23,181.27916666666667,209.86808853557207
2024-09-30,Rivian Normal,MLP,23,206.58333333333334,183.36831278686049
2024-09-30,Tesla Fremont Factory,MLP,23,249.20416666666668,242.61454965418602
2024-09-30,Lucid AMP 1 Casa Grande,MLP,23,274.7944444444445,254.75419945586555
2024-09-30,GM Factory Zero,MLP,23,188.0097222222222,164.4101705327702
2024-09-30,Ford Rouge Electric Vehicle Center,MLP,23,189.1625,166.60807945544664
2024-09-30,BMW San Luis Potosi,MLP,23,214.35277777777776,283.214054743716
2024-10-31,BYD Camacari,MLP,23,267.252688172043,250.4639429270659
2024-10-31,Tesla Gigafactory Nevada,MLP,23,177.8709677419355,161.86122835165287
2024-10-31,Tesla Gigafactory Texas,MLP,23,215.73655913978493,196.50226753027695
2024-10-31,Hyundai Metaplant Georgia,MLP,23,191.76209677419354,179.73126737034065
2024-10-31,Rivian Normal,MLP,23,167.65994623655914,115.9157342504172
2024-10-31,Tesla Fremont Factory,MLP,23,190.11021505376343,175.68014538739965
2024-10-31,Lucid AMP 1 Casa Grande,MLP,23,219.50134408602148,218.33811452325563
2024-10-31,GM Factory Zero,MLP,23,146.7271505376344,113.69531129448902
2024-10-31,Ford Rouge Electric Vehicle Center,MLP,23,147.20833333333331,111.39515097252225
2024-10-31,BMW San Luis Potosi,MLP,23,225.2016129032258,250.20119441841882
2024-11-30,BYD Camacari,MLP,23,253.79722222222225,274.8147695896287
2024-11-30,Tesla Gigafactory Nevada,MLP,23,117.06805555555555,127.19351457532852
2024-11-30,Tesla Gigafactory Texas,MLP,23,151.6361111111111,141.75125827758114
2024-11-30,Hyundai Metaplant Georgia,MLP,23,128.38888888888889,127.93132086503195
2024-11-30,Rivian Normal,MLP,23,75.10833333333333,78.31965162833403
2024-11-30,Tesla Fremont Factory,MLP,23,119.65277777777779,138.23350785741314
2024-11-30,Lucid AMP 1 Casa Grande,MLP,23,163.96944444444443,167.98747850485879
2024-11-30,GM Factory Zero,MLP,23,64.27777777777777,82.90944687979444
2024-11-30,Ford Rouge Electric Vehicle Center,MLP,23,66.01666666666667,73.39183103522598
2024-11-30,BMW San Luis Potosi,MLP,23,215.38194444444443,242.52883361506113
2024-12-31,BYD Camacari,MLP,23,302.8521505376344,268.5523616966329
2024-12-31,Tesla Gigafactory Nevada,MLP,23,95.06854838709677,91.39945171317682
2024-12-31,Tesla Gigafactory Texas,MLP,23,115.30107526881721,106.49616347576136
2024-12-31,Hyundai Metaplant Georgia,MLP,23,124.73924731182795,115.36185169599628
2024-12-31,Rivian Normal,MLP,23,61.30510752688172,33.967828761266006
2024-12-31,Tesla Fremont Factory,MLP,23,91.68279569892472,82.06140560821216
2024-12-31,Lucid AMP 1 Casa Grande,MLP,23,143.70698924731184,122.98733125772091
2024-12-31,GM Factory Zero,MLP,23,45.26478494623656,42.11484977780055
2024-12-31,Ford Rouge Electric Vehicle Center,MLP,23,43.62231182795699,32.469934884931455
2024-12-31,BMW San Luis Potosi,MLP,23,187.47311827956986,224.98935668512024
2024-01-31,BYD Camacari,MLP,42,263.2258064516129,274.9168608693508
2024-01-31,Tesla Gigafactory Nevada,MLP,42,93.5994623655914,104.91398399666147
2024-01-31,Tesla Gigafactory Texas,MLP,42,133.8051075268817,144.4694965782044
2024-01-31,Hyundai Metaplant Georgia,MLP,42,128.3319892473118,105.72959887802571
2024-01-31,Rivian Normal,MLP,42,66.06854838709677,95.18077607738957
2024-01-31,Tesla Fremont Factory,MLP,42,90.82392473118279,99.57888051568102
2024-01-31,Lucid AMP 1 Casa Grande,MLP,42,137.9798387096774,152.28476249051835
2024-01-31,GM Factory Zero,MLP,42,42.969086021505376,77.95206653827718
2024-01-31,Ford Rouge Electric Vehicle Center,MLP,42,41.924731182795696,74.21066789123662
2024-01-31,BMW San Luis Potosi,MLP,42,183.4516129032258,189.80908909257428
2024-02-29,BYD Camacari,MLP,42,250.05172413793105,248.2283439783123
2024-02-29,Tesla Gigafactory Nevada,MLP,42,140.06896551724137,160.46817743013082
2024-02-29,Tesla Gigafactory Texas,MLP,42,158.33908045977012,153.49981140335476
2024-02-29,Hyundai Metaplant Georgia,MLP,42,153.75574712643677,134.21252564248024
2024-02-29,Rivian Normal,MLP,42,147.78735632183907,142.2107977863235
2024-02-29,Tesla Fremont Factory,MLP,42,126.60632183908045,176.21538130062933
2024-02-29,Lucid AMP 1 Casa Grande,MLP,42,176.53879310344828,193.14319382445603
2024-02-29,GM Factory Zero,MLP,42,114.36637931034483,115.93908462967104
2024-02-29,Ford Rouge Electric Vehicle Center,MLP,42,114.98132183908045,104.98993909403413
2024-02-29,BMW San Luis Potosi,MLP,42,230.89511494252872,213.87320301395448
2024-03-31,BYD Camacari,MLP,42,266.5255376344086,260.9955451504296
2024-03-31,Tesla Gigafactory Nevada,MLP,42,192.7016129032258,204.14715653199738
2024-03-31,Tesla Gigafactory Texas,MLP,42,188.81854838709677,175.27494512615388
2024-03-31,Hyundai Metaplant Georgia,MLP,42,187.87231182795696,197.444518650858
2024-03-31,Rivian Normal,MLP,42,173.11693548387098,161.30336562545048
2024-03-31,Tesla Fremont Factory,MLP,42,189.37231182795696,181.26531575822952
2024-03-31,Lucid AMP 1 Casa Grande,MLP,42,233.08602150537632,224.20466108528973
2024-03-31,GM Factory Zero,MLP,42,134.98387096774192,110.2671832541009
2024-03-31,Ford Rouge Electric Vehicle Center,MLP,42,135.19220430107526,120.84428573137569
2024-03-31,BMW San Luis Potosi,MLP,42,295.6760752688172,252.4779605560549
2024-04-30,BYD Camacari,MLP,42,184.0097222222222,220.39465147799632
2024-04-30,Tesla Gigafactory Nevada,MLP,42,278.4597222222222,260.6713256167162
2024-04-30,Tesla Gigafactory Texas,MLP,42,216.54722222222225,226.51981271010976
2024-04-30,Hyundai Metaplant Georgia,MLP,42,263.20138888888886,242.8230048307104
2024-04-30,Rivian Normal,MLP,42,193.85833333333332,220.03109750172837
2024-04-30,Tesla Fremont Factory,MLP,42,268.85,235.9254020852914
2024-04-30,Lucid AMP 1 Casa Grande,MLP,42,319.31111111111113,305.7139675478892
2024-04-30,GM Factory Zero,MLP,42,204.275,187.7662662448141
2024-04-30,Ford Rouge Electric Vehicle Center,MLP,42,201.80972222222223,185.84298578741053
2024-04-30,BMW San Luis Potosi,MLP,42,316.1097222222222,340.1865885657671
2024-05-31,BYD Camacari,MLP,42,190.63709677419354,181.39608994668882
2024-05-31,Tesla Gigafactory Nevada,MLP,42,338.80779569892474,298.11880568840945
2024-05-31,Tesla Gigafactory Texas,MLP,42,229.73655913978493,282.4156491169271
2024-05-31,Hyundai Metaplant Georgia,MLP,42,257.39381720430106,270.1996589808432
2024-05-31,Rivian Normal,MLP,42,264.4139784946237,222.55876840606436
2024-05-31,Tesla Fremont Factory,MLP,42,329.3817204301075,292.91443689940326
2024-05-31,Lucid AMP 1 Casa Grande,MLP,42,350.38440860215053,353.64113666408525
2024-05-31,GM Factory Zero,MLP,42,249.9543010752688,262.71457772366824
2024-05-31,Ford Rouge Electric Vehicle Center,MLP,42,252.0793010752688,270.69594640819423
2024-05-31,BMW San Luis Potosi,MLP,42,320.3938172043011,296.7184182187538
2024-06-30,BYD Camacari,MLP,42,180.60694444444442,165.70618773659683
2024-06-30,Tesla Gigafactory Nevada,MLP,42,351.66805555555555,339.81888557223283
2024-06-30,Tesla Gigafactory Texas,MLP,42,297.1555555555555,282.00511695687743
2024-06-30,Hyundai Metaplant Georgia,MLP,42,283.19305555555553,282.40449650216715
2024-06-30,Rivian Normal,MLP,42,280.38194444444446,263.8295978707213
2024-06-30,Tesla Fremont Factory,MLP,42,351.7125,335.8757199718299
2024-06-30,Lucid AMP 1 Casa Grande,MLP,42,331.58194444444445,360.6196286923823
2024-06-30,GM Factory Zero,MLP,42,248.35,285.21877655826194
2024-06-30,Ford Rouge Electric Vehicle Center,MLP,42,250.30694444444444,280.37290419524527
2024-06-30,BMW San Luis Potosi,MLP,42,274.2277777777778,260.92800735601827
2024-07-31,BYD Camacari,MLP,42,203.36559139784944,185.73519672727542
2024-07-31,Tesla Gigafactory Nevada,MLP,42,329.9233870967742,337.45024067366876
2024-07-31,Tesla Gigafactory Texas,MLP,42,269.8413978494624,287.1382813364265
2024-07-31,Hyundai Metaplant Georgia,MLP,42,245.24059139784944,254.9125060243886
2024-07-31,Rivian Normal,MLP,42,270.79569892473114,272.66341211123836
2024-07-31,Tesla Fremont Factory,MLP,42,339.43817204301075,349.55295382183135
2024-07-31,Lucid AMP 1 Casa Grande,MLP,42,324.9180107526882,315.9393829102433
2024-07-31,GM Factory Zero,MLP,42,255.46505376344084,261.7304255565303
2024-07-31,Ford Rouge Electric Vehicle Center,MLP,42,255.49193548387098,243.81954487941772
2024-07-31,BMW San Luis Potosi,MLP,42,240.14650537634407,305.63870480175837
2024-08-31,BYD Camacari,MLP,42,224.1491935483871,219.69112594178245
2024-08-31,Tesla Gigafactory Nevada,MLP,42,303.0147849462366,287.86356714793754
2024-08-31,Tesla Gigafactory Texas,MLP,42,286.88440860215053,279.02316169437137
2024-08-31,Hyundai Metaplant Georgia,MLP,42,234.99193548387098,220.13674096820893
2024-08-31,Rivian Normal,MLP,42,251.71774193548387,231.55441874851178
2024-08-31,Tesla Fremont Factory,MLP,42,300.78629032258067,299.4953433573528
2024-08-31,Lucid AMP 1 Casa Grande,MLP,42,283.14516129032256,298.488711619448
2024-08-31,GM Factory Zero,MLP,42,228.71236559139783,236.9493119849558
2024-08-31,Ford Rouge Electric Vehicle Center,MLP,42,227.54973118279568,238.8656326773158
2024-08-31,BMW San Luis Potosi,MLP,42,270.51747311827955,282.0291965715379
2024-09-30,BYD Camacari,MLP,42,248.18888888888887,229.83587980746054
2024-09-30,Tesla Gigafactory Nevada,MLP,42,247.60833333333332,243.45709996416022
2024-09-30,Tesla Gigafactory Texas,MLP,42,242.84305555555554,224.44584288076402
2024-09-30,Hyundai Metaplant Georgia,MLP,42,181.27916666666667,211.27258893678822
2024-09-30,Rivian Normal,MLP,42,206.58333333333334,184.80678785829443
2024-09-30,Tesla Fremont Factory,MLP,42,249.20416666666668,241.664840562537
2024-09-30,Lucid AMP 1 Casa Grande,MLP,42,274.7944444444445,252.70750432429418
2024-09-30,GM Factory Zero,MLP,42,188.0097222222222,159.76972255157852
2024-09-30,Ford Rouge Electric Vehicle Center,MLP,42,189.1625,158.37734110235257
2024-09-30,BMW San Luis Potosi,MLP,42,214.35277777777776,252.81953183733276
2024-10-31,BYD Camacari,MLP,42,267.252688172043,248.85917429465903
2024-10-31,Tesla Gigafactory Nevada,MLP,42,177.8709677419355,168.19190079917053
2024-10-31,Tesla Gigafactory Texas,MLP,42,215.73655913978493,191.22341385943344
2024-10-31,Hyundai Metaplant Georgia,MLP,42,191.76209677419354,176.91842205079075
2024-10-31,Rivian Normal,MLP,42,167.65994623655914,120.4717641504152
2024-10-31,Tesla Fremont Factory,MLP,42,190.11021505376343,184.7827855355231
2024-10-31,Lucid AMP 1 Casa Grande,MLP,42,219.50134408602148,226.55808067850657
2024-10-31,GM Factory Zero,MLP,42,146.7271505376344,125.42711511646851
2024-10-31,Ford Rouge Electric Vehicle Center,MLP,42,147.20833333333331,119.11558587321524
2024-10-31,BMW San Luis Potosi,MLP,42,225.2016129032258,247.6838322805574
2024-11-30,BYD Camacari,MLP,42,253.79722222222225,256.8998688487469
2024-11-30,Tesla Gigafactory Nevada,MLP,42,117.06805555555555,134.8217047869778
2024-11-30,Tesla Gigafactory Texas,MLP,42,151.6361111111111,145.98098577847122
2024-11-30,Hyundai Metaplant Georgia,MLP,42,128.38888888888889,128.93967152643563
2024-11-30,Rivian Normal,MLP,42,75.10833333333333,95.47387748247056
2024-11-30,Tesla Fremont Factory,MLP,42,119.65277777777779,138.88330433158083
2024-11-30,Lucid AMP 1 Casa Grande,MLP,42,163.96944444444443,161.0469946901331
2024-11-30,GM Factory Zero,MLP,42,64.27777777777777,90.71342903815099
2024-11-30,Ford Rouge Electric Vehicle Center,MLP,42,66.01666666666667,85.56751374587155
2024-11-30,BMW San Luis Potosi,MLP,42,215.38194444444443,253.28160595145567
2024-12-31,BYD Camacari,MLP,42,302.8521505376344,277.2044174282765
2024-12-31,Tesla Gigafactory Nevada,MLP,42,95.06854838709677,91.75036796498964
2024-12-31,Tesla Gigafactory Texas,MLP,42,115.30107526881721,114.76016199330907
2024-12-31,Hyundai Metaplant Georgia,MLP,42,124.73924731182795,121.42860811564373
2024-12-31,Rivian Normal,MLP,42,61.30510752688172,57.81872624172771
2024-12-31,Tesla Fremont Factory,MLP,42,91.68279569892472,88.58528646255326
2024-12-31,Lucid AMP 1 Casa Grande,MLP,42,143.70698924731184,133.69608510914262
2024-12-31,GM Factory Zero,MLP,42,45.26478494623656,47.22533508934909
2024-12-31,Ford Rouge Electric Vehicle Center,MLP,42,43.62231182795699,41.561996116751324
2024-12-31,BMW San Luis Potosi,MLP,42,187.47311827956986,246.71071673275964
2024-01-31,BYD Camacari,MLP,67,263.2258064516129,260.3425554171619
2024-01-31,Tesla Gigafactory Nevada,MLP,67,93.5994623655914,118.95273695425688
2024-01-31,Tesla Gigafactory Texas,MLP,67,133.8051075268817,137.21528464435545
2024-01-31,Hyundai Metaplant Georgia,MLP,67,128.3319892473118,103.38996045614343
2024-01-31,Rivian Normal,MLP,67,66.06854838709677,90.94125289080736
2024-01-31,Tesla Fremont Factory,MLP,67,90.82392473118279,97.41517244939476
2024-01-31,Lucid AMP 1 Casa Grande,MLP,67,137.9798387096774,143.37515290072326
2024-01-31,GM Factory Zero,MLP,67,42.969086021505376,75.14175701841823
2024-01-31,Ford Rouge Electric Vehicle Center,MLP,67,41.924731182795696,75.41384715140545
2024-01-31,BMW San Luis Potosi,MLP,67,183.4516129032258,176.03070908633944
2024-02-29,BYD Camacari,MLP,67,250.05172413793105,245.98383746890144
2024-02-29,Tesla Gigafactory Nevada,MLP,67,140.06896551724137,163.3318168151323
2024-02-29,Tesla Gigafactory Texas,MLP,67,158.33908045977012,163.01867961566683
2024-02-29,Hyundai Metaplant Georgia,MLP,67,153.75574712643677,135.33916481397216
2024-02-29,Rivian Normal,MLP,67,147.78735632183907,123.59960408651156
2024-02-29,Tesla Fremont Factory,MLP,67,126.60632183908045,176.75618201275802
2024-02-29,Lucid AMP 1 Casa Grande,MLP,67,176.53879310344828,200.99267574202108
2024-02-29,GM Factory Zero,MLP,67,114.36637931034483,113.79942118496612
2024-02-29,Ford Rouge Electric Vehicle Center,MLP,67,114.98132183908045,122.2843149700008
2024-02-29,BMW San Luis Potosi,MLP,67,230.89511494252872,207.04208283838105
2024-03-31,BYD Camacari,MLP,67,266.5255376344086,259.8728819509822
2024-03-31,Tesla Gigafactory Nevada,MLP,67,192.7016129032258,177.7547817687569
2024-03-31,Tesla Gigafactory Texas,MLP,67,188.81854838709677,172.37323012143014
2024-03-31,Hyundai Metaplant Georgia,MLP,67,187.87231182795696,182.30395371030744
2024-03-31,Rivian Normal,MLP,67,173.11693548387098,171.23328741389824
2024-03-31,Tesla Fremont Factory,MLP,67,189.37231182795696,176.37308544133924
2024-03-31,Lucid AMP 1 Casa Grande,MLP,67,233.08602150537632,227.76423371292486
2024-03-31,GM Factory Zero,MLP,67,134.98387096774192,123.96809971023481
2024-03-31,Ford Rouge Electric Vehicle Center,MLP,67,135.19220430107526,120.32603058869482
2024-03-31,BMW San Luis Potosi,MLP,67,295.6760752688172,272.20712573073274
2024-04-30,BYD Camacari,MLP,67,184.0097222222222,195.3241835111827
2024-04-30,Tesla Gigafactory Nevada,MLP,67,278.4597222222222,257.31213621885456
2024-04-30,Tesla Gigafactory Texas,MLP,67,216.54722222222225,235.46168561208225
2024-04-30,Hyundai Metaplant Georgia,MLP,67,263.20138888888886,225.76185199103466
2024-04-30,Rivian Normal,MLP,67,193.85833333333332,241.9447019550757
2024-04-30,Tesla Fremont Factory,MLP,67,268.85,243.0852553518235
2024-04-30,Lucid AMP 1 Casa Grande,MLP,67,319.31111111111113,307.30009962243497
2024-04-30,GM Factory Zero,MLP,67,204.275,194.9827187625422
2024-04-30,Ford Rouge Electric Vehicle Center,MLP,67,201.80972222222223,190.0925490540535
2024-04-30,BMW San Luis Potosi,MLP,67,316.1097222222222,315.0914191255516
2024-05-31,BYD Camacari,MLP,67,190.63709677419354,170.42301502237476
2024-05-31,Tesla Gigafactory Nevada,MLP,67,338.80779569892474,297.42812592821105
2024-05-31,Tesla Gigafactory Texas,MLP,67,229.73655913978493,269.83356896641766
2024-05-31,Hyundai Metaplant Georgia,MLP,67,257.39381720430106,270.6661003768661
2024-05-31,Rivian Normal,MLP,67,264.4139784946237,201.64611577681347
2024-05-31,Tesla Fremont Factory,MLP,67,329.3817204301075,301.01508744685395
2024-05-31,Lucid AMP 1 Casa Grande,MLP,67,350.38440860215053,347.64852541179994
2024-05-31,GM Factory Zero,MLP,67,249.9543010752688,265.8794261522822
2024-05-31,Ford Rouge Electric Vehicle Center,MLP,67,252.0793010752688,263.4706902967824
2024-05-31,BMW San Luis Potosi,MLP,67,320.3938172043011,303.0259887643293
2024-06-30,BYD Camacari,MLP,67,180.60694444444442,167.67098102964903
2024-06-30,Tesla Gigafactory Nevada,MLP,67,351.66805555555555,348.7622821674616
2024-06-30,Tesla Gigafactory Texas,MLP,67,297.1555555555555,287.4513953929852
2024-06-30,Hyundai Metaplant Georgia,MLP,67,283.19305555555553,282.8159866257413
2024-06-30,Rivian Normal,MLP,67,280.38194444444446,260.924257178551
2024-06-30,Tesla Fremont Factory,MLP,67,351.7125,344.7479344958149
2024-06-30,Lucid AMP 1 Casa Grande,MLP,67,331.58194444444445,355.95448291838994
2024-06-30,GM Factory Zero,MLP,67,248.35,274.64045559877525
2024-06-30,Ford Rouge Electric Vehicle Center,MLP,67,250.30694444444444,273.3608049808777
2024-06-30,BMW San Luis Potosi,MLP,67,274.2277777777778,270.1907220845816
2024-07-31,BYD Camacari,MLP,67,203.36559139784944,184.4260542832538
2024-07-31,Tesla Gigafactory Nevada,MLP,67,329.9233870967742,324.01747270620547
2024-07-31,Tesla Gigafactory Texas,MLP,67,269.8413978494624,282.8713021069924
2024-07-31,Hyundai Metaplant Georgia,MLP,67,245.24059139784944,266.75274291007804
2024-07-31,Rivian Normal,MLP,67,270.79569892473114,267.39809668178043
2024-07-31,Tesla Fremont Factory,MLP,67,339.43817204301075,341.8187815046367
2024-07-31,Lucid AMP 1 Casa Grande,MLP,67,324.9180107526882,320.22269634296146
2024-07-31,GM Factory Zero,MLP,67,255.46505376344084,245.684544046678
2024-07-31,Ford Rouge Electric Vehicle Center,MLP,67,255.49193548387098,237.97174041310512
2024-07-31,BMW San Luis Potosi,MLP,67,240.14650537634407,295.8273184857757
2024-08-31,BYD Camacari,MLP,67,224.1491935483871,211.6307594825756
2024-08-31,Tesla Gigafactory Nevada,MLP,67,303.0147849462366,289.2889590388168
2024-08-31,Tesla Gigafactory Texas,MLP,67,286.88440860215053,285.09680107998275
2024-08-31,Hyundai Metaplant Georgia,MLP,67,234.99193548387098,228.18168250602508
2024-08-31,Rivian Normal,MLP,67,251.71774193548387,233.92290714871442
2024-08-31,Tesla Fremont Factory,MLP,67,300.78629032258067,297.0507255106589
2024-08-31,Lucid AMP 1 Casa Grande,MLP,67,283.14516129032256,294.02213585553466
2024-08-31,GM Factory Zero,MLP,67,228.71236559139783,240.2072015632577
2024-08-31,Ford Rouge Electric Vehicle Center,MLP,67,227.54973118279568,239.56372484587664
2024-08-31,BMW San Luis Potosi,MLP,67,270.51747311827955,297.7827697029352
2024-09-30,BYD Camacari,MLP,67,248.18888888888887,240.51249823877646
2024-09-30,Tesla Gigafactory Nevada,MLP,67,247.60833333333332,254.13000450957395
2024-09-30,Tesla Gigafactory Texas,MLP,67,242.84305555555554,242.3648503869764
2024-09-30,Hyundai Metaplant Georgia,MLP,67,181.27916666666667,205.88890852740337
2024-09-30,Rivian Normal,MLP,67,206.58333333333334,181.86903248967658
2024-09-30,Tesla Fremont Factory,MLP,67,249.20416666666668,252.10430916399991
2024-09-30,Lucid AMP 1 Casa Grande,MLP,67,274.7944444444445,252.1406783990875
2024-09-30,GM Factory Zero,MLP,67,188.0097222222222,161.91442999747338
2024-09-30,Ford Rouge Electric Vehicle Center,MLP,67,189.1625,162.33576522807857
2024-09-30,BMW San Luis Potosi,MLP,67,214.35277777777776,274.9080701690613
2024-10-31,BYD Camacari,MLP,67,267.252688172043,234.54606575911254
2024-10-31,Tesla Gigafactory Nevada,MLP,67,177.8709677419355,177.81640431024155
2024-10-31,Tesla Gigafactory Texas,MLP,67,215.73655913978493,181.07786093174047
2024-10-31,Hyundai Metaplant Georgia,MLP,67,191.76209677419354,181.2811701280982
2024-10-31,Rivian Normal,MLP,67,167.65994623655914,121.42391396186014
2024-10-31,Tesla Fremont Factory,MLP,67,190.11021505376343,179.32764658795156
2024-10-31,Lucid AMP 1 Casa Grande,MLP,67,219.50134408602148,214.6525350152836
2024-10-31,GM Factory Zero,MLP,67,146.7271505376344,119.7410675739136
2024-10-31,Ford Rouge Electric Vehicle Center,MLP,67,147.20833333333331,115.81983885471188
2024-10-31,BMW San Luis Potosi,MLP,67,225.2016129032258,246.76504120925753
2024-11-30,BYD Camacari,MLP,67,253.79722222222225,276.196756411474
2024-11-30,Tesla Gigafactory Nevada,MLP,67,117.06805555555555,130.20111309416194
2024-11-30,Tesla Gigafactory Texas,MLP,67,151.6361111111111,147.57302036365553
2024-11-30,Hyundai Metaplant Georgia,MLP,67,128.38888888888889,127.16068523562748
2024-11-30,Rivian Normal,MLP,67,75.10833333333333,105.9660420185723
2024-11-30,Tesla Fremont Factory,MLP,67,119.65277777777779,145.1859312627391
2024-11-30,Lucid AMP 1 Casa Grande,MLP,67,163.96944444444443,166.90831807640305
2024-11-30,GM Factory Zero,MLP,67,64.27777777777777,81.3671326534033
2024-11-30,Ford Rouge Electric Vehicle Center,MLP,67,66.01666666666667,81.01751512763065
2024-11-30,BMW San Luis Potosi,MLP,67,215.38194444444443,224.47404264182956
2024-12-31,BYD Camacari,MLP,67,302.8521505376344,280.70560909126345
2024-12-31,Tesla Gigafactory Nevada,MLP,67,95.06854838709677,89.08677399012947
2024-12-31,Tesla Gigafactory Texas,MLP,67,115.30107526881721,116.7021575793712
2024-12-31,Hyundai Metaplant Georgia,MLP,67,124.73924731182795,121.3387410070729
2024-12-31,Rivian Normal,MLP,67,61.30510752688172,50.07868790919323
2024-12-31,Tesla Fremont Factory,MLP,67,91.68279569892472,91.96515243083817
2024-12-31,Lucid AMP 1 Casa Grande,MLP,67,143.70698924731184,136.37085349703818
2024-12-31,GM Factory Zero,MLP,67,45.26478494623656,32.93632611698172
2024-12-31,Ford Rouge Electric Vehicle Center,MLP,67,43.62231182795699,29.00606550603481
2024-12-31,BMW San Luis Potosi,MLP,67,187.47311827956986,214.29959455115176
2024-01-31,BYD Camacari,MLP,89,263.2258064516129,273.83247326615003
2024-01-31,Tesla Gigafactory Nevada,MLP,89,93.5994623655914,104.87258688714391
2024-01-31,Tesla Gigafactory Texas,MLP,89,133.8051075268817,144.86695955933507
2024-01-31,Hyundai Metaplant Georgia,MLP,89,128.3319892473118,109.30282167583384
2024-01-31,Rivian Normal,MLP,89,66.06854838709677,78.39515397092596
2024-01-31,Tesla Fremont Factory,MLP,89,90.82392473118279,96.17001193678028
2024-01-31,Lucid AMP 1 Casa Grande,MLP,89,137.9798387096774,144.81067521149978
2024-01-31,GM Factory Zero,MLP,89,42.969086021505376,69.07607554886071
2024-01-31,Ford Rouge Electric Vehicle Center,MLP,89,41.924731182795696,64.93409718795873
2024-01-31,BMW San Luis Potosi,MLP,89,183.4516129032258,199.42492683568105
2024-02-29,BYD Camacari,MLP,89,250.05172413793105,253.82303258399764
2024-02-29,Tesla Gigafactory Nevada,MLP,89,140.06896551724137,154.9951405531549
2024-02-29,Tesla Gigafactory Texas,MLP,89,158.33908045977012,155.30278033330063
2024-02-29,Hyundai Metaplant Georgia,MLP,89,153.75574712643677,138.640745572232
2024-02-29,Rivian Normal,MLP,89,147.78735632183907,124.17898086570321
2024-02-29,Tesla Fremont Factory,MLP,89,126.60632183908045,168.66361374379966
2024-02-29,Lucid AMP 1 Casa Grande,MLP,89,176.53879310344828,200.3773758680331
2024-02-29,GM Factory Zero,MLP,89,114.36637931034483,99.60490417796095
2024-02-29,Ford Rouge Electric Vehicle Center,MLP,89,114.98132183908045,109.84200336895763
2024-02-29,BMW San Luis Potosi,MLP,89,230.89511494252872,197.57393138504693
2024-03-31,BYD Camacari,MLP,89,266.5255376344086,241.3158854209636
2024-03-31,Tesla Gigafactory Nevada,MLP,89,192.7016129032258,184.89848861981676
2024-03-31,Tesla Gigafactory Texas,MLP,89,188.81854838709677,190.30630763415604
2024-03-31,Hyundai Metaplant Georgia,MLP,89,187.87231182795696,190.10878971755267
2024-03-31,Rivian Normal,MLP,89,173.11693548387098,172.74073876734548
2024-03-31,Tesla Fremont Factory,MLP,89,189.37231182795696,189.05920689423556
2024-03-31,Lucid AMP 1 Casa Grande,MLP,89,233.08602150537632,213.02917003434598
2024-03-31,GM Factory Zero,MLP,89,134.98387096774192,127.58628983532549
2024-03-31,Ford Rouge Electric Vehicle Center,MLP,89,135.19220430107526,125.4679531964358
2024-03-31,BMW San Luis Potosi,MLP,89,295.6760752688172,255.67918480846802
2024-04-30,BYD Camacari,MLP,89,184.0097222222222,213.73505238719298
2024-04-30,Tesla Gigafactory Nevada,MLP,89,278.4597222222222,264.2998971258835
2024-04-30,Tesla Gigafactory Texas,MLP,89,216.54722222222225,232.34597418698618
2024-04-30,Hyundai Metaplant Georgia,MLP,89,263.20138888888886,227.16039779906419
2024-04-30,Rivian Normal,MLP,89,193.85833333333332,234.30558331197926
2024-04-30,Tesla Fremont Factory,MLP,89,268.85,247.57012136103447
2024-04-30,Lucid AMP 1 Casa Grande,MLP,89,319.31111111111113,302.5173633562783
2024-04-30,GM Factory Zero,MLP,89,204.275,191.89520407195744
2024-04-30,Ford Rouge Electric Vehicle Center,MLP,89,201.80972222222223,201.80862085380386
2024-04-30,BMW San Luis Potosi,MLP,89,316.1097222222222,330.80060452936857
2024-05-31,BYD Camacari,MLP,89,190.63709677419354,184.6457113869621
2024-05-31,Tesla Gigafactory Nevada,MLP,89,338.80779569892474,286.40361095780764
2024-05-31,Tesla Gigafactory Texas,MLP,89,229.73655913978493,260.4278710558357
2024-05-31,Hyundai Metaplant Georgia,MLP,89,257.39381720430106,254.47456777826423
2024-05-31,Rivian Normal,MLP,89,264.4139784946237,235.5910211083969
2024-05-31,Tesla Fremont Factory,MLP,89,329.3817204301075,294.7189066542341
2024-05-31,Lucid AMP 1 Casa Grande,MLP,89,350.38440860215053,355.8979473057313
2024-05-31,GM Factory Zero,MLP,89,249.9543010752688,271.6903549589208
2024-05-31,Ford Rouge Electric Vehicle Center,MLP,89,252.0793010752688,272.33834086801147
2024-05-31,BMW San Luis Potosi,MLP,89,320.3938172043011,320.35414548116745
2024-06-30,BYD Camacari,MLP,89,180.60694444444442,178.044190515319
2024-06-30,Tesla Gigafactory Nevada,MLP,89,351.66805555555555,355.56517677052204
2024-06-30,Tesla Gigafactory Texas,MLP,89,297.1555555555555,282.54239039828855
2024-06-30,Hyundai Metaplant Georgia,MLP,89,283.19305555555553,282.99227371105303
2024-06-30,Rivian Normal,MLP,89,280.38194444444446,261.5765268046932
2024-06-30,Tesla Fremont Factory,MLP,89,351.7125,357.51755009496975
2024-06-30,Lucid AMP 1 Casa Grande,MLP,89,331.58194444444445,359.43515330124086
2024-06-30,GM Factory Zero,MLP,89,248.35,276.228282763525
2024-06-30,Ford Rouge Electric Vehicle Center,MLP,89,250.30694444444444,261.6672516994487
2024-06-30,BMW San Luis Potosi,MLP,89,274.2277777777778,289.3048756507545
2024-07-31,BYD Camacari,MLP,89,203.36559139784944,182.09372273409053
2024-07-31,Tesla Gigafactory Nevada,MLP,89,329.9233870967742,339.8135677664749
2024-07-31,Tesla Gigafactory Texas,MLP,89,269.8413978494624,296.987247695874
2024-07-31,Hyundai Metaplant Georgia,MLP,89,245.24059139784944,271.65270137933135
2024-07-31,Rivian Normal,MLP,89,270.79569892473114,263.8149494526574
2024-07-31,Tesla Fremont Factory,MLP,89,339.43817204301075,344.366774954046
2024-07-31,Lucid AMP 1 Casa Grande,MLP,89,324.9180107526882,304.1409176322116
2024-07-31,GM Factory Zero,MLP,89,255.46505376344084,251.62829387722323
2024-07-31,Ford Rouge Electric Vehicle Center,MLP,89,255.49193548387098,255.742749368399
2024-07-31,BMW San Luis Potosi,MLP,89,240.14650537634407,314.8266377302132
2024-08-31,BYD Camacari,MLP,89,224.1491935483871,209.23821908454119
2024-08-31,Tesla Gigafactory Nevada,MLP,89,303.0147849462366,282.462514842732
2024-08-31,Tesla Gigafactory Texas,MLP,89,286.88440860215053,280.1520766749257
2024-08-31,Hyundai Metaplant Georgia,MLP,89,234.99193548387098,228.09774761647242
2024-08-31,Rivian Normal,MLP,89,251.71774193548387,221.07945290913435
2024-08-31,Tesla Fremont Factory,MLP,89,300.78629032258067,287.4541360408097
2024-08-31,Lucid AMP 1 Casa Grande,MLP,89,283.14516129032256,299.9278820262383
2024-08-31,GM Factory Zero,MLP,89,228.71236559139783,222.69789981692804
2024-08-31,Ford Rouge Electric Vehicle Center,MLP,89,227.54973118279568,225.97738906378027
2024-08-31,BMW San Luis Potosi,MLP,89,270.51747311827955,287.2137316966881
2024-09-30,BYD Camacari,MLP,89,248.18888888888887,236.87782670217024
2024-09-30,Tesla Gigafactory Nevada,MLP,89,247.60833333333332,251.0870607121842
2024-09-30,Tesla Gigafactory Texas,MLP,89,242.84305555555554,230.88510246680806
2024-09-30,Hyundai Metaplant Georgia,MLP,89,181.27916666666667,206.43614139916565
2024-09-30,Rivian Normal,MLP,89,206.58333333333334,188.1853754914777
2024-09-30,Tesla Fremont Factory,MLP,89,249.20416666666668,249.71460803500196
2024-09-30,Lucid AMP 1 Casa Grande,MLP,89,274.7944444444445,256.07430745097423
2024-09-30,GM Factory Zero,MLP,89,188.0097222222222,164.63001616762162
2024-09-30,Ford Rouge Electric Vehicle Center,MLP,89,189.1625,159.53666748974206
2024-09-30,BMW San Luis Potosi,MLP,89,214.35277777777776,264.3973284921321
2024-10-31,BYD Camacari,MLP,89,267.252688172043,247.8558138586306
2024-10-31,Tesla Gigafactory Nevada,MLP,89,177.8709677419355,161.67623110593553
2024-10-31,Tesla Gigafactory Texas,MLP,89,215.73655913978493,187.3579512304074
2024-10-31,Hyundai Metaplant Georgia,MLP,89,191.76209677419354,184.0638375880145
2024-10-31,Rivian Normal,MLP,89,167.65994623655914,104.22690402343416
2024-10-31,Tesla Fremont Factory,MLP,89,190.11021505376343,175.27493226448155
2024-10-31,Lucid AMP 1 Casa Grande,MLP,89,219.50134408602148,230.57155608210138
2024-10-31,GM Factory Zero,MLP,89,146.7271505376344,115.8242363308913
2024-10-31,Ford Rouge Electric Vehicle Center,MLP,89,147.20833333333331,110.14040601787053
2024-10-31,BMW San Luis Potosi,MLP,89,225.2016129032258,259.73599129357245
2024-11-30,BYD Camacari,MLP,89,253.79722222222225,266.9535884791266
2024-11-30,Tesla Gigafactory Nevada,MLP,89,117.06805555555555,132.46297472501567
2024-11-30,Tesla Gigafactory Texas,MLP,89,151.6361111111111,149.4643641494548
2024-11-30,Hyundai Metaplant Georgia,MLP,89,128.38888888888889,131.7497050368061
2024-11-30,Rivian Normal,MLP,89,75.10833333333333,90.5682836256087
2024-11-30,Tesla Fremont Factory,MLP,89,119.65277777777779,137.90301035034318
2024-11-30,Lucid AMP 1 Casa Grande,MLP,89,163.96944444444443,171.32489286677688
2024-11-30,GM Factory Zero,MLP,89,64.27777777777777,91.18760838229791
2024-11-30,Ford Rouge Electric Vehicle Center,MLP,89,66.01666666666667,87.36022110229399
2024-11-30,BMW San Luis Potosi,MLP,89,215.38194444444443,248.00258861785284
2024-12-31,BYD Camacari,MLP,89,302.8521505376344,263.13226219988906
2024-12-31,Tesla Gigafactory Nevada,MLP,89,95.06854838709677,87.80579883599945
2024-12-31,Tesla Gigafactory Texas,MLP,89,115.30107526881721,108.75201980060194
2024-12-31,Hyundai Metaplant Georgia,MLP,89,124.73924731182795,112.40795559733625
2024-12-31,Rivian Normal,MLP,89,61.30510752688172,42.2067900318645
2024-12-31,Tesla Fremont Factory,MLP,89,91.68279569892472,86.0598962875353
2024-12-31,Lucid AMP 1 Casa Grande,MLP,89,143.70698924731184,135.6508332579141
2024-12-31,GM Factory Zero,MLP,89,45.26478494623656,37.593154228162334
2024-12-31,Ford Rouge Electric Vehicle Center,MLP,89,43.62231182795699,30.203350431573767
2024-12-31,BMW San Luis Potosi,MLP,89,187.47311827956986,218.2660399695643
2024-01-31,BYD Camacari,RNN,11,263.2258064516129,258.278701095251
2024-01-31,Tesla Gigafactory Nevada,RNN,11,93.5994623655914,103.3425601052561
2024-01-31,Tesla Gigafactory Texas,RNN,11,133.8051075268817,140.1741772950577
2024-01-31,Hyundai Metaplant Georgia,RNN,11,128.3319892473118,124.00571329062504
2024-01-31,Rivian Normal,RNN,11,66.06854838709677,62.546877106927056
2024-01-31,Tesla Fremont Factory,RNN,11,90.82392473118279,105.73268669013494
2024-01-31,Lucid AMP 1 Casa Grande,RNN,11,137.9798387096774,141.70811004717785
2024-01-31,GM Factory Zero,RNN,11,42.969086021505376,65.20647871207352
2024-01-31,Ford Rouge Electric Vehicle Center,RNN,11,41.924731182795696,57.76661675845649
2024-01-31,BMW San Luis Potosi,RNN,11,183.4516129032258,179.20396617557654
2024-02-29,BYD Camacari,RNN,11,250.05172413793105,251.7228659087772
2024-02-29,Tesla Gigafactory Nevada,RNN,11,140.06896551724137,147.6242398593321
2024-02-29,Tesla Gigafactory Texas,RNN,11,158.33908045977012,156.0855393077257
2024-02-29,Hyundai Metaplant Georgia,RNN,11,153.75574712643677,153.61657669964015
2024-02-29,Rivian Normal,RNN,11,147.78735632183907,94.5007001691528
2024-02-29,Tesla Fremont Factory,RNN,11,126.60632183908045,145.3711640766104
2024-02-29,Lucid AMP 1 Casa Grande,RNN,11,176.53879310344828,184.55896540091084
2024-02-29,GM Factory Zero,RNN,11,114.36637931034483,98.46634355641527
2024-02-29,Ford Rouge Electric Vehicle Center,RNN,11,114.98132183908045,92.81004263727347
2024-02-29,BMW San Luis Potosi,RNN,11,230.89511494252872,241.71801308494423
2024-03-31,BYD Camacari,RNN,11,266.5255376344086,230.63282078388397
2024-03-31,Tesla Gigafactory Nevada,RNN,11,192.7016129032258,208.3232343626933
2024-03-31,Tesla Gigafactory Texas,RNN,11,188.81854838709677,182.026557665839
2024-03-31,Hyundai Metaplant Georgia,RNN,11,187.87231182795696,190.99458571932007
2024-03-31,Rivian Normal,RNN,11,173.11693548387098,163.1559566945158
2024-03-31,Tesla Fremont Factory,RNN,11,189.37231182795696,194.2865383006966
2024-03-31,Lucid AMP 1 Casa Grande,RNN,11,233.08602150537632,239.91040704417776
2024-03-31,GM Factory Zero,RNN,11,134.98387096774192,148.8106824307993
2024-03-31,Ford Rouge Electric Vehicle Center,RNN,11,135.19220430107526,147.21743589500798
2024-03-31,BMW San Luis Potosi,RNN,11,295.6760752688172,280.1112541936899
2024-04-30,BYD Camacari,RNN,11,184.0097222222222,212.7171584683
2024-04-30,Tesla Gigafactory Nevada,RNN,11,278.4597222222222,261.1264965148062
2024-04-30,Tesla Gigafactory Texas,RNN,11,216.54722222222225,212.3246147848105
2024-04-30,Hyundai Metaplant Georgia,RNN,11,263.20138888888886,222.8929047207999
2024-04-30,Rivian Normal,RNN,11,193.85833333333332,224.9377012392206
2024-04-30,Tesla Fremont Factory,RNN,11,268.85,258.44324466934876
2024-04-30,Lucid AMP 1 Casa Grande,RNN,11,319.31111111111113,296.4766105488584
2024-04-30,GM Factory Zero,RNN,11,204.275,195.72306427471742
2024-04-30,Ford Rouge Electric Vehicle Center,RNN,11,201.80972222222223,195.58130321737147
2024-04-30,BMW San Luis Potosi,RNN,11,316.1097222222222,311.14636591629636
2024-05-31,BYD Camacari,RNN,11,190.63709677419354,155.66418141510678
2024-05-31,Tesla Gigafactory Nevada,RNN,11,338.80779569892474,310.53397021237294
2024-05-31,Tesla Gigafactory Texas,RNN,11,229.73655913978493,249.01343839799847
2024-05-31,Hyundai Metaplant Georgia,RNN,11,257.39381720430106,257.6578926472895
2024-05-31,Rivian Normal,RNN,11,264.4139784946237,245.3952816844147
2024-05-31,Tesla Fremont Factory,RNN,11,329.3817204301075,311.74064307037645
2024-05-31,Lucid AMP 1 Casa Grande,RNN,11,350.38440860215053,344.9463092429664
2024-05-31,GM Factory Zero,RNN,11,249.9543010752688,254.82696962348555
2024-05-31,Ford Rouge Electric Vehicle Center,RNN,11,252.0793010752688,252.03924530616365
2024-05-31,BMW San Luis Potosi,RNN,11,320.3938172043011,315.4257992749573
2024-06-30,BYD Camacari,RNN,11,180.60694444444442,165.8880594524565
2024-06-30,Tesla Gigafactory Nevada,RNN,11,351.66805555555555,345.2185902114437
2024-06-30,Tesla Gigafactory Texas,RNN,11,297.1555555555555,286.72800026609696
2024-06-30,Hyundai Metaplant Georgia,RNN,11,283.19305555555553,269.928215743393
2024-06-30,Rivian Normal,RNN,11,280.38194444444446,260.51716110647044
2024-06-30,Tesla Fremont Factory,RNN,11,351.7125,340.1884836099481
2024-06-30,Lucid AMP 1 Casa Grande,RNN,11,331.58194444444445,348.7805101266712
2024-06-30,GM Factory Zero,RNN,11,248.35,272.236611599152
2024-06-30,Ford Rouge Electric Vehicle Center,RNN,11,250.30694444444444,274.5444483858096
2024-06-30,BMW San Luis Potosi,RNN,11,274.2277777777778,302.42321677642167
2024-07-31,BYD Camacari,RNN,11,203.36559139784944,181.81775368375565
2024-07-31,Tesla Gigafactory Nevada,RNN,11,329.9233870967742,332.92781839910964
2024-07-31,Tesla Gigafactory Texas,RNN,11,269.8413978494624,307.38156664051036
2024-07-31,Hyundai Metaplant Georgia,RNN,11,245.24059139784944,266.07376903343584
2024-07-31,Rivian Normal,RNN,11,270.79569892473114,267.81013571110464
2024-07-31,Tesla Fremont Factory,RNN,11,339.43817204301075,332.28557772855925
2024-07-31,Lucid AMP 1 Casa Grande,RNN,11,324.9180107526882,311.820010589632
2024-07-31,GM Factory Zero,RNN,11,255.46505376344084,255.98464539834035
2024-07-31,Ford Rouge Electric Vehicle Center,RNN,11,255.49193548387098,257.0177048035499
2024-07-31,BMW San Luis Potosi,RNN,11,240.14650537634407,277.50377273567585
2024-08-31,BYD Camacari,RNN,11,224.1491935483871,226.27470726103232
2024-08-31,Tesla Gigafactory Nevada,RNN,11,303.0147849462366,293.9761615237535
2024-08-31,Tesla Gigafactory Texas,RNN,11,286.88440860215053,275.9757482882149
2024-08-31,Hyundai Metaplant Georgia,RNN,11,234.99193548387098,229.409193407624
2024-08-31,Rivian Normal,RNN,11,251.71774193548387,241.49659493028798
2024-08-31,Tesla Fremont Factory,RNN,11,300.78629032258067,297.3843109732487
2024-08-31,Lucid AMP 1 Casa Grande,RNN,11,283.14516129032256,278.89869872287557
2024-08-31,GM Factory Zero,RNN,11,228.71236559139783,217.85367212424248
2024-08-31,Ford Rouge Electric Vehicle Center,RNN,11,227.54973118279568,220.53854392714607
2024-08-31,BMW San Luis Potosi,RNN,11,270.51747311827955,247.50590978218344
2024-09-30,BYD Camacari,RNN,11,248.18888888888887,244.22711646140266
2024-09-30,Tesla Gigafactory Nevada,RNN,11,247.60833333333332,238.57298513722196
2024-09-30,Tesla Gigafactory Texas,RNN,11,242.84305555555554,232.15110977442677
2024-09-30,Hyundai Metaplant Georgia,RNN,11,181.27916666666667,208.8855653983611
2024-09-30,Rivian Normal,RNN,11,206.58333333333334,190.23680306450336
2024-09-30,Tesla Fremont Factory,RNN,11,249.20416666666668,247.94133888820858
2024-09-30,Lucid AMP 1 Casa Grande,RNN,11,274.7944444444445,254.95530426914814
2024-09-30,GM Factory Zero,RNN,11,188.0097222222222,165.91300657084713
2024-09-30,Ford Rouge Electric Vehicle Center,RNN,11,189.1625,160.25260887532676
2024-09-30,BMW San Luis Potosi,RNN,11,214.35277777777776,230.2810168565922
2024-10-31,BYD Camacari,RNN,11,267.252688172043,259.02374579076485
2024-10-31,Tesla Gigafactory Nevada,RNN,11,177.8709677419355,182.70324088590334
2024-10-31,Tesla Gigafactory Texas,RNN,11,215.73655913978493,183.4903870517368
2024-10-31,Hyundai Metaplant Georgia,RNN,11,191.76209677419354,156.5340959209428
2024-10-31,Rivian Normal,RNN,11,167.65994623655914,153.7363826084121
2024-10-31,Tesla Fremont Factory,RNN,11,190.11021505376343,183.55679039243861
2024-10-31,Lucid AMP 1 Casa Grande,RNN,11,219.50134408602148,219.2505799688439
2024-10-31,GM Factory Zero,RNN,11,146.7271505376344,118.70266488566995
2024-10-31,Ford Rouge Electric Vehicle Center,RNN,11,147.20833333333331,115.95534567994909
2024-10-31,BMW San Luis Potosi,RNN,11,225.2016129032258,201.11693506267284
2024-11-30,BYD Camacari,RNN,11,253.79722222222225,261.1709554050398
2024-11-30,Tesla Gigafactory Nevada,RNN,11,117.06805555555555,120.7545086893657
2024-11-30,Tesla Gigafactory Texas,RNN,11,151.6361111111111,145.11185641518685
2024-11-30,Hyundai Metaplant Georgia,RNN,11,128.38888888888889,131.9624767528987
2024-11-30,Rivian Normal,RNN,11,75.10833333333333,108.94947069044156
2024-11-30,Tesla Fremont Factory,RNN,11,119.65277777777779,123.89749256214026
2024-11-30,Lucid AMP 1 Casa Grande,RNN,11,163.96944444444443,162.2151544724601
2024-11-30,GM Factory Zero,RNN,11,64.27777777777777,81.35858023458938
2024-11-30,Ford Rouge Electric Vehicle Center,RNN,11,66.01666666666667,81.38186400924812
2024-11-30,BMW San Luis Potosi,RNN,11,215.38194444444443,187.7476649041618
2024-12-31,BYD Camacari,RNN,11,302.8521505376344,250.9024731167542
2024-12-31,Tesla Gigafactory Nevada,RNN,11,95.06854838709677,83.95623904410066
2024-12-31,Tesla Gigafactory Texas,RNN,11,115.30107526881721,125.80245811592347
2024-12-31,Hyundai Metaplant Georgia,RNN,11,124.73924731182795,117.85317238183913
2024-12-31,Rivian Normal,RNN,11,61.30510752688172,53.98429718126433
2024-12-31,Tesla Fremont Factory,RNN,11,91.68279569892472,92.04779941360431
2024-12-31,Lucid AMP 1 Casa Grande,RNN,11,143.70698924731184,141.65134077904727
2024-12-31,GM Factory Zero,RNN,11,45.26478494623656,45.51807872524057
2024-12-31,Ford Rouge Electric Vehicle Center,RNN,11,43.62231182795699,41.351084383984855
2024-12-31,BMW San Luis Potosi,RNN,11,187.47311827956986,181.4678344625419
2024-01-31,BYD Camacari,RNN,23,263.2258064516129,273.6968328829414
2024-01-31,Tesla Gigafactory Nevada,RNN,23,93.5994623655914,108.8317135818129
2024-01-31,Tesla Gigafactory Texas,RNN,23,133.8051075268817,143.62902999420962
2024-01-31,Hyundai Metaplant Georgia,RNN,23,128.3319892473118,119.6304146707138
2024-01-31,Rivian Normal,RNN,23,66.06854838709677,68.9824794450955
2024-01-31,Tesla Fremont Factory,RNN,23,90.82392473118279,100.04994869123489
2024-01-31,Lucid AMP 1 Casa Grande,RNN,23,137.9798387096774,145.15287862971766
2024-01-31,GM Factory Zero,RNN,23,42.969086021505376,55.36217759784484
2024-01-31,Ford Rouge Electric Vehicle Center,RNN,23,41.924731182795696,51.3518825467963
2024-01-31,BMW San Luis Potosi,RNN,23,183.4516129032258,196.32353541259005
2024-02-29,BYD Camacari,RNN,23,250.05172413793105,250.3538769184742
2024-02-29,Tesla Gigafactory Nevada,RNN,23,140.06896551724137,150.0801614280236
2024-02-29,Tesla Gigafactory Texas,RNN,23,158.33908045977012,156.65689872125145
2024-02-29,Hyundai Metaplant Georgia,RNN,23,153.75574712643677,161.9746579440531
2024-02-29,Rivian Normal,RNN,23,147.78735632183907,97.66587581283224
2024-02-29,Tesla Fremont Factory,RNN,23,126.60632183908045,139.66219895794706
2024-02-29,Lucid AMP 1 Casa Grande,RNN,23,176.53879310344828,188.06473164102164
2024-02-29,GM Factory Zero,RNN,23,114.36637931034483,91.8505626917099
2024-02-29,Ford Rouge Electric Vehicle Center,RNN,23,114.98132183908045,93.7607817755558
2024-02-29,BMW San Luis Potosi,RNN,23,230.89511494252872,232.55585909730965
2024-03-31,BYD Camacari,RNN,23,266.5255376344086,217.18005523281875
2024-03-31,Tesla Gigafactory Nevada,RNN,23,192.7016129032258,205.84618523895716
2024-03-31,Tesla Gigafactory Texas,RNN,23,188.81854838709677,183.85353184603557
2024-03-31,Hyundai Metaplant Georgia,RNN,23,187.87231182795696,200.30701405643134
2024-03-31,Rivian Normal,RNN,23,173.11693548387098,167.63233114414479
2024-03-31,Tesla Fremont Factory,RNN,23,189.37231182795696,201.01440769166663
2024-03-31,Lucid AMP 1 Casa Grande,RNN,23,233.08602150537632,243.02405978740865
2024-03-31,GM Factory Zero,RNN,23,134.98387096774192,157.7634618130529
2024-03-31,Ford Rouge Electric Vehicle Center,RNN,23,135.19220430107526,165.17315757774668
2024-03-31,BMW San Luis Potosi,RNN,23,295.6760752688172,295.5804662863894
2024-04-30,BYD Camacari,RNN,23,184.0097222222222,203.11135938407114
2024-04-30,Tesla Gigafactory Nevada,RNN,23,278.4597222222222,263.61021534178315
2024-04-30,Tesla Gigafactory Texas,RNN,23,216.54722222222225,224.16319479208482
2024-04-30,Hyundai Metaplant Georgia,RNN,23,263.20138888888886,232.80217583461473
2024-04-30,Rivian Normal,RNN,23,193.85833333333332,214.9862130640816
2024-04-30,Tesla Fremont Factory,RNN,23,268.85,263.5987423175659
2024-04-30,Lucid AMP 1 Casa Grande,RNN,23,319.31111111111113,316.8541493986323
2024-04-30,GM Factory Zero,RNN,23,204.275,192.23109331257027
2024-04-30,Ford Rouge Electric Vehicle Center,RNN,23,201.80972222222223,201.19761117310077
2024-04-30,BMW San Luis Potosi,RNN,23,316.1097222222222,311.39291796873334
2024-05-31,BYD Camacari,RNN,23,190.63709677419354,175.71383724936476
2024-05-31,Tesla Gigafactory Nevada,RNN,23,338.80779569892474,321.6504317924434
2024-05-31,Tesla Gigafactory Texas,RNN,23,229.73655913978493,262.4357822577479
2024-05-31,Hyundai Metaplant Georgia,RNN,23,257.39381720430106,261.6197774959828
2024-05-31,Rivian Normal,RNN,23,264.4139784946237,236.99658293196913
2024-05-31,Tesla Fremont Factory,RNN,23,329.3817204301075,317.9442610628128
2024-05-31,Lucid AMP 1 Casa Grande,RNN,23,350.38440860215053,357.1185519003019
2024-05-31,GM Factory Zero,RNN,23,249.9543010752688,254.19054470386985
2024-05-31,Ford Rouge Electric Vehicle Center,RNN,23,252.0793010752688,241.52864143432623
2024-05-31,BMW San Luis Potosi,RNN,23,320.3938172043011,317.20578624796804
2024-06-30,BYD Camacari,RNN,23,180.60694444444442,179.40790436246624
2024-06-30,Tesla Gigafactory Nevada,RNN,23,351.66805555555555,353.6634833128195
2024-06-30,Tesla Gigafactory Texas,RNN,23,297.1555555555555,287.0829249756631
2024-06-30,Hyundai Metaplant Georgia,RNN,23,283.19305555555553,269.17369967939396
2024-06-30,Rivian Normal,RNN,23,280.38194444444446,269.4001562774022
2024-06-30,Tesla Fremont Factory,RNN,23,351.7125,349.08448651059393
2024-06-30,Lucid AMP 1 Casa Grande,RNN,23,331.58194444444445,360.9970935359517
2024-06-30,GM Factory Zero,RNN,23,248.35,285.28747704303606
2024-06-30,Ford Rouge Electric Vehicle Center,RNN,23,250.30694444444444,268.0105253965276
2024-06-30,BMW San Luis Potosi,RNN,23,274.2277777777778,303.38488535767283
2024-07-31,BYD Camacari,RNN,23,203.36559139784944,192.36983324537275
2024-07-31,Tesla Gigafactory Nevada,RNN,23,329.9233870967742,340.6335543391205
2024-07-31,Tesla Gigafactory Texas,RNN,23,269.8413978494624,298.93208183075797
2024-07-31,Hyundai Metaplant Georgia,RNN,23,245.24059139784944,260.781083926238
2024-07-31,Rivian Normal,RNN,23,270.79569892473114,268.56529817473825
2024-07-31,Tesla Fremont Factory,RNN,23,339.43817204301075,341.39068256676944
2024-07-31,Lucid AMP 1 Casa Grande,RNN,23,324.9180107526882,314.17202172703963
2024-07-31,GM Factory Zero,RNN,23,255.46505376344084,253.36396794056915
2024-07-31,Ford Rouge Electric Vehicle Center,RNN,23,255.49193548387098,253.86537268884663
2024-07-31,BMW San Luis Potosi,RNN,23,240.14650537634407,283.27671450232305
2024-08-31,BYD Camacari,RNN,23,224.1491935483871,211.27521272884903
2024-08-31,Tesla Gigafactory Nevada,RNN,23,303.0147849462366,294.4710141742742
2024-08-31,Tesla Gigafactory Texas,RNN,23,286.88440860215053,278.63981803690876
2024-08-31,Hyundai Metaplant Georgia,RNN,23,234.99193548387098,238.16882814499
2024-08-31,Rivian Normal,RNN,23,251.71774193548387,237.48655002972774
2024-08-31,Tesla Fremont Factory,RNN,23,300.78629032258067,303.18578811017363
2024-08-31,Lucid AMP 1 Casa Grande,RNN,23,283.14516129032256,284.20779387940485
2024-08-31,GM Factory Zero,RNN,23,228.71236559139783,222.91700562840614
2024-08-31,Ford Rouge Electric Vehicle Center,RNN,23,227.54973118279568,225.56030964705835
2024-08-31,BMW San Luis Potosi,RNN,23,270.51747311827955,255.23299750277113
2024-09-30,BYD Camacari,RNN,23,248.18888888888887,245.43704642780045
2024-09-30,Tesla Gigafactory Nevada,RNN,23,247.60833333333332,238.58888099015454
2024-09-30,Tesla Gigafactory Texas,RNN,23,242.84305555555554,233.7738332711561
2024-09-30,Hyundai Metaplant Georgia,RNN,23,181.27916666666667,203.40738162975157
2024-09-30,Rivian Normal,RNN,23,206.58333333333334,197.52862604018503
2024-09-30,Tesla Fremont Factory,RNN,23,249.20416666666668,249.29678503839716
2024-09-30,Lucid AMP 1 Casa Grande,RNN,23,274.7944444444445,248.55787300108585
2024-09-30,GM Factory Zero,RNN,23,188.0097222222222,171.38764465942072
2024-09-30,Ford Rouge Electric Vehicle Center,RNN,23,189.1625,170.2781363331302
2024-09-30,BMW San Luis Potosi,RNN,23,214.35277777777776,248.0764853307797
2024-10-31,BYD Camacari,RNN,23,267.252688172043,250.52454843532337
2024-10-31,Tesla Gigafactory Nevada,RNN,23,177.8709677419355,171.87330615181196
2024-10-31,Tesla Gigafactory Texas,RNN,23,215.73655913978493,197.99383721781035
2024-10-31,Hyundai Metaplant Georgia,RNN,23,191.76209677419354,166.83788944660654
2024-10-31,Rivian Normal,RNN,23,167.65994623655914,136.60576345274848
2024-10-31,Tesla Fremont Factory,RNN,23,190.11021505376343,191.16072623116833
2024-10-31,Lucid AMP 1 Casa Grande,RNN,23,219.50134408602148,215.6615273803753
2024-10-31,GM Factory Zero,RNN,23,146.7271505376344,119.60585362190736
2024-10-31,Ford Rouge Electric Vehicle Center,RNN,23,147.20833333333331,110.75118794172707
2024-10-31,BMW San Luis Potosi,RNN,23,225.2016129032258,206.80735036222046
2024-11-30,BYD Camacari,RNN,23,253.79722222222225,270.79293854069965
2024-11-30,Tesla Gigafactory Nevada,RNN,23,117.06805555555555,123.82302283575044
2024-11-30,Tesla Gigafactory Texas,RNN,23,151.6361111111111,154.45212779510567
2024-11-30,Hyundai Metaplant Georgia,RNN,23,128.38888888888889,132.82186688190347
2024-11-30,Rivian Normal,RNN,23,75.10833333333333,95.45434734051025
2024-11-30,Tesla Fremont Factory,RNN,23,119.65277777777779,132.56698776354017
2024-11-30,Lucid AMP 1 Casa Grande,RNN,23,163.96944444444443,167.04947594215355
2024-11-30,GM Factory Zero,RNN,23,64.27777777777777,82.65206888240618
2024-11-30,Ford Rouge Electric Vehicle Center,RNN,23,66.01666666666667,91.72841011918746
2024-11-30,BMW San Luis Potosi,RNN,23,215.38194444444443,187.74421511338124
2024-12-31,BYD Camacari,RNN,23,302.8521505376344,266.1755726704354
2024-12-31,Tesla Gigafactory Nevada,RNN,23,95.06854838709677,97.06706070237539
2024-12-31,Tesla Gigafactory Texas,RNN,23,115.30107526881721,135.96718366664425
2024-12-31,Hyundai Metaplant Georgia,RNN,23,124.73924731182795,123.3650124926841
2024-12-31,Rivian Normal,RNN,23,61.30510752688172,61.24248967601628
2024-12-31,Tesla Fremont Factory,RNN,23,91.68279569892472,91.37178490503763
2024-12-31,Lucid AMP 1 Casa Grande,RNN,23,143.70698924731184,132.34056556859724
2024-12-31,GM Factory Zero,RNN,23,45.26478494623656,46.16316243199177
2024-12-31,Ford Rouge Electric Vehicle Center,RNN,23,43.62231182795699,52.053066154196685
2024-12-31,BMW San Luis Potosi,RNN,23,187.47311827956986,190.41989852652276
2024-01-31,BYD Camacari,RNN,42,263.2258064516129,263.5851421989901
2024-01-31,Tesla Gigafactory Nevada,RNN,42,93.5994623655914,98.85389284133663
2024-01-31,Tesla Gigafactory Texas,RNN,42,133.8051075268817,121.520735722616
2024-01-31,Hyundai Metaplant Georgia,RNN,42,128.3319892473118,128.71872226721658
2024-01-31,Rivian Normal,RNN,42,66.06854838709677,73.55528277532268
2024-01-31,Tesla Fremont Factory,RNN,42,90.82392473118279,97.95316550174567
2024-01-31,Lucid AMP 1 Casa Grande,RNN,42,137.9798387096774,140.33097839529816
2024-01-31,GM Factory Zero,RNN,42,42.969086021505376,61.99728625759042
2024-01-31,Ford Rouge Electric Vehicle Center,RNN,42,41.924731182795696,71.18159320469158
2024-01-31,BMW San Luis Potosi,RNN,42,183.4516129032258,187.74556934597192
2024-02-29,BYD Camacari,RNN,42,250.05172413793105,245.99786098822153
2024-02-29,Tesla Gigafactory Nevada,RNN,42,140.06896551724137,148.17370787465805
2024-02-29,Tesla Gigafactory Texas,RNN,42,158.33908045977012,150.67919466107764
2024-02-29,Hyundai Metaplant Georgia,RNN,42,153.75574712643677,168.9084652196816
2024-02-29,Rivian Normal,RNN,42,147.78735632183907,119.01129293690126
2024-02-29,Tesla Fremont Factory,RNN,42,126.60632183908045,145.78073366298523
2024-02-29,Lucid AMP 1 Casa Grande,RNN,42,176.53879310344828,177.5938414515427
2024-02-29,GM Factory Zero,RNN,42,114.36637931034483,100.1366398554816
2024-02-29,Ford Rouge Electric Vehicle Center,RNN,42,114.98132183908045,111.73187732840069
2024-02-29,BMW San Luis Potosi,RNN,42,230.89511494252872,240.9145212051689
2024-03-31,BYD Camacari,RNN,42,266.5255376344086,228.9456448969982
2024-03-31,Tesla Gigafactory Nevada,RNN,42,192.7016129032258,210.87049563270745
2024-03-31,Tesla Gigafactory Texas,RNN,42,188.81854838709677,181.893391022679
2024-03-31,Hyundai Metaplant Georgia,RNN,42,187.87231182795696,207.72647759318352
2024-03-31,Rivian Normal,RNN,42,173.11693548387098,166.64094625822
2024-03-31,Tesla Fremont Factory,RNN,42,189.37231182795696,205.64873850671137
2024-03-31,Lucid AMP 1 Casa Grande,RNN,42,233.08602150537632,247.34897955446155
2024-03-31,GM Factory Zero,RNN,42,134.98387096774192,146.8923830205715
2024-03-31,Ford Rouge Electric Vehicle Center,RNN,42,135.19220430107526,139.086152899069
2024-03-31,BMW San Luis Potosi,RNN,42,295.6760752688172,265.12109020552646
2024-04-30,BYD Camacari,RNN,42,184.0097222222222,203.44945734563055
2024-04-30,Tesla Gigafactory Nevada,RNN,42,278.4597222222222,260.69907833316955
2024-04-30,Tesla Gigafactory Texas,RNN,42,216.54722222222225,217.79866396243216
2024-04-30,Hyundai Metaplant Georgia,RNN,42,263.20138888888886,220.5376362770155
2024-04-30,Rivian Normal,RNN,42,193.85833333333332,214.61406198143962
2024-04-30,Tesla Fremont Factory,RNN,42,268.85,270.8130002751145
2024-04-30,Lucid AMP 1 Casa Grande,RNN,42,319.31111111111113,306.0345253838807
2024-04-30,GM Factory Zero,RNN,42,204.275,184.3213847629539
2024-04-30,Ford Rouge Electric Vehicle Center,RNN,42,201.80972222222223,188.2549311330802
2024-04-30,BMW San Luis Potosi,RNN,42,316.1097222222222,298.54959789262983
2024-05-31,BYD Camacari,RNN,42,190.63709677419354,174.6750515613865
2024-05-31,Tesla Gigafactory Nevada,RNN,42,338.80779569892474,331.0484697331157
2024-05-31,Tesla Gigafactory Texas,RNN,42,229.73655913978493,272.9200238995655
2024-05-31,Hyundai Metaplant Georgia,RNN,42,257.39381720430106,263.0196927643271
2024-05-31,Rivian Normal,RNN,42,264.4139784946237,249.1174193468466
2024-05-31,Tesla Fremont Factory,RNN,42,329.3817204301075,307.000555728659
2024-05-31,Lucid AMP 1 Casa Grande,RNN,42,350.38440860215053,345.33768736776966
2024-05-31,GM Factory Zero,RNN,42,249.9543010752688,239.5105752097663
2024-05-31,Ford Rouge Electric Vehicle Center,RNN,42,252.0793010752688,237.31205245666868
2024-05-31,BMW San Luis Potosi,RNN,42,320.3938172043011,325.96093497000714
2024-06-30,BYD Camacari,RNN,42,180.60694444444442,172.29390758826767
2024-06-30,Tesla Gigafactory Nevada,RNN,42,351.66805555555555,350.37110803346
2024-06-30,Tesla Gigafactory Texas,RNN,42,297.1555555555555,291.2192665311278
2024-06-30,Hyundai Metaplant Georgia,RNN,42,283.19305555555553,278.72093048130955
2024-06-30,Rivian Normal,RNN,42,280.38194444444446,270.9559486819211
2024-06-30,Tesla Fremont Factory,RNN,42,351.7125,344.2180899587183
2024-06-30,Lucid AMP 1 Casa Grande,RNN,42,331.58194444444445,344.33539707010954
2024-06-30,GM Factory Zero,RNN,42,248.35,267.8079956481267
2024-06-30,Ford Rouge Electric Vehicle Center,RNN,42,250.30694444444444,272.23803759549196
2024-06-30,BMW San Luis Potosi,RNN,42,274.2277777777778,296.7640889194864
2024-07-31,BYD Camacari,RNN,42,203.36559139784944,173.27153032180922
2024-07-31,Tesla Gigafactory Nevada,RNN,42,329.9233870967742,327.7740551288223
2024-07-31,Tesla Gigafactory Texas,RNN,42,269.8413978494624,291.02724433538094
2024-07-31,Hyundai Metaplant Georgia,RNN,42,245.24059139784944,268.4266688709938
2024-07-31,Rivian Normal,RNN,42,270.79569892473114,267.95201931357064
2024-07-31,Tesla Fremont Factory,RNN,42,339.43817204301075,338.5976626743739
2024-07-31,Lucid AMP 1 Casa Grande,RNN,42,324.9180107526882,314.23632673872737
2024-07-31,GM Factory Zero,RNN,42,255.46505376344084,255.34932620177668
2024-07-31,Ford Rouge Electric Vehicle Center,RNN,42,255.49193548387098,258.37930528366917
2024-07-31,BMW San Luis Potosi,RNN,42,240.14650537634407,275.7293077627978
2024-08-31,BYD Camacari,RNN,42,224.1491935483871,219.1007202564869
2024-08-31,Tesla Gigafactory Nevada,RNN,42,303.0147849462366,291.4563574718719
2024-08-31,Tesla Gigafactory Texas,RNN,42,286.88440860215053,265.68669236779857
2024-08-31,Hyundai Metaplant Georgia,RNN,42,234.99193548387098,229.82406743607854
2024-08-31,Rivian Normal,RNN,42,251.71774193548387,241.71600211211432
2024-08-31,Tesla Fremont Factory,RNN,42,300.78629032258067,298.20221133133845
2024-08-31,Lucid AMP 1 Casa Grande,RNN,42,283.14516129032256,292.4069158587645
2024-08-31,GM Factory Zero,RNN,42,228.71236559139783,222.03806962646465
2024-08-31,Ford Rouge Electric Vehicle Center,RNN,42,227.54973118279568,222.45473149729935
2024-08-31,BMW San Luis Potosi,RNN,42,270.51747311827955,251.15463266057031
2024-09-30,BYD Camacari,RNN,42,248.18888888888887,255.27363577693382
2024-09-30,Tesla Gigafactory Nevada,RNN,42,247.60833333333332,242.0131754613772
2024-09-30,Tesla Gigafactory Texas,RNN,42,242.84305555555554,239.03932479664843
2024-09-30,Hyundai Metaplant Georgia,RNN,42,181.27916666666667,200.6547852405297
2024-09-30,Rivian Normal,RNN,42,206.58333333333334,187.6564982196977
2024-09-30,Tesla Fremont Factory,RNN,42,249.20416666666668,246.70648178384243
2024-09-30,Lucid AMP 1 Casa Grande,RNN,42,274.7944444444445,258.73578658670345
2024-09-30,GM Factory Zero,RNN,42,188.0097222222222,177.0159213400122
2024-09-30,Ford Rouge Electric Vehicle Center,RNN,42,189.1625,173.32446647941475
2024-09-30,BMW San Luis Potosi,RNN,42,214.35277777777776,245.4744091287095
2024-10-31,BYD Camacari,RNN,42,267.252688172043,261.99282615071024
2024-10-31,Tesla Gigafactory Nevada,RNN,42,177.8709677419355,181.03474988968622
2024-10-31,Tesla Gigafactory Texas,RNN,42,215.73655913978493,191.1567340980294
2024-10-31,Hyundai Metaplant Georgia,RNN,42,191.76209677419354,159.323376961453
2024-10-31,Rivian Normal,RNN,42,167.65994623655914,129.76578719873902
2024-10-31,Tesla Fremont Factory,RNN,42,190.11021505376343,182.24982429783404
2024-10-31,Lucid AMP 1 Casa Grande,RNN,42,219.50134408602148,222.4014308896917
2024-10-31,GM Factory Zero,RNN,42,146.7271505376344,124.11328486165692
2024-10-31,Ford Rouge Electric Vehicle Center,RNN,42,147.20833333333331,122.6174151327621
2024-10-31,BMW San Luis Potosi,RNN,42,225.2016129032258,202.029016549709
2024-11-30,BYD Camacari,RNN,42,253.79722222222225,264.34349765716706
2024-11-30,Tesla Gigafactory Nevada,RNN,42,117.06805555555555,112.23594363557748
2024-11-30,Tesla Gigafactory Texas,RNN,42,151.6361111111111,157.22768641327337
2024-11-30,Hyundai Metaplant Georgia,RNN,42,128.38888888888889,139.7020039550399
2024-11-30,Rivian Normal,RNN,42,75.10833333333333,89.67542223526186
2024-11-30,Tesla Fremont Factory,RNN,42,119.65277777777779,127.95653530892024
2024-11-30,Lucid AMP 1 Casa Grande,RNN,42,163.96944444444443,159.27206800598452
2024-11-30,GM Factory Zero,RNN,42,64.27777777777777,75.11950945733483
2024-11-30,Ford Rouge Electric Vehicle Center,RNN,42,66.01666666666667,74.09548332036796
2024-11-30,BMW San Luis Potosi,RNN,42,215.38194444444443,200.50850521084124
2024-12-31,BYD Camacari,RNN,42,302.8521505376344,254.32478953529431
2024-12-31,Tesla Gigafactory Nevada,RNN,42,95.06854838709677,84.90910068730595
2024-12-31,Tesla Gigafactory Texas,RNN,42,115.30107526881721,133.94946731162327
2024-12-31,Hyundai Metaplant Georgia,RNN,42,124.73924731182795,116.45241056673068
2024-12-31,Rivian Normal,RNN,42,61.30510752688172,64.90056888906346
2024-12-31,Tesla Fremont Factory,RNN,42,91.68279569892472,89.72199036386164
2024-12-31,Lucid AMP 1 Casa Grande,RNN,42,143.70698924731184,141.169743057768
2024-12-31,GM Factory Zero,RNN,42,45.26478494623656,57.404588322926934
2024-12-31,Ford Rouge Electric Vehicle Center,RNN,42,43.62231182795699,50.234703240493864
2024-12-31,BMW San Luis Potosi,RNN,42,187.47311827956986,177.11549143933803
2024-01-31,BYD Camacari,RNN,67,263.2258064516129,270.5441098974277
2024-01-31,Tesla Gigafactory Nevada,RNN,67,93.5994623655914,112.73343262150082
2024-01-31,Tesla Gigafactory Texas,RNN,67,133.8051075268817,142.91605198795918
2024-01-31,Hyundai Metaplant Georgia,RNN,67,128.3319892473118,122.20616183558138
2024-01-31,Rivian Normal,RNN,67,66.06854838709677,72.84767420531841
2024-01-31,Tesla Fremont Factory,RNN,67,90.82392473118279,105.87951740555724
2024-01-31,Lucid AMP 1 Casa Grande,RNN,67,137.9798387096774,141.22918624070184
2024-01-31,GM Factory Zero,RNN,67,42.969086021505376,68.06693140064837
2024-01-31,Ford Rouge Electric Vehicle Center,RNN,67,41.924731182795696,58.81153243088153
2024-01-31,BMW San Luis Potosi,RNN,67,183.4516129032258,189.50073650443267
2024-02-29,BYD Camacari,RNN,67,250.05172413793105,235.005346649757
2024-02-29,Tesla Gigafactory Nevada,RNN,67,140.06896551724137,146.693517185783
2024-02-29,Tesla Gigafactory Texas,RNN,67,158.33908045977012,170.01360895236334
2024-02-29,Hyundai Metaplant Georgia,RNN,67,153.75574712643677,159.00401180493895
2024-02-29,Rivian Normal,RNN,67,147.78735632183907,95.22119714355757
2024-02-29,Tesla Fremont Factory,RNN,67,126.60632183908045,145.28014445587536
2024-02-29,Lucid AMP 1 Casa Grande,RNN,67,176.53879310344828,184.19057311418476
2024-02-29,GM Factory Zero,RNN,67,114.36637931034483,96.42708942673727
2024-02-29,Ford Rouge Electric Vehicle Center,RNN,67,114.98132183908045,91.19983415127695
2024-02-29,BMW San Luis Potosi,RNN,67,230.89511494252872,231.27948904337904
2024-03-31,BYD Camacari,RNN,67,266.5255376344086,217.54843747439566
2024-03-31,Tesla Gigafactory Nevada,RNN,67,192.7016129032258,204.92210359056364
2024-03-31,Tesla Gigafactory Texas,RNN,67,188.81854838709677,174.05869105089738
2024-03-31,Hyundai Metaplant Georgia,RNN,67,187.87231182795696,198.93488966793782
2024-03-31,Rivian Normal,RNN,67,173.11693548387098,163.47817955991275
2024-03-31,Tesla Fremont Factory,RNN,67,189.37231182795696,194.2778998548465
2024-03-31,Lucid AMP 1 Casa Grande,RNN,67,233.08602150537632,237.03639094606444
2024-03-31,GM Factory Zero,RNN,67,134.98387096774192,150.6023928122014
2024-03-31,Ford Rouge Electric Vehicle Center,RNN,67,135.19220430107526,151.83579964102594
2024-03-31,BMW San Luis Potosi,RNN,67,295.6760752688172,271.87478822830224
2024-04-30,BYD Camacari,RNN,67,184.0097222222222,210.02394595950523
2024-04-30,Tesla Gigafactory Nevada,RNN,67,278.4597222222222,268.719322736564
2024-04-30,Tesla Gigafactory Texas,RNN,67,216.54722222222225,215.01937327333678
2024-04-30,Hyundai Metaplant Georgia,RNN,67,263.20138888888886,234.32149875180053
2024-04-30,Rivian Normal,RNN,67,193.85833333333332,223.42861540639595
2024-04-30,Tesla Fremont Factory,RNN,67,268.85,254.36707884342707
2024-04-30,Lucid AMP 1 Casa Grande,RNN,67,319.31111111111113,291.5276147206865
2024-04-30,GM Factory Zero,RNN,67,204.275,204.35347660540145
2024-04-30,Ford Rouge Electric Vehicle Center,RNN,67,201.80972222222223,208.96609983423647
2024-04-30,BMW San Luis Potosi,RNN,67,316.1097222222222,310.34372626909965
2024-05-31,BYD Camacari,RNN,67,190.63709677419354,173.41642026835552
2024-05-31,Tesla Gigafactory Nevada,RNN,67,338.80779569892474,312.54112481344026
2024-05-31,Tesla Gigafactory Texas,RNN,67,229.73655913978493,258.02916889004814
2024-05-31,Hyundai Metaplant Georgia,RNN,67,257.39381720430106,264.57607402067674
2024-05-31,Rivian Normal,RNN,67,264.4139784946237,249.29046981893882
2024-05-31,Tesla Fremont Factory,RNN,67,329.3817204301075,318.9105531259383
2024-05-31,Lucid AMP 1 Casa Grande,RNN,67,350.38440860215053,347.11032724158576
2024-05-31,GM Factory Zero,RNN,67,249.9543010752688,252.97054192227276
2024-05-31,Ford Rouge Electric Vehicle Center,RNN,67,252.0793010752688,253.42615608226063
2024-05-31,BMW San Luis Potosi,RNN,67,320.3938172043011,322.71615865946774
2024-06-30,BYD Camacari,RNN,67,180.60694444444442,169.3264543543099
2024-06-30,Tesla Gigafactory Nevada,RNN,67,351.66805555555555,349.5632545674627
2024-06-30,Tesla Gigafactory Texas,RNN,67,297.1555555555555,283.0722986264255
2024-06-30,Hyundai Metaplant Georgia,RNN,67,283.19305555555553,258.165832203883
2024-06-30,Rivian Normal,RNN,67,280.38194444444446,270.0812646261146
2024-06-30,Tesla Fremont Factory,RNN,67,351.7125,348.09306895819134
2024-06-30,Lucid AMP 1 Casa Grande,RNN,67,331.58194444444445,357.30226386304025
2024-06-30,GM Factory Zero,RNN,67,248.35,278.08357753455107
2024-06-30,Ford Rouge Electric Vehicle Center,RNN,67,250.30694444444444,265.1158073064487
2024-06-30,BMW San Luis Potosi,RNN,67,274.2277777777778,307.90320067556314
2024-07-31,BYD Camacari,RNN,67,203.36559139784944,189.6737841671553
2024-07-31,Tesla Gigafactory Nevada,RNN,67,329.9233870967742,340.6240004398837
2024-07-31,Tesla Gigafactory Texas,RNN,67,269.8413978494624,301.6102921579795
2024-07-31,Hyundai Metaplant Georgia,RNN,67,245.24059139784944,266.64706372493697
2024-07-31,Rivian Normal,RNN,67,270.79569892473114,252.2797632952852
2024-07-31,Tesla Fremont Factory,RNN,67,339.43817204301075,336.3482745628764
2024-07-31,Lucid AMP 1 Casa Grande,RNN,67,324.9180107526882,329.31566267579956
2024-07-31,GM Factory Zero,RNN,67,255.46505376344084,257.97201997805456
2024-07-31,Ford Rouge Electric Vehicle Center,RNN,67,255.49193548387098,246.86276617296383
2024-07-31,BMW San Luis Potosi,RNN,67,240.14650537634407,283.42440757564
2024-08-31,BYD Camacari,RNN,67,224.1491935483871,220.42612338394568
2024-08-31,Tesla Gigafactory Nevada,RNN,67,303.0147849462366,286.9286286074922
2024-08-31,Tesla Gigafactory Texas,RNN,67,286.88440860215053,277.0719035750115
2024-08-31,Hyundai Metaplant Georgia,RNN,67,234.99193548387098,230.09330667587378
2024-08-31,Rivian Normal,RNN,67,251.71774193548387,230.97548775110516
2024-08-31,Tesla Fremont Factory,RNN,67,300.78629032258067,299.28486883057326
2024-08-31,Lucid AMP 1 Casa Grande,RNN,67,283.14516129032256,303.4703484810088
2024-08-31,GM Factory Zero,RNN,67,228.71236559139783,227.68880224139247
2024-08-31,Ford Rouge Electric Vehicle Center,RNN,67,227.54973118279568,222.42176850202847
2024-08-31,BMW San Luis Potosi,RNN,67,270.51747311827955,262.4423247457993
2024-09-30,BYD Camacari,RNN,67,248.18888888888887,254.98290118086402
2024-09-30,Tesla Gigafactory Nevada,RNN,67,247.60833333333332,235.89671345255655
2024-09-30,Tesla Gigafactory Texas,RNN,67,242.84305555555554,241.78853022972106
2024-09-30,Hyundai Metaplant Georgia,RNN,67,181.27916666666667,211.28233044346172
2024-09-30,Rivian Normal,RNN,67,206.58333333333334,189.57213822792295
2024-09-30,Tesla Fremont Factory,RNN,67,249.20416666666668,242.5820437571454
2024-09-30,Lucid AMP 1 Casa Grande,RNN,67,274.7944444444445,256.8047577608657
2024-09-30,GM Factory Zero,RNN,67,188.0097222222222,174.36885287469005
2024-09-30,Ford Rouge Electric Vehicle Center,RNN,67,189.1625,175.33496752675072
2024-09-30,BMW San Luis Potosi,RNN,67,214.35277777777776,248.7472157189923
2024-10-31,BYD Camacari,RNN,67,267.252688172043,262.1963798412553
2024-10-31,Tesla Gigafactory Nevada,RNN,67,177.8709677419355,194.23728816126038
2024-10-31,Tesla Gigafactory Texas,RNN,67,215.73655913978493,186.70900760174442
2024-10-31,Hyundai Metaplant Georgia,RNN,67,191.76209677419354,175.14567805201776
2024-10-31,Rivian Normal,RNN,67,167.65994623655914,144.45913674101556
2024-10-31,Tesla Fremont Factory,RNN,67,190.11021505376343,194.77202062030926
2024-10-31,Lucid AMP 1 Casa Grande,RNN,67,219.50134408602148,209.69637111785113
2024-10-31,GM Factory Zero,RNN,67,146.7271505376344,110.72610887330438
2024-10-31,Ford Rouge Electric Vehicle Center,RNN,67,147.20833333333331,128.72121614440738
2024-10-31,BMW San Luis Potosi,RNN,67,225.2016129032258,217.76948376520667
2024-11-30,BYD Camacari,RNN,67,253.79722222222225,260.88821644640416
2024-11-30,Tesla Gigafactory Nevada,RNN,67,117.06805555555555,130.31989145084654
2024-11-30,Tesla Gigafactory Texas,RNN,67,151.6361111111111,149.9136786248575
2024-11-30,Hyundai Metaplant Georgia,RNN,67,128.38888888888889,131.92945424279057
2024-11-30,Rivian Normal,RNN,67,75.10833333333333,98.33730829170636
2024-11-30,Tesla Fremont Factory,RNN,67,119.65277777777779,131.0715181429146
2024-11-30,Lucid AMP 1 Casa Grande,RNN,67,163.96944444444443,160.53415943357533
2024-11-30,GM Factory Zero,RNN,67,64.27777777777777,70.35361951932872
2024-11-30,Ford Rouge Electric Vehicle Center,RNN,67,66.01666666666667,73.24132527490096
2024-11-30,BMW San Luis Potosi,RNN,67,215.38194444444443,182.54433846515755
2024-12-31,BYD Camacari,RNN,67,302.8521505376344,262.2412508811842
2024-12-31,Tesla Gigafactory Nevada,RNN,67,95.06854838709677,98.76598734071521
2024-12-31,Tesla Gigafactory Texas,RNN,67,115.30107526881721,132.3647537662057
2024-12-31,Hyundai Metaplant Georgia,RNN,67,124.73924731182795,114.03317178906973
2024-12-31,Rivian Normal,RNN,67,61.30510752688172,66.22573666265535
2024-12-31,Tesla Fremont Factory,RNN,67,91.68279569892472,91.69678148756964
2024-12-31,Lucid AMP 1 Casa Grande,RNN,67,143.70698924731184,129.1790399211574
2024-12-31,GM Factory Zero,RNN,67,45.26478494623656,49.010013100963185
2024-12-31,Ford Rouge Electric Vehicle Center,RNN,67,43.62231182795699,41.62087828369467
2024-12-31,BMW San Luis Potosi,RNN,67,187.47311827956986,183.6200340142654
2024-01-31,BYD Camacari,RNN,89,263.2258064516129,268.16722077844287
2024-01-31,Tesla Gigafactory Nevada,RNN,89,93.5994623655914,113.20394986830519
2024-01-31,Tesla Gigafactory Texas,RNN,89,133.8051075268817,136.40591004374687
2024-01-31,Hyundai Metaplant Georgia,RNN,89,128.3319892473118,130.79709086975743
2024-01-31,Rivian Normal,RNN,89,66.06854838709677,85.62319345772266
2024-01-31,Tesla Fremont Factory,RNN,89,90.82392473118279,118.03452365860596
2024-01-31,Lucid AMP 1 Casa Grande,RNN,89,137.9798387096774,144.78325950937867
2024-01-31,GM Factory Zero,RNN,89,42.969086021505376,72.16087913115018
2024-01-31,Ford Rouge Electric Vehicle Center,RNN,89,41.924731182795696,63.633373395629945
2024-01-31,BMW San Luis Potosi,RNN,89,183.4516129032258,199.15563268995572
2024-02-29,BYD Camacari,RNN,89,250.05172413793105,253.2084204606632
2024-02-29,Tesla Gigafactory Nevada,RNN,89,140.06896551724137,151.3447953380204
2024-02-29,Tesla Gigafactory Texas,RNN,89,158.33908045977012,147.28385817047248
2024-02-29,Hyundai Metaplant Georgia,RNN,89,153.75574712643677,148.1930519691318
2024-02-29,Rivian Normal,RNN,89,147.78735632183907,107.93212313154933
2024-02-29,Tesla Fremont Factory,RNN,89,126.60632183908045,129.8330277364921
2024-02-29,Lucid AMP 1 Casa Grande,RNN,89,176.53879310344828,191.59952687587872
2024-02-29,GM Factory Zero,RNN,89,114.36637931034483,124.16413999173429
2024-02-29,Ford Rouge Electric Vehicle Center,RNN,89,114.98132183908045,108.37417093108951
2024-02-29,BMW San Luis Potosi,RNN,89,230.89511494252872,219.3778042457197
2024-03-31,BYD Camacari,RNN,89,266.5255376344086,233.3190290775671
2024-03-31,Tesla Gigafactory Nevada,RNN,89,192.7016129032258,200.52243466715473
2024-03-31,Tesla Gigafactory Texas,RNN,89,188.81854838709677,184.40702178633663
2024-03-31,Hyundai Metaplant Georgia,RNN,89,187.87231182795696,195.3738626778446
2024-03-31,Rivian Normal,RNN,89,173.11693548387098,164.5276706864036
2024-03-31,Tesla Fremont Factory,RNN,89,189.37231182795696,182.0257734424271
2024-03-31,Lucid AMP 1 Casa Grande,RNN,89,233.08602150537632,241.50561110109732
2024-03-31,GM Factory Zero,RNN,89,134.98387096774192,155.96153162373597
2024-03-31,Ford Rouge Electric Vehicle Center,RNN,89,135.19220430107526,149.0710163294708
2024-03-31,BMW San Luis Potosi,RNN,89,295.6760752688172,260.54746149095797
2024-04-30,BYD Camacari,RNN,89,184.0097222222222,202.1133734786142
2024-04-30,Tesla Gigafactory Nevada,RNN,89,278.4597222222222,267.02977383208054
2024-04-30,Tesla Gigafactory Texas,RNN,89,216.54722222222225,227.70207467114415
2024-04-30,Hyundai Metaplant Georgia,RNN,89,263.20138888888886,233.92219313514488
2024-04-30,Rivian Normal,RNN,89,193.85833333333332,228.80430273607536
2024-04-30,Tesla Fremont Factory,RNN,89,268.85,260.72637177339647
2024-04-30,Lucid AMP 1 Casa Grande,RNN,89,319.31111111111113,297.10721030681526
2024-04-30,GM Factory Zero,RNN,89,204.275,194.27515245933472
2024-04-30,Ford Rouge Electric Vehicle Center,RNN,89,201.80972222222223,193.47557036893767
2024-04-30,BMW San Luis Potosi,RNN,89,316.1097222222222,287.8809652176275
2024-05-31,BYD Camacari,RNN,89,190.63709677419354,174.18218155948307
2024-05-31,Tesla Gigafactory Nevada,RNN,89,338.80779569892474,322.07922652216905
2024-05-31,Tesla Gigafactory Texas,RNN,89,229.73655913978493,258.94213190210127
2024-05-31,Hyundai Metaplant Georgia,RNN,89,257.39381720430106,267.63219694953455
2024-05-31,Rivian Normal,RNN,89,264.4139784946237,246.3113952273483
2024-05-31,Tesla Fremont Factory,RNN,89,329.3817204301075,319.4922306510229
2024-05-31,Lucid AMP 1 Casa Grande,RNN,89,350.38440860215053,344.05815451632265
2024-05-31,GM Factory Zero,RNN,89,249.9543010752688,250.8754731694163
2024-05-31,Ford Rouge Electric Vehicle Center,RNN,89,252.0793010752688,246.67196424090463
2024-05-31,BMW San Luis Potosi,RNN,89,320.3938172043011,313.7036823963606
2024-06-30,BYD Camacari,RNN,89,180.60694444444442,165.42266584813635
2024-06-30,Tesla Gigafactory Nevada,RNN,89,351.66805555555555,346.4804587346545
2024-06-30,Tesla Gigafactory Texas,RNN,89,297.1555555555555,277.2692872479719
2024-06-30,Hyundai Metaplant Georgia,RNN,89,283.19305555555553,271.35633582277325
2024-06-30,Rivian Normal,RNN,89,280.38194444444446,269.64800432108103
2024-06-30,Tesla Fremont Factory,RNN,89,351.7125,355.8857120206546
2024-06-30,Lucid AMP 1 Casa Grande,RNN,89,331.58194444444445,351.3501185896336
2024-06-30,GM Factory Zero,RNN,89,248.35,272.58671929082135
2024-06-30,Ford Rouge Electric Vehicle Center,RNN,89,250.30694444444444,271.3024910791746
2024-06-30,BMW San Luis Potosi,RNN,89,274.2277777777778,306.13484142376205
2024-07-31,BYD Camacari,RNN,89,203.36559139784944,195.61075380328361
2024-07-31,Tesla Gigafactory Nevada,RNN,89,329.9233870967742,326.2667185838825
2024-07-31,Tesla Gigafactory Texas,RNN,89,269.8413978494624,290.27290227832975
2024-07-31,Hyundai Metaplant Georgia,RNN,89,245.24059139784944,258.03243138136406
2024-07-31,Rivian Normal,RNN,89,270.79569892473114,273.2875891384739
2024-07-31,Tesla Fremont Factory,RNN,89,339.43817204301075,346.2621175192083
2024-07-31,Lucid AMP 1 Casa Grande,RNN,89,324.9180107526882,317.5732413567763
2024-07-31,GM Factory Zero,RNN,89,255.46505376344084,251.95875654775503
2024-07-31,Ford Rouge Electric Vehicle Center,RNN,89,255.49193548387098,260.4437941106496
2024-07-31,BMW San Luis Potosi,RNN,89,240.14650537634407,288.89620770714293
2024-08-31,BYD Camacari,RNN,89,224.1491935483871,216.23266858515402
2024-08-31,Tesla Gigafactory Nevada,RNN,89,303.0147849462366,295.7511547346189
2024-08-31,Tesla Gigafactory Texas,RNN,89,286.88440860215053,260.9719719292336
2024-08-31,Hyundai Metaplant Georgia,RNN,89,234.99193548387098,238.21056620616426
2024-08-31,Rivian Normal,RNN,89,251.71774193548387,239.89170523067958
2024-08-31,Tesla Fremont Factory,RNN,89,300.78629032258067,307.77871424732297
2024-08-31,Lucid AMP 1 Casa Grande,RNN,89,283.14516129032256,297.7866649819398
2024-08-31,GM Factory Zero,RNN,89,228.71236559139783,225.31079847227824
2024-08-31,Ford Rouge Electric Vehicle Center,RNN,89,227.54973118279568,221.40798723251692
2024-08-31,BMW San Luis Potosi,RNN,89,270.51747311827955,261.48268751343414
2024-09-30,BYD Camacari,RNN,89,248.18888888888887,252.6695089897001
2024-09-30,Tesla Gigafactory Nevada,RNN,89,247.60833333333332,252.79862638847322
2024-09-30,Tesla Gigafactory Texas,RNN,89,242.84305555555554,233.55224672120107
2024-09-30,Hyundai Metaplant Georgia,RNN,89,181.27916666666667,210.31144335048813
2024-09-30,Rivian Normal,RNN,89,206.58333333333334,190.6901366995067
2024-09-30,Tesla Fremont Factory,RNN,89,249.20416666666668,253.34263731901632
2024-09-30,Lucid AMP 1 Casa Grande,RNN,89,274.7944444444445,256.487761429473
2024-09-30,GM Factory Zero,RNN,89,188.0097222222222,180.42592245061016
2024-09-30,Ford Rouge Electric Vehicle Center,RNN,89,189.1625,170.03372522865462
2024-09-30,BMW San Luis Potosi,RNN,89,214.35277777777776,238.5386835666754
2024-10-31,BYD Camacari,RNN,89,267.252688172043,264.3348227118453
2024-10-31,Tesla Gigafactory Nevada,RNN,89,177.8709677419355,190.99532895566074
2024-10-31,Tesla Gigafactory Texas,RNN,89,215.73655913978493,193.8799516125232
2024-10-31,Hyundai Metaplant Georgia,RNN,89,191.76209677419354,158.06485368711975
2024-10-31,Rivian Normal,RNN,89,167.65994623655914,139.08712296191885
2024-10-31,Tesla Fremont Factory,RNN,89,190.11021505376343,182.37537691648848
2024-10-31,Lucid AMP 1 Casa Grande,RNN,89,219.50134408602148,211.29952593029188
2024-10-31,GM Factory Zero,RNN,89,146.7271505376344,114.94815787151188
2024-10-31,Ford Rouge Electric Vehicle Center,RNN,89,147.20833333333331,120.76021779094918
2024-10-31,BMW San Luis Potosi,RNN,89,225.2016129032258,191.4164969690785
2024-11-30,BYD Camacari,RNN,89,253.79722222222225,267.24776837269786
2024-11-30,Tesla Gigafactory Nevada,RNN,89,117.06805555555555,129.39660049823036
2024-11-30,Tesla Gigafactory Texas,RNN,89,151.6361111111111,162.99452052545806
2024-11-30,Hyundai Metaplant Georgia,RNN,89,128.38888888888889,120.58526911656622
2024-11-30,Rivian Normal,RNN,89,75.10833333333333,97.16834295018306
2024-11-30,Tesla Fremont Factory,RNN,89,119.65277777777779,115.75595273196522
2024-11-30,Lucid AMP 1 Casa Grande,RNN,89,163.96944444444443,171.290457719256
2024-11-30,GM Factory Zero,RNN,89,64.27777777777777,73.48010429603491
2024-11-30,Ford Rouge Electric Vehicle Center,RNN,89,66.01666666666667,80.37523599970737
2024-11-30,BMW San Luis Potosi,RNN,89,215.38194444444443,179.64573786061217
2024-12-31,BYD Camacari,RNN,89,302.8521505376344,257.3254485321782
2024-12-31,Tesla Gigafactory Nevada,RNN,89,95.06854838709677,91.34958767481449
2024-12-31,Tesla Gigafactory Texas,RNN,89,115.30107526881721,125.12953555347619
2024-12-31,Hyundai Metaplant Georgia,RNN,89,124.73924731182795,121.63785587721854
2024-12-31,Rivian Normal,RNN,89,61.30510752688172,70.28159890242762
2024-12-31,Tesla Fremont Factory,RNN,89,91.68279569892472,104.92736986216464
2024-12-31,Lucid AMP 1 Casa Grande,RNN,89,143.70698924731184,147.0162750672439
2024-12-31,GM Factory Zero,RNN,89,45.26478494623656,58.85083952115241
2024-12-31,Ford Rouge Electric Vehicle Center,RNN,89,43.62231182795699,46.27609078374301
2024-12-31,BMW San Luis Potosi,RNN,89,187.47311827956986,180.93627774046473
2024-01-31,BYD Camacari,LSTM,11,263.2258064516129,261.81453536971605
2024-01-31,Tesla Gigafactory Nevada,LSTM,11,93.5994623655914,102.76228977800398
2024-01-31,Tesla Gigafactory Texas,LSTM,11,133.8051075268817,117.98592777115604
2024-01-31,Hyundai Metaplant Georgia,LSTM,11,128.3319892473118,118.6677990151389
2024-01-31,Rivian Normal,LSTM,11,66.06854838709677,71.91520279354506
2024-01-31,Tesla Fremont Factory,LSTM,11,90.82392473118279,107.60398898313329
2024-01-31,Lucid AMP 1 Casa Grande,LSTM,11,137.9798387096774,146.25061803864597
2024-01-31,GM Factory Zero,LSTM,11,42.969086021505376,55.75326818270962
2024-01-31,Ford Rouge Electric Vehicle Center,LSTM,11,41.924731182795696,56.03877017337922
2024-01-31,BMW San Luis Potosi,LSTM,11,183.4516129032258,189.07469609884487
2024-02-29,BYD Camacari,LSTM,11,250.05172413793105,254.6472312860111
2024-02-29,Tesla Gigafactory Nevada,LSTM,11,140.06896551724137,147.8474004276544
2024-02-29,Tesla Gigafactory Texas,LSTM,11,158.33908045977012,158.86521432072084
2024-02-29,Hyundai Metaplant Georgia,LSTM,11,153.75574712643677,149.09385821283342
2024-02-29,Rivian Normal,LSTM,11,147.78735632183907,111.72288111533209
2024-02-29,Tesla Fremont Factory,LSTM,11,126.60632183908045,145.69829428875386
2024-02-29,Lucid AMP 1 Casa Grande,LSTM,11,176.53879310344828,184.59954920244473
2024-02-29,GM Factory Zero,LSTM,11,114.36637931034483,98.02063147232711
2024-02-29,Ford Rouge Electric Vehicle Center,LSTM,11,114.98132183908045,99.94081575536973
2024-02-29,BMW San Luis Potosi,LSTM,11,230.89511494252872,230.63832412099327
2024-03-31,BYD Camacari,LSTM,11,266.5255376344086,225.09840303507224
2024-03-31,Tesla Gigafactory Nevada,LSTM,11,192.7016129032258,211.95170860671337
2024-03-31,Tesla Gigafactory Texas,LSTM,11,188.81854838709677,196.4923250323502
2024-03-31,Hyundai Metaplant Georgia,LSTM,11,187.87231182795696,189.9162604876103
2024-03-31,Rivian Normal,LSTM,11,173.11693548387098,164.92136743476476
2024-03-31,Tesla Fremont Factory,LSTM,11,189.37231182795696,191.98984243473618
2024-03-31,Lucid AMP 1 Casa Grande,LSTM,11,233.08602150537632,240.71592342360046
2024-03-31,GM Factory Zero,LSTM,11,134.98387096774192,155.2873576443362
2024-03-31,Ford Rouge Electric Vehicle Center,LSTM,11,135.19220430107526,143.7485398047046
2024-03-31,BMW San Luis Potosi,LSTM,11,295.6760752688172,264.97798517883143
2024-04-30,BYD Camacari,LSTM,11,184.0097222222222,204.5119224213945
2024-04-30,Tesla Gigafactory Nevada,LSTM,11,278.4597222222222,273.07127951995926
2024-04-30,Tesla Gigafactory Texas,LSTM,11,216.54722222222225,218.05616732774885
2024-04-30,Hyundai Metaplant Georgia,LSTM,11,263.20138888888886,242.41363495876712
2024-04-30,Rivian Normal,LSTM,11,193.85833333333332,210.326547391232
2024-04-30,Tesla Fremont Factory,LSTM,11,268.85,258.5498825004104
2024-04-30,Lucid AMP 1 Casa Grande,LSTM,11,319.31111111111113,298.02450324188
2024-04-30,GM Factory Zero,LSTM,11,204.275,191.29918016792945
2024-04-30,Ford Rouge Electric Vehicle Center,LSTM,11,201.80972222222223,191.60781230210026
2024-04-30,BMW San Luis Potosi,LSTM,11,316.1097222222222,306.2137488210073
2024-05-31,BYD Camacari,LSTM,11,190.63709677419354,165.62600610748694
2024-05-31,Tesla Gigafactory Nevada,LSTM,11,338.80779569892474,310.4286970585184
2024-05-31,Tesla Gigafactory Texas,LSTM,11,229.73655913978493,253.21021726887716
2024-05-31,Hyundai Metaplant Georgia,LSTM,11,257.39381720430106,268.57547713207305
2024-05-31,Rivian Normal,LSTM,11,264.4139784946237,244.16198911934453
2024-05-31,Tesla Fremont Factory,LSTM,11,329.3817204301075,298.2994208682769
2024-05-31,Lucid AMP 1 Casa Grande,LSTM,11,350.38440860215053,338.26017526618097
2024-05-31,GM Factory Zero,LSTM,11,249.9543010752688,247.6446804964147
2024-05-31,Ford Rouge Electric Vehicle Center,LSTM,11,252.0793010752688,241.1434931621142
2024-05-31,BMW San Luis Potosi,LSTM,11,320.3938172043011,321.0338982469452
2024-06-30,BYD Camacari,LSTM,11,180.60694444444442,172.54168399280158
2024-06-30,Tesla Gigafactory Nevada,LSTM,11,351.66805555555555,339.0312032010847
2024-06-30,Tesla Gigafactory Texas,LSTM,11,297.1555555555555,277.34677456912175
2024-06-30,Hyundai Metaplant Georgia,LSTM,11,283.19305555555553,261.67998148725235
2024-06-30,Rivian Normal,LSTM,11,280.38194444444446,276.85186616892133
2024-06-30,Tesla Fremont Factory,LSTM,11,351.7125,338.47088786944425
2024-06-30,Lucid AMP 1 Casa Grande,LSTM,11,331.58194444444445,344.0996993981943
2024-06-30,GM Factory Zero,LSTM,11,248.35,272.4783421710882
2024-06-30,Ford Rouge Electric Vehicle Center,LSTM,11,250.30694444444444,266.87657258169565
2024-06-30,BMW San Luis Potosi,LSTM,11,274.2277777777778,307.90567565236677
2024-07-31,BYD Camacari,LSTM,11,203.36559139784944,187.10154124641772
2024-07-31,Tesla Gigafactory Nevada,LSTM,11,329.9233870967742,342.6858400525345
2024-07-31,Tesla Gigafactory Texas,LSTM,11,269.8413978494624,294.8844841576072
2024-07-31,Hyundai Metaplant Georgia,LSTM,11,245.24059139784944,256.56721846855453
2024-07-31,Rivian Normal,LSTM,11,270.79569892473114,267.4598510009788
2024-07-31,Tesla Fremont Factory,LSTM,11,339.43817204301075,339.9133337283674
2024-07-31,Lucid AMP 1 Casa Grande,LSTM,11,324.9180107526882,324.07291118621987
2024-07-31,GM Factory Zero,LSTM,11,255.46505376344084,254.79321254913205
2024-07-31,Ford Rouge Electric Vehicle Center,LSTM,11,255.49193548387098,261.925195584334
2024-07-31,BMW San Luis Potosi,LSTM,11,240.14650537634407,286.39754350755805
2024-08-31,BYD Camacari,LSTM,11,224.1491935483871,216.8693407229999
2024-08-31,Tesla Gigafactory Nevada,LSTM,11,303.0147849462366,297.4285769059373
2024-08-31,Tesla Gigafactory Texas,LSTM,11,286.88440860215053,277.19280361568417
2024-08-31,Hyundai Metaplant Georgia,LSTM,11,234.99193548387098,230.9301145591082
2024-08-31,Rivian Normal,LSTM,11,251.71774193548387,232.10981311416757
2024-08-31,Tesla Fremont Factory,LSTM,11,300.78629032258067,296.85469692065027
2024-08-31,Lucid AMP 1 Casa Grande,LSTM,11,283.14516129032256,289.95195263063397
2024-08-31,GM Factory Zero,LSTM,11,228.71236559139783,217.03516063496843
2024-08-31,Ford Rouge Electric Vehicle Center,LSTM,11,227.54973118279568,231.22222769057447
2024-08-31,BMW San Luis Potosi,LSTM,11,270.51747311827955,258.56843735037313
2024-09-30,BYD Camacari,LSTM,11,248.18888888888887,252.42032233281162
2024-09-30,Tesla Gigafactory Nevada,LSTM,11,247.60833333333332,242.8412838492556
2024-09-30,Tesla Gigafactory Texas,LSTM,11,242.84305555555554,236.0864340491513
2024-09-30,Hyundai Metaplant Georgia,LSTM,11,181.27916666666667,203.18523856036126
2024-09-30,Rivian Normal,LSTM,11,206.58333333333334,185.19978211235298
2024-09-30,Tesla Fremont Factory,LSTM,11,249.20416666666668,243.75246587081085
2024-09-30,Lucid AMP 1 Casa Grande,LSTM,11,274.7944444444445,254.00083499920146
2024-09-30,GM Factory Zero,LSTM,11,188.0097222222222,166.53812222012908
2024-09-30,Ford Rouge Electric Vehicle Center,LSTM,11,189.1625,167.57564599382084
2024-09-30,BMW San Luis Potosi,LSTM,11,214.35277777777776,227.28221471475496
2024-10-31,BYD Camacari,LSTM,11,267.252688172043,270.292646641132
2024-10-31,Tesla Gigafactory Nevada,LSTM,11,177.8709677419355,170.09657586835806
2024-10-31,Tesla Gigafactory Texas,LSTM,11,215.73655913978493,186.25816072876097
2024-10-31,Hyundai Metaplant Georgia,LSTM,11,191.76209677419354,166.46433379909683
2024-10-31,Rivian Normal,LSTM,11,167.65994623655914,141.80259843282803
2024-10-31,Tesla Fremont Factory,LSTM,11,190.11021505376343,175.09883734405736
2024-10-31,Lucid AMP 1 Casa Grande,LSTM,11,219.50134408602148,205.424332612108
2024-10-31,GM Factory Zero,LSTM,11,146.7271505376344,125.59736845541119
2024-10-31,Ford Rouge Electric Vehicle Center,LSTM,11,147.20833333333331,118.34212592379005
2024-10-31,BMW San Luis Potosi,LSTM,11,225.2016129032258,194.362840109655
2024-11-30,BYD Camacari,LSTM,11,253.79722222222225,259.97021445479766
2024-11-30,Tesla Gigafactory Nevada,LSTM,11,117.06805555555555,115.66018484749908
2024-11-30,Tesla Gigafactory Texas,LSTM,11,151.6361111111111,152.24594344635324
2024-11-30,Hyundai Metaplant Georgia,LSTM,11,128.38888888888889,142.67588968058266
2024-11-30,Rivian Normal,LSTM,11,75.10833333333333,98.91247042118303
2024-11-30,Tesla Fremont Factory,LSTM,11,119.65277777777779,122.81258191677898
2024-11-30,Lucid AMP 1 Casa Grande,LSTM,11,163.96944444444443,164.66703787496294
2024-11-30,GM Factory Zero,LSTM,11,64.27777777777777,80.14978915952733
2024-11-30,Ford Rouge Electric Vehicle Center,LSTM,11,66.01666666666667,75.86444503933151
2024-11-30,BMW San Luis Potosi,LSTM,11,215.38194444444443,188.53706576034267
2024-12-31,BYD Camacari,LSTM,11,302.8521505376344,254.797945838702
2024-12-31,Tesla Gigafactory Nevada,LSTM,11,95.06854838709677,93.3782754209884
2024-12-31,Tesla Gigafactory Texas,LSTM,11,115.30107526881721,119.71494382413564
2024-12-31,Hyundai Metaplant Georgia,LSTM,11,124.73924731182795,114.10206330481476
2024-12-31,Rivian Normal,LSTM,11,61.30510752688172,57.431715305942184
2024-12-31,Tesla Fremont Factory,LSTM,11,91.68279569892472,96.22624955161918
2024-12-31,Lucid AMP 1 Casa Grande,LSTM,11,143.70698924731184,146.17049524639984
2024-12-31,GM Factory Zero,LSTM,11,45.26478494623656,46.381643347437475
2024-12-31,Ford Rouge Electric Vehicle Center,LSTM,11,43.62231182795699,43.92022291384262
2024-12-31,BMW San Luis Potosi,LSTM,11,187.47311827956986,191.13633426467098
2024-01-31,BYD Camacari,LSTM,23,263.2258064516129,270.49715503465427
2024-01-31,Tesla Gigafactory Nevada,LSTM,23,93.5994623655914,105.2252251869585
2024-01-31,Tesla Gigafactory Texas,LSTM,23,133.8051075268817,124.9042995145885
2024-01-31,Hyundai Metaplant Georgia,LSTM,23,128.3319892473118,122.49255909790756
2024-01-31,Rivian Normal,LSTM,23,66.06854838709677,67.84399582685964
2024-01-31,Tesla Fremont Factory,LSTM,23,90.82392473118279,107.250284533696
2024-01-31,Lucid AMP 1 Casa Grande,LSTM,23,137.9798387096774,153.4292019355241
2024-01-31,GM Factory Zero,LSTM,23,42.969086021505376,52.763716230071466
2024-01-31,Ford Rouge Electric Vehicle Center,LSTM,23,41.924731182795696,58.790914447891346
2024-01-31,BMW San Luis Potosi,LSTM,23,183.4516129032258,198.3116597626959
2024-02-29,BYD Camacari,LSTM,23,250.05172413793105,262.70514472974565
2024-02-29,Tesla Gigafactory Nevada,LSTM,23,140.06896551724137,148.57027253350208
2024-02-29,Tesla Gigafactory Texas,LSTM,23,158.33908045977012,157.4053202845076
2024-02-29,Hyundai Metaplant Georgia,LSTM,23,153.75574712643677,152.21193571693152
2024-02-29,Rivian Normal,LSTM,23,147.78735632183907,114.99264726315135
2024-02-29,Tesla Fremont Factory,LSTM,23,126.60632183908045,144.65863779234536
2024-02-29,Lucid AMP 1 Casa Grande,LSTM,23,176.53879310344828,200.2079744272575
2024-02-29,GM Factory Zero,LSTM,23,114.36637931034483,104.16142298301489
2024-02-29,Ford Rouge Electric Vehicle Center,LSTM,23,114.98132183908045,105.84327022087722
2024-02-29,BMW San Luis Potosi,LSTM,23,230.89511494252872,244.13663746865205
2024-03-31,BYD Camacari,LSTM,23,266.5255376344086,227.90942497327126
2024-03-31,Tesla Gigafactory Nevada,LSTM,23,192.7016129032258,202.92117623085136
2024-03-31,Tesla Gigafactory Texas,LSTM,23,188.81854838709677,187.1245220857923
2024-03-31,Hyundai Metaplant Georgia,LSTM,23,187.87231182795696,197.67850503806145
2024-03-31,Rivian Normal,LSTM,23,173.11693548387098,158.87022056927285
2024-03-31,Tesla Fremont Factory,LSTM,23,189.37231182795696,199.65221041729106
2024-03-31,Lucid AMP 1 Casa Grande,LSTM,23,233.08602150537632,240.58769200763075
2024-03-31,GM Factory Zero,LSTM,23,134.98387096774192,151.2305085482937
2024-03-31,Ford Rouge Electric Vehicle Center,LSTM,23,135.19220430107526,144.6443083956437
2024-03-31,BMW San Luis Potosi,LSTM,23,295.6760752688172,283.7650904675485
2024-04-30,BYD Camacari,LSTM,23,184.0097222222222,201.71330244206294
2024-04-30,Tesla Gigafactory Nevada,LSTM,23,278.4597222222222,274.214863232379
2024-04-30,Tesla Gigafactory Texas,LSTM,23,216.54722222222225,224.2789874539901
2024-04-30,Hyundai Metaplant Georgia,LSTM,23,263.20138888888886,243.5225796000932
2024-04-30,Rivian Normal,LSTM,23,193.85833333333332,216.02021551004023
2024-04-30,Tesla Fremont Factory,LSTM,23,268.85,263.54062611305
2024-04-30,Lucid AMP 1 Casa Grande,LSTM,23,319.31111111111113,303.32572045200453
2024-04-30,GM Factory Zero,LSTM,23,204.275,191.45242037443597
2024-04-30,Ford Rouge Electric Vehicle Center,LSTM,23,201.80972222222223,189.97798068402165
2024-04-30,BMW San Luis Potosi,LSTM,23,316.1097222222222,313.27629359539156
2024-05-31,BYD Camacari,LSTM,23,190.63709677419354,177.05663157673052
2024-05-31,Tesla Gigafactory Nevada,LSTM,23,338.80779569892474,315.2658378808569
2024-05-31,Tesla Gigafactory Texas,LSTM,23,229.73655913978493,264.6213338126739
2024-05-31,Hyundai Metaplant Georgia,LSTM,23,257.39381720430106,267.35404669116906
2024-05-31,Rivian Normal,LSTM,23,264.4139784946237,249.74386176426887
2024-05-31,Tesla Fremont Factory,LSTM,23,329.3817204301075,310.609896282598
2024-05-31,Lucid AMP 1 Casa Grande,LSTM,23,350.38440860215053,343.2366492549178
2024-05-31,GM Factory Zero,LSTM,23,249.9543010752688,236.52274891681782
2024-05-31,Ford Rouge Electric Vehicle Center,LSTM,23,252.0793010752688,243.5556562011894
2024-05-31,BMW San Luis Potosi,LSTM,23,320.3938172043011,319.7640717047998
2024-06-30,BYD Camacari,LSTM,23,180.60694444444442,178.12958461548934
2024-06-30,Tesla Gigafactory Nevada,LSTM,23,351.66805555555555,345.8667640991162
2024-06-30,Tesla Gigafactory Texas,LSTM,23,297.1555555555555,291.21790710444094
2024-06-30,Hyundai Metaplant Georgia,LSTM,23,283.19305555555553,268.0524175891312
2024-06-30,Rivian Normal,LSTM,23,280.38194444444446,263.1877011818591
2024-06-30,Tesla Fremont Factory,LSTM,23,351.7125,347.2344955711328
2024-06-30,Lucid AMP 1 Casa Grande,LSTM,23,331.58194444444445,351.7544421753496
2024-06-30,GM Factory Zero,LSTM,23,248.35,256.4364308288982
2024-06-30,Ford Rouge Electric Vehicle Center,LSTM,23,250.30694444444444,273.54299198989634
2024-06-30,BMW San Luis Potosi,LSTM,23,274.2277777777778,308.27003426577454
2024-07-31,BYD Camacari,LSTM,23,203.36559139784944,184.20744867440595
2024-07-31,Tesla Gigafactory Nevada,LSTM,23,329.9233870967742,344.60846804594587
2024-07-31,Tesla Gigafactory Texas,LSTM,23,269.8413978494624,292.8326137951946
2024-07-31,Hyundai Metaplant Georgia,LSTM,23,245.24059139784944,259.63336773056494
2024-07-31,Rivian Normal,LSTM,23,270.79569892473114,255.16780088930042
2024-07-31,Tesla Fremont Factory,LSTM,23,339.43817204301075,344.6718785770985
2024-07-31,Lucid AMP 1 Casa Grande,LSTM,23,324.9180107526882,317.4737258563519
2024-07-31,GM Factory Zero,LSTM,23,255.46505376344084,265.6887961157227
2024-07-31,Ford Rouge Electric Vehicle Center,LSTM,23,255.49193548387098,268.92749599224504
2024-07-31,BMW San Luis Potosi,LSTM,23,240.14650537634407,281.846341351668
2024-08-31,BYD Camacari,LSTM,23,224.1491935483871,217.23897601223442
2024-08-31,Tesla Gigafactory Nevada,LSTM,23,303.0147849462366,287.1924014413095
2024-08-31,Tesla Gigafactory Texas,LSTM,23,286.88440860215053,270.9447642186637
2024-08-31,Hyundai Metaplant Georgia,LSTM,23,234.99193548387098,238.28605115702075
2024-08-31,Rivian Normal,LSTM,23,251.71774193548387,245.2422462319655
2024-08-31,Tesla Fremont Factory,LSTM,23,300.78629032258067,294.74231007067107
2024-08-31,Lucid AMP 1 Casa Grande,LSTM,23,283.14516129032256,294.4716513461323
2024-08-31,GM Factory Zero,LSTM,23,228.71236559139783,239.74850079355275
2024-08-31,Ford Rouge Electric Vehicle Center,LSTM,23,227.54973118279568,232.5684099954863
2024-08-31,BMW San Luis Potosi,LSTM,23,270.51747311827955,251.04072535550722
2024-09-30,BYD Camacari,LSTM,23,248.18888888888887,250.30699549439134
2024-09-30,Tesla Gigafactory Nevada,LSTM,23,247.60833333333332,244.68998793279187
2024-09-30,Tesla Gigafactory Texas,LSTM,23,242.84305555555554,240.74053930338994
2024-09-30,Hyundai Metaplant Georgia,LSTM,23,181.27916666666667,205.79907601783353
2024-09-30,Rivian Normal,LSTM,23,206.58333333333334,207.42973409304696
2024-09-30,Tesla Fremont Factory,LSTM,23,249.20416666666668,246.54571856059215
2024-09-30,Lucid AMP 1 Casa Grande,LSTM,23,274.7944444444445,257.6665264636919
2024-09-30,GM Factory Zero,LSTM,23,188.0097222222222,181.42013008072706
2024-09-30,Ford Rouge Electric Vehicle Center,LSTM,23,189.1625,170.84425080494157
2024-09-30,BMW San Luis Potosi,LSTM,23,214.35277777777776,234.09208420399696
2024-10-31,BYD Camacari,LSTM,23,267.252688172043,269.76798227613654
2024-10-31,Tesla Gigafactory Nevada,LSTM,23,177.8709677419355,176.48463573138292
2024-10-31,Tesla Gigafactory Texas,LSTM,23,215.73655913978493,184.22720266846562
2024-10-31,Hyundai Metaplant Georgia,LSTM,23,191.76209677419354,165.5754165788812
2024-10-31,Rivian Normal,LSTM,23,167.65994623655914,144.73019958351568
2024-10-31,Tesla Fremont Factory,LSTM,23,190.11021505376343,179.27942942587597
2024-10-31,Lucid AMP 1 Casa Grande,LSTM,23,219.50134408602148,197.4184387470125
2024-10-31,GM Factory Zero,LSTM,23,146.7271505376344,116.92437765690696
2024-10-31,Ford Rouge Electric Vehicle Center,LSTM,23,147.20833333333331,110.80287991158369
2024-10-31,BMW San Luis Potosi,LSTM,23,225.2016129032258,200.34972143958333
2024-11-30,BYD Camacari,LSTM,23,253.79722222222225,261.2726496317855
2024-11-30,Tesla Gigafactory Nevada,LSTM,23,117.06805555555555,120.77082242296815
2024-11-30,Tesla Gigafactory Texas,LSTM,23,151.6361111111111,148.3541398829911
2024-11-30,Hyundai Metaplant Georgia,LSTM,23,128.38888888888889,134.63045870901277
2024-11-30,Rivian Normal,LSTM,23,75.10833333333333,97.14821859867743
2024-11-30,Tesla Fremont Factory,LSTM,23,119.65277777777779,129.50945599867384
2024-11-30,Lucid AMP 1 Casa Grande,LSTM,23,163.96944444444443,159.82732489019313
2024-11-30,GM Factory Zero,LSTM,23,64.27777777777777,77.74782128235505
2024-11-30,Ford Rouge Electric Vehicle Center,LSTM,23,66.01666666666667,78.67168069328096
2024-11-30,BMW San Luis Potosi,LSTM,23,215.38194444444443,191.94032230724892
2024-12-31,BYD Camacari,LSTM,23,302.8521505376344,259.8123855289593
2024-12-31,Tesla Gigafactory Nevada,LSTM,23,95.06854838709677,99.03851108738408
2024-12-31,Tesla Gigafactory Texas,LSTM,23,115.30107526881721,125.64974336167899
2024-12-31,Hyundai Metaplant Georgia,LSTM,23,124.73924731182795,116.20044576761222
2024-12-31,Rivian Normal,LSTM,23,61.30510752688172,68.51164177889305
2024-12-31,Tesla Fremont Factory,LSTM,23,91.68279569892472,96.73741856849247
2024-12-31,Lucid AMP 1 Casa Grande,LSTM,23,143.70698924731184,142.80931152959545
2024-12-31,GM Factory Zero,LSTM,23,45.26478494623656,48.159713090232515
2024-12-31,Ford Rouge Electric Vehicle Center,LSTM,23,43.62231182795699,52.08229644469396
2024-12-31,BMW San Luis Potosi,LSTM,23,187.47311827956986,192.8383769799945
2024-01-31,BYD Camacari,LSTM,42,263.2258064516129,270.60484369451643
2024-01-31,Tesla Gigafactory Nevada,LSTM,42,93.5994623655914,110.90855592988618
2024-01-31,Tesla Gigafactory Texas,LSTM,42,133.8051075268817,124.52410471455384
2024-01-31,Hyundai Metaplant Georgia,LSTM,42,128.3319892473118,126.22109886451113
2024-01-31,Rivian Normal,LSTM,42,66.06854838709677,76.52911490410247
2024-01-31,Tesla Fremont Factory,LSTM,42,90.82392473118279,111.72041420695442
2024-01-31,Lucid AMP 1 Casa Grande,LSTM,42,137.9798387096774,147.76717914861217
2024-01-31,GM Factory Zero,LSTM,42,42.969086021505376,65.22333692345887
2024-01-31,Ford Rouge Electric Vehicle Center,LSTM,42,41.924731182795696,62.79525782452315
2024-01-31,BMW San Luis Potosi,LSTM,42,183.4516129032258,194.07480300970937
2024-02-29,BYD Camacari,LSTM,42,250.05172413793105,254.00156749849037
2024-02-29,Tesla Gigafactory Nevada,LSTM,42,140.06896551724137,147.58223875514017
2024-02-29,Tesla Gigafactory Texas,LSTM,42,158.33908045977012,151.09107553734574
2024-02-29,Hyundai Metaplant Georgia,LSTM,42,153.75574712643677,153.8179887155051
2024-02-29,Rivian Normal,LSTM,42,147.78735632183907,118.39637409779495
2024-02-29,Tesla Fremont Factory,LSTM,42,126.60632183908045,155.06579919457835
2024-02-29,Lucid AMP 1 Casa Grande,LSTM,42,176.53879310344828,184.52422089051976
2024-02-29,GM Factory Zero,LSTM,42,114.36637931034483,104.04620013673886
2024-02-29,Ford Rouge Electric Vehicle Center,LSTM,42,114.98132183908045,109.60697245436943
2024-02-29,BMW San Luis Potosi,LSTM,42,230.89511494252872,234.70115031165784
2024-03-31,BYD Camacari,LSTM,42,266.5255376344086,229.84617766008904
2024-03-31,Tesla Gigafactory Nevada,LSTM,42,192.7016129032258,206.89971157014907
2024-03-31,Tesla Gigafactory Texas,LSTM,42,188.81854838709677,189.23123959780384
2024-03-31,Hyundai Metaplant Georgia,LSTM,42,187.87231182795696,195.07460192903397
2024-03-31,Rivian Normal,LSTM,42,173.11693548387098,160.25095079542808
2024-03-31,Tesla Fremont Factory,LSTM,42,189.37231182795696,200.39250610400003
2024-03-31,Lucid AMP 1 Casa Grande,LSTM,42,233.08602150537632,237.86639303136417
2024-03-31,GM Factory Zero,LSTM,42,134.98387096774192,148.87458671895408
2024-03-31,Ford Rouge Electric Vehicle Center,LSTM,42,135.19220430107526,147.21426203866957
2024-03-31,BMW San Luis Potosi,LSTM,42,295.6760752688172,278.8211141626841
2024-04-30,BYD Camacari,LSTM,42,184.0097222222222,204.38270704536347
2024-04-30,Tesla Gigafactory Nevada,LSTM,42,278.4597222222222,267.51169676305096
2024-04-30,Tesla Gigafactory Texas,LSTM,42,216.54722222222225,228.32979947248455
2024-04-30,Hyundai Metaplant Georgia,LSTM,42,263.20138888888886,235.54013515720445
2024-04-30,Rivian Normal,LSTM,42,193.85833333333332,205.9886818339107
2024-04-30,Tesla Fremont Factory,LSTM,42,268.85,263.3193023127333
2024-04-30,Lucid AMP 1 Casa Grande,LSTM,42,319.31111111111113,308.65092098510235
2024-04-30,GM Factory Zero,LSTM,42,204.275,183.11130096755895
2024-04-30,Ford Rouge Electric Vehicle Center,LSTM,42,201.80972222222223,184.32663142100293
2024-04-30,BMW San Luis Potosi,LSTM,42,316.1097222222222,314.47990283362003
2024-05-31,BYD Camacari,LSTM,42,190.63709677419354,174.57624209820423
2024-05-31,Tesla Gigafactory Nevada,LSTM,42,338.80779569892474,319.17226832025426
2024-05-31,Tesla Gigafactory Texas,LSTM,42,229.73655913978493,260.61773328547196
2024-05-31,Hyundai Metaplant Georgia,LSTM,42,257.39381720430106,265.3497803943452
2024-05-31,Rivian Normal,LSTM,42,264.4139784946237,242.81787777836286
2024-05-31,Tesla Fremont Factory,LSTM,42,329.3817204301075,318.7379338643991
2024-05-31,Lucid AMP 1 Casa Grande,LSTM,42,350.38440860215053,348.1310528075423
2024-05-31,GM Factory Zero,LSTM,42,249.9543010752688,245.23966781569104
2024-05-31,Ford Rouge Electric Vehicle Center,LSTM,42,252.0793010752688,239.58163362470415
2024-05-31,BMW San Luis Potosi,LSTM,42,320.3938172043011,312.3567346430594
2024-06-30,BYD Camacari,LSTM,42,180.60694444444442,176.00481281613793
2024-06-30,Tesla Gigafactory Nevada,LSTM,42,351.66805555555555,354.46938666902406
2024-06-30,Tesla Gigafactory Texas,LSTM,42,297.1555555555555,286.3503972702129
2024-06-30,Hyundai Metaplant Georgia,LSTM,42,283.19305555555553,265.1532550660833
2024-06-30,Rivian Normal,LSTM,42,280.38194444444446,278.0515428306435
2024-06-30,Tesla Fremont Factory,LSTM,42,351.7125,342.95860621661586
2024-06-30,Lucid AMP 1 Casa Grande,LSTM,42,331.58194444444445,341.18328655154636
2024-06-30,GM Factory Zero,LSTM,42,248.35,275.2278201037891
2024-06-30,Ford Rouge Electric Vehicle Center,LSTM,42,250.30694444444444,275.1746763667512
2024-06-30,BMW San Luis Potosi,LSTM,42,274.2277777777778,306.28637538089225
2024-07-31,BYD Camacari,LSTM,42,203.36559139784944,186.86059578758494
2024-07-31,Tesla Gigafactory Nevada,LSTM,42,329.9233870967742,348.86319792681644
2024-07-31,Tesla Gigafactory Texas,LSTM,42,269.8413978494624,301.6985405483233
2024-07-31,Hyundai Metaplant Georgia,LSTM,42,245.24059139784944,257.3165029022963
2024-07-31,Rivian Normal,LSTM,42,270.79569892473114,264.30113687037783
2024-07-31,Tesla Fremont Factory,LSTM,42,339.43817204301075,341.3720088907547
2024-07-31,Lucid AMP 1 Casa Grande,LSTM,42,324.9180107526882,318.98454414725467
2024-07-31,GM Factory Zero,LSTM,42,255.46505376344084,265.24305964068486
2024-07-31,Ford Rouge Electric Vehicle Center,LSTM,42,255.49193548387098,265.8057424528223
2024-07-31,BMW San Luis Potosi,LSTM,42,240.14650537634407,280.294122291108
2024-08-31,BYD Camacari,LSTM,42,224.1491935483871,213.673752491793
2024-08-31,Tesla Gigafactory Nevada,LSTM,42,303.0147849462366,300.61574458135124
2024-08-31,Tesla Gigafactory Texas,LSTM,42,286.88440860215053,273.7700594314324
2024-08-31,Hyundai Metaplant Georgia,LSTM,42,234.99193548387098,230.1341938785007
2024-08-31,Rivian Normal,LSTM,42,251.71774193548387,239.92046679932906
2024-08-31,Tesla Fremont Factory,LSTM,42,300.78629032258067,291.4867217727753
2024-08-31,Lucid AMP 1 Casa Grande,LSTM,42,283.14516129032256,290.8272783909514
2024-08-31,GM Factory Zero,LSTM,42,228.71236559139783,225.5678140393455
2024-08-31,Ford Rouge Electric Vehicle Center,LSTM,42,227.54973118279568,227.23945687047626
2024-08-31,BMW San Luis Potosi,LSTM,42,270.51747311827955,256.46745055569437
2024-09-30,BYD Camacari,LSTM,42,248.18888888888887,247.70654064168534
2024-09-30,Tesla Gigafactory Nevada,LSTM,42,247.60833333333332,235.91719779911915
2024-09-30,Tesla Gigafactory Texas,LSTM,42,242.84305555555554,238.49072625143555
2024-09-30,Hyundai Metaplant Georgia,LSTM,42,181.27916666666667,207.6621687843274
2024-09-30,Rivian Normal,LSTM,42,206.58333333333334,191.48032909191105
2024-09-30,Tesla Fremont Factory,LSTM,42,249.20416666666668,239.22686806329955
2024-09-30,Lucid AMP 1 Casa Grande,LSTM,42,274.7944444444445,253.53287624566946
2024-09-30,GM Factory Zero,LSTM,42,188.0097222222222,172.16161014426726
2024-09-30,Ford Rouge Electric Vehicle Center,LSTM,42,189.1625,175.3075789187544
2024-09-30,BMW San Luis Potosi,LSTM,42,214.35277777777776,246.4265980818259
2024-10-31,BYD Camacari,LSTM,42,267.252688172043,259.60924493104864
2024-10-31,Tesla Gigafactory Nevada,LSTM,42,177.8709677419355,170.03316452513886
2024-10-31,Tesla Gigafactory Texas,LSTM,42,215.73655913978493,188.3318136804687
2024-10-31,Hyundai Metaplant Georgia,LSTM,42,191.76209677419354,164.6628937830207
2024-10-31,Rivian Normal,LSTM,42,167.65994623655914,135.74275603986558
2024-10-31,Tesla Fremont Factory,LSTM,42,190.11021505376343,184.36547862540624
2024-10-31,Lucid AMP 1 Casa Grande,LSTM,42,219.50134408602148,215.30734015227728
2024-10-31,GM Factory Zero,LSTM,42,146.7271505376344,122.55880898713372
2024-10-31,Ford Rouge Electric Vehicle Center,LSTM,42,147.20833333333331,119.18737058844883
2024-10-31,BMW San Luis Potosi,LSTM,42,225.2016129032258,221.5603777167778
2024-11-30,BYD Camacari,LSTM,42,253.79722222222225,259.83634490175274
2024-11-30,Tesla Gigafactory Nevada,LSTM,42,117.06805555555555,114.12695813693881
2024-11-30,Tesla Gigafactory Texas,LSTM,42,151.6361111111111,148.0299261468713
2024-11-30,Hyundai Metaplant Georgia,LSTM,42,128.38888888888889,138.23745218231792
2024-11-30,Rivian Normal,LSTM,42,75.10833333333333,87.35637316488291
2024-11-30,Tesla Fremont Factory,LSTM,42,119.65277777777779,125.5669283434655
2024-11-30,Lucid AMP 1 Casa Grande,LSTM,42,163.96944444444443,165.78628509690364
2024-11-30,GM Factory Zero,LSTM,42,64.27777777777777,79.09564890089482
2024-11-30,Ford Rouge Electric Vehicle Center,LSTM,42,66.01666666666667,74.0031031566909
2024-11-30,BMW San Luis Potosi,LSTM,42,215.38194444444443,199.30360011211647
2024-12-31,BYD Camacari,LSTM,42,302.8521505376344,260.69679849947335
2024-12-31,Tesla Gigafactory Nevada,LSTM,42,95.06854838709677,94.04716922520896
2024-12-31,Tesla Gigafactory Texas,LSTM,42,115.30107526881721,124.58765473593307
2024-12-31,Hyundai Metaplant Georgia,LSTM,42,124.73924731182795,116.40115640008001
2024-12-31,Rivian Normal,LSTM,42,61.30510752688172,56.800457731072086
2024-12-31,Tesla Fremont Factory,LSTM,42,91.68279569892472,88.02112485691103
2024-12-31,Lucid AMP 1 Casa Grande,LSTM,42,143.70698924731184,139.71606354126206
2024-12-31,GM Factory Zero,LSTM,42,45.26478494623656,45.557036153323224
2024-12-31,Ford Rouge Electric Vehicle Center,LSTM,42,43.62231182795699,40.769380054699084
2024-12-31,BMW San Luis Potosi,LSTM,42,187.47311827956986,192.89221939989318
2024-01-31,BYD Camacari,LSTM,67,263.2258064516129,266.466013511743
2024-01-31,Tesla Gigafactory Nevada,LSTM,67,93.5994623655914,107.97629341466259
2024-01-31,Tesla Gigafactory Texas,LSTM,67,133.8051075268817,125.87734251611576
2024-01-31,Hyundai Metaplant Georgia,LSTM,67,128.3319892473118,118.17043195090066
2024-01-31,Rivian Normal,LSTM,67,66.06854838709677,74.3341848307179
2024-01-31,Tesla Fremont Factory,LSTM,67,90.82392473118279,112.68408314239393
2024-01-31,Lucid AMP 1 Casa Grande,LSTM,67,137.9798387096774,146.57375581901502
2024-01-31,GM Factory Zero,LSTM,67,42.969086021505376,62.23705335807749
2024-01-31,Ford Rouge Electric Vehicle Center,LSTM,67,41.924731182795696,54.33448786051997
2024-01-31,BMW San Luis Potosi,LSTM,67,183.4516129032258,202.54252170158492
2024-02-29,BYD Camacari,LSTM,67,250.05172413793105,251.58461757380798
2024-02-29,Tesla Gigafactory Nevada,LSTM,67,140.06896551724137,146.24275913967296
2024-02-29,Tesla Gigafactory Texas,LSTM,67,158.33908045977012,156.5746248206224
2024-02-29,Hyundai Metaplant Georgia,LSTM,67,153.75574712643677,149.23557790236606
2024-02-29,Rivian Normal,LSTM,67,147.78735632183907,113.6687331615837
2024-02-29,Tesla Fremont Factory,LSTM,67,126.60632183908045,154.27863640560096
2024-02-29,Lucid AMP 1 Casa Grande,LSTM,67,176.53879310344828,189.03348605962452
2024-02-29,GM Factory Zero,LSTM,67,114.36637931034483,103.59763837669672
2024-02-29,Ford Rouge Electric Vehicle Center,LSTM,67,114.98132183908045,102.16144784208466
2024-02-29,BMW San Luis Potosi,LSTM,67,230.89511494252872,241.28012898139735
2024-03-31,BYD Camacari,LSTM,67,266.5255376344086,225.06472680553475
2024-03-31,Tesla Gigafactory Nevada,LSTM,67,192.7016129032258,211.45814237315676
2024-03-31,Tesla Gigafactory Texas,LSTM,67,188.81854838709677,190.09304624018813
2024-03-31,Hyundai Metaplant Georgia,LSTM,67,187.87231182795696,196.08243812933085
2024-03-31,Rivian Normal,LSTM,67,173.11693548387098,160.02118624181998
2024-03-31,Tesla Fremont Factory,LSTM,67,189.37231182795696,197.31569788417374
2024-03-31,Lucid AMP 1 Casa Grande,LSTM,67,233.08602150537632,238.71108799637244
2024-03-31,GM Factory Zero,LSTM,67,134.98387096774192,153.93946498326397
2024-03-31,Ford Rouge Electric Vehicle Center,LSTM,67,135.19220430107526,152.7221191622063
2024-03-31,BMW San Luis Potosi,LSTM,67,295.6760752688172,275.852764742509
2024-04-30,BYD Camacari,LSTM,67,184.0097222222222,205.3564076938376
2024-04-30,Tesla Gigafactory Nevada,LSTM,67,278.4597222222222,275.98421915107036
2024-04-30,Tesla Gigafactory Texas,LSTM,67,216.54722222222225,221.32267908239237
2024-04-30,Hyundai Metaplant Georgia,LSTM,67,263.20138888888886,241.0172725997625
2024-04-30,Rivian Normal,LSTM,67,193.85833333333332,208.50598237070668
2024-04-30,Tesla Fremont Factory,LSTM,67,268.85,259.948512565657
2024-04-30,Lucid AMP 1 Casa Grande,LSTM,67,319.31111111111113,298.84315438591824
2024-04-30,GM Factory Zero,LSTM,67,204.275,195.9112811030613
2024-04-30,Ford Rouge Electric Vehicle Center,LSTM,67,201.80972222222223,197.7114441488138
2024-04-30,BMW San Luis Potosi,LSTM,67,316.1097222222222,311.93401560964446
2024-05-31,BYD Camacari,LSTM,67,190.63709677419354,173.3334173358356
2024-05-31,Tesla Gigafactory Nevada,LSTM,67,338.80779569892474,324.46001560453817
2024-05-31,Tesla Gigafactory Texas,LSTM,67,229.73655913978493,260.7939886726359
2024-05-31,Hyundai Metaplant Georgia,LSTM,67,257.39381720430106,264.0749298343735
2024-05-31,Rivian Normal,LSTM,67,264.4139784946237,234.20894114296604
2024-05-31,Tesla Fremont Factory,LSTM,67,329.3817204301075,317.85544886014634
2024-05-31,Lucid AMP 1 Casa Grande,LSTM,67,350.38440860215053,343.55636864726745
2024-05-31,GM Factory Zero,LSTM,67,249.9543010752688,248.33109060223597
2024-05-31,Ford Rouge Electric Vehicle Center,LSTM,67,252.0793010752688,248.08656973296965
2024-05-31,BMW San Luis Potosi,LSTM,67,320.3938172043011,315.178266571334
2024-06-30,BYD Camacari,LSTM,67,180.60694444444442,169.99060862713685
2024-06-30,Tesla Gigafactory Nevada,LSTM,67,351.66805555555555,345.72394723488173
2024-06-30,Tesla Gigafactory Texas,LSTM,67,297.1555555555555,283.63003201077703
2024-06-30,Hyundai Metaplant Georgia,LSTM,67,283.19305555555553,269.0270300627716
2024-06-30,Rivian Normal,LSTM,67,280.38194444444446,267.91449661833303
2024-06-30,Tesla Fremont Factory,LSTM,67,351.7125,353.48222866817025
2024-06-30,Lucid AMP 1 Casa Grande,LSTM,67,331.58194444444445,356.26780649771297
2024-06-30,GM Factory Zero,LSTM,67,248.35,275.55326041501803
2024-06-30,Ford Rouge Electric Vehicle Center,LSTM,67,250.30694444444444,270.86627110852237
2024-06-30,BMW San Luis Potosi,LSTM,67,274.2277777777778,310.30344952394563
2024-07-31,BYD Camacari,LSTM,67,203.36559139784944,192.96519382482256
2024-07-31,Tesla Gigafactory Nevada,LSTM,67,329.9233870967742,329.20740221397796
2024-07-31,Tesla Gigafactory Texas,LSTM,67,269.8413978494624,293.7822559179478
2024-07-31,Hyundai Metaplant Georgia,LSTM,67,245.24059139784944,259.1126767938496
2024-07-31,Rivian Normal,LSTM,67,270.79569892473114,272.1752030358359
2024-07-31,Tesla Fremont Factory,LSTM,67,339.43817204301075,336.9790557079711
2024-07-31,Lucid AMP 1 Casa Grande,LSTM,67,324.9180107526882,330.51816348199566
2024-07-31,GM Factory Zero,LSTM,67,255.46505376344084,261.79178904323277
2024-07-31,Ford Rouge Electric Vehicle Center,LSTM,67,255.49193548387098,254.4894623994079
2024-07-31,BMW San Luis Potosi,LSTM,67,240.14650537634407,284.7038655133657
2024-08-31,BYD Camacari,LSTM,67,224.1491935483871,220.35212013345733
2024-08-31,Tesla Gigafactory Nevada,LSTM,67,303.0147849462366,287.6432537154138
2024-08-31,Tesla Gigafactory Texas,LSTM,67,286.88440860215053,276.0801319298885
2024-08-31,Hyundai Metaplant Georgia,LSTM,67,234.99193548387098,231.70607455811833
2024-08-31,Rivian Normal,LSTM,67,251.71774193548387,242.16430648143896
2024-08-31,Tesla Fremont Factory,LSTM,67,300.78629032258067,298.9135237435206
2024-08-31,Lucid AMP 1 Casa Grande,LSTM,67,283.14516129032256,292.8527988881754
2024-08-31,GM Factory Zero,LSTM,67,228.71236559139783,220.48973214094357
2024-08-31,Ford Rouge Electric Vehicle Center,LSTM,67,227.54973118279568,221.1767629372443
2024-08-31,BMW San Luis Potosi,LSTM,67,270.51747311827955,253.3129408519755
2024-09-30,BYD Camacari,LSTM,67,248.18888888888887,244.89125007959785
2024-09-30,Tesla Gigafactory Nevada,LSTM,67,247.60833333333332,242.98595249841932
2024-09-30,Tesla Gigafactory Texas,LSTM,67,242.84305555555554,240.18128132836154
2024-09-30,Hyundai Metaplant Georgia,LSTM,67,181.27916666666667,207.69192583730785
2024-09-30,Rivian Normal,LSTM,67,206.58333333333334,194.02274680193716
2024-09-30,Tesla Fremont Factory,LSTM,67,249.20416666666668,246.93759970274556
2024-09-30,Lucid AMP 1 Casa Grande,LSTM,67,274.7944444444445,246.95292708437933
2024-09-30,GM Factory Zero,LSTM,67,188.0097222222222,172.41719477562015
2024-09-30,Ford Rouge Electric Vehicle Center,LSTM,67,189.1625,174.17212778595558
2024-09-30,BMW San Luis Potosi,LSTM,67,214.35277777777776,237.5790813575669
2024-10-31,BYD Camacari,LSTM,67,267.252688172043,258.1632462938627
2024-10-31,Tesla Gigafactory Nevada,LSTM,67,177.8709677419355,185.5486067545737
2024-10-31,Tesla Gigafactory Texas,LSTM,67,215.73655913978493,187.95709470194836
2024-10-31,Hyundai Metaplant Georgia,LSTM,67,191.76209677419354,171.03716383001176
2024-10-31,Rivian Normal,LSTM,67,167.65994623655914,135.94482318828665
2024-10-31,Tesla Fremont Factory,LSTM,67,190.11021505376343,183.38938412950188
2024-10-31,Lucid AMP 1 Casa Grande,LSTM,67,219.50134408602148,210.9537554360606
2024-10-31,GM Factory Zero,LSTM,67,146.7271505376344,119.98803541240247
2024-10-31,Ford Rouge Electric Vehicle Center,LSTM,67,147.20833333333331,119.73263749629123
2024-10-31,BMW San Luis Potosi,LSTM,67,225.2016129032258,204.82440361689015
2024-11-30,BYD Camacari,LSTM,67,253.79722222222225,260.4124806089908
2024-11-30,Tesla Gigafactory Nevada,LSTM,67,117.06805555555555,119.19164727463331
2024-11-30,Tesla Gigafactory Texas,LSTM,67,151.6361111111111,146.95091615272787
2024-11-30,Hyundai Metaplant Georgia,LSTM,67,128.38888888888889,139.07124469184907
2024-11-30,Rivian Normal,LSTM,67,75.10833333333333,95.90043591741994
2024-11-30,Tesla Fremont Factory,LSTM,67,119.65277777777779,127.00444388632599
2024-11-30,Lucid AMP 1 Casa Grande,LSTM,67,163.96944444444443,159.12910002483636
2024-11-30,GM Factory Zero,LSTM,67,64.27777777777777,80.58214719866712
2024-11-30,Ford Rouge Electric Vehicle Center,LSTM,67,66.01666666666667,81.26466896117907
2024-11-30,BMW San Luis Potosi,LSTM,67,215.38194444444443,194.18427987280552
2024-12-31,BYD Camacari,LSTM,67,302.8521505376344,264.7655957109665
2024-12-31,Tesla Gigafactory Nevada,LSTM,67,95.06854838709677,99.34932315043044
2024-12-31,Tesla Gigafactory Texas,LSTM,67,115.30107526881721,123.93687208872089
2024-12-31,Hyundai Metaplant Georgia,LSTM,67,124.73924731182795,113.43788125431065
2024-12-31,Rivian Normal,LSTM,67,61.30510752688172,58.21650989318107
2024-12-31,Tesla Fremont Factory,LSTM,67,91.68279569892472,84.49544690275266
2024-12-31,Lucid AMP 1 Casa Grande,LSTM,67,143.70698924731184,138.98913914241118
2024-12-31,GM Factory Zero,LSTM,67,45.26478494623656,41.69371806378559
2024-12-31,Ford Rouge Electric Vehicle Center,LSTM,67,43.62231182795699,43.28229742503965
2024-12-31,BMW San Luis Potosi,LSTM,67,187.47311827956986,192.54648732181678
2024-01-31,BYD Camacari,LSTM,89,263.2258064516129,261.3754454388894
2024-01-31,Tesla Gigafactory Nevada,LSTM,89,93.5994623655914,108.8312731683618
2024-01-31,Tesla Gigafactory Texas,LSTM,89,133.8051075268817,128.22697496640507
2024-01-31,Hyundai Metaplant Georgia,LSTM,89,128.3319892473118,122.95634024570225
2024-01-31,Rivian Normal,LSTM,89,66.06854838709677,73.48190469575185
2024-01-31,Tesla Fremont Factory,LSTM,89,90.82392473118279,109.99717520839403
2024-01-31,Lucid AMP 1 Casa Grande,LSTM,89,137.9798387096774,149.86392152359088
2024-01-31,GM Factory Zero,LSTM,89,42.969086021505376,60.797436498164274
2024-01-31,Ford Rouge Electric Vehicle Center,LSTM,89,41.924731182795696,62.39335215472746
2024-01-31,BMW San Luis Potosi,LSTM,89,183.4516129032258,192.88516805088648
2024-02-29,BYD Camacari,LSTM,89,250.05172413793105,248.52729144732479
2024-02-29,Tesla Gigafactory Nevada,LSTM,89,140.06896551724137,149.06520712140906
2024-02-29,Tesla Gigafactory Texas,LSTM,89,158.33908045977012,151.44133754042528
2024-02-29,Hyundai Metaplant Georgia,LSTM,89,153.75574712643677,152.95308525307524
2024-02-29,Rivian Normal,LSTM,89,147.78735632183907,106.21392553395802
2024-02-29,Tesla Fremont Factory,LSTM,89,126.60632183908045,153.03486648703722
2024-02-29,Lucid AMP 1 Casa Grande,LSTM,89,176.53879310344828,193.48261817941665
2024-02-29,GM Factory Zero,LSTM,89,114.36637931034483,102.21811471905119
2024-02-29,Ford Rouge Electric Vehicle Center,LSTM,89,114.98132183908045,104.19934152515343
2024-02-29,BMW San Luis Potosi,LSTM,89,230.89511494252872,236.01934397124475
2024-03-31,BYD Camacari,LSTM,89,266.5255376344086,224.75034495110634
2024-03-31,Tesla Gigafactory Nevada,LSTM,89,192.7016129032258,205.04625511821024
2024-03-31,Tesla Gigafactory Texas,LSTM,89,188.81854838709677,184.53999785566202
2024-03-31,Hyundai Metaplant Georgia,LSTM,89,187.87231182795696,199.81911566805456
2024-03-31,Rivian Normal,LSTM,89,173.11693548387098,154.88971713798182
2024-03-31,Tesla Fremont Factory,LSTM,89,189.37231182795696,194.62835137652746
2024-03-31,Lucid AMP 1 Casa Grande,LSTM,89,233.08602150537632,240.66128746258318
2024-03-31,GM Factory Zero,LSTM,89,134.98387096774192,153.43356416568855
2024-03-31,Ford Rouge Electric Vehicle Center,LSTM,89,135.19220430107526,144.591416160319
2024-03-31,BMW San Luis Potosi,LSTM,89,295.6760752688172,275.76628064740726
2024-04-30,BYD Camacari,LSTM,89,184.0097222222222,210.88288488423314
2024-04-30,Tesla Gigafactory Nevada,LSTM,89,278.4597222222222,276.8024786651215
2024-04-30,Tesla Gigafactory Texas,LSTM,89,216.54722222222225,222.24251545741356
2024-04-30,Hyundai Metaplant Georgia,LSTM,89,263.20138888888886,241.38355570631
2024-04-30,Rivian Normal,LSTM,89,193.85833333333332,212.50661015350335
2024-04-30,Tesla Fremont Factory,LSTM,89,268.85,262.6148241666616
2024-04-30,Lucid AMP 1 Casa Grande,LSTM,89,319.31111111111113,304.5748627782269
2024-04-30,GM Factory Zero,LSTM,89,204.275,199.671308602163
2024-04-30,Ford Rouge Electric Vehicle Center,LSTM,89,201.80972222222223,190.51810014465534
2024-04-30,BMW San Luis Potosi,LSTM,89,316.1097222222222,306.8220677658595
2024-05-31,BYD Camacari,LSTM,89,190.63709677419354,174.0381981217733
2024-05-31,Tesla Gigafactory Nevada,LSTM,89,338.80779569892474,321.9563696052252
2024-05-31,Tesla Gigafactory Texas,LSTM,89,229.73655913978493,264.25196360644475
2024-05-31,Hyundai Metaplant Georgia,LSTM,89,257.39381720430106,264.0675825558362
2024-05-31,Rivian Normal,LSTM,89,264.4139784946237,249.399947457336
2024-05-31,Tesla Fremont Factory,LSTM,89,329.3817204301075,309.5497369878581
2024-05-31,Lucid AMP 1 Casa Grande,LSTM,89,350.38440860215053,345.98836788005565
2024-05-31,GM Factory Zero,LSTM,89,249.9543010752688,247.98469033491762
2024-05-31,Ford Rouge Electric Vehicle Center,LSTM,89,252.0793010752688,248.66604823438865
2024-05-31,BMW San Luis Potosi,LSTM,89,320.3938172043011,313.83631546931565
2024-06-30,BYD Camacari,LSTM,89,180.60694444444442,168.72201606421982
2024-06-30,Tesla Gigafactory Nevada,LSTM,89,351.66805555555555,352.79583194233663
2024-06-30,Tesla Gigafactory Texas,LSTM,89,297.1555555555555,287.40705295355735
2024-06-30,Hyundai Metaplant Georgia,LSTM,89,283.19305555555553,264.41572167876586
2024-06-30,Rivian Normal,LSTM,89,280.38194444444446,278.66508408828133
2024-06-30,Tesla Fremont Factory,LSTM,89,351.7125,342.0560008668798
2024-06-30,Lucid AMP 1 Casa Grande,LSTM,89,331.58194444444445,347.0190100476787
2024-06-30,GM Factory Zero,LSTM,89,248.35,273.01764232908846
2024-06-30,Ford Rouge Electric Vehicle Center,LSTM,89,250.30694444444444,269.21449638215495
2024-06-30,BMW San Luis Potosi,LSTM,89,274.2277777777778,302.05565937223935
2024-07-31,BYD Camacari,LSTM,89,203.36559139784944,186.89412284478226
2024-07-31,Tesla Gigafactory Nevada,LSTM,89,329.9233870967742,346.4445701594768
2024-07-31,Tesla Gigafactory Texas,LSTM,89,269.8413978494624,288.92790838322975
2024-07-31,Hyundai Metaplant Georgia,LSTM,89,245.24059139784944,267.5238504618086
2024-07-31,Rivian Normal,LSTM,89,270.79569892473114,272.9907895755223
2024-07-31,Tesla Fremont Factory,LSTM,89,339.43817204301075,352.20044626218925
2024-07-31,Lucid AMP 1 Casa Grande,LSTM,89,324.9180107526882,320.04329063384444
2024-07-31,GM Factory Zero,LSTM,89,255.46505376344084,259.0818732309085
2024-07-31,Ford Rouge Electric Vehicle Center,LSTM,89,255.49193548387098,254.7914298580405
2024-07-31,BMW San Luis Potosi,LSTM,89,240.14650537634407,283.030979659208
2024-08-31,BYD Camacari,LSTM,89,224.1491935483871,217.91088036187395
2024-08-31,Tesla Gigafactory Nevada,LSTM,89,303.0147849462366,294.0598032076379
2024-08-31,Tesla Gigafactory Texas,LSTM,89,286.88440860215053,272.7649603228095
2024-08-31,Hyundai Metaplant Georgia,LSTM,89,234.99193548387098,240.91595144409646
2024-08-31,Rivian Normal,LSTM,89,251.71774193548387,236.82093765033832
2024-08-31,Tesla Fremont Factory,LSTM,89,300.78629032258067,309.0670482368746
2024-08-31,Lucid AMP 1 Casa Grande,LSTM,89,283.14516129032256,291.11988366831855
2024-08-31,GM Factory Zero,LSTM,89,228.71236559139783,229.84571018199767
2024-08-31,Ford Rouge Electric Vehicle Center,LSTM,89,227.54973118279568,225.53156771960806
2024-08-31,BMW San Luis Potosi,LSTM,89,270.51747311827955,256.0580286853897
2024-09-30,BYD Camacari,LSTM,89,248.18888888888887,245.22441387913562
2024-09-30,Tesla Gigafactory Nevada,LSTM,89,247.60833333333332,245.58477696560084
2024-09-30,Tesla Gigafactory Texas,LSTM,89,242.84305555555554,247.1076746421155
2024-09-30,Hyundai Metaplant Georgia,LSTM,89,181.27916666666667,207.97456035017967
2024-09-30,Rivian Normal,LSTM,89,206.58333333333334,186.94732802625626
2024-09-30,Tesla Fremont Factory,LSTM,89,249.20416666666668,246.46337479957276
2024-09-30,Lucid AMP 1 Casa Grande,LSTM,89,274.7944444444445,252.12770398279991
2024-09-30,GM Factory Zero,LSTM,89,188.0097222222222,176.46959658850477
2024-09-30,Ford Rouge Electric Vehicle Center,LSTM,89,189.1625,177.6498365636554
2024-09-30,BMW San Luis Potosi,LSTM,89,214.35277777777776,238.65850980211331
2024-10-31,BYD Camacari,LSTM,89,267.252688172043,262.80206544160524
2024-10-31,Tesla Gigafactory Nevada,LSTM,89,177.8709677419355,184.07954316275146
2024-10-31,Tesla Gigafactory Texas,LSTM,89,215.73655913978493,194.4659216867019
2024-10-31,Hyundai Metaplant Georgia,LSTM,89,191.76209677419354,158.35254160987753
2024-10-31,Rivian Normal,LSTM,89,167.65994623655914,131.36406596505674
2024-10-31,Tesla Fremont Factory,LSTM,89,190.11021505376343,180.03510636842964
2024-10-31,Lucid AMP 1 Casa Grande,LSTM,89,219.50134408602148,217.25732847205012
2024-10-31,GM Factory Zero,LSTM,89,146.7271505376344,128.0641796723008
2024-10-31,Ford Rouge Electric Vehicle Center,LSTM,89,147.20833333333331,119.18302063306118
2024-10-31,BMW San Luis Potosi,LSTM,89,225.2016129032258,211.80089624967147
2024-11-30,BYD Camacari,LSTM,89,253.79722222222225,262.6077374865612
2024-11-30,Tesla Gigafactory Nevada,LSTM,89,117.06805555555555,130.30585557658185
2024-11-30,Tesla Gigafactory Texas,LSTM,89,151.6361111111111,152.6420670427302
2024-11-30,Hyundai Metaplant Georgia,LSTM,89,128.38888888888889,131.3002443470221
2024-11-30,Rivian Normal,LSTM,89,75.10833333333333,98.36835125188836
2024-11-30,Tesla Fremont Factory,LSTM,89,119.65277777777779,127.69287564116513
2024-11-30,Lucid AMP 1 Casa Grande,LSTM,89,163.96944444444443,173.00255681270716
2024-11-30,GM Factory Zero,LSTM,89,64.27777777777777,82.69080171049389
2024-11-30,Ford Rouge Electric Vehicle Center,LSTM,89,66.01666666666667,81.60175022635755
2024-11-30,BMW San Luis Potosi,LSTM,89,215.38194444444443,199.01267359349677
2024-12-31,BYD Camacari,LSTM,89,302.8521505376344,262.4285195420987
2024-12-31,Tesla Gigafactory Nevada,LSTM,89,95.06854838709677,89.83523728961165
2024-12-31,Tesla Gigafactory Texas,LSTM,89,115.30107526881721,136.84141254681413
2024-12-31,Hyundai Metaplant Georgia,LSTM,89,124.73924731182795,119.22986007419725
2024-12-31,Rivian Normal,LSTM,89,61.30510752688172,74.08434512494233
2024-12-31,Tesla Fremont Factory,LSTM,89,91.68279569892472,89.5906884811982
2024-12-31,Lucid AMP 1 Casa Grande,LSTM,89,143.70698924731184,138.62161146394348
2024-12-31,GM Factory Zero,LSTM,89,45.26478494623656,45.882942941464734
2024-12-31,Ford Rouge Electric Vehicle Center,LSTM,89,43.62231182795699,49.06266515653523
2024-12-31,BMW San Luis Potosi,LSTM,89,187.47311827956986,194.70458537368205
2024-01-31,BYD Camacari,DilatedRNN,11,263.2258064516129,252.6411800148186
2024-01-31,Tesla Gigafactory Nevada,DilatedRNN,11,93.5994623655914,115.41368031783404
2024-01-31,Tesla Gigafactory Texas,DilatedRNN,11,133.8051075268817,129.45044945586994
2024-01-31,Hyundai Metaplant Georgia,DilatedRNN,11,128.3319892473118,120.25782942741868
2024-01-31,Rivian Normal,DilatedRNN,11,66.06854838709677,66.2202810027126
2024-01-31,Tesla Fremont Factory,DilatedRNN,11,90.82392473118279,98.06410592734765
2024-01-31,Lucid AMP 1 Casa Grande,DilatedRNN,11,137.9798387096774,140.10075232848746
2024-01-31,GM Factory Zero,DilatedRNN,11,42.969086021505376,47.60747963116574
2024-01-31,Ford Rouge Electric Vehicle Center,DilatedRNN,11,41.924731182795696,72.0787553924493
2024-01-31,BMW San Luis Potosi,DilatedRNN,11,183.4516129032258,187.95337400212884
2024-02-29,BYD Camacari,DilatedRNN,11,250.05172413793105,245.80109119671647
2024-02-29,Tesla Gigafactory Nevada,DilatedRNN,11,140.06896551724137,160.85786517524966
2024-02-29,Tesla Gigafactory Texas,DilatedRNN,11,158.33908045977012,155.86479128264293
2024-02-29,Hyundai Metaplant Georgia,DilatedRNN,11,153.75574712643677,157.79232599401985
2024-02-29,Rivian Normal,DilatedRNN,11,147.78735632183907,94.00174599229008
2024-02-29,Tesla Fremont Factory,DilatedRNN,11,126.60632183908045,131.8110530810237
2024-02-29,Lucid AMP 1 Casa Grande,DilatedRNN,11,176.53879310344828,179.08586042856658
2024-02-29,GM Factory Zero,DilatedRNN,11,114.36637931034483,87.24281147593719
2024-02-29,Ford Rouge Electric Vehicle Center,DilatedRNN,11,114.98132183908045,109.48342566588711
2024-02-29,BMW San Luis Potosi,DilatedRNN,11,230.89511494252872,224.59146546404207
2024-03-31,BYD Camacari,DilatedRNN,11,266.5255376344086,224.3664441962316
2024-03-31,Tesla Gigafactory Nevada,DilatedRNN,11,192.7016129032258,210.6498464452737
2024-03-31,Tesla Gigafactory Texas,DilatedRNN,11,188.81854838709677,190.31207910075943
2024-03-31,Hyundai Metaplant Georgia,DilatedRNN,11,187.87231182795696,195.88010051734346
2024-03-31,Rivian Normal,DilatedRNN,11,173.11693548387098,165.4589230479092
2024-03-31,Tesla Fremont Factory,DilatedRNN,11,189.37231182795696,199.4331813340626
2024-03-31,Lucid AMP 1 Casa Grande,DilatedRNN,11,233.08602150537632,233.5375561338439
2024-03-31,GM Factory Zero,DilatedRNN,11,134.98387096774192,156.18117212558093
2024-03-31,Ford Rouge Electric Vehicle Center,DilatedRNN,11,135.19220430107526,143.31768477903043
2024-03-31,BMW San Luis Potosi,DilatedRNN,11,295.6760752688172,280.79091551234967
2024-04-30,BYD Camacari,DilatedRNN,11,184.0097222222222,208.9428228664222
2024-04-30,Tesla Gigafactory Nevada,DilatedRNN,11,278.4597222222222,265.271938309896
2024-04-30,Tesla Gigafactory Texas,DilatedRNN,11,216.54722222222225,215.20853686156454
2024-04-30,Hyundai Metaplant Georgia,DilatedRNN,11,263.20138888888886,232.0783366706743
2024-04-30,Rivian Normal,DilatedRNN,11,193.85833333333332,211.71758396763317
2024-04-30,Tesla Fremont Factory,DilatedRNN,11,268.85,270.7193990976553
2024-04-30,Lucid AMP 1 Casa Grande,DilatedRNN,11,319.31111111111113,299.008955305999
2024-04-30,GM Factory Zero,DilatedRNN,11,204.275,208.0203144161024
2024-04-30,Ford Rouge Electric Vehicle Center,DilatedRNN,11,201.80972222222223,186.67135404062364
2024-04-30,BMW San Luis Potosi,DilatedRNN,11,316.1097222222222,300.52094026558825
2024-05-31,BYD Camacari,DilatedRNN,11,190.63709677419354,168.4484041578447
2024-05-31,Tesla Gigafactory Nevada,DilatedRNN,11,338.80779569892474,306.93790220461494
2024-05-31,Tesla Gigafactory Texas,DilatedRNN,11,229.73655913978493,250.25136791281807
2024-05-31,Hyundai Metaplant Georgia,DilatedRNN,11,257.39381720430106,246.93400496100224
2024-05-31,Rivian Normal,DilatedRNN,11,264.4139784946237,246.35068180996888
2024-05-31,Tesla Fremont Factory,DilatedRNN,11,329.3817204301075,319.54464331958775
2024-05-31,Lucid AMP 1 Casa Grande,DilatedRNN,11,350.38440860215053,343.3980961898322
2024-05-31,GM Factory Zero,DilatedRNN,11,249.9543010752688,260.45031933224226
2024-05-31,Ford Rouge Electric Vehicle Center,DilatedRNN,11,252.0793010752688,241.95268152989308
2024-05-31,BMW San Luis Potosi,DilatedRNN,11,320.3938172043011,322.2546105088405
2024-06-30,BYD Camacari,DilatedRNN,11,180.60694444444442,181.45730970563588
2024-06-30,Tesla Gigafactory Nevada,DilatedRNN,11,351.66805555555555,343.6521276485856
2024-06-30,Tesla Gigafactory Texas,DilatedRNN,11,297.1555555555555,292.56729690265917
2024-06-30,Hyundai Metaplant Georgia,DilatedRNN,11,283.19305555555553,265.35038979303454
2024-06-30,Rivian Normal,DilatedRNN,11,280.38194444444446,271.1476584585604
2024-06-30,Tesla Fremont Factory,DilatedRNN,11,351.7125,351.9547951350609
2024-06-30,Lucid AMP 1 Casa Grande,DilatedRNN,11,331.58194444444445,353.58339261986237
2024-06-30,GM Factory Zero,DilatedRNN,11,248.35,272.52881517628725
2024-06-30,Ford Rouge Electric Vehicle Center,DilatedRNN,11,250.30694444444444,270.8758410103752
2024-06-30,BMW San Luis Potosi,DilatedRNN,11,274.2277777777778,314.7062698158045
2024-07-31,BYD Camacari,DilatedRNN,11,203.36559139784944,182.4476120880935
2024-07-31,Tesla Gigafactory Nevada,DilatedRNN,11,329.9233870967742,338.9500688012196
2024-07-31,Tesla Gigafactory Texas,DilatedRNN,11,269.8413978494624,297.86020565048983
2024-07-31,Hyundai Metaplant Georgia,DilatedRNN,11,245.24059139784944,257.7328141918106
2024-07-31,Rivian Normal,DilatedRNN,11,270.79569892473114,267.5279720401572
2024-07-31,Tesla Fremont Factory,DilatedRNN,11,339.43817204301075,336.60330409897375
2024-07-31,Lucid AMP 1 Casa Grande,DilatedRNN,11,324.9180107526882,320.2203041578653
2024-07-31,GM Factory Zero,DilatedRNN,11,255.46505376344084,253.05654441083524
2024-07-31,Ford Rouge Electric Vehicle Center,DilatedRNN,11,255.49193548387098,266.91019612574763
2024-07-31,BMW San Luis Potosi,DilatedRNN,11,240.14650537634407,288.357841880251
2024-08-31,BYD Camacari,DilatedRNN,11,224.1491935483871,208.80042065551845
2024-08-31,Tesla Gigafactory Nevada,DilatedRNN,11,303.0147849462366,283.60742775564984
2024-08-31,Tesla Gigafactory Texas,DilatedRNN,11,286.88440860215053,268.09632063745175
2024-08-31,Hyundai Metaplant Georgia,DilatedRNN,11,234.99193548387098,236.42858095579248
2024-08-31,Rivian Normal,DilatedRNN,11,251.71774193548387,222.48024167521027
2024-08-31,Tesla Fremont Factory,DilatedRNN,11,300.78629032258067,293.3618714582829
2024-08-31,Lucid AMP 1 Casa Grande,DilatedRNN,11,283.14516129032256,291.81270609723146
2024-08-31,GM Factory Zero,DilatedRNN,11,228.71236559139783,218.68265546124468
2024-08-31,Ford Rouge Electric Vehicle Center,DilatedRNN,11,227.54973118279568,218.60790483853825
2024-08-31,BMW San Luis Potosi,DilatedRNN,11,270.51747311827955,260.01725608286677
2024-09-30,BYD Camacari,DilatedRNN,11,248.18888888888887,239.67228363614572
2024-09-30,Tesla Gigafactory Nevada,DilatedRNN,11,247.60833333333332,236.72731273697696
2024-09-30,Tesla Gigafactory Texas,DilatedRNN,11,242.84305555555554,231.50024930956545
2024-09-30,Hyundai Metaplant Georgia,DilatedRNN,11,181.27916666666667,207.63491831463512
2024-09-30,Rivian Normal,DilatedRNN,11,206.58333333333334,193.60155673453247
2024-09-30,Tesla Fremont Factory,DilatedRNN,11,249.20416666666668,247.04207584379662
2024-09-30,Lucid AMP 1 Casa Grande,DilatedRNN,11,274.7944444444445,259.48107526496216
2024-09-30,GM Factory Zero,DilatedRNN,11,188.0097222222222,186.7323000534995
2024-09-30,Ford Rouge Electric Vehicle Center,DilatedRNN,11,189.1625,180.70344080200488
2024-09-30,BMW San Luis Potosi,DilatedRNN,11,214.35277777777776,255.47359560157662
2024-10-31,BYD Camacari,DilatedRNN,11,267.252688172043,253.7492872367623
2024-10-31,Tesla Gigafactory Nevada,DilatedRNN,11,177.8709677419355,178.3392720816837
2024-10-31,Tesla Gigafactory Texas,DilatedRNN,11,215.73655913978493,185.90833069303986
2024-10-31,Hyundai Metaplant Georgia,DilatedRNN,11,191.76209677419354,166.95062245508677
2024-10-31,Rivian Normal,DilatedRNN,11,167.65994623655914,132.6000335163647
2024-10-31,Tesla Fremont Factory,DilatedRNN,11,190.11021505376343,192.71180532731677
2024-10-31,Lucid AMP 1 Casa Grande,DilatedRNN,11,219.50134408602148,219.55191505927874
2024-10-31,GM Factory Zero,DilatedRNN,11,146.7271505376344,119.8296080639312
2024-10-31,Ford Rouge Electric Vehicle Center,DilatedRNN,11,147.20833333333331,117.20474147748561
2024-10-31,BMW San Luis Potosi,DilatedRNN,11,225.2016129032258,200.28573394967344
2024-11-30,BYD Camacari,DilatedRNN,11,253.79722222222225,272.99444688680353
2024-11-30,Tesla Gigafactory Nevada,DilatedRNN,11,117.06805555555555,118.83932470749517
2024-11-30,Tesla Gigafactory Texas,DilatedRNN,11,151.6361111111111,148.04942185015128
2024-11-30,Hyundai Metaplant Georgia,DilatedRNN,11,128.38888888888889,137.01043941945798
2024-11-30,Rivian Normal,DilatedRNN,11,75.10833333333333,97.52398856597082
2024-11-30,Tesla Fremont Factory,DilatedRNN,11,119.65277777777779,135.81165952688235
2024-11-30,Lucid AMP 1 Casa Grande,DilatedRNN,11,163.96944444444443,164.92512070974436
2024-11-30,GM Factory Zero,DilatedRNN,11,64.27777777777777,79.47558672401959
2024-11-30,Ford Rouge Electric Vehicle Center,DilatedRNN,11,66.01666666666667,70.63096135187106
2024-11-30,BMW San Luis Potosi,DilatedRNN,11,215.38194444444443,180.6932922229972
2024-12-31,BYD Camacari,DilatedRNN,11,302.8521505376344,254.26750735666164
2024-12-31,Tesla Gigafactory Nevada,DilatedRNN,11,95.06854838709677,88.78570950286877
2024-12-31,Tesla Gigafactory Texas,DilatedRNN,11,115.30107526881721,128.00544558860042
2024-12-31,Hyundai Metaplant Georgia,DilatedRNN,11,124.73924731182795,115.5647006458052
2024-12-31,Rivian Normal,DilatedRNN,11,61.30510752688172,51.509999599317794
2024-12-31,Tesla Fremont Factory,DilatedRNN,11,91.68279569892472,89.52710153811701
2024-12-31,Lucid AMP 1 Casa Grande,DilatedRNN,11,143.70698924731184,128.00766046169284
2024-12-31,GM Factory Zero,DilatedRNN,11,45.26478494623656,16.14603267938739
2024-12-31,Ford Rouge Electric Vehicle Center,DilatedRNN,11,43.62231182795699,28.931888246042558
2024-12-31,BMW San Luis Potosi,DilatedRNN,11,187.47311827956986,178.08087248579469
2024-01-31,BYD Camacari,DilatedRNN,23,263.2258064516129,269.5985500371905
2024-01-31,Tesla Gigafactory Nevada,DilatedRNN,23,93.5994623655914,111.28922678423231
2024-01-31,Tesla Gigafactory Texas,DilatedRNN,23,133.8051075268817,126.23781927673006
2024-01-31,Hyundai Metaplant Georgia,DilatedRNN,23,128.3319892473118,121.13877559779712
2024-01-31,Rivian Normal,DilatedRNN,23,66.06854838709677,82.14467269588783
2024-01-31,Tesla Fremont Factory,DilatedRNN,23,90.82392473118279,116.11382051322101
2024-01-31,Lucid AMP 1 Casa Grande,DilatedRNN,23,137.9798387096774,146.7544534843305
2024-01-31,GM Factory Zero,DilatedRNN,23,42.969086021505376,54.19050345045437
2024-01-31,Ford Rouge Electric Vehicle Center,DilatedRNN,23,41.924731182795696,69.54913348856624
2024-01-31,BMW San Luis Potosi,DilatedRNN,23,183.4516129032258,196.18669954883637
2024-02-29,BYD Camacari,DilatedRNN,23,250.05172413793105,251.95953126892607
2024-02-29,Tesla Gigafactory Nevada,DilatedRNN,23,140.06896551724137,148.029690627715
2024-02-29,Tesla Gigafactory Texas,DilatedRNN,23,158.33908045977012,156.51173545520314
2024-02-29,Hyundai Metaplant Georgia,DilatedRNN,23,153.75574712643677,155.72530313028443
2024-02-29,Rivian Normal,DilatedRNN,23,147.78735632183907,116.11101746306785
2024-02-29,Tesla Fremont Factory,DilatedRNN,23,126.60632183908045,147.37261050098766
2024-02-29,Lucid AMP 1 Casa Grande,DilatedRNN,23,176.53879310344828,182.132419570948
2024-02-29,GM Factory Zero,DilatedRNN,23,114.36637931034483,98.42683021793789
2024-02-29,Ford Rouge Electric Vehicle Center,DilatedRNN,23,114.98132183908045,111.46831836474651
2024-02-29,BMW San Luis Potosi,DilatedRNN,23,230.89511494252872,230.24765720462767
2024-03-31,BYD Camacari,DilatedRNN,23,266.5255376344086,221.47575504853523
2024-03-31,Tesla Gigafactory Nevada,DilatedRNN,23,192.7016129032258,211.30402634335837
2024-03-31,Tesla Gigafactory Texas,DilatedRNN,23,188.81854838709677,189.6999750013954
2024-03-31,Hyundai Metaplant Georgia,DilatedRNN,23,187.87231182795696,197.62561383106373
2024-03-31,Rivian Normal,DilatedRNN,23,173.11693548387098,163.61849607234842
2024-03-31,Tesla Fremont Factory,DilatedRNN,23,189.37231182795696,202.01541150784698
2024-03-31,Lucid AMP 1 Casa Grande,DilatedRNN,23,233.08602150537632,241.71900005971872
2024-03-31,GM Factory Zero,DilatedRNN,23,134.98387096774192,135.7483288496172
2024-03-31,Ford Rouge Electric Vehicle Center,DilatedRNN,23,135.19220430107526,148.5624340453976
2024-03-31,BMW San Luis Potosi,DilatedRNN,23,295.6760752688172,272.1467671650712
2024-04-30,BYD Camacari,DilatedRNN,23,184.0097222222222,206.35316350122775
2024-04-30,Tesla Gigafactory Nevada,DilatedRNN,23,278.4597222222222,264.68877354447454
2024-04-30,Tesla Gigafactory Texas,DilatedRNN,23,216.54722222222225,222.6731487990067
2024-04-30,Hyundai Metaplant Georgia,DilatedRNN,23,263.20138888888886,238.31913115757126
2024-04-30,Rivian Normal,DilatedRNN,23,193.85833333333332,215.91967392921129
2024-04-30,Tesla Fremont Factory,DilatedRNN,23,268.85,259.3590695849189
2024-04-30,Lucid AMP 1 Casa Grande,DilatedRNN,23,319.31111111111113,302.12978702811625
2024-04-30,GM Factory Zero,DilatedRNN,23,204.275,194.6900912952466
2024-04-30,Ford Rouge Electric Vehicle Center,DilatedRNN,23,201.80972222222223,197.04511153815463
2024-04-30,BMW San Luis Potosi,DilatedRNN,23,316.1097222222222,304.96711934918676
2024-05-31,BYD Camacari,DilatedRNN,23,190.63709677419354,163.7211120426154
2024-05-31,Tesla Gigafactory Nevada,DilatedRNN,23,338.80779569892474,320.69725417819234
2024-05-31,Tesla Gigafactory Texas,DilatedRNN,23,229.73655913978493,255.13672816288732
2024-05-31,Hyundai Metaplant Georgia,DilatedRNN,23,257.39381720430106,265.3844356330172
2024-05-31,Rivian Normal,DilatedRNN,23,264.4139784946237,253.51435326512464
2024-05-31,Tesla Fremont Factory,DilatedRNN,23,329.3817204301075,307.2842525999739
2024-05-31,Lucid AMP 1 Casa Grande,DilatedRNN,23,350.38440860215053,346.9761691635334
2024-05-31,GM Factory Zero,DilatedRNN,23,249.9543010752688,258.44850531031904
2024-05-31,Ford Rouge Electric Vehicle Center,DilatedRNN,23,252.0793010752688,259.2493124721458
2024-05-31,BMW San Luis Potosi,DilatedRNN,23,320.3938172043011,326.055847995544
2024-06-30,BYD Camacari,DilatedRNN,23,180.60694444444442,177.48067575582974
2024-06-30,Tesla Gigafactory Nevada,DilatedRNN,23,351.66805555555555,352.2300215153231
2024-06-30,Tesla Gigafactory Texas,DilatedRNN,23,297.1555555555555,285.1739341695142
2024-06-30,Hyundai Metaplant Georgia,DilatedRNN,23,283.19305555555553,270.76845005699386
2024-06-30,Rivian Normal,DilatedRNN,23,280.38194444444446,264.4840126325206
2024-06-30,Tesla Fremont Factory,DilatedRNN,23,351.7125,341.0634525843178
2024-06-30,Lucid AMP 1 Casa Grande,DilatedRNN,23,331.58194444444445,350.2605010376502
2024-06-30,GM Factory Zero,DilatedRNN,23,248.35,279.3632405790591
2024-06-30,Ford Rouge Electric Vehicle Center,DilatedRNN,23,250.30694444444444,281.07315142862626
2024-06-30,BMW San Luis Potosi,DilatedRNN,23,274.2277777777778,303.9626523483024
2024-07-31,BYD Camacari,DilatedRNN,23,203.36559139784944,187.10636295544444
2024-07-31,Tesla Gigafactory Nevada,DilatedRNN,23,329.9233870967742,328.2855738437064
2024-07-31,Tesla Gigafactory Texas,DilatedRNN,23,269.8413978494624,300.37510690637816
2024-07-31,Hyundai Metaplant Georgia,DilatedRNN,23,245.24059139784944,264.54704134727035
2024-07-31,Rivian Normal,DilatedRNN,23,270.79569892473114,256.972403457889
2024-07-31,Tesla Fremont Factory,DilatedRNN,23,339.43817204301075,333.97538743823446
2024-07-31,Lucid AMP 1 Casa Grande,DilatedRNN,23,324.9180107526882,325.39222693891935
2024-07-31,GM Factory Zero,DilatedRNN,23,255.46505376344084,262.45052355148675
2024-07-31,Ford Rouge Electric Vehicle Center,DilatedRNN,23,255.49193548387098,254.93849057203494
2024-07-31,BMW San Luis Potosi,DilatedRNN,23,240.14650537634407,299.7656987590655
2024-08-31,BYD Camacari,DilatedRNN,23,224.1491935483871,212.77497766735735
2024-08-31,Tesla Gigafactory Nevada,DilatedRNN,23,303.0147849462366,290.9087699195604
2024-08-31,Tesla Gigafactory Texas,DilatedRNN,23,286.88440860215053,277.17818025010894
2024-08-31,Hyundai Metaplant Georgia,DilatedRNN,23,234.99193548387098,238.20051687683468
2024-08-31,Rivian Normal,DilatedRNN,23,251.71774193548387,228.4485077000754
2024-08-31,Tesla Fremont Factory,DilatedRNN,23,300.78629032258067,298.38735176655445
2024-08-31,Lucid AMP 1 Casa Grande,DilatedRNN,23,283.14516129032256,293.6424428802024
2024-08-31,GM Factory Zero,DilatedRNN,23,228.71236559139783,228.2340537911141
2024-08-31,Ford Rouge Electric Vehicle Center,DilatedRNN,23,227.54973118279568,228.35480154281657
2024-08-31,BMW San Luis Potosi,DilatedRNN,23,270.51747311827955,262.60482098226265
2024-09-30,BYD Camacari,DilatedRNN,23,248.18888888888887,250.9298014894769
2024-09-30,Tesla Gigafactory Nevada,DilatedRNN,23,247.60833333333332,238.0707908968932
2024-09-30,Tesla Gigafactory Texas,DilatedRNN,23,242.84305555555554,235.52049328498947
2024-09-30,Hyundai Metaplant Georgia,DilatedRNN,23,181.27916666666667,205.43566743340543
2024-09-30,Rivian Normal,DilatedRNN,23,206.58333333333334,189.69635380139596
2024-09-30,Tesla Fremont Factory,DilatedRNN,23,249.20416666666668,248.25160791826931
2024-09-30,Lucid AMP 1 Casa Grande,DilatedRNN,23,274.7944444444445,250.1255843356172
2024-09-30,GM Factory Zero,DilatedRNN,23,188.0097222222222,162.84815365881744
2024-09-30,Ford Rouge Electric Vehicle Center,DilatedRNN,23,189.1625,178.8824689220036
2024-09-30,BMW San Luis Potosi,DilatedRNN,23,214.35277777777776,242.89529650858654
2024-10-31,BYD Camacari,DilatedRNN,23,267.252688172043,256.2634240885576
2024-10-31,Tesla Gigafactory Nevada,DilatedRNN,23,177.8709677419355,190.61851530377237
2024-10-31,Tesla Gigafactory Texas,DilatedRNN,23,215.73655913978493,192.75020451114705
2024-10-31,Hyundai Metaplant Georgia,DilatedRNN,23,191.76209677419354,172.77434102958568
2024-10-31,Rivian Normal,DilatedRNN,23,167.65994623655914,128.40703267696244
2024-10-31,Tesla Fremont Factory,DilatedRNN,23,190.11021505376343,199.64056223381084
2024-10-31,Lucid AMP 1 Casa Grande,DilatedRNN,23,219.50134408602148,216.57937366472538
2024-10-31,GM Factory Zero,DilatedRNN,23,146.7271505376344,135.80624922478444
2024-10-31,Ford Rouge Electric Vehicle Center,DilatedRNN,23,147.20833333333331,119.52904347320316
2024-10-31,BMW San Luis Potosi,DilatedRNN,23,225.2016129032258,212.52311082516786
2024-11-30,BYD Camacari,DilatedRNN,23,253.79722222222225,266.52989599268926
2024-11-30,Tesla Gigafactory Nevada,DilatedRNN,23,117.06805555555555,130.1071942867484
2024-11-30,Tesla Gigafactory Texas,DilatedRNN,23,151.6361111111111,144.65482859750108
2024-11-30,Hyundai Metaplant Georgia,DilatedRNN,23,128.38888888888889,127.71169668215737
2024-11-30,Rivian Normal,DilatedRNN,23,75.10833333333333,87.66136168434176
2024-11-30,Tesla Fremont Factory,DilatedRNN,23,119.65277777777779,135.21253466915445
2024-11-30,Lucid AMP 1 Casa Grande,DilatedRNN,23,163.96944444444443,166.17947252825184
2024-11-30,GM Factory Zero,DilatedRNN,23,64.27777777777777,85.16731646019684
2024-11-30,Ford Rouge Electric Vehicle Center,DilatedRNN,23,66.01666666666667,74.56272894504903
2024-11-30,BMW San Luis Potosi,DilatedRNN,23,215.38194444444443,189.78747190667258
2024-12-31,BYD Camacari,DilatedRNN,23,302.8521505376344,262.5606816455882
2024-12-31,Tesla Gigafactory Nevada,DilatedRNN,23,95.06854838709677,93.5125011502745
2024-12-31,Tesla Gigafactory Texas,DilatedRNN,23,115.30107526881721,134.01638731364443
2024-12-31,Hyundai Metaplant Georgia,DilatedRNN,23,124.73924731182795,112.10531963237752
2024-12-31,Rivian Normal,DilatedRNN,23,61.30510752688172,60.62519742439311
2024-12-31,Tesla Fremont Factory,DilatedRNN,23,91.68279569892472,91.88698110882973
2024-12-31,Lucid AMP 1 Casa Grande,DilatedRNN,23,143.70698924731184,135.8449247725318
2024-12-31,GM Factory Zero,DilatedRNN,23,45.26478494623656,37.80692317703868
2024-12-31,Ford Rouge Electric Vehicle Center,DilatedRNN,23,43.62231182795699,44.973851083719424
2024-12-31,BMW San Luis Potosi,DilatedRNN,23,187.47311827956986,191.14333307879266
2024-01-31,BYD Camacari,DilatedRNN,42,263.2258064516129,261.7814328799485
2024-01-31,Tesla Gigafactory Nevada,DilatedRNN,42,93.5994623655914,91.01207016915447
2024-01-31,Tesla Gigafactory Texas,DilatedRNN,42,133.8051075268817,120.55118022226198
2024-01-31,Hyundai Metaplant Georgia,DilatedRNN,42,128.3319892473118,116.9837472961154
2024-01-31,Rivian Normal,DilatedRNN,42,66.06854838709677,53.81519199498824
2024-01-31,Tesla Fremont Factory,DilatedRNN,42,90.82392473118279,89.77881890783756
2024-01-31,Lucid AMP 1 Casa Grande,DilatedRNN,42,137.9798387096774,133.57950733759873
2024-01-31,GM Factory Zero,DilatedRNN,42,42.969086021505376,53.35449755252422
2024-01-31,Ford Rouge Electric Vehicle Center,DilatedRNN,42,41.924731182795696,50.457679738409944
2024-01-31,BMW San Luis Potosi,DilatedRNN,42,183.4516129032258,208.78461750276307
2024-02-29,BYD Camacari,DilatedRNN,42,250.05172413793105,253.3141813548983
2024-02-29,Tesla Gigafactory Nevada,DilatedRNN,42,140.06896551724137,150.06007857465363
2024-02-29,Tesla Gigafactory Texas,DilatedRNN,42,158.33908045977012,138.92342851363043
2024-02-29,Hyundai Metaplant Georgia,DilatedRNN,42,153.75574712643677,160.49460099901884
2024-02-29,Rivian Normal,DilatedRNN,42,147.78735632183907,107.02569274724492
2024-02-29,Tesla Fremont Factory,DilatedRNN,42,126.60632183908045,145.42138179839526
2024-02-29,Lucid AMP 1 Casa Grande,DilatedRNN,42,176.53879310344828,170.2423741277768
2024-02-29,GM Factory Zero,DilatedRNN,42,114.36637931034483,78.83895854648989
2024-02-29,Ford Rouge Electric Vehicle Center,DilatedRNN,42,114.98132183908045,92.48325626651246
2024-02-29,BMW San Luis Potosi,DilatedRNN,42,230.89511494252872,230.22998213443543
2024-03-31,BYD Camacari,DilatedRNN,42,266.5255376344086,219.2116493985698
2024-03-31,Tesla Gigafactory Nevada,DilatedRNN,42,192.7016129032258,213.34089144068005
2024-03-31,Tesla Gigafactory Texas,DilatedRNN,42,188.81854838709677,172.3696796220317
2024-03-31,Hyundai Metaplant Georgia,DilatedRNN,42,187.87231182795696,188.94648296017482
2024-03-31,Rivian Normal,DilatedRNN,42,173.11693548387098,169.45983509354855
2024-03-31,Tesla Fremont Factory,DilatedRNN,42,189.37231182795696,185.0805490525299
2024-03-31,Lucid AMP 1 Casa Grande,DilatedRNN,42,233.08602150537632,236.56980100392255
2024-03-31,GM Factory Zero,DilatedRNN,42,134.98387096774192,146.8812770081517
2024-03-31,Ford Rouge Electric Vehicle Center,DilatedRNN,42,135.19220430107526,152.6559112301116
2024-03-31,BMW San Luis Potosi,DilatedRNN,42,295.6760752688172,259.2910021584361
2024-04-30,BYD Camacari,DilatedRNN,42,184.0097222222222,205.61946049348643
2024-04-30,Tesla Gigafactory Nevada,DilatedRNN,42,278.4597222222222,277.27951812787137
2024-04-30,Tesla Gigafactory Texas,DilatedRNN,42,216.54722222222225,216.73707876923265
2024-04-30,Hyundai Metaplant Georgia,DilatedRNN,42,263.20138888888886,225.8021050750889
2024-04-30,Rivian Normal,DilatedRNN,42,193.85833333333332,224.55257610888572
2024-04-30,Tesla Fremont Factory,DilatedRNN,42,268.85,257.7960845653275
2024-04-30,Lucid AMP 1 Casa Grande,DilatedRNN,42,319.31111111111113,296.0873584502567
2024-04-30,GM Factory Zero,DilatedRNN,42,204.275,199.6208030756977
2024-04-30,Ford Rouge Electric Vehicle Center,DilatedRNN,42,201.80972222222223,191.3187819330095
2024-04-30,BMW San Luis Potosi,DilatedRNN,42,316.1097222222222,288.4622462083415
2024-05-31,BYD Camacari,DilatedRNN,42,190.63709677419354,148.94706166816013
2024-05-31,Tesla Gigafactory Nevada,DilatedRNN,42,338.80779569892474,313.4689182254309
2024-05-31,Tesla Gigafactory Texas,DilatedRNN,42,229.73655913978493,255.4663446672181
2024-05-31,Hyundai Metaplant Georgia,DilatedRNN,42,257.39381720430106,246.9283479014712
2024-05-31,Rivian Normal,DilatedRNN,42,264.4139784946237,265.0317069537217
2024-05-31,Tesla Fremont Factory,DilatedRNN,42,329.3817204301075,302.60815128257036
2024-05-31,Lucid AMP 1 Casa Grande,DilatedRNN,42,350.38440860215053,332.4041380265467
2024-05-31,GM Factory Zero,DilatedRNN,42,249.9543010752688,260.51059749921166
2024-05-31,Ford Rouge Electric Vehicle Center,DilatedRNN,42,252.0793010752688,255.81389492738145
2024-05-31,BMW San Luis Potosi,DilatedRNN,42,320.3938172043011,298.2657577462735
2024-06-30,BYD Camacari,DilatedRNN,42,180.60694444444442,161.0266895166458
2024-06-30,Tesla Gigafactory Nevada,DilatedRNN,42,351.66805555555555,343.9182275041724
2024-06-30,Tesla Gigafactory Texas,DilatedRNN,42,297.1555555555555,290.5271531835359
2024-06-30,Hyundai Metaplant Georgia,DilatedRNN,42,283.19305555555553,265.15639404423774
2024-06-30,Rivian Normal,DilatedRNN,42,280.38194444444446,273.32901862560107
2024-06-30,Tesla Fremont Factory,DilatedRNN,42,351.7125,341.07752019777143
2024-06-30,Lucid AMP 1 Casa Grande,DilatedRNN,42,331.58194444444445,345.689355400437
2024-06-30,GM Factory Zero,DilatedRNN,42,248.35,261.0216204162193
2024-06-30,Ford Rouge Electric Vehicle Center,DilatedRNN,42,250.30694444444444,269.2671791751832
2024-06-30,BMW San Luis Potosi,DilatedRNN,42,274.2277777777778,306.32060477706375
2024-07-31,BYD Camacari,DilatedRNN,42,203.36559139784944,191.22268876948104
2024-07-31,Tesla Gigafactory Nevada,DilatedRNN,42,329.9233870967742,326.8888363827274
2024-07-31,Tesla Gigafactory Texas,DilatedRNN,42,269.8413978494624,283.1567990646888
2024-07-31,Hyundai Metaplant Georgia,DilatedRNN,42,245.24059139784944,259.0836211242663
2024-07-31,Rivian Normal,DilatedRNN,42,270.79569892473114,263.10071675199015
2024-07-31,Tesla Fremont Factory,DilatedRNN,42,339.43817204301075,335.7213013178772
2024-07-31,Lucid AMP 1 Casa Grande,DilatedRNN,42,324.9180107526882,321.559118191962
2024-07-31,GM Factory Zero,DilatedRNN,42,255.46505376344084,245.17007230594487
2024-07-31,Ford Rouge Electric Vehicle Center,DilatedRNN,42,255.49193548387098,257.48434224002403
2024-07-31,BMW San Luis Potosi,DilatedRNN,42,240.14650537634407,292.5710229117383
2024-08-31,BYD Camacari,DilatedRNN,42,224.1491935483871,223.55348707162727
2024-08-31,Tesla Gigafactory Nevada,DilatedRNN,42,303.0147849462366,289.73445968729675
2024-08-31,Tesla Gigafactory Texas,DilatedRNN,42,286.88440860215053,264.87359004507783
2024-08-31,Hyundai Metaplant Georgia,DilatedRNN,42,234.99193548387098,231.8301619289703
2024-08-31,Rivian Normal,DilatedRNN,42,251.71774193548387,234.4354330294876
2024-08-31,Tesla Fremont Factory,DilatedRNN,42,300.78629032258067,310.656921354521
2024-08-31,Lucid AMP 1 Casa Grande,DilatedRNN,42,283.14516129032256,289.29793746081253
2024-08-31,GM Factory Zero,DilatedRNN,42,228.71236559139783,222.2733447270528
2024-08-31,Ford Rouge Electric Vehicle Center,DilatedRNN,42,227.54973118279568,222.02753365633998
2024-08-31,BMW San Luis Potosi,DilatedRNN,42,270.51747311827955,259.15366429467036
2024-09-30,BYD Camacari,DilatedRNN,42,248.18888888888887,229.45616313422562
2024-09-30,Tesla Gigafactory Nevada,DilatedRNN,42,247.60833333333332,230.3197599697631
2024-09-30,Tesla Gigafactory Texas,DilatedRNN,42,242.84305555555554,239.42696468115497
2024-09-30,Hyundai Metaplant Georgia,DilatedRNN,42,181.27916666666667,205.86973177152936
2024-09-30,Rivian Normal,DilatedRNN,42,206.58333333333334,176.82602560215742
2024-09-30,Tesla Fremont Factory,DilatedRNN,42,249.20416666666668,255.99742544942592
2024-09-30,Lucid AMP 1 Casa Grande,DilatedRNN,42,274.7944444444445,255.7440017426607
2024-09-30,GM Factory Zero,DilatedRNN,42,188.0097222222222,165.9343974337142
2024-09-30,Ford Rouge Electric Vehicle Center,DilatedRNN,42,189.1625,170.2220138531565
2024-09-30,BMW San Luis Potosi,DilatedRNN,42,214.35277777777776,256.5842297678032
2024-10-31,BYD Camacari,DilatedRNN,42,267.252688172043,248.56523171083262
2024-10-31,Tesla Gigafactory Nevada,DilatedRNN,42,177.8709677419355,177.9889405930315
2024-10-31,Tesla Gigafactory Texas,DilatedRNN,42,215.73655913978493,166.143695970136
2024-10-31,Hyundai Metaplant Georgia,DilatedRNN,42,191.76209677419354,161.4130798047108
2024-10-31,Rivian Normal,DilatedRNN,42,167.65994623655914,125.86478989791647
2024-10-31,Tesla Fremont Factory,DilatedRNN,42,190.11021505376343,182.2535573701985
2024-10-31,Lucid AMP 1 Casa Grande,DilatedRNN,42,219.50134408602148,237.7794371035351
2024-10-31,GM Factory Zero,DilatedRNN,42,146.7271505376344,124.22368643021338
2024-10-31,Ford Rouge Electric Vehicle Center,DilatedRNN,42,147.20833333333331,122.03817024005835
2024-10-31,BMW San Luis Potosi,DilatedRNN,42,225.2016129032258,189.9408095615205
2024-11-30,BYD Camacari,DilatedRNN,42,253.79722222222225,268.61460928130214
2024-11-30,Tesla Gigafactory Nevada,DilatedRNN,42,117.06805555555555,109.70909092004368
2024-11-30,Tesla Gigafactory Texas,DilatedRNN,42,151.6361111111111,134.74919452738538
2024-11-30,Hyundai Metaplant Georgia,DilatedRNN,42,128.38888888888889,131.307534135117
2024-11-30,Rivian Normal,DilatedRNN,42,75.10833333333333,85.62059135939326
2024-11-30,Tesla Fremont Factory,DilatedRNN,42,119.65277777777779,119.63251974217687
2024-11-30,Lucid AMP 1 Casa Grande,DilatedRNN,42,163.96944444444443,161.4078542696833
2024-11-30,GM Factory Zero,DilatedRNN,42,64.27777777777777,68.95165212282168
2024-11-30,Ford Rouge Electric Vehicle Center,DilatedRNN,42,66.01666666666667,68.54619488563208
2024-11-30,BMW San Luis Potosi,DilatedRNN,42,215.38194444444443,194.34822373721067
2024-12-31,BYD Camacari,DilatedRNN,42,302.8521505376344,255.5185629897701
2024-12-31,Tesla Gigafactory Nevada,DilatedRNN,42,95.06854838709677,88.56027517207801
2024-12-31,Tesla Gigafactory Texas,DilatedRNN,42,115.30107526881721,123.44849646335808
2024-12-31,Hyundai Metaplant Georgia,DilatedRNN,42,124.73924731182795,108.33645606948242
2024-12-31,Rivian Normal,DilatedRNN,42,61.30510752688172,54.026914741298164
2024-12-31,Tesla Fremont Factory,DilatedRNN,42,91.68279569892472,110.66575682900117
2024-12-31,Lucid AMP 1 Casa Grande,DilatedRNN,42,143.70698924731184,140.4044992209062
2024-12-31,GM Factory Zero,DilatedRNN,42,45.26478494623656,68.38141611031386
2024-12-31,Ford Rouge Electric Vehicle Center,DilatedRNN,42,43.62231182795699,40.89976342237224
2024-12-31,BMW San Luis Potosi,DilatedRNN,42,187.47311827956986,171.03773935141183
2024-01-31,BYD Camacari,DilatedRNN,67,263.2258064516129,264.7942918793008
2024-01-31,Tesla Gigafactory Nevada,DilatedRNN,67,93.5994623655914,102.44628595732132
2024-01-31,Tesla Gigafactory Texas,DilatedRNN,67,133.8051075268817,122.0713956414732
2024-01-31,Hyundai Metaplant Georgia,DilatedRNN,67,128.3319892473118,116.44976888090292
2024-01-31,Rivian Normal,DilatedRNN,67,66.06854838709677,80.80590768298636
2024-01-31,Tesla Fremont Factory,DilatedRNN,67,90.82392473118279,104.35698508883735
2024-01-31,Lucid AMP 1 Casa Grande,DilatedRNN,67,137.9798387096774,143.40400365152527
2024-01-31,GM Factory Zero,DilatedRNN,67,42.969086021505376,51.01542783683252
2024-01-31,Ford Rouge Electric Vehicle Center,DilatedRNN,67,41.924731182795696,45.76540199349598
2024-01-31,BMW San Luis Potosi,DilatedRNN,67,183.4516129032258,195.1600044543945
2024-02-29,BYD Camacari,DilatedRNN,67,250.05172413793105,239.60166315534104
2024-02-29,Tesla Gigafactory Nevada,DilatedRNN,67,140.06896551724137,157.1652503452728
2024-02-29,Tesla Gigafactory Texas,DilatedRNN,67,158.33908045977012,152.79875684954146
2024-02-29,Hyundai Metaplant Georgia,DilatedRNN,67,153.75574712643677,158.629030394458
2024-02-29,Rivian Normal,DilatedRNN,67,147.78735632183907,112.83568996783868
2024-02-29,Tesla Fremont Factory,DilatedRNN,67,126.60632183908045,151.0336403887572
2024-02-29,Lucid AMP 1 Casa Grande,DilatedRNN,67,176.53879310344828,179.29605306697388
2024-02-29,GM Factory Zero,DilatedRNN,67,114.36637931034483,104.86384168214107
2024-02-29,Ford Rouge Electric Vehicle Center,DilatedRNN,67,114.98132183908045,88.5208899593715
2024-02-29,BMW San Luis Potosi,DilatedRNN,67,230.89511494252872,220.58070134439618
2024-03-31,BYD Camacari,DilatedRNN,67,266.5255376344086,206.92615052460823
2024-03-31,Tesla Gigafactory Nevada,DilatedRNN,67,192.7016129032258,202.37703004876238
2024-03-31,Tesla Gigafactory Texas,DilatedRNN,67,188.81854838709677,178.82933220499626
2024-03-31,Hyundai Metaplant Georgia,DilatedRNN,67,187.87231182795696,202.9009713189256
2024-03-31,Rivian Normal,DilatedRNN,67,173.11693548387098,153.5332148525744
2024-03-31,Tesla Fremont Factory,DilatedRNN,67,189.37231182795696,191.58682858902813
2024-03-31,Lucid AMP 1 Casa Grande,DilatedRNN,67,233.08602150537632,235.08734186389432
2024-03-31,GM Factory Zero,DilatedRNN,67,134.98387096774192,149.91797463393715
2024-03-31,Ford Rouge Electric Vehicle Center,DilatedRNN,67,135.19220430107526,145.02672586252902
2024-03-31,BMW San Luis Potosi,DilatedRNN,67,295.6760752688172,268.4907361004622
2024-04-30,BYD Camacari,DilatedRNN,67,184.0097222222222,203.11712432127968
2024-04-30,Tesla Gigafactory Nevada,DilatedRNN,67,278.4597222222222,259.81579330939013
2024-04-30,Tesla Gigafactory Texas,DilatedRNN,67,216.54722222222225,220.8831141804175
2024-04-30,Hyundai Metaplant Georgia,DilatedRNN,67,263.20138888888886,226.46001419969784
2024-04-30,Rivian Normal,DilatedRNN,67,193.85833333333332,209.8223963065013
2024-04-30,Tesla Fremont Factory,DilatedRNN,67,268.85,260.5357605996151
2024-04-30,Lucid AMP 1 Casa Grande,DilatedRNN,67,319.31111111111113,290.8050716104206
2024-04-30,GM Factory Zero,DilatedRNN,67,204.275,185.69905064326568
2024-04-30,Ford Rouge Electric Vehicle Center,DilatedRNN,67,201.80972222222223,191.7028185499558
2024-04-30,BMW San Luis Potosi,DilatedRNN,67,316.1097222222222,305.293489403542
2024-05-31,BYD Camacari,DilatedRNN,67,190.63709677419354,179.90902015234354
2024-05-31,Tesla Gigafactory Nevada,DilatedRNN,67,338.80779569892474,313.8298032494322
2024-05-31,Tesla Gigafactory Texas,DilatedRNN,67,229.73655913978493,257.8104028328452
2024-05-31,Hyundai Metaplant Georgia,DilatedRNN,67,257.39381720430106,250.59334060758033
2024-05-31,Rivian Normal,DilatedRNN,67,264.4139784946237,245.4450932810063
2024-05-31,Tesla Fremont Factory,DilatedRNN,67,329.3817204301075,314.20096224175506
2024-05-31,Lucid AMP 1 Casa Grande,DilatedRNN,67,350.38440860215053,345.79572951963513
2024-05-31,GM Factory Zero,DilatedRNN,67,249.9543010752688,249.4877094359381
2024-05-31,Ford Rouge Electric Vehicle Center,DilatedRNN,67,252.0793010752688,248.84897191391244
2024-05-31,BMW San Luis Potosi,DilatedRNN,67,320.3938172043011,319.89725347544237
2024-06-30,BYD Camacari,DilatedRNN,67,180.60694444444442,177.18045150396483
2024-06-30,Tesla Gigafactory Nevada,DilatedRNN,67,351.66805555555555,343.71510472365765
2024-06-30,Tesla Gigafactory Texas,DilatedRNN,67,297.1555555555555,277.52604102287245
2024-06-30,Hyundai Metaplant Georgia,DilatedRNN,67,283.19305555555553,270.96300921212605
2024-06-30,Rivian Normal,DilatedRNN,67,280.38194444444446,260.53583498859916
2024-06-30,Tesla Fremont Factory,DilatedRNN,67,351.7125,343.63661197425
2024-06-30,Lucid AMP 1 Casa Grande,DilatedRNN,67,331.58194444444445,345.2789740962287
2024-06-30,GM Factory Zero,DilatedRNN,67,248.35,265.6258349442888
2024-06-30,Ford Rouge Electric Vehicle Center,DilatedRNN,67,250.30694444444444,263.7305076249397
2024-06-30,BMW San Luis Potosi,DilatedRNN,67,274.2277777777778,298.0248561125769
2024-07-31,BYD Camacari,DilatedRNN,67,203.36559139784944,188.07271284998586
2024-07-31,Tesla Gigafactory Nevada,DilatedRNN,67,329.9233870967742,333.63166054700065
2024-07-31,Tesla Gigafactory Texas,DilatedRNN,67,269.8413978494624,291.458411283711
2024-07-31,Hyundai Metaplant Georgia,DilatedRNN,67,245.24059139784944,259.3290363247356
2024-07-31,Rivian Normal,DilatedRNN,67,270.79569892473114,270.252682409059
2024-07-31,Tesla Fremont Factory,DilatedRNN,67,339.43817204301075,332.7730554543355
2024-07-31,Lucid AMP 1 Casa Grande,DilatedRNN,67,324.9180107526882,318.12321229912743
2024-07-31,GM Factory Zero,DilatedRNN,67,255.46505376344084,256.4587078962702
2024-07-31,Ford Rouge Electric Vehicle Center,DilatedRNN,67,255.49193548387098,255.812074390497
2024-07-31,BMW San Luis Potosi,DilatedRNN,67,240.14650537634407,284.19539787323885
2024-08-31,BYD Camacari,DilatedRNN,67,224.1491935483871,209.2979356545995
2024-08-31,Tesla Gigafactory Nevada,DilatedRNN,67,303.0147849462366,285.6663176223956
2024-08-31,Tesla Gigafactory Texas,DilatedRNN,67,286.88440860215053,268.8807733603703
2024-08-31,Hyundai Metaplant Georgia,DilatedRNN,67,234.99193548387098,232.3764936029911
2024-08-31,Rivian Normal,DilatedRNN,67,251.71774193548387,231.87214022249947
2024-08-31,Tesla Fremont Factory,DilatedRNN,67,300.78629032258067,291.3331087549447
2024-08-31,Lucid AMP 1 Casa Grande,DilatedRNN,67,283.14516129032256,283.8622854979929
2024-08-31,GM Factory Zero,DilatedRNN,67,228.71236559139783,212.12145747675905
2024-08-31,Ford Rouge Electric Vehicle Center,DilatedRNN,67,227.54973118279568,214.670325221634
2024-08-31,BMW San Luis Potosi,DilatedRNN,67,270.51747311827955,225.3179003419655
2024-09-30,BYD Camacari,DilatedRNN,67,248.18888888888887,247.16596762034843
2024-09-30,Tesla Gigafactory Nevada,DilatedRNN,67,247.60833333333332,228.87508913782764
2024-09-30,Tesla Gigafactory Texas,DilatedRNN,67,242.84305555555554,230.49846618566465
2024-09-30,Hyundai Metaplant Georgia,DilatedRNN,67,181.27916666666667,196.36015720937843
2024-09-30,Rivian Normal,DilatedRNN,67,206.58333333333334,182.06299266459482
2024-09-30,Tesla Fremont Factory,DilatedRNN,67,249.20416666666668,235.76655109301475
2024-09-30,Lucid AMP 1 Casa Grande,DilatedRNN,67,274.7944444444445,253.3783607386453
2024-09-30,GM Factory Zero,DilatedRNN,67,188.0097222222222,162.46170345212877
2024-09-30,Ford Rouge Electric Vehicle Center,DilatedRNN,67,189.1625,161.6228609333836
2024-09-30,BMW San Luis Potosi,DilatedRNN,67,214.35277777777776,257.2528821094543
2024-10-31,BYD Camacari,DilatedRNN,67,267.252688172043,252.39194745874855
2024-10-31,Tesla Gigafactory Nevada,DilatedRNN,67,177.8709677419355,181.465814285011
2024-10-31,Tesla Gigafactory Texas,DilatedRNN,67,215.73655913978493,178.28309677533247
2024-10-31,Hyundai Metaplant Georgia,DilatedRNN,67,191.76209677419354,171.4147208123117
2024-10-31,Rivian Normal,DilatedRNN,67,167.65994623655914,134.88115536361454
2024-10-31,Tesla Fremont Factory,DilatedRNN,67,190.11021505376343,191.83255454388757
2024-10-31,Lucid AMP 1 Casa Grande,DilatedRNN,67,219.50134408602148,225.7924572431192
2024-10-31,GM Factory Zero,DilatedRNN,67,146.7271505376344,118.35819963369264
2024-10-31,Ford Rouge Electric Vehicle Center,DilatedRNN,67,147.20833333333331,119.31057904706765
2024-10-31,BMW San Luis Potosi,DilatedRNN,67,225.2016129032258,192.95888616893723
2024-11-30,BYD Camacari,DilatedRNN,67,253.79722222222225,270.2397616040963
2024-11-30,Tesla Gigafactory Nevada,DilatedRNN,67,117.06805555555555,128.32445799288237
2024-11-30,Tesla Gigafactory Texas,DilatedRNN,67,151.6361111111111,146.54864019772378
2024-11-30,Hyundai Metaplant Georgia,DilatedRNN,67,128.38888888888889,131.50668965111817
2024-11-30,Rivian Normal,DilatedRNN,67,75.10833333333333,97.34245758573775
2024-11-30,Tesla Fremont Factory,DilatedRNN,67,119.65277777777779,138.2174209680702
2024-11-30,Lucid AMP 1 Casa Grande,DilatedRNN,67,163.96944444444443,171.33507150538787
2024-11-30,GM Factory Zero,DilatedRNN,67,64.27777777777777,81.10710547825715
2024-11-30,Ford Rouge Electric Vehicle Center,DilatedRNN,67,66.01666666666667,81.24486458095583
2024-11-30,BMW San Luis Potosi,DilatedRNN,67,215.38194444444443,195.92901593799232
2024-12-31,BYD Camacari,DilatedRNN,67,302.8521505376344,262.3743585078146
2024-12-31,Tesla Gigafactory Nevada,DilatedRNN,67,95.06854838709677,85.7854778773158
2024-12-31,Tesla Gigafactory Texas,DilatedRNN,67,115.30107526881721,130.45474815438752
2024-12-31,Hyundai Metaplant Georgia,DilatedRNN,67,124.73924731182795,115.71784656076261
2024-12-31,Rivian Normal,DilatedRNN,67,61.30510752688172,55.01955785474149
2024-12-31,Tesla Fremont Factory,DilatedRNN,67,91.68279569892472,92.79166084955676
2024-12-31,Lucid AMP 1 Casa Grande,DilatedRNN,67,143.70698924731184,131.76680970811537
2024-12-31,GM Factory Zero,DilatedRNN,67,45.26478494623656,39.54008765704328
2024-12-31,Ford Rouge Electric Vehicle Center,DilatedRNN,67,43.62231182795699,32.42243341987245
2024-12-31,BMW San Luis Potosi,DilatedRNN,67,187.47311827956986,172.39353631422807
2024-01-31,BYD Camacari,DilatedRNN,89,263.2258064516129,263.8719570049516
2024-01-31,Tesla Gigafactory Nevada,DilatedRNN,89,93.5994623655914,99.17199630754195
2024-01-31,Tesla Gigafactory Texas,DilatedRNN,89,133.8051075268817,133.98459324557135
2024-01-31,Hyundai Metaplant Georgia,DilatedRNN,89,128.3319892473118,120.56731628866926
2024-01-31,Rivian Normal,DilatedRNN,89,66.06854838709677,78.12849792223224
2024-01-31,Tesla Fremont Factory,DilatedRNN,89,90.82392473118279,99.34137996252772
2024-01-31,Lucid AMP 1 Casa Grande,DilatedRNN,89,137.9798387096774,145.99788485369896
2024-01-31,GM Factory Zero,DilatedRNN,89,42.969086021505376,53.627887577141585
2024-01-31,Ford Rouge Electric Vehicle Center,DilatedRNN,89,41.924731182795696,65.90147235664442
2024-01-31,BMW San Luis Potosi,DilatedRNN,89,183.4516129032258,174.94737381746452
2024-02-29,BYD Camacari,DilatedRNN,89,250.05172413793105,251.36123543681316
2024-02-29,Tesla Gigafactory Nevada,DilatedRNN,89,140.06896551724137,140.8051647634142
2024-02-29,Tesla Gigafactory Texas,DilatedRNN,89,158.33908045977012,157.28779022447685
2024-02-29,Hyundai Metaplant Georgia,DilatedRNN,89,153.75574712643677,156.87418063289374
2024-02-29,Rivian Normal,DilatedRNN,89,147.78735632183907,108.12884759628565
2024-02-29,Tesla Fremont Factory,DilatedRNN,89,126.60632183908045,134.31033255774727
2024-02-29,Lucid AMP 1 Casa Grande,DilatedRNN,89,176.53879310344828,179.58201087200513
2024-02-29,GM Factory Zero,DilatedRNN,89,114.36637931034483,87.41589372000627
2024-02-29,Ford Rouge Electric Vehicle Center,DilatedRNN,89,114.98132183908045,100.16696510269009
2024-02-29,BMW San Luis Potosi,DilatedRNN,89,230.89511494252872,235.92036824793587
2024-03-31,BYD Camacari,DilatedRNN,89,266.5255376344086,229.8081364183817
2024-03-31,Tesla Gigafactory Nevada,DilatedRNN,89,192.7016129032258,203.09142573200245
2024-03-31,Tesla Gigafactory Texas,DilatedRNN,89,188.81854838709677,182.76412922544506
2024-03-31,Hyundai Metaplant Georgia,DilatedRNN,89,187.87231182795696,196.6680127793262
2024-03-31,Rivian Normal,DilatedRNN,89,173.11693548387098,156.42532688066845
2024-03-31,Tesla Fremont Factory,DilatedRNN,89,189.37231182795696,189.35805136036248
2024-03-31,Lucid AMP 1 Casa Grande,DilatedRNN,89,233.08602150537632,228.4392943359471
2024-03-31,GM Factory Zero,DilatedRNN,89,134.98387096774192,150.22750391565984
2024-03-31,Ford Rouge Electric Vehicle Center,DilatedRNN,89,135.19220430107526,147.2119581734087
2024-03-31,BMW San Luis Potosi,DilatedRNN,89,295.6760752688172,264.6389834032424
2024-04-30,BYD Camacari,DilatedRNN,89,184.0097222222222,208.83165045867685
2024-04-30,Tesla Gigafactory Nevada,DilatedRNN,89,278.4597222222222,269.29412988858786
2024-04-30,Tesla Gigafactory Texas,DilatedRNN,89,216.54722222222225,225.0019483529432
2024-04-30,Hyundai Metaplant Georgia,DilatedRNN,89,263.20138888888886,227.15083085353015
2024-04-30,Rivian Normal,DilatedRNN,89,193.85833333333332,223.72351988372947
2024-04-30,Tesla Fremont Factory,DilatedRNN,89,268.85,264.42407556361513
2024-04-30,Lucid AMP 1 Casa Grande,DilatedRNN,89,319.31111111111113,297.52676555970186
2024-04-30,GM Factory Zero,DilatedRNN,89,204.275,201.08056889262357
2024-04-30,Ford Rouge Electric Vehicle Center,DilatedRNN,89,201.80972222222223,181.93989145452667
2024-04-30,BMW San Luis Potosi,DilatedRNN,89,316.1097222222222,319.72161184331424
2024-05-31,BYD Camacari,DilatedRNN,89,190.63709677419354,168.8945660050758
2024-05-31,Tesla Gigafactory Nevada,DilatedRNN,89,338.80779569892474,315.4721726069127
2024-05-31,Tesla Gigafactory Texas,DilatedRNN,89,229.73655913978493,257.3880149858293
2024-05-31,Hyundai Metaplant Georgia,DilatedRNN,89,257.39381720430106,246.37240382548302
2024-05-31,Rivian Normal,DilatedRNN,89,264.4139784946237,240.3346742051103
2024-05-31,Tesla Fremont Factory,DilatedRNN,89,329.3817204301075,316.1301042923737
2024-05-31,Lucid AMP 1 Casa Grande,DilatedRNN,89,350.38440860215053,344.85580751116396
2024-05-31,GM Factory Zero,DilatedRNN,89,249.9543010752688,250.69754932183625
2024-05-31,Ford Rouge Electric Vehicle Center,DilatedRNN,89,252.0793010752688,244.35163359334655
2024-05-31,BMW San Luis Potosi,DilatedRNN,89,320.3938172043011,310.799869163783
2024-06-30,BYD Camacari,DilatedRNN,89,180.60694444444442,178.4815257702183
2024-06-30,Tesla Gigafactory Nevada,DilatedRNN,89,351.66805555555555,344.31724618773467
2024-06-30,Tesla Gigafactory Texas,DilatedRNN,89,297.1555555555555,287.6072190045029
2024-06-30,Hyundai Metaplant Georgia,DilatedRNN,89,283.19305555555553,261.9425518357305
2024-06-30,Rivian Normal,DilatedRNN,89,280.38194444444446,261.5381311944095
2024-06-30,Tesla Fremont Factory,DilatedRNN,89,351.7125,341.9224749377631
2024-06-30,Lucid AMP 1 Casa Grande,DilatedRNN,89,331.58194444444445,345.52882586039044
2024-06-30,GM Factory Zero,DilatedRNN,89,248.35,267.0708848882427
2024-06-30,Ford Rouge Electric Vehicle Center,DilatedRNN,89,250.30694444444444,272.59922889118013
2024-06-30,BMW San Luis Potosi,DilatedRNN,89,274.2277777777778,293.9410276423379
2024-07-31,BYD Camacari,DilatedRNN,89,203.36559139784944,185.10181947236742
2024-07-31,Tesla Gigafactory Nevada,DilatedRNN,89,329.9233870967742,337.2267616936009
2024-07-31,Tesla Gigafactory Texas,DilatedRNN,89,269.8413978494624,293.0398437829428
2024-07-31,Hyundai Metaplant Georgia,DilatedRNN,89,245.24059139784944,257.92710889090773
2024-07-31,Rivian Normal,DilatedRNN,89,270.79569892473114,271.88400126424847
2024-07-31,Tesla Fremont Factory,DilatedRNN,89,339.43817204301075,337.37550965591623
2024-07-31,Lucid AMP 1 Casa Grande,DilatedRNN,89,324.9180107526882,316.75434266174193
2024-07-31,GM Factory Zero,DilatedRNN,89,255.46505376344084,261.05885726606016
2024-07-31,Ford Rouge Electric Vehicle Center,DilatedRNN,89,255.49193548387098,263.6496306766211
2024-07-31,BMW San Luis Potosi,DilatedRNN,89,240.14650537634407,280.192916753792
2024-08-31,BYD Camacari,DilatedRNN,89,224.1491935483871,228.73196584699298
2024-08-31,Tesla Gigafactory Nevada,DilatedRNN,89,303.0147849462366,290.1728738661682
2024-08-31,Tesla Gigafactory Texas,DilatedRNN,89,286.88440860215053,266.66911319010364
2024-08-31,Hyundai Metaplant Georgia,DilatedRNN,89,234.99193548387098,234.1661020860236
2024-08-31,Rivian Normal,DilatedRNN,89,251.71774193548387,231.51073281755373
2024-08-31,Tesla Fremont Factory,DilatedRNN,89,300.78629032258067,302.217417498961
2024-08-31,Lucid AMP 1 Casa Grande,DilatedRNN,89,283.14516129032256,293.9302136322343
2024-08-31,GM Factory Zero,DilatedRNN,89,228.71236559139783,226.82802936664405
2024-08-31,Ford Rouge Electric Vehicle Center,DilatedRNN,89,227.54973118279568,224.65600225480276
2024-08-31,BMW San Luis Potosi,DilatedRNN,89,270.51747311827955,251.36176020043192
2024-09-30,BYD Camacari,DilatedRNN,89,248.18888888888887,246.34307791284658
2024-09-30,Tesla Gigafactory Nevada,DilatedRNN,89,247.60833333333332,240.88732299934205
2024-09-30,Tesla Gigafactory Texas,DilatedRNN,89,242.84305555555554,237.98687444258763
2024-09-30,Hyundai Metaplant Georgia,DilatedRNN,89,181.27916666666667,205.62592630344693
2024-09-30,Rivian Normal,DilatedRNN,89,206.58333333333334,174.0871166687018
2024-09-30,Tesla Fremont Factory,DilatedRNN,89,249.20416666666668,242.84821431098976
2024-09-30,Lucid AMP 1 Casa Grande,DilatedRNN,89,274.7944444444445,257.0452025871764
2024-09-30,GM Factory Zero,DilatedRNN,89,188.0097222222222,170.77813108761572
2024-09-30,Ford Rouge Electric Vehicle Center,DilatedRNN,89,189.1625,165.9451860488529
2024-09-30,BMW San Luis Potosi,DilatedRNN,89,214.35277777777776,260.3442565558418
2024-10-31,BYD Camacari,DilatedRNN,89,267.252688172043,255.77433158929952
2024-10-31,Tesla Gigafactory Nevada,DilatedRNN,89,177.8709677419355,187.63622386893894
2024-10-31,Tesla Gigafactory Texas,DilatedRNN,89,215.73655913978493,183.67432256443527
2024-10-31,Hyundai Metaplant Georgia,DilatedRNN,89,191.76209677419354,161.1186482530608
2024-10-31,Rivian Normal,DilatedRNN,89,167.65994623655914,138.11284486809245
2024-10-31,Tesla Fremont Factory,DilatedRNN,89,190.11021505376343,190.79094421227717
2024-10-31,Lucid AMP 1 Casa Grande,DilatedRNN,89,219.50134408602148,222.2016499549431
2024-10-31,GM Factory Zero,DilatedRNN,89,146.7271505376344,124.57909508827927
2024-10-31,Ford Rouge Electric Vehicle Center,DilatedRNN,89,147.20833333333331,128.17746366547772
2024-10-31,BMW San Luis Potosi,DilatedRNN,89,225.2016129032258,210.11571139521817
2024-11-30,BYD Camacari,DilatedRNN,89,253.79722222222225,256.9190204589758
2024-11-30,Tesla Gigafactory Nevada,DilatedRNN,89,117.06805555555555,122.75053209651088
2024-11-30,Tesla Gigafactory Texas,DilatedRNN,89,151.6361111111111,138.21522120570626
2024-11-30,Hyundai Metaplant Georgia,DilatedRNN,89,128.38888888888889,134.1119437855418
2024-11-30,Rivian Normal,DilatedRNN,89,75.10833333333333,110.74226906226689
2024-11-30,Tesla Fremont Factory,DilatedRNN,89,119.65277777777779,136.75501273331835
2024-11-30,Lucid AMP 1 Casa Grande,DilatedRNN,89,163.96944444444443,160.56058550240692
2024-11-30,GM Factory Zero,DilatedRNN,89,64.27777777777777,89.53338995109108
2024-11-30,Ford Rouge Electric Vehicle Center,DilatedRNN,89,66.01666666666667,94.21788153206882
2024-11-30,BMW San Luis Potosi,DilatedRNN,89,215.38194444444443,193.50662071698457
2024-12-31,BYD Camacari,DilatedRNN,89,302.8521505376344,259.381786946728
2024-12-31,Tesla Gigafactory Nevada,DilatedRNN,89,95.06854838709677,89.34585652016645
2024-12-31,Tesla Gigafactory Texas,DilatedRNN,89,115.30107526881721,123.33621353624008
2024-12-31,Hyundai Metaplant Georgia,DilatedRNN,89,124.73924731182795,116.21695702266629
2024-12-31,Rivian Normal,DilatedRNN,89,61.30510752688172,58.39560915057057
2024-12-31,Tesla Fremont Factory,DilatedRNN,89,91.68279569892472,93.10853758398642
2024-12-31,Lucid AMP 1 Casa Grande,DilatedRNN,89,143.70698924731184,134.1739136837463
2024-12-31,GM Factory Zero,DilatedRNN,89,45.26478494623656,32.781910649614524
2024-12-31,Ford Rouge Electric Vehicle Center,DilatedRNN,89,43.62231182795699,43.30521071435071
2024-12-31,BMW San Luis Potosi,DilatedRNN,89,187.47311827956986,175.182610439397
2024-01-31,BYD Camacari,DeepNPTS,11,263.2258064516129,278.53614883573465
2024-01-31,Tesla Gigafactory Nevada,DeepNPTS,11,93.5994623655914,90.78844153351321
2024-01-31,Tesla Gigafactory Texas,DeepNPTS,11,133.8051075268817,133.2114764895811
2024-01-31,Hyundai Metaplant Georgia,DeepNPTS,11,128.3319892473118,108.3593789461239
2024-01-31,Rivian Normal,DeepNPTS,11,66.06854838709677,55.93049908947621
2024-01-31,Tesla Fremont Factory,DeepNPTS,11,90.82392473118279,103.07517981882737
2024-01-31,Lucid AMP 1 Casa Grande,DeepNPTS,11,137.9798387096774,140.24809067685317
2024-01-31,GM Factory Zero,DeepNPTS,11,42.969086021505376,38.226052682991984
2024-01-31,Ford Rouge Electric Vehicle Center,DeepNPTS,11,41.924731182795696,44.29285549844104
2024-01-31,BMW San Luis Potosi,DeepNPTS,11,183.4516129032258,134.58064516129033
2024-02-29,BYD Camacari,DeepNPTS,11,250.05172413793105,262.7711385730454
2024-02-29,Tesla Gigafactory Nevada,DeepNPTS,11,140.06896551724137,92.95329385237538
2024-02-29,Tesla Gigafactory Texas,DeepNPTS,11,158.33908045977012,133.2114764895811
2024-02-29,Hyundai Metaplant Georgia,DeepNPTS,11,153.75574712643677,128.10565281314877
2024-02-29,Rivian Normal,DeepNPTS,11,147.78735632183907,109.85171730880455
2024-02-29,Tesla Fremont Factory,DeepNPTS,11,126.60632183908045,89.89511679113411
2024-02-29,Lucid AMP 1 Casa Grande,DeepNPTS,11,176.53879310344828,138.32441557178134
2024-02-29,GM Factory Zero,DeepNPTS,11,114.36637931034483,81.187965541596
2024-02-29,Ford Rouge Electric Vehicle Center,DeepNPTS,11,114.98132183908045,80.47431831687061
2024-02-29,BMW San Luis Potosi,DeepNPTS,11,230.89511494252872,187.78786284698833
2024-03-31,BYD Camacari,DeepNPTS,11,266.5255376344086,250.6441984219096
2024-03-31,Tesla Gigafactory Nevada,DeepNPTS,11,192.7016129032258,140.5800458915605
2024-03-31,Tesla Gigafactory Texas,DeepNPTS,11,188.81854838709677,158.38705504100813
2024-03-31,Hyundai Metaplant Georgia,DeepNPTS,11,187.87231182795696,153.92770347575987
2024-03-31,Rivian Normal,DeepNPTS,11,173.11693548387098,134.8865709352077
2024-03-31,Tesla Fremont Factory,DeepNPTS,11,189.37231182795696,127.23862974220572
2024-03-31,Lucid AMP 1 Casa Grande,DeepNPTS,11,233.08602150537632,176.79793587549722
2024-03-31,GM Factory Zero,DeepNPTS,11,134.98387096774192,113.40940602921404
2024-03-31,Ford Rouge Electric Vehicle Center,DeepNPTS,11,135.19220430107526,114.52746476847877
2024-03-31,BMW San Luis Potosi,DeepNPTS,11,295.6760752688172,230.1994126685845
2024-04-30,BYD Camacari,DeepNPTS,11,184.0097222222222,266.4092178644352
2024-04-30,Tesla Gigafactory Nevada,DeepNPTS,11,278.4597222222222,192.53649744738334
2024-04-30,Tesla Gigafactory Texas,DeepNPTS,11,216.54722222222225,188.59774676173606
2024-04-30,Hyundai Metaplant Georgia,DeepNPTS,11,263.20138888888886,187.34447728874542
2024-04-30,Rivian Normal,DeepNPTS,11,193.85833333333332,173.40172251097619
2024-04-30,Tesla Fremont Factory,DeepNPTS,11,268.85,188.74558638101144
2024-04-30,Lucid AMP 1 Casa Grande,DeepNPTS,11,319.31111111111113,232.58454304622705
2024-04-30,GM Factory Zero,DeepNPTS,11,204.275,134.89036093408168
2024-04-30,Ford Rouge Electric Vehicle Center,DeepNPTS,11,201.80972222222223,135.81067676953035
2024-04-30,BMW San Luis Potosi,DeepNPTS,11,316.1097222222222,294.9734198531957
2024-05-31,BYD Camacari,DeepNPTS,11,190.63709677419354,183.94604595033553
2024-05-31,Tesla Gigafactory Nevada,DeepNPTS,11,338.80779569892474,279.1305983956089
2024-05-31,Tesla Gigafactory Texas,DeepNPTS,11,229.73655913978493,217.13006742603037
2024-05-31,Hyundai Metaplant Georgia,DeepNPTS,11,257.39381720430106,222.28019458199702
2024-05-31,Rivian Normal,DeepNPTS,11,264.4139784946237,194.58506243756062
2024-05-31,Tesla Fremont Factory,DeepNPTS,11,329.3817204301075,267.8259603900748
2024-05-31,Lucid AMP 1 Casa Grande,DeepNPTS,11,350.38440860215053,319.14996645992966
2024-05-31,GM Factory Zero,DeepNPTS,11,249.9543010752688,203.62942313391142
2024-05-31,Ford Rouge Electric Vehicle Center,DeepNPTS,11,252.0793010752688,201.78864122271588
2024-05-31,BMW San Luis Potosi,DeepNPTS,11,320.3938172043011,316.56474390698054
2024-06-30,BYD Camacari,DeepNPTS,11,180.60694444444442,191.22220912303337
2024-06-30,Tesla Gigafactory Nevada,DeepNPTS,11,351.66805555555555,322.42764067598307
2024-06-30,Tesla Gigafactory Texas,DeepNPTS,11,297.1555555555555,230.55704858242186
2024-06-30,Hyundai Metaplant Georgia,DeepNPTS,11,283.19305555555553,257.21590612620435
2024-06-30,Rivian Normal,DeepNPTS,11,280.38194444444446,263.9123381894603
2024-06-30,Tesla Fremont Factory,DeepNPTS,11,351.7125,329.3329253430729
2024-06-30,Lucid AMP 1 Casa Grande,DeepNPTS,11,331.58194444444445,349.9287827029023
2024-06-30,GM Factory Zero,DeepNPTS,11,248.35,250.88752229855695
2024-06-30,Ford Rouge Electric Vehicle Center,DeepNPTS,11,250.30694444444444,252.86834680305049
2024-06-30,BMW San Luis Potosi,DeepNPTS,11,274.2277777777778,319.64923044622583
2024-07-31,BYD Camacari,DeepNPTS,11,203.36559139784944,183.94604595033553
2024-07-31,Tesla Gigafactory Nevada,DeepNPTS,11,329.9233870967742,352.7355751884881
2024-07-31,Tesla Gigafactory Texas,DeepNPTS,11,269.8413978494624,297.69191624961235
2024-07-31,Hyundai Metaplant Georgia,DeepNPTS,11,245.24059139784944,264.810635025623
2024-07-31,Rivian Normal,DeepNPTS,11,270.79569892473114,281.244164416226
2024-07-31,Tesla Fremont Factory,DeepNPTS,11,339.43817204301075,351.2997032915392
2024-07-31,Lucid AMP 1 Casa Grande,DeepNPTS,11,324.9180107526882,330.69201709036065
2024-07-31,GM Factory Zero,DeepNPTS,11,255.46505376344084,248.7394276211018
2024-07-31,Ford Rouge Electric Vehicle Center,DeepNPTS,11,255.49193548387098,250.7400264084926
2024-07-31,BMW San Luis Potosi,DeepNPTS,11,240.14650537634407,274.92432155740516
2024-08-31,BYD Camacari,DeepNPTS,11,224.1491935483871,203.34914468425097
2024-08-31,Tesla Gigafactory Nevada,DeepNPTS,11,303.0147849462366,328.92219455991756
2024-08-31,Tesla Gigafactory Texas,DeepNPTS,11,286.88440860215053,269.1595955853181
2024-08-31,Hyundai Metaplant Georgia,DeepNPTS,11,234.99193548387098,246.58330176434208
2024-08-31,Rivian Normal,DeepNPTS,11,251.71774193548387,271.6153655890977
2024-08-31,Tesla Fremont Factory,DeepNPTS,11,300.78629032258067,329.3329253430729
2024-08-31,Lucid AMP 1 Casa Grande,DeepNPTS,11,283.14516129032256,324.9209917751451
2024-08-31,GM Factory Zero,DeepNPTS,11,228.71236559139783,250.88752229855695
2024-08-31,Ford Rouge Electric Vehicle Center,DeepNPTS,11,227.54973118279568,252.86834680305049
2024-08-31,BMW San Luis Potosi,DeepNPTS,11,270.51747311827955,239.4528372630637
2024-09-30,BYD Camacari,DeepNPTS,11,248.18888888888887,223.96493651529636
2024-09-30,Tesla Gigafactory Nevada,DeepNPTS,11,247.60833333333332,302.94396263670217
2024-09-30,Tesla Gigafactory Texas,DeepNPTS,11,242.84305555555554,287.6216899110105
2024-09-30,Hyundai Metaplant Georgia,DeepNPTS,11,181.27916666666667,234.4317424241253
2024-09-30,Rivian Normal,DeepNPTS,11,206.58333333333334,252.35779709000423
2024-09-30,Tesla Fremont Factory,DeepNPTS,11,249.20416666666668,300.776118998582
2024-09-30,Lucid AMP 1 Casa Grande,DeepNPTS,11,274.7944444444445,282.60011033991816
2024-09-30,GM Factory Zero,DeepNPTS,11,188.0097222222222,229.40657552400583
2024-09-30,Ford Rouge Electric Vehicle Center,DeepNPTS,11,189.1625,227.32850206835613
2024-09-30,BMW San Luis Potosi,DeepNPTS,11,214.35277777777776,270.2976092601656
2024-10-31,BYD Camacari,DeepNPTS,11,267.252688172043,248.21881222764972
2024-10-31,Tesla Gigafactory Nevada,DeepNPTS,11,177.8709677419355,246.65781258845897
2024-10-31,Tesla Gigafactory Texas,DeepNPTS,11,215.73655913978493,242.3056459774574
2024-10-31,Hyundai Metaplant Georgia,DeepNPTS,11,191.76209677419354,181.26870336768127
2024-10-31,Rivian Normal,DeepNPTS,11,167.65994623655914,206.13960353701668
2024-10-31,Tesla Fremont Factory,DeepNPTS,11,190.11021505376343,250.25255133400947
2024-10-31,Lucid AMP 1 Casa Grande,DeepNPTS,11,219.50134408602148,274.9054099196308
2024-10-31,GM Factory Zero,DeepNPTS,11,146.7271505376344,188.59274413109253
2024-10-31,Ford Rouge Electric Vehicle Center,DeepNPTS,11,147.20833333333331,189.0187188553687
2024-10-31,BMW San Luis Potosi,DeepNPTS,11,225.2016129032258,214.777032507243
2024-11-30,BYD Camacari,DeepNPTS,11,253.79722222222225,267.62191096156516
2024-11-30,Tesla Gigafactory Nevada,DeepNPTS,11,117.06805555555555,177.38253838486943
2024-11-30,Tesla Gigafactory Texas,DeepNPTS,11,151.6361111111111,215.45169636959673
2024-11-30,Hyundai Metaplant Georgia,DeepNPTS,11,128.38888888888889,191.90130772954353
2024-11-30,Rivian Normal,DeepNPTS,11,75.10833333333333,167.62445196124816
2024-11-30,Tesla Fremont Factory,DeepNPTS,11,119.65277777777779,190.94227082721193
2024-11-30,Lucid AMP 1 Casa Grande,DeepNPTS,11,163.96944444444443,219.11881002981255
2024-11-30,GM Factory Zero,DeepNPTS,11,64.27777777777777,147.7789371291289
2024-11-30,Ford Rouge Electric Vehicle Center,DeepNPTS,11,66.01666666666667,146.45228679779262
2024-11-30,BMW San Luis Potosi,DeepNPTS,11,215.38194444444443,225.57269453413545
2024-12-31,BYD Camacari,DeepNPTS,11,302.8521505376344,254.28227771329944
2024-12-31,Tesla Gigafactory Nevada,DeepNPTS,11,95.06854838709677,116.76666935985928
2024-12-31,Tesla Gigafactory Texas,DeepNPTS,11,115.30107526881721,151.67356763904294
2024-12-31,Hyundai Metaplant Georgia,DeepNPTS,11,124.73924731182795,128.10565281314877
2024-12-31,Rivian Normal,DeepNPTS,11,61.30510752688172,75.18807761065702
2024-12-31,Tesla Fremont Factory,DeepNPTS,11,91.68279569892472,120.64859718908505
2024-12-31,Lucid AMP 1 Casa Grande,DeepNPTS,11,143.70698924731184,163.3322028590827
2024-12-31,GM Factory Zero,DeepNPTS,11,45.26478494623656,64.0032020242177
2024-12-31,Ford Rouge Electric Vehicle Center,DeepNPTS,11,43.62231182795699,65.57606951336085
2024-12-31,BMW San Luis Potosi,DeepNPTS,11,187.47311827956986,214.777032507243
2024-01-31,BYD Camacari,DeepNPTS,23,263.2258064516129,278.53614883573465
2024-01-31,Tesla Gigafactory Nevada,DeepNPTS,23,93.5994623655914,95.11814617123756
2024-01-31,Tesla Gigafactory Texas,DeepNPTS,23,133.8051075268817,163.42216821030905
2024-01-31,Hyundai Metaplant Georgia,DeepNPTS,23,128.3319892473118,122.02987745482355
2024-01-31,Rivian Normal,DeepNPTS,23,66.06854838709677,55.93049908947621
2024-01-31,Tesla Fremont Factory,DeepNPTS,23,90.82392473118279,140.4186906913509
2024-01-31,Lucid AMP 1 Casa Grande,DeepNPTS,23,137.9798387096774,184.49263629578456
2024-01-31,GM Factory Zero,DeepNPTS,23,42.969086021505376,104.81701918907703
2024-01-31,Ford Rouge Electric Vehicle Center,DeepNPTS,23,41.924731182795696,44.29285549844104
2024-01-31,BMW San Luis Potosi,DeepNPTS,23,183.4516129032258,216.31926993965624
2024-02-29,BYD Camacari,DeepNPTS,23,250.05172413793105,262.7711385730454
2024-02-29,Tesla Gigafactory Nevada,DeepNPTS,23,140.06896551724137,144.9097484808502
2024-02-29,Tesla Gigafactory Texas,DeepNPTS,23,158.33908045977012,163.42216821030905
2024-02-29,Hyundai Metaplant Georgia,DeepNPTS,23,153.75574712643677,158.48453966560223
2024-02-29,Rivian Normal,DeepNPTS,23,147.78735632183907,117.55474470844193
2024-02-29,Tesla Fremont Factory,DeepNPTS,23,126.60632183908045,140.4186906913509
2024-02-29,Lucid AMP 1 Casa Grande,DeepNPTS,23,176.53879310344828,184.49263629578456
2024-02-29,GM Factory Zero,DeepNPTS,23,114.36637931034483,109.11320854398727
2024-02-29,Ford Rouge Electric Vehicle Center,DeepNPTS,23,114.98132183908045,108.14249552933224
2024-02-29,BMW San Luis Potosi,DeepNPTS,23,230.89511494252872,247.16403609954864
2024-03-31,BYD Camacari,DeepNPTS,23,266.5255376344086,225.1776296124263
2024-03-31,Tesla Gigafactory Nevada,DeepNPTS,23,192.7016129032258,192.53649744738334
2024-03-31,Tesla Gigafactory Texas,DeepNPTS,23,188.81854838709677,183.56263359243513
2024-03-31,Hyundai Metaplant Georgia,DeepNPTS,23,187.87231182795696,202.53391784045004
2024-03-31,Rivian Normal,DeepNPTS,23,173.11693548387098,148.36686888457308
2024-03-31,Tesla Fremont Factory,DeepNPTS,23,189.37231182795696,177.7622057209706
2024-03-31,Lucid AMP 1 Casa Grande,DeepNPTS,23,233.08602150537632,224.88983534502808
2024-03-31,GM Factory Zero,DeepNPTS,23,134.98387096774192,143.48273964390214
2024-03-31,Ford Rouge Electric Vehicle Center,DeepNPTS,23,135.19220430107526,140.06731755864607
2024-03-31,BMW San Luis Potosi,DeepNPTS,23,295.6760752688172,291.8889333139504
2024-04-30,BYD Camacari,DeepNPTS,23,184.0097222222222,215.47608024546858
2024-04-30,Tesla Gigafactory Nevada,DeepNPTS,23,278.4597222222222,281.2954496902537
2024-04-30,Tesla Gigafactory Texas,DeepNPTS,23,216.54722222222225,207.05984108742848
2024-04-30,Hyundai Metaplant Georgia,DeepNPTS,23,263.20138888888886,222.28019458199702
2024-04-30,Rivian Normal,DeepNPTS,23,193.85833333333332,217.6941446364727
2024-04-30,Tesla Fremont Factory,DeepNPTS,23,268.85,278.8093576785003
2024-04-30,Lucid AMP 1 Casa Grande,DeepNPTS,23,319.31111111111113,317.2262913548578
2024-04-30,GM Factory Zero,DeepNPTS,23,204.275,180.00036542127208
2024-04-30,Ford Rouge Electric Vehicle Center,DeepNPTS,23,201.80972222222223,180.50542116619135
2024-04-30,BMW San Luis Potosi,DeepNPTS,23,316.1097222222222,294.9734198531957
2024-05-31,BYD Camacari,DeepNPTS,23,190.63709677419354,183.94604595033553
2024-05-31,Tesla Gigafactory Nevada,DeepNPTS,23,338.80779569892474,281.2954496902537
2024-05-31,Tesla Gigafactory Texas,DeepNPTS,23,229.73655913978493,242.3056459774574
2024-05-31,Hyundai Metaplant Georgia,DeepNPTS,23,257.39381720430106,260.25380458482493
2024-05-31,Rivian Normal,DeepNPTS,23,264.4139784946237,235.02597086323848
2024-05-31,Tesla Fremont Factory,DeepNPTS,23,329.3817204301075,278.8093576785003
2024-05-31,Lucid AMP 1 Casa Grande,DeepNPTS,23,350.38440860215053,319.14996645992966
2024-05-31,GM Factory Zero,DeepNPTS,23,249.9543010752688,225.11038616909562
2024-05-31,Ford Rouge Electric Vehicle Center,DeepNPTS,23,252.0793010752688,252.86834680305049
2024-05-31,BMW San Luis Potosi,DeepNPTS,23,320.3938172043011,316.56474390698054
2024-06-30,BYD Camacari,DeepNPTS,23,180.60694444444442,191.22220912303337
2024-06-30,Tesla Gigafactory Nevada,DeepNPTS,23,351.66805555555555,339.7464510331418
2024-06-30,Tesla Gigafactory Texas,DeepNPTS,23,297.1555555555555,304.40540047534694
2024-06-30,Hyundai Metaplant Georgia,DeepNPTS,23,283.19305555555553,257.21590612620435
2024-06-30,Rivian Normal,DeepNPTS,23,280.38194444444446,263.9123381894603
2024-06-30,Tesla Fremont Factory,DeepNPTS,23,351.7125,329.3329253430729
2024-06-30,Lucid AMP 1 Casa Grande,DeepNPTS,23,331.58194444444445,328.7683419852888
2024-06-30,GM Factory Zero,DeepNPTS,23,248.35,250.88752229855695
2024-06-30,Ford Rouge Electric Vehicle Center,DeepNPTS,23,250.30694444444444,252.86834680305049
2024-06-30,BMW San Luis Potosi,DeepNPTS,23,274.2277777777778,319.64923044622583
2024-07-31,BYD Camacari,DeepNPTS,23,203.36559139784944,196.07298151155314
2024-07-31,Tesla Gigafactory Nevada,DeepNPTS,23,329.9233870967742,352.7355751884881
2024-07-31,Tesla Gigafactory Texas,DeepNPTS,23,269.8413978494624,297.69191624961235
2024-07-31,Hyundai Metaplant Georgia,DeepNPTS,23,245.24059139784944,264.810635025623
2024-07-31,Rivian Normal,DeepNPTS,23,270.79569892473114,281.244164416226
2024-07-31,Tesla Fremont Factory,DeepNPTS,23,339.43817204301075,349.10302715953105
2024-07-31,Lucid AMP 1 Casa Grande,DeepNPTS,23,324.9180107526882,319.14996645992966
2024-07-31,GM Factory Zero,DeepNPTS,23,255.46505376344084,225.11038616909562
2024-07-31,Ford Rouge Electric Vehicle Center,DeepNPTS,23,255.49193548387098,227.32850206835613
2024-07-31,BMW San Luis Potosi,DeepNPTS,23,240.14650537634407,274.92432155740516
2024-08-31,BYD Camacari,DeepNPTS,23,224.1491935483871,216.68877334259852
2024-08-31,Tesla Gigafactory Nevada,DeepNPTS,23,303.0147849462366,283.4603009848986
2024-08-31,Tesla Gigafactory Texas,DeepNPTS,23,286.88440860215053,269.1595955853181
2024-08-31,Hyundai Metaplant Georgia,DeepNPTS,23,234.99193548387098,245.06435828407606
2024-08-31,Rivian Normal,DeepNPTS,23,251.71774193548387,235.02597086323848
2024-08-31,Tesla Fremont Factory,DeepNPTS,23,300.78629032258067,300.776118998582
2024-08-31,Lucid AMP 1 Casa Grande,DeepNPTS,23,283.14516129032256,280.6764352348463
2024-08-31,GM Factory Zero,DeepNPTS,23,228.71236559139783,225.11038616909562
2024-08-31,Ford Rouge Electric Vehicle Center,DeepNPTS,23,227.54973118279568,227.32850206835613
2024-08-31,BMW San Luis Potosi,DeepNPTS,23,270.51747311827955,250.24851096437504
2024-09-30,BYD Camacari,DeepNPTS,23,248.18888888888887,249.43150532477966
2024-09-30,Tesla Gigafactory Nevada,DeepNPTS,23,247.60833333333332,235.83353972775748
2024-09-30,Tesla Gigafactory Texas,DeepNPTS,23,242.84305555555554,247.34075914675833
2024-09-30,Hyundai Metaplant Georgia,DeepNPTS,23,181.27916666666667,217.72336414119889
2024-09-30,Rivian Normal,DeepNPTS,23,206.58333333333334,190.73354873774196
2024-09-30,Tesla Fremont Factory,DeepNPTS,23,249.20416666666668,234.87581840995233
2024-09-30,Lucid AMP 1 Casa Grande,DeepNPTS,23,274.7944444444445,257.59233397398424
2024-09-30,GM Factory Zero,DeepNPTS,23,188.0097222222222,164.96370267908634
2024-09-30,Ford Rouge Electric Vehicle Center,DeepNPTS,23,189.1625,163.47885800972847
2024-09-30,BMW San Luis Potosi,DeepNPTS,23,214.35277777777776,270.2976092601656
2024-10-31,BYD Camacari,DeepNPTS,23,267.252688172043,262.7711385730454
2024-10-31,Tesla Gigafactory Nevada,DeepNPTS,23,177.8709677419355,181.7122409741591
2024-10-31,Tesla Gigafactory Texas,DeepNPTS,23,215.73655913978493,171.81402984493843
2024-10-31,Hyundai Metaplant Georgia,DeepNPTS,23,191.76209677419354,181.26870336768127
2024-10-31,Rivian Normal,DeepNPTS,23,167.65994623655914,125.25777939687013
2024-10-31,Tesla Fremont Factory,DeepNPTS,23,190.11021505376343,186.54891024900326
2024-10-31,Lucid AMP 1 Casa Grande,DeepNPTS,23,219.50134408602148,222.96616023995625
2024-10-31,GM Factory Zero,DeepNPTS,23,146.7271505376344,104.81701918907703
2024-10-31,Ford Rouge Electric Vehicle Center,DeepNPTS,23,147.20833333333331,103.88585474021652
2024-10-31,BMW San Luis Potosi,DeepNPTS,23,225.2016129032258,193.1856967790393
2024-11-30,BYD Camacari,DeepNPTS,23,253.79722222222225,267.62191096156516
2024-11-30,Tesla Gigafactory Nevada,DeepNPTS,23,117.06805555555555,140.5800458915605
2024-11-30,Tesla Gigafactory Texas,DeepNPTS,23,151.6361111111111,158.38705504100813
2024-11-30,Hyundai Metaplant Georgia,DeepNPTS,23,128.38888888888889,153.92770347575987
2024-11-30,Rivian Normal,DeepNPTS,23,75.10833333333333,148.36686888457308
2024-11-30,Tesla Fremont Factory,DeepNPTS,23,119.65277777777779,129.4353058742139
2024-11-30,Lucid AMP 1 Casa Grande,DeepNPTS,23,163.96944444444443,176.79793587549722
2024-11-30,GM Factory Zero,DeepNPTS,23,64.27777777777777,113.40940602921404
2024-11-30,Ford Rouge Electric Vehicle Center,DeepNPTS,23,66.01666666666667,80.47431831687061
2024-11-30,BMW San Luis Potosi,DeepNPTS,23,215.38194444444443,225.57269453413545
2024-12-31,BYD Camacari,DeepNPTS,23,302.8521505376344,254.28227771329944
2024-12-31,Tesla Gigafactory Nevada,DeepNPTS,23,95.06854838709677,116.76666935985928
2024-12-31,Tesla Gigafactory Texas,DeepNPTS,23,115.30107526881721,151.67356763904294
2024-12-31,Hyundai Metaplant Georgia,DeepNPTS,23,124.73924731182795,128.10565281314877
2024-12-31,Rivian Normal,DeepNPTS,23,61.30510752688172,75.18807761065702
2024-12-31,Tesla Fremont Factory,DeepNPTS,23,91.68279569892472,120.64859718908505
2024-12-31,Lucid AMP 1 Casa Grande,DeepNPTS,23,143.70698924731184,163.3322028590827
2024-12-31,GM Factory Zero,DeepNPTS,23,45.26478494623656,64.0032020242177
2024-12-31,Ford Rouge Electric Vehicle Center,DeepNPTS,23,43.62231182795699,65.57606951336085
2024-12-31,BMW San Luis Potosi,DeepNPTS,23,187.47311827956986,214.777032507243
2024-01-31,BYD Camacari,DeepNPTS,42,263.2258064516129,272.47268335008494
2024-01-31,Tesla Gigafactory Nevada,DeepNPTS,42,93.5994623655914,95.11814617123756
2024-01-31,Tesla Gigafactory Texas,DeepNPTS,42,133.8051075268817,131.53310543314745
2024-01-31,Hyundai Metaplant Georgia,DeepNPTS,42,128.3319892473118,122.02987745482355
2024-01-31,Rivian Normal,DeepNPTS,42,66.06854838709677,50.153225806451616
2024-01-31,Tesla Fremont Factory,DeepNPTS,42,90.82392473118279,103.07517981882737
2024-01-31,Lucid AMP 1 Casa Grande,DeepNPTS,42,137.9798387096774,140.24809067685317
2024-01-31,GM Factory Zero,DeepNPTS,42,42.969086021505376,44.67033976422602
2024-01-31,Ford Rouge Electric Vehicle Center,DeepNPTS,42,41.924731182795696,44.29285549844104
2024-01-31,BMW San Luis Potosi,DeepNPTS,42,183.4516129032258,216.31926993965624
2024-02-29,BYD Camacari,DeepNPTS,42,250.05172413793105,280.9615442098309
2024-02-29,Tesla Gigafactory Nevada,DeepNPTS,42,140.06896551724137,144.9097484808502
2024-02-29,Tesla Gigafactory Texas,DeepNPTS,42,158.33908045977012,163.42216821030905
2024-02-29,Hyundai Metaplant Georgia,DeepNPTS,42,153.75574712643677,158.48453966560223
2024-02-29,Rivian Normal,DeepNPTS,42,147.78735632183907,117.55474470844193
2024-02-29,Tesla Fremont Factory,DeepNPTS,42,126.60632183908045,140.4186906913509
2024-02-29,Lucid AMP 1 Casa Grande,DeepNPTS,42,176.53879310344828,184.49263629578456
2024-02-29,GM Factory Zero,DeepNPTS,42,114.36637931034483,109.11320854398727
2024-02-29,Ford Rouge Electric Vehicle Center,DeepNPTS,42,114.98132183908045,108.14249552933224
2024-02-29,BMW San Luis Potosi,DeepNPTS,42,230.89511494252872,247.16403609954864
2024-03-31,BYD Camacari,DeepNPTS,42,266.5255376344086,225.1776296124263
2024-03-31,Tesla Gigafactory Nevada,DeepNPTS,42,192.7016129032258,192.53649744738334
2024-03-31,Tesla Gigafactory Texas,DeepNPTS,42,188.81854838709677,183.56263359243513
2024-03-31,Hyundai Metaplant Georgia,DeepNPTS,42,187.87231182795696,202.53391784045004
2024-03-31,Rivian Normal,DeepNPTS,42,173.11693548387098,134.8865709352077
2024-03-31,Tesla Fremont Factory,DeepNPTS,42,189.37231182795696,177.7622057209706
2024-03-31,Lucid AMP 1 Casa Grande,DeepNPTS,42,233.08602150537632,224.88983534502808
2024-03-31,GM Factory Zero,DeepNPTS,42,134.98387096774192,143.48273964390214
2024-03-31,Ford Rouge Electric Vehicle Center,DeepNPTS,42,135.19220430107526,140.06731755864607
2024-03-31,BMW San Luis Potosi,DeepNPTS,42,295.6760752688172,291.8889333139504
2024-04-30,BYD Camacari,DeepNPTS,42,184.0097222222222,215.47608024546858
2024-04-30,Tesla Gigafactory Nevada,DeepNPTS,42,278.4597222222222,283.4603009848986
2024-04-30,Tesla Gigafactory Texas,DeepNPTS,42,216.54722222222225,207.05984108742848
2024-04-30,Hyundai Metaplant Georgia,DeepNPTS,42,263.20138888888886,237.46964088274586
2024-04-30,Rivian Normal,DeepNPTS,42,193.85833333333332,217.6941446364727
2024-04-30,Tesla Fremont Factory,DeepNPTS,42,268.85,285.39938607452484
2024-04-30,Lucid AMP 1 Casa Grande,DeepNPTS,42,319.31111111111113,317.2262913548578
2024-04-30,GM Factory Zero,DeepNPTS,42,204.275,180.00036542127208
2024-04-30,Ford Rouge Electric Vehicle Center,DeepNPTS,42,201.80972222222223,180.50542116619135
2024-04-30,BMW San Luis Potosi,DeepNPTS,42,316.1097222222222,294.9734198531957
2024-05-31,BYD Camacari,DeepNPTS,42,190.63709677419354,154.84139784946237
2024-05-31,Tesla Gigafactory Nevada,DeepNPTS,42,338.80779569892474,281.2954496902537
2024-05-31,Tesla Gigafactory Texas,DeepNPTS,42,229.73655913978493,242.3056459774574
2024-05-31,Hyundai Metaplant Georgia,DeepNPTS,42,257.39381720430106,222.28019458199702
2024-05-31,Rivian Normal,DeepNPTS,42,264.4139784946237,269.6896087391883
2024-05-31,Tesla Fremont Factory,DeepNPTS,42,329.3817204301075,278.8093576785003
2024-05-31,Lucid AMP 1 Casa Grande,DeepNPTS,42,350.38440860215053,346.08141793093534
2024-05-31,GM Factory Zero,DeepNPTS,42,249.9543010752688,270.22039065628604
2024-05-31,Ford Rouge Electric Vehicle Center,DeepNPTS,42,252.0793010752688,265.63828528134354
2024-05-31,BMW San Luis Potosi,DeepNPTS,42,320.3938172043011,294.9734198531957
2024-06-30,BYD Camacari,DeepNPTS,42,180.60694444444442,175.45718968050775
2024-06-30,Tesla Gigafactory Nevada,DeepNPTS,42,351.66805555555555,322.42764067598307
2024-06-30,Tesla Gigafactory Texas,DeepNPTS,42,297.1555555555555,304.40540047534694
2024-06-30,Hyundai Metaplant Georgia,DeepNPTS,42,283.19305555555553,260.25380458482493
2024-06-30,Rivian Normal,DeepNPTS,42,280.38194444444446,287.0214349659541
2024-06-30,Tesla Fremont Factory,DeepNPTS,42,351.7125,327.1362492110647
2024-06-30,Lucid AMP 1 Casa Grande,DeepNPTS,42,331.58194444444445,361.47083333333336
2024-06-30,GM Factory Zero,DeepNPTS,42,248.35,261.6280119464656
2024-06-30,Ford Rouge Electric Vehicle Center,DeepNPTS,42,250.30694444444444,259.25332409767
2024-06-30,BMW San Luis Potosi,DeepNPTS,42,274.2277777777778,330.4448924731183
2024-07-31,BYD Camacari,DeepNPTS,42,203.36559139784944,196.07298151155314
2024-07-31,Tesla Gigafactory Nevada,DeepNPTS,42,329.9233870967742,352.7355751884881
2024-07-31,Tesla Gigafactory Texas,DeepNPTS,42,269.8413978494624,307.7621552931366
2024-07-31,Hyundai Metaplant Georgia,DeepNPTS,42,245.24059139784944,264.810635025623
2024-07-31,Rivian Normal,DeepNPTS,42,270.79569892473114,285.0956781160447
2024-07-31,Tesla Fremont Factory,DeepNPTS,42,339.43817204301075,349.10302715953105
2024-07-31,Lucid AMP 1 Casa Grande,DeepNPTS,42,324.9180107526882,328.7683419852888
2024-07-31,GM Factory Zero,DeepNPTS,42,255.46505376344084,250.88752229855695
2024-07-31,Ford Rouge Electric Vehicle Center,DeepNPTS,42,255.49193548387098,252.86834680305049
2024-07-31,BMW San Luis Potosi,DeepNPTS,42,240.14650537634407,284.17774615188443
2024-08-31,BYD Camacari,DeepNPTS,42,224.1491935483871,216.68877334259852
2024-08-31,Tesla Gigafactory Nevada,DeepNPTS,42,303.0147849462366,283.4603009848986
2024-08-31,Tesla Gigafactory Texas,DeepNPTS,42,286.88440860215053,304.40540047534694
2024-08-31,Hyundai Metaplant Georgia,DeepNPTS,42,234.99193548387098,246.58330176434208
2024-08-31,Rivian Normal,DeepNPTS,42,251.71774193548387,235.02597086323848
2024-08-31,Tesla Fremont Factory,DeepNPTS,42,300.78629032258067,300.776118998582
2024-08-31,Lucid AMP 1 Casa Grande,DeepNPTS,42,283.14516129032256,280.6764352348463
2024-08-31,GM Factory Zero,DeepNPTS,42,228.71236559139783,225.11038616909562
2024-08-31,Ford Rouge Electric Vehicle Center,DeepNPTS,42,227.54973118279568,227.32850206835613
2024-08-31,BMW San Luis Potosi,DeepNPTS,42,270.51747311827955,250.24851096437504
2024-09-30,BYD Camacari,DeepNPTS,42,248.18888888888887,249.43150532477966
2024-09-30,Tesla Gigafactory Nevada,DeepNPTS,42,247.60833333333332,235.83353972775748
2024-09-30,Tesla Gigafactory Texas,DeepNPTS,42,242.84305555555554,247.34075914675833
2024-09-30,Hyundai Metaplant Georgia,DeepNPTS,42,181.27916666666667,217.72336414119889
2024-09-30,Rivian Normal,DeepNPTS,42,206.58333333333334,190.73354873774196
2024-09-30,Tesla Fremont Factory,DeepNPTS,42,249.20416666666668,234.87581840995233
2024-09-30,Lucid AMP 1 Casa Grande,DeepNPTS,42,274.7944444444445,257.59233397398424
2024-09-30,GM Factory Zero,DeepNPTS,42,188.0097222222222,164.96370267908634
2024-09-30,Ford Rouge Electric Vehicle Center,DeepNPTS,42,189.1625,163.47885800972847
2024-09-30,BMW San Luis Potosi,DeepNPTS,42,214.35277777777776,278.00879642223157
2024-10-31,BYD Camacari,DeepNPTS,42,267.252688172043,290.66308898687043
2024-10-31,Tesla Gigafactory Nevada,DeepNPTS,42,177.8709677419355,181.7122409741591
2024-10-31,Tesla Gigafactory Texas,DeepNPTS,42,215.73655913978493,171.81402984493843
2024-10-31,Hyundai Metaplant Georgia,DeepNPTS,42,191.76209677419354,182.78764684794731
2024-10-31,Rivian Normal,DeepNPTS,42,167.65994623655914,125.25777939687013
2024-10-31,Tesla Fremont Factory,DeepNPTS,42,190.11021505376343,186.54891024900326
2024-10-31,Lucid AMP 1 Casa Grande,DeepNPTS,42,219.50134408602148,222.96616023995625
2024-10-31,GM Factory Zero,DeepNPTS,42,146.7271505376344,104.81701918907703
2024-10-31,Ford Rouge Electric Vehicle Center,DeepNPTS,42,147.20833333333331,103.88585474021652
2024-10-31,BMW San Luis Potosi,DeepNPTS,42,225.2016129032258,193.1856967790393
2024-11-30,BYD Camacari,DeepNPTS,42,253.79722222222225,291.8757820840004
2024-11-30,Tesla Gigafactory Nevada,DeepNPTS,42,117.06805555555555,118.93152065450413
2024-11-30,Tesla Gigafactory Texas,DeepNPTS,42,151.6361111111111,119.78450168565077
2024-11-30,Hyundai Metaplant Georgia,DeepNPTS,42,128.38888888888889,126.58670933288272
2024-11-30,Rivian Normal,DeepNPTS,42,75.10833333333333,109.85171730880455
2024-11-30,Tesla Fremont Factory,DeepNPTS,42,119.65277777777779,129.4353058742139
2024-11-30,Lucid AMP 1 Casa Grande,DeepNPTS,42,163.96944444444443,163.3322028590827
2024-11-30,GM Factory Zero,DeepNPTS,42,64.27777777777777,81.187965541596
2024-11-30,Ford Rouge Electric Vehicle Center,DeepNPTS,42,66.01666666666667,80.47431831687061
2024-11-30,BMW San Luis Potosi,DeepNPTS,42,215.38194444444443,191.6434593466261
2024-12-31,BYD Camacari,DeepNPTS,42,302.8521505376344,278.53614883573465
2024-12-31,Tesla Gigafactory Nevada,DeepNPTS,42,95.06854838709677,90.78844153351321
2024-12-31,Tesla Gigafactory Texas,DeepNPTS,42,115.30107526881721,133.2114764895811
2024-12-31,Hyundai Metaplant Georgia,DeepNPTS,42,124.73924731182795,108.3593789461239
2024-12-31,Rivian Normal,DeepNPTS,42,61.30510752688172,55.93049908947621
2024-12-31,Tesla Fremont Factory,DeepNPTS,42,91.68279569892472,89.89511679113411
2024-12-31,Lucid AMP 1 Casa Grande,DeepNPTS,42,143.70698924731184,134.47706354140976
2024-12-31,GM Factory Zero,DeepNPTS,42,45.26478494623656,38.226052682991984
2024-12-31,Ford Rouge Electric Vehicle Center,DeepNPTS,42,43.62231182795699,37.9078912939651
2024-12-31,BMW San Luis Potosi,DeepNPTS,42,187.47311827956986,134.58064516129033
2024-01-31,BYD Camacari,DeepNPTS,67,263.2258064516129,278.53614883573465
2024-01-31,Tesla Gigafactory Nevada,DeepNPTS,67,93.5994623655914,95.11814617123756
2024-01-31,Tesla Gigafactory Texas,DeepNPTS,67,133.8051075268817,133.2114764895811
2024-01-31,Hyundai Metaplant Georgia,DeepNPTS,67,128.3319892473118,122.02987745482355
2024-01-31,Rivian Normal,DeepNPTS,67,66.06854838709677,109.85171730880455
2024-01-31,Tesla Fremont Factory,DeepNPTS,67,90.82392473118279,103.07517981882737
2024-01-31,Lucid AMP 1 Casa Grande,DeepNPTS,67,137.9798387096774,163.3322028590827
2024-01-31,GM Factory Zero,DeepNPTS,67,42.969086021505376,44.67033976422602
2024-01-31,Ford Rouge Electric Vehicle Center,DeepNPTS,67,41.924731182795696,80.47431831687061
2024-01-31,BMW San Luis Potosi,DeepNPTS,67,183.4516129032258,191.6434593466261
2024-02-29,BYD Camacari,DeepNPTS,67,250.05172413793105,262.7711385730454
2024-02-29,Tesla Gigafactory Nevada,DeepNPTS,67,140.06896551724137,92.95329385237538
2024-02-29,Tesla Gigafactory Texas,DeepNPTS,67,158.33908045977012,133.2114764895811
2024-02-29,Hyundai Metaplant Georgia,DeepNPTS,67,153.75574712643677,128.10565281314877
2024-02-29,Rivian Normal,DeepNPTS,67,147.78735632183907,65.55928789451718
2024-02-29,Tesla Fremont Factory,DeepNPTS,67,126.60632183908045,89.89511679113411
2024-02-29,Lucid AMP 1 Casa Grande,DeepNPTS,67,176.53879310344828,138.32441557178134
2024-02-29,GM Factory Zero,DeepNPTS,67,114.36637931034483,42.52224407048134
2024-02-29,Ford Rouge Electric Vehicle Center,DeepNPTS,67,114.98132183908045,42.16453409694906
2024-02-29,BMW San Luis Potosi,DeepNPTS,67,230.89511494252872,183.9322663473506
2024-03-31,BYD Camacari,DeepNPTS,67,266.5255376344086,250.6441984219096
2024-03-31,Tesla Gigafactory Nevada,DeepNPTS,67,192.7016129032258,140.5800458915605
2024-03-31,Tesla Gigafactory Texas,DeepNPTS,67,188.81854838709677,158.38705504100813
2024-03-31,Hyundai Metaplant Georgia,DeepNPTS,67,187.87231182795696,153.92770347575987
2024-03-31,Rivian Normal,DeepNPTS,67,173.11693548387098,141.62671990989037
2024-03-31,Tesla Fremont Factory,DeepNPTS,67,189.37231182795696,127.23862974220572
2024-03-31,Lucid AMP 1 Casa Grande,DeepNPTS,67,233.08602150537632,176.79793587549722
2024-03-31,GM Factory Zero,DeepNPTS,67,134.98387096774192,113.40940602921404
2024-03-31,Ford Rouge Electric Vehicle Center,DeepNPTS,67,135.19220430107526,114.52746476847877
2024-03-31,BMW San Luis Potosi,DeepNPTS,67,295.6760752688172,230.1994126685845
2024-04-30,BYD Camacari,DeepNPTS,67,184.0097222222222,250.6441984219096
2024-04-30,Tesla Gigafactory Nevada,DeepNPTS,67,278.4597222222222,192.53649744738334
2024-04-30,Tesla Gigafactory Texas,DeepNPTS,67,216.54722222222225,188.59774676173606
2024-04-30,Hyundai Metaplant Georgia,DeepNPTS,67,263.20138888888886,187.34447728874542
2024-04-30,Rivian Normal,DeepNPTS,67,193.85833333333332,173.40172251097619
2024-04-30,Tesla Fremont Factory,DeepNPTS,67,268.85,188.74558638101144
2024-04-30,Lucid AMP 1 Casa Grande,DeepNPTS,67,319.31111111111113,232.58454304622705
2024-04-30,GM Factory Zero,DeepNPTS,67,204.275,134.89036093408168
2024-04-30,Ford Rouge Electric Vehicle Center,DeepNPTS,67,201.80972222222223,135.81067676953035
2024-04-30,BMW San Luis Potosi,DeepNPTS,67,316.1097222222222,294.9734198531957
2024-05-31,BYD Camacari,DeepNPTS,67,190.63709677419354,183.94604595033553
2024-05-31,Tesla Gigafactory Nevada,DeepNPTS,67,338.80779569892474,279.1305983956089
2024-05-31,Tesla Gigafactory Texas,DeepNPTS,67,229.73655913978493,217.13006742603037
2024-05-31,Hyundai Metaplant Georgia,DeepNPTS,67,257.39381720430106,222.28019458199702
2024-05-31,Rivian Normal,DeepNPTS,67,264.4139784946237,194.58506243756062
2024-05-31,Tesla Fremont Factory,DeepNPTS,67,329.3817204301075,267.8259603900748
2024-05-31,Lucid AMP 1 Casa Grande,DeepNPTS,67,350.38440860215053,319.14996645992966
2024-05-31,GM Factory Zero,DeepNPTS,67,249.9543010752688,203.62942313391142
2024-05-31,Ford Rouge Electric Vehicle Center,DeepNPTS,67,252.0793010752688,201.78864122271588
2024-05-31,BMW San Luis Potosi,DeepNPTS,67,320.3938172043011,294.9734198531957
2024-06-30,BYD Camacari,DeepNPTS,67,180.60694444444442,191.22220912303337
2024-06-30,Tesla Gigafactory Nevada,DeepNPTS,67,351.66805555555555,322.42764067598307
2024-06-30,Tesla Gigafactory Texas,DeepNPTS,67,297.1555555555555,230.55704858242186
2024-06-30,Hyundai Metaplant Georgia,DeepNPTS,67,283.19305555555553,257.21590612620435
2024-06-30,Rivian Normal,DeepNPTS,67,280.38194444444446,263.9123381894603
2024-06-30,Tesla Fremont Factory,DeepNPTS,67,351.7125,327.1362492110647
2024-06-30,Lucid AMP 1 Casa Grande,DeepNPTS,67,331.58194444444445,328.7683419852888
2024-06-30,GM Factory Zero,DeepNPTS,67,248.35,250.88752229855695
2024-06-30,Ford Rouge Electric Vehicle Center,DeepNPTS,67,250.30694444444444,252.86834680305049
2024-06-30,BMW San Luis Potosi,DeepNPTS,67,274.2277777777778,319.64923044622583
2024-07-31,BYD Camacari,DeepNPTS,67,203.36559139784944,191.22220912303337
2024-07-31,Tesla Gigafactory Nevada,DeepNPTS,67,329.9233870967742,352.7355751884881
2024-07-31,Tesla Gigafactory Texas,DeepNPTS,67,269.8413978494624,297.69191624961235
2024-07-31,Hyundai Metaplant Georgia,DeepNPTS,67,245.24059139784944,257.21590612620435
2024-07-31,Rivian Normal,DeepNPTS,67,270.79569892473114,263.9123381894603
2024-07-31,Tesla Fremont Factory,DeepNPTS,67,339.43817204301075,349.10302715953105
2024-07-31,Lucid AMP 1 Casa Grande,DeepNPTS,67,324.9180107526882,330.69201709036065
2024-07-31,GM Factory Zero,DeepNPTS,67,255.46505376344084,248.7394276211018
2024-07-31,Ford Rouge Electric Vehicle Center,DeepNPTS,67,255.49193548387098,250.7400264084926
2024-07-31,BMW San Luis Potosi,DeepNPTS,67,240.14650537634407,274.92432155740516
2024-08-31,BYD Camacari,DeepNPTS,67,224.1491935483871,203.34914468425097
2024-08-31,Tesla Gigafactory Nevada,DeepNPTS,67,303.0147849462366,328.92219455991756
2024-08-31,Tesla Gigafactory Texas,DeepNPTS,67,286.88440860215053,269.1595955853181
2024-08-31,Hyundai Metaplant Georgia,DeepNPTS,67,234.99193548387098,245.06435828407606
2024-08-31,Rivian Normal,DeepNPTS,67,251.71774193548387,271.6153655890977
2024-08-31,Tesla Fremont Factory,DeepNPTS,67,300.78629032258067,340.3163226314984
2024-08-31,Lucid AMP 1 Casa Grande,DeepNPTS,67,283.14516129032256,324.9209917751451
2024-08-31,GM Factory Zero,DeepNPTS,67,228.71236559139783,248.7394276211018
2024-08-31,Ford Rouge Electric Vehicle Center,DeepNPTS,67,227.54973118279568,250.7400264084926
2024-08-31,BMW San Luis Potosi,DeepNPTS,67,270.51747311827955,250.24851096437504
2024-09-30,BYD Camacari,DeepNPTS,67,248.18888888888887,223.96493651529636
2024-09-30,Tesla Gigafactory Nevada,DeepNPTS,67,247.60833333333332,302.94396263670217
2024-09-30,Tesla Gigafactory Texas,DeepNPTS,67,242.84305555555554,269.1595955853181
2024-09-30,Hyundai Metaplant Georgia,DeepNPTS,67,181.27916666666667,234.4317424241253
2024-09-30,Rivian Normal,DeepNPTS,67,206.58333333333334,252.35779709000423
2024-09-30,Tesla Fremont Factory,DeepNPTS,67,249.20416666666668,300.776118998582
2024-09-30,Lucid AMP 1 Casa Grande,DeepNPTS,67,274.7944444444445,282.60011033991816
2024-09-30,GM Factory Zero,DeepNPTS,67,188.0097222222222,229.40657552400583
2024-09-30,Ford Rouge Electric Vehicle Center,DeepNPTS,67,189.1625,227.32850206835613
2024-09-30,BMW San Luis Potosi,DeepNPTS,67,214.35277777777776,270.2976092601656
2024-10-31,BYD Camacari,DeepNPTS,67,267.252688172043,248.21881222764972
2024-10-31,Tesla Gigafactory Nevada,DeepNPTS,67,177.8709677419355,246.65781258845897
2024-10-31,Tesla Gigafactory Texas,DeepNPTS,67,215.73655913978493,242.3056459774574
2024-10-31,Hyundai Metaplant Georgia,DeepNPTS,67,191.76209677419354,182.78764684794731
2024-10-31,Rivian Normal,DeepNPTS,67,167.65994623655914,206.13960353701668
2024-10-31,Tesla Fremont Factory,DeepNPTS,67,190.11021505376343,250.25255133400947
2024-10-31,Lucid AMP 1 Casa Grande,DeepNPTS,67,219.50134408602148,274.9054099196308
2024-10-31,GM Factory Zero,DeepNPTS,67,146.7271505376344,188.59274413109253
2024-10-31,Ford Rouge Electric Vehicle Center,DeepNPTS,67,147.20833333333331,189.0187188553687
2024-10-31,BMW San Luis Potosi,DeepNPTS,67,225.2016129032258,214.777032507243
2024-11-30,BYD Camacari,DeepNPTS,67,253.79722222222225,267.62191096156516
2024-11-30,Tesla Gigafactory Nevada,DeepNPTS,67,117.06805555555555,177.38253838486943
2024-11-30,Tesla Gigafactory Texas,DeepNPTS,67,151.6361111111111,215.45169636959673
2024-11-30,Hyundai Metaplant Georgia,DeepNPTS,67,128.38888888888889,181.26870336768127
2024-11-30,Rivian Normal,DeepNPTS,67,75.10833333333333,167.62445196124816
2024-11-30,Tesla Fremont Factory,DeepNPTS,67,119.65277777777779,190.94227082721193
2024-11-30,Lucid AMP 1 Casa Grande,DeepNPTS,67,163.96944444444443,219.11881002981255
2024-11-30,GM Factory Zero,DeepNPTS,67,64.27777777777777,147.7789371291289
2024-11-30,Ford Rouge Electric Vehicle Center,DeepNPTS,67,66.01666666666667,146.45228679779262
2024-11-30,BMW San Luis Potosi,DeepNPTS,67,215.38194444444443,214.777032507243
2024-12-31,BYD Camacari,DeepNPTS,67,302.8521505376344,266.4092178644352
2024-12-31,Tesla Gigafactory Nevada,DeepNPTS,67,95.06854838709677,116.76666935985928
2024-12-31,Tesla Gigafactory Texas,DeepNPTS,67,115.30107526881721,151.67356763904294
2024-12-31,Hyundai Metaplant Georgia,DeepNPTS,67,124.73924731182795,128.10565281314877
2024-12-31,Rivian Normal,DeepNPTS,67,61.30510752688172,75.18807761065702
2024-12-31,Tesla Fremont Factory,DeepNPTS,67,91.68279569892472,120.64859718908505
2024-12-31,Lucid AMP 1 Casa Grande,DeepNPTS,67,143.70698924731184,163.3322028590827
2024-12-31,GM Factory Zero,DeepNPTS,67,45.26478494623656,64.0032020242177
2024-12-31,Ford Rouge Electric Vehicle Center,DeepNPTS,67,43.62231182795699,65.57606951336085
2024-12-31,BMW San Luis Potosi,DeepNPTS,67,187.47311827956986,214.777032507243
2024-01-31,BYD Camacari,DeepNPTS,89,263.2258064516129,278.53614883573465
2024-01-31,Tesla Gigafactory Nevada,DeepNPTS,89,93.5994623655914,90.78844153351321
2024-01-31,Tesla Gigafactory Texas,DeepNPTS,89,133.8051075268817,133.2114764895811
2024-01-31,Hyundai Metaplant Georgia,DeepNPTS,89,128.3319892473118,126.58670933288272
2024-01-31,Rivian Normal,DeepNPTS,89,66.06854838709677,55.93049908947621
2024-01-31,Tesla Fremont Factory,DeepNPTS,89,90.82392473118279,89.89511679113411
2024-01-31,Lucid AMP 1 Casa Grande,DeepNPTS,89,137.9798387096774,134.47706354140976
2024-01-31,GM Factory Zero,DeepNPTS,89,42.969086021505376,38.226052682991984
2024-01-31,Ford Rouge Electric Vehicle Center,DeepNPTS,89,41.924731182795696,37.9078912939651
2024-01-31,BMW San Luis Potosi,DeepNPTS,89,183.4516129032258,134.58064516129033
2024-02-29,BYD Camacari,DeepNPTS,89,250.05172413793105,262.7711385730454
2024-02-29,Tesla Gigafactory Nevada,DeepNPTS,89,140.06896551724137,92.95329385237538
2024-02-29,Tesla Gigafactory Texas,DeepNPTS,89,158.33908045977012,133.2114764895811
2024-02-29,Hyundai Metaplant Georgia,DeepNPTS,89,153.75574712643677,128.10565281314877
2024-02-29,Rivian Normal,DeepNPTS,89,147.78735632183907,65.55928789451718
2024-02-29,Tesla Fremont Factory,DeepNPTS,89,126.60632183908045,89.89511679113411
2024-02-29,Lucid AMP 1 Casa Grande,DeepNPTS,89,176.53879310344828,138.32441557178134
2024-02-29,GM Factory Zero,DeepNPTS,89,114.36637931034483,42.52224407048134
2024-02-29,Ford Rouge Electric Vehicle Center,DeepNPTS,89,114.98132183908045,42.16453409694906
2024-02-29,BMW San Luis Potosi,DeepNPTS,89,230.89511494252872,191.6434593466261
2024-03-31,BYD Camacari,DeepNPTS,89,266.5255376344086,250.6441984219096
2024-03-31,Tesla Gigafactory Nevada,DeepNPTS,89,192.7016129032258,140.5800458915605
2024-03-31,Tesla Gigafactory Texas,DeepNPTS,89,188.81854838709677,158.38705504100813
2024-03-31,Hyundai Metaplant Georgia,DeepNPTS,89,187.87231182795696,153.92770347575987
2024-03-31,Rivian Normal,DeepNPTS,89,173.11693548387098,148.36686888457308
2024-03-31,Tesla Fremont Factory,DeepNPTS,89,189.37231182795696,127.23862974220572
2024-03-31,Lucid AMP 1 Casa Grande,DeepNPTS,89,233.08602150537632,176.79793587549722
2024-03-31,GM Factory Zero,DeepNPTS,89,134.98387096774192,113.40940602921404
2024-03-31,Ford Rouge Electric Vehicle Center,DeepNPTS,89,135.19220430107526,114.52746476847877
2024-03-31,BMW San Luis Potosi,DeepNPTS,89,295.6760752688172,230.1994126685845
2024-04-30,BYD Camacari,DeepNPTS,89,184.0097222222222,266.4092178644352
2024-04-30,Tesla Gigafactory Nevada,DeepNPTS,89,278.4597222222222,192.53649744738334
2024-04-30,Tesla Gigafactory Texas,DeepNPTS,89,216.54722222222225,188.59774676173606
2024-04-30,Hyundai Metaplant Georgia,DeepNPTS,89,263.20138888888886,187.34447728874542
2024-04-30,Rivian Normal,DeepNPTS,89,193.85833333333332,173.40172251097619
2024-04-30,Tesla Fremont Factory,DeepNPTS,89,268.85,188.74558638101144
2024-04-30,Lucid AMP 1 Casa Grande,DeepNPTS,89,319.31111111111113,232.58454304622705
2024-04-30,GM Factory Zero,DeepNPTS,89,204.275,134.89036093408168
2024-04-30,Ford Rouge Electric Vehicle Center,DeepNPTS,89,201.80972222222223,135.81067676953035
2024-04-30,BMW San Luis Potosi,DeepNPTS,89,316.1097222222222,294.9734198531957
2024-05-31,BYD Camacari,DeepNPTS,89,190.63709677419354,183.94604595033553
2024-05-31,Tesla Gigafactory Nevada,DeepNPTS,89,338.80779569892474,279.1305983956089
2024-05-31,Tesla Gigafactory Texas,DeepNPTS,89,229.73655913978493,217.13006742603037
2024-05-31,Hyundai Metaplant Georgia,DeepNPTS,89,257.39381720430106,263.291691545357
2024-05-31,Rivian Normal,DeepNPTS,89,264.4139784946237,194.58506243756062
2024-05-31,Tesla Fremont Factory,DeepNPTS,89,329.3817204301075,267.8259603900748
2024-05-31,Lucid AMP 1 Casa Grande,DeepNPTS,89,350.38440860215053,319.14996645992966
2024-05-31,GM Factory Zero,DeepNPTS,89,249.9543010752688,203.62942313391142
2024-05-31,Ford Rouge Electric Vehicle Center,DeepNPTS,89,252.0793010752688,201.78864122271588
2024-05-31,BMW San Luis Potosi,DeepNPTS,89,320.3938172043011,316.56474390698054
2024-06-30,BYD Camacari,DeepNPTS,89,180.60694444444442,191.22220912303337
2024-06-30,Tesla Gigafactory Nevada,DeepNPTS,89,351.66805555555555,339.7464510331418
2024-06-30,Tesla Gigafactory Texas,DeepNPTS,89,297.1555555555555,230.55704858242186
2024-06-30,Hyundai Metaplant Georgia,DeepNPTS,89,283.19305555555553,257.21590612620435
2024-06-30,Rivian Normal,DeepNPTS,89,280.38194444444446,263.9123381894603
2024-06-30,Tesla Fremont Factory,DeepNPTS,89,351.7125,329.3329253430729
2024-06-30,Lucid AMP 1 Casa Grande,DeepNPTS,89,331.58194444444445,349.9287827029023
2024-06-30,GM Factory Zero,DeepNPTS,89,248.35,250.88752229855695
2024-06-30,Ford Rouge Electric Vehicle Center,DeepNPTS,89,250.30694444444444,252.86834680305049
2024-06-30,BMW San Luis Potosi,DeepNPTS,89,274.2277777777778,319.64923044622583
2024-07-31,BYD Camacari,DeepNPTS,89,203.36559139784944,183.94604595033553
2024-07-31,Tesla Gigafactory Nevada,DeepNPTS,89,329.9233870967742,352.7355751884881
2024-07-31,Tesla Gigafactory Texas,DeepNPTS,89,269.8413978494624,297.69191624961235
2024-07-31,Hyundai Metaplant Georgia,DeepNPTS,89,245.24059139784944,283.03795678881545
2024-07-31,Rivian Normal,DeepNPTS,89,270.79569892473114,281.244164416226
2024-07-31,Tesla Fremont Factory,DeepNPTS,89,339.43817204301075,351.2997032915392
2024-07-31,Lucid AMP 1 Casa Grande,DeepNPTS,89,324.9180107526882,330.69201709036065
2024-07-31,GM Factory Zero,DeepNPTS,89,255.46505376344084,248.7394276211018
2024-07-31,Ford Rouge Electric Vehicle Center,DeepNPTS,89,255.49193548387098,250.7400264084926
2024-07-31,BMW San Luis Potosi,DeepNPTS,89,240.14650537634407,274.92432155740516
2024-08-31,BYD Camacari,DeepNPTS,89,224.1491935483871,203.34914468425097
2024-08-31,Tesla Gigafactory Nevada,DeepNPTS,89,303.0147849462366,328.92219455991756
2024-08-31,Tesla Gigafactory Texas,DeepNPTS,89,286.88440860215053,269.1595955853181
2024-08-31,Hyundai Metaplant Georgia,DeepNPTS,89,234.99193548387098,245.06435828407606
2024-08-31,Rivian Normal,DeepNPTS,89,251.71774193548387,271.6153655890977
2024-08-31,Tesla Fremont Factory,DeepNPTS,89,300.78629032258067,340.3163226314984
2024-08-31,Lucid AMP 1 Casa Grande,DeepNPTS,89,283.14516129032256,324.9209917751451
2024-08-31,GM Factory Zero,DeepNPTS,89,228.71236559139783,255.18371165346716
2024-08-31,Ford Rouge Electric Vehicle Center,DeepNPTS,89,227.54973118279568,252.86834680305049
2024-08-31,BMW San Luis Potosi,DeepNPTS,89,270.51747311827955,239.4528372630637
2024-09-30,BYD Camacari,DeepNPTS,89,248.18888888888887,223.96493651529636
2024-09-30,Tesla Gigafactory Nevada,DeepNPTS,89,247.60833333333332,302.94396263670217
2024-09-30,Tesla Gigafactory Texas,DeepNPTS,89,242.84305555555554,287.6216899110105
2024-09-30,Hyundai Metaplant Georgia,DeepNPTS,89,181.27916666666667,234.4317424241253
2024-09-30,Rivian Normal,DeepNPTS,89,206.58333333333334,252.35779709000423
2024-09-30,Tesla Fremont Factory,DeepNPTS,89,249.20416666666668,300.776118998582
2024-09-30,Lucid AMP 1 Casa Grande,DeepNPTS,89,274.7944444444445,282.60011033991816
2024-09-30,GM Factory Zero,DeepNPTS,89,188.0097222222222,229.40657552400583
2024-09-30,Ford Rouge Electric Vehicle Center,DeepNPTS,89,189.1625,227.32850206835613
2024-09-30,BMW San Luis Potosi,DeepNPTS,89,214.35277777777776,270.2976092601656
2024-10-31,BYD Camacari,DeepNPTS,89,267.252688172043,248.21881222764972
2024-10-31,Tesla Gigafactory Nevada,DeepNPTS,89,177.8709677419355,246.65781258845897
2024-10-31,Tesla Gigafactory Texas,DeepNPTS,89,215.73655913978493,242.3056459774574
2024-10-31,Hyundai Metaplant Georgia,DeepNPTS,89,191.76209677419354,181.26870336768127
2024-10-31,Rivian Normal,DeepNPTS,89,167.65994623655914,206.13960353701668
2024-10-31,Tesla Fremont Factory,DeepNPTS,89,190.11021505376343,250.25255133400947
2024-10-31,Lucid AMP 1 Casa Grande,DeepNPTS,89,219.50134408602148,274.9054099196308
2024-10-31,GM Factory Zero,DeepNPTS,89,146.7271505376344,188.59274413109253
2024-10-31,Ford Rouge Electric Vehicle Center,DeepNPTS,89,147.20833333333331,189.0187188553687
2024-10-31,BMW San Luis Potosi,DeepNPTS,89,225.2016129032258,214.777032507243
2024-11-30,BYD Camacari,DeepNPTS,89,253.79722222222225,267.62191096156516
2024-11-30,Tesla Gigafactory Nevada,DeepNPTS,89,117.06805555555555,177.38253838486943
2024-11-30,Tesla Gigafactory Texas,DeepNPTS,89,151.6361111111111,215.45169636959673
2024-11-30,Hyundai Metaplant Georgia,DeepNPTS,89,128.38888888888889,191.90130772954353
2024-11-30,Rivian Normal,DeepNPTS,89,75.10833333333333,167.62445196124816
2024-11-30,Tesla Fremont Factory,DeepNPTS,89,119.65277777777779,190.94227082721193
2024-11-30,Lucid AMP 1 Casa Grande,DeepNPTS,89,163.96944444444443,219.11881002981255
2024-11-30,GM Factory Zero,DeepNPTS,89,64.27777777777777,147.7789371291289
2024-11-30,Ford Rouge Electric Vehicle Center,DeepNPTS,89,66.01666666666667,146.45228679779262
2024-11-30,BMW San Luis Potosi,DeepNPTS,89,215.38194444444443,225.57269453413545
2024-12-31,BYD Camacari,DeepNPTS,89,302.8521505376344,254.28227771329944
2024-12-31,Tesla Gigafactory Nevada,DeepNPTS,89,95.06854838709677,116.76666935985928
2024-12-31,Tesla Gigafactory Texas,DeepNPTS,89,115.30107526881721,151.67356763904294
2024-12-31,Hyundai Metaplant Georgia,DeepNPTS,89,124.73924731182795,128.10565281314877
2024-12-31,Rivian Normal,DeepNPTS,89,61.30510752688172,75.18807761065702
2024-12-31,Tesla Fremont Factory,DeepNPTS,89,91.68279569892472,120.64859718908505
2024-12-31,Lucid AMP 1 Casa Grande,DeepNPTS,89,143.70698924731184,163.3322028590827
2024-12-31,GM Factory Zero,DeepNPTS,89,45.26478494623656,64.0032020242177
2024-12-31,Ford Rouge Electric Vehicle Center,DeepNPTS,89,43.62231182795699,65.57606951336085
2024-12-31,BMW San Luis Potosi,DeepNPTS,89,187.47311827956986,214.777032507243
2024-01-31,BYD Camacari,DeepAR,11,263.2258064516129,269.1073599453335
2024-01-31,Tesla Gigafactory Nevada,DeepAR,11,93.5994623655914,91.44117113986123
2024-01-31,Tesla Gigafactory Texas,DeepAR,11,133.8051075268817,132.1503296162012
2024-01-31,Hyundai Metaplant Georgia,DeepAR,11,128.3319892473118,112.817162696883
2024-01-31,Rivian Normal,DeepAR,11,66.06854838709677,70.74324813667906
2024-01-31,Tesla Fremont Factory,DeepAR,11,90.82392473118279,85.87515386621413
2024-01-31,Lucid AMP 1 Casa Grande,DeepAR,11,137.9798387096774,127.56346296332877
2024-01-31,GM Factory Zero,DeepAR,11,42.969086021505376,66.86398703948191
2024-01-31,Ford Rouge Electric Vehicle Center,DeepAR,11,41.924731182795696,68.59697155237588
2024-01-31,BMW San Luis Potosi,DeepAR,11,183.4516129032258,188.0871103076685
2024-02-29,BYD Camacari,DeepAR,11,250.05172413793105,246.83626920902122
2024-02-29,Tesla Gigafactory Nevada,DeepAR,11,140.06896551724137,130.5669203797836
2024-02-29,Tesla Gigafactory Texas,DeepAR,11,158.33908045977012,160.8078191750633
2024-02-29,Hyundai Metaplant Georgia,DeepAR,11,153.75574712643677,137.8147838871365
2024-02-29,Rivian Normal,DeepAR,11,147.78735632183907,118.9559928808081
2024-02-29,Tesla Fremont Factory,DeepAR,11,126.60632183908045,127.6325499400326
2024-02-29,Lucid AMP 1 Casa Grande,DeepAR,11,176.53879310344828,179.02570917697483
2024-02-29,GM Factory Zero,DeepAR,11,114.36637931034483,110.85558416450857
2024-02-29,Ford Rouge Electric Vehicle Center,DeepAR,11,114.98132183908045,109.9976709474372
2024-02-29,BMW San Luis Potosi,DeepAR,11,230.89511494252872,243.10118072283686
2024-03-31,BYD Camacari,DeepAR,11,266.5255376344086,219.07730019907717
2024-03-31,Tesla Gigafactory Nevada,DeepAR,11,192.7016129032258,177.10660604293255
2024-03-31,Tesla Gigafactory Texas,DeepAR,11,188.81854838709677,181.155759114692
2024-03-31,Hyundai Metaplant Georgia,DeepAR,11,187.87231182795696,188.21834063662155
2024-03-31,Rivian Normal,DeepAR,11,173.11693548387098,159.37890528190522
2024-03-31,Tesla Fremont Factory,DeepAR,11,189.37231182795696,162.27619520978112
2024-03-31,Lucid AMP 1 Casa Grande,DeepAR,11,233.08602150537632,216.34936602526415
2024-03-31,GM Factory Zero,DeepAR,11,134.98387096774192,135.36469173245797
2024-03-31,Ford Rouge Electric Vehicle Center,DeepAR,11,135.19220430107526,140.1659044642235
2024-03-31,BMW San Luis Potosi,DeepAR,11,295.6760752688172,271.5223900570424
2024-04-30,BYD Camacari,DeepAR,11,184.0097222222222,186.77378207551297
2024-04-30,Tesla Gigafactory Nevada,DeepAR,11,278.4597222222222,269.78683577958884
2024-04-30,Tesla Gigafactory Texas,DeepAR,11,216.54722222222225,222.483616768032
2024-04-30,Hyundai Metaplant Georgia,DeepAR,11,263.20138888888886,240.6297927671062
2024-04-30,Rivian Normal,DeepAR,11,193.85833333333332,215.54723129493576
2024-04-30,Tesla Fremont Factory,DeepAR,11,268.85,272.16112162184413
2024-04-30,Lucid AMP 1 Casa Grande,DeepAR,11,319.31111111111113,313.12991940448046
2024-04-30,GM Factory Zero,DeepAR,11,204.275,178.02151954362841
2024-04-30,Ford Rouge Electric Vehicle Center,DeepAR,11,201.80972222222223,179.5322797576626
2024-04-30,BMW San Luis Potosi,DeepAR,11,316.1097222222222,301.5881806168184
2024-05-31,BYD Camacari,DeepAR,11,190.63709677419354,154.6924046505516
2024-05-31,Tesla Gigafactory Nevada,DeepAR,11,338.80779569892474,282.9404574315714
2024-05-31,Tesla Gigafactory Texas,DeepAR,11,229.73655913978493,229.86018359388717
2024-05-31,Hyundai Metaplant Georgia,DeepAR,11,257.39381720430106,257.37483270514394
2024-05-31,Rivian Normal,DeepAR,11,264.4139784946237,231.3253132674082
2024-05-31,Tesla Fremont Factory,DeepAR,11,329.3817204301075,303.61951458241697
2024-05-31,Lucid AMP 1 Casa Grande,DeepAR,11,350.38440860215053,343.5851573719293
2024-05-31,GM Factory Zero,DeepAR,11,249.9543010752688,253.99336826667778
2024-05-31,Ford Rouge Electric Vehicle Center,DeepAR,11,252.0793010752688,252.0288054132333
2024-05-31,BMW San Luis Potosi,DeepAR,11,320.3938172043011,312.78338795563866
2024-06-30,BYD Camacari,DeepAR,11,180.60694444444442,148.96259251686303
2024-06-30,Tesla Gigafactory Nevada,DeepAR,11,351.66805555555555,315.8004711324022
2024-06-30,Tesla Gigafactory Texas,DeepAR,11,297.1555555555555,294.71857692966216
2024-06-30,Hyundai Metaplant Georgia,DeepAR,11,283.19305555555553,271.46891935610324
2024-06-30,Rivian Normal,DeepAR,11,280.38194444444446,258.5835104960828
2024-06-30,Tesla Fremont Factory,DeepAR,11,351.7125,351.35694650585856
2024-06-30,Lucid AMP 1 Casa Grande,DeepAR,11,331.58194444444445,358.8317576923238
2024-06-30,GM Factory Zero,DeepAR,11,248.35,284.71798901965167
2024-06-30,Ford Rouge Electric Vehicle Center,DeepAR,11,250.30694444444444,289.7256235237897
2024-06-30,BMW San Luis Potosi,DeepAR,11,274.2277777777778,309.3586504779836
2024-07-31,BYD Camacari,DeepAR,11,203.36559139784944,181.43991735824935
2024-07-31,Tesla Gigafactory Nevada,DeepAR,11,329.9233870967742,353.88702488998786
2024-07-31,Tesla Gigafactory Texas,DeepAR,11,269.8413978494624,300.1661998688854
2024-07-31,Hyundai Metaplant Georgia,DeepAR,11,245.24059139784944,259.13180386403235
2024-07-31,Rivian Normal,DeepAR,11,270.79569892473114,249.8625815894495
2024-07-31,Tesla Fremont Factory,DeepAR,11,339.43817204301075,351.44597487752606
2024-07-31,Lucid AMP 1 Casa Grande,DeepAR,11,324.9180107526882,320.52528698503653
2024-07-31,GM Factory Zero,DeepAR,11,255.46505376344084,249.04434701333548
2024-07-31,Ford Rouge Electric Vehicle Center,DeepAR,11,255.49193548387098,252.78283795779132
2024-07-31,BMW San Luis Potosi,DeepAR,11,240.14650537634407,305.29003961276146
2024-08-31,BYD Camacari,DeepAR,11,224.1491935483871,222.69568644660296
2024-08-31,Tesla Gigafactory Nevada,DeepAR,11,303.0147849462366,276.34987293095145
2024-08-31,Tesla Gigafactory Texas,DeepAR,11,286.88440860215053,282.9042252092272
2024-08-31,Hyundai Metaplant Georgia,DeepAR,11,234.99193548387098,231.63669509224354
2024-08-31,Rivian Normal,DeepAR,11,251.71774193548387,241.65820200076348
2024-08-31,Tesla Fremont Factory,DeepAR,11,300.78629032258067,289.5700510106794
2024-08-31,Lucid AMP 1 Casa Grande,DeepAR,11,283.14516129032256,290.9272161842514
2024-08-31,GM Factory Zero,DeepAR,11,228.71236559139783,223.03370006197937
2024-08-31,Ford Rouge Electric Vehicle Center,DeepAR,11,227.54973118279568,223.87926938749953
2024-08-31,BMW San Luis Potosi,DeepAR,11,270.51747311827955,282.43972871476603
2024-09-30,BYD Camacari,DeepAR,11,248.18888888888887,256.5921632069894
2024-09-30,Tesla Gigafactory Nevada,DeepAR,11,247.60833333333332,233.85282632123318
2024-09-30,Tesla Gigafactory Texas,DeepAR,11,242.84305555555554,253.99339314710392
2024-09-30,Hyundai Metaplant Georgia,DeepAR,11,181.27916666666667,215.0926992312394
2024-09-30,Rivian Normal,DeepAR,11,206.58333333333334,204.36486314449422
2024-09-30,Tesla Fremont Factory,DeepAR,11,249.20416666666668,246.13427412384274
2024-09-30,Lucid AMP 1 Casa Grande,DeepAR,11,274.7944444444445,262.7982222078829
2024-09-30,GM Factory Zero,DeepAR,11,188.0097222222222,169.8025134263113
2024-09-30,Ford Rouge Electric Vehicle Center,DeepAR,11,189.1625,171.36858959408562
2024-09-30,BMW San Luis Potosi,DeepAR,11,214.35277777777776,254.91641644865115
2024-10-31,BYD Camacari,DeepAR,11,267.252688172043,253.9164153367922
2024-10-31,Tesla Gigafactory Nevada,DeepAR,11,177.8709677419355,174.89361243699628
2024-10-31,Tesla Gigafactory Texas,DeepAR,11,215.73655913978493,209.83260779891927
2024-10-31,Hyundai Metaplant Georgia,DeepAR,11,191.76209677419354,193.8066444731047
2024-10-31,Rivian Normal,DeepAR,11,167.65994623655914,148.39102758180792
2024-10-31,Tesla Fremont Factory,DeepAR,11,190.11021505376343,190.83484730497335
2024-10-31,Lucid AMP 1 Casa Grande,DeepAR,11,219.50134408602148,230.36946037375438
2024-10-31,GM Factory Zero,DeepAR,11,146.7271505376344,106.87531045497826
2024-10-31,Ford Rouge Electric Vehicle Center,DeepAR,11,147.20833333333331,109.66317146133603
2024-10-31,BMW San Luis Potosi,DeepAR,11,225.2016129032258,232.84142705766104
2024-11-30,BYD Camacari,DeepAR,11,253.79722222222225,242.8729253672464
2024-11-30,Tesla Gigafactory Nevada,DeepAR,11,117.06805555555555,121.47106956803744
2024-11-30,Tesla Gigafactory Texas,DeepAR,11,151.6361111111111,144.53478772719942
2024-11-30,Hyundai Metaplant Georgia,DeepAR,11,128.38888888888889,124.57679531872472
2024-11-30,Rivian Normal,DeepAR,11,75.10833333333333,101.64268747156346
2024-11-30,Tesla Fremont Factory,DeepAR,11,119.65277777777779,131.29306434787657
2024-11-30,Lucid AMP 1 Casa Grande,DeepAR,11,163.96944444444443,169.05652476652295
2024-11-30,GM Factory Zero,DeepAR,11,64.27777777777777,76.38060082624261
2024-11-30,Ford Rouge Electric Vehicle Center,DeepAR,11,66.01666666666667,73.76530358163092
2024-11-30,BMW San Luis Potosi,DeepAR,11,215.38194444444443,207.29514844371107
2024-12-31,BYD Camacari,DeepAR,11,302.8521505376344,249.24603591178374
2024-12-31,Tesla Gigafactory Nevada,DeepAR,11,95.06854838709677,78.70244853308631
2024-12-31,Tesla Gigafactory Texas,DeepAR,11,115.30107526881721,92.71248717348702
2024-12-31,Hyundai Metaplant Georgia,DeepAR,11,124.73924731182795,108.99106667995933
2024-12-31,Rivian Normal,DeepAR,11,61.30510752688172,53.46917077195355
2024-12-31,Tesla Fremont Factory,DeepAR,11,91.68279569892472,87.72617056915622
2024-12-31,Lucid AMP 1 Casa Grande,DeepAR,11,143.70698924731184,136.80777528190094
2024-12-31,GM Factory Zero,DeepAR,11,45.26478494623656,36.192722096319116
2024-12-31,Ford Rouge Electric Vehicle Center,DeepAR,11,43.62231182795699,34.532018798239875
2024-12-31,BMW San Luis Potosi,DeepAR,11,187.47311827956986,212.53384545333284
2024-01-31,BYD Camacari,DeepAR,23,263.2258064516129,273.5089078637301
2024-01-31,Tesla Gigafactory Nevada,DeepAR,23,93.5994623655914,96.01040129037673
2024-01-31,Tesla Gigafactory Texas,DeepAR,23,133.8051075268817,136.34857272937575
2024-01-31,Hyundai Metaplant Georgia,DeepAR,23,128.3319892473118,113.62052228142036
2024-01-31,Rivian Normal,DeepAR,23,66.06854838709677,77.38300859514044
2024-01-31,Tesla Fremont Factory,DeepAR,23,90.82392473118279,96.30650852890717
2024-01-31,Lucid AMP 1 Casa Grande,DeepAR,23,137.9798387096774,130.51207837208815
2024-01-31,GM Factory Zero,DeepAR,23,42.969086021505376,69.08476776326522
2024-01-31,Ford Rouge Electric Vehicle Center,DeepAR,23,41.924731182795696,67.87468562667478
2024-01-31,BMW San Luis Potosi,DeepAR,23,183.4516129032258,170.2451849428296
2024-02-29,BYD Camacari,DeepAR,23,250.05172413793105,253.29690949286345
2024-02-29,Tesla Gigafactory Nevada,DeepAR,23,140.06896551724137,134.24630027344637
2024-02-29,Tesla Gigafactory Texas,DeepAR,23,158.33908045977012,158.32774687556412
2024-02-29,Hyundai Metaplant Georgia,DeepAR,23,153.75574712643677,140.9923079459257
2024-02-29,Rivian Normal,DeepAR,23,147.78735632183907,121.87264262326062
2024-02-29,Tesla Fremont Factory,DeepAR,23,126.60632183908045,136.75587740932258
2024-02-29,Lucid AMP 1 Casa Grande,DeepAR,23,176.53879310344828,175.90317554175954
2024-02-29,GM Factory Zero,DeepAR,23,114.36637931034483,118.93879366949682
2024-02-29,Ford Rouge Electric Vehicle Center,DeepAR,23,114.98132183908045,118.24857771653667
2024-02-29,BMW San Luis Potosi,DeepAR,23,230.89511494252872,207.0087194949669
2024-03-31,BYD Camacari,DeepAR,23,266.5255376344086,223.89970459841112
2024-03-31,Tesla Gigafactory Nevada,DeepAR,23,192.7016129032258,178.74348149866495
2024-03-31,Tesla Gigafactory Texas,DeepAR,23,188.81854838709677,183.31644396043274
2024-03-31,Hyundai Metaplant Georgia,DeepAR,23,187.87231182795696,169.87899587191242
2024-03-31,Rivian Normal,DeepAR,23,173.11693548387098,139.23024930322285
2024-03-31,Tesla Fremont Factory,DeepAR,23,189.37231182795696,157.07170618315058
2024-03-31,Lucid AMP 1 Casa Grande,DeepAR,23,233.08602150537632,200.59531892700704
2024-03-31,GM Factory Zero,DeepAR,23,134.98387096774192,143.58420192940181
2024-03-31,Ford Rouge Electric Vehicle Center,DeepAR,23,135.19220430107526,142.86868882829515
2024-03-31,BMW San Luis Potosi,DeepAR,23,295.6760752688172,248.35326245371053
2024-04-30,BYD Camacari,DeepAR,23,184.0097222222222,180.19635476653656
2024-04-30,Tesla Gigafactory Nevada,DeepAR,23,278.4597222222222,267.01463999684006
2024-04-30,Tesla Gigafactory Texas,DeepAR,23,216.54722222222225,203.11935861424735
2024-04-30,Hyundai Metaplant Georgia,DeepAR,23,263.20138888888886,225.43213108213996
2024-04-30,Rivian Normal,DeepAR,23,193.85833333333332,191.66290601362948
2024-04-30,Tesla Fremont Factory,DeepAR,23,268.85,240.30154393787987
2024-04-30,Lucid AMP 1 Casa Grande,DeepAR,23,319.31111111111113,280.34064687048635
2024-04-30,GM Factory Zero,DeepAR,23,204.275,175.4957554013685
2024-04-30,Ford Rouge Electric Vehicle Center,DeepAR,23,201.80972222222223,172.37837534901888
2024-04-30,BMW San Luis Potosi,DeepAR,23,316.1097222222222,298.43032619208896
2024-05-31,BYD Camacari,DeepAR,23,190.63709677419354,157.36110872655772
2024-05-31,Tesla Gigafactory Nevada,DeepAR,23,338.80779569892474,293.10623229393286
2024-05-31,Tesla Gigafactory Texas,DeepAR,23,229.73655913978493,260.8096030221511
2024-05-31,Hyundai Metaplant Georgia,DeepAR,23,257.39381720430106,237.39608186170938
2024-05-31,Rivian Normal,DeepAR,23,264.4139784946237,223.46457830039407
2024-05-31,Tesla Fremont Factory,DeepAR,23,329.3817204301075,290.64193331663057
2024-05-31,Lucid AMP 1 Casa Grande,DeepAR,23,350.38440860215053,325.71038821617606
2024-05-31,GM Factory Zero,DeepAR,23,249.9543010752688,259.4065736833306
2024-05-31,Ford Rouge Electric Vehicle Center,DeepAR,23,252.0793010752688,259.34423010979896
2024-05-31,BMW San Luis Potosi,DeepAR,23,320.3938172043011,326.798644571535
2024-06-30,BYD Camacari,DeepAR,23,180.60694444444442,172.60914374121353
2024-06-30,Tesla Gigafactory Nevada,DeepAR,23,351.66805555555555,317.34135284327294
2024-06-30,Tesla Gigafactory Texas,DeepAR,23,297.1555555555555,317.0971287204534
2024-06-30,Hyundai Metaplant Georgia,DeepAR,23,283.19305555555553,280.18412547959116
2024-06-30,Rivian Normal,DeepAR,23,280.38194444444446,263.189603556268
2024-06-30,Tesla Fremont Factory,DeepAR,23,351.7125,355.61477743459454
2024-06-30,Lucid AMP 1 Casa Grande,DeepAR,23,331.58194444444445,338.97923810067834
2024-06-30,GM Factory Zero,DeepAR,23,248.35,268.16201402206093
2024-06-30,Ford Rouge Electric Vehicle Center,DeepAR,23,250.30694444444444,266.1608840883325
2024-06-30,BMW San Luis Potosi,DeepAR,23,274.2277777777778,309.62547515881477
2024-07-31,BYD Camacari,DeepAR,23,203.36559139784944,203.07179199457568
2024-07-31,Tesla Gigafactory Nevada,DeepAR,23,329.9233870967742,352.45459550355815
2024-07-31,Tesla Gigafactory Texas,DeepAR,23,269.8413978494624,311.0435572167238
2024-07-31,Hyundai Metaplant Georgia,DeepAR,23,245.24059139784944,263.0472249371871
2024-07-31,Rivian Normal,DeepAR,23,270.79569892473114,260.9024393014129
2024-07-31,Tesla Fremont Factory,DeepAR,23,339.43817204301075,338.81241826273526
2024-07-31,Lucid AMP 1 Casa Grande,DeepAR,23,324.9180107526882,331.71320135375106
2024-07-31,GM Factory Zero,DeepAR,23,255.46505376344084,256.4209669668027
2024-07-31,Ford Rouge Electric Vehicle Center,DeepAR,23,255.49193548387098,255.56593941481225
2024-07-31,BMW San Luis Potosi,DeepAR,23,240.14650537634407,291.77430219491646
2024-08-31,BYD Camacari,DeepAR,23,224.1491935483871,219.62084289746338
2024-08-31,Tesla Gigafactory Nevada,DeepAR,23,303.0147849462366,279.67582615119636
2024-08-31,Tesla Gigafactory Texas,DeepAR,23,286.88440860215053,281.89313572973657
2024-08-31,Hyundai Metaplant Georgia,DeepAR,23,234.99193548387098,235.22439764760514
2024-08-31,Rivian Normal,DeepAR,23,251.71774193548387,249.71243978696327
2024-08-31,Tesla Fremont Factory,DeepAR,23,300.78629032258067,294.0461793737172
2024-08-31,Lucid AMP 1 Casa Grande,DeepAR,23,283.14516129032256,288.7034073391669
2024-08-31,GM Factory Zero,DeepAR,23,228.71236559139783,220.96613617004246
2024-08-31,Ford Rouge Electric Vehicle Center,DeepAR,23,227.54973118279568,219.90779234046335
2024-08-31,BMW San Luis Potosi,DeepAR,23,270.51747311827955,273.15126335200284
2024-09-30,BYD Camacari,DeepAR,23,248.18888888888887,254.25211277115412
2024-09-30,Tesla Gigafactory Nevada,DeepAR,23,247.60833333333332,236.51121926821875
2024-09-30,Tesla Gigafactory Texas,DeepAR,23,242.84305555555554,243.55243717558602
2024-09-30,Hyundai Metaplant Georgia,DeepAR,23,181.27916666666667,213.7532294140227
2024-09-30,Rivian Normal,DeepAR,23,206.58333333333334,192.7866334748124
2024-09-30,Tesla Fremont Factory,DeepAR,23,249.20416666666668,245.0436765709151
2024-09-30,Lucid AMP 1 Casa Grande,DeepAR,23,274.7944444444445,258.638870371738
2024-09-30,GM Factory Zero,DeepAR,23,188.0097222222222,161.33697985028815
2024-09-30,Ford Rouge Electric Vehicle Center,DeepAR,23,189.1625,160.57532320451656
2024-09-30,BMW San Luis Potosi,DeepAR,23,214.35277777777776,240.95410332239925
2024-10-31,BYD Camacari,DeepAR,23,267.252688172043,259.5878742720972
2024-10-31,Tesla Gigafactory Nevada,DeepAR,23,177.8709677419355,176.7344259502366
2024-10-31,Tesla Gigafactory Texas,DeepAR,23,215.73655913978493,215.13063663043965
2024-10-31,Hyundai Metaplant Georgia,DeepAR,23,191.76209677419354,179.66929338972574
2024-10-31,Rivian Normal,DeepAR,23,167.65994623655914,130.0740338077028
2024-10-31,Tesla Fremont Factory,DeepAR,23,190.11021505376343,177.74163225200425
2024-10-31,Lucid AMP 1 Casa Grande,DeepAR,23,219.50134408602148,223.56122186815224
2024-10-31,GM Factory Zero,DeepAR,23,146.7271505376344,111.18908568460589
2024-10-31,Ford Rouge Electric Vehicle Center,DeepAR,23,147.20833333333331,110.05390620403205
2024-10-31,BMW San Luis Potosi,DeepAR,23,225.2016129032258,212.65286615386765
2024-11-30,BYD Camacari,DeepAR,23,253.79722222222225,240.7129741401602
2024-11-30,Tesla Gigafactory Nevada,DeepAR,23,117.06805555555555,117.52650137220986
2024-11-30,Tesla Gigafactory Texas,DeepAR,23,151.6361111111111,142.31981474844116
2024-11-30,Hyundai Metaplant Georgia,DeepAR,23,128.38888888888889,116.94973307587607
2024-11-30,Rivian Normal,DeepAR,23,75.10833333333333,96.29776248361875
2024-11-30,Tesla Fremont Factory,DeepAR,23,119.65277777777779,127.09927556425279
2024-11-30,Lucid AMP 1 Casa Grande,DeepAR,23,163.96944444444443,172.93947863463234
2024-11-30,GM Factory Zero,DeepAR,23,64.27777777777777,79.61686926744679
2024-11-30,Ford Rouge Electric Vehicle Center,DeepAR,23,66.01666666666667,79.26796895285773
2024-11-30,BMW San Luis Potosi,DeepAR,23,215.38194444444443,187.33005051040442
2024-12-31,BYD Camacari,DeepAR,23,302.8521505376344,261.81178141882026
2024-12-31,Tesla Gigafactory Nevada,DeepAR,23,95.06854838709677,80.73657884211475
2024-12-31,Tesla Gigafactory Texas,DeepAR,23,115.30107526881721,103.6914652394261
2024-12-31,Hyundai Metaplant Georgia,DeepAR,23,124.73924731182795,105.27969912883967
2024-12-31,Rivian Normal,DeepAR,23,61.30510752688172,50.79833999908654
2024-12-31,Tesla Fremont Factory,DeepAR,23,91.68279569892472,80.86438759985131
2024-12-31,Lucid AMP 1 Casa Grande,DeepAR,23,143.70698924731184,122.47383723676215
2024-12-31,GM Factory Zero,DeepAR,23,45.26478494623656,37.769598862776746
2024-12-31,Ford Rouge Electric Vehicle Center,DeepAR,23,43.62231182795699,37.921667914827374
2024-12-31,BMW San Luis Potosi,DeepAR,23,187.47311827956986,200.56395286333657
2024-01-31,BYD Camacari,DeepAR,42,263.2258064516129,271.4152534145421
2024-01-31,Tesla Gigafactory Nevada,DeepAR,42,93.5994623655914,88.21153915796864
2024-01-31,Tesla Gigafactory Texas,DeepAR,42,133.8051075268817,137.72770792694502
2024-01-31,Hyundai Metaplant Georgia,DeepAR,42,128.3319892473118,112.89395986708702
2024-01-31,Rivian Normal,DeepAR,42,66.06854838709677,72.49704327762768
2024-01-31,Tesla Fremont Factory,DeepAR,42,90.82392473118279,81.30956713187321
2024-01-31,Lucid AMP 1 Casa Grande,DeepAR,42,137.9798387096774,127.86559440347527
2024-01-31,GM Factory Zero,DeepAR,42,42.969086021505376,67.73448885428289
2024-01-31,Ford Rouge Electric Vehicle Center,DeepAR,42,41.924731182795696,65.38509237476521
2024-01-31,BMW San Luis Potosi,DeepAR,42,183.4516129032258,181.36642024498835
2024-02-29,BYD Camacari,DeepAR,42,250.05172413793105,264.23463397825594
2024-02-29,Tesla Gigafactory Nevada,DeepAR,42,140.06896551724137,135.8941000312006
2024-02-29,Tesla Gigafactory Texas,DeepAR,42,158.33908045977012,158.09157348668543
2024-02-29,Hyundai Metaplant Georgia,DeepAR,42,153.75574712643677,143.47910589832935
2024-02-29,Rivian Normal,DeepAR,42,147.78735632183907,112.62847693308547
2024-02-29,Tesla Fremont Factory,DeepAR,42,126.60632183908045,134.53497579935902
2024-02-29,Lucid AMP 1 Casa Grande,DeepAR,42,176.53879310344828,182.99286678830984
2024-02-29,GM Factory Zero,DeepAR,42,114.36637931034483,109.59032397578508
2024-02-29,Ford Rouge Electric Vehicle Center,DeepAR,42,114.98132183908045,106.0697538703246
2024-02-29,BMW San Luis Potosi,DeepAR,42,230.89511494252872,242.32629700653976
2024-03-31,BYD Camacari,DeepAR,42,266.5255376344086,231.1668394020889
2024-03-31,Tesla Gigafactory Nevada,DeepAR,42,192.7016129032258,175.62680455664218
2024-03-31,Tesla Gigafactory Texas,DeepAR,42,188.81854838709677,175.10866394510833
2024-03-31,Hyundai Metaplant Georgia,DeepAR,42,187.87231182795696,183.07343471158416
2024-03-31,Rivian Normal,DeepAR,42,173.11693548387098,144.9308016849782
2024-03-31,Tesla Fremont Factory,DeepAR,42,189.37231182795696,166.00913870426888
2024-03-31,Lucid AMP 1 Casa Grande,DeepAR,42,233.08602150537632,222.79774183213752
2024-03-31,GM Factory Zero,DeepAR,42,134.98387096774192,140.6785446807582
2024-03-31,Ford Rouge Electric Vehicle Center,DeepAR,42,135.19220430107526,134.97917071397092
2024-03-31,BMW San Luis Potosi,DeepAR,42,295.6760752688172,289.67800267942005
2024-04-30,BYD Camacari,DeepAR,42,184.0097222222222,191.8384033410099
2024-04-30,Tesla Gigafactory Nevada,DeepAR,42,278.4597222222222,281.80469873953865
2024-04-30,Tesla Gigafactory Texas,DeepAR,42,216.54722222222225,218.75406776745155
2024-04-30,Hyundai Metaplant Georgia,DeepAR,42,263.20138888888886,240.9822321751265
2024-04-30,Rivian Normal,DeepAR,42,193.85833333333332,229.3536516127968
2024-04-30,Tesla Fremont Factory,DeepAR,42,268.85,264.243250194228
2024-04-30,Lucid AMP 1 Casa Grande,DeepAR,42,319.31111111111113,308.3953828289424
2024-04-30,GM Factory Zero,DeepAR,42,204.275,185.90448748208183
2024-04-30,Ford Rouge Electric Vehicle Center,DeepAR,42,201.80972222222223,182.71820319452615
2024-04-30,BMW San Luis Potosi,DeepAR,42,316.1097222222222,304.4940427099104
2024-05-31,BYD Camacari,DeepAR,42,190.63709677419354,160.61677654808068
2024-05-31,Tesla Gigafactory Nevada,DeepAR,42,338.80779569892474,268.28458754633516
2024-05-31,Tesla Gigafactory Texas,DeepAR,42,229.73655913978493,238.55140496037342
2024-05-31,Hyundai Metaplant Georgia,DeepAR,42,257.39381720430106,234.21859085992457
2024-05-31,Rivian Normal,DeepAR,42,264.4139784946237,204.64129782584246
2024-05-31,Tesla Fremont Factory,DeepAR,42,329.3817204301075,285.2351641472576
2024-05-31,Lucid AMP 1 Casa Grande,DeepAR,42,350.38440860215053,334.8114695306667
2024-05-31,GM Factory Zero,DeepAR,42,249.9543010752688,279.54823780204555
2024-05-31,Ford Rouge Electric Vehicle Center,DeepAR,42,252.0793010752688,272.99145792410656
2024-05-31,BMW San Luis Potosi,DeepAR,42,320.3938172043011,309.2270797771472
2024-06-30,BYD Camacari,DeepAR,42,180.60694444444442,173.1300736340464
2024-06-30,Tesla Gigafactory Nevada,DeepAR,42,351.66805555555555,329.271821387048
2024-06-30,Tesla Gigafactory Texas,DeepAR,42,297.1555555555555,302.3393069524118
2024-06-30,Hyundai Metaplant Georgia,DeepAR,42,283.19305555555553,271.1440293680756
2024-06-30,Rivian Normal,DeepAR,42,280.38194444444446,271.56994184459086
2024-06-30,Tesla Fremont Factory,DeepAR,42,351.7125,314.01705230700657
2024-06-30,Lucid AMP 1 Casa Grande,DeepAR,42,331.58194444444445,344.7006949693846
2024-06-30,GM Factory Zero,DeepAR,42,248.35,256.507693053539
2024-06-30,Ford Rouge Electric Vehicle Center,DeepAR,42,250.30694444444444,255.65638626498367
2024-06-30,BMW San Luis Potosi,DeepAR,42,274.2277777777778,303.7810509253333
2024-07-31,BYD Camacari,DeepAR,42,203.36559139784944,199.64044720701554
2024-07-31,Tesla Gigafactory Nevada,DeepAR,42,329.9233870967742,334.7891162589126
2024-07-31,Tesla Gigafactory Texas,DeepAR,42,269.8413978494624,310.13990056026046
2024-07-31,Hyundai Metaplant Georgia,DeepAR,42,245.24059139784944,248.4782902282733
2024-07-31,Rivian Normal,DeepAR,42,270.79569892473114,279.8417135933715
2024-07-31,Tesla Fremont Factory,DeepAR,42,339.43817204301075,337.2085939303281
2024-07-31,Lucid AMP 1 Casa Grande,DeepAR,42,324.9180107526882,307.38669989085406
2024-07-31,GM Factory Zero,DeepAR,42,255.46505376344084,238.6643637319753
2024-07-31,Ford Rouge Electric Vehicle Center,DeepAR,42,255.49193548387098,239.92020515237652
2024-07-31,BMW San Luis Potosi,DeepAR,42,240.14650537634407,299.725270246466
2024-08-31,BYD Camacari,DeepAR,42,224.1491935483871,221.97956282541318
2024-08-31,Tesla Gigafactory Nevada,DeepAR,42,303.0147849462366,273.5624941505305
2024-08-31,Tesla Gigafactory Texas,DeepAR,42,286.88440860215053,300.0443406065786
2024-08-31,Hyundai Metaplant Georgia,DeepAR,42,234.99193548387098,226.7711927172157
2024-08-31,Rivian Normal,DeepAR,42,251.71774193548387,232.0882528708667
2024-08-31,Tesla Fremont Factory,DeepAR,42,300.78629032258067,279.98193316798404
2024-08-31,Lucid AMP 1 Casa Grande,DeepAR,42,283.14516129032256,278.36369733487567
2024-08-31,GM Factory Zero,DeepAR,42,228.71236559139783,211.83827042068793
2024-08-31,Ford Rouge Electric Vehicle Center,DeepAR,42,227.54973118279568,211.37233404522777
2024-08-31,BMW San Luis Potosi,DeepAR,42,270.51747311827955,276.32704384693056
2024-09-30,BYD Camacari,DeepAR,42,248.18888888888887,262.9653609599718
2024-09-30,Tesla Gigafactory Nevada,DeepAR,42,247.60833333333332,221.0391383035876
2024-09-30,Tesla Gigafactory Texas,DeepAR,42,242.84305555555554,242.7189752148685
2024-09-30,Hyundai Metaplant Georgia,DeepAR,42,181.27916666666667,221.98733826846845
2024-09-30,Rivian Normal,DeepAR,42,206.58333333333334,184.47717867739578
2024-09-30,Tesla Fremont Factory,DeepAR,42,249.20416666666668,224.60629430495229
2024-09-30,Lucid AMP 1 Casa Grande,DeepAR,42,274.7944444444445,246.38503781845895
2024-09-30,GM Factory Zero,DeepAR,42,188.0097222222222,163.22426210284289
2024-09-30,Ford Rouge Electric Vehicle Center,DeepAR,42,189.1625,160.67001126119095
2024-09-30,BMW San Luis Potosi,DeepAR,42,214.35277777777776,243.55852024545595
2024-10-31,BYD Camacari,DeepAR,42,267.252688172043,225.35670067950764
2024-10-31,Tesla Gigafactory Nevada,DeepAR,42,177.8709677419355,192.76990428585628
2024-10-31,Tesla Gigafactory Texas,DeepAR,42,215.73655913978493,198.6527748370283
2024-10-31,Hyundai Metaplant Georgia,DeepAR,42,191.76209677419354,189.1885809621183
2024-10-31,Rivian Normal,DeepAR,42,167.65994623655914,131.9552925895419
2024-10-31,Tesla Fremont Factory,DeepAR,42,190.11021505376343,186.07527981058337
2024-10-31,Lucid AMP 1 Casa Grande,DeepAR,42,219.50134408602148,222.474946254616
2024-10-31,GM Factory Zero,DeepAR,42,146.7271505376344,121.50198572403667
2024-10-31,Ford Rouge Electric Vehicle Center,DeepAR,42,147.20833333333331,119.34881434937785
2024-10-31,BMW San Luis Potosi,DeepAR,42,225.2016129032258,208.74471142040866
2024-11-30,BYD Camacari,DeepAR,42,253.79722222222225,236.74744549734137
2024-11-30,Tesla Gigafactory Nevada,DeepAR,42,117.06805555555555,136.6943660952311
2024-11-30,Tesla Gigafactory Texas,DeepAR,42,151.6361111111111,130.63825011161225
2024-11-30,Hyundai Metaplant Georgia,DeepAR,42,128.38888888888889,141.55492235049206
2024-11-30,Rivian Normal,DeepAR,42,75.10833333333333,92.23263072409738
2024-11-30,Tesla Fremont Factory,DeepAR,42,119.65277777777779,134.19860851951643
2024-11-30,Lucid AMP 1 Casa Grande,DeepAR,42,163.96944444444443,168.6705144938332
2024-11-30,GM Factory Zero,DeepAR,42,64.27777777777777,80.69383945497734
2024-11-30,Ford Rouge Electric Vehicle Center,DeepAR,42,66.01666666666667,75.7514670313466
2024-11-30,BMW San Luis Potosi,DeepAR,42,215.38194444444443,199.78027247240948
2024-12-31,BYD Camacari,DeepAR,42,302.8521505376344,248.67006085168128
2024-12-31,Tesla Gigafactory Nevada,DeepAR,42,95.06854838709677,82.1948560131721
2024-12-31,Tesla Gigafactory Texas,DeepAR,42,115.30107526881721,114.08120012557714
2024-12-31,Hyundai Metaplant Georgia,DeepAR,42,124.73924731182795,109.50258501659158
2024-12-31,Rivian Normal,DeepAR,42,61.30510752688172,53.84542510217564
2024-12-31,Tesla Fremont Factory,DeepAR,42,91.68279569892472,81.15221636494496
2024-12-31,Lucid AMP 1 Casa Grande,DeepAR,42,143.70698924731184,126.4161669393726
2024-12-31,GM Factory Zero,DeepAR,42,45.26478494623656,39.36411241767731
2024-12-31,Ford Rouge Electric Vehicle Center,DeepAR,42,43.62231182795699,37.03069509935647
2024-12-31,BMW San Luis Potosi,DeepAR,42,187.47311827956986,195.0414682422434
2024-01-31,BYD Camacari,DeepAR,67,263.2258064516129,270.2360391804688
2024-01-31,Tesla Gigafactory Nevada,DeepAR,67,93.5994623655914,96.38329935941968
2024-01-31,Tesla Gigafactory Texas,DeepAR,67,133.8051075268817,135.51720708083883
2024-01-31,Hyundai Metaplant Georgia,DeepAR,67,128.3319892473118,114.80583614846992
2024-01-31,Rivian Normal,DeepAR,67,66.06854838709677,77.70065683318724
2024-01-31,Tesla Fremont Factory,DeepAR,67,90.82392473118279,94.42560542229441
2024-01-31,Lucid AMP 1 Casa Grande,DeepAR,67,137.9798387096774,134.58260126588215
2024-01-31,GM Factory Zero,DeepAR,67,42.969086021505376,66.45205133924908
2024-01-31,Ford Rouge Electric Vehicle Center,DeepAR,67,41.924731182795696,69.02281909468367
2024-01-31,BMW San Luis Potosi,DeepAR,67,183.4516129032258,206.8819207128498
2024-02-29,BYD Camacari,DeepAR,67,250.05172413793105,243.61395388437057
2024-02-29,Tesla Gigafactory Nevada,DeepAR,67,140.06896551724137,133.13685577300788
2024-02-29,Tesla Gigafactory Texas,DeepAR,67,158.33908045977012,154.55393392566634
2024-02-29,Hyundai Metaplant Georgia,DeepAR,67,153.75574712643677,140.50286881369288
2024-02-29,Rivian Normal,DeepAR,67,147.78735632183907,128.85777879121804
2024-02-29,Tesla Fremont Factory,DeepAR,67,126.60632183908045,143.58558942091727
2024-02-29,Lucid AMP 1 Casa Grande,DeepAR,67,176.53879310344828,190.60420077021126
2024-02-29,GM Factory Zero,DeepAR,67,114.36637931034483,119.11891270254782
2024-02-29,Ford Rouge Electric Vehicle Center,DeepAR,67,114.98132183908045,119.99944281554028
2024-02-29,BMW San Luis Potosi,DeepAR,67,230.89511494252872,257.1143534549622
2024-03-31,BYD Camacari,DeepAR,67,266.5255376344086,222.67019174618505
2024-03-31,Tesla Gigafactory Nevada,DeepAR,67,192.7016129032258,176.8545748365649
2024-03-31,Tesla Gigafactory Texas,DeepAR,67,188.81854838709677,184.30385464097384
2024-03-31,Hyundai Metaplant Georgia,DeepAR,67,187.87231182795696,189.24121346212524
2024-03-31,Rivian Normal,DeepAR,67,173.11693548387098,163.85738983648199
2024-03-31,Tesla Fremont Factory,DeepAR,67,189.37231182795696,164.63831961242795
2024-03-31,Lucid AMP 1 Casa Grande,DeepAR,67,233.08602150537632,230.65862177991139
2024-03-31,GM Factory Zero,DeepAR,67,134.98387096774192,145.97041325308248
2024-03-31,Ford Rouge Electric Vehicle Center,DeepAR,67,135.19220430107526,145.74201560998165
2024-03-31,BMW San Luis Potosi,DeepAR,67,295.6760752688172,290.0032811756096
2024-04-30,BYD Camacari,DeepAR,67,184.0097222222222,186.46753240858396
2024-04-30,Tesla Gigafactory Nevada,DeepAR,67,278.4597222222222,269.77090715170175
2024-04-30,Tesla Gigafactory Texas,DeepAR,67,216.54722222222225,216.45701146189884
2024-04-30,Hyundai Metaplant Georgia,DeepAR,67,263.20138888888886,251.33067277834942
2024-04-30,Rivian Normal,DeepAR,67,193.85833333333332,191.04415327054198
2024-04-30,Tesla Fremont Factory,DeepAR,67,268.85,275.4121287997558
2024-04-30,Lucid AMP 1 Casa Grande,DeepAR,67,319.31111111111113,312.81392055798364
2024-04-30,GM Factory Zero,DeepAR,67,204.275,184.1819660945979
2024-04-30,Ford Rouge Electric Vehicle Center,DeepAR,67,201.80972222222223,184.0184451372606
2024-04-30,BMW San Luis Potosi,DeepAR,67,316.1097222222222,293.1212849714743
2024-05-31,BYD Camacari,DeepAR,67,190.63709677419354,159.72922120484654
2024-05-31,Tesla Gigafactory Nevada,DeepAR,67,338.80779569892474,298.9378553669312
2024-05-31,Tesla Gigafactory Texas,DeepAR,67,229.73655913978493,258.3090456235473
2024-05-31,Hyundai Metaplant Georgia,DeepAR,67,257.39381720430106,268.58352004496317
2024-05-31,Rivian Normal,DeepAR,67,264.4139784946237,246.5764521061974
2024-05-31,Tesla Fremont Factory,DeepAR,67,329.3817204301075,290.38421829640464
2024-05-31,Lucid AMP 1 Casa Grande,DeepAR,67,350.38440860215053,344.94033161450216
2024-05-31,GM Factory Zero,DeepAR,67,249.9543010752688,260.2433621242295
2024-05-31,Ford Rouge Electric Vehicle Center,DeepAR,67,252.0793010752688,255.5196446118255
2024-05-31,BMW San Luis Potosi,DeepAR,67,320.3938172043011,305.01078751302697
2024-06-30,BYD Camacari,DeepAR,67,180.60694444444442,182.3610393467249
2024-06-30,Tesla Gigafactory Nevada,DeepAR,67,351.66805555555555,337.8317463849808
2024-06-30,Tesla Gigafactory Texas,DeepAR,67,297.1555555555555,311.2808470506502
2024-06-30,Hyundai Metaplant Georgia,DeepAR,67,283.19305555555553,280.54511371639467
2024-06-30,Rivian Normal,DeepAR,67,280.38194444444446,236.55914614978497
2024-06-30,Tesla Fremont Factory,DeepAR,67,351.7125,332.47076804892936
2024-06-30,Lucid AMP 1 Casa Grande,DeepAR,67,331.58194444444445,348.3901076440289
2024-06-30,GM Factory Zero,DeepAR,67,248.35,257.5369423480257
2024-06-30,Ford Rouge Electric Vehicle Center,DeepAR,67,250.30694444444444,253.6600386836035
2024-06-30,BMW San Luis Potosi,DeepAR,67,274.2277777777778,325.7962089195367
2024-07-31,BYD Camacari,DeepAR,67,203.36559139784944,195.1853326487365
2024-07-31,Tesla Gigafactory Nevada,DeepAR,67,329.9233870967742,339.2652163762159
2024-07-31,Tesla Gigafactory Texas,DeepAR,67,269.8413978494624,311.28338803511156
2024-07-31,Hyundai Metaplant Georgia,DeepAR,67,245.24059139784944,260.03202945426585
2024-07-31,Rivian Normal,DeepAR,67,270.79569892473114,246.27307076511846
2024-07-31,Tesla Fremont Factory,DeepAR,67,339.43817204301075,346.3671673395313
2024-07-31,Lucid AMP 1 Casa Grande,DeepAR,67,324.9180107526882,310.50429888819895
2024-07-31,GM Factory Zero,DeepAR,67,255.46505376344084,255.7094016615475
2024-07-31,Ford Rouge Electric Vehicle Center,DeepAR,67,255.49193548387098,254.05326659517445
2024-07-31,BMW San Luis Potosi,DeepAR,67,240.14650537634407,312.3210167584801
2024-08-31,BYD Camacari,DeepAR,67,224.1491935483871,228.5588938029463
2024-08-31,Tesla Gigafactory Nevada,DeepAR,67,303.0147849462366,270.13335717978043
2024-08-31,Tesla Gigafactory Texas,DeepAR,67,286.88440860215053,284.7361924238904
2024-08-31,Hyundai Metaplant Georgia,DeepAR,67,234.99193548387098,225.68641130882565
2024-08-31,Rivian Normal,DeepAR,67,251.71774193548387,251.8914310969813
2024-08-31,Tesla Fremont Factory,DeepAR,67,300.78629032258067,288.1875089076271
2024-08-31,Lucid AMP 1 Casa Grande,DeepAR,67,283.14516129032256,286.6543913400502
2024-08-31,GM Factory Zero,DeepAR,67,228.71236559139783,224.57735448516237
2024-08-31,Ford Rouge Electric Vehicle Center,DeepAR,67,227.54973118279568,224.69495046646813
2024-08-31,BMW San Luis Potosi,DeepAR,67,270.51747311827955,265.4369240968378
2024-09-30,BYD Camacari,DeepAR,67,248.18888888888887,259.13737380472566
2024-09-30,Tesla Gigafactory Nevada,DeepAR,67,247.60833333333332,229.43783510659546
2024-09-30,Tesla Gigafactory Texas,DeepAR,67,242.84305555555554,226.00046631181112
2024-09-30,Hyundai Metaplant Georgia,DeepAR,67,181.27916666666667,217.81263530014024
2024-09-30,Rivian Normal,DeepAR,67,206.58333333333334,200.4850106258947
2024-09-30,Tesla Fremont Factory,DeepAR,67,249.20416666666668,240.5057571303433
2024-09-30,Lucid AMP 1 Casa Grande,DeepAR,67,274.7944444444445,258.55306482794947
2024-09-30,GM Factory Zero,DeepAR,67,188.0097222222222,169.9858154782952
2024-09-30,Ford Rouge Electric Vehicle Center,DeepAR,67,189.1625,166.36178691515954
2024-09-30,BMW San Luis Potosi,DeepAR,67,214.35277777777776,257.9468154052012
2024-10-31,BYD Camacari,DeepAR,67,267.252688172043,247.81989326055654
2024-10-31,Tesla Gigafactory Nevada,DeepAR,67,177.8709677419355,189.58078240378023
2024-10-31,Tesla Gigafactory Texas,DeepAR,67,215.73655913978493,211.41422451952454
2024-10-31,Hyundai Metaplant Georgia,DeepAR,67,191.76209677419354,185.95314534344982
2024-10-31,Rivian Normal,DeepAR,67,167.65994623655914,129.2601637782589
2024-10-31,Tesla Fremont Factory,DeepAR,67,190.11021505376343,190.1358149548899
2024-10-31,Lucid AMP 1 Casa Grande,DeepAR,67,219.50134408602148,224.77455303042686
2024-10-31,GM Factory Zero,DeepAR,67,146.7271505376344,113.26163346059353
2024-10-31,Ford Rouge Electric Vehicle Center,DeepAR,67,147.20833333333331,115.7295628566475
2024-10-31,BMW San Luis Potosi,DeepAR,67,225.2016129032258,221.2334093484547
2024-11-30,BYD Camacari,DeepAR,67,253.79722222222225,237.25848698523896
2024-11-30,Tesla Gigafactory Nevada,DeepAR,67,117.06805555555555,124.5860032921677
2024-11-30,Tesla Gigafactory Texas,DeepAR,67,151.6361111111111,149.8280283911254
2024-11-30,Hyundai Metaplant Georgia,DeepAR,67,128.38888888888889,126.71349588000487
2024-11-30,Rivian Normal,DeepAR,67,75.10833333333333,86.33474890796609
2024-11-30,Tesla Fremont Factory,DeepAR,67,119.65277777777779,133.12029102868752
2024-11-30,Lucid AMP 1 Casa Grande,DeepAR,67,163.96944444444443,174.73652594452523
2024-11-30,GM Factory Zero,DeepAR,67,64.27777777777777,77.51456046769442
2024-11-30,Ford Rouge Electric Vehicle Center,DeepAR,67,66.01666666666667,75.74264427460896
2024-11-30,BMW San Luis Potosi,DeepAR,67,215.38194444444443,203.92259269986823
2024-12-31,BYD Camacari,DeepAR,67,302.8521505376344,238.03652401248456
2024-12-31,Tesla Gigafactory Nevada,DeepAR,67,95.06854838709677,78.89735120137985
2024-12-31,Tesla Gigafactory Texas,DeepAR,67,115.30107526881721,108.97596183983154
2024-12-31,Hyundai Metaplant Georgia,DeepAR,67,124.73924731182795,108.18921442295834
2024-12-31,Rivian Normal,DeepAR,67,61.30510752688172,49.89277320837323
2024-12-31,Tesla Fremont Factory,DeepAR,67,91.68279569892472,85.96440516216404
2024-12-31,Lucid AMP 1 Casa Grande,DeepAR,67,143.70698924731184,126.31291724138603
2024-12-31,GM Factory Zero,DeepAR,67,45.26478494623656,34.28619522170381
2024-12-31,Ford Rouge Electric Vehicle Center,DeepAR,67,43.62231182795699,34.02429102363216
2024-12-31,BMW San Luis Potosi,DeepAR,67,187.47311827956986,211.55416908095123
2024-01-31,BYD Camacari,DeepAR,89,263.2258064516129,261.2200904789391
2024-01-31,Tesla Gigafactory Nevada,DeepAR,89,93.5994623655914,92.51018824603244
2024-01-31,Tesla Gigafactory Texas,DeepAR,89,133.8051075268817,142.26542179981467
2024-01-31,Hyundai Metaplant Georgia,DeepAR,89,128.3319892473118,114.39616428642103
2024-01-31,Rivian Normal,DeepAR,89,66.06854838709677,74.20556409428177
2024-01-31,Tesla Fremont Factory,DeepAR,89,90.82392473118279,79.64176534916295
2024-01-31,Lucid AMP 1 Casa Grande,DeepAR,89,137.9798387096774,124.59789167650881
2024-01-31,GM Factory Zero,DeepAR,89,42.969086021505376,67.38333844951484
2024-01-31,Ford Rouge Electric Vehicle Center,DeepAR,89,41.924731182795696,64.20990158008465
2024-01-31,BMW San Luis Potosi,DeepAR,89,183.4516129032258,186.67992255291952
2024-02-29,BYD Camacari,DeepAR,89,250.05172413793105,253.17020480206577
2024-02-29,Tesla Gigafactory Nevada,DeepAR,89,140.06896551724137,135.05927687451896
2024-02-29,Tesla Gigafactory Texas,DeepAR,89,158.33908045977012,164.25907955743293
2024-02-29,Hyundai Metaplant Georgia,DeepAR,89,153.75574712643677,141.82942196576585
2024-02-29,Rivian Normal,DeepAR,89,147.78735632183907,120.40953812744189
2024-02-29,Tesla Fremont Factory,DeepAR,89,126.60632183908045,129.2250628137497
2024-02-29,Lucid AMP 1 Casa Grande,DeepAR,89,176.53879310344828,181.64871948642997
2024-02-29,GM Factory Zero,DeepAR,89,114.36637931034483,111.60577660373622
2024-02-29,Ford Rouge Electric Vehicle Center,DeepAR,89,114.98132183908045,108.92962398446468
2024-02-29,BMW San Luis Potosi,DeepAR,89,230.89511494252872,256.49608206801037
2024-03-31,BYD Camacari,DeepAR,89,266.5255376344086,240.471815250133
2024-03-31,Tesla Gigafactory Nevada,DeepAR,89,192.7016129032258,176.12736414611527
2024-03-31,Tesla Gigafactory Texas,DeepAR,89,188.81854838709677,180.42379042582328
2024-03-31,Hyundai Metaplant Georgia,DeepAR,89,187.87231182795696,159.49061090931775
2024-03-31,Rivian Normal,DeepAR,89,173.11693548387098,152.31209456820483
2024-03-31,Tesla Fremont Factory,DeepAR,89,189.37231182795696,165.0490656570201
2024-03-31,Lucid AMP 1 Casa Grande,DeepAR,89,233.08602150537632,219.74967554104467
2024-03-31,GM Factory Zero,DeepAR,89,134.98387096774192,138.27919883067622
2024-03-31,Ford Rouge Electric Vehicle Center,DeepAR,89,135.19220430107526,135.0853055976932
2024-03-31,BMW San Luis Potosi,DeepAR,89,295.6760752688172,289.82364689222265
2024-04-30,BYD Camacari,DeepAR,89,184.0097222222222,196.29019479854134
2024-04-30,Tesla Gigafactory Nevada,DeepAR,89,278.4597222222222,277.4607144638255
2024-04-30,Tesla Gigafactory Texas,DeepAR,89,216.54722222222225,203.35122979880984
2024-04-30,Hyundai Metaplant Georgia,DeepAR,89,263.20138888888886,230.3964365314572
2024-04-30,Rivian Normal,DeepAR,89,193.85833333333332,223.31191457627762
2024-04-30,Tesla Fremont Factory,DeepAR,89,268.85,279.2518140527096
2024-04-30,Lucid AMP 1 Casa Grande,DeepAR,89,319.31111111111113,319.781760287397
2024-04-30,GM Factory Zero,DeepAR,89,204.275,180.7888272605436
2024-04-30,Ford Rouge Electric Vehicle Center,DeepAR,89,201.80972222222223,181.20809201528334
2024-04-30,BMW San Luis Potosi,DeepAR,89,316.1097222222222,304.14895272487274
2024-05-31,BYD Camacari,DeepAR,89,190.63709677419354,171.24150992424717
2024-05-31,Tesla Gigafactory Nevada,DeepAR,89,338.80779569892474,298.1426202584165
2024-05-31,Tesla Gigafactory Texas,DeepAR,89,229.73655913978493,245.04975673668488
2024-05-31,Hyundai Metaplant Georgia,DeepAR,89,257.39381720430106,270.9858099215774
2024-05-31,Rivian Normal,DeepAR,89,264.4139784946237,223.16793180205008
2024-05-31,Tesla Fremont Factory,DeepAR,89,329.3817204301075,297.9859009890079
2024-05-31,Lucid AMP 1 Casa Grande,DeepAR,89,350.38440860215053,343.22491970625055
2024-05-31,GM Factory Zero,DeepAR,89,249.9543010752688,280.015983044009
2024-05-31,Ford Rouge Electric Vehicle Center,DeepAR,89,252.0793010752688,276.7536860060507
2024-05-31,BMW San Luis Potosi,DeepAR,89,320.3938172043011,321.75663817129146
2024-06-30,BYD Camacari,DeepAR,89,180.60694444444442,171.5836544724041
2024-06-30,Tesla Gigafactory Nevada,DeepAR,89,351.66805555555555,317.6188829642417
2024-06-30,Tesla Gigafactory Texas,DeepAR,89,297.1555555555555,296.6646597564862
2024-06-30,Hyundai Metaplant Georgia,DeepAR,89,283.19305555555553,254.5538974270545
2024-06-30,Rivian Normal,DeepAR,89,280.38194444444446,271.8416898334299
2024-06-30,Tesla Fremont Factory,DeepAR,89,351.7125,315.75674717077266
2024-06-30,Lucid AMP 1 Casa Grande,DeepAR,89,331.58194444444445,357.7583110451137
2024-06-30,GM Factory Zero,DeepAR,89,248.35,262.8476163425513
2024-06-30,Ford Rouge Electric Vehicle Center,DeepAR,89,250.30694444444444,254.4819063657901
2024-06-30,BMW San Luis Potosi,DeepAR,89,274.2277777777778,299.5242542648908
2024-07-31,BYD Camacari,DeepAR,89,203.36559139784944,192.99859351179094
2024-07-31,Tesla Gigafactory Nevada,DeepAR,89,329.9233870967742,345.62144356468247
2024-07-31,Tesla Gigafactory Texas,DeepAR,89,269.8413978494624,306.0730930445816
2024-07-31,Hyundai Metaplant Georgia,DeepAR,89,245.24059139784944,255.14587076328775
2024-07-31,Rivian Normal,DeepAR,89,270.79569892473114,268.1616084941372
2024-07-31,Tesla Fremont Factory,DeepAR,89,339.43817204301075,344.10794353848553
2024-07-31,Lucid AMP 1 Casa Grande,DeepAR,89,324.9180107526882,314.22753139745487
2024-07-31,GM Factory Zero,DeepAR,89,255.46505376344084,238.29279200458987
2024-07-31,Ford Rouge Electric Vehicle Center,DeepAR,89,255.49193548387098,241.58523113173044
2024-07-31,BMW San Luis Potosi,DeepAR,89,240.14650537634407,300.8168109006058
2024-08-31,BYD Camacari,DeepAR,89,224.1491935483871,223.54869290210948
2024-08-31,Tesla Gigafactory Nevada,DeepAR,89,303.0147849462366,272.96057391739635
2024-08-31,Tesla Gigafactory Texas,DeepAR,89,286.88440860215053,279.0846808914856
2024-08-31,Hyundai Metaplant Georgia,DeepAR,89,234.99193548387098,233.49646491116732
2024-08-31,Rivian Normal,DeepAR,89,251.71774193548387,232.3603069889209
2024-08-31,Tesla Fremont Factory,DeepAR,89,300.78629032258067,280.74433629214764
2024-08-31,Lucid AMP 1 Casa Grande,DeepAR,89,283.14516129032256,287.921219000669
2024-08-31,GM Factory Zero,DeepAR,89,228.71236559139783,216.38885738073338
2024-08-31,Ford Rouge Electric Vehicle Center,DeepAR,89,227.54973118279568,214.9257723240375
2024-08-31,BMW San Luis Potosi,DeepAR,89,270.51747311827955,255.21399154882596
2024-09-30,BYD Camacari,DeepAR,89,248.18888888888887,260.58026965723565
2024-09-30,Tesla Gigafactory Nevada,DeepAR,89,247.60833333333332,223.4499246630631
2024-09-30,Tesla Gigafactory Texas,DeepAR,89,242.84305555555554,239.61447662948282
2024-09-30,Hyundai Metaplant Georgia,DeepAR,89,181.27916666666667,214.99773076945735
2024-09-30,Rivian Normal,DeepAR,89,206.58333333333334,187.62898303428165
2024-09-30,Tesla Fremont Factory,DeepAR,89,249.20416666666668,223.80132251596444
2024-09-30,Lucid AMP 1 Casa Grande,DeepAR,89,274.7944444444445,254.21029226553216
2024-09-30,GM Factory Zero,DeepAR,89,188.0097222222222,155.2421774752171
2024-09-30,Ford Rouge Electric Vehicle Center,DeepAR,89,189.1625,152.94459924160242
2024-09-30,BMW San Luis Potosi,DeepAR,89,214.35277777777776,250.71182778946334
2024-10-31,BYD Camacari,DeepAR,89,267.252688172043,236.6106797059377
2024-10-31,Tesla Gigafactory Nevada,DeepAR,89,177.8709677419355,180.97561158116
2024-10-31,Tesla Gigafactory Texas,DeepAR,89,215.73655913978493,189.37369671540074
2024-10-31,Hyundai Metaplant Georgia,DeepAR,89,191.76209677419354,182.96844566569374
2024-10-31,Rivian Normal,DeepAR,89,167.65994623655914,134.96851152181625
2024-10-31,Tesla Fremont Factory,DeepAR,89,190.11021505376343,183.68184415955216
2024-10-31,Lucid AMP 1 Casa Grande,DeepAR,89,219.50134408602148,220.58939036248472
2024-10-31,GM Factory Zero,DeepAR,89,146.7271505376344,127.47958552074957
2024-10-31,Ford Rouge Electric Vehicle Center,DeepAR,89,147.20833333333331,126.75670379208645
2024-10-31,BMW San Luis Potosi,DeepAR,89,225.2016129032258,218.92725339768236
2024-11-30,BYD Camacari,DeepAR,89,253.79722222222225,249.91379097540693
2024-11-30,Tesla Gigafactory Nevada,DeepAR,89,117.06805555555555,120.78189626071989
2024-11-30,Tesla Gigafactory Texas,DeepAR,89,151.6361111111111,129.99100022685906
2024-11-30,Hyundai Metaplant Georgia,DeepAR,89,128.38888888888889,139.8071338525142
2024-11-30,Rivian Normal,DeepAR,89,75.10833333333333,91.12463976233516
2024-11-30,Tesla Fremont Factory,DeepAR,89,119.65277777777779,131.02400876928726
2024-11-30,Lucid AMP 1 Casa Grande,DeepAR,89,163.96944444444443,180.81001671170918
2024-11-30,GM Factory Zero,DeepAR,89,64.27777777777777,72.90325427100623
2024-11-30,Ford Rouge Electric Vehicle Center,DeepAR,89,66.01666666666667,72.86761980200032
2024-11-30,BMW San Luis Potosi,DeepAR,89,215.38194444444443,198.67513987608254
2024-12-31,BYD Camacari,DeepAR,89,302.8521505376344,256.819419234911
2024-12-31,Tesla Gigafactory Nevada,DeepAR,89,95.06854838709677,82.24616665274942
2024-12-31,Tesla Gigafactory Texas,DeepAR,89,115.30107526881721,103.81078828161742
2024-12-31,Hyundai Metaplant Georgia,DeepAR,89,124.73924731182795,109.3787628204051
2024-12-31,Rivian Normal,DeepAR,89,61.30510752688172,49.110348061829626
2024-12-31,Tesla Fremont Factory,DeepAR,89,91.68279569892472,78.49963812087972
2024-12-31,Lucid AMP 1 Casa Grande,DeepAR,89,143.70698924731184,128.6396713513388
2024-12-31,GM Factory Zero,DeepAR,89,45.26478494623656,35.7997378741843
2024-12-31,Ford Rouge Electric Vehicle Center,DeepAR,89,43.62231182795699,34.38336284886975
2024-12-31,BMW San Luis Potosi,DeepAR,89,187.47311827956986,204.69322109048164
